{"type":"FeatureCollection","features":[{"id":"52","type":"Feature","properties":{"COD_IBGE":"1200013","MUNICIPIO":"Acrelândia","UF":"AC"},"geometry":{"type":"Polygon","coordinates":[[[-67.07612229999995,-10.087977699999954],[-67.10027579999996,-10.103834899999981],[-67.12466369999999,-9.969852999999944],[-67.09025089999994,-9.957290099999966],[-67.18510659999998,-9.710018999999932],[-67.19328389999998,-9.704920099999981],[-67.18779959999995,-9.692421499999966],[-67.17280799999997,-9.692245299999968],[-67.17026859999999,-9.685039599999982],[-67.15779099999997,-9.691258199999936],[-67.13498399999997,-9.675918099999933],[-66.62367999999998,-9.903881399999932],[-66.63535299999995,-9.911977099999945],[-66.62652319999995,-9.919195399999978],[-66.63632929999994,-9.92676229999995],[-66.62555759999998,-9.932965799999977],[-66.63700529999994,-9.949853099999928],[-66.65109219999994,-9.935121699999968],[-66.65469979999995,-9.941158599999937],[-66.66307099999995,-9.936952599999927],[-66.66870089999998,-9.959770499999934],[-66.67771309999995,-9.957736299999965],[-66.67563179999996,-9.967636299999981],[-66.69403439999996,-9.966310199999953],[-66.71292519999997,-9.978710199999966],[-66.71816089999999,-9.973440099999948],[-66.72032409999997,-9.98291299999994],[-66.73234039999994,-9.981460199999958],[-66.74167979999999,-9.996606799999938],[-66.76367929999998,-9.999306399999966],[-66.77124309999994,-10.020970999999975],[-66.78975569999994,-10.021805599999936],[-66.80750659999995,-10.037462799999957],[-66.80213679999997,-10.043151799999976],[-66.80717939999994,-10.049210399999936],[-66.83606669999995,-10.06227279999996],[-66.83798179999997,-10.08329939999993],[-66.87449209999994,-10.08128709999994],[-66.87316169999997,-10.10141989999994],[-66.87977069999994,-10.096344599999952],[-66.88475959999994,-10.108692099999928],[-66.88750079999994,-10.099059199999942],[-66.88885259999995,-10.114849899999967],[-66.89861049999996,-10.110989399999937],[-66.89588539999994,-10.122491499999967],[-66.91866809999993,-10.13012759999998],[-66.91122759999996,-10.147411199999965],[-66.92426849999998,-10.143218399999967],[-66.94580659999997,-10.158336299999974],[-66.95353679999994,-10.189002999999957],[-66.95897629999996,-10.191801299999952],[-66.96093429999996,-10.182651299999975],[-66.97400869999996,-10.192087699999945],[-66.97511379999997,-10.185039099999926],[-66.98179519999997,-10.19011039999998],[-66.97449689999996,-10.196089799999982],[-66.99189639999997,-10.203931299999965],[-66.99692819999996,-10.19920609999997],[-66.99326969999998,-10.210324799999967],[-67.00099179999995,-10.217866499999957],[-66.98875019999997,-10.221218799999974],[-66.99902299999997,-10.233112799999958],[-67.00228189999996,-10.229739499999937],[-67.00238749999994,-10.202253199999973],[-67.07595949999995,-10.202418499999965],[-67.07612229999995,-10.087977699999954]]]}},{"id":"53","type":"Feature","properties":{"COD_IBGE":"1200054","MUNICIPIO":"Assis Brasil","UF":"AC"},"geometry":{"type":"Polygon","coordinates":[[[-69.66475619999994,-10.859586299999933],[-69.65669709999997,-10.863584599999967],[-69.63774939999996,-10.845578799999942],[-69.59202899999997,-10.864353199999925],[-69.56666279999996,-10.857738799999936],[-69.55274339999994,-10.87377559999993],[-69.52086009999994,-10.848177599999929],[-69.48481529999998,-10.793834999999945],[-69.49787189999995,-10.749228899999935],[-69.49443959999996,-10.697680999999932],[-69.46712039999994,-10.710673099999951],[-69.43108919999997,-10.702201999999943],[-69.42141149999998,-10.691015899999968],[-69.42358159999998,-10.713387799999964],[-69.39272219999998,-10.732083299999942],[-69.39004259999996,-10.826260399999967],[-69.42488789999999,-10.934873599999946],[-69.45233769999999,-10.936664399999927],[-69.45390679999997,-10.949449799999968],[-69.47427009999996,-10.94438839999998],[-69.47803059999995,-10.95493769999996],[-69.49290609999997,-10.951456399999927],[-69.50163399999997,-10.935934999999972],[-69.50830729999996,-10.943824799999959],[-69.52243719999996,-10.935834899999975],[-69.54029539999993,-10.937625699999955],[-69.54077279999996,-10.951145699999927],[-69.54742999999996,-10.95354199999997],[-69.58484149999998,-10.940048399999966],[-69.59114999999997,-10.948254199999951],[-69.59641249999999,-10.940938599999981],[-69.61138459999995,-10.947000699999933],[-69.60938369999997,-10.958724399999937],[-69.61959219999994,-10.95005539999994],[-69.63378109999996,-10.957897499999945],[-69.65899379999996,-10.952978499999972],[-69.66865509999997,-10.962563699999976],[-69.68191059999998,-10.961289199999953],[-69.69833649999998,-10.972933299999966],[-69.70058949999998,-10.965518199999963],[-69.71625899999998,-10.976788299999953],[-69.72313079999998,-10.964717699999937],[-69.73981419999996,-10.974723899999958],[-69.73927769999995,-10.965449699999965],[-69.75990389999998,-10.93937429999994],[-69.77429129999996,-10.939379499999973],[-69.76967249999996,-10.92947229999993],[-69.79381239999998,-10.934259999999938],[-69.81201389999995,-10.925595599999951],[-69.83279559999994,-10.933717499999943],[-69.83215189999999,-10.928192399999944],[-69.85056259999993,-10.923778499999969],[-69.85905439999993,-10.934323199999938],[-69.86204239999995,-10.926001199999973],[-69.87372609999994,-10.930609999999945],[-69.90114369999998,-10.920012399999962],[-69.92164109999999,-10.933127599999978],[-69.93366279999998,-10.92111319999998],[-69.95493269999997,-10.927760499999977],[-69.95520629999999,-10.936161399999946],[-69.96233559999996,-10.93468669999993],[-69.95798499999995,-10.939616599999965],[-69.97468979999996,-10.948812499999974],[-69.98225369999994,-10.942186799999945],[-69.98483929999998,-10.955148299999962],[-69.99502099999995,-10.949581399999943],[-69.99785339999994,-10.96316939999997],[-70.00698899999998,-10.961078499999928],[-70.02768489999994,-10.977672999999982],[-70.03775929999995,-10.970705599999974],[-70.03750179999997,-10.97926339999998],[-70.06406099999998,-10.987088899999947],[-70.06480129999994,-10.993713599999978],[-70.09247099999999,-10.985424799999976],[-70.09503519999998,-10.996004299999981],[-70.10911679999998,-10.995461899999952],[-70.10734649999995,-11.006767599999932],[-70.15601249999997,-11.032784499999934],[-70.15846409999995,-11.04239339999998],[-70.17700889999998,-11.039760899999976],[-70.19935169999997,-11.054655599999933],[-70.24167159999996,-11.047005599999977],[-70.30829359999996,-11.070576199999948],[-70.34495939999994,-11.067111999999952],[-70.35386429999994,-11.058935899999938],[-70.37617229999995,-11.059538699999962],[-70.38548219999996,-11.047563699999955],[-70.43783889999997,-11.039002699999969],[-70.45279759999994,-10.996533499999941],[-70.52943619999996,-10.931074999999964],[-70.62100659999999,-10.999641099999963],[-70.62088029999995,-10.705489199999931],[-70.61888049999999,-10.713810599999931],[-70.59972179999994,-10.697219599999926],[-70.57832739999998,-10.703643499999941],[-70.57060369999994,-10.690841299999931],[-70.55457479999995,-10.687646899999947],[-70.52253849999994,-10.700097599999935],[-70.53460849999993,-10.704082599999936],[-70.53359999999998,-10.712041799999952],[-70.52600389999998,-10.71946319999995],[-70.51426659999998,-10.717291599999953],[-70.50833359999996,-10.727801499999941],[-70.50192839999994,-10.71433989999997],[-70.48451759999995,-10.724723799999936],[-70.46608929999996,-10.715418099999965],[-70.45981779999994,-10.701320499999952],[-70.45786509999994,-10.713359499999967],[-70.44626719999997,-10.710196999999937],[-70.44279789999996,-10.720315099999937],[-70.43518779999994,-10.714332899999931],[-70.42284349999994,-10.724716999999941],[-70.42006949999995,-10.710100499999953],[-70.40082729999995,-10.725775099999964],[-70.38271099999997,-10.720226899999943],[-70.38016069999998,-10.731628499999943],[-70.36648759999997,-10.73041569999998],[-70.36497479999997,-10.713338399999941],[-70.34169329999997,-10.71760779999994],[-70.34309869999998,-10.704852099999925],[-70.33330329999995,-10.707772299999931],[-70.32898619999997,-10.719955599999935],[-70.32493479999994,-10.71291679999996],[-70.31413089999995,-10.714086899999927],[-70.30707159999997,-10.699872399999947],[-70.28650689999995,-10.696243699999968],[-70.27631939999998,-10.708710099999962],[-70.27471869999994,-10.693035599999973],[-70.27118499999995,-10.707095899999956],[-70.25768769999996,-10.71404119999994],[-70.25158329999994,-10.697566299999949],[-70.21942709999996,-10.68506599999995],[-70.20683859999997,-10.701873299999932],[-70.20167029999993,-10.689508599999954],[-70.17876549999994,-10.690743099999963],[-70.17608639999997,-10.673752699999966],[-70.16606179999997,-10.673467799999969],[-70.16248059999998,-10.665030299999955],[-70.15167589999999,-10.673542399999974],[-70.13134679999996,-10.65405949999996],[-70.12242329999998,-10.656381899999928],[-70.12224569999995,-10.638840699999946],[-70.10789089999997,-10.647858699999972],[-70.10183099999995,-10.64041489999994],[-70.09102469999993,-10.651643999999976],[-70.07856959999998,-10.63373919999998],[-70.06760259999999,-10.633897699999977],[-70.07031809999995,-10.616243199999928],[-70.05579119999999,-10.618636999999978],[-70.05104909999994,-10.608555699999954],[-70.04073059999996,-10.615692699999954],[-70.04475129999997,-10.606499299999939],[-70.00603719999998,-10.582183099999952],[-69.99447589999994,-10.583730699999933],[-69.99772679999995,-10.575061499999947],[-69.99154699999997,-10.571064299999932],[-69.97705969999998,-10.586410899999976],[-69.96663289999998,-10.574544599999967],[-69.95790939999995,-10.580292699999973],[-69.93971879999998,-10.56643379999997],[-69.93043819999997,-10.548973299999943],[-69.92260349999998,-10.561730299999965],[-69.90564819999997,-10.54402559999994],[-69.89852119999995,-10.558864999999969],[-69.88848579999996,-10.553883199999973],[-69.87457059999997,-10.562200299999972],[-69.86402729999998,-10.540421599999945],[-69.83275199999997,-10.540757799999938],[-69.83256879999993,-10.509383199999945],[-69.79853139999994,-10.505403599999966],[-69.80737699999997,-10.486068099999954],[-69.78890889999997,-10.476291899999978],[-69.78535799999997,-10.461483099999953],[-69.75828819999998,-10.46345279999997],[-69.75856829999998,-10.45613869999994],[-69.74291019999998,-10.44702209999997],[-69.73013879999996,-10.45498669999995],[-69.71495049999999,-10.444754199999977],[-69.70608679999998,-10.447898499999951],[-69.70978679999996,-10.437706699999978],[-69.69699729999996,-10.432226799999967],[-69.68795749999998,-10.43792579999996],[-69.68320039999998,-10.41146139999995],[-69.67543459999996,-10.42809989999995],[-69.66983269999997,-10.418852299999969],[-69.66447929999998,-10.427322899999979],[-69.65641979999998,-10.422073399999931],[-69.64598409999996,-10.429834699999958],[-69.65042359999995,-10.420462199999974],[-69.63425619999998,-10.404309999999953],[-69.62668469999994,-10.405638199999942],[-69.63060749999994,-10.396075799999949],[-69.61104909999995,-10.394380199999944],[-69.61727149999996,-10.384953099999962],[-69.59279779999997,-10.37728999999996],[-69.59214729999997,-10.370176899999933],[-69.56205069999999,-10.388568299999974],[-69.54055569999997,-10.419335699999976],[-69.54512339999997,-10.447414199999969],[-69.53538839999999,-10.460370699999942],[-69.53331029999998,-10.483740999999952],[-69.50787529999997,-10.50500089999997],[-69.51086719999995,-10.55648789999998],[-69.55122679999994,-10.61596579999997],[-69.65212339999994,-10.689661299999955],[-69.67053539999995,-10.731273899999962],[-69.75568429999998,-10.74144999999993],[-69.77788949999996,-10.781872599999929],[-69.72813179999997,-10.828380599999946],[-69.68340169999993,-10.827859199999978],[-69.66686849999996,-10.836743099999978],[-69.66475619999994,-10.859586299999933]]]}},{"id":"54","type":"Feature","properties":{"COD_IBGE":"1200104","MUNICIPIO":"Brasiléia","UF":"AC"},"geometry":{"type":"Polygon","coordinates":[[[-68.73925249999996,-11.009906199999932],[-68.75050969999995,-11.019109999999955],[-68.75277459999995,-11.007907599999953],[-68.76243059999996,-11.018333599999949],[-68.75742019999996,-11.000029999999981],[-68.77030559999997,-11.006928199999948],[-68.78012249999995,-10.998155399999973],[-68.78824419999995,-11.014752999999928],[-68.78956109999996,-11.000130099999978],[-68.79886839999995,-10.997657799999956],[-68.79242039999997,-10.99009579999995],[-68.81160349999993,-10.99431919999995],[-68.80375269999996,-11.001198999999929],[-68.82741249999998,-11.006691299999943],[-68.82667219999996,-10.996125399999926],[-68.83392759999998,-10.992539299999976],[-68.84177839999995,-11.001794099999927],[-68.84413869999997,-10.991501899999946],[-68.86041439999997,-11.004829799999982],[-68.85989129999996,-11.01636949999994],[-68.88316759999998,-11.00839469999994],[-68.88454889999997,-11.016251099999977],[-68.87573249999997,-11.015016299999957],[-68.88001859999997,-11.021374399999956],[-68.89584899999994,-11.006077799999957],[-68.91045369999995,-11.022129999999947],[-68.92070239999998,-11.013152299999945],[-68.92525409999996,-11.018028199999947],[-68.93334899999996,-11.004808799999978],[-68.94754329999995,-11.012238699999955],[-68.94749229999996,-11.004121599999962],[-68.95713479999995,-11.001509699999929],[-68.95294519999999,-10.989716699999974],[-68.96815339999995,-10.98743909999996],[-68.98731509999993,-10.997997399999974],[-68.98393279999993,-11.008284099999969],[-68.99242199999998,-11.011577799999941],[-68.99552529999994,-11.003076299999975],[-69.00171309999996,-11.00896339999997],[-69.01563649999997,-11.00214429999994],[-69.01118669999994,-10.992491899999948],[-69.02475599999997,-10.993026399999962],[-69.02635189999995,-10.982446799999934],[-69.03422419999998,-10.986235799999974],[-69.03863109999998,-10.976740899999982],[-69.04924189999997,-10.981267199999934],[-69.05142789999996,-10.974399999999946],[-69.06135469999998,-10.985717099999931],[-69.07165439999994,-10.96681639999997],[-69.07823659999997,-10.97599299999996],[-69.08719249999996,-10.96975509999993],[-69.10259639999998,-10.981101299999978],[-69.11266539999997,-10.97104799999994],[-69.12102049999999,-10.981074999999976],[-69.12247159999998,-10.966434599999957],[-69.13695279999996,-10.974492099999964],[-69.13857549999994,-10.96795389999994],[-69.15126509999993,-10.97099529999997],[-69.14421089999996,-10.963466899999958],[-69.15583289999995,-10.964675599999964],[-69.15205899999995,-10.954566399999976],[-69.16280129999996,-10.96583419999996],[-69.18642879999999,-10.94780389999994],[-69.21561129999998,-10.958353099999954],[-69.23317439999994,-10.93979829999995],[-69.24066849999997,-10.951490599999943],[-69.25783459999997,-10.946676799999977],[-69.25184789999997,-10.93907669999993],[-69.27149779999996,-10.941615399999932],[-69.27464669999995,-10.954913999999974],[-69.28298299999994,-10.943527199999949],[-69.28692049999995,-10.94986849999998],[-69.30449969999995,-10.948356899999965],[-69.32539949999995,-10.935647899999935],[-69.32828549999994,-10.94974209999998],[-69.33653599999997,-10.940751599999942],[-69.34235639999997,-10.952270099999964],[-69.34519419999998,-10.938565799999935],[-69.35505399999994,-10.93606399999993],[-69.35560109999994,-10.94544959999996],[-69.37397959999998,-10.940519799999947],[-69.37544409999998,-10.95618849999994],[-69.38697219999995,-10.933893999999952],[-69.39570009999994,-10.93523179999994],[-69.39317349999999,-10.945760399999926],[-69.40127379999996,-10.93017539999994],[-69.41193289999995,-10.937996999999939],[-69.41444339999998,-10.926251399999956],[-69.42350789999995,-10.926635899999951],[-69.39004259999996,-10.826260399999967],[-69.39272219999998,-10.732083299999942],[-69.42358159999998,-10.713387799999964],[-69.42141149999998,-10.691015899999968],[-69.43108919999997,-10.702201999999943],[-69.46613919999999,-10.71056909999993],[-69.47802479999996,-10.701313199999959],[-69.49792719999994,-10.70038169999998],[-69.49787189999995,-10.749228899999935],[-69.48481529999998,-10.793834999999945],[-69.52086009999994,-10.848177599999929],[-69.55274339999994,-10.87377559999993],[-69.56666279999996,-10.857738799999936],[-69.59202899999997,-10.864353199999925],[-69.63774939999996,-10.845578799999942],[-69.65735269999993,-10.863559499999951],[-69.66480309999997,-10.859503699999948],[-69.66686849999996,-10.836743099999978],[-69.68340169999993,-10.827859199999978],[-69.72813179999997,-10.828380599999946],[-69.77788949999996,-10.781872599999929],[-69.75568429999998,-10.74144999999993],[-69.67053539999995,-10.731273899999962],[-69.65212339999994,-10.689661299999955],[-69.55122679999994,-10.61596579999997],[-69.51086719999995,-10.55648789999998],[-69.50787529999997,-10.50500089999997],[-69.34180819999995,-10.485328999999979],[-69.32295919999996,-10.472045099999946],[-69.28800719999998,-10.47024799999997],[-69.24737579999999,-10.453763899999956],[-69.24649159999996,-10.436742399999957],[-69.22112549999997,-10.415255599999966],[-69.19570119999997,-10.412346299999967],[-69.18270539999997,-10.398733299999947],[-69.15163569999999,-10.39890779999996],[-69.14939809999998,-10.38501649999995],[-69.13156349999997,-10.385027999999977],[-69.12877839999999,-10.402117699999962],[-69.13971309999994,-10.434789199999955],[-69.16835009999994,-10.476514699999939],[-69.16363159999997,-10.508692199999928],[-69.11829729999994,-10.524969299999952],[-69.10285919999995,-10.55375129999993],[-69.08555849999993,-10.559428499999967],[-69.08220129999995,-10.578637999999955],[-69.06628179999996,-10.590263799999946],[-69.05181179999994,-10.583927899999935],[-69.00164739999997,-10.587090799999942],[-68.97968579999997,-10.574314399999935],[-68.97084919999998,-10.584208199999978],[-68.92880169999995,-10.575360399999965],[-68.90372419999994,-10.579488699999956],[-68.90788609999998,-10.603536199999951],[-68.92613579999994,-10.616275099999939],[-68.91342219999996,-10.637681099999952],[-68.93158029999995,-10.67608249999995],[-68.94830549999995,-10.676278399999944],[-68.94763649999999,-10.711669899999947],[-68.95682819999996,-10.730539999999962],[-68.97796819999996,-10.743458199999964],[-68.97646719999995,-10.769963699999948],[-68.90659189999997,-10.776928899999973],[-68.88098879999995,-10.767090999999937],[-68.87756699999994,-10.758067299999936],[-68.85283159999994,-10.757821399999955],[-68.83484229999993,-10.739541499999973],[-68.78643829999999,-10.833205799999973],[-68.78444949999994,-10.868808899999976],[-68.73584639999996,-10.896249799999964],[-68.68669309999996,-10.937408999999946],[-68.68780099999998,-10.968266399999948],[-68.71694059999999,-10.978461999999979],[-68.72595279999996,-10.973006099999964],[-68.72717589999996,-10.982822399999975],[-68.71749849999998,-10.991269199999977],[-68.72704709999994,-11.002559299999973],[-68.73455189999999,-10.987040599999943],[-68.74221229999995,-10.991564099999948],[-68.73925249999996,-11.009906199999932]]]}},{"id":"55","type":"Feature","properties":{"COD_IBGE":"1200138","MUNICIPIO":"Bujari","UF":"AC"},"geometry":{"type":"Polygon","coordinates":[[[-67.83394179999993,-9.821664299999952],[-67.82529029999995,-9.85152409999995],[-67.82936409999996,-9.869881799999973],[-67.85398809999998,-9.857872499999928],[-67.86576139999994,-9.84144079999993],[-67.91928259999997,-9.846560999999951],[-67.92651759999995,-9.853832999999952],[-67.96941779999997,-9.853159999999946],[-67.97606579999996,-9.845582699999966],[-68.04505189999998,-9.891681699999936],[-68.05333819999998,-9.887545699999976],[-68.06820429999993,-9.894896099999926],[-68.10071839999995,-9.930770799999948],[-68.13748249999998,-9.935673299999962],[-68.15311649999995,-9.961066199999948],[-68.26775639999994,-9.823480299999972],[-68.27979209999995,-9.821518799999978],[-68.30024799999995,-9.794731699999943],[-68.37670149999997,-9.782907999999964],[-68.39341379999996,-9.792436499999951],[-68.39431419999994,-9.804248899999948],[-68.41372499999994,-9.810409499999935],[-68.42608069999994,-9.826419899999962],[-68.44269349999996,-9.828952899999933],[-68.45383549999997,-9.844437599999935],[-68.42249999999996,-9.691666599999962],[-68.44306649999999,-9.659045099999958],[-68.44050549999997,-9.641233599999964],[-68.45520289999996,-9.62429439999994],[-68.42757929999993,-9.600339299999973],[-68.42571709999999,-9.560967999999946],[-68.39688649999994,-9.501459099999977],[-68.38666989999996,-9.505137799999943],[-68.38339719999993,-9.496415499999955],[-68.36957929999994,-9.49949179999993],[-68.35547199999996,-9.49202159999993],[-68.33124699999996,-9.456937899999957],[-68.33029679999999,-9.441977799999961],[-68.39931819999998,-9.321695999999974],[-68.34767939999995,-9.291061899999931],[-68.31643039999994,-9.295409199999938],[-68.28593339999998,-9.284147299999972],[-68.26888029999998,-9.266061799999932],[-68.24631579999993,-9.263558699999976],[-68.21989819999999,-9.242753099999959],[-67.97683739999997,-9.35273189999998],[-68.02076109999996,-9.358152099999927],[-68.03190339999998,-9.344167999999968],[-68.05182709999997,-9.35441979999996],[-68.04673339999994,-9.359142099999929],[-68.05930249999994,-9.388883999999962],[-68.05612569999994,-9.412256799999966],[-68.03930349999996,-9.437145999999927],[-68.02633319999995,-9.443169699999942],[-68.01770319999997,-9.468971199999942],[-68.02978439999998,-9.493922099999963],[-68.07405079999995,-9.524529899999948],[-68.09033869999996,-9.557801899999959],[-67.91003579999995,-9.66926589999997],[-67.92173239999994,-9.676126999999951],[-67.92366099999998,-9.692559099999926],[-67.91218149999997,-9.696005999999954],[-67.91401629999996,-9.705683999999962],[-67.90603029999994,-9.711921099999927],[-67.87548549999997,-9.720475499999964],[-67.86462259999996,-9.740795699999978],[-67.85704049999998,-9.726728299999934],[-67.85412799999995,-9.739334199999973],[-67.84591669999998,-9.73619679999996],[-67.84650679999999,-9.743729899999948],[-67.82781969999996,-9.75217559999993],[-67.80531509999997,-9.74146049999996],[-67.80946909999994,-9.751460799999961],[-67.79580079999994,-9.76199829999996],[-67.82274549999994,-9.774923999999942],[-67.82266489999995,-9.797839299999964],[-67.83394179999993,-9.821664299999952]]]}},{"id":"56","type":"Feature","properties":{"COD_IBGE":"1200179","MUNICIPIO":"Capixaba","UF":"AC"},"geometry":{"type":"Polygon","coordinates":[[[-67.70758549999994,-10.710257499999955],[-67.74455959999995,-10.70805729999995],[-67.74503919999995,-10.696486799999946],[-67.75630569999998,-10.695348699999954],[-67.75859999999994,-10.68602409999994],[-67.77450459999994,-10.68609159999994],[-67.80993869999998,-10.66115549999995],[-67.81777989999995,-10.664481699999953],[-67.82767749999994,-10.651356999999962],[-67.85360279999998,-10.650702499999966],[-67.86444499999993,-10.64067289999997],[-67.89193529999994,-10.641037099999949],[-67.89433489999993,-10.648190899999975],[-67.91016269999994,-10.641887999999938],[-67.92910719999998,-10.656383399999982],[-67.96133759999998,-10.649803899999938],[-67.97689599999995,-10.663300899999967],[-68.00119959999995,-10.651248599999974],[-68.01634699999994,-10.602471499999979],[-67.98426419999998,-10.593722499999956],[-68.01540999999997,-10.568168499999956],[-68.01792859999995,-10.551258799999971],[-68.03013539999995,-10.538788899999929],[-68.03698569999995,-10.490830699999947],[-68.06381009999996,-10.425132399999939],[-68.05388789999995,-10.420970499999953],[-68.04536239999999,-10.392893299999969],[-68.02627279999996,-10.378593099999932],[-68.03841289999997,-10.351296799999943],[-67.99932499999994,-10.316025499999967],[-67.95988489999996,-10.314021799999978],[-67.94611099999997,-10.287499999999966],[-67.84620249999995,-10.28767449999998],[-67.84276369999998,-10.280844399999978],[-67.85608569999994,-10.28479029999994],[-67.84660099999996,-10.27092529999993],[-67.83485369999994,-10.27516079999998],[-67.81806549999999,-10.266834499999959],[-67.83283099999994,-10.252937799999927],[-67.81323099999997,-10.224629199999981],[-67.82776759999996,-10.210927199999958],[-67.80425749999995,-10.203856799999926],[-67.80450179999997,-10.19731539999998],[-67.80021489999996,-10.21093099999996],[-67.78400929999998,-10.215187699999944],[-67.78025229999997,-10.240993699999933],[-67.76486489999996,-10.250643299999979],[-67.75662579999994,-10.270849899999973],[-67.71633229999998,-10.29191499999996],[-67.69594259999997,-10.323991499999977],[-67.68836259999995,-10.35574239999994],[-67.63794779999995,-10.36820119999993],[-67.64671329999999,-10.390542499999981],[-67.65848279999994,-10.398752499999944],[-67.68212919999996,-10.392579199999943],[-67.68687129999995,-10.410856199999955],[-67.71147259999998,-10.441635399999939],[-67.67575629999993,-10.47870469999998],[-67.62022379999996,-10.480688099999952],[-67.60872249999994,-10.505974999999978],[-67.59023789999998,-10.510773399999948],[-67.57835099999994,-10.502195399999948],[-67.56734849999998,-10.509514399999944],[-67.59692619999998,-10.52355659999995],[-67.60980199999995,-10.562378599999931],[-67.63534949999996,-10.580383899999958],[-67.64383239999995,-10.60237189999998],[-67.65922079999996,-10.61474839999994],[-67.67561109999997,-10.605161099999975],[-67.70758549999994,-10.710257499999955]]]}},{"id":"57","type":"Feature","properties":{"COD_IBGE":"1200203","MUNICIPIO":"Cruzeiro do Sul","UF":"AC"},"geometry":{"type":"Polygon","coordinates":[[[-72.64561519999995,-7.674564799999928],[-72.65466689999994,-7.694766999999956],[-72.74065989999997,-7.725250899999935],[-72.79683319999998,-7.687118199999929],[-72.86005799999998,-7.673958599999935],[-72.85469749999999,-7.65825209999997],[-72.82698759999994,-7.664642599999979],[-72.78342179999999,-7.6600861999999665],[-72.85093799999999,-7.6019754999999805],[-72.87099559999996,-7.5610145999999645],[-72.88332839999998,-7.559456499999953],[-72.90031299999998,-7.437681199999929],[-72.58476559999997,-7.552004199999942],[-71.94542499999994,-7.626754399999982],[-72.00085299999995,-7.80837589999993],[-72.04915309999996,-7.839074599999947],[-72.05523639999996,-7.851871199999948],[-72.06161069999996,-7.847671699999978],[-72.08519259999997,-7.860351099999946],[-72.12932029999996,-7.91799889999993],[-72.18268489999997,-7.946619399999975],[-72.21612899999997,-7.976066599999967],[-72.22568519999999,-8.020362499999976],[-72.26085839999996,-8.057055399999967],[-72.26629999999994,-8.260568399999954],[-72.29035249999998,-8.204552199999966],[-72.30180299999995,-8.205663199999947],[-72.31942949999996,-8.229280099999926],[-72.35684319999996,-8.241198499999939],[-72.37332609999999,-8.238130299999966],[-72.39255839999998,-8.253376499999945],[-72.40863259999998,-8.25446039999997],[-72.46122799999995,-8.231513899999925],[-72.50684659999996,-8.233126599999935],[-72.55603559999997,-8.185978699999964],[-72.63402099999996,-8.185166699999968],[-72.67398449999996,-8.22316189999998],[-72.72583159999994,-8.21259269999996],[-72.73769679999998,-8.230881899999929],[-72.76082039999994,-8.210030699999948],[-72.76142789999994,-8.20090719999996],[-72.80050579999994,-8.204516399999932],[-72.79290479999997,-8.186860899999942],[-72.79567769999994,-8.165296499999954],[-72.80299079999998,-8.160996999999952],[-72.80664329999996,-8.168893799999978],[-72.81152659999998,-8.163055999999926],[-72.80114869999994,-8.146635199999935],[-72.80848249999997,-8.119943699999965],[-72.83977499999997,-8.146443799999929],[-72.85683469999998,-8.149254699999972],[-72.86063129999997,-8.161396999999965],[-72.86865779999994,-8.15875989999995],[-72.86858269999993,-8.167532199999926],[-72.89381699999996,-8.187486699999965],[-72.92014809999995,-8.19292239999993],[-72.92282769999997,-8.201026299999967],[-72.93132259999999,-8.200472099999956],[-72.92780589999995,-8.20518889999994],[-72.94690369999995,-8.202564799999948],[-72.94370599999996,-8.214161899999965],[-72.94736459999996,-8.210052399999938],[-72.95175269999999,-8.21708209999997],[-72.96090439999995,-8.208831199999963],[-72.96734169999996,-8.21716699999996],[-73.00179729999996,-8.222022399999958],[-73.01528059999998,-8.255387499999927],[-73.03761529999997,-8.282384099999945],[-73.08175509999995,-8.296892399999933],[-73.10180399999996,-8.33932249999998],[-73.22994079999995,-8.39456169999994],[-73.33214479999998,-8.47536679999996],[-73.33536789999994,-8.467147799999964],[-73.39444719999995,-8.467280499999958],[-73.41237119999994,-8.410600899999963],[-73.43351939999997,-8.412099999999953],[-73.48200459999998,-8.39175629999994],[-73.48589559999994,-8.378090199999974],[-73.50650249999995,-8.377281499999981],[-73.53695139999996,-8.345482299999958],[-73.52967299999995,-8.312148599999944],[-73.54011759999997,-8.295011999999929],[-73.53640219999994,-8.26988179999995],[-73.57164229999995,-8.229798999999957],[-73.57778399999995,-8.210598699999935],[-73.59524999999996,-8.206577799999934],[-73.58647379999996,-8.186376399999972],[-73.59125749999998,-8.142307199999948],[-73.58533709999995,-8.122821699999974],[-73.59395069999994,-8.09740439999996],[-73.63224289999994,-8.058960599999978],[-73.39957839999994,-8.030366699999945],[-73.39840469999996,-8.011540099999934],[-73.38007579999999,-7.992161499999952],[-73.34477969999995,-7.985176399999943],[-73.32241259999995,-7.997589399999981],[-73.29711479999997,-7.98873459999993],[-73.26792389999997,-7.9535304999999425],[-73.24764399999998,-7.93873229999997],[-73.23690899999997,-7.942098299999941],[-73.21310259999996,-7.912873499999932],[-73.17061299999995,-7.895835799999929],[-73.13669649999997,-7.900242799999944],[-73.12713499999995,-7.889934499999981],[-73.11320149999995,-7.892573899999945],[-73.09195509999995,-7.8826446999999575],[-73.11559879999999,-7.934026199999948],[-73.07439889999995,-7.94674619999995],[-73.00869439999997,-7.933668499999953],[-72.98753179999994,-7.942203699999936],[-72.97042719999996,-7.937134299999968],[-72.95285769999998,-7.948297299999979],[-72.91181199999994,-7.925973899999974],[-72.89272609999995,-7.930204799999956],[-72.85373689999994,-7.910194999999931],[-72.83600639999997,-7.915475499999957],[-72.80613389999996,-7.900610399999948],[-72.79747999999995,-7.90694869999993],[-72.79543579999995,-7.899262699999952],[-72.78103099999998,-7.897848199999942],[-72.76944049999997,-7.878442499999949],[-72.75374229999994,-7.880527899999947],[-72.74899759999994,-7.867395199999976],[-72.73827919999997,-7.876124799999957],[-72.72149669999999,-7.8676463999999555],[-72.73568089999998,-7.855361699999946],[-72.70562379999996,-7.843488099999945],[-72.68608249999994,-7.84571399999993],[-72.68092999999999,-7.824543699999936],[-72.65617759999998,-7.835518899999954],[-72.65225759999998,-7.820126799999969],[-72.63776049999996,-7.8217491999999424],[-72.63175749999994,-7.804227099999935],[-72.63972829999994,-7.797135499999968],[-72.63674519999995,-7.783355399999948],[-72.62479159999998,-7.781356199999948],[-72.62019649999996,-7.771412299999952],[-72.64284889999993,-7.7739881999999625],[-72.62287609999998,-7.760337899999968],[-72.64329769999995,-7.741742899999963],[-72.64149529999997,-7.681915899999979],[-72.64561519999995,-7.674564799999928]]]}},{"id":"58","type":"Feature","properties":{"COD_IBGE":"1200252","MUNICIPIO":"Epitaciolândia","UF":"AC"},"geometry":{"type":"Polygon","coordinates":[[[-68.68669309999996,-10.937408999999946],[-68.73584639999996,-10.896249799999964],[-68.78444949999994,-10.868808899999976],[-68.78643829999999,-10.833205799999973],[-68.83512169999995,-10.740448799999967],[-68.82403719999996,-10.72355829999998],[-68.80543869999997,-10.715767999999969],[-68.81455819999996,-10.691099299999962],[-68.80263849999994,-10.681958799999961],[-68.80832479999998,-10.671294399999965],[-68.78165289999998,-10.662638199999947],[-68.75730379999999,-10.674257099999977],[-68.73265429999998,-10.645387099999937],[-68.71188329999995,-10.64684219999998],[-68.70107399999995,-10.632106399999941],[-68.68568879999998,-10.63317139999998],[-68.67158039999998,-10.61890429999994],[-68.65391539999996,-10.621730299999967],[-68.64898009999996,-10.614459499999953],[-68.63657759999995,-10.619985099999951],[-68.64360879999998,-10.654994999999928],[-68.60547989999998,-10.65777339999994],[-68.55210119999998,-10.716784599999926],[-68.53265809999994,-10.719962299999963],[-68.53205719999994,-10.727752399999929],[-68.54465289999996,-10.729249299999935],[-68.53210019999995,-10.748286199999939],[-68.54244279999995,-10.756065099999944],[-68.54148789999994,-10.765561799999944],[-68.55442689999995,-10.756897799999933],[-68.56177609999997,-10.767184899999961],[-68.54409229999999,-10.793433499999935],[-68.50687399999998,-10.808843799999977],[-68.47871079999999,-10.835663099999977],[-68.45876589999995,-10.81561469999997],[-68.42730089999998,-10.825407299999938],[-68.42620039999997,-10.839165999999977],[-68.40301479999994,-10.856905499999925],[-68.40872409999997,-10.881312599999944],[-68.40188339999997,-10.894103799999925],[-68.42113359999996,-10.909950899999956],[-68.41318129999996,-10.91837229999993],[-68.42172569999997,-10.920965699999954],[-68.42300059999997,-10.93244969999995],[-68.41412189999994,-10.934362299999975],[-68.41853439999994,-10.937330299999928],[-68.40515199999999,-10.95720689999996],[-68.40357529999994,-10.98277969999998],[-68.41080429999994,-10.98872659999995],[-68.40014459999998,-11.00112379999996],[-68.39858399999997,-11.03675009999995],[-68.38820869999995,-11.040580199999965],[-68.40571609999995,-11.053847799999971],[-68.41512569999998,-11.03970929999997],[-68.43362659999997,-11.03186379999994],[-68.44425649999994,-11.045912499999929],[-68.48783789999999,-11.05132649999996],[-68.51935969999994,-11.088089299999979],[-68.53986989999999,-11.096751599999948],[-68.54297139999994,-11.111355499999945],[-68.71611959999996,-11.145561499999928],[-68.71086809999997,-11.130920899999978],[-68.72093849999999,-11.103373899999951],[-68.75757439999995,-11.083406999999966],[-68.76517439999998,-11.047642999999937],[-68.75087139999994,-11.035780699999975],[-68.75455819999996,-11.022582299999954],[-68.73686399999997,-11.011979699999927],[-68.74221229999995,-10.991564099999948],[-68.73455189999999,-10.987040599999943],[-68.72704709999994,-11.002559299999973],[-68.71749849999998,-10.991269199999977],[-68.72717589999996,-10.982822399999975],[-68.72595279999996,-10.973006099999964],[-68.71694059999999,-10.978461999999979],[-68.68780099999998,-10.968266399999948],[-68.68669309999996,-10.937408999999946]]]}},{"id":"59","type":"Feature","properties":{"COD_IBGE":"1200302","MUNICIPIO":"Feijó","UF":"AC"},"geometry":{"type":"Polygon","coordinates":[[[-70.58034559999999,-8.196855099999937],[-70.55513279999997,-8.156786799999963],[-70.57815149999993,-8.115779699999962],[-70.57878189999997,-8.061553899999979],[-70.56807179999998,-8.043005999999934],[-70.58942079999997,-8.00402459999998],[-70.58512929999995,-7.99571629999997],[-70.59214329999998,-7.989854199999968],[-70.61757869999997,-7.99313989999996],[-70.62461139999994,-7.980674299999976],[-70.63215649999995,-7.983805999999959],[-70.63238179999996,-7.964234599999941],[-70.64694079999998,-7.9519116999999255],[-70.63240059999998,-7.942364399999974],[-70.64261439999996,-7.929156099999943],[-70.62973979999998,-7.9268714999999474],[-70.64172389999999,-7.923556099999928],[-70.64769989999996,-7.909762799999953],[-70.63939579999999,-7.908115599999974],[-70.63633799999997,-7.921877099999961],[-70.61964409999996,-7.911663699999963],[-70.62026169999996,-7.893635299999971],[-70.60043369999994,-7.8937894999999685],[-70.60761279999997,-7.8746858999999745],[-70.58378969999995,-7.87298329999993],[-70.57981049999995,-7.85589049999993],[-70.57033169999994,-7.853091499999948],[-70.57748029999993,-7.841628899999932],[-70.54578319999996,-7.821109999999976],[-70.54438099999999,-7.8067905999999425],[-70.51515079999996,-7.792376799999943],[-70.05497929999996,-7.845149099999958],[-69.44304749999998,-8.37268199999994],[-69.44994169999995,-8.396400699999958],[-69.50892539999995,-8.461362299999962],[-69.51291429999998,-8.500737399999934],[-69.55319659999998,-8.571566399999938],[-69.55081299999995,-8.585201799999936],[-69.56739679999998,-8.612525999999946],[-69.57170119999995,-8.644037399999945],[-69.58483119999994,-8.656902399999979],[-69.60634309999995,-8.660731799999951],[-69.62820679999999,-8.681426299999941],[-69.65953539999998,-8.68190519999996],[-69.72583319999995,-8.763621399999977],[-69.76315139999997,-8.784953599999938],[-69.83967539999998,-8.944234499999936],[-69.86510479999998,-8.95749829999994],[-70.09009549999996,-8.973611399999982],[-70.31897859999998,-8.963629699999956],[-70.36509489999997,-8.98242659999994],[-70.40278329999995,-9.018236399999978],[-70.45292269999999,-9.10379439999997],[-70.49884099999997,-9.106742699999927],[-70.52769139999998,-9.138256599999977],[-70.57205309999995,-9.21312729999994],[-70.62723619999997,-9.270193699999936],[-70.62918229999997,-9.30631219999998],[-70.63956989999997,-9.312980699999969],[-70.63144169999998,-9.376849499999935],[-70.69347259999995,-9.37160769999997],[-70.73464819999998,-9.415558699999963],[-70.77042159999996,-9.422046799999976],[-70.79079659999996,-9.44885679999993],[-70.85584779999994,-9.448822399999926],[-70.90259429999998,-9.507689699999958],[-70.95109529999996,-9.535957099999962],[-70.95680249999998,-9.58626769999995],[-71.04549989999998,-9.642440799999974],[-71.07923809999994,-9.700053499999967],[-71.08877409999997,-9.739998599999979],[-71.10175999999996,-9.750575899999944],[-71.08931519999999,-9.778852599999937],[-71.10036759999997,-9.815936999999963],[-71.07847319999996,-9.83040269999998],[-71.10303149999999,-9.852141899999936],[-71.12987059999995,-9.852515499999981],[-71.16300899999999,-9.875320899999963],[-71.21084499999995,-9.966390099999956],[-71.24664969999998,-9.962046099999952],[-71.25912369999998,-9.978092599999968],[-71.30795929999994,-9.991996299999926],[-71.33887349999998,-9.97199779999994],[-71.34845599999994,-9.973112699999945],[-71.35465099999993,-9.987998599999969],[-71.36401229999996,-9.985031699999979],[-71.37741669999997,-9.999999999999943],[-72.18045279999996,-9.999999999999943],[-72.18067549999995,-9.984783099999959],[-72.15570459999998,-9.963646799999935],[-72.16070189999994,-9.939502599999969],[-72.17250449999995,-9.93596359999998],[-72.17409139999995,-9.921591699999965],[-72.14067479999994,-9.87751389999994],[-72.15508669999997,-9.860516599999926],[-72.15506389999996,-9.842168899999933],[-72.16547799999995,-9.828030699999942],[-72.15294309999996,-9.796761699999934],[-72.11058959999997,-9.762937199999953],[-72.03491759999997,-9.743146499999966],[-72.03860669999995,-9.766696699999954],[-72.00843089999995,-9.753906099999938],[-71.99162269999994,-9.716658199999927],[-71.95266129999999,-9.713910899999973],[-71.92924389999996,-9.722257799999966],[-71.92005169999999,-9.685559399999931],[-71.88431009999994,-9.667289099999948],[-71.88481419999994,-9.652980599999978],[-71.86970869999993,-9.636734499999932],[-71.83571839999996,-9.622291399999938],[-71.83599709999999,-9.594408099999953],[-71.82552209999994,-9.59100369999993],[-71.80642449999993,-9.56434669999993],[-71.80904549999997,-9.531857799999955],[-71.79318059999997,-9.52021579999996],[-71.80284929999993,-9.503798599999925],[-71.79268909999996,-9.496740599999953],[-71.79177709999993,-9.482814699999949],[-71.75835679999994,-9.470464999999933],[-71.74760919999994,-9.457908499999974],[-71.75022429999996,-9.449901099999977],[-71.73563979999994,-9.448930099999927],[-71.72101909999998,-9.421983999999952],[-71.72768979999995,-9.411981899999944],[-71.72204369999997,-9.384567199999935],[-71.73288249999996,-9.36822049999995],[-71.72528379999994,-9.356996799999934],[-71.73126249999996,-9.354794899999945],[-71.71698509999999,-9.342027799999926],[-71.71668469999997,-9.312786499999959],[-71.69911079999997,-9.301468399999976],[-71.69330649999995,-9.279042799999957],[-71.70252259999995,-9.273441499999933],[-71.69604239999995,-9.268072999999958],[-71.70078449999994,-9.266399999999976],[-71.69166499999994,-9.267829399999925],[-71.67787849999996,-9.260194799999965],[-71.68105419999995,-9.255069699999979],[-71.67296469999997,-9.258638299999973],[-71.67132309999994,-9.248260799999969],[-71.65624909999997,-9.245115799999951],[-71.65949999999998,-9.238359599999967],[-71.64744709999997,-9.236011099999928],[-71.64959119999997,-9.227392299999963],[-71.64025239999995,-9.217465599999969],[-71.64411479999995,-9.205169999999953],[-71.63646519999998,-9.198423699999978],[-71.63155129999996,-9.206144399999971],[-71.63099339999997,-9.19525699999997],[-71.61677899999995,-9.19009269999998],[-71.62516769999996,-9.178533499999958],[-71.61780769999996,-9.15352619999993],[-71.62505919999995,-9.154739799999959],[-71.62724909999997,-9.14272189999997],[-71.60410699999994,-9.127828499999964],[-71.61758239999995,-9.11723539999997],[-71.60683209999996,-9.11525439999997],[-71.60775479999995,-9.102192599999967],[-71.60184319999996,-9.100709499999937],[-71.61052279999996,-9.096026999999935],[-71.60274439999995,-9.092965299999946],[-71.61249689999994,-9.081364699999938],[-71.59308849999996,-9.065536399999928],[-71.60323789999995,-9.04378459999998],[-71.59797009999994,-9.02277319999996],[-71.59236959999998,-9.023822199999927],[-71.59570629999996,-9.01319419999993],[-71.58726269999994,-9.011074899999926],[-71.58091009999998,-8.995453899999973],[-71.58730559999998,-8.988238899999942],[-71.57571849999994,-8.977154199999973],[-71.57053649999995,-8.980863299999953],[-71.57171489999996,-8.954796899999963],[-71.55643879999997,-8.942382399999929],[-71.54944359999996,-8.946197799999936],[-71.54798439999996,-8.933521999999925],[-71.53759889999998,-8.937803799999926],[-71.52781419999997,-8.909186599999941],[-71.50914609999995,-8.907448299999942],[-71.50717199999997,-8.900325399999929],[-71.49974759999998,-8.904607599999963],[-71.49459779999995,-8.88997999999998],[-71.48489889999996,-8.89608549999997],[-71.46887429999998,-8.868132799999955],[-71.44788629999994,-8.874388499999952],[-71.44252419999998,-8.86902329999998],[-71.43284679999994,-8.878669699999932],[-71.43018609999996,-8.873645099999976],[-71.42113089999998,-8.886746999999957],[-71.41557339999997,-8.878097199999957],[-71.39707689999994,-8.877482399999963],[-71.39014609999998,-8.889990599999976],[-71.38117679999993,-8.883248999999978],[-71.37969619999996,-8.895799299999965],[-71.36283039999995,-8.887912999999969],[-71.36570579999994,-8.880535299999963],[-71.35853889999999,-8.882697699999937],[-71.35600689999995,-8.873920699999928],[-71.34847529999996,-8.880259699999954],[-71.33851889999994,-8.868090399999971],[-71.33480669999994,-8.875510799999972],[-71.32309079999999,-8.861475599999949],[-71.32206089999994,-8.86912929999994],[-71.31598829999996,-8.853948999999943],[-71.31002309999997,-8.864210599999979],[-71.29968049999997,-8.846506999999974],[-71.29442339999997,-8.849984199999938],[-71.29519589999995,-8.841842499999927],[-71.27483249999995,-8.850492999999972],[-71.26528389999999,-8.839700999999934],[-71.26966119999997,-8.851828799999964],[-71.25543479999999,-8.845298499999956],[-71.24105819999994,-8.854500199999961],[-71.23777509999996,-8.83507869999994],[-71.22563009999993,-8.839022499999942],[-71.22142439999993,-8.819833399999936],[-71.19636179999998,-8.804820699999937],[-71.18533259999998,-8.813408599999946],[-71.18531109999998,-8.799667899999974],[-71.17441059999999,-8.788216999999975],[-71.16132139999996,-8.798310799999967],[-71.14784599999996,-8.793285099999935],[-71.14441279999994,-8.781218999999965],[-71.12819079999997,-8.784039399999926],[-71.13301879999995,-8.777953299999979],[-71.12301949999994,-8.76673489999996],[-71.12022999999994,-8.773478699999941],[-71.10711939999999,-8.76455059999995],[-71.10280639999996,-8.776659699999925],[-71.09703429999996,-8.763150899999971],[-71.08894469999996,-8.762132999999949],[-71.07890249999997,-8.77967099999995],[-71.07448219999998,-8.765568499999972],[-71.08379489999999,-8.75498609999994],[-71.05697279999998,-8.756703899999934],[-71.06032019999998,-8.741624999999942],[-71.04291799999999,-8.735156399999937],[-71.04248889999997,-8.728517999999951],[-71.03210329999996,-8.733523299999945],[-71.02845549999995,-8.717785999999933],[-71.01403599999998,-8.725633499999958],[-71.01974369999994,-8.717149699999936],[-71.00686909999996,-8.710086799999942],[-71.01562389999998,-8.685418499999969],[-71.00345739999995,-8.690848599999981],[-70.98837259999993,-8.676339799999937],[-70.99187019999994,-8.669276099999934],[-70.97747209999994,-8.667769999999962],[-70.98260049999993,-8.649866199999963],[-70.96687199999997,-8.643565699999954],[-70.96240879999993,-8.651223799999968],[-70.96378209999995,-8.634528399999965],[-70.94916939999996,-8.622138999999947],[-70.94125159999999,-8.62621219999994],[-70.94650869999998,-8.618638399999952],[-70.92376359999997,-8.59617069999996],[-70.89226439999999,-8.640003599999943],[-70.87350029999993,-8.64093029999998],[-70.85796929999998,-8.669929599999932],[-70.83647539999998,-8.646156899999937],[-70.78395629999994,-8.639988499999959],[-70.76777999999996,-8.610788499999956],[-70.74228219999998,-8.609113599999944],[-70.72687089999994,-8.569672399999945],[-70.68841599999996,-8.523194599999954],[-70.70249399999994,-8.477102299999956],[-70.65295409999999,-8.466404299999965],[-70.67605179999998,-8.437887499999931],[-70.68012409999994,-8.382654899999977],[-70.62492789999999,-8.340658899999937],[-70.63347819999996,-8.310982299999978],[-70.58582289999998,-8.230548799999951],[-70.56442429999998,-8.214110399999981],[-70.58034559999999,-8.196855099999937]]]}},{"id":"60","type":"Feature","properties":{"COD_IBGE":"1200328","MUNICIPIO":"Jordão","UF":"AC"},"geometry":{"type":"Polygon","coordinates":[[[-72.10112119999997,-9.307859899999926],[-72.04545169999994,-9.213443499999926],[-72.04417029999996,-9.197971999999936],[-72.06778169999995,-9.175238699999966],[-72.06915009999994,-9.155749299999968],[-72.05252779999995,-9.14252259999995],[-72.03189759999998,-9.068850099999963],[-72.04269139999997,-9.028657899999928],[-72.02941959999998,-9.002032499999927],[-72.02839289999997,-8.970855299999926],[-72.03623539999995,-8.94481959999996],[-72.05379619999997,-8.933981199999948],[-72.04400759999999,-8.900407299999927],[-72.07929389999998,-8.866379999999936],[-72.07791069999996,-8.847159499999975],[-72.04997859999997,-8.836554999999976],[-72.01864779999994,-8.805223599999977],[-71.98878399999995,-8.796444699999938],[-71.98255589999997,-8.782788299999936],[-71.96819539999996,-8.777449599999954],[-71.92683569999997,-8.79352369999998],[-71.91906269999998,-8.787464199999931],[-71.90905269999996,-8.806623099999968],[-71.89781959999993,-8.802758599999947],[-71.89176319999996,-8.811743999999976],[-71.88850159999998,-8.806358099999954],[-71.86030619999997,-8.820395299999973],[-71.85193769999995,-8.814267399999949],[-71.84808609999999,-8.82589239999993],[-71.84002339999995,-8.820941299999959],[-71.83603759999994,-8.828219499999932],[-71.82767239999998,-8.823006999999961],[-71.81189769999997,-8.83042469999998],[-71.81393619999994,-8.821179899999947],[-71.79421659999997,-8.817426799999964],[-71.79524659999998,-8.80481009999994],[-71.78604119999994,-8.804407199999957],[-71.78338049999996,-8.81471259999995],[-71.76452989999996,-8.798194199999955],[-71.76581739999995,-8.784993699999973],[-71.74703649999998,-8.774576199999956],[-71.75570009999996,-8.765473099999952],[-71.73828719999995,-8.762403399999926],[-71.73990719999995,-8.75328419999994],[-71.72948419999994,-8.755532199999948],[-71.72629769999998,-8.745426599999973],[-71.71662569999995,-8.745612199999925],[-71.71659879999999,-8.722229399999947],[-71.70827329999997,-8.730755599999952],[-71.69128949999998,-8.730045099999927],[-71.69380009999998,-8.718793499999947],[-71.67409119999996,-8.716333099999929],[-71.68257769999997,-8.698537699999974],[-71.66787919999996,-8.696989299999927],[-71.65796569999998,-8.706247699999949],[-71.64872819999994,-8.694380299999978],[-71.63929719999999,-8.697123399999953],[-71.63694799999996,-8.68636239999995],[-71.61853729999996,-8.69009559999995],[-71.62724909999997,-8.676901999999927],[-71.61390239999997,-8.664641199999949],[-71.60441809999998,-8.678344399999958],[-71.60368859999994,-8.662053199999946],[-71.58227379999994,-8.653016399999956],[-71.57330449999995,-8.659592499999974],[-71.56605179999997,-8.648094799999967],[-71.55629999999996,-8.648429699999951],[-71.56062969999994,-8.67954949999995],[-71.55588759999995,-8.700686599999926],[-71.54496559999995,-8.709191999999973],[-71.54252949999994,-8.739316599999938],[-71.57322539999996,-8.75500859999994],[-71.59794749999998,-8.804800499999942],[-71.61803799999996,-8.82081919999996],[-71.61859329999999,-8.858419699999956],[-71.55258989999999,-8.850767099999928],[-71.52450929999998,-8.873854699999981],[-71.49999999999994,-8.870744399999978],[-71.48172319999998,-8.889343999999937],[-71.48558549999996,-8.896424699999955],[-71.49459779999995,-8.88997999999998],[-71.49974759999998,-8.904607599999963],[-71.50717199999997,-8.900325399999929],[-71.50914609999995,-8.907448299999942],[-71.52871549999998,-8.909907399999952],[-71.53618269999998,-8.936065699999972],[-71.54798439999996,-8.933521999999925],[-71.54944359999996,-8.946197799999936],[-71.56456269999995,-8.947176699999943],[-71.57545899999997,-8.962093099999947],[-71.56778069999996,-8.96741069999996],[-71.57053649999995,-8.980863299999953],[-71.57571849999994,-8.977154199999973],[-71.58730559999998,-8.988238899999942],[-71.58091009999998,-8.995453899999973],[-71.58726269999994,-9.011074899999926],[-71.59570629999996,-9.01319419999993],[-71.59236959999998,-9.023822199999927],[-71.59797009999994,-9.02277319999996],[-71.60323789999995,-9.04378459999998],[-71.59308849999996,-9.065536399999928],[-71.61242179999994,-9.08116339999998],[-71.60274439999995,-9.092965299999946],[-71.61052279999996,-9.096026999999935],[-71.60184319999996,-9.100709499999937],[-71.60775479999995,-9.102192599999967],[-71.60683209999996,-9.11525439999997],[-71.61765749999995,-9.116758699999934],[-71.60410699999994,-9.127828499999964],[-71.62724909999997,-9.14272189999997],[-71.62505919999995,-9.154739799999959],[-71.61780769999996,-9.15352619999993],[-71.62516769999996,-9.178533499999958],[-71.61677899999995,-9.19009269999998],[-71.63099339999997,-9.19525699999997],[-71.63155129999996,-9.206144399999971],[-71.63646519999998,-9.198423699999978],[-71.64411479999995,-9.205169999999953],[-71.64025239999995,-9.217465599999969],[-71.64959119999997,-9.227392299999963],[-71.64744709999997,-9.236011099999928],[-71.65949999999998,-9.238359599999967],[-71.65624909999997,-9.245115799999951],[-71.67132309999994,-9.248260799999969],[-71.67296469999997,-9.258638299999973],[-71.68105419999995,-9.255069699999979],[-71.67787849999996,-9.260194799999965],[-71.69166499999994,-9.267829399999925],[-71.69484079999995,-9.264440999999977],[-71.70078449999994,-9.266399999999976],[-71.69604239999995,-9.268072999999958],[-71.70252259999995,-9.273441499999933],[-71.69330649999995,-9.279042799999957],[-71.69911079999997,-9.301468399999976],[-71.71668469999997,-9.312786499999959],[-71.71698509999999,-9.342027799999926],[-71.73126249999996,-9.354794899999945],[-71.72528379999994,-9.356996799999934],[-71.73288249999996,-9.36822049999995],[-71.72204369999997,-9.384567199999935],[-71.72769509999995,-9.411688199999958],[-71.72257749999994,-9.426029699999958],[-71.72987039999998,-9.427934899999968],[-71.73563979999994,-9.448930099999927],[-71.75005799999997,-9.449689399999954],[-71.74760919999994,-9.457908499999974],[-71.75835679999994,-9.470464999999933],[-71.79150889999994,-9.48240199999998],[-71.79268909999996,-9.496740599999953],[-71.80284929999993,-9.503798599999925],[-71.79318059999997,-9.52021579999996],[-71.80904549999997,-9.531857799999955],[-71.80642449999993,-9.56434669999993],[-71.82552209999994,-9.59100369999993],[-71.83599709999999,-9.594408099999953],[-71.83571839999996,-9.622291399999938],[-71.86970869999993,-9.636734499999932],[-71.88481419999994,-9.652980599999978],[-71.88431009999994,-9.667289099999948],[-71.92005169999999,-9.685559399999931],[-71.92924389999996,-9.722257799999966],[-71.95266129999999,-9.713910899999973],[-71.99162269999994,-9.716658199999927],[-72.00843089999995,-9.753906099999938],[-72.03860669999995,-9.766696699999954],[-72.03491759999997,-9.743146499999966],[-72.11058959999997,-9.762937199999953],[-72.15294309999996,-9.796761699999934],[-72.17531229999997,-9.781889199999966],[-72.21450439999995,-9.774011899999948],[-72.23036599999995,-9.763319399999943],[-72.24319849999995,-9.765715899999975],[-72.25161369999995,-9.753824599999973],[-72.26867299999998,-9.749355699999967],[-72.24608429999995,-9.660420199999976],[-72.26045559999994,-9.644861499999934],[-72.25363209999995,-9.616444699999931],[-72.26915669999994,-9.620353299999977],[-72.28900499999997,-9.602333299999941],[-72.28174699999994,-9.542421799999943],[-72.30191179999997,-9.533645299999932],[-72.31865419999997,-9.54361739999996],[-72.34190889999996,-9.51053109999998],[-72.30400399999996,-9.50842119999993],[-72.29395079999995,-9.493300499999975],[-72.27276189999998,-9.48739009999997],[-72.27689439999995,-9.473790399999928],[-72.26262799999995,-9.473408199999938],[-72.24929299999997,-9.444511699999964],[-72.22258059999996,-9.415047999999956],[-72.18315329999996,-9.388675299999932],[-72.16091899999998,-9.393839299999968],[-72.12042259999998,-9.318766399999959],[-72.10112119999997,-9.307859899999926]]]}},{"id":"61","type":"Feature","properties":{"COD_IBGE":"1200336","MUNICIPIO":"Mâncio Lima","UF":"AC"},"geometry":{"type":"Polygon","coordinates":[[[-72.78342179999999,-7.6600861999999665],[-72.85469749999999,-7.65825209999997],[-72.86351089999994,-7.674175299999945],[-72.91381839999997,-7.664347899999939],[-72.94832979999995,-7.6921985999999265],[-72.97902569999997,-7.678777899999943],[-73.04061959999996,-7.669301299999972],[-73.17554049999995,-7.726210599999945],[-73.25154429999998,-7.792570099999978],[-73.30815529999995,-7.777620499999955],[-73.30543569999998,-7.7581559999999286],[-73.34185689999998,-7.737857199999951],[-73.32779219999998,-7.713779999999929],[-73.33466229999993,-7.709478899999965],[-73.35435429999995,-7.7294065999999475],[-73.36264509999995,-7.7290358999999285],[-73.37400679999996,-7.751380599999948],[-73.41151519999994,-7.750193999999965],[-73.45188029999997,-7.770170199999939],[-73.53124609999998,-7.717296699999963],[-73.67484999999994,-7.740136499999949],[-73.69347239999996,-7.770907999999963],[-73.74003839999995,-7.733708099999944],[-73.82167269999997,-7.717497199999968],[-73.84411839999996,-7.67573299999998],[-73.87294439999994,-7.671113899999966],[-73.88511109999996,-7.655293999999969],[-73.88830779999995,-7.631263799999942],[-73.93228349999998,-7.60802469999993],[-73.96833999999996,-7.567347299999938],[-73.98333939999998,-7.566191899999978],[-73.98761189999993,-7.531264199999953],[-73.94751189999994,-7.5262281999999345],[-73.91931379999994,-7.465291899999954],[-73.93136059999995,-7.422803399999964],[-73.96617349999997,-7.351608899999974],[-73.95314249999996,-7.345525399999929],[-73.94222159999998,-7.36196039999993],[-73.93089529999997,-7.351916899999935],[-73.90951009999998,-7.3776893999999515],[-73.87649859999993,-7.382271299999957],[-73.86289459999995,-7.373630999999932],[-73.85225929999996,-7.346900499999947],[-73.82959249999993,-7.336531099999945],[-73.79411939999994,-7.343799999999931],[-73.76594819999997,-7.331430399999931],[-73.75914279999995,-7.3348587999999495],[-73.76389589999997,-7.3474696999999765],[-73.75538919999997,-7.346499799999947],[-73.71820559999998,-7.328827799999942],[-73.70378409999995,-7.309850099999949],[-73.69892419999996,-7.2957170999999335],[-73.71570119999996,-7.267216699999949],[-73.71380919999996,-7.233858599999962],[-73.75330649999995,-7.201030799999955],[-73.75937779999998,-7.174152799999945],[-73.80155809999997,-7.111824399999932],[-72.90031299999998,-7.437681199999929],[-72.88332839999998,-7.559456499999953],[-72.87099559999996,-7.5610145999999645],[-72.85093799999999,-7.6019754999999805],[-72.78342179999999,-7.6600861999999665]]]}},{"id":"62","type":"Feature","properties":{"COD_IBGE":"1200344","MUNICIPIO":"Manoel Urbano","UF":"AC"},"geometry":{"type":"Polygon","coordinates":[[[-69.44432029999996,-8.366485399999931],[-68.92133009999998,-8.814264099999946],[-68.93216559999996,-8.830476799999929],[-68.97134729999993,-8.841467699999953],[-68.98467909999994,-8.860547499999939],[-69.01057459999998,-8.869669399999964],[-69.02270029999994,-8.886303099999964],[-69.07025999999996,-8.895117699999957],[-69.08117719999996,-8.905961399999967],[-69.08461939999995,-8.930797299999938],[-69.11113209999996,-8.955498299999931],[-69.17647999999997,-8.94197349999996],[-69.20071649999994,-8.955698899999959],[-69.22330419999997,-8.995437399999958],[-69.23364149999998,-9.039809099999957],[-69.34960639999997,-9.046588699999973],[-69.38713569999999,-9.093391199999928],[-69.43221779999993,-9.117798499999935],[-69.45845709999998,-9.145395399999927],[-69.55854479999994,-9.179411899999934],[-69.58780729999995,-9.178710599999931],[-69.61238729999997,-9.209013299999981],[-69.66787539999996,-9.236098499999969],[-69.69051679999995,-9.229533599999968],[-69.76989579999997,-9.338679599999978],[-69.78472649999998,-9.329921099999979],[-69.79736059999993,-9.334250599999962],[-69.78374899999994,-9.380482699999959],[-69.81761719999997,-9.424388799999974],[-69.84741329999997,-9.424318399999947],[-69.86069339999995,-9.439384599999926],[-69.86917679999993,-9.521419899999955],[-69.93134739999994,-9.611191099999928],[-69.92742089999996,-9.628925299999935],[-69.94609939999998,-9.674824799999953],[-69.97236459999993,-9.706916099999944],[-69.97722279999994,-9.782390599999928],[-70.02112039999997,-9.832148699999948],[-70.03879169999993,-9.865571599999953],[-70.03224599999999,-9.892504199999962],[-70.04363969999997,-9.931196799999952],[-70.03773809999996,-9.952219899999932],[-70.04262739999996,-9.98992359999994],[-70.13623619999998,-10.194250999999952],[-70.22702319999996,-10.292226399999947],[-70.21880149999998,-10.311947999999973],[-70.24016229999995,-10.34205849999995],[-70.25609689999999,-10.425497999999948],[-70.62049059999998,-10.424951599999929],[-70.62057379999999,-10.079323699999975],[-70.61351529999996,-10.06554989999995],[-70.57384029999997,-10.020021999999926],[-70.55536499999994,-10.022868499999959],[-70.53094569999996,-10.007717199999945],[-70.50208219999996,-9.964600099999927],[-70.45736959999994,-9.951153899999952],[-70.43982529999994,-9.931723899999952],[-70.43626249999994,-9.911859599999957],[-70.40178159999994,-9.88787439999993],[-70.35510579999993,-9.822847199999956],[-70.32935389999994,-9.804687499999943],[-70.32398679999994,-9.758380899999963],[-70.29863519999998,-9.747928299999955],[-70.29012129999995,-9.72083989999993],[-70.27459929999998,-9.717125499999952],[-70.27653859999998,-9.708723599999928],[-70.25908559999993,-9.684710099999961],[-70.24368769999995,-9.68156229999994],[-70.24403559999996,-9.671317099999953],[-70.22403699999995,-9.662742199999968],[-70.22848679999998,-9.655848899999967],[-70.20790079999995,-9.627874599999927],[-70.19009939999995,-9.62845649999997],[-70.18495729999995,-9.612029099999972],[-70.19076959999995,-9.603891399999952],[-70.17609949999996,-9.585695999999928],[-70.16333259999993,-9.585218099999963],[-70.14967419999994,-9.556617399999936],[-70.14121919999997,-9.562984099999937],[-70.13499029999997,-9.544041099999959],[-70.12380309999998,-9.539300399999945],[-70.11308469999994,-9.546609499999931],[-70.11308469999994,-9.538145199999974],[-70.10360579999997,-9.543128499999966],[-70.10145409999996,-9.535009299999956],[-70.07750519999996,-9.542102199999931],[-70.07734159999995,-9.533529399999964],[-70.06453289999996,-9.52541309999998],[-70.06186799999995,-9.532280899999932],[-70.04027429999996,-9.528238299999941],[-70.03867639999999,-9.53514999999993],[-70.02970269999997,-9.523581399999955],[-70.03712169999994,-9.527309599999967],[-70.04017429999993,-9.519765599999971],[-70.03541809999996,-9.50480829999998],[-70.15518119999996,-9.472146599999974],[-70.20423309999995,-9.437711799999931],[-70.33021629999996,-9.395971199999963],[-70.29641329999998,-9.365344099999959],[-70.29998379999995,-9.339548499999978],[-70.27199219999994,-9.340961799999945],[-70.26738149999994,-9.319737699999962],[-70.24908619999997,-9.316998199999944],[-70.23726829999998,-9.300534599999935],[-70.21759969999994,-9.293435399999964],[-70.21148429999994,-9.280221299999937],[-70.18541859999993,-9.270098699999949],[-70.15800639999998,-9.266704999999945],[-70.14434319999998,-9.286558399999933],[-70.12906539999994,-9.282603699999981],[-70.11855109999993,-9.290301399999976],[-70.08926669999994,-9.278564199999948],[-70.08279189999996,-9.28582259999996],[-70.04076169999996,-9.289480799999978],[-70.02166429999994,-9.274498199999925],[-70.01213709999996,-9.254246999999964],[-69.98532169999999,-9.262272199999927],[-69.98192069999993,-9.251735999999937],[-69.96580059999997,-9.243163899999956],[-69.97036039999995,-9.239875799999936],[-69.95616609999996,-9.234120299999972],[-69.95263099999994,-9.242576199999974],[-69.92998239999997,-9.240924199999938],[-69.91287529999994,-9.250454699999977],[-69.91013539999994,-9.231988999999942],[-69.89403139999996,-9.236055499999964],[-69.90837589999995,-9.228790899999979],[-69.90736739999994,-9.216516899999931],[-69.88289489999994,-9.224575999999956],[-69.88009469999997,-9.206265299999927],[-69.85392699999994,-9.202696199999934],[-69.85012899999998,-9.188504299999977],[-69.85685599999994,-9.183770099999947],[-69.84372389999999,-9.17643019999997],[-69.84741459999998,-9.166442299999972],[-69.83532319999995,-9.168221699999947],[-69.83101019999998,-9.160150699999974],[-69.84826219999997,-9.155447799999934],[-69.85084789999996,-9.146433699999932],[-69.84113829999995,-9.143541999999968],[-69.83479749999998,-9.154642799999976],[-69.81954109999998,-9.14924069999995],[-69.79185659999996,-9.11040289999994],[-69.80842139999999,-9.099949399999957],[-69.80928559999995,-9.083485499999938],[-69.81990709999997,-9.076309299999934],[-69.82543639999994,-9.034272599999952],[-69.84134209999996,-9.023317299999974],[-69.86510479999998,-8.95749829999994],[-69.83967539999998,-8.944234499999936],[-69.76315139999997,-8.784953599999938],[-69.72583319999995,-8.763621399999977],[-69.65953539999998,-8.68190519999996],[-69.62820679999999,-8.681426299999941],[-69.60634309999995,-8.660731799999951],[-69.58483119999994,-8.656902399999979],[-69.57170119999995,-8.644037399999945],[-69.56739679999998,-8.612525999999946],[-69.55081299999995,-8.585201799999936],[-69.55319659999998,-8.571566399999938],[-69.51291429999998,-8.500737399999934],[-69.50892539999995,-8.461362299999962],[-69.44994169999995,-8.396400699999958],[-69.44432029999996,-8.366485399999931]]]}},{"id":"63","type":"Feature","properties":{"COD_IBGE":"1200351","MUNICIPIO":"Marechal Thaumaturgo","UF":"AC"},"geometry":{"type":"Polygon","coordinates":[[[-72.62696319999998,-9.442328399999951],[-72.65457389999995,-9.45212319999996],[-72.68340229999995,-9.432385099999976],[-72.69557409999999,-9.439121599999964],[-72.69991929999998,-9.42846899999995],[-72.71266519999995,-9.42980259999996],[-72.71974349999994,-9.411656899999969],[-73.21189719999995,-9.411669399999937],[-73.19353659999996,-9.392810199999928],[-73.18795199999994,-9.36122169999993],[-73.15667919999999,-9.350896199999966],[-73.13930829999998,-9.32179999999994],[-73.10077879999994,-9.30419859999995],[-73.11145229999994,-9.279421199999945],[-73.09508739999995,-9.266093599999977],[-73.08658889999998,-9.244483299999956],[-73.05620049999999,-9.225296399999934],[-73.04494719999997,-9.236866299999974],[-73.02205909999998,-9.225943899999947],[-72.99370069999998,-9.192159999999944],[-73.01558939999995,-9.183982299999968],[-73.01361359999999,-9.171972099999948],[-72.96436579999994,-9.146982599999944],[-72.94383529999999,-9.102238099999965],[-72.94614699999994,-9.076862799999958],[-72.94015029999997,-9.069015999999976],[-72.95691979999998,-9.010669299999961],[-72.93631279999994,-8.989488199999926],[-72.97059159999998,-8.974877099999958],[-72.99480739999996,-8.919846399999926],[-73.00889879999994,-8.912760599999956],[-73.04323099999993,-8.915288799999928],[-73.05622379999994,-8.906902199999934],[-73.07747929999994,-8.860913299999936],[-73.07798289999994,-8.842852599999958],[-73.10898099999997,-8.82268339999996],[-73.11161319999997,-8.791938899999934],[-73.12802579999999,-8.771237399999961],[-73.11291919999996,-8.757057399999951],[-73.09181919999997,-8.751612399999942],[-73.08642689999994,-8.75963429999996],[-73.06160839999995,-8.763688699999932],[-72.95505749999995,-8.744812599999932],[-72.92440419999997,-8.760501799999929],[-72.91157609999993,-8.750062699999944],[-72.86657119999995,-8.751520099999937],[-72.85515349999997,-8.745106299999975],[-72.85017489999996,-8.73007789999997],[-72.83114469999998,-8.73664089999994],[-72.81018879999993,-8.723182599999973],[-72.77442289999993,-8.726729399999954],[-72.75101829999994,-8.715781299999946],[-72.73931839999995,-8.70388509999998],[-72.73149719999998,-8.672735199999977],[-72.71990289999997,-8.688985399999979],[-72.70535389999998,-8.687810199999944],[-72.66750579999996,-8.71856889999998],[-72.66195189999996,-8.757880899999975],[-72.63126719999997,-8.774866599999939],[-72.56618529999997,-8.764812799999959],[-72.49531239999999,-8.776694799999973],[-72.47044869999996,-8.761617399999977],[-72.44603729999994,-8.755021899999974],[-72.43797969999997,-8.762953799999934],[-72.41603449999997,-8.75017239999994],[-72.39704469999998,-8.753856399999961],[-72.39015379999995,-8.765522499999975],[-72.37692209999994,-8.76686129999996],[-72.37421849999998,-8.778303799999946],[-72.36086599999999,-8.78241319999995],[-72.30306369999994,-8.761508999999933],[-72.25722379999996,-8.724005899999952],[-72.21397509999997,-8.70082259999998],[-72.14397859999997,-8.711807199999953],[-72.12483539999994,-8.828533099999959],[-72.04400759999999,-8.900407299999927],[-72.05379619999997,-8.933981199999948],[-72.03623539999995,-8.94481959999996],[-72.02839289999997,-8.970855299999926],[-72.02941959999998,-9.002032499999927],[-72.04269139999997,-9.028657899999928],[-72.03189759999998,-9.068850099999963],[-72.05252779999995,-9.14252259999995],[-72.06915009999994,-9.155749299999968],[-72.06778169999995,-9.175238699999966],[-72.04417029999996,-9.197971999999936],[-72.04545169999994,-9.213443499999926],[-72.05506429999997,-9.214889699999958],[-72.10112119999997,-9.307859899999926],[-72.12042259999998,-9.318766399999959],[-72.16091899999998,-9.393839299999968],[-72.18315329999996,-9.388675299999932],[-72.22258059999996,-9.415047999999956],[-72.24929299999997,-9.444511699999964],[-72.26262799999995,-9.473408199999938],[-72.27689439999995,-9.473790399999928],[-72.27276189999998,-9.48739009999997],[-72.29395079999995,-9.493300499999975],[-72.30400399999996,-9.50842119999993],[-72.34040689999995,-9.508673999999928],[-72.35447489999996,-9.495469199999945],[-72.38658629999998,-9.493056499999966],[-72.40731439999996,-9.476897599999972],[-72.42687039999998,-9.486276099999941],[-72.44146429999995,-9.476707099999942],[-72.45391649999993,-9.490347499999928],[-72.49258449999996,-9.479384399999958],[-72.51530289999994,-9.484310499999935],[-72.51803869999998,-9.491638499999965],[-72.54364839999994,-9.465568899999937],[-72.55472599999996,-9.470484599999963],[-72.55767099999997,-9.465373099999965],[-72.56043909999994,-9.472823299999959],[-72.56672079999998,-9.459552499999972],[-72.57743889999995,-9.463441799999941],[-72.57566329999997,-9.455694999999935],[-72.58526019999994,-9.459859499999936],[-72.62349239999998,-9.450017199999934],[-72.62696319999998,-9.442328399999951]]]}},{"id":"64","type":"Feature","properties":{"COD_IBGE":"1200385","MUNICIPIO":"Plácido de Castro","UF":"AC"},"geometry":{"type":"Polygon","coordinates":[[[-67.14401849999996,-10.32673479999994],[-67.18841379999998,-10.339427599999965],[-67.19630749999993,-10.323543599999937],[-67.21893779999994,-10.323862899999938],[-67.22512979999993,-10.315245299999958],[-67.26623799999999,-10.333802799999944],[-67.27851239999995,-10.320958299999972],[-67.29464269999994,-10.32611959999997],[-67.31595889999994,-10.318735299999958],[-67.32803949999999,-10.335282899999982],[-67.31554509999995,-10.347158799999931],[-67.31940219999996,-10.36003089999997],[-67.31122409999995,-10.377858599999968],[-67.32984729999998,-10.384054699999979],[-67.34443209999995,-10.375922899999978],[-67.35631199999995,-10.393369599999971],[-67.36381149999994,-10.377587499999947],[-67.38307779999997,-10.384228099999973],[-67.40675499999998,-10.37257459999995],[-67.42379099999994,-10.391399599999943],[-67.41381589999997,-10.401440399999956],[-67.41321509999995,-10.425726099999963],[-67.42969729999999,-10.428817799999933],[-67.43648329999996,-10.447906899999964],[-67.46587919999996,-10.455338799999936],[-67.52248259999993,-10.491628399999968],[-67.54564159999995,-10.49516989999995],[-67.56734849999998,-10.509514399999944],[-67.57835099999994,-10.502195399999948],[-67.59023789999998,-10.510773399999948],[-67.60872249999994,-10.505974999999978],[-67.62022379999996,-10.480688099999952],[-67.67575629999993,-10.47870469999998],[-67.71147259999998,-10.441635399999939],[-67.67926459999995,-10.390310299999953],[-67.65885829999996,-10.39890029999998],[-67.64671329999999,-10.390542499999981],[-67.63756769999998,-10.350819599999966],[-67.62584369999996,-10.342921399999966],[-67.62418159999999,-10.32029149999994],[-67.61170329999999,-10.314629399999944],[-67.61174879999999,-10.303131599999972],[-67.59701539999998,-10.309907299999963],[-67.50377109999994,-10.263657099999932],[-67.49759129999995,-10.233712999999966],[-67.44182279999995,-10.161605799999961],[-67.42849799999993,-10.096102299999927],[-67.34610279999998,-10.061576599999967],[-67.29788739999998,-10.06205719999997],[-67.25047669999998,-10.02732949999995],[-67.12466369999999,-9.969852999999944],[-67.10027579999996,-10.103834899999981],[-67.07612229999995,-10.087977699999954],[-67.07595949999995,-10.202418499999965],[-67.00238749999994,-10.202253199999973],[-67.00228189999996,-10.229739499999937],[-67.01578149999995,-10.258731199999943],[-67.02329699999996,-10.254151899999954],[-67.03511749999996,-10.264508599999942],[-67.04188469999997,-10.261874599999942],[-67.05154599999997,-10.267765499999939],[-67.04805919999995,-10.275680499999964],[-67.07915939999998,-10.289388199999962],[-67.09879579999995,-10.282156999999927],[-67.12578689999998,-10.290404199999955],[-67.14080459999997,-10.307317499999954],[-67.12808349999995,-10.315934199999958],[-67.13963039999999,-10.315290299999958],[-67.14401849999996,-10.32673479999994]]]}},{"id":"65","type":"Feature","properties":{"COD_IBGE":"1200393","MUNICIPIO":"Porto Walter","UF":"AC"},"geometry":{"type":"Polygon","coordinates":[[[-72.73158789999997,-8.672820499999943],[-72.73931839999995,-8.70388509999998],[-72.75101829999994,-8.715781299999946],[-72.77442289999993,-8.726729399999954],[-72.81018879999993,-8.723182599999973],[-72.83114469999998,-8.73664089999994],[-72.85017489999996,-8.73007789999997],[-72.85515349999997,-8.745106299999975],[-72.86657119999995,-8.751520099999937],[-72.91157609999993,-8.750062699999944],[-72.92440419999997,-8.760501799999929],[-72.95505749999995,-8.744812599999932],[-73.06160839999995,-8.763688699999932],[-73.08642689999994,-8.75963429999996],[-73.09181919999997,-8.751612399999942],[-73.11291919999996,-8.757057399999951],[-73.12802579999999,-8.771237399999961],[-73.13821389999998,-8.759574999999927],[-73.14237489999994,-8.722703299999978],[-73.16556829999996,-8.699916299999927],[-73.21636469999999,-8.678953599999943],[-73.24784719999997,-8.687341699999934],[-73.29028569999997,-8.661655999999937],[-73.29959359999998,-8.632217099999934],[-73.31314329999998,-8.631080299999951],[-73.31456239999994,-8.615167399999962],[-73.34144829999997,-8.615736699999957],[-73.32798259999998,-8.51707829999998],[-73.33214479999998,-8.47536679999996],[-73.22994079999995,-8.39456169999994],[-73.10180399999996,-8.33932249999998],[-73.08175509999995,-8.296892399999933],[-73.03761529999997,-8.282384099999945],[-73.01528059999998,-8.255387499999927],[-73.00179729999996,-8.222022399999958],[-72.96734169999996,-8.21716699999996],[-72.96090439999995,-8.208831199999963],[-72.95135369999997,-8.217036299999961],[-72.94325539999994,-8.213599099999954],[-72.94623809999996,-8.202183799999943],[-72.92780589999995,-8.20518889999994],[-72.93132259999999,-8.200472099999956],[-72.92282769999997,-8.201026299999967],[-72.92014809999995,-8.19292239999993],[-72.89419249999997,-8.18770969999997],[-72.86858269999993,-8.167532199999926],[-72.86865779999994,-8.15875989999995],[-72.86099459999997,-8.161689199999955],[-72.85781199999997,-8.150044899999955],[-72.83940379999996,-8.146206899999981],[-72.81325949999996,-8.120971299999951],[-72.80777149999994,-8.120175699999947],[-72.80114869999994,-8.146635199999935],[-72.81091129999999,-8.165383299999974],[-72.80560199999996,-8.168791299999953],[-72.80150759999998,-8.160918099999947],[-72.79526359999994,-8.167028099999925],[-72.79312559999994,-8.18882519999994],[-72.80050579999994,-8.204516399999932],[-72.76142789999994,-8.20090719999996],[-72.76082039999994,-8.210030699999948],[-72.73769679999998,-8.230881899999929],[-72.72583159999994,-8.21259269999996],[-72.67398449999996,-8.22316189999998],[-72.63402099999996,-8.185166699999968],[-72.55603559999997,-8.185978699999964],[-72.50684659999996,-8.233126599999935],[-72.46122799999995,-8.231513899999925],[-72.41797939999998,-8.253655999999978],[-72.39573829999995,-8.254414699999927],[-72.37332609999999,-8.238130299999966],[-72.35684319999996,-8.241198499999939],[-72.31942949999996,-8.229280099999926],[-72.30111359999995,-8.20529399999998],[-72.28551589999995,-8.207712399999934],[-72.26924039999994,-8.241599599999972],[-72.27128209999995,-8.254714299999932],[-72.22562989999994,-8.280891199999928],[-72.26601579999993,-8.390861099999938],[-72.23160059999998,-8.410261499999933],[-72.22833009999994,-8.51680399999998],[-72.20128639999996,-8.551900899999964],[-72.23019459999995,-8.596933699999965],[-72.21397509999997,-8.70082259999998],[-72.25722379999996,-8.724005899999952],[-72.30306369999994,-8.761508999999933],[-72.36086599999999,-8.78241319999995],[-72.37421849999998,-8.778303799999946],[-72.37692209999994,-8.76686129999996],[-72.39015379999995,-8.765522499999975],[-72.39704469999998,-8.753856399999961],[-72.41603449999997,-8.75017239999994],[-72.43797969999997,-8.762953799999934],[-72.44603729999994,-8.755021899999974],[-72.47044869999996,-8.761617399999977],[-72.49531239999999,-8.776694799999973],[-72.56618529999997,-8.764812799999959],[-72.63126719999997,-8.774866599999939],[-72.66195189999996,-8.757880899999975],[-72.66750579999996,-8.71856889999998],[-72.70535389999998,-8.687810199999944],[-72.71990289999997,-8.688985399999979],[-72.73158789999997,-8.672820499999943]]]}},{"id":"66","type":"Feature","properties":{"COD_IBGE":"1200401","MUNICIPIO":"Rio Branco","UF":"AC"},"geometry":{"type":"Polygon","coordinates":[[[-67.61088809999995,-10.048680399999967],[-67.63597589999995,-10.058467399999927],[-67.64622849999995,-10.080264899999975],[-67.67084379999994,-10.101907099999949],[-67.76565439999996,-10.109805199999926],[-67.82006079999996,-10.089467899999931],[-67.82944959999998,-10.122419499999978],[-67.81414499999994,-10.13313949999997],[-67.82190729999996,-10.144175399999938],[-67.81327149999998,-10.148545999999953],[-67.81870449999997,-10.159866999999963],[-67.80746259999995,-10.162742199999968],[-67.81162519999998,-10.178925499999934],[-67.80212889999996,-10.183878599999957],[-67.81227279999996,-10.19547609999995],[-67.80356419999998,-10.20336459999993],[-67.82776759999996,-10.210927199999958],[-67.81323099999997,-10.224629199999981],[-67.83283099999994,-10.252937799999927],[-67.81806549999999,-10.266834499999959],[-67.83485369999994,-10.27516079999998],[-67.84660099999996,-10.27092529999993],[-67.85608569999994,-10.28479029999994],[-67.84276369999998,-10.280844399999978],[-67.84620249999995,-10.28767449999998],[-67.94611099999997,-10.287499999999966],[-67.95988489999996,-10.314021799999978],[-67.99932499999994,-10.316025499999967],[-68.03841289999997,-10.351296799999943],[-68.02470519999997,-10.372476099999972],[-68.04051589999995,-10.388913499999944],[-68.06267189999994,-10.379479999999944],[-68.07004059999997,-10.383406299999933],[-68.09198479999998,-10.363721299999952],[-68.12366619999995,-10.375168499999972],[-68.15064539999997,-10.37052749999998],[-68.18628839999997,-10.382512799999972],[-68.20736429999994,-10.374579199999971],[-68.22914029999998,-10.389899499999956],[-68.27306239999996,-10.388660899999934],[-68.28146329999998,-10.403589999999951],[-68.31378299999994,-10.418209399999967],[-68.32753609999997,-10.409148799999969],[-68.32480649999997,-10.393651199999965],[-68.38755839999993,-10.37951499999997],[-68.39023699999996,-10.37339739999993],[-68.35448659999997,-10.357871699999976],[-68.35081149999996,-10.332207099999948],[-68.37545509999995,-10.311554299999955],[-68.41575969999997,-10.30719369999997],[-68.41183069999994,-10.268133599999942],[-68.43341059999995,-10.265312599999959],[-68.45210259999993,-10.247351599999945],[-68.45589119999994,-10.211350899999957],[-68.44250479999994,-10.191965099999948],[-68.45490569999998,-10.18309929999998],[-68.47081579999997,-10.19271939999993],[-68.47055239999997,-10.216759899999943],[-68.48883129999996,-10.227423099999953],[-68.49672029999994,-10.254503399999976],[-68.52716869999995,-10.256945799999926],[-68.53592639999994,-10.27586969999993],[-68.55355219999996,-10.279650499999946],[-68.56602299999997,-10.272938599999975],[-68.58132559999996,-10.294973999999968],[-68.61698609999996,-10.306634499999973],[-68.64173709999994,-10.30593749999997],[-68.66098589999996,-10.328002599999934],[-68.68164879999995,-10.331591599999967],[-68.68325069999997,-10.355435599999964],[-68.70642949999996,-10.364057699999933],[-68.71294079999996,-10.384014299999933],[-69.14939809999998,-10.38501649999995],[-69.15163569999999,-10.39890779999996],[-69.18270539999997,-10.398733299999947],[-69.19570119999997,-10.412346299999967],[-69.22112549999997,-10.415255599999966],[-69.24649159999996,-10.436742399999957],[-69.24737579999999,-10.453763899999956],[-69.28800719999998,-10.47024799999997],[-69.32295919999996,-10.472045099999946],[-69.34180819999995,-10.485328999999979],[-69.36378269999994,-10.463080599999955],[-69.34201489999998,-10.402850499999943],[-69.31088909999994,-10.363917499999957],[-69.17236849999995,-10.28653479999997],[-69.12083599999994,-10.268943699999966],[-69.03727869999994,-10.164430799999934],[-68.88508999999993,-10.062742899999932],[-68.80135619999999,-9.962082499999951],[-68.69439069999999,-9.886838699999942],[-68.66651799999994,-9.84097879999996],[-68.69291839999994,-9.750369399999954],[-68.70006039999998,-9.679266699999971],[-68.67272189999994,-9.560123399999952],[-68.63335029999996,-9.515917799999954],[-68.60776869999995,-9.505230899999958],[-68.60122029999997,-9.53801889999994],[-68.58415139999994,-9.539197999999942],[-68.51407169999999,-9.588726299999962],[-68.51024639999997,-9.575538699999981],[-68.48749969999994,-9.57075029999993],[-68.47179429999994,-9.547815399999934],[-68.45384129999997,-9.55196529999995],[-68.43492609999998,-9.54033389999995],[-68.41800729999994,-9.545500199999935],[-68.42757929999993,-9.600339299999973],[-68.45546209999998,-9.625154899999927],[-68.44050549999997,-9.641233599999964],[-68.44306649999999,-9.659045099999958],[-68.42249999999996,-9.691666599999962],[-68.45383549999997,-9.844437599999935],[-68.44269349999996,-9.828952899999933],[-68.42608069999994,-9.826419899999962],[-68.41372499999994,-9.810409499999935],[-68.39431419999994,-9.804248899999948],[-68.39341379999996,-9.792436499999951],[-68.37670149999997,-9.782907999999964],[-68.30024799999995,-9.794731699999943],[-68.27979209999995,-9.821518799999978],[-68.26775639999994,-9.823480299999972],[-68.15311649999995,-9.961066199999948],[-68.13748249999998,-9.935673299999962],[-68.10071839999995,-9.930770799999948],[-68.06820429999993,-9.894896099999926],[-68.05333819999998,-9.887545699999976],[-68.04505189999998,-9.891681699999936],[-67.97606579999996,-9.845582699999966],[-67.96941779999997,-9.853159999999946],[-67.92651759999995,-9.853832999999952],[-67.91928259999997,-9.846560999999951],[-67.86576139999994,-9.84144079999993],[-67.85398809999998,-9.857872499999928],[-67.82936409999996,-9.869881799999973],[-67.82529029999995,-9.85152409999995],[-67.83396149999999,-9.819946999999956],[-67.82266489999995,-9.797839299999964],[-67.82274549999994,-9.774923999999942],[-67.79580079999994,-9.76199829999996],[-67.79396939999998,-9.782264699999928],[-67.74351659999996,-9.739733799999954],[-67.70282909999997,-9.787365099999931],[-67.71816659999996,-9.805616199999974],[-67.70707329999993,-9.816991899999948],[-67.70999639999997,-9.836402299999975],[-67.68471699999998,-9.833779599999957],[-67.65320089999994,-9.86317239999994],[-67.62497659999997,-9.855822399999965],[-67.60056859999997,-9.865013499999975],[-67.60927169999997,-9.850514399999952],[-67.59239729999996,-9.84299249999998],[-67.59225059999994,-9.824034199999971],[-67.57995149999994,-9.822711899999945],[-67.58130209999996,-9.837457599999937],[-67.56679799999995,-9.851698099999965],[-67.52925439999996,-9.855468899999948],[-67.51311159999995,-9.88536879999998],[-67.51687949999996,-9.906312199999945],[-67.48220839999993,-9.926673799999946],[-67.49640709999994,-9.968913099999952],[-67.48962689999996,-9.997327599999949],[-67.50259119999998,-10.021036199999969],[-67.52941849999996,-10.021602799999926],[-67.53491659999997,-10.034754899999939],[-67.58069789999996,-10.069229499999949],[-67.61088809999995,-10.048680399999967]]]}},{"id":"67","type":"Feature","properties":{"COD_IBGE":"1200427","MUNICIPIO":"Rodrigues Alves","UF":"AC"},"geometry":{"type":"Polygon","coordinates":[[[-72.64301659999995,-7.742426499999965],[-72.62287609999998,-7.760337899999968],[-72.64284889999993,-7.7739881999999625],[-72.62019649999996,-7.771412299999952],[-72.62479159999998,-7.781356199999948],[-72.63674519999995,-7.783355399999948],[-72.63972829999994,-7.797135499999968],[-72.63175749999994,-7.804227099999935],[-72.63860839999995,-7.822963399999935],[-72.65225759999998,-7.820126799999969],[-72.65617759999998,-7.835518899999954],[-72.68092999999999,-7.824543699999936],[-72.68608249999994,-7.84571399999993],[-72.70562379999996,-7.843488099999945],[-72.73568089999998,-7.855361699999946],[-72.72149669999999,-7.8676463999999555],[-72.73827919999997,-7.876124799999957],[-72.74899759999994,-7.867395199999976],[-72.75374229999994,-7.880527899999947],[-72.76944049999997,-7.878442499999949],[-72.78103099999998,-7.897848199999942],[-72.79543579999995,-7.899262699999952],[-72.79747999999995,-7.90694869999993],[-72.80613389999996,-7.900610399999948],[-72.83600639999997,-7.915475499999957],[-72.85373689999994,-7.910194999999931],[-72.89272609999995,-7.930204799999956],[-72.91181199999994,-7.925973899999974],[-72.95285769999998,-7.948297299999979],[-72.97042719999996,-7.937134299999968],[-72.98753179999994,-7.942203699999936],[-73.00869439999997,-7.933668499999953],[-73.07439889999995,-7.94674619999995],[-73.11559879999999,-7.934026199999948],[-73.09195509999995,-7.8826446999999575],[-73.11320149999995,-7.892573899999945],[-73.12713499999995,-7.889934499999981],[-73.13669649999997,-7.900242799999944],[-73.17061299999995,-7.895835799999929],[-73.21310259999996,-7.912873499999932],[-73.23690899999997,-7.942098299999941],[-73.24764399999998,-7.93873229999997],[-73.26792389999997,-7.9535304999999425],[-73.29711479999997,-7.98873459999993],[-73.32241259999995,-7.997589399999981],[-73.34477969999995,-7.985176399999943],[-73.38007579999999,-7.992161499999952],[-73.39840469999996,-8.011540099999934],[-73.39957839999994,-8.030366699999945],[-73.63224289999994,-8.058960599999978],[-73.62344599999994,-8.03935729999995],[-73.62689449999993,-8.02148829999993],[-73.64594499999998,-8.003015699999935],[-73.67596939999999,-8.007805599999926],[-73.69761119999998,-7.96019629999995],[-73.72275549999995,-7.960055599999976],[-73.73125669999996,-7.968007899999975],[-73.74650019999996,-7.952557399999932],[-73.75091769999995,-7.923374099999933],[-73.77200529999999,-7.9019850999999335],[-73.75264959999998,-7.891935299999943],[-73.76720549999999,-7.860905599999967],[-73.75864629999995,-7.857268799999929],[-73.74202949999994,-7.8727020999999695],[-73.71300739999998,-7.875463399999944],[-73.68712779999998,-7.8540305999999305],[-73.68189489999997,-7.789657599999941],[-73.68380989999997,-7.776054899999963],[-73.69347239999996,-7.770907999999963],[-73.67484999999994,-7.740136499999949],[-73.53124609999998,-7.717296699999963],[-73.45188029999997,-7.770170199999939],[-73.41151519999994,-7.750193999999965],[-73.37400679999996,-7.751380599999948],[-73.36264509999995,-7.7290358999999285],[-73.32923119999998,-7.710527299999967],[-73.34185689999998,-7.737857199999951],[-73.30543569999998,-7.7581559999999286],[-73.30815529999995,-7.777620499999955],[-73.25154429999998,-7.792570099999978],[-73.17554049999995,-7.726210599999945],[-73.04061959999996,-7.669301299999972],[-72.97902569999997,-7.678777899999943],[-72.94832979999995,-7.6921985999999265],[-72.91381839999997,-7.664347899999939],[-72.79683319999998,-7.687118199999929],[-72.74065989999997,-7.725250899999935],[-72.65466689999994,-7.694766999999956],[-72.64561519999995,-7.674564799999928],[-72.64301659999995,-7.742426499999965]]]}},{"id":"68","type":"Feature","properties":{"COD_IBGE":"1200435","MUNICIPIO":"Santa Rosa do Purus","UF":"AC"},"geometry":{"type":"Polygon","coordinates":[[[-70.32767569999999,-9.393180799999925],[-70.27115049999998,-9.41991719999993],[-70.20423309999995,-9.437711799999931],[-70.15518119999996,-9.472146599999974],[-70.03541809999996,-9.50480829999998],[-70.04017429999993,-9.519765599999971],[-70.03712169999994,-9.527309599999967],[-70.02996549999995,-9.524231999999927],[-70.03867639999999,-9.53514999999993],[-70.04027429999996,-9.528238299999941],[-70.06186799999995,-9.532280899999932],[-70.06453289999996,-9.52541309999998],[-70.07734159999995,-9.533529399999964],[-70.07750519999996,-9.542102199999931],[-70.10145409999996,-9.535009299999956],[-70.10360579999997,-9.543128499999966],[-70.11308469999994,-9.538145199999974],[-70.11308469999994,-9.546609499999931],[-70.12380309999998,-9.539300399999945],[-70.13499029999997,-9.544041099999959],[-70.14121919999997,-9.562984099999937],[-70.14967419999994,-9.556617399999936],[-70.16333259999993,-9.585218099999963],[-70.17609949999996,-9.585695999999928],[-70.19076959999995,-9.603891399999952],[-70.18495729999995,-9.612029099999972],[-70.19009939999995,-9.62845649999997],[-70.20790079999995,-9.627874599999927],[-70.22848679999998,-9.655848899999967],[-70.22403699999995,-9.662742199999968],[-70.24403559999996,-9.671317099999953],[-70.24368769999995,-9.68156229999994],[-70.25908559999993,-9.684710099999961],[-70.27653859999998,-9.708723599999928],[-70.27459929999998,-9.717125499999952],[-70.29012129999995,-9.72083989999993],[-70.29863519999998,-9.747928299999955],[-70.32398679999994,-9.758380899999963],[-70.32935389999994,-9.804687499999943],[-70.35510579999993,-9.822847199999956],[-70.40178159999994,-9.88787439999993],[-70.43626249999994,-9.911859599999957],[-70.44004569999998,-9.93200829999995],[-70.47210919999998,-9.959357499999953],[-70.50208219999996,-9.964600099999927],[-70.53113529999996,-10.007888099999946],[-70.55536499999994,-10.022868499999959],[-70.57384029999997,-10.020021999999926],[-70.62057379999999,-10.079323699999975],[-70.62364049999996,-9.820392499999969],[-70.60834069999999,-9.801228399999957],[-70.59069859999994,-9.803683599999943],[-70.57818199999997,-9.777612999999974],[-70.55963859999997,-9.789549699999952],[-70.54563209999998,-9.778707299999951],[-70.52462429999997,-9.71476249999995],[-70.53089069999999,-9.71342999999996],[-70.54216399999996,-9.679839399999935],[-70.55249049999998,-9.668303399999957],[-70.56660429999994,-9.66792259999994],[-70.58522419999997,-9.640382999999929],[-70.59848499999998,-9.607438299999956],[-70.58770789999994,-9.598406999999952],[-70.58567479999994,-9.575281299999972],[-70.60026062999998,-9.557816927999966],[-70.59078706799994,-9.548379521999948],[-70.58375967999996,-9.556050078999931],[-70.58654917799998,-9.567730152999957],[-70.57561649399997,-9.56314915799993],[-70.56394351999995,-9.575093471999935],[-70.55351509099995,-9.570882857999948],[-70.55787099899999,-9.558959554999944],[-70.57053102499998,-9.55484396099996],[-70.56768788399995,-9.531355558999962],[-70.54148806599994,-9.537777998999957],[-70.53691758199994,-9.53050909999996],[-70.54674519599996,-9.525832375999926],[-70.54582251599999,-9.514669346999938],[-70.53426755899994,-9.510669613999937],[-70.52982582099997,-9.497664866999969],[-70.51548136799994,-9.502172670999926],[-70.51183356299998,-9.482627843999978],[-70.52346359999996,-9.47208779999994],[-70.52191866899994,-9.457240127999967],[-70.50378693599998,-9.463611043999947],[-70.51203741099994,-9.447164949999944],[-70.49527899999998,-9.44076199999995],[-70.49490614199993,-9.423915246999968],[-70.50951076999996,-9.42296003599995],[-70.52495224799998,-9.43664496499997],[-70.52576763899998,-9.427132779999965],[-70.53815407999997,-9.437430799999959],[-70.54622752899996,-9.426558600999954],[-70.54892046699996,-9.434504414999935],[-70.56173069799996,-9.428736242999946],[-70.58823360499997,-9.446593449999966],[-70.59571160399997,-9.441240882999978],[-70.59614075699994,-9.45959748699994],[-70.61188800599996,-9.457298334999962],[-70.61579330199999,-9.475804880999931],[-70.62217964199994,-9.469479166999974],[-70.63225401899996,-9.479373791999933],[-70.63608957799994,-9.501479572999926],[-70.64234985399997,-9.495500887999981],[-70.65178854699997,-9.49937910899996],[-70.65025432399995,-9.512256814999944],[-70.66246373899997,-9.526379936999945],[-70.66529883399994,-9.519134601999951],[-70.67891640899995,-9.53434460099993],[-70.71458174299994,-9.546953837999979],[-70.72945995599997,-9.570351237999944],[-70.73823882599999,-9.558787632999952],[-70.75029803799998,-9.560329645999957],[-70.75926197999996,-9.584313265999981],[-70.75668705999993,-9.604695893999974],[-70.76750709099997,-9.600742177999962],[-70.76532645499998,-9.60693058299995],[-70.78634156299995,-9.61421900299996],[-70.78404827399999,-9.622512167999957],[-70.79919470799996,-9.642334543999937],[-70.83619309899996,-9.642829030999962],[-70.83851589199998,-9.656626769999946],[-70.85353626299997,-9.65540778999997],[-70.86903406699997,-9.664723225999978],[-70.89810652999995,-9.71437915699994],[-70.92449276099995,-9.741468557999951],[-70.95281152399997,-9.741954967999959],[-70.96135167799997,-9.753052326999978],[-70.96319703699999,-9.747971590999953],[-70.99297760399998,-9.79472359999994],[-70.99417923399994,-9.817205147999971],[-71.05051769999994,-9.81556779999994],[-71.07063962499996,-9.827963030999967],[-71.10036759999997,-9.815936999999963],[-71.08931519999999,-9.778852599999937],[-71.10175999999996,-9.750575899999944],[-71.08877409999997,-9.739998599999979],[-71.07923809999994,-9.700053499999967],[-71.04549989999998,-9.642440799999974],[-70.95680249999998,-9.58626769999995],[-70.95109529999996,-9.535957099999962],[-70.90259429999998,-9.507689699999958],[-70.85584779999994,-9.448822399999926],[-70.79079659999996,-9.44885679999993],[-70.77042159999996,-9.422046799999976],[-70.73464819999998,-9.415558699999963],[-70.69347259999995,-9.37160769999997],[-70.63144169999998,-9.376849499999935],[-70.63956989999997,-9.312980699999969],[-70.62918229999997,-9.30631219999998],[-70.62723619999997,-9.270193699999936],[-70.57205309999995,-9.21312729999994],[-70.52769139999998,-9.138256599999977],[-70.49884099999997,-9.106742699999927],[-70.45292269999999,-9.10379439999997],[-70.40278329999995,-9.018236399999978],[-70.36509489999997,-8.98242659999994],[-70.31897859999998,-8.963629699999956],[-70.09009549999996,-8.973611399999982],[-69.86510479999998,-8.95749829999994],[-69.84134209999996,-9.023317299999974],[-69.82543639999994,-9.034272599999952],[-69.81990709999997,-9.076309299999934],[-69.80928559999995,-9.083485499999938],[-69.80842139999999,-9.099949399999957],[-69.79185659999996,-9.11040289999994],[-69.81954109999998,-9.14924069999995],[-69.83479749999998,-9.154642799999976],[-69.84113829999995,-9.143541999999968],[-69.85084789999996,-9.146433699999932],[-69.84826219999997,-9.155447799999934],[-69.83101019999998,-9.160150699999974],[-69.83532319999995,-9.168221699999947],[-69.84741459999998,-9.166442299999972],[-69.84372389999999,-9.17643019999997],[-69.85685599999994,-9.183770099999947],[-69.85012899999998,-9.188504299999977],[-69.85392699999994,-9.202696199999934],[-69.88009469999997,-9.206265299999927],[-69.88289489999994,-9.224575999999956],[-69.90736739999994,-9.216516899999931],[-69.90837589999995,-9.228790899999979],[-69.89403139999996,-9.236055499999964],[-69.91013539999994,-9.231988999999942],[-69.91287529999994,-9.250454699999977],[-69.92998239999997,-9.240924199999938],[-69.95263099999994,-9.242576199999974],[-69.95616609999996,-9.234120299999972],[-69.97036039999995,-9.239875799999936],[-69.96580059999997,-9.243163899999956],[-69.98192069999993,-9.251735999999937],[-69.98532169999999,-9.262272199999927],[-70.01213709999996,-9.254246999999964],[-70.02166429999994,-9.274498199999925],[-70.04076169999996,-9.289480799999978],[-70.08279189999996,-9.28582259999996],[-70.08926669999994,-9.278564199999948],[-70.11767669999995,-9.290206099999978],[-70.12906539999994,-9.282603699999981],[-70.14417689999993,-9.286616699999968],[-70.16130549999997,-9.266403199999957],[-70.21046499999994,-9.279707799999926],[-70.24584599999997,-9.314817299999959],[-70.26738149999994,-9.319737699999962],[-70.27199219999994,-9.340961799999945],[-70.29998379999995,-9.339548499999978],[-70.29641329999998,-9.365344099999959],[-70.32767569999999,-9.393180799999925]]]}},{"id":"69","type":"Feature","properties":{"COD_IBGE":"1200450","MUNICIPIO":"Senador Guiomard","UF":"AC"},"geometry":{"type":"Polygon","coordinates":[[[-67.50828849999994,-10.02465529999995],[-67.48962689999996,-9.997327599999949],[-67.49640709999994,-9.968913099999952],[-67.48144639999998,-9.924859199999958],[-67.44652399999995,-9.911680299999944],[-67.43756009999998,-9.880770699999971],[-67.43817699999994,-9.835749999999962],[-67.41955709999996,-9.824660699999981],[-67.40717069999994,-9.804558399999962],[-67.36802109999996,-9.78203899999994],[-67.33317389999996,-9.72151969999993],[-67.33720249999993,-9.682639299999948],[-67.32578709999996,-9.661698199999933],[-67.33968089999996,-9.622853199999952],[-67.32548289999994,-9.59252779999997],[-67.13498399999997,-9.675918099999933],[-67.14554939999994,-9.687969099999975],[-67.17026859999999,-9.685039599999982],[-67.17280799999997,-9.692245299999968],[-67.18779959999995,-9.692421499999966],[-67.19334329999998,-9.704570899999965],[-67.18510659999998,-9.710018999999932],[-67.09025089999994,-9.957290099999966],[-67.16519849999997,-9.984582799999941],[-67.25047669999998,-10.02732949999995],[-67.29788739999998,-10.06205719999997],[-67.34610279999998,-10.061576599999967],[-67.42849799999993,-10.096102299999927],[-67.44182279999995,-10.161605799999961],[-67.49759129999995,-10.233712999999966],[-67.50425119999994,-10.264198199999953],[-67.59701539999998,-10.309907299999963],[-67.61174879999999,-10.303131599999972],[-67.61170329999999,-10.314629399999944],[-67.62418159999999,-10.32029149999994],[-67.62584369999996,-10.342921399999966],[-67.63756769999998,-10.350819599999966],[-67.63785559999997,-10.368654899999967],[-67.68673189999998,-10.357272699999953],[-67.69594259999997,-10.323991499999977],[-67.71633229999998,-10.29191499999996],[-67.75662579999994,-10.270849899999973],[-67.76486489999996,-10.250643299999979],[-67.78025229999997,-10.240993699999933],[-67.78524119999997,-10.213489099999947],[-67.80009609999996,-10.211022599999978],[-67.80297309999997,-10.198053099999981],[-67.81162709999995,-10.198299599999928],[-67.80223219999993,-10.18248989999995],[-67.81162519999998,-10.178925499999934],[-67.80746259999995,-10.162742199999968],[-67.81870449999997,-10.159866999999963],[-67.81327149999998,-10.148545999999953],[-67.82190729999996,-10.144175399999938],[-67.81414499999994,-10.13313949999997],[-67.82944959999998,-10.122419499999978],[-67.82006079999996,-10.089467899999931],[-67.76565439999996,-10.109805199999926],[-67.67084379999994,-10.101907099999949],[-67.62114509999998,-10.04844339999994],[-67.61014679999994,-10.04805209999995],[-67.58069789999996,-10.069229499999949],[-67.53491659999997,-10.034754899999939],[-67.52941849999996,-10.021602799999926],[-67.50828849999994,-10.02465529999995]]]}},{"id":"70","type":"Feature","properties":{"COD_IBGE":"1200500","MUNICIPIO":"Sena Madureira","UF":"AC"},"geometry":{"type":"Polygon","coordinates":[[[-68.64781819999996,-9.048874599999976],[-68.21989819999999,-9.242753099999959],[-68.24631579999993,-9.263558699999976],[-68.26888029999998,-9.266061799999932],[-68.28593339999998,-9.284147299999972],[-68.31643039999994,-9.295409199999938],[-68.34767939999995,-9.291061899999931],[-68.40075199999995,-9.323836999999969],[-68.33029679999999,-9.441977799999961],[-68.33127709999997,-9.457155299999954],[-68.35547199999996,-9.49202159999993],[-68.36957929999994,-9.49949179999993],[-68.38339719999993,-9.496415499999955],[-68.38666989999996,-9.505137799999943],[-68.39688649999994,-9.501459099999977],[-68.41166379999999,-9.52266439999994],[-68.41191409999993,-9.542487299999948],[-68.43524589999998,-9.540351599999951],[-68.45384129999997,-9.55196529999995],[-68.47179429999994,-9.547815399999934],[-68.48749969999994,-9.57075029999993],[-68.51024639999997,-9.575538699999981],[-68.51407169999999,-9.588726299999962],[-68.58415139999994,-9.539197999999942],[-68.60122029999997,-9.53801889999994],[-68.60776869999995,-9.505230899999958],[-68.63335029999996,-9.515917799999954],[-68.67272189999994,-9.560123399999952],[-68.70006039999998,-9.679266699999971],[-68.69291839999994,-9.750369399999954],[-68.66651799999994,-9.84097879999996],[-68.69439069999999,-9.886838699999942],[-68.80135619999999,-9.962082499999951],[-68.88508999999993,-10.062742899999932],[-69.03727869999994,-10.164430799999934],[-69.12083599999994,-10.268943699999966],[-69.17236849999995,-10.28653479999997],[-69.31088909999994,-10.363917499999957],[-69.34201489999998,-10.402850499999943],[-69.36378269999994,-10.463080599999955],[-69.34180819999995,-10.485328999999979],[-69.50787529999997,-10.50500089999997],[-69.53286439999994,-10.484817899999939],[-69.53538839999999,-10.460370699999942],[-69.54512339999997,-10.447414199999969],[-69.53974709999994,-10.422226999999964],[-69.55383539999997,-10.39803269999993],[-69.59214729999997,-10.370176899999933],[-69.59279779999997,-10.37728999999996],[-69.61727149999996,-10.384953099999962],[-69.61104909999995,-10.394380199999944],[-69.63060749999994,-10.396075799999949],[-69.62668469999994,-10.405638199999942],[-69.63425619999998,-10.404309999999953],[-69.65042359999995,-10.420462199999974],[-69.64598409999996,-10.429834699999958],[-69.65641979999998,-10.422073399999931],[-69.66447929999998,-10.427322899999979],[-69.66983269999997,-10.418852299999969],[-69.67543459999996,-10.42809989999995],[-69.68320039999998,-10.41146139999995],[-69.68795749999998,-10.43792579999996],[-69.69699729999996,-10.432226799999967],[-69.70978679999996,-10.437706699999978],[-69.70608679999998,-10.447898499999951],[-69.71495049999999,-10.444754199999977],[-69.73013879999996,-10.45498669999995],[-69.74291019999998,-10.44702209999997],[-69.75856829999998,-10.45613869999994],[-69.75828819999998,-10.46345279999997],[-69.78535799999997,-10.461483099999953],[-69.78890889999997,-10.476291899999978],[-69.80737699999997,-10.486068099999954],[-69.79853139999994,-10.505403599999966],[-69.83256879999993,-10.509383199999945],[-69.83275199999997,-10.540757799999938],[-69.86402729999998,-10.540421599999945],[-69.87457059999997,-10.562200299999972],[-69.88848579999996,-10.553883199999973],[-69.89852119999995,-10.558864999999969],[-69.90564819999997,-10.54402559999994],[-69.92260349999998,-10.561730299999965],[-69.93043819999997,-10.548973299999943],[-69.93971879999998,-10.56643379999997],[-69.95790939999995,-10.580292699999973],[-69.96663289999998,-10.574544599999967],[-69.97705969999998,-10.586410899999976],[-69.99154699999997,-10.571064299999932],[-69.99772679999995,-10.575061499999947],[-69.99447589999994,-10.583730699999933],[-70.00603719999998,-10.582183099999952],[-70.04475129999997,-10.606499299999939],[-70.04073059999996,-10.615692699999954],[-70.05104909999994,-10.608555699999954],[-70.05579119999999,-10.618636999999978],[-70.07031809999995,-10.616243199999928],[-70.06760259999999,-10.633897699999977],[-70.07856959999998,-10.63373919999998],[-70.09102469999993,-10.651643999999976],[-70.10183099999995,-10.64041489999994],[-70.10789089999997,-10.647858699999972],[-70.12224569999995,-10.638840699999946],[-70.12242329999998,-10.656381899999928],[-70.13134679999996,-10.65405949999996],[-70.15167589999999,-10.673542399999974],[-70.16248059999998,-10.665030299999955],[-70.16606179999997,-10.673467799999969],[-70.17608639999997,-10.673752699999966],[-70.17876549999994,-10.690743099999963],[-70.20167029999993,-10.689508599999954],[-70.20683859999997,-10.701873299999932],[-70.21942709999996,-10.68506599999995],[-70.25158329999994,-10.697566299999949],[-70.25768769999996,-10.71404119999994],[-70.27118499999995,-10.707095899999956],[-70.27471869999994,-10.693035599999973],[-70.27631939999998,-10.708710099999962],[-70.28650689999995,-10.696243699999968],[-70.30707159999997,-10.699872399999947],[-70.31413089999995,-10.714086899999927],[-70.32493479999994,-10.71291679999996],[-70.32898619999997,-10.719955599999935],[-70.33330329999995,-10.707772299999931],[-70.34309869999998,-10.704852099999925],[-70.34169329999997,-10.71760779999994],[-70.36497479999997,-10.713338399999941],[-70.36648759999997,-10.73041569999998],[-70.38016069999998,-10.731628499999943],[-70.38271099999997,-10.720226899999943],[-70.40082729999995,-10.725775099999964],[-70.42006949999995,-10.710100499999953],[-70.42284349999994,-10.724716999999941],[-70.43518779999994,-10.714332899999931],[-70.44279789999996,-10.720315099999937],[-70.44626719999997,-10.710196999999937],[-70.45786509999994,-10.713359499999967],[-70.45981779999994,-10.701320499999952],[-70.46608929999996,-10.715418099999965],[-70.48451759999995,-10.724723799999936],[-70.50192839999994,-10.71433989999997],[-70.50833359999996,-10.727801499999941],[-70.51426659999998,-10.717291599999953],[-70.52600389999998,-10.71946319999995],[-70.53359999999998,-10.712041799999952],[-70.53460849999993,-10.704082599999936],[-70.52253849999994,-10.700097599999935],[-70.55457479999995,-10.687646899999947],[-70.57060369999994,-10.690841299999931],[-70.57832739999998,-10.703643499999941],[-70.59972179999994,-10.697219599999926],[-70.61974869999995,-10.712955999999963],[-70.62049059999998,-10.424951599999929],[-70.25609689999999,-10.425497999999948],[-70.24016229999995,-10.34205849999995],[-70.21880149999998,-10.311947999999973],[-70.22702319999996,-10.292226399999947],[-70.13623619999998,-10.194250999999952],[-70.04262739999996,-9.98992359999994],[-70.03773809999996,-9.952219899999932],[-70.04363969999997,-9.931196799999952],[-70.03224599999999,-9.892504199999962],[-70.03879169999993,-9.865571599999953],[-70.02112039999997,-9.832148699999948],[-69.97722279999994,-9.782390599999928],[-69.97236459999993,-9.706916099999944],[-69.94609939999998,-9.674824799999953],[-69.92742089999996,-9.628925299999935],[-69.93134739999994,-9.611191099999928],[-69.86917679999993,-9.521419899999955],[-69.86069339999995,-9.439384599999926],[-69.84741329999997,-9.424318399999947],[-69.81761719999997,-9.424388799999974],[-69.78374899999994,-9.380482699999959],[-69.79736059999993,-9.334250599999962],[-69.78472649999998,-9.329921099999979],[-69.76989579999997,-9.338679599999978],[-69.69051679999995,-9.229533599999968],[-69.66787539999996,-9.236098499999969],[-69.61238729999997,-9.209013299999981],[-69.58780729999995,-9.178710599999931],[-69.55854479999994,-9.179411899999934],[-69.45845709999998,-9.145395399999927],[-69.43221779999993,-9.117798499999935],[-69.38713569999999,-9.093391199999928],[-69.34960639999997,-9.046588699999973],[-69.23364149999998,-9.039809099999957],[-69.22330419999997,-8.995437399999958],[-69.20071649999994,-8.955698899999959],[-69.17647999999997,-8.94197349999996],[-69.11113209999996,-8.955498299999931],[-69.08461939999995,-8.930797299999938],[-69.08117719999996,-8.905961399999967],[-69.07025999999996,-8.895117699999957],[-69.02270029999994,-8.886303099999964],[-69.01057459999998,-8.869669399999964],[-68.98467909999994,-8.860547499999939],[-68.97134729999993,-8.841467699999953],[-68.93216559999996,-8.830476799999929],[-68.92133009999998,-8.814264099999946],[-68.64781819999996,-9.048874599999976]]]}},{"id":"71","type":"Feature","properties":{"COD_IBGE":"1200609","MUNICIPIO":"Tarauacá","UF":"AC"},"geometry":{"type":"Polygon","coordinates":[[[-70.55513279999997,-8.156786799999963],[-70.58034559999999,-8.196855099999937],[-70.56442429999998,-8.214110399999981],[-70.58582289999998,-8.230548799999951],[-70.63347819999996,-8.310982299999978],[-70.62492789999999,-8.340658899999937],[-70.68012409999994,-8.382654899999977],[-70.67605179999998,-8.437887499999931],[-70.65295409999999,-8.466404299999965],[-70.70249399999994,-8.477102299999956],[-70.68841599999996,-8.523194599999954],[-70.72687089999994,-8.569672399999945],[-70.74228219999998,-8.609113599999944],[-70.76777999999996,-8.610788499999956],[-70.78395629999994,-8.639988499999959],[-70.83647539999998,-8.646156899999937],[-70.85796929999998,-8.669929599999932],[-70.87350029999993,-8.64093029999998],[-70.89226439999999,-8.640003599999943],[-70.92376359999997,-8.59617069999996],[-70.94650869999998,-8.618638399999952],[-70.94125159999999,-8.62621219999994],[-70.94916939999996,-8.622138999999947],[-70.96378209999995,-8.634528399999965],[-70.96240879999993,-8.651223799999968],[-70.96687199999997,-8.643565699999954],[-70.98260049999993,-8.649866199999963],[-70.97747209999994,-8.667769999999962],[-70.99187019999994,-8.669276099999934],[-70.98837259999993,-8.676339799999937],[-71.00345739999995,-8.690848599999981],[-71.01562389999998,-8.685418499999969],[-71.00686909999996,-8.710086799999942],[-71.01974369999994,-8.717149699999936],[-71.01403599999998,-8.725633499999958],[-71.02845549999995,-8.717785999999933],[-71.03210329999996,-8.733523299999945],[-71.04248889999997,-8.728517999999951],[-71.04291799999999,-8.735156399999937],[-71.06032019999998,-8.741624999999942],[-71.05697279999998,-8.756703899999934],[-71.08379489999999,-8.75498609999994],[-71.07448219999998,-8.765568499999972],[-71.07825879999996,-8.779267999999945],[-71.08207829999998,-8.766183599999977],[-71.09366539999996,-8.761730099999966],[-71.10280639999996,-8.776659699999925],[-71.10711939999999,-8.76455059999995],[-71.12022999999994,-8.773478699999941],[-71.12349159999997,-8.76694699999996],[-71.13301879999995,-8.777953299999979],[-71.12819079999997,-8.784039399999926],[-71.14441279999994,-8.781218999999965],[-71.14784599999996,-8.793285099999935],[-71.15921859999997,-8.797801899999968],[-71.17539909999994,-8.788636899999972],[-71.18531109999998,-8.799667899999974],[-71.18533259999998,-8.813408599999946],[-71.19709139999998,-8.80496919999996],[-71.22142439999993,-8.819833399999936],[-71.22563009999993,-8.839022499999942],[-71.23719579999994,-8.834357799999964],[-71.24240999999995,-8.855072699999937],[-71.25543479999999,-8.845298499999956],[-71.26966119999997,-8.851828799999964],[-71.26528389999999,-8.839700999999934],[-71.27483249999995,-8.850492999999972],[-71.29519589999995,-8.841842499999927],[-71.29442339999997,-8.849984199999938],[-71.29968049999997,-8.846506999999974],[-71.31002309999997,-8.864210599999979],[-71.31598829999996,-8.853948999999943],[-71.32206089999994,-8.86912929999994],[-71.32309079999999,-8.861475599999949],[-71.33480669999994,-8.875510799999972],[-71.33851889999994,-8.868090399999971],[-71.34847529999996,-8.880259699999954],[-71.35600689999995,-8.873920699999928],[-71.36664989999997,-8.891198999999972],[-71.38405209999996,-8.896477699999934],[-71.38117679999993,-8.883248999999978],[-71.39014609999998,-8.889990599999976],[-71.39606839999993,-8.877948799999956],[-71.40920049999994,-8.875934799999925],[-71.42113089999998,-8.886746999999957],[-71.44252419999998,-8.86902329999998],[-71.44788629999994,-8.874388499999952],[-71.46887429999998,-8.868132799999955],[-71.46990419999997,-8.87784279999994],[-71.48155149999997,-8.884086399999944],[-71.50255699999997,-8.869553099999962],[-71.52450929999998,-8.873854699999981],[-71.55258989999999,-8.850767099999928],[-71.61859329999999,-8.858419699999956],[-71.61803799999996,-8.82081919999996],[-71.59794749999998,-8.804800499999942],[-71.57322539999996,-8.75500859999994],[-71.54252949999994,-8.739316599999938],[-71.54496559999995,-8.709191999999973],[-71.55588759999995,-8.700686599999926],[-71.56062969999994,-8.67954949999995],[-71.55629999999996,-8.648429699999951],[-71.56605179999997,-8.648094799999967],[-71.57330449999995,-8.659592499999974],[-71.58227379999994,-8.653016399999956],[-71.60368859999994,-8.662053199999946],[-71.60441809999998,-8.678344399999958],[-71.61390239999997,-8.664641199999949],[-71.62724909999997,-8.676901999999927],[-71.61853729999996,-8.69009559999995],[-71.63694799999996,-8.68636239999995],[-71.63929719999999,-8.697123399999953],[-71.64872819999994,-8.694380299999978],[-71.65796569999998,-8.706247699999949],[-71.66787919999996,-8.696989299999927],[-71.68257769999997,-8.698537699999974],[-71.67409119999996,-8.716333099999929],[-71.69380009999998,-8.718793499999947],[-71.69128949999998,-8.730045099999927],[-71.70827329999997,-8.730755599999952],[-71.71659879999999,-8.722229399999947],[-71.71662569999995,-8.745612199999925],[-71.72629769999998,-8.745426599999973],[-71.72948419999994,-8.755532199999948],[-71.73990719999995,-8.75328419999994],[-71.73828719999995,-8.762403399999926],[-71.75570009999996,-8.765473099999952],[-71.74703649999998,-8.774576199999956],[-71.76581739999995,-8.784993699999973],[-71.76452989999996,-8.798194199999955],[-71.78338049999996,-8.81471259999995],[-71.78604119999994,-8.804407199999957],[-71.79524659999998,-8.80481009999994],[-71.79421659999997,-8.817426799999964],[-71.81393619999994,-8.821179899999947],[-71.81189769999997,-8.83042469999998],[-71.82767239999998,-8.823006999999961],[-71.83603759999994,-8.828219499999932],[-71.84002339999995,-8.820941299999959],[-71.84808609999999,-8.82589239999993],[-71.85193769999995,-8.814267399999949],[-71.86030619999997,-8.820395299999973],[-71.88850159999998,-8.806358099999954],[-71.89176319999996,-8.811743999999976],[-71.89781959999993,-8.802758599999947],[-71.90905269999996,-8.806623099999968],[-71.91906269999998,-8.787464199999931],[-71.92683569999997,-8.79352369999998],[-71.96819539999996,-8.777449599999954],[-71.98255589999997,-8.782788299999936],[-71.98878399999995,-8.796444699999938],[-72.01864779999994,-8.805223599999977],[-72.05428629999994,-8.839210699999967],[-72.07223939999994,-8.840833999999973],[-72.08092379999994,-8.854372199999943],[-72.07789569999994,-8.868134699999928],[-72.12483539999994,-8.828533099999959],[-72.14397859999997,-8.711807199999953],[-72.21397509999997,-8.70082259999998],[-72.23019459999995,-8.596933699999965],[-72.20128639999996,-8.551900899999964],[-72.22833009999994,-8.51680399999998],[-72.23160059999998,-8.410261499999933],[-72.26601579999993,-8.390861099999938],[-72.22562989999994,-8.280891199999928],[-72.26629999999994,-8.260568399999954],[-72.26169959999999,-8.05909859999997],[-72.22568519999999,-8.020362499999976],[-72.21612899999997,-7.976066599999967],[-72.18268489999997,-7.946619399999975],[-72.12932029999996,-7.91799889999993],[-72.08519259999997,-7.860351099999946],[-72.06161069999996,-7.847671699999978],[-72.05523639999996,-7.851871199999948],[-72.04915309999996,-7.839074599999947],[-72.00085299999995,-7.80837589999993],[-71.94542499999994,-7.626754399999982],[-70.51515079999996,-7.792376799999943],[-70.54438099999999,-7.8067905999999425],[-70.54578319999996,-7.821109999999976],[-70.57748029999993,-7.841628899999932],[-70.57033169999994,-7.853091499999948],[-70.57981049999995,-7.85589049999993],[-70.58378969999995,-7.87298329999993],[-70.60761279999997,-7.8746858999999745],[-70.60043369999994,-7.8937894999999685],[-70.62026169999996,-7.893635299999971],[-70.61964409999996,-7.911663699999963],[-70.63686379999996,-7.921930199999963],[-70.63858039999997,-7.908997599999964],[-70.64769989999996,-7.909762799999953],[-70.64172389999999,-7.923556099999928],[-70.62973979999998,-7.9268714999999474],[-70.64261439999996,-7.929156099999943],[-70.63240059999998,-7.942364399999974],[-70.64694079999998,-7.9519116999999255],[-70.63238179999996,-7.964234599999941],[-70.63215649999995,-7.983805999999959],[-70.62461139999994,-7.980674299999976],[-70.61757869999997,-7.99313989999996],[-70.59214329999998,-7.989854199999968],[-70.58512929999995,-7.99571629999997],[-70.58942079999997,-8.00402459999998],[-70.56807179999998,-8.043005999999934],[-70.57878189999997,-8.061553899999979],[-70.57815149999993,-8.115779699999962],[-70.55513279999997,-8.156786799999963]]]}},{"id":"72","type":"Feature","properties":{"COD_IBGE":"1200708","MUNICIPIO":"Xapuri","UF":"AC"},"geometry":{"type":"Polygon","coordinates":[[[-68.45876589999995,-10.81561469999997],[-68.47871079999999,-10.835663099999977],[-68.50687399999998,-10.808843799999977],[-68.54479769999995,-10.792714299999943],[-68.56159369999995,-10.766088799999977],[-68.55442689999995,-10.756897799999933],[-68.54148789999994,-10.765561799999944],[-68.54244279999995,-10.756065099999944],[-68.53210019999995,-10.748286199999939],[-68.54465289999996,-10.729249299999935],[-68.53205719999994,-10.727752399999929],[-68.53265809999994,-10.719962299999963],[-68.55210119999998,-10.716784599999926],[-68.60547989999998,-10.65777339999994],[-68.64360879999998,-10.654994999999928],[-68.63657759999995,-10.619985099999951],[-68.64898009999996,-10.614459499999953],[-68.65391539999996,-10.621730299999967],[-68.67158039999998,-10.61890429999994],[-68.68568879999998,-10.63317139999998],[-68.70107399999995,-10.632106399999941],[-68.71188329999995,-10.64684219999998],[-68.73265429999998,-10.645387099999937],[-68.75730379999999,-10.674257099999977],[-68.78165289999998,-10.662638199999947],[-68.80832479999998,-10.671294399999965],[-68.80263849999994,-10.681958799999961],[-68.81455819999996,-10.691099299999962],[-68.80543869999997,-10.715767999999969],[-68.82403719999996,-10.72355829999998],[-68.85283159999994,-10.757821399999955],[-68.87756699999994,-10.758067299999936],[-68.88381439999995,-10.768780599999957],[-68.92097019999994,-10.779788999999937],[-68.97586729999995,-10.770988999999929],[-68.97834679999994,-10.744320999999957],[-68.95682819999996,-10.730539999999962],[-68.94763649999999,-10.711669899999947],[-68.94781179999995,-10.67553849999996],[-68.93226419999996,-10.676615399999946],[-68.92602319999997,-10.666270999999938],[-68.91342219999996,-10.637681099999952],[-68.92613579999994,-10.616275099999939],[-68.90805779999994,-10.603794599999958],[-68.90143809999995,-10.582697399999972],[-68.92880169999995,-10.575360399999965],[-68.97084919999998,-10.584208199999978],[-68.97968579999997,-10.574314399999935],[-69.00164739999997,-10.587090799999942],[-69.05181179999994,-10.583927899999935],[-69.06628179999996,-10.590263799999946],[-69.08220129999995,-10.578637999999955],[-69.08555849999993,-10.559428499999967],[-69.10285919999995,-10.55375129999993],[-69.11829729999994,-10.524969299999952],[-69.16317849999996,-10.509348199999977],[-69.16835009999994,-10.476514699999939],[-69.13971309999994,-10.434789199999955],[-69.12877839999999,-10.402117699999962],[-69.13156349999997,-10.385027999999977],[-68.71294079999996,-10.384014299999933],[-68.70642949999996,-10.364057699999933],[-68.68325069999997,-10.355435599999964],[-68.68164879999995,-10.331591599999967],[-68.66098589999996,-10.328002599999934],[-68.64173709999994,-10.30593749999997],[-68.61698609999996,-10.306634499999973],[-68.58132559999996,-10.294973999999968],[-68.56602299999997,-10.272938599999975],[-68.55355219999996,-10.279650499999946],[-68.53592639999994,-10.27586969999993],[-68.52716869999995,-10.256945799999926],[-68.49672029999994,-10.254503399999976],[-68.48883129999996,-10.227423099999953],[-68.47055239999997,-10.216759899999943],[-68.47081579999997,-10.19271939999993],[-68.45342869999996,-10.183067899999969],[-68.44250479999994,-10.191965099999948],[-68.45589119999994,-10.211350899999957],[-68.45210259999993,-10.247351599999945],[-68.43341059999995,-10.265312599999959],[-68.41183069999994,-10.268133599999942],[-68.41575969999997,-10.30719369999997],[-68.37545509999995,-10.311554299999955],[-68.35081149999996,-10.332207099999948],[-68.35448659999997,-10.357871699999976],[-68.39023699999996,-10.37339739999993],[-68.38755839999993,-10.37951499999997],[-68.32480649999997,-10.393651199999965],[-68.32753609999997,-10.409148799999969],[-68.31378299999994,-10.418209399999967],[-68.28146329999998,-10.403589999999951],[-68.27306239999996,-10.388660899999934],[-68.22914029999998,-10.389899499999956],[-68.20736429999994,-10.374579199999971],[-68.18628839999997,-10.382512799999972],[-68.15064539999997,-10.37052749999998],[-68.12366619999995,-10.375168499999972],[-68.09198479999998,-10.363721299999952],[-68.07004059999997,-10.383406299999933],[-68.06267189999994,-10.379479999999944],[-68.04064009999996,-10.388910299999964],[-68.05639799999994,-10.412863499999958],[-68.05388789999995,-10.420970499999953],[-68.06381009999996,-10.425132399999939],[-68.03698569999995,-10.490830699999947],[-68.03013539999995,-10.538788899999929],[-68.01792859999995,-10.551258799999971],[-68.01540999999997,-10.568168499999956],[-67.98426419999998,-10.593722499999956],[-68.01634699999994,-10.602471499999979],[-68.00237969999995,-10.649197799999968],[-68.03312319999998,-10.655790399999944],[-68.03354699999994,-10.666940299999965],[-68.07677749999993,-10.684617099999969],[-68.10538059999993,-10.715205599999933],[-68.10530279999995,-10.74128479999996],[-68.09701479999995,-10.749385299999972],[-68.10730639999997,-10.764879599999972],[-68.10402609999994,-10.776763199999948],[-68.17318949999998,-10.83963069999993],[-68.18246999999997,-10.857380399999954],[-68.19612779999994,-10.858592199999975],[-68.20720809999995,-10.902037199999938],[-68.22429909999994,-10.911615199999972],[-68.23768439999998,-10.956370499999935],[-68.27799719999996,-10.989079699999934],[-68.30720809999997,-10.99193299999996],[-68.33104089999995,-11.01259559999994],[-68.34144729999997,-11.004974299999958],[-68.36053199999998,-11.006397399999969],[-68.38645719999994,-11.019790899999975],[-68.38820869999995,-11.040580199999965],[-68.39858399999997,-11.03675009999995],[-68.40014459999998,-11.00112379999996],[-68.41080429999994,-10.98872659999995],[-68.40393119999999,-10.984186099999931],[-68.40317589999995,-10.964135599999963],[-68.41853439999994,-10.937330299999928],[-68.41412189999994,-10.934362299999975],[-68.42300059999997,-10.93244969999995],[-68.42172569999997,-10.920965699999954],[-68.41318129999996,-10.91837229999993],[-68.42113359999996,-10.909950899999956],[-68.40188339999997,-10.894103799999925],[-68.40872409999997,-10.881312599999944],[-68.40253529999995,-10.857968999999969],[-68.42620039999997,-10.839165999999977],[-68.42730089999998,-10.825407299999938],[-68.45876589999995,-10.81561469999997]]]}},{"id":"73","type":"Feature","properties":{"COD_IBGE":"1200807","MUNICIPIO":"Porto Acre","UF":"AC"},"geometry":{"type":"Polygon","coordinates":[[[-67.70282909999997,-9.787365099999931],[-67.74351659999996,-9.739733799999954],[-67.79396939999998,-9.782264699999928],[-67.79580079999994,-9.76199829999996],[-67.80946909999994,-9.751460799999961],[-67.80531509999997,-9.74146049999996],[-67.82781969999996,-9.75217559999993],[-67.84650679999999,-9.743729899999948],[-67.84591669999998,-9.73619679999996],[-67.85412799999995,-9.739334199999973],[-67.85704049999998,-9.726728299999934],[-67.86462259999996,-9.740795699999978],[-67.87548549999997,-9.720475499999964],[-67.90603029999994,-9.711921099999927],[-67.91401629999996,-9.705683999999962],[-67.91218149999997,-9.696005999999954],[-67.92366099999998,-9.692559099999926],[-67.92173239999994,-9.676126999999951],[-67.91003579999995,-9.66926589999997],[-68.09033869999996,-9.557801899999959],[-68.07405079999995,-9.524529899999948],[-68.02978439999998,-9.493922099999963],[-68.01770319999997,-9.468971199999942],[-68.02633319999995,-9.443169699999942],[-68.03930349999996,-9.437145999999927],[-68.05612569999994,-9.412256799999966],[-68.05930249999994,-9.388883999999962],[-68.04673339999994,-9.359142099999929],[-68.05165299999999,-9.354236699999944],[-68.03190339999998,-9.344167999999968],[-68.02076109999996,-9.358152099999927],[-67.97716549999996,-9.352592099999981],[-67.51688199999995,-9.560906699999975],[-67.32548289999994,-9.59252779999997],[-67.33968089999996,-9.622853199999952],[-67.32578709999996,-9.661698199999933],[-67.33720249999993,-9.682639299999948],[-67.33317389999996,-9.72151969999993],[-67.36802109999996,-9.78203899999994],[-67.40717069999994,-9.804558399999962],[-67.41955709999996,-9.824660699999981],[-67.43817699999994,-9.835749999999962],[-67.43756009999998,-9.880770699999971],[-67.44936719999998,-9.917651599999942],[-67.46949449999994,-9.91501999999997],[-67.48220839999993,-9.926673799999946],[-67.51687949999996,-9.906312199999945],[-67.51311159999995,-9.88536879999998],[-67.52854129999997,-9.856318399999964],[-67.56679799999995,-9.851698099999965],[-67.58130209999996,-9.837457599999937],[-67.57995149999994,-9.822711899999945],[-67.59225059999994,-9.824034199999971],[-67.59239729999996,-9.84299249999998],[-67.60927169999997,-9.850514399999952],[-67.60056859999997,-9.865013499999975],[-67.62497659999997,-9.855822399999965],[-67.65320089999994,-9.86317239999994],[-67.68471699999998,-9.833779599999957],[-67.70999639999997,-9.836402299999975],[-67.70707329999993,-9.816991899999948],[-67.71816659999996,-9.805616199999974],[-67.70282909999997,-9.787365099999931]]]}}]}