{"type":"FeatureCollection","features":[{"id":"1827","type":"Feature","properties":{"COD_IBGE":"2900108","MUNICIPIO":"Abaíra","UF":"BA"},"geometry":{"type":"Polygon","coordinates":[[[-41.746666199999936,-13.325091399999963],[-41.76551479999995,-13.353941899999938],[-41.79143549999998,-13.373103299999968],[-41.795532899999955,-13.423891799999979],[-41.870561399999985,-13.363844299999926],[-41.86948659999996,-13.34596799999997],[-41.90913629999994,-13.31144839999996],[-41.90041599999995,-13.303961299999969],[-41.90949589999997,-13.293958399999951],[-41.904544199999975,-13.287958999999944],[-41.91850169999998,-13.248652299999947],[-41.901665899999955,-13.221690099999932],[-41.88825829999996,-13.21079199999997],[-41.87484129999996,-13.21364479999994],[-41.85758219999997,-13.189256199999932],[-41.78907959999998,-13.28057599999994],[-41.73470539999994,-13.25280859999998],[-41.72567859999998,-13.23558399999996],[-41.69026539999993,-13.216255799999942],[-41.69051509999997,-13.206835299999966],[-41.67364159999994,-13.193052799999975],[-41.67668469999995,-13.179567599999928],[-41.65357099999994,-13.16836589999997],[-41.640913799999964,-13.189975699999934],[-41.60469989999996,-13.21963349999993],[-41.59201449999995,-13.25469069999997],[-41.59028329999995,-13.268697699999962],[-41.60245519999995,-13.271741899999938],[-41.603292599999975,-13.286879099999965],[-41.59502799999996,-13.296407899999963],[-41.61246629999994,-13.341967799999964],[-41.605197499999974,-13.42485419999997],[-41.61722169999996,-13.426872499999945],[-41.62090799999993,-13.416354799999965],[-41.63403639999996,-13.413047899999981],[-41.64086759999998,-13.394663999999977],[-41.64917819999994,-13.395784799999944],[-41.664239899999984,-13.36966259999997],[-41.67676499999993,-13.365174299999978],[-41.66810269999996,-13.360330699999963],[-41.67187759999996,-13.352994399999943],[-41.69482039999997,-13.369472199999962],[-41.70766939999993,-13.369856199999958],[-41.71348339999997,-13.35225289999994],[-41.72490199999993,-13.357047999999963],[-41.746666199999936,-13.325091399999963]]]}},{"id":"1828","type":"Feature","properties":{"COD_IBGE":"2900207","MUNICIPIO":"Abaré","UF":"BA"},"geometry":{"type":"Polygon","coordinates":[[[-39.24187999999998,-8.636307399999964],[-39.24549259999998,-8.684105899999963],[-39.228521899999976,-8.710315299999934],[-39.18099579999995,-8.706300899999974],[-39.16871279999998,-8.691504499999951],[-39.148635199999944,-8.710919299999944],[-39.06453819999996,-8.731628099999966],[-39.06562319999995,-8.74115329999995],[-39.10550779999994,-8.846177499999953],[-39.27141729999994,-8.943571099999929],[-39.263289199999974,-8.957884699999966],[-39.264147399999956,-8.987276799999961],[-39.28010309999996,-9.011293999999964],[-39.27974109999997,-9.030301399999928],[-39.314819899999975,-9.060379199999943],[-39.32687039999996,-9.109806299999946],[-39.341011899999955,-9.126013599999965],[-39.34253589999997,-9.154217699999947],[-39.35124289999993,-9.157251199999962],[-39.40816849999993,-9.13314429999997],[-39.46846809999994,-8.976202799999953],[-39.49158139999997,-8.835857799999928],[-39.37357199999997,-8.563271399999962],[-39.35942929999993,-8.546502499999974],[-39.34230699999995,-8.55967709999993],[-39.28410589999993,-8.565867899999944],[-39.26774389999997,-8.608845799999926],[-39.24187999999998,-8.636307399999964]]]}},{"id":"1829","type":"Feature","properties":{"COD_IBGE":"2900306","MUNICIPIO":"Acajutiba","UF":"BA"},"geometry":{"type":"Polygon","coordinates":[[[-38.049990899999955,-11.648045699999955],[-38.081901399999936,-11.610392999999931],[-38.062230599999964,-11.611278199999958],[-38.065205499999934,-11.586416099999951],[-38.04968649999995,-11.583225099999936],[-38.033946699999944,-11.593962399999953],[-38.03346319999997,-11.604129099999966],[-37.98009399999995,-11.594613099999947],[-37.94886589999993,-11.616105499999946],[-37.93227059999998,-11.616437399999938],[-37.94719479999998,-11.63479689999997],[-37.94690439999994,-11.647576199999946],[-37.93641659999997,-11.668160999999941],[-37.91875739999995,-11.668111899999928],[-37.91175909999998,-11.680677599999967],[-37.92330659999993,-11.67707699999994],[-37.98883519999998,-11.73710449999993],[-38.01144999999997,-11.768590999999958],[-38.02790209999995,-11.751049299999977],[-38.02498339999994,-11.73264439999997],[-38.04658389999997,-11.679594599999973],[-38.06648759999996,-11.689080199999978],[-38.049990899999955,-11.648045699999955]]]}},{"id":"1830","type":"Feature","properties":{"COD_IBGE":"2900355","MUNICIPIO":"Adustina","UF":"BA"},"geometry":{"type":"Polygon","coordinates":[[[-38.14491659999993,-10.718043399999942],[-38.13007899999997,-10.579099499999927],[-38.149799049999956,-10.457283599999926],[-38.12233639999994,-10.44932979999993],[-38.106393999999966,-10.453963899999962],[-38.09567569999996,-10.44074919999997],[-38.07276369999994,-10.435491099999979],[-38.06461399999995,-10.440716799999961],[-38.05379289999996,-10.436006299999974],[-38.025913199999934,-10.451307199999974],[-37.996248899999955,-10.43286269999993],[-37.93747659999997,-10.447218199999952],[-37.91994169999998,-10.438656399999957],[-37.90967239999998,-10.446815199999946],[-37.91118119999993,-10.463983599999949],[-37.92176389999997,-10.472118299999977],[-37.91139969999995,-10.486733299999969],[-37.930531299999984,-10.497931799999947],[-37.91112869999995,-10.503971299999932],[-37.913782099999935,-10.519442599999934],[-37.90711779999998,-10.524899699999935],[-37.916093399999966,-10.54417529999995],[-37.90291309999998,-10.551852399999973],[-37.92066909999994,-10.571416899999974],[-37.91798899999998,-10.584010099999944],[-37.98443119999996,-10.63881129999993],[-37.98747499999996,-10.647765499999934],[-37.978665999999976,-10.651995299999953],[-38.01666369999998,-10.695366499999977],[-38.06779199999994,-10.715665799999954],[-38.10912119999995,-10.712637599999937],[-38.13284859999993,-10.720876699999963],[-38.14491659999993,-10.718043399999942]]]}},{"id":"1831","type":"Feature","properties":{"COD_IBGE":"2900405","MUNICIPIO":"Água Fria","UF":"BA"},"geometry":{"type":"Polygon","coordinates":[[[-38.64803909999995,-11.690153299999963],[-38.56744589999994,-11.74054659999996],[-38.55795029999996,-11.737563099999932],[-38.542069699999956,-11.754529699999978],[-38.577574099999936,-11.800001799999961],[-38.57643619999993,-11.832650899999976],[-38.588571499999944,-11.848756799999933],[-38.60487819999997,-11.904498499999931],[-38.59704369999997,-11.953040299999941],[-38.63128519999998,-11.933260899999937],[-38.68028389999995,-11.946091299999978],[-38.71098609999996,-11.942340399999978],[-38.71928139999994,-11.950423099999966],[-38.74229809999997,-11.940289399999926],[-38.79590479999996,-11.954010599999947],[-38.826544799999965,-11.947314799999958],[-38.86873079999998,-11.81595649999997],[-38.865002699999934,-11.800836899999979],[-38.85020609999998,-11.795986699999958],[-38.83484249999998,-11.773146899999972],[-38.82327299999997,-11.771806799999979],[-38.792062699999974,-11.72363439999998],[-38.75138939999994,-11.69311259999995],[-38.68410799999998,-11.698272599999939],[-38.64803909999995,-11.690153299999963]]]}},{"id":"1832","type":"Feature","properties":{"COD_IBGE":"2900504","MUNICIPIO":"Érico Cardoso","UF":"BA"},"geometry":{"type":"Polygon","coordinates":[[[-42.09371589999995,-13.520504899999935],[-42.162721799999986,-13.473427499999957],[-42.17456429999993,-13.42490129999993],[-42.214409899999964,-13.408752999999933],[-42.19695569999993,-13.37833569999998],[-42.17287649999997,-13.372190499999931],[-42.19010039999995,-13.311643899999979],[-42.18383249999994,-13.296495299999947],[-42.198093599999936,-13.257826199999954],[-42.179120599999976,-13.226508799999976],[-42.158156599999984,-13.22665909999995],[-42.13125779999996,-13.257781199999954],[-42.09643369999998,-13.261065299999927],[-42.03275899999994,-13.294546899999943],[-42.00865529999993,-13.287055499999951],[-41.99706649999996,-13.304522099999929],[-41.98354539999997,-13.306251799999927],[-41.975261699999976,-13.296927399999959],[-41.90913629999994,-13.31144839999996],[-41.91599419999994,-13.334148699999957],[-41.94758499999995,-13.34338669999994],[-41.94916239999998,-13.40268459999993],[-41.96863029999997,-13.464789699999926],[-41.96883219999995,-13.487217899999962],[-41.95123509999996,-13.497552699999972],[-41.96340139999995,-13.510289899999975],[-41.96375829999994,-13.524209799999937],[-41.988246499999946,-13.54737149999994],[-42.000453999999934,-13.539667099999974],[-42.00733189999994,-13.564798699999926],[-42.02218499999998,-13.563225199999977],[-42.01896289999996,-13.624484999999936],[-42.029714299999966,-13.615077999999926],[-42.04063219999995,-13.583962499999927],[-42.067177399999935,-13.574133199999949],[-42.09371589999995,-13.520504899999935]]]}},{"id":"1833","type":"Feature","properties":{"COD_IBGE":"2900603","MUNICIPIO":"Aiquara","UF":"BA"},"geometry":{"type":"Polygon","coordinates":[[[-39.831206099999974,-14.082477799999936],[-39.812036699999965,-14.102100299999961],[-39.821930099999975,-14.104296499999975],[-39.85690549999998,-14.144073499999934],[-39.88307299999997,-14.142063899999982],[-39.88528519999994,-14.127565799999957],[-39.90127199999995,-14.172670299999936],[-39.91383389999993,-14.168485699999962],[-39.91773649999993,-14.18367029999996],[-39.93381459999995,-14.176412599999935],[-39.93550979999998,-14.15465759999995],[-39.94949829999996,-14.152104599999973],[-39.94294639999998,-14.086295699999937],[-39.937171399999954,-14.07866009999998],[-39.92480219999993,-14.081967199999951],[-39.92434049999997,-14.070969499999933],[-39.90166039999997,-14.046838799999932],[-39.90161559999996,-14.028095599999972],[-39.873218099999974,-14.011142099999972],[-39.839144199999964,-14.019898499999954],[-39.829316999999946,-14.03767309999995],[-39.79379119999993,-14.063483299999973],[-39.80971759999994,-14.07707899999997],[-39.82669299999998,-14.072488699999951],[-39.831206099999974,-14.082477799999936]]]}},{"id":"1834","type":"Feature","properties":{"COD_IBGE":"2900702","MUNICIPIO":"Alagoinhas","UF":"BA"},"geometry":{"type":"Polygon","coordinates":[[[-38.43427799999995,-12.049199199999975],[-38.44757469999996,-12.001891199999932],[-38.47500239999994,-11.949055199999975],[-38.46396209999995,-11.93613419999997],[-38.44004479999995,-11.93102289999996],[-38.41175459999994,-11.937944999999957],[-38.403715199999965,-11.92742409999994],[-38.397768499999984,-11.935018499999956],[-38.38697539999998,-11.931850599999962],[-38.37424189999996,-11.959338399999979],[-38.36115749999993,-11.969218199999943],[-38.308681099999944,-11.955122499999959],[-38.273044099999936,-11.963512199999968],[-38.28283649999997,-12.039527699999951],[-38.27503649999994,-12.083258099999966],[-38.28069889999995,-12.10059769999998],[-38.27375919999997,-12.113260199999957],[-38.28167989999997,-12.133393499999954],[-38.30457389999998,-12.130383799999947],[-38.321014899999966,-12.17375979999997],[-38.323036299999956,-12.222156299999938],[-38.355557999999974,-12.230225899999937],[-38.37769929999996,-12.218671899999947],[-38.39416309999996,-12.249362399999939],[-38.43411239999995,-12.268882399999939],[-38.44731679999995,-12.261737299999936],[-38.45932209999995,-12.265498399999956],[-38.468906999999945,-12.285153699999967],[-38.527278999999965,-12.275090499999976],[-38.52080199999995,-12.259304399999962],[-38.549436499999956,-12.244772499999954],[-38.58666029999995,-12.193675399999961],[-38.49052169999993,-12.161265499999956],[-38.49140939999995,-12.127002699999935],[-38.44387119999993,-12.104304199999945],[-38.433716199999935,-12.077233899999953],[-38.43427799999995,-12.049199199999975]]]}},{"id":"1835","type":"Feature","properties":{"COD_IBGE":"2900801","MUNICIPIO":"Alcobaça","UF":"BA"},"geometry":{"type":"Polygon","coordinates":[[[-39.249671199999966,-17.636747399999933],[-39.44217099999997,-17.65868039999998],[-39.46118249999995,-17.63507839999994],[-39.465120499999955,-17.59242749999993],[-39.48995689999998,-17.570108499999947],[-39.51158749999996,-17.569061199999965],[-39.531721999999945,-17.57898069999993],[-39.60463089999996,-17.557960999999978],[-39.60729999999995,-17.41108889999998],[-39.62940579999997,-17.35263939999993],[-39.63232009999996,-17.313636299999928],[-39.616503499999965,-17.295212899999967],[-39.61955739999996,-17.28165809999996],[-39.56251189999995,-17.286278399999958],[-39.55914949999993,-17.25838479999993],[-39.54477829999996,-17.253801599999974],[-39.530244599999946,-17.278131299999927],[-39.50774229999996,-17.26418609999996],[-39.483357499999954,-17.272166599999935],[-39.46980649999995,-17.267360099999962],[-39.41471439999998,-17.302709299999947],[-39.39533099999994,-17.298185599999954],[-39.37567839999997,-17.31763929999994],[-39.35932239999994,-17.319128099999944],[-39.35258739999995,-17.33489559999998],[-39.33960029999997,-17.33141439999997],[-39.33717109999998,-17.35154239999997],[-39.29459419999995,-17.361347699999953],[-39.28458529999995,-17.377193999999974],[-39.26024669999998,-17.386319399999934],[-39.255809599999964,-17.408363399999928],[-39.23500709999996,-17.43263849999994],[-39.22801259999994,-17.42788319999994],[-39.191715699999975,-17.44600669999994],[-39.19228099999998,-17.59124319999995],[-39.17607369999996,-17.630629599999963],[-39.137327099999936,-17.684977999999944],[-39.249671199999966,-17.636747399999933]]]}},{"id":"1836","type":"Feature","properties":{"COD_IBGE":"2900900","MUNICIPIO":"Almadina","UF":"BA"},"geometry":{"type":"Polygon","coordinates":[[[-39.61890619999997,-14.788872499999968],[-39.75828339999998,-14.712604099999965],[-39.74572909999995,-14.657907199999954],[-39.729408699999965,-14.637807799999962],[-39.71917819999993,-14.60169129999997],[-39.69811219999997,-14.605119399999978],[-39.619681699999944,-14.662089599999945],[-39.569645899999955,-14.721381899999926],[-39.58357979999994,-14.784411999999975],[-39.60674259999996,-14.78198649999996],[-39.61890619999997,-14.788872499999968]]]}},{"id":"1837","type":"Feature","properties":{"COD_IBGE":"2901007","MUNICIPIO":"Amargosa","UF":"BA"},"geometry":{"type":"Polygon","coordinates":[[[-39.57534999999996,-13.152622099999974],[-39.598158799999965,-13.09706669999997],[-39.631902699999955,-13.095606299999929],[-39.65303729999994,-13.109113599999944],[-39.702656299999944,-13.112215699999979],[-39.71020889999994,-13.09698439999994],[-39.767246899999975,-13.04770469999994],[-39.80130909999997,-12.98397019999993],[-39.78325429999995,-12.982519899999943],[-39.78040609999994,-12.994888799999956],[-39.75538499999993,-12.999811099999931],[-39.74705439999997,-13.012906399999963],[-39.71082569999993,-12.976134899999977],[-39.68826819999998,-12.999910199999931],[-39.666023199999984,-12.976746899999966],[-39.672950699999944,-12.965547499999957],[-39.66700999999995,-12.95120559999998],[-39.65000749999996,-12.935379399999931],[-39.63047519999998,-12.930374699999959],[-39.63051959999996,-12.917999399999928],[-39.62281379999996,-12.913220799999976],[-39.545685599999956,-12.995561099999975],[-39.54825589999996,-13.00623289999993],[-39.53832589999996,-13.009041399999944],[-39.51677579999995,-13.040289599999937],[-39.522914499999956,-13.046988899999974],[-39.51280159999993,-13.049018599999954],[-39.51109839999998,-13.069471299999975],[-39.48757989999996,-13.06997519999993],[-39.49372559999995,-13.077710599999932],[-39.471650299999965,-13.106226299999946],[-39.47948249999996,-13.100349199999926],[-39.48290309999993,-13.107140699999945],[-39.46868839999996,-13.121142599999928],[-39.494291499999974,-13.111426699999981],[-39.538539199999946,-13.123678299999938],[-39.54903649999994,-13.153292699999952],[-39.553138899999965,-13.140896699999928],[-39.57534999999996,-13.152622099999974]]]}},{"id":"1838","type":"Feature","properties":{"COD_IBGE":"2901106","MUNICIPIO":"Amélia Rodrigues","UF":"BA"},"geometry":{"type":"Polygon","coordinates":[[[-38.77024739999996,-12.434453799999972],[-38.78921679999996,-12.421885499999973],[-38.81389869999998,-12.380406499999935],[-38.77520199999998,-12.364175799999941],[-38.65629269999994,-12.373113199999977],[-38.65416219999997,-12.389415099999951],[-38.67079589999997,-12.402379099999962],[-38.67644569999993,-12.420433499999945],[-38.639941299999975,-12.468875599999933],[-38.644326099999944,-12.513071499999967],[-38.65612909999993,-12.484218899999973],[-38.72129869999998,-12.48111659999995],[-38.74230079999995,-12.47324709999998],[-38.77024739999996,-12.434453799999972]]]}},{"id":"1839","type":"Feature","properties":{"COD_IBGE":"2901155","MUNICIPIO":"América Dourada","UF":"BA"},"geometry":{"type":"Polygon","coordinates":[[[-41.38901579999998,-11.362209099999973],[-41.38469729999997,-11.386232499999949],[-41.396495699999946,-11.394031799999937],[-41.39215849999994,-11.416502899999955],[-41.40344239999996,-11.445429199999978],[-41.43131319999998,-11.449025699999936],[-41.442971099999966,-11.467526799999973],[-41.45501159999998,-11.46778089999998],[-41.469215099999985,-11.48302229999996],[-41.47800029999996,-11.506863099999975],[-41.49573259999994,-11.503798999999958],[-41.50510879999996,-11.52667729999996],[-41.51923739999995,-11.52732949999995],[-41.52224019999994,-11.537927499999967],[-41.541548499999976,-11.538439399999959],[-41.53929729999993,-11.553812199999982],[-41.558254199999965,-11.558904999999982],[-41.56219779999998,-11.58013029999995],[-41.573022299999934,-11.593774999999937],[-41.57946569999996,-11.591888799999936],[-41.57496189999995,-11.605316399999936],[-41.58722499999993,-11.599469499999941],[-41.593365999999946,-11.61405389999993],[-41.62339739999993,-11.611298999999974],[-41.62253339999995,-11.55764849999997],[-41.693635599999936,-11.478710899999953],[-41.70021389999994,-11.411243099999979],[-41.64005649999996,-11.39502269999997],[-41.60604549999994,-11.363293799999951],[-41.58778129999996,-11.357042499999977],[-41.57018259999995,-11.321862299999964],[-41.52076439999996,-11.272557199999937],[-41.49620589999995,-11.270710699999938],[-41.43631789999995,-11.238553199999956],[-41.42213929999997,-11.242873999999972],[-41.368213099999934,-11.183036099999981],[-41.36215589999995,-11.186416699999938],[-41.36982039999998,-11.18925779999995],[-41.36571879999997,-11.217358299999944],[-41.355842199999984,-11.228868999999975],[-41.36669439999997,-11.239572799999962],[-41.363600099999985,-11.25570799999997],[-41.37223499999993,-11.270049099999937],[-41.36421629999995,-11.271524599999964],[-41.36637039999994,-11.288625599999932],[-41.37858499999993,-11.303300899999954],[-41.37367249999994,-11.30971569999997],[-41.381469799999934,-11.322207499999934],[-41.372967399999936,-11.324258499999928],[-41.38179409999998,-11.338928899999928],[-41.37740949999994,-11.351965199999938],[-41.38901579999998,-11.362209099999973]]]}},{"id":"1840","type":"Feature","properties":{"COD_IBGE":"2901205","MUNICIPIO":"Anagé","UF":"BA"},"geometry":{"type":"Polygon","coordinates":[[[-40.64819909999994,-14.553500399999962],[-40.636803199999974,-14.578369299999963],[-40.63618569999994,-14.64893429999995],[-40.614615199999946,-14.670921599999929],[-40.95877219999994,-14.67428949999993],[-40.963661799999954,-14.788744299999962],[-41.17152169999997,-14.853722999999945],[-41.17744509999994,-14.845088999999973],[-41.17530089999997,-14.832332899999926],[-41.16218879999997,-14.826232699999935],[-41.16972139999996,-14.804936899999973],[-41.16145489999997,-14.793612399999972],[-41.164066599999956,-14.754596399999969],[-41.17388089999997,-14.744891399999972],[-41.181398299999955,-14.748274999999978],[-41.17713689999994,-14.737294199999951],[-41.19990819999998,-14.734695999999929],[-41.19249519999994,-14.724286899999981],[-41.20044839999997,-14.717678699999965],[-41.22517329999994,-14.70942059999993],[-41.21889999999996,-14.69509679999993],[-41.22958139999997,-14.685726299999942],[-41.192078599999945,-14.649824099999933],[-41.193141099999934,-14.63330099999996],[-41.182433999999944,-14.61406349999993],[-41.170699799999966,-14.606276599999944],[-41.15964799999995,-14.614468299999942],[-41.130798899999945,-14.60640669999998],[-41.14307949999994,-14.585466199999928],[-41.12375029999998,-14.572854999999947],[-41.12621539999998,-14.554803899999968],[-41.117025499999954,-14.537105399999973],[-41.10396339999994,-14.53028919999997],[-41.10616749999997,-14.514693199999954],[-41.09290139999996,-14.48883539999997],[-41.078733099999965,-14.48757269999993],[-41.07860699999998,-14.47163269999993],[-41.068932099999984,-14.46509569999995],[-41.07615189999996,-14.449284199999965],[-41.09367109999994,-14.441621699999928],[-40.70664399999998,-14.362707999999941],[-40.71752719999995,-14.382912899999951],[-40.73049609999998,-14.380779399999938],[-40.74306869999998,-14.385805299999959],[-40.74369489999998,-14.387885799999935],[-40.724431599999946,-14.395537699999977],[-40.720681499999955,-14.428623699999946],[-40.703521999999964,-14.44701619999995],[-40.68668569999994,-14.45306009999996],[-40.682340599999975,-14.442608599999971],[-40.66090329999997,-14.460469399999965],[-40.678045199999985,-14.475920799999926],[-40.67375219999997,-14.49136429999993],[-40.64726809999996,-14.521464799999933],[-40.64819909999994,-14.553500399999962]]]}},{"id":"1841","type":"Feature","properties":{"COD_IBGE":"2901304","MUNICIPIO":"Andaraí","UF":"BA"},"geometry":{"type":"Polygon","coordinates":[[[-41.255744499999935,-13.096850699999948],[-41.302590899999984,-13.049345999999957],[-41.32980969999994,-12.931431999999973],[-41.34679689999996,-12.92835729999996],[-41.341418499999975,-12.921809199999927],[-41.356678199999976,-12.889687099999946],[-41.380535099999975,-12.88017979999995],[-41.43915029999994,-12.710643799999957],[-41.37780619999995,-12.701556599999947],[-41.36671359999997,-12.706771999999944],[-41.35476509999995,-12.699363999999946],[-41.34194349999996,-12.706590699999936],[-41.33620389999993,-12.695598699999948],[-41.34051019999998,-12.67787629999998],[-41.327039199999945,-12.673838199999977],[-41.323891499999945,-12.664365999999973],[-41.34717349999994,-12.57171429999994],[-41.32812809999996,-12.555601699999954],[-41.260882899999956,-12.553340499999933],[-41.253791099999944,-12.543475299999955],[-41.21311469999995,-12.527543699999967],[-41.20816549999995,-12.517214499999966],[-41.21425089999997,-12.511400799999933],[-41.199067199999945,-12.497878299999968],[-41.09321199999994,-12.467136599999947],[-41.05265149999997,-12.475674799999979],[-40.98106399999995,-12.460360699999967],[-40.96354749999995,-12.493280099999936],[-40.98548559999995,-12.536610499999938],[-40.97850569999997,-12.565883699999972],[-41.04666549999996,-12.689042499999971],[-41.14886059999998,-12.710701399999948],[-41.14914689999995,-12.74532359999995],[-41.16666779999997,-12.745814699999926],[-41.17354809999995,-12.771950499999946],[-41.18623729999996,-12.767534099999978],[-41.17871089999994,-12.775558199999978],[-41.18378039999993,-12.786194699999953],[-41.193857099999946,-12.779912299999978],[-41.207106099999976,-12.784266499999944],[-41.22679309999995,-12.819597299999941],[-41.245142699999974,-12.805663999999979],[-41.244893899999965,-12.796458099999938],[-41.25859239999994,-12.802129399999956],[-41.222797199999945,-12.891734099999951],[-41.23253939999995,-12.912385799999981],[-41.22550249999995,-12.93616179999998],[-41.18996329999993,-12.989062699999977],[-41.188796699999955,-13.005264599999975],[-41.17863569999997,-13.015419799999961],[-41.18036059999997,-13.039496499999927],[-41.14783129999995,-13.107421699999975],[-41.17941799999994,-13.127643599999942],[-41.194223799999975,-13.121707199999946],[-41.23061769999998,-13.128989499999932],[-41.24459769999993,-13.113617199999965],[-41.251972499999965,-13.121138599999938],[-41.255744499999935,-13.096850699999948]]]}},{"id":"1842","type":"Feature","properties":{"COD_IBGE":"2901353","MUNICIPIO":"Andorinha","UF":"BA"},"geometry":{"type":"Polygon","coordinates":[[[-39.73781379999997,-10.343145799999945],[-39.73129949999998,-10.409921199999928],[-39.74512859999993,-10.437901999999951],[-39.786909399999956,-10.429912599999966],[-39.78829689999998,-10.420059699999968],[-39.79998539999997,-10.422366599999975],[-39.802773799999954,-10.459722499999941],[-39.82033979999994,-10.461653799999965],[-39.836413799999946,-10.44788049999994],[-39.897429199999976,-10.479070599999943],[-39.90932649999996,-10.507505199999969],[-39.922593699999936,-10.495346199999972],[-39.93041919999996,-10.535662299999956],[-39.92094659999998,-10.55891379999997],[-39.93293529999994,-10.563013199999943],[-39.932195899999954,-10.55210029999995],[-39.94813119999998,-10.54949369999997],[-39.97444379999996,-10.508590599999934],[-40.01079139999996,-10.488443099999927],[-40.00575089999995,-10.46278499999994],[-40.028974199999936,-10.446589999999958],[-40.01385289999996,-10.437116099999969],[-40.02423959999993,-10.423272499999939],[-40.017972199999974,-10.398283999999933],[-40.03742999999997,-10.375446899999929],[-40.04782449999993,-10.375265799999966],[-40.056779699999936,-10.335878899999955],[-40.05781299999995,-10.323126699999932],[-40.02726789999997,-10.318254199999956],[-40.02284359999993,-10.302296299999966],[-40.05736189999993,-10.274660599999947],[-39.99896309999997,-10.21992199999994],[-39.98633629999995,-10.178927299999941],[-39.96404039999993,-10.16691869999994],[-39.963148099999955,-10.15695489999996],[-39.94612029999996,-10.143198799999936],[-39.86853099999996,-10.13182299999994],[-39.85819379999998,-10.08877769999998],[-39.83853379999994,-10.073830599999951],[-39.843624999999975,-10.052448899999945],[-39.82733369999994,-10.03549709999993],[-39.826544299999966,-10.01095829999997],[-39.80723479999995,-10.001048599999933],[-39.811713699999984,-9.984154599999954],[-39.79819009999994,-9.979510699999935],[-39.81218129999996,-9.944350399999962],[-39.80740549999996,-9.939844999999934],[-39.78366989999995,-9.942007599999954],[-39.78041079999997,-9.958584899999948],[-39.76082949999994,-9.981976999999972],[-39.76014429999998,-9.993227099999956],[-39.769038499999965,-10.000996399999963],[-39.75820769999996,-10.073589199999958],[-39.73429539999995,-10.089224599999966],[-39.72865749999994,-10.115602499999966],[-39.73438749999997,-10.20733439999998],[-39.74425119999995,-10.242781599999944],[-39.71684629999993,-10.27745589999995],[-39.71384809999995,-10.31756619999993],[-39.73781379999997,-10.343145799999945]]]}},{"id":"1843","type":"Feature","properties":{"COD_IBGE":"2901403","MUNICIPIO":"Angical","UF":"BA"},"geometry":{"type":"Polygon","coordinates":[[[-44.659969399999966,-11.74725159999997],[-44.34853979999997,-12.080544699999962],[-44.34539619999998,-12.102712899999972],[-44.44348099999996,-12.092952999999966],[-44.466051999999934,-12.144082799999978],[-44.57983199999995,-12.15509419999995],[-44.58273649999995,-12.148098699999935],[-44.61783689999993,-12.140785599999958],[-44.63803249999995,-12.153259699999978],[-44.68414359999997,-12.161259399999949],[-44.700192899999934,-12.17304699999994],[-44.71727379999993,-12.124815199999944],[-44.735519899999986,-12.110797799999943],[-44.773892399999966,-12.114983799999948],[-44.783141899999976,-12.103492399999936],[-44.79593109999996,-12.10364519999996],[-44.81654169999996,-12.135949299999936],[-44.83919079999998,-12.14762989999997],[-44.84148819999996,-12.118597499999964],[-44.87054969999997,-12.062716699999953],[-44.89927149999994,-12.040346299999953],[-44.93479689999998,-12.031960799999979],[-44.92829149999994,-12.005763099999967],[-44.91821199999998,-12.003238999999951],[-44.90730709999997,-12.013348899999926],[-44.90178099999997,-12.001647599999956],[-44.89517579999995,-12.004787699999952],[-44.896811799999966,-11.997757099999944],[-44.87920719999994,-11.982069699999954],[-44.88119799999998,-11.970846799999947],[-44.87469979999997,-11.970076199999937],[-44.87742069999996,-11.955249799999933],[-44.86444869999997,-11.950693199999932],[-44.870915099999934,-11.94192499999997],[-44.85231939999994,-11.939285999999981],[-44.84942559999996,-11.925703099999964],[-44.83813639999994,-11.92675939999998],[-44.84149659999997,-11.920604599999933],[-44.829278399999964,-11.922875499999975],[-44.83016339999995,-11.89232549999997],[-44.81640049999993,-11.88697129999997],[-44.819441799999936,-11.881277699999941],[-44.763910299999964,-11.872260199999971],[-44.72877589999996,-11.846383499999945],[-44.72716379999997,-11.828678599999932],[-44.710864399999934,-11.820549599999936],[-44.71685299999996,-11.80935349999993],[-44.70417359999993,-11.818321599999933],[-44.70121649999993,-11.807500799999957],[-44.68561039999997,-11.80891639999993],[-44.67991829999994,-11.799291499999981],[-44.685877699999935,-11.785426499999971],[-44.659969399999966,-11.74725159999997]]]}},{"id":"1844","type":"Feature","properties":{"COD_IBGE":"2901502","MUNICIPIO":"Anguera","UF":"BA"},"geometry":{"type":"Polygon","coordinates":[[[-39.17498959999995,-12.235158499999955],[-39.246432599999935,-12.211773299999948],[-39.28614819999996,-12.17770349999995],[-39.26120469999995,-12.11876019999994],[-39.21758259999996,-12.094668799999965],[-39.21152989999996,-12.106410799999935],[-39.177023099999985,-12.117668099999946],[-39.17596219999996,-12.15676579999996],[-39.18693979999995,-12.181771799999979],[-39.11664019999995,-12.19046469999995],[-39.076681399999984,-12.232523699999945],[-39.15123969999996,-12.263567399999943],[-39.17498959999995,-12.235158499999955]]]}},{"id":"1845","type":"Feature","properties":{"COD_IBGE":"2901601","MUNICIPIO":"Antas","UF":"BA"},"geometry":{"type":"Polygon","coordinates":[[[-38.384433899999976,-10.465542999999968],[-38.41411219999998,-10.466160199999933],[-38.404984199999944,-10.450016999999946],[-38.40367289999995,-10.420913499999926],[-38.38075639999994,-10.410564299999976],[-38.34459009999995,-10.370232899999962],[-38.356536699999936,-10.326989799999978],[-38.384140799999955,-10.279069499999935],[-38.34523999999993,-10.265702699999963],[-38.31012279999993,-10.280473099999938],[-38.311306299999956,-10.304434499999957],[-38.27359779999995,-10.301718599999958],[-38.25713099999996,-10.324063599999931],[-38.26366219999994,-10.347503599999982],[-38.234043499999984,-10.40391569999997],[-38.21430389999995,-10.409494799999948],[-38.198576799999955,-10.429720699999962],[-38.149799049999956,-10.457283599999926],[-38.187053299999945,-10.48157759999998],[-38.20658409999993,-10.469553799999971],[-38.220399199999974,-10.476592099999948],[-38.24889779999995,-10.459483199999966],[-38.290222599999936,-10.476998699999967],[-38.35070539999998,-10.46973079999998],[-38.367002199999945,-10.476360199999931],[-38.384433899999976,-10.465542999999968]]]}},{"id":"1846","type":"Feature","properties":{"COD_IBGE":"2901700","MUNICIPIO":"Antônio Cardoso","UF":"BA"},"geometry":{"type":"Polygon","coordinates":[[[-39.15864149999993,-12.458168599999965],[-39.16505619999998,-12.426048199999968],[-39.17899019999993,-12.42226839999995],[-39.19489179999994,-12.387534699999946],[-39.21740299999993,-12.396507399999962],[-39.23985609999994,-12.370426299999963],[-39.24474399999997,-12.304607999999973],[-39.23703039999998,-12.289829699999927],[-39.19974159999998,-12.29523469999998],[-39.18993299999994,-12.284014399999933],[-39.14891899999998,-12.270428899999956],[-39.12608759999995,-12.299411999999961],[-39.11012059999996,-12.34550379999996],[-39.101982599999985,-12.344354199999941],[-39.09189369999996,-12.357615599999974],[-39.07098249999996,-12.357862499999953],[-39.070250699999974,-12.373144799999977],[-39.08063159999995,-12.378504499999963],[-39.06632559999997,-12.406581899999935],[-39.05305279999993,-12.410126699999978],[-39.061668699999984,-12.423066499999948],[-39.05007859999995,-12.442120699999975],[-39.06838659999994,-12.454344099999958],[-39.08851029999994,-12.495727299999942],[-39.127179299999966,-12.498273799999936],[-39.14759589999994,-12.48325669999997],[-39.14521899999994,-12.468873199999962],[-39.15864149999993,-12.458168599999965]]]}},{"id":"1847","type":"Feature","properties":{"COD_IBGE":"2901809","MUNICIPIO":"Antônio Gonçalves","UF":"BA"},"geometry":{"type":"Polygon","coordinates":[[[-40.248506299999974,-10.51338149999998],[-40.16075589999997,-10.617412599999966],[-40.177798199999984,-10.628867899999932],[-40.183965599999965,-10.65258289999997],[-40.22089859999994,-10.610963799999979],[-40.25622189999996,-10.608599599999934],[-40.26163219999995,-10.617565699999943],[-40.28090789999993,-10.621451799999932],[-40.31349379999995,-10.602689599999962],[-40.33085489999996,-10.606279899999947],[-40.36279499999995,-10.589369799999929],[-40.38068579999998,-10.59477309999994],[-40.39417559999998,-10.590022799999929],[-40.40071689999996,-10.594595099999935],[-40.39678599999996,-10.61850439999995],[-40.40232249999997,-10.629261099999951],[-40.38942069999996,-10.63639089999998],[-40.40622999999994,-10.659803599999975],[-40.46199409999997,-10.672886999999946],[-40.478478999999936,-10.690761699999939],[-40.48485569999997,-10.68483649999996],[-40.507150699999954,-10.713001799999972],[-40.549156299999936,-10.699601199999961],[-40.541945699999985,-10.680840399999965],[-40.54640189999998,-10.662320099999931],[-40.45839239999998,-10.578457599999979],[-40.384943799999974,-10.545348899999965],[-40.37443099999996,-10.548825499999964],[-40.367253999999946,-10.541690099999926],[-40.28506539999995,-10.524812599999962],[-40.27054569999996,-10.500585499999943],[-40.27055489999998,-10.511453699999947],[-40.248506299999974,-10.51338149999998]]]}},{"id":"1848","type":"Feature","properties":{"COD_IBGE":"2901908","MUNICIPIO":"Aporá","UF":"BA"},"geometry":{"type":"Polygon","coordinates":[[[-38.051398699999936,-11.657301399999938],[-38.06648759999996,-11.689080199999978],[-38.14397719999994,-11.76427659999996],[-38.143104999999935,-11.804158099999938],[-38.16748689999997,-11.80338869999997],[-38.180763499999955,-11.782826199999931],[-38.20021269999995,-11.791631099999961],[-38.18507189999997,-11.83746629999996],[-38.19509689999995,-11.839347299999929],[-38.19276159999998,-11.89178709999993],[-38.25419819999996,-11.874477299999967],[-38.265032099999985,-11.881677499999967],[-38.274935599999935,-11.865932399999963],[-38.29754939999998,-11.872429799999964],[-38.293849499999965,-11.863805399999933],[-38.31238019999995,-11.83968299999998],[-38.29868209999995,-11.834016599999927],[-38.282257699999946,-11.802842699999928],[-38.28225979999996,-11.789686199999949],[-38.297062299999936,-11.770061099999964],[-38.27643089999998,-11.751602599999956],[-38.26487759999998,-11.709707199999968],[-38.27947419999998,-11.664050199999963],[-38.30170819999995,-11.635861699999964],[-38.27975819999995,-11.63861369999995],[-38.274081699999954,-11.647428999999931],[-38.24601299999995,-11.625533599999926],[-38.22352289999998,-11.64131889999993],[-38.19173019999994,-11.634099299999946],[-38.17674569999997,-11.639743899999928],[-38.15256169999998,-11.634068399999933],[-38.14909159999996,-11.608948299999952],[-38.09062409999996,-11.618897899999979],[-38.081901399999936,-11.610392999999931],[-38.06094879999995,-11.62812619999994],[-38.051398699999936,-11.657301399999938]]]}},{"id":"1849","type":"Feature","properties":{"COD_IBGE":"2901957","MUNICIPIO":"Apuarema","UF":"BA"},"geometry":{"type":"Polygon","coordinates":[[[-39.74865059999996,-13.864185999999961],[-39.76400129999996,-13.858319699999981],[-39.771460899999965,-13.867077299999949],[-39.77948889999993,-13.86104359999996],[-39.78408879999995,-13.849813499999982],[-39.76597379999998,-13.833604199999968],[-39.76836069999996,-13.824206299999958],[-39.782520199999965,-13.815381699999932],[-39.78890349999995,-13.826931599999966],[-39.81292129999997,-13.803206099999954],[-39.81312499999996,-13.764845899999955],[-39.825814299999934,-13.747775899999965],[-39.835946999999976,-13.75197479999997],[-39.84643059999996,-13.745236099999943],[-39.85073419999998,-13.711122299999943],[-39.84199129999996,-13.72682919999994],[-39.78182949999996,-13.746381999999926],[-39.76994639999998,-13.785228099999927],[-39.75711169999994,-13.775412699999947],[-39.73321639999995,-13.77767629999994],[-39.72761749999995,-13.77069309999996],[-39.71290979999998,-13.788600799999926],[-39.697112699999934,-13.788077199999975],[-39.700040799999954,-13.798378599999978],[-39.68869669999998,-13.80784319999998],[-39.68814859999998,-13.82160639999995],[-39.70094549999993,-13.83546119999994],[-39.703758799999946,-13.860877199999948],[-39.68038379999996,-13.870749499999931],[-39.68225079999996,-13.88248109999995],[-39.71005139999994,-13.899429899999973],[-39.70504869999996,-13.909545399999956],[-39.73423829999996,-13.90589019999993],[-39.741022999999984,-13.912657599999932],[-39.746918499999936,-13.902153699999928],[-39.74071299999997,-13.893380099999945],[-39.75774769999998,-13.884848599999941],[-39.74865059999996,-13.864185999999961]]]}},{"id":"1850","type":"Feature","properties":{"COD_IBGE":"2902005","MUNICIPIO":"Aracatu","UF":"BA"},"geometry":{"type":"Polygon","coordinates":[[[-41.397289899999976,-14.557286399999953],[-41.63762479999997,-14.509199899999942],[-41.53183179999996,-14.498455999999976],[-41.536648699999944,-14.488266199999941],[-41.55781299999995,-14.484159499999976],[-41.56259269999998,-14.458810299999982],[-41.55074199999996,-14.428076099999942],[-41.56903769999997,-14.38662869999996],[-41.56096349999996,-14.359595199999944],[-41.566231699999946,-14.33480099999997],[-41.55608459999996,-14.320453799999939],[-41.571316699999954,-14.308307899999932],[-41.550779499999976,-14.266977899999972],[-41.567328799999984,-14.252800499999978],[-41.56322589999996,-14.246007799999973],[-41.54903059999998,-14.25000209999996],[-41.53730289999993,-14.237986399999954],[-41.54121159999994,-14.227578299999948],[-41.53214939999998,-14.220006499999954],[-41.53083419999996,-14.198090199999967],[-41.51274399999994,-14.171242499999948],[-41.49649059999996,-14.176250599999946],[-41.49806159999997,-14.15965959999994],[-41.48829239999998,-14.161074799999938],[-41.49284819999997,-14.147965599999964],[-41.48082789999995,-14.142228599999953],[-41.47042299999998,-14.148171199999979],[-41.46197639999997,-14.134135199999946],[-41.45049279999995,-14.13490939999997],[-41.43945929999995,-14.115895299999977],[-41.38463479999996,-14.100323899999978],[-41.388477499999965,-14.118506599999932],[-41.36845439999996,-14.136361799999975],[-41.40252879999997,-14.261124099999961],[-41.295379399999945,-14.278996899999981],[-41.07901039999996,-14.37926079999994],[-41.06788089999998,-14.39872379999997],[-41.09577189999993,-14.448705099999927],[-41.10652819999996,-14.450459799999976],[-41.11205069999994,-14.438228599999945],[-41.138044699999966,-14.454439099999945],[-41.13741249999998,-14.463288499999976],[-41.123197199999936,-14.467263799999955],[-41.13098379999997,-14.472276299999976],[-41.13342239999997,-14.491930299999979],[-41.15492219999993,-14.497092399999929],[-41.16033249999998,-14.480857499999956],[-41.18300879999998,-14.480197999999973],[-41.18387769999998,-14.49713939999998],[-41.19613859999998,-14.491317999999978],[-41.21077219999995,-14.500488799999971],[-41.201017899999954,-14.511528699999928],[-41.205240799999956,-14.520144399999936],[-41.227527099999975,-14.515119499999969],[-41.23466039999994,-14.523151199999973],[-41.24776179999998,-14.515275299999928],[-41.23813789999997,-14.497518499999956],[-41.24743429999995,-14.498904299999936],[-41.25307259999994,-14.486936899999932],[-41.29775079999996,-14.513146399999982],[-41.32965029999997,-14.502709799999934],[-41.34994829999994,-14.52805909999995],[-41.371582899999964,-14.536086399999931],[-41.382409199999984,-14.530521299999975],[-41.397289899999976,-14.557286399999953]]]}},{"id":"1851","type":"Feature","properties":{"COD_IBGE":"2902054","MUNICIPIO":"Araçás","UF":"BA"},"geometry":{"type":"Polygon","coordinates":[[[-38.11097319999993,-12.235822299999938],[-38.12021089999996,-12.251432099999931],[-38.273062299999935,-12.278367599999967],[-38.310081399999945,-12.248813599999949],[-38.33376259999994,-12.245621099999937],[-38.35554999999994,-12.230236999999931],[-38.323036299999956,-12.222156299999938],[-38.321014899999966,-12.17375979999997],[-38.30457389999998,-12.130383799999947],[-38.282474599999944,-12.133472499999982],[-38.27742559999996,-12.12800029999994],[-38.27503649999994,-12.083258099999966],[-38.28283649999997,-12.039527699999951],[-38.25132659999997,-12.033688499999926],[-38.237603999999976,-12.014026399999977],[-38.20185929999997,-12.012319799999943],[-38.21084259999998,-12.067881299999954],[-38.19922799999995,-12.110354499999971],[-38.14670339999998,-12.124658599999975],[-38.137985399999934,-12.143276899999933],[-38.12409429999997,-12.13800329999998],[-38.09107709999995,-12.14633699999996],[-38.07841389999993,-12.161697699999934],[-38.07661099999996,-12.18211169999995],[-38.066021199999966,-12.185926199999926],[-38.080202199999974,-12.208743999999967],[-38.07657779999994,-12.239058299999954],[-38.11097319999993,-12.235822299999938]]]}},{"id":"1852","type":"Feature","properties":{"COD_IBGE":"2902104","MUNICIPIO":"Araci","UF":"BA"},"geometry":{"type":"Polygon","coordinates":[[[-38.87257599999998,-11.345353399999965],[-38.85834149999994,-11.353355999999962],[-38.804866699999934,-11.346867199999963],[-38.77414649999997,-11.35635549999995],[-38.82256039999993,-11.41357819999996],[-38.865052599999956,-11.382290499999954],[-38.98125709999994,-11.423376299999973],[-39.05379249999993,-11.398850099999947],[-39.14076759999995,-11.493465999999955],[-39.14333849999997,-11.465930999999955],[-39.13283169999994,-11.45481669999998],[-39.125040199999944,-11.432999399999972],[-39.12916979999994,-11.422127099999955],[-39.119521299999974,-11.406442099999936],[-39.11954259999993,-11.374139499999956],[-39.12934869999998,-11.351294399999972],[-39.124747799999966,-11.340561399999956],[-39.13652119999995,-11.32259879999998],[-39.12948599999993,-11.300062099999934],[-39.15524869999996,-11.282070399999952],[-39.15823769999997,-11.27037439999998],[-39.17124579999995,-11.280513499999927],[-39.179587099999935,-11.269540199999938],[-39.192723299999955,-11.270090899999957],[-39.20220859999995,-11.280054499999949],[-39.21978939999997,-11.267355099999975],[-39.22388909999995,-11.24918219999995],[-39.24232039999998,-11.228587799999957],[-39.23995359999998,-11.210990799999934],[-39.256645499999934,-11.154712299999971],[-39.25951949999995,-11.069490199999962],[-39.309428999999966,-11.080226299999936],[-39.310722699999985,-11.065361099999961],[-39.28934439999995,-11.044129299999952],[-39.288427499999955,-11.029602999999952],[-39.27390399999996,-11.02108439999995],[-39.27005329999997,-11.004548299999954],[-39.28221639999998,-10.989555999999936],[-39.20577819999994,-10.998414999999966],[-39.16915339999997,-11.019687899999951],[-39.160212299999955,-11.00974599999995],[-39.115157299999964,-11.018128099999956],[-39.071658799999966,-11.044372099999975],[-39.04559869999997,-11.02054709999993],[-39.03457839999993,-11.030658899999935],[-39.01422189999994,-11.032730999999956],[-39.00230439999996,-11.057841999999937],[-38.972199699999976,-11.049281399999927],[-38.945564599999955,-11.05169479999995],[-38.94677299999995,-11.070120799999927],[-38.87257599999998,-11.345353399999965]]]}},{"id":"1853","type":"Feature","properties":{"COD_IBGE":"2902203","MUNICIPIO":"Aramari","UF":"BA"},"geometry":{"type":"Polygon","coordinates":[[[-38.44757469999996,-12.001891199999932],[-38.433716199999935,-12.077233899999953],[-38.44387119999993,-12.104304199999945],[-38.49140939999995,-12.127002699999935],[-38.49052169999993,-12.161265499999956],[-38.58666679999993,-12.193677699999967],[-38.58874659999998,-12.177664299999947],[-38.570463099999984,-12.125258899999949],[-38.575662799999975,-12.087965999999938],[-38.58589079999996,-12.045675699999947],[-38.60731929999997,-12.021368799999948],[-38.60741459999997,-11.992998499999942],[-38.63128519999998,-11.933260899999937],[-38.56999969999998,-11.961316799999963],[-38.52895179999996,-11.937349799999936],[-38.50343319999996,-11.946114899999941],[-38.48208589999996,-11.943314899999962],[-38.44757469999996,-12.001891199999932]]]}},{"id":"1854","type":"Feature","properties":{"COD_IBGE":"2902252","MUNICIPIO":"Arataca","UF":"BA"},"geometry":{"type":"Polygon","coordinates":[[[-39.42811279999995,-15.315617399999951],[-39.45886749999994,-15.31267749999995],[-39.462445199999934,-15.331919399999947],[-39.480881599999975,-15.34177139999997],[-39.48523419999998,-15.307392799999946],[-39.498230999999976,-15.290759199999968],[-39.522197999999946,-15.300536299999976],[-39.53990179999994,-15.29535009999995],[-39.54385909999996,-15.30350429999993],[-39.561899799999935,-15.291373199999953],[-39.56734789999996,-15.311190099999976],[-39.57569639999997,-15.307943999999964],[-39.57163889999998,-15.232223099999942],[-39.55440459999994,-15.221631099999968],[-39.55676079999995,-15.231594799999982],[-39.54367129999997,-15.241716199999928],[-39.489570999999955,-15.246385499999974],[-39.48114309999994,-15.206160699999941],[-39.47478109999997,-15.212708799999973],[-39.46014569999994,-15.205686499999956],[-39.45377629999996,-15.172885899999926],[-39.460842199999945,-15.156513999999959],[-39.45062379999996,-15.144080899999949],[-39.441495499999974,-15.159228799999937],[-39.43062199999997,-15.160361799999976],[-39.40957539999994,-15.13359749999995],[-39.400088299999936,-15.13998769999995],[-39.399393799999984,-15.151277299999947],[-39.36919889999996,-15.125547499999982],[-39.329587199999935,-15.113089799999955],[-39.32431339999994,-15.143616099999974],[-39.33066649999995,-15.15692919999998],[-39.31460519999996,-15.15775009999993],[-39.29819859999998,-15.20402219999994],[-39.30844209999998,-15.21631039999994],[-39.29887979999995,-15.224781099999973],[-39.30875969999994,-15.235792499999945],[-39.30627909999998,-15.260638799999981],[-39.32021869999994,-15.263908699999945],[-39.31275119999998,-15.27496309999998],[-39.30101229999997,-15.27224769999998],[-39.298721899999975,-15.278239299999939],[-39.333373999999935,-15.29117199999996],[-39.34016969999993,-15.302878999999962],[-39.34023709999997,-15.319360699999947],[-39.32485639999993,-15.328800099999967],[-39.326044199999956,-15.33567899999997],[-39.36487559999995,-15.35255369999993],[-39.39859009999998,-15.349437899999941],[-39.41047099999997,-15.328680899999938],[-39.42426659999995,-15.336138099999971],[-39.43383319999998,-15.332591199999968],[-39.42811279999995,-15.315617399999951]]]}},{"id":"1855","type":"Feature","properties":{"COD_IBGE":"2902302","MUNICIPIO":"Aratuípe","UF":"BA"},"geometry":{"type":"Polygon","coordinates":[[[-39.109031699999946,-13.03792489999995],[-39.00107289999994,-13.055603299999973],[-38.98790089999994,-13.04535119999997],[-38.96544639999996,-13.04571489999995],[-38.95684339999997,-13.062026699999933],[-38.95598599999994,-13.090155799999934],[-38.97817329999998,-13.08749679999994],[-38.98106429999996,-13.098228099999972],[-38.99520299999995,-13.10650069999997],[-39.00754679999994,-13.100810799999977],[-39.00881569999996,-13.127554399999951],[-39.035094999999956,-13.117960499999981],[-39.04542169999996,-13.13352939999993],[-39.06594229999996,-13.132938999999965],[-39.09291479999996,-13.144460999999978],[-39.11496699999998,-13.134263699999963],[-39.12283119999995,-13.10124879999995],[-39.13400329999996,-13.091483499999981],[-39.15858429999997,-13.096112999999946],[-39.16934729999997,-13.082574799999975],[-39.17674779999993,-13.10533909999998],[-39.18937479999994,-13.109111799999937],[-39.20156049999997,-13.07800949999995],[-39.17450249999996,-13.082538799999952],[-39.16268469999994,-13.068437599999982],[-39.16226969999997,-13.04772319999995],[-39.15297149999998,-13.040557599999943],[-39.136180999999965,-13.048987599999975],[-39.129495299999974,-13.065702699999974],[-39.11714449999994,-13.058082999999954],[-39.11909129999998,-13.04400529999998],[-39.109031699999946,-13.03792489999995]]]}},{"id":"1856","type":"Feature","properties":{"COD_IBGE":"2902401","MUNICIPIO":"Aurelino Leal","UF":"BA"},"geometry":{"type":"Polygon","coordinates":[[[-39.322763099999975,-14.46000239999995],[-39.49018139999998,-14.419642199999942],[-39.47591969999996,-14.408501899999976],[-39.47751119999998,-14.395319899999947],[-39.490196699999956,-14.39883199999997],[-39.49655599999994,-14.411255399999959],[-39.52629849999994,-14.41215909999994],[-39.53578569999996,-14.392808299999956],[-39.590411899999935,-14.39532939999998],[-39.69657019999994,-14.36957949999993],[-39.68233239999995,-14.356523999999979],[-39.68538419999993,-14.343032999999934],[-39.67845969999996,-14.331594099999961],[-39.68551489999993,-14.328042299999936],[-39.66392089999994,-14.328878499999973],[-39.66790999999995,-14.31878729999994],[-39.65889869999995,-14.317735599999935],[-39.677107199999966,-14.293389699999977],[-39.66541349999994,-14.280543399999942],[-39.65262199999995,-14.285230499999955],[-39.65254779999998,-14.274590899999964],[-39.638619699999936,-14.267090899999971],[-39.59965999999997,-14.31087279999997],[-39.57428119999997,-14.298185299999943],[-39.55199829999998,-14.305776799999933],[-39.56443669999993,-14.334651999999949],[-39.55408499999993,-14.346005299999945],[-39.540161599999976,-14.341471499999955],[-39.52630009999996,-14.34927829999998],[-39.51236159999996,-14.338367699999935],[-39.51255999999995,-14.348103099999946],[-39.50373449999995,-14.351223199999936],[-39.49698209999997,-14.333582199999967],[-39.48762629999993,-14.34214849999995],[-39.464359299999956,-14.340700699999957],[-39.46115549999996,-14.321272199999953],[-39.44198079999995,-14.31310069999995],[-39.43363739999995,-14.294729999999959],[-39.41621779999997,-14.294828999999936],[-39.414088299999946,-14.308162699999968],[-39.40710329999996,-14.310107799999969],[-39.368043299999954,-14.278345899999977],[-39.363634099999956,-14.299797599999977],[-39.34522169999997,-14.313857699999971],[-39.29076729999997,-14.311953099999982],[-39.33399289999994,-14.384271599999977],[-39.32424549999996,-14.393488599999955],[-39.32889289999997,-14.43218829999995],[-39.322763099999975,-14.46000239999995]]]}},{"id":"1857","type":"Feature","properties":{"COD_IBGE":"2902500","MUNICIPIO":"Baianópolis","UF":"BA"},"geometry":{"type":"Polygon","coordinates":[[[-44.181835199999966,-12.87601129999996],[-44.242166399999974,-12.889256599999953],[-44.250842199999965,-12.905934399999978],[-44.235188799999946,-12.912432099999933],[-44.24019999999996,-12.951271499999962],[-44.26341709999997,-12.959641099999942],[-44.25789149999997,-12.985069499999952],[-44.268457499999954,-12.99604729999993],[-44.284435299999984,-12.99657579999996],[-44.295908699999984,-13.02196239999995],[-44.30699099999998,-13.028233799999953],[-44.30716279999996,-13.078232899999932],[-44.331721399999935,-13.094581299999959],[-44.34210619999993,-13.11830539999994],[-44.55058759999997,-12.942845499999976],[-44.61052629999995,-12.72170929999993],[-44.62501649999996,-12.572185799999943],[-44.673206999999934,-12.563952099999938],[-44.69016069999998,-12.548821699999962],[-44.69900949999993,-12.522759199999939],[-44.714842499999975,-12.519440499999973],[-44.72050429999996,-12.499516099999937],[-44.729520699999966,-12.496008999999958],[-44.72040119999997,-12.472864199999947],[-44.74177339999994,-12.436234099999979],[-44.737851699999965,-12.408843099999956],[-44.72601599999996,-12.405162999999959],[-44.67363609999995,-12.329817699999978],[-44.65794889999995,-12.33169449999997],[-44.65772179999993,-12.321777699999927],[-44.65290909999993,-12.325792099999944],[-44.63495759999995,-12.314767899999936],[-44.62454999999994,-12.322854499999949],[-44.60781419999995,-12.312796799999944],[-44.604490699999985,-12.31819429999996],[-44.59636379999995,-12.307738699999959],[-44.55026639999994,-12.294159199999967],[-44.542598399999974,-12.287952099999927],[-44.53425999999996,-12.244803199999978],[-44.50057049999998,-12.222277099999928],[-44.53519269999998,-12.300724999999943],[-44.53151189999994,-12.308223899999973],[-44.49650989999998,-12.301593799999978],[-44.48073109999996,-12.311358599999949],[-44.47589739999995,-12.303505599999937],[-44.46458949999993,-12.308129899999926],[-44.39642479999998,-12.287704099999928],[-44.35118209999996,-12.29653479999996],[-44.338499499999955,-12.305989299999965],[-44.31240509999998,-12.306221799999946],[-44.33031649999998,-12.467022799999938],[-44.31490239999994,-12.523387299999968],[-44.233392599999945,-12.570624799999962],[-44.26521539999993,-12.634548499999937],[-44.17515759999998,-12.744256199999938],[-44.170590499999946,-12.76587479999995],[-44.15193579999993,-12.776192599999945],[-44.153886299999954,-12.803593599999942],[-44.173883399999966,-12.82068879999997],[-44.16832979999998,-12.860275699999931],[-44.181835199999966,-12.87601129999996]]]}},{"id":"1858","type":"Feature","properties":{"COD_IBGE":"2902609","MUNICIPIO":"Baixa Grande","UF":"BA"},"geometry":{"type":"Polygon","coordinates":[[[-40.148347299999955,-12.095363499999962],[-40.22340339999994,-12.09699459999996],[-40.232066799999984,-12.087042399999973],[-40.22999759999993,-12.075122299999975],[-40.246298199999956,-12.070070599999951],[-40.25183619999996,-12.058087199999932],[-40.26064919999993,-12.062730399999964],[-40.27365469999995,-12.054279099999974],[-40.285658299999966,-12.027698699999974],[-40.32801859999995,-11.992889099999957],[-40.33350599999994,-11.976837599999953],[-40.30243589999998,-11.960168599999975],[-40.27450269999997,-11.908259999999927],[-40.29487769999997,-11.893264299999942],[-40.32628689999996,-11.886490399999957],[-40.35188859999994,-11.85528359999995],[-40.35662619999994,-11.829633199999932],[-40.340779699999985,-11.829582499999958],[-40.33352979999995,-11.819703899999979],[-40.31447639999993,-11.823539499999981],[-40.29688409999994,-11.809804999999926],[-40.19306119999993,-11.82801349999994],[-40.195836199999974,-11.835711799999956],[-40.16164249999997,-11.849109799999951],[-40.13701759999998,-11.839940799999965],[-40.12170349999997,-11.850353299999938],[-40.07334559999998,-11.847402199999976],[-40.05889539999998,-11.839615299999934],[-40.04989439999997,-11.849298499999975],[-40.04146909999997,-11.84733579999994],[-40.03721939999997,-11.854281299999968],[-40.04701659999995,-11.87311139999997],[-40.00407539999998,-11.93689699999993],[-39.955040699999984,-11.962252299999932],[-39.959940899999935,-11.979327599999976],[-39.970845699999984,-11.986845899999935],[-39.961063399999944,-12.012323799999933],[-39.97378329999998,-12.037019999999927],[-39.97124789999998,-12.05451679999993],[-40.02851889999994,-12.055170399999952],[-40.03245469999996,-12.15071699999993],[-40.03762119999993,-12.153539599999931],[-40.04988019999996,-12.12524639999998],[-40.07025809999993,-12.10409809999993],[-40.14430239999996,-12.10194329999996],[-40.148347299999955,-12.095363499999962]]]}},{"id":"1859","type":"Feature","properties":{"COD_IBGE":"2902658","MUNICIPIO":"Banzaê","UF":"BA"},"geometry":{"type":"Polygon","coordinates":[[[-38.574437699999976,-10.52673249999998],[-38.56716119999993,-10.55468339999993],[-38.555488999999966,-10.552522599999975],[-38.54653689999998,-10.563054699999952],[-38.55955869999997,-10.598946399999932],[-38.561207999999965,-10.649383599999965],[-38.57265679999995,-10.65928809999997],[-38.57591279999997,-10.689564099999927],[-38.63214569999997,-10.717200799999944],[-38.66605419999996,-10.707538899999975],[-38.67920449999997,-10.727208699999949],[-38.73330869999995,-10.717737399999976],[-38.741975999999966,-10.643616299999962],[-38.749388299999964,-10.639024499999948],[-38.77510619999998,-10.646014999999977],[-38.78665479999995,-10.633438199999944],[-38.737652699999956,-10.604696899999965],[-38.71591619999998,-10.564826499999981],[-38.70510459999997,-10.564973899999927],[-38.70104749999996,-10.505917499999953],[-38.685315799999955,-10.500396199999955],[-38.671699899999965,-10.47937799999994],[-38.62134149999997,-10.515614199999959],[-38.62727079999996,-10.525004099999933],[-38.61270339999993,-10.546132199999931],[-38.574437699999976,-10.52673249999998]]]}},{"id":"1860","type":"Feature","properties":{"COD_IBGE":"2902708","MUNICIPIO":"Barra","UF":"BA"},"geometry":{"type":"Polygon","coordinates":[[[-43.04834519999997,-11.001701199999957],[-43.09656879999994,-11.028160299999968],[-43.09795929999996,-11.053422399999931],[-43.122122299999944,-11.079246299999966],[-43.12107139999995,-11.093868499999928],[-43.13181139999995,-11.10184769999995],[-43.131065199999966,-11.12143919999994],[-43.14273819999994,-11.135423799999955],[-43.14489359999993,-11.157309899999973],[-43.17635329999996,-11.184811999999965],[-43.195862499999976,-11.222995599999933],[-43.19872529999998,-11.238144499999976],[-43.18677369999995,-11.26232749999997],[-43.19045059999996,-11.279896599999972],[-43.17256659999998,-11.320701799999938],[-43.203146799999956,-11.340348799999958],[-43.23992919999995,-11.407706399999938],[-43.28072129999998,-11.52628969999995],[-43.28403029999998,-11.564456199999938],[-43.30408199999994,-11.58160179999993],[-43.34812339999996,-11.584788299999957],[-43.37893619999994,-11.628232599999933],[-43.385122699999954,-11.679484199999933],[-43.34809769999998,-11.735740299999975],[-43.390673499999934,-11.734246299999938],[-43.37996319999996,-11.78582339999997],[-43.407128899999975,-11.782112199999972],[-43.429984099999956,-11.801418399999932],[-43.44166329999996,-11.794666099999972],[-43.46091759999996,-11.806705399999942],[-43.46236259999995,-11.827334599999972],[-43.49627499999997,-11.861729699999955],[-43.51115679999998,-11.931494699999973],[-43.63177479999996,-11.931494699999973],[-43.66165589999997,-11.86522789999998],[-43.678539099999966,-11.793852299999969],[-43.762792599999955,-11.610636799999952],[-43.82183679999997,-11.368753499999968],[-43.86167839999996,-11.28081039999995],[-43.914638399999944,-11.104988499999934],[-43.92612649999995,-11.08187909999998],[-44.000320199999976,-10.998230099999944],[-44.025657199999955,-10.952302799999927],[-44.00763139999998,-10.93615909999994],[-43.95744179999997,-10.92823889999994],[-43.94246149999998,-10.90740829999993],[-43.92438839999994,-10.899257699999964],[-43.922248199999956,-10.874627099999941],[-43.90768909999997,-10.85874519999993],[-43.872945699999946,-10.858378699999946],[-43.85546369999997,-10.848145299999942],[-43.83483309999997,-10.854213199999947],[-43.791810399999974,-10.905494699999963],[-43.759324499999934,-10.909202799999946],[-43.54942939999995,-10.86997729999996],[-43.38816989999998,-10.858458999999925],[-43.388552499999946,-10.813225799999941],[-43.39508149999995,-10.801005999999973],[-43.377275699999984,-10.722388299999977],[-43.382348899999954,-10.650371199999938],[-43.37126509999996,-10.612708399999974],[-43.38108059999996,-10.582655299999942],[-43.37385679999994,-10.511079299999949],[-43.376503699999944,-10.447554299999979],[-43.38477519999998,-10.426710199999945],[-43.37793739999995,-10.402998599999933],[-43.38692579999997,-10.387613599999952],[-43.38190769999994,-10.375647499999957],[-43.38885579999993,-10.339969799999949],[-43.37442889999994,-10.309441099999958],[-43.37242999999995,-10.280559799999935],[-43.37704819999993,-10.246646699999928],[-43.38471599999997,-10.23995599999995],[-43.27925559999994,-10.236994399999958],[-42.619204999999965,-10.568643599999973],[-42.66130919999995,-10.588018499999976],[-42.66031179999993,-10.601502899999957],[-42.675022199999944,-10.612813999999958],[-42.69792039999993,-10.66778839999995],[-42.692511399999944,-10.67871539999993],[-42.70306919999996,-10.71468029999994],[-42.768800399999975,-10.810037799999975],[-42.789721199999974,-10.819381199999953],[-42.81938399999996,-10.81292129999997],[-42.837302799999975,-10.817979299999934],[-42.85960149999994,-10.808971799999938],[-42.875585299999955,-10.837090899999964],[-42.920552499999985,-10.847710699999936],[-42.93875429999997,-10.861120299999982],[-42.94341639999993,-10.88183399999997],[-42.97206819999997,-10.891348599999958],[-42.98828409999993,-10.90837879999998],[-42.98851309999998,-10.93970429999996],[-43.03850719999997,-10.968480099999965],[-43.04834519999997,-11.001701199999957]]]}},{"id":"1861","type":"Feature","properties":{"COD_IBGE":"2902807","MUNICIPIO":"Barra da Estiva","UF":"BA"},"geometry":{"type":"Polygon","coordinates":[[[-41.29980649999993,-13.68334249999998],[-41.29391869999995,-13.707654699999978],[-41.32932589999996,-13.699605499999961],[-41.36818299999993,-13.672783599999946],[-41.394030999999984,-13.676986899999974],[-41.40382189999997,-13.668996199999981],[-41.41499349999998,-13.673064499999953],[-41.42381889999996,-13.66169229999997],[-41.431878799999936,-13.668355599999927],[-41.44178739999995,-13.663876099999982],[-41.45176429999998,-13.634847899999954],[-41.471754199999964,-13.623181999999929],[-41.48728029999995,-13.523691099999951],[-41.352559499999984,-13.490133499999956],[-41.31024559999997,-13.495578499999965],[-41.25633959999993,-13.470338399999946],[-41.22745709999998,-13.520609199999967],[-41.21610289999995,-13.504643399999964],[-41.22038159999994,-13.470240299999944],[-41.03824079999998,-13.55633389999997],[-40.958608399999946,-13.545026999999948],[-40.94019659999998,-13.56778849999995],[-40.87383179999995,-13.576001799999972],[-40.85842409999998,-13.58251729999995],[-40.836992899999984,-13.635840099999939],[-40.71476259999997,-13.841039199999955],[-40.730073699999934,-13.828450999999973],[-40.736149499999954,-13.835792499999968],[-40.79243109999993,-13.83443559999995],[-40.85042629999998,-13.850250699999947],[-40.87941449999994,-13.843886399999974],[-40.90664639999994,-13.88688499999995],[-40.921357099999966,-13.891012599999954],[-40.94632549999994,-13.87962779999998],[-40.95420859999996,-13.863927399999966],[-40.94949249999996,-13.858206399999972],[-40.96349349999997,-13.852352999999937],[-40.96371379999994,-13.84004049999993],[-40.97200639999994,-13.84476369999993],[-40.98261119999995,-13.837776299999973],[-40.99342539999998,-13.811663099999976],[-40.99094199999996,-13.792222299999935],[-41.01123439999998,-13.794636399999945],[-41.04297409999998,-13.767863499999976],[-41.02462029999998,-13.74806019999994],[-41.03139429999993,-13.746259399999929],[-41.024568099999954,-13.734556399999974],[-41.03367609999998,-13.713792799999965],[-41.02692489999998,-13.713080099999956],[-41.02480319999995,-13.701177399999949],[-41.031848399999944,-13.688389899999947],[-41.026025499999946,-13.687941499999965],[-41.02812129999995,-13.676454399999955],[-41.01809519999995,-13.672522799999967],[-41.032609399999956,-13.66052209999998],[-41.02687679999997,-13.65034339999994],[-41.04053709999994,-13.644237099999941],[-41.03246249999995,-13.625988599999971],[-41.053060899999934,-13.60911699999997],[-41.10584019999993,-13.625553999999966],[-41.15448599999996,-13.675863799999945],[-41.17920349999997,-13.671920099999966],[-41.19112459999997,-13.695190099999934],[-41.216984399999944,-13.705273499999976],[-41.224526899999944,-13.694437499999935],[-41.249180999999965,-13.718141999999943],[-41.28491479999997,-13.682361999999955],[-41.29980649999993,-13.68334249999998]]]}},{"id":"1862","type":"Feature","properties":{"COD_IBGE":"2902906","MUNICIPIO":"Barra do Choça","UF":"BA"},"geometry":{"type":"Polygon","coordinates":[[[-40.43395629999998,-14.91950479999997],[-40.50131989999994,-14.977732899999978],[-40.55089359999994,-15.037108799999942],[-40.70184679999994,-15.076361299999974],[-40.69719009999994,-15.069289999999967],[-40.71139299999993,-15.046773799999926],[-40.70066639999993,-15.023210199999937],[-40.70595469999995,-15.014449599999978],[-40.74020879999995,-15.00079009999996],[-40.71220539999996,-14.939469199999962],[-40.723533299999986,-14.898369499999944],[-40.68347259999996,-14.83810079999995],[-40.525518999999974,-14.756354899999963],[-40.44439199999994,-14.806915999999944],[-40.40887099999998,-14.852812899999947],[-40.43395629999998,-14.91950479999997]]]}},{"id":"1863","type":"Feature","properties":{"COD_IBGE":"2903003","MUNICIPIO":"Barra do Mendes","UF":"BA"},"geometry":{"type":"Polygon","coordinates":[[[-42.08832019999994,-12.183581999999944],[-42.24660759999995,-11.946779899999967],[-42.28215129999995,-11.878494099999955],[-42.30200729999996,-11.783393799999942],[-42.32321489999998,-11.754016199999967],[-42.33866279999995,-11.747780599999942],[-42.33816439999998,-11.73035909999993],[-42.360024599999974,-11.71398679999993],[-42.136236699999984,-11.74119079999997],[-42.036635099999955,-11.728440699999965],[-41.98910289999998,-11.74266739999996],[-41.987047099999984,-11.752093199999933],[-41.96702319999997,-11.76164099999994],[-41.974058199999945,-11.778339999999957],[-41.97082569999998,-11.801539699999978],[-41.98421019999995,-11.794470799999942],[-41.98735349999998,-11.802223499999968],[-41.99150969999994,-11.795915099999945],[-42.01638899999995,-11.806417999999951],[-42.02178599999996,-11.816025499999967],[-42.00621869999998,-11.836500099999967],[-42.01867979999997,-11.851449699999932],[-42.02733239999998,-11.85129859999995],[-42.02422389999998,-11.893015299999945],[-41.997347599999955,-11.904398699999945],[-41.993677899999966,-11.974468899999977],[-41.962370599999986,-11.969085699999937],[-41.94387379999995,-12.014563499999952],[-41.95010909999996,-12.022454299999936],[-41.97928459999997,-12.02118859999996],[-41.982631399999946,-12.044406699999968],[-41.94444499999997,-12.078024299999981],[-41.95378599999998,-12.089594899999952],[-41.967646299999956,-12.087031499999966],[-41.97457529999997,-12.122137599999974],[-41.98329339999998,-12.125359599999967],[-41.96886009999997,-12.141263599999945],[-41.97736429999998,-12.153931499999942],[-41.96627099999995,-12.17889219999995],[-41.97152799999998,-12.204986799999972],[-41.966488099999935,-12.221805099999926],[-41.98905079999997,-12.231095299999936],[-41.96811229999997,-12.265894799999955],[-41.984872199999984,-12.291447199999936],[-42.031845799999985,-12.23028249999993],[-42.056266999999934,-12.22049839999994],[-42.05828119999995,-12.245108199999947],[-42.03981799999997,-12.291121699999962],[-42.08891309999996,-12.291495299999951],[-42.08832669999998,-12.227977799999962],[-42.097897099999955,-12.197144299999934],[-42.08832019999994,-12.183581999999944]]]}},{"id":"1864","type":"Feature","properties":{"COD_IBGE":"2903102","MUNICIPIO":"Barra do Rocha","UF":"BA"},"geometry":{"type":"Polygon","coordinates":[[[-39.60848469999996,-14.056660099999931],[-39.584433099999956,-14.025072799999975],[-39.590652699999964,-14.018342599999926],[-39.58179439999998,-14.006611499999963],[-39.57083979999993,-14.006068299999981],[-39.56333559999996,-13.981702999999982],[-39.57982379999993,-13.949454299999957],[-39.57037449999996,-13.947867599999938],[-39.56964899999997,-13.934969899999942],[-39.556158799999935,-13.932060099999944],[-39.54459439999994,-13.94454559999997],[-39.532480299999975,-14.005445899999927],[-39.518831999999975,-14.00888729999997],[-39.53156359999997,-14.04486929999996],[-39.52667359999998,-14.051681799999926],[-39.54667519999998,-14.063583299999948],[-39.54241779999995,-14.07541139999995],[-39.55416779999996,-14.11423149999996],[-39.54034439999998,-14.130654599999957],[-39.54712489999997,-14.144298799999945],[-39.561159499999974,-14.147320099999945],[-39.57615659999993,-14.216313299999968],[-39.59516899999994,-14.20958399999995],[-39.60941479999997,-14.218861699999934],[-39.638133799999935,-14.204600899999946],[-39.65106439999994,-14.21758019999993],[-39.66666689999994,-14.214514699999938],[-39.66955969999998,-14.208340799999974],[-39.65953669999993,-14.19718729999994],[-39.668547599999954,-14.168650999999954],[-39.66431839999996,-14.153039099999944],[-39.65274499999998,-14.132066299999963],[-39.62992459999998,-14.114823699999931],[-39.61001139999996,-14.114526299999966],[-39.608897199999944,-14.100897299999929],[-39.59748029999997,-14.093411599999968],[-39.60230569999993,-14.089506399999948],[-39.58726969999998,-14.081918199999961],[-39.60848469999996,-14.056660099999931]]]}},{"id":"1865","type":"Feature","properties":{"COD_IBGE":"2903201","MUNICIPIO":"Barreiras","UF":"BA"},"geometry":{"type":"Polygon","coordinates":[[[-44.71727379999993,-12.124815199999944],[-44.70201989999998,-12.172938199999976],[-44.61783689999993,-12.140785599999958],[-44.58273649999995,-12.148098699999935],[-44.57983199999995,-12.15509419999995],[-44.618670099999974,-12.173733599999935],[-44.66012669999998,-12.17163359999995],[-44.742068899999936,-12.22706839999995],[-44.79574699999995,-12.222927399999946],[-44.84146449999997,-12.256060299999945],[-44.867557199999965,-12.261215199999981],[-44.92726879999998,-12.293111299999964],[-45.02486669999996,-12.320968999999934],[-45.044614999999965,-12.315696599999967],[-45.077907599999946,-12.334503899999959],[-45.10245649999996,-12.336228999999946],[-45.13310939999997,-12.322428499999944],[-45.14956379999995,-12.33330959999995],[-45.17043479999995,-12.371134999999981],[-45.20244699999995,-12.380287099999975],[-45.215800299999955,-12.411811299999954],[-45.23140189999998,-12.42701599999998],[-45.28376959999997,-12.42201579999994],[-45.348846899999955,-12.388694699999974],[-45.40585059999995,-12.370194499999968],[-45.44680299999993,-12.367283199999974],[-45.46446499999996,-12.376793499999962],[-45.48659089999995,-12.364954199999943],[-45.57820019999997,-12.400472099999945],[-45.660378399999956,-12.392733499999963],[-45.71892059999993,-12.396787899999936],[-45.758775499999956,-12.411752299999932],[-45.76475289999996,-12.411344699999972],[-45.66100439999997,-11.914355399999977],[-45.68233189999995,-11.90133949999995],[-45.698026899999945,-11.900886999999955],[-45.72715389999996,-11.88019399999996],[-45.77267619999998,-11.867713599999945],[-45.79448229999997,-11.868816999999979],[-45.81909799999994,-11.887787799999955],[-45.84653929999996,-11.877544899999975],[-45.92764759999994,-11.875915799999973],[-45.945492299999955,-11.864399999999932],[-45.990826099999936,-11.918932299999938],[-46.099949599999945,-11.99532899999997],[-46.14406509999998,-12.012725799999942],[-46.148009299999956,-12.033310899999947],[-46.40373999999997,-12.04979179999998],[-46.41879409999996,-12.043087499999956],[-46.422019399999954,-12.05151479999995],[-46.448690099999965,-12.055069099999969],[-46.46293889999998,-12.045628999999963],[-46.479799699999944,-12.047359099999937],[-46.44489509999994,-12.02617829999997],[-46.422790299999974,-12.02974729999994],[-46.42528429999993,-12.018159699999956],[-46.408259499999986,-12.009573699999976],[-46.40023619999994,-12.024812999999938],[-46.38717969999993,-11.997272299999963],[-46.37373869999993,-11.998755899999935],[-46.37519619999995,-11.992537199999958],[-46.36356289999998,-11.990341299999955],[-46.36482669999998,-11.980772199999933],[-46.315490299999965,-11.941992999999968],[-46.23305759999994,-11.936481799999967],[-46.19160499999998,-11.920387199999936],[-46.18027859999995,-11.908125199999972],[-46.18991299999993,-11.903225199999952],[-46.24771309999994,-11.91929749999997],[-46.26089129999997,-11.910772299999962],[-46.282231499999966,-11.918201299999964],[-46.28800289999998,-11.909654899999964],[-46.319961699999965,-11.911583299999961],[-46.353027199999985,-11.884319199999936],[-46.36445549999996,-11.88738109999997],[-46.36199549999998,-11.89250469999996],[-46.370658299999945,-11.889589899999976],[-46.381232299999965,-11.867156399999942],[-46.38105939999997,-11.837524299999927],[-46.37213349999996,-11.829961899999944],[-46.357520799999975,-11.84081969999994],[-46.35056309999993,-11.83737549999995],[-46.358655399999975,-11.812503499999934],[-46.33791099999996,-11.814100999999937],[-46.335298499999965,-11.79643679999998],[-46.34841989999995,-11.79703539999997],[-46.34296429999995,-11.791763199999934],[-46.348491499999966,-11.785846599999957],[-46.32801009999997,-11.771583599999929],[-46.36093619999997,-11.77895129999996],[-46.34367729999997,-11.76008749999994],[-46.375104799999974,-11.76859879999995],[-46.378545299999985,-11.74852089999996],[-46.36496519999997,-11.739671099999953],[-46.35770179999997,-11.745348699999965],[-46.35082629999994,-11.738011699999959],[-46.33669219999996,-11.739567099999931],[-46.336300499999936,-11.727530199999933],[-46.321763199999964,-11.713471199999958],[-46.333541699999955,-11.710208699999953],[-46.32156869999994,-11.70739279999998],[-46.30773469999997,-11.686440699999935],[-46.31669139999997,-11.67549299999996],[-46.33846229999995,-11.67189209999998],[-46.33399829999996,-11.660266499999977],[-46.34379099999995,-11.655125699999928],[-46.34019449999994,-11.639584299999967],[-46.34959029999993,-11.642044299999952],[-46.348013599999945,-11.636357499999974],[-46.36172439999996,-11.631018599999948],[-46.37968889999996,-11.645320999999967],[-46.39587419999998,-11.640657099999942],[-46.388149399999975,-11.639569499999936],[-46.384870399999954,-11.625204399999973],[-46.37407719999993,-11.626738599999953],[-46.37390869999996,-11.61591809999993],[-46.34564469999998,-11.619205699999952],[-46.337683899999945,-11.607351299999948],[-46.33506609999995,-11.612605999999971],[-46.324027899999976,-11.60752089999994],[-46.325454899999954,-11.599570399999948],[-46.31843219999996,-11.608239699999956],[-46.30432909999996,-11.60619029999998],[-46.286787499999946,-11.615824699999962],[-46.27461989999995,-11.60705009999998],[-46.24404919999995,-11.605312799999979],[-46.22469529999995,-11.639688099999944],[-46.20630129999995,-11.639488099999937],[-46.18393979999996,-11.65095249999996],[-46.17191089999994,-11.644869399999948],[-46.15362029999994,-11.651193499999977],[-46.144485799999984,-11.624347399999976],[-46.068410599999936,-11.619243499999982],[-45.96293029999998,-11.627518499999951],[-45.883464199999935,-11.649234699999965],[-45.86009809999996,-11.64558889999995],[-45.83300879999996,-11.664975699999957],[-45.82041669999995,-11.689405699999952],[-45.77985509999996,-11.701589999999953],[-45.72762739999996,-11.733573799999931],[-45.70071809999996,-11.736568199999965],[-45.675359699999944,-11.752684199999976],[-45.66345439999998,-11.775892899999974],[-45.644061499999964,-11.77491729999997],[-45.634361799999965,-11.79079779999995],[-45.618183699999975,-11.783938099999943],[-45.58493279999993,-11.78825409999996],[-45.49165859999994,-11.767137299999945],[-45.47410189999994,-11.766614499999946],[-45.45084459999998,-11.778487999999982],[-45.40963949999997,-11.777946199999974],[-45.342353499999945,-11.735065199999951],[-45.28085699999997,-11.741386699999964],[-45.268444099999954,-11.748599999999954],[-45.27355479999994,-11.758462399999928],[-45.253312499999936,-11.767258699999957],[-45.255600399999935,-11.773393899999974],[-45.24471719999997,-11.767916799999966],[-45.240402899999935,-11.774808899999925],[-45.226989499999945,-11.773714699999971],[-45.223815499999944,-11.79539269999998],[-45.20874769999995,-11.792998599999976],[-45.20883209999994,-11.80251949999996],[-45.19078069999995,-11.808128299999964],[-45.19190349999997,-11.817572599999949],[-45.17892409999996,-11.815142899999955],[-45.16602349999994,-11.853145999999981],[-45.094808899999975,-11.855207299999961],[-45.087634399999956,-11.866124199999945],[-45.055580099999986,-11.87935749999997],[-45.04365319999994,-11.901151699999957],[-45.02495699999997,-11.902754399999935],[-45.02239649999996,-11.921113999999932],[-45.01361439999994,-11.92433219999998],[-44.980932199999984,-11.982131299999935],[-44.96841829999994,-11.984867599999973],[-44.96569919999996,-12.000284499999964],[-44.941039099999955,-12.009568999999942],[-44.92987489999996,-12.005645099999981],[-44.93408779999993,-12.033229799999958],[-44.89927149999994,-12.040346299999953],[-44.87054969999997,-12.062716699999953],[-44.84148819999996,-12.118597499999964],[-44.83919079999998,-12.14762989999997],[-44.81654169999996,-12.135949299999936],[-44.79828109999994,-12.105257999999935],[-44.78747039999996,-12.102825499999938],[-44.77735979999994,-12.114445699999976],[-44.73305049999993,-12.111631099999954],[-44.71727379999993,-12.124815199999944]]]}},{"id":"1866","type":"Feature","properties":{"COD_IBGE":"2903235","MUNICIPIO":"Barro Alto","UF":"BA"},"geometry":{"type":"Polygon","coordinates":[[[-41.681125399999985,-11.991200999999933],[-42.02146959999993,-11.815199199999938],[-42.017246299999954,-11.807428699999946],[-42.004066499999965,-11.798023899999976],[-41.99150969999994,-11.795915099999945],[-41.98735349999998,-11.802223499999968],[-41.98421019999995,-11.794470799999942],[-41.943354599999964,-11.805781899999943],[-41.932680699999935,-11.77861379999996],[-41.919768999999974,-11.77402879999994],[-41.90614369999997,-11.754973399999926],[-41.893939899999964,-11.755626799999959],[-41.89129719999994,-11.743353499999955],[-41.87226609999993,-11.730369999999937],[-41.871121899999935,-11.713952099999972],[-41.86101629999996,-11.709695299999964],[-41.82376229999994,-11.73876569999993],[-41.78943289999995,-11.798103099999935],[-41.76532949999995,-11.862990199999956],[-41.67991969999997,-11.92164669999994],[-41.689224699999954,-11.967728699999952],[-41.681125399999985,-11.991200999999933]]]}},{"id":"1867","type":"Feature","properties":{"COD_IBGE":"2903276","MUNICIPIO":"Barrocas","UF":"BA"},"geometry":{"type":"Polygon","coordinates":[[[-39.02846539999996,-11.552494099999933],[-39.02128909999993,-11.55134499999997],[-39.02149669999994,-11.559671799999933],[-39.032961599999965,-11.586971799999958],[-39.06830689999998,-11.604758299999958],[-39.072630799999956,-11.615573199999972],[-39.11103039999995,-11.615097999999932],[-39.133879899999954,-11.62936179999997],[-39.16058739999994,-11.630338199999926],[-39.14490159999997,-11.567405599999972],[-39.15052439999994,-11.552721299999973],[-39.14589059999997,-11.537694899999963],[-39.15761889999993,-11.529096399999958],[-39.14076759999995,-11.493465999999955],[-39.07400749999994,-11.420840899999973],[-39.04918669999995,-11.444184699999937],[-39.06555229999998,-11.488152199999945],[-39.02846539999996,-11.552494099999933]]]}},{"id":"1868","type":"Feature","properties":{"COD_IBGE":"2903300","MUNICIPIO":"Barro Preto","UF":"BA"},"geometry":{"type":"Polygon","coordinates":[[[-39.37524949999994,-14.781261099999938],[-39.40502159999994,-14.837213599999927],[-39.47693659999993,-14.851183399999968],[-39.47749129999994,-14.822036599999933],[-39.50865779999998,-14.816579699999977],[-39.50982369999997,-14.800304199999971],[-39.56060229999997,-14.79217559999995],[-39.55485239999996,-14.765969499999926],[-39.51566329999997,-14.732452299999977],[-39.44966279999994,-14.766398899999956],[-39.44204979999995,-14.745727999999929],[-39.428147699999954,-14.73832619999996],[-39.42989869999997,-14.715177199999971],[-39.41014809999996,-14.716878999999949],[-39.406251699999984,-14.703487999999936],[-39.39532399999996,-14.697441899999944],[-39.38645509999998,-14.717532499999948],[-39.37707869999997,-14.70154359999998],[-39.34347519999994,-14.723859199999936],[-39.351691399999936,-14.728105299999982],[-39.35910259999997,-14.766478699999936],[-39.37524949999994,-14.781261099999938]]]}},{"id":"1869","type":"Feature","properties":{"COD_IBGE":"2903409","MUNICIPIO":"Belmonte","UF":"BA"},"geometry":{"type":"MultiPolygon","coordinates":[[[[-38.85671629999996,-15.857589799999971],[-38.947900199999935,-16.092085099999963],[-39.15051939999995,-16.052244299999927],[-39.16328829999998,-16.066094199999952],[-39.23025089999993,-16.091195099999936],[-39.27949669999998,-16.132186499999932],[-39.30309129999995,-16.110993599999972],[-39.37144429999995,-16.12356049999994],[-39.412243899999964,-16.08278489999998],[-39.42392829999994,-16.08544319999993],[-39.43304079999996,-16.076814199999944],[-39.40282069999995,-16.045298199999934],[-39.386749399999985,-16.05027769999998],[-39.450639199999955,-15.986197599999969],[-39.46661919999997,-15.991984099999968],[-39.477849799999944,-15.985329699999966],[-39.464890699999955,-15.948340499999972],[-39.471017899999936,-15.924506299999962],[-39.49390569999997,-15.90152009999997],[-39.49610719999998,-15.874700799999971],[-39.56817769999998,-15.807545799999957],[-39.57271019999996,-15.795657799999958],[-39.52799939999994,-15.817662999999982],[-39.51491159999995,-15.80900319999995],[-39.49018959999995,-15.819758699999966],[-39.484979899999985,-15.839191299999982],[-39.46790349999998,-15.834084799999971],[-39.45570989999993,-15.81214319999998],[-39.44328049999996,-15.809135799999979],[-39.43875939999998,-15.793576599999938],[-39.426943999999935,-15.803313799999955],[-39.399093999999934,-15.79415739999996],[-39.390848999999946,-15.800144299999943],[-39.38694339999995,-15.824933699999974],[-39.37229149999996,-15.822410199999979],[-39.35692319999998,-15.849871999999948],[-39.34743549999996,-15.85037669999997],[-39.32197729999996,-15.847567499999968],[-39.31071499999996,-15.837624499999947],[-39.301471499999934,-15.84622909999996],[-39.295817899999975,-15.840139999999963],[-39.28716429999997,-15.843702299999961],[-39.28129249999995,-15.829979699999967],[-39.270397499999945,-15.843350899999962],[-39.267098499999975,-15.82346229999996],[-39.25937709999994,-15.817435899999964],[-39.24972489999993,-15.821639999999945],[-39.24721929999998,-15.804110199999968],[-39.23832209999995,-15.796983599999976],[-39.22201299999995,-15.803499699999975],[-39.21308629999993,-15.788245199999949],[-39.20306729999993,-15.802482699999928],[-39.174193199999934,-15.809793799999966],[-39.16261449999996,-15.796961599999975],[-39.13997329999995,-15.799014199999931],[-39.122090199999946,-15.810305699999958],[-39.12228309999995,-15.825802499999952],[-39.11017659999993,-15.82552839999994],[-39.094577399999935,-15.813756599999977],[-39.10652579999993,-15.787095199999953],[-38.89360809999994,-15.766680899999926],[-38.85468079999998,-15.833305699999983],[-38.85671629999996,-15.857589799999971]]],[[[-38.92295059999998,-16.03132389999996],[-38.92215699999997,-16.028531999999927],[-38.92191299999996,-16.028475899999933],[-38.92295059999998,-16.03132389999996]]]]}},{"id":"1870","type":"Feature","properties":{"COD_IBGE":"2903508","MUNICIPIO":"Belo Campo","UF":"BA"},"geometry":{"type":"Polygon","coordinates":[[[-41.272936899999934,-15.189386499999955],[-41.33313659999993,-15.126983699999982],[-41.31651109999996,-15.106912299999976],[-41.317210399999965,-15.09765699999997],[-41.28902389999996,-15.07141919999998],[-41.30216819999998,-15.023959299999945],[-41.218564199999946,-14.997727999999938],[-41.224193499999956,-14.965768499999967],[-41.238058799999976,-14.95551519999998],[-41.236626799999954,-14.940191899999945],[-41.244194799999946,-14.943395599999974],[-41.23931649999997,-14.931613599999935],[-41.26350259999998,-14.91258769999996],[-41.26209679999994,-14.893906099999981],[-41.254561499999966,-14.888684799999965],[-41.26828569999998,-14.87866669999994],[-41.26652939999997,-14.860471899999936],[-41.27289339999993,-14.85531229999998],[-41.25795429999994,-14.826836999999955],[-41.272123299999976,-14.79184609999993],[-41.263927699999954,-14.780267699999968],[-41.279259699999955,-14.765048799999931],[-41.28200659999993,-14.750660299999936],[-41.26308419999998,-14.749434899999926],[-41.264895499999966,-14.73207119999995],[-41.25141699999995,-14.732146099999966],[-41.244767699999954,-14.722112599999946],[-41.239777999999944,-14.737507799999946],[-41.22307009999997,-14.746009399999934],[-41.219714299999964,-14.710954899999933],[-41.20646689999995,-14.72090499999996],[-41.20044839999997,-14.717678699999965],[-41.19249519999994,-14.724286899999981],[-41.19990819999998,-14.734695999999929],[-41.17713689999994,-14.737294199999951],[-41.181398299999955,-14.748274999999978],[-41.17388089999997,-14.744891399999972],[-41.164066599999956,-14.754596399999969],[-41.16145489999997,-14.793612399999972],[-41.16972139999996,-14.804936899999973],[-41.16218879999997,-14.826232699999935],[-41.17530089999997,-14.832332899999926],[-41.17744509999994,-14.845088999999973],[-41.16953799999993,-14.862561099999937],[-41.15315119999997,-14.861709799999971],[-41.142358799999954,-14.88243319999998],[-41.151526299999944,-14.906173699999954],[-41.14554529999998,-14.912661499999956],[-41.150467499999934,-14.92043209999997],[-41.13577379999998,-14.934250099999929],[-41.140042999999935,-14.963567299999966],[-41.08761359999994,-15.042995299999973],[-41.08820499999996,-15.07648249999994],[-41.09595779999995,-15.09362619999996],[-41.09384279999995,-15.114107799999942],[-41.11727499999995,-15.133271999999977],[-41.12882419999994,-15.16628739999993],[-41.158401899999944,-15.18531859999996],[-41.16395909999994,-15.199648799999977],[-41.20230649999996,-15.210129799999947],[-41.272936899999934,-15.189386499999955]]]}},{"id":"1871","type":"Feature","properties":{"COD_IBGE":"2903607","MUNICIPIO":"Biritinga","UF":"BA"},"geometry":{"type":"Polygon","coordinates":[[[-38.78179149999994,-11.36539149999993],[-38.67424079999995,-11.692908699999975],[-38.68395009999995,-11.698257999999953],[-38.71691379999993,-11.69133789999995],[-38.750198799999964,-11.692633099999966],[-38.76396859999994,-11.70075959999997],[-38.792062699999974,-11.72363439999998],[-38.82769099999996,-11.775637599999982],[-38.84156459999997,-11.739908499999956],[-38.87338529999994,-11.713899499999968],[-38.878569899999945,-11.637677799999949],[-38.88939919999996,-11.632627599999978],[-38.853448999999955,-11.60608259999998],[-38.87000879999994,-11.537473099999943],[-38.861212499999965,-11.483983899999942],[-38.82256039999993,-11.41357819999996],[-38.78179149999994,-11.36539149999993]]]}},{"id":"1872","type":"Feature","properties":{"COD_IBGE":"2903706","MUNICIPIO":"Boa Nova","UF":"BA"},"geometry":{"type":"Polygon","coordinates":[[[-40.27417859999997,-14.44642529999993],[-40.29458559999995,-14.439483099999961],[-40.30279699999994,-14.424334399999964],[-40.410689899999966,-14.389932599999952],[-40.50522209999997,-14.337646599999971],[-40.488514899999984,-14.317906599999958],[-40.445110899999975,-14.294311999999934],[-40.433191799999975,-14.29832609999994],[-40.412435399999936,-14.281425499999955],[-40.39203229999998,-14.284715799999958],[-40.38790609999995,-14.265741699999978],[-40.37513269999994,-14.274166899999955],[-40.38403459999995,-14.283911899999964],[-40.376926699999956,-14.28995169999996],[-40.38022269999993,-14.29995649999995],[-40.356992599999955,-14.310485899999946],[-40.37029339999998,-14.293931199999975],[-40.354542899999956,-14.290297099999975],[-40.352589999999964,-14.27403789999994],[-40.32866769999998,-14.282843299999968],[-40.29823619999996,-14.276108799999975],[-40.19586389999995,-14.239375699999982],[-40.18090989999996,-14.22395309999996],[-40.16992319999997,-14.231283299999973],[-40.17064709999994,-14.248627899999974],[-40.162834499999974,-14.253303399999936],[-40.14407209999996,-14.245671799999968],[-40.13010589999993,-14.249321699999939],[-40.126124199999936,-14.235777799999937],[-40.11363609999995,-14.227934999999945],[-40.10657749999996,-14.231735699999945],[-40.098569699999985,-14.30287919999995],[-40.06934639999997,-14.314988599999936],[-40.070961599999976,-14.34901199999996],[-40.06148659999997,-14.359831699999972],[-40.06758009999993,-14.377620099999945],[-40.05730909999994,-14.38846129999996],[-40.04843979999998,-14.382280999999978],[-40.03570949999994,-14.39143439999998],[-40.041556699999944,-14.39253519999994],[-40.04491729999995,-14.41892189999993],[-40.03745669999995,-14.437925999999948],[-40.050992399999984,-14.440957899999944],[-40.059519999999964,-14.48629079999995],[-40.08149499999996,-14.48699929999998],[-40.093638399999975,-14.520803599999965],[-40.10458609999995,-14.520643599999971],[-40.11947399999997,-14.489563399999952],[-40.18295219999993,-14.479899599999953],[-40.19234599999993,-14.46110159999995],[-40.23784869999997,-14.441903199999956],[-40.27417859999997,-14.44642529999993]]]}},{"id":"1873","type":"Feature","properties":{"COD_IBGE":"2903805","MUNICIPIO":"Boa Vista do Tupim","UF":"BA"},"geometry":{"type":"Polygon","coordinates":[[[-40.575373499999955,-12.437805699999956],[-40.564153799999985,-12.466232399999967],[-40.54633129999996,-12.468556599999943],[-40.50432139999998,-12.495119899999963],[-40.49342139999993,-12.51071989999997],[-40.47084929999994,-12.508996499999967],[-40.45925409999995,-12.558103999999958],[-40.46686119999998,-12.57821999999993],[-40.456129799999985,-12.59330579999994],[-40.460353399999974,-12.603358999999955],[-40.42036059999998,-12.64008599999994],[-40.42648769999994,-12.66691439999994],[-40.35873959999998,-12.792217599999958],[-40.37069839999998,-12.800273699999934],[-40.389697299999966,-12.846921799999961],[-40.38436139999993,-12.866164999999967],[-40.42078929999997,-12.886753899999974],[-40.42541819999997,-12.921602399999927],[-40.45521789999998,-12.944901199999947],[-40.463649499999974,-12.949969199999941],[-40.48463149999998,-12.941960199999926],[-40.49616969999994,-12.951463499999932],[-40.50733029999998,-12.945841199999961],[-40.509365199999934,-12.967092499999978],[-40.522224999999935,-12.958910899999978],[-40.546464199999946,-12.991316299999937],[-40.57528769999993,-13.003174899999976],[-40.65235139999993,-13.000143399999956],[-40.68766519999997,-13.024525099999948],[-40.716439299999934,-13.01773819999994],[-40.75242909999997,-13.044302399999935],[-40.77086559999998,-13.03696709999997],[-40.78628889999993,-13.044059999999945],[-40.836523099999965,-13.015402999999935],[-40.85509989999997,-13.018383699999958],[-40.87396119999994,-13.004105799999934],[-40.88909709999996,-13.006470299999933],[-40.91160149999996,-13.025879499999974],[-40.91910539999998,-13.04643539999995],[-40.92792519999995,-13.044977299999971],[-40.930236899999954,-13.032743299999936],[-40.95051849999993,-13.035082799999941],[-40.96036849999996,-13.006733599999961],[-40.95889919999996,-12.97704129999994],[-40.97021049999995,-12.96329019999996],[-40.979735699999935,-12.976807699999938],[-40.994327699999985,-12.972067899999956],[-40.984543299999984,-12.95639239999997],[-40.987233799999956,-12.940768799999944],[-40.97680789999998,-12.930382399999928],[-40.98203829999994,-12.912559199999976],[-40.99477969999998,-12.920318099999974],[-41.010202799999945,-12.911465499999963],[-41.01997529999994,-12.915397199999973],[-40.96036079999993,-12.776310499999965],[-40.94418039999994,-12.771475499999951],[-40.946536099999946,-12.755342699999972],[-40.932335499999965,-12.753561899999966],[-40.920931199999984,-12.740998399999967],[-40.91128009999994,-12.745681199999979],[-40.90645449999994,-12.736658199999965],[-40.88954499999994,-12.741088799999943],[-40.878818999999964,-12.754911599999957],[-40.88292119999994,-12.762630499999943],[-40.85144449999996,-12.749924199999953],[-40.853657399999975,-12.737760399999956],[-40.84373499999998,-12.71831549999996],[-40.82203229999993,-12.708819699999935],[-40.82164779999994,-12.700277999999969],[-40.80845309999995,-12.69890659999993],[-40.80893949999995,-12.68892169999998],[-40.77893149999994,-12.68632679999996],[-40.77050289999994,-12.668822099999943],[-40.757903099999965,-12.665091699999948],[-40.757903099999965,-12.647074399999951],[-40.78119879999997,-12.590238399999976],[-40.76390049999998,-12.575560999999936],[-40.76457579999993,-12.559902499999964],[-40.78439799999995,-12.547135999999966],[-40.77550209999998,-12.523824999999931],[-40.79362009999994,-12.48527619999993],[-40.79093979999993,-12.472611299999926],[-40.77443979999998,-12.470079999999939],[-40.78110079999993,-12.451041399999951],[-40.71260469999993,-12.444799299999943],[-40.597577799999954,-12.453067199999964],[-40.575373499999955,-12.437805699999956]]]}},{"id":"1874","type":"Feature","properties":{"COD_IBGE":"2903904","MUNICIPIO":"Bom Jesus da Lapa","UF":"BA"},"geometry":{"type":"Polygon","coordinates":[[[-43.43047199999995,-13.428642399999944],[-43.462813799999935,-13.353420399999948],[-43.46143019999994,-13.321864799999958],[-43.43234679999995,-13.25863899999996],[-43.62914799999993,-13.268223999999975],[-43.70501219999994,-13.289556599999969],[-43.70606799999996,-13.187841899999967],[-43.69297409999996,-13.169309599999963],[-43.63487349999997,-13.184697399999948],[-43.61914029999997,-13.175632599999972],[-43.60966019999995,-13.151513399999942],[-43.56418309999998,-13.146032899999966],[-43.54538679999996,-13.151019399999939],[-43.51807199999996,-13.128770699999961],[-43.49089729999997,-13.136810899999944],[-43.463780199999974,-13.132326499999976],[-43.45399239999995,-13.149144699999965],[-43.45936999999998,-13.055382099999974],[-43.45112259999996,-13.035948299999973],[-43.40614579999993,-12.99789519999996],[-43.40968559999993,-12.980739299999982],[-43.400135399999954,-12.931992699999967],[-43.40538209999994,-12.899512999999956],[-43.39495199999993,-12.873149599999977],[-43.36050769999997,-12.868071799999939],[-43.34813449999996,-12.858839499999931],[-43.34829549999995,-12.824722799999961],[-43.33738809999994,-12.79959569999994],[-43.278142199999934,-12.741388799999982],[-43.26182219999998,-12.710609399999953],[-43.23129259999996,-12.691798699999936],[-43.202300399999956,-12.689172699999972],[-43.21634849999998,-12.718635799999959],[-43.22896569999995,-12.725729299999955],[-43.22942419999998,-12.73913719999996],[-43.222477899999944,-12.727482799999962],[-43.21817319999997,-12.734566799999982],[-43.255580899999984,-12.782071899999949],[-43.28755169999994,-12.842011799999966],[-43.26249919999998,-12.863365699999974],[-43.261337899999944,-12.874940599999945],[-43.24992219999996,-12.876367799999969],[-43.25049399999995,-12.887166899999954],[-43.229074099999934,-12.89599579999998],[-43.225300999999945,-12.888024099999939],[-43.218044599999985,-12.891007399999978],[-43.21430269999996,-12.907772499999965],[-43.19063649999998,-12.923007999999982],[-43.16868999999997,-12.974120999999968],[-43.136992599999985,-12.988616399999955],[-43.11667279999995,-13.027725499999974],[-43.095282699999984,-13.026954599999954],[-43.07403949999997,-13.064754899999969],[-43.05432349999995,-13.069673899999941],[-43.04894719999993,-13.083219199999974],[-43.02986649999997,-13.09311619999994],[-43.00952159999997,-13.086789899999928],[-42.99081179999996,-13.09850739999996],[-42.97050719999993,-13.096176599999978],[-42.918473699999936,-13.14794569999998],[-42.90936339999996,-13.176150899999982],[-42.922955599999966,-13.18343649999997],[-42.91496829999994,-13.204748199999926],[-42.92322669999993,-13.246497099999942],[-42.91496089999998,-13.259246099999928],[-42.91255499999994,-13.295088599999929],[-42.92624239999998,-13.298593399999959],[-42.94754679999994,-13.29052239999993],[-42.96006149999994,-13.334057499999972],[-43.11651789999996,-13.323909199999946],[-43.129430799999966,-13.427596299999948],[-43.16306499999996,-13.441530599999965],[-43.18766109999996,-13.519012699999962],[-43.241323499999964,-13.610394199999973],[-43.439463899999964,-13.876172199999928],[-43.45964799999996,-13.872012899999959],[-43.47258029999995,-13.852139999999963],[-43.482505799999956,-13.850452599999926],[-43.48018459999997,-13.832100099999934],[-43.51115459999994,-13.81533939999997],[-43.516706899999974,-13.792877399999952],[-43.54519329999994,-13.793926299999953],[-43.53768109999993,-13.772373899999934],[-43.52713229999995,-13.769594599999948],[-43.51563559999994,-13.745868299999927],[-43.49933359999994,-13.733352199999956],[-43.48240139999996,-13.651722199999938],[-43.47369169999996,-13.642759599999977],[-43.47613889999997,-13.626234199999942],[-43.44261809999995,-13.559325399999977],[-43.44138859999998,-13.54524699999996],[-43.44999349999995,-13.539101999999957],[-43.43047199999995,-13.428642399999944]]]}},{"id":"1875","type":"Feature","properties":{"COD_IBGE":"2903953","MUNICIPIO":"Bom Jesus da Serra","UF":"BA"},"geometry":{"type":"Polygon","coordinates":[[[-40.49388509999994,-14.448791399999948],[-40.66017029999995,-14.462930299999982],[-40.682011399999965,-14.442727499999933],[-40.68668569999994,-14.45306009999996],[-40.70331699999997,-14.447142399999962],[-40.72061229999997,-14.428783299999964],[-40.72403899999995,-14.396222899999941],[-40.743635799999936,-14.386605499999973],[-40.71752719999995,-14.382912899999951],[-40.706327999999985,-14.361084499999947],[-40.69603089999998,-14.360547099999962],[-40.73531469999995,-14.33783429999994],[-40.73170419999997,-14.329436199999975],[-40.70461709999995,-14.328417799999954],[-40.69966739999995,-14.298625799999968],[-40.67623169999996,-14.310705499999926],[-40.67669059999997,-14.330359999999928],[-40.63502119999998,-14.29899759999995],[-40.54066949999998,-14.317273399999976],[-40.39866189999998,-14.394435699999974],[-40.39382449999994,-14.404854199999932],[-40.40096289999997,-14.440788899999973],[-40.415111199999956,-14.457635399999958],[-40.42646439999993,-14.446257899999978],[-40.43404289999995,-14.45998659999998],[-40.438860199999965,-14.454375699999957],[-40.449632399999985,-14.46405999999996],[-40.49388509999994,-14.448791399999948]]]}},{"id":"1876","type":"Feature","properties":{"COD_IBGE":"2904001","MUNICIPIO":"Boninal","UF":"BA"},"geometry":{"type":"Polygon","coordinates":[[[-41.63693189999998,-12.782420699999932],[-41.62098849999995,-12.827680499999929],[-41.62968509999996,-12.865726999999936],[-41.64362319999998,-12.881825599999956],[-41.640332099999966,-12.898069599999928],[-41.69966439999996,-12.994864999999947],[-41.797824799999944,-12.808580199999938],[-41.812924099999975,-12.82085989999996],[-41.82979039999998,-12.814291199999957],[-41.857463199999984,-12.825097699999958],[-41.89492299999995,-12.803660699999966],[-41.914770199999964,-12.819006999999942],[-41.97801099999998,-12.830378499999938],[-41.99368369999996,-12.855706999999938],[-42.01845479999997,-12.85611229999995],[-42.01299119999993,-12.833169999999939],[-42.03334229999996,-12.762960899999939],[-42.01776979999994,-12.727827999999931],[-42.03058129999994,-12.684590399999934],[-42.02798979999994,-12.657577999999944],[-41.89746359999998,-12.68426599999998],[-41.845779999999934,-12.67638999999997],[-41.64420339999998,-12.680487599999935],[-41.60566959999994,-12.710727199999951],[-41.60382189999996,-12.722384399999953],[-41.61572239999998,-12.75944979999997],[-41.63693189999998,-12.782420699999932]]]}},{"id":"1877","type":"Feature","properties":{"COD_IBGE":"2904050","MUNICIPIO":"Bonito","UF":"BA"},"geometry":{"type":"Polygon","coordinates":[[[-41.19570739999995,-12.011781499999927],[-41.21584269999994,-12.017981499999962],[-41.23129629999994,-12.040194799999938],[-41.22945349999998,-12.07773409999993],[-41.21777399999996,-12.083823699999925],[-41.23697359999994,-12.114010699999938],[-41.22478249999995,-12.124798699999928],[-41.229148099999975,-12.137398799999971],[-41.355422799999985,-12.167943699999967],[-41.37159959999997,-12.118744099999958],[-41.36822999999998,-12.08295869999995],[-41.39717989999997,-12.073865099999978],[-41.407636699999955,-12.04890039999998],[-41.40219979999995,-12.03844829999997],[-41.41594379999998,-12.021351799999934],[-41.41661269999997,-11.99801679999996],[-41.444708599999956,-11.98611459999995],[-41.45565629999993,-11.969638999999972],[-41.447524199999975,-11.94605009999998],[-41.42554649999994,-11.934142099999974],[-41.43059299999993,-11.925310599999932],[-41.42101109999993,-11.908961399999953],[-41.42262429999994,-11.87165959999993],[-41.39890779999996,-11.81276859999997],[-41.39207319999997,-11.770606199999975],[-41.366434899999945,-11.779273899999964],[-41.346778599999936,-11.776715699999954],[-41.32612729999994,-11.784310499999947],[-41.32167069999997,-11.798075799999935],[-41.24938039999995,-11.813954999999964],[-41.24390699999998,-11.83920489999997],[-41.25637969999997,-11.90055719999998],[-41.22906349999994,-11.90788589999994],[-41.21352559999997,-11.925612899999976],[-41.20540509999995,-11.950636499999973],[-41.19609939999998,-11.950628699999982],[-41.18973529999994,-11.960822999999948],[-41.19570739999995,-12.011781499999927]]]}},{"id":"1878","type":"Feature","properties":{"COD_IBGE":"2904100","MUNICIPIO":"Boquira","UF":"BA"},"geometry":{"type":"Polygon","coordinates":[[[-42.49964289999997,-12.868141299999934],[-42.68049149999996,-12.900270599999942],[-42.72040449999997,-12.88529699999998],[-42.78238579999993,-12.911967299999958],[-42.83029369999997,-12.95036319999997],[-42.843111799999974,-12.936034899999981],[-42.86199039999997,-12.943869099999972],[-42.882424699999945,-12.93054879999994],[-42.93327899999997,-12.931834799999933],[-42.89129779999996,-12.88928409999994],[-42.87858199999994,-12.724606199999926],[-42.888625899999965,-12.541645399999936],[-42.825397899999984,-12.569795499999941],[-42.77170259999997,-12.55765109999993],[-42.63925359999996,-12.500800899999945],[-42.63858159999995,-12.512374199999954],[-42.65548739999997,-12.518741299999931],[-42.655058199999985,-12.532803099999967],[-42.63574739999996,-12.578625099999954],[-42.637920099999974,-12.59489469999994],[-42.62819049999996,-12.594316799999945],[-42.62323829999997,-12.60495839999993],[-42.627175199999954,-12.627750299999946],[-42.60963039999996,-12.637221499999953],[-42.605223999999964,-12.658193599999947],[-42.58259009999995,-12.66315549999996],[-42.58109299999995,-12.691151599999955],[-42.548892799999976,-12.687638399999969],[-42.53699809999995,-12.699358999999959],[-42.525890699999934,-12.692482999999982],[-42.504750799999954,-12.737552599999958],[-42.49485779999998,-12.741076799999973],[-42.50112789999997,-12.749635399999931],[-42.49569989999998,-12.768412399999931],[-42.51108009999996,-12.775344899999936],[-42.52980219999995,-12.82302969999995],[-42.49814989999993,-12.85424489999997],[-42.49964289999997,-12.868141299999934]]]}},{"id":"1879","type":"Feature","properties":{"COD_IBGE":"2904209","MUNICIPIO":"Botuporã","UF":"BA"},"geometry":{"type":"Polygon","coordinates":[[[-42.52266259999993,-13.220532099999957],[-42.502251599999965,-13.182840599999963],[-42.444484699999975,-13.18459379999996],[-42.44369379999995,-13.232820999999944],[-42.41979459999993,-13.274556399999938],[-42.43434119999995,-13.286239299999977],[-42.40914399999997,-13.347452099999941],[-42.40588719999994,-13.402205299999935],[-42.463028399999985,-13.439543399999934],[-42.54874539999997,-13.459871699999951],[-42.55913529999998,-13.435047899999972],[-42.579152499999964,-13.429523699999947],[-42.58339429999995,-13.440183799999943],[-42.62585819999998,-13.40477119999997],[-42.67647479999994,-13.37765939999997],[-42.65315339999995,-13.334600799999976],[-42.67998979999993,-13.325556099999972],[-42.68236209999998,-13.269208299999946],[-42.60784579999995,-13.246616299999971],[-42.610121799999945,-13.22861839999996],[-42.52266259999993,-13.220532099999957]]]}},{"id":"1880","type":"Feature","properties":{"COD_IBGE":"2904308","MUNICIPIO":"Brejões","UF":"BA"},"geometry":{"type":"Polygon","coordinates":[[[-39.73849809999996,-13.118625299999962],[-39.75633719999996,-13.129327599999954],[-39.75331279999995,-13.137385299999949],[-39.76067159999997,-13.144281899999953],[-39.74377419999996,-13.159945299999947],[-39.743219299999964,-13.191894399999967],[-39.766107699999964,-13.178907099999947],[-39.809353399999964,-13.18599299999994],[-39.812676099999976,-13.194025099999976],[-39.82907729999994,-13.185912799999926],[-39.83846489999996,-13.190360599999963],[-39.83151689999994,-13.205515499999933],[-39.845965099999944,-13.203723099999934],[-39.88948439999996,-13.166687599999932],[-39.92128299999996,-13.164092599999947],[-39.96268429999998,-13.095542699999953],[-39.95669509999993,-13.060052999999982],[-39.96812579999994,-13.039107299999955],[-39.95304679999998,-12.994840999999951],[-39.90434329999994,-12.93421159999997],[-39.88631639999994,-12.943044699999973],[-39.87707299999994,-12.936445599999956],[-39.84962139999993,-12.964069799999947],[-39.805992799999956,-12.977934199999936],[-39.767246899999975,-13.04770469999994],[-39.71020889999994,-13.09698439999994],[-39.69715789999998,-13.125457299999937],[-39.71088949999995,-13.132262699999956],[-39.73849809999996,-13.118625299999962]]]}},{"id":"1881","type":"Feature","properties":{"COD_IBGE":"2904407","MUNICIPIO":"Brejolândia","UF":"BA"},"geometry":{"type":"Polygon","coordinates":[[[-43.94515039999993,-12.704830899999934],[-43.95392969999995,-12.672882899999934],[-43.97494409999996,-12.668821199999968],[-44.016886099999965,-12.695135799999946],[-44.06794469999994,-12.697365799999943],[-44.08342399999998,-12.645267199999978],[-44.07622289999995,-12.629179199999953],[-44.07312419999994,-12.565231599999947],[-44.084467899999936,-12.550455399999976],[-44.07356889999994,-12.544841099999928],[-44.09005899999994,-12.522372899999937],[-44.10380709999998,-12.51988979999993],[-44.100878499999965,-12.505553499999962],[-44.11752569999993,-12.48890629999994],[-44.11094579999997,-12.480220799999927],[-44.07055649999995,-12.471255699999972],[-44.023316499999964,-12.414614799999981],[-44.00712349999998,-12.35114509999994],[-43.986900799999944,-12.335309699999982],[-43.98816999999997,-12.297462999999937],[-43.95598479999995,-12.266998999999942],[-43.95824389999996,-12.23826859999997],[-43.93847869999996,-12.231713699999943],[-43.91303329999994,-12.25640009999995],[-43.88243969999996,-12.247038299999929],[-43.86431479999993,-12.250726099999952],[-43.852255799999966,-12.242306199999973],[-43.82072819999996,-12.251420799999948],[-43.80051609999998,-12.245924399999979],[-43.78177629999993,-12.258036499999946],[-43.76730639999994,-12.28071719999997],[-43.736656799999935,-12.284167699999955],[-43.72592869999994,-12.29845359999996],[-43.73074539999993,-12.310166799999934],[-43.70993989999994,-12.322511899999938],[-43.685320299999944,-12.31899199999998],[-43.70740669999998,-12.37077729999993],[-43.70540589999996,-12.38435329999993],[-43.67936299999997,-12.389493499999958],[-43.553544999999986,-12.506503299999963],[-43.44359769999994,-12.551435499999968],[-43.536369699999966,-12.636860399999932],[-43.94515039999993,-12.704830899999934]]]}},{"id":"1882","type":"Feature","properties":{"COD_IBGE":"2904506","MUNICIPIO":"Brotas de Macaúbas","UF":"BA"},"geometry":{"type":"Polygon","coordinates":[[[-42.37836889999994,-12.234392199999945],[-42.56135599999993,-12.258395399999927],[-42.57720569999998,-12.203624899999966],[-42.57284819999995,-12.172620499999937],[-42.61375519999996,-12.167717299999936],[-42.611032799999975,-12.148355299999935],[-42.62188629999997,-12.114368899999931],[-42.61743619999993,-12.103289399999937],[-42.62657379999996,-12.07991809999993],[-42.659031599999935,-12.07117349999993],[-42.66991029999997,-12.059933799999953],[-42.685683799999936,-12.083297699999946],[-42.68601209999997,-12.104341599999941],[-42.69798799999995,-12.103063599999928],[-42.71887409999994,-12.117194499999925],[-42.71979879999998,-12.105207699999937],[-42.73984599999994,-12.085011299999962],[-42.75284359999995,-12.087153599999965],[-42.75324129999996,-12.067879499999947],[-42.77686339999997,-12.032949599999938],[-42.77107449999994,-12.008177299999943],[-42.777570099999934,-11.99750389999997],[-42.75725449999993,-11.986879099999953],[-42.75885999999997,-11.97337639999995],[-42.76498529999998,-11.960040099999958],[-42.78344299999998,-11.970820799999956],[-42.81311929999998,-11.942042999999956],[-42.861193199999946,-11.793959499999971],[-42.836851999999965,-11.773191399999973],[-42.82055719999994,-11.776196899999945],[-42.78350089999998,-11.74670139999995],[-42.78809019999994,-11.739343499999961],[-42.759946499999955,-11.738943499999948],[-42.74762939999994,-11.730770999999947],[-42.772152999999946,-11.808951699999966],[-42.70029549999998,-11.87604529999993],[-42.66861369999998,-11.867016899999953],[-42.461157999999955,-11.966046799999958],[-42.24496279999994,-11.948369199999945],[-42.08778479999995,-12.185723399999972],[-42.097897099999955,-12.197144299999934],[-42.08832669999998,-12.227977799999962],[-42.08891309999996,-12.291495299999951],[-42.098559999999964,-12.29156869999997],[-42.11301039999995,-12.307027799999958],[-42.12412079999996,-12.277679199999966],[-42.27024899999998,-12.311075999999957],[-42.27099439999995,-12.337969599999951],[-42.25895819999994,-12.344161099999951],[-42.25028679999997,-12.403216399999963],[-42.27258299999994,-12.412239299999953],[-42.295694399999945,-12.40347369999995],[-42.31200169999994,-12.40847169999995],[-42.32567179999995,-12.429445099999953],[-42.320937999999956,-12.446473599999933],[-42.33059659999998,-12.464522699999975],[-42.32981559999996,-12.482623699999976],[-42.35382529999998,-12.45631179999998],[-42.36248089999998,-12.42077949999998],[-42.35265799999996,-12.412606399999959],[-42.32734579999993,-12.413556299999982],[-42.321474199999955,-12.395730799999967],[-42.33265679999994,-12.384400099999937],[-42.37179379999998,-12.27783409999995],[-42.37836889999994,-12.234392199999945]]]}},{"id":"1883","type":"Feature","properties":{"COD_IBGE":"2904605","MUNICIPIO":"Brumado","UF":"BA"},"geometry":{"type":"Polygon","coordinates":[[[-41.67651069999994,-14.47741069999995],[-41.69392339999996,-14.475490599999944],[-41.69675059999997,-14.457140799999934],[-41.72086369999994,-14.446375599999953],[-41.717817999999966,-14.424912899999981],[-41.76368119999995,-14.255838899999958],[-41.80034459999996,-14.260974899999951],[-41.92424489999996,-14.227762799999937],[-41.96850949999998,-14.233979899999952],[-41.97964129999997,-14.22633339999993],[-41.99428649999993,-14.167277499999955],[-42.01599249999998,-14.118862499999977],[-42.08699009999998,-14.056857599999944],[-42.07318269999996,-14.051490899999976],[-42.063544099999945,-14.05972799999995],[-42.054750199999944,-14.052295499999957],[-42.04211529999998,-14.063631599999951],[-42.02549189999996,-14.05827499999998],[-42.01519609999997,-14.070393199999955],[-41.99690229999993,-14.073817399999939],[-41.981389899999954,-14.071051999999952],[-41.975197599999944,-14.056602699999928],[-41.90215089999998,-14.054950299999973],[-41.89409569999998,-14.031271899999979],[-41.880548199999964,-14.039076299999977],[-41.88018169999998,-14.027435999999966],[-41.86187339999998,-14.005131999999946],[-41.840587599999935,-14.004273399999931],[-41.84570999999994,-13.985541199999943],[-41.83594849999997,-13.973934399999962],[-41.807338999999956,-13.97398789999994],[-41.800451599999974,-13.97814829999993],[-41.80605809999997,-13.987039099999947],[-41.78405049999998,-13.993365299999937],[-41.77014589999993,-13.982797399999981],[-41.754791799999964,-13.99069819999994],[-41.71762839999997,-13.977445199999977],[-41.66043949999994,-14.001043699999968],[-41.493884899999955,-13.916493199999934],[-41.500725099999954,-13.925871799999982],[-41.48873749999996,-13.921422199999938],[-41.48776959999998,-13.930713199999957],[-41.47956919999996,-13.929691899999966],[-41.48396299999996,-13.936728399999936],[-41.47365479999996,-13.939489599999945],[-41.48198299999996,-13.950341999999978],[-41.466798799999935,-13.961332599999935],[-41.47553319999997,-13.969622399999935],[-41.46593169999994,-13.97129659999996],[-41.46353209999995,-14.001728699999944],[-41.448883199999955,-14.004247899999939],[-41.44999299999995,-14.013964299999941],[-41.43918279999997,-14.023531799999944],[-41.42638779999993,-14.022824699999944],[-41.40944459999997,-14.042421699999977],[-41.402959099999975,-14.038256199999978],[-41.39018169999997,-14.050049699999931],[-41.37825429999998,-14.044077699999946],[-41.37608199999994,-14.051508799999965],[-41.35992909999993,-14.051964399999974],[-41.31840089999997,-14.085329399999978],[-41.371115299999985,-14.103010599999948],[-41.42716239999993,-14.109474899999952],[-41.47042299999998,-14.148171199999979],[-41.48082789999995,-14.142228599999953],[-41.49190979999997,-14.147318599999949],[-41.48829239999998,-14.161074799999938],[-41.49806159999997,-14.15965959999994],[-41.49649059999996,-14.176250599999946],[-41.51274399999994,-14.171242499999948],[-41.53083419999996,-14.198090199999967],[-41.53214939999998,-14.220006499999954],[-41.54121159999994,-14.227578299999948],[-41.53730289999993,-14.237986399999954],[-41.54903059999998,-14.25000209999996],[-41.56289749999996,-14.24596349999996],[-41.56711839999997,-14.252374499999974],[-41.550779499999976,-14.266977899999972],[-41.571316699999954,-14.308307899999932],[-41.55608459999996,-14.320453799999939],[-41.566231699999946,-14.33480099999997],[-41.56096349999996,-14.359595199999944],[-41.56903769999997,-14.38662869999996],[-41.55074199999996,-14.428076099999942],[-41.56259269999998,-14.458810299999982],[-41.55781299999995,-14.484159499999976],[-41.536648699999944,-14.488266199999941],[-41.53183179999996,-14.498455999999976],[-41.63762479999997,-14.509199899999942],[-41.67651069999994,-14.47741069999995]]]}},{"id":"1884","type":"Feature","properties":{"COD_IBGE":"2904704","MUNICIPIO":"Buerarema","UF":"BA"},"geometry":{"type":"Polygon","coordinates":[[[-39.22058769999995,-14.946791899999937],[-39.20129849999995,-15.006057899999973],[-39.17042449999997,-15.023127899999963],[-39.15971079999997,-15.044798399999934],[-39.16301519999996,-15.05265259999993],[-39.18804759999995,-15.05454439999994],[-39.20506279999995,-15.046762399999977],[-39.22014509999997,-15.055498799999953],[-39.23605809999998,-15.048412199999973],[-39.27278169999994,-15.08395779999995],[-39.29360159999993,-15.072316499999943],[-39.279034999999965,-15.056142499999964],[-39.307811199999946,-15.02104079999998],[-39.32035429999996,-15.024756099999934],[-39.328256899999985,-15.014922799999965],[-39.340896499999985,-15.02648849999997],[-39.36609589999995,-15.032496399999957],[-39.35321619999996,-14.991519499999981],[-39.36543109999997,-14.980817399999978],[-39.363985699999944,-14.967065799999943],[-39.349099799999976,-14.965190999999948],[-39.342705499999965,-14.947433499999931],[-39.32884109999998,-14.932187799999951],[-39.31493379999995,-14.929927799999973],[-39.306573699999944,-14.915759999999977],[-39.30091779999998,-14.930921299999966],[-39.25291979999997,-14.931560699999977],[-39.240823999999975,-14.938150299999961],[-39.230071599999974,-14.934596399999975],[-39.22142699999995,-14.912409599999933],[-39.21123399999993,-14.908819999999935],[-39.22058769999995,-14.946791899999937]]]}},{"id":"1885","type":"Feature","properties":{"COD_IBGE":"2904753","MUNICIPIO":"Buritirama","UF":"BA"},"geometry":{"type":"Polygon","coordinates":[[[-43.37887939999996,-10.728841699999975],[-43.39508149999995,-10.801005999999973],[-43.388552499999946,-10.813225799999941],[-43.38816989999998,-10.858458999999925],[-43.54942939999995,-10.86997729999996],[-43.759324499999934,-10.909202799999946],[-43.801440199999945,-10.899144699999965],[-43.84237689999998,-10.849785299999951],[-43.90071089999998,-10.857066799999927],[-43.92014329999995,-10.827176799999961],[-43.92095479999995,-10.812873799999977],[-43.90685469999994,-10.798672199999942],[-43.92044759999993,-10.780412999999953],[-43.92014329999995,-10.765399899999977],[-43.94560469999993,-10.708796399999926],[-43.99175989999998,-10.66669879999995],[-43.99896209999997,-10.63859999999994],[-44.05819839999998,-10.62182009999998],[-44.08266279999998,-10.594532899999933],[-44.07211369999993,-10.579927699999928],[-44.05101039999994,-10.50623859999996],[-44.02584369999994,-10.47547069999996],[-44.03576449999997,-10.444713499999978],[-44.02776529999994,-10.412473999999975],[-44.00770559999995,-10.40534299999996],[-43.97693349999997,-10.431376499999942],[-43.936734799999954,-10.436130299999945],[-43.91622929999994,-10.42671869999998],[-43.91588939999997,-10.39308479999994],[-43.77079229999998,-10.393088099999943],[-43.72199559999996,-10.354692899999975],[-43.66300169999994,-10.375903499999936],[-43.65427009999996,-10.345996199999945],[-43.664680199999964,-10.323986199999979],[-43.65212859999997,-10.30602129999994],[-43.63243849999998,-10.303284899999937],[-43.623053899999945,-10.283063499999969],[-43.60620729999994,-10.277638299999978],[-43.585482799999966,-10.248444899999981],[-43.50500989999995,-10.248808999999937],[-43.470388699999944,-10.234413299999972],[-43.38471599999997,-10.23995599999995],[-43.37704819999993,-10.246646699999928],[-43.37242999999995,-10.280559799999935],[-43.37442889999994,-10.309441099999958],[-43.38885579999993,-10.339969799999949],[-43.38190769999994,-10.375647499999957],[-43.38692579999997,-10.387613599999952],[-43.37793739999995,-10.402998599999933],[-43.38477519999998,-10.426710199999945],[-43.376503699999944,-10.447554299999979],[-43.37385679999994,-10.511079299999949],[-43.38102539999994,-10.546977599999934],[-43.380859999999984,-10.584419899999943],[-43.37325019999997,-10.591257599999949],[-43.37126509999996,-10.612708399999974],[-43.382348899999954,-10.650371199999938],[-43.37617279999995,-10.67011249999996],[-43.37887939999996,-10.728841699999975]]]}},{"id":"1886","type":"Feature","properties":{"COD_IBGE":"2904803","MUNICIPIO":"Caatiba","UF":"BA"},"geometry":{"type":"Polygon","coordinates":[[[-40.41693309999994,-15.080200499999933],[-40.42404229999994,-15.038166899999965],[-40.44621889999996,-15.042687899999976],[-40.46582559999996,-15.031361699999934],[-40.51612849999998,-15.05641019999996],[-40.524634799999944,-15.036064899999928],[-40.55089359999994,-15.037108799999942],[-40.50131989999994,-14.977732899999978],[-40.43395629999998,-14.91950479999997],[-40.40887209999994,-14.852815799999973],[-40.38945979999994,-14.858586599999967],[-40.38316459999993,-14.872792299999958],[-40.37297079999996,-14.874962599999947],[-40.36831569999998,-14.916016799999966],[-40.33239059999994,-14.90937109999993],[-40.327626099999975,-14.887452899999971],[-40.311469399999964,-14.885932099999934],[-40.300746199999935,-14.93023919999996],[-40.29373979999997,-14.933266899999978],[-40.29983559999994,-14.960248999999976],[-40.13751309999998,-15.011944699999958],[-40.145964299999946,-15.028170699999976],[-40.15623439999996,-15.008825299999955],[-40.191326699999934,-15.004708799999946],[-40.19371229999996,-15.020172199999934],[-40.21934739999995,-15.022648999999944],[-40.22748859999996,-15.033066099999928],[-40.24536969999997,-15.021967999999958],[-40.25046279999998,-15.026319199999932],[-40.236161299999935,-15.04825969999996],[-40.253501599999936,-15.051234099999931],[-40.25555389999994,-15.067682099999956],[-40.30160919999997,-15.08848519999998],[-40.33109659999997,-15.082416999999964],[-40.34531219999997,-15.107272699999953],[-40.37476609999993,-15.09223499999996],[-40.40455849999995,-15.094094799999937],[-40.41693309999994,-15.080200499999933]]]}},{"id":"1887","type":"Feature","properties":{"COD_IBGE":"2904852","MUNICIPIO":"Cabaceiras do Paraguaçu","UF":"BA"},"geometry":{"type":"Polygon","coordinates":[[[-39.14558309999995,-12.565065599999969],[-39.17801749999995,-12.584697699999936],[-39.17721809999995,-12.629770599999972],[-39.21516129999998,-12.65350849999993],[-39.235842299999945,-12.65849449999996],[-39.31849109999996,-12.54706159999995],[-39.27735699999994,-12.537396099999967],[-39.261845499999936,-12.54871989999998],[-39.22651319999994,-12.546462299999973],[-39.203900499999975,-12.512056399999949],[-39.10680249999996,-12.493587599999955],[-39.07348909999996,-12.50243759999995],[-39.05792719999994,-12.540450499999963],[-39.14558309999995,-12.565065599999969]]]}},{"id":"1888","type":"Feature","properties":{"COD_IBGE":"2904902","MUNICIPIO":"Cachoeira","UF":"BA"},"geometry":{"type":"Polygon","coordinates":[[[-38.92662869999998,-12.72831279999997],[-38.94187139999997,-12.660154199999965],[-38.952862299999936,-12.646983699999964],[-38.96250289999995,-12.609494599999948],[-39.00402799999995,-12.584402099999977],[-39.00895579999997,-12.57384959999996],[-39.005091999999934,-12.563632999999982],[-38.97912319999995,-12.564888999999937],[-38.98288919999993,-12.551689299999964],[-38.96176289999994,-12.540750199999934],[-38.89030109999993,-12.515381799999943],[-38.85074479999997,-12.563353399999926],[-38.84505539999998,-12.549979199999939],[-38.843793699999935,-12.563416699999948],[-38.83368959999996,-12.560022699999934],[-38.83127269999994,-12.568124499999954],[-38.822036699999956,-12.56777489999996],[-38.825771299999985,-12.578745099999935],[-38.811703499999965,-12.58509239999995],[-38.820122899999944,-12.593990399999939],[-38.80818339999996,-12.585255399999937],[-38.80695369999995,-12.610984299999927],[-38.801437799999974,-12.62491549999993],[-38.793633399999976,-12.624589399999934],[-38.79585799999995,-12.64911559999996],[-38.81838949999997,-12.669505899999933],[-38.81099709999995,-12.692789799999957],[-38.829999199999975,-12.703541099999939],[-38.82047369999998,-12.718991899999935],[-38.836431999999945,-12.726638999999977],[-38.832563799999946,-12.752075899999966],[-38.81751859999997,-12.775654499999973],[-38.830051399999945,-12.79515189999995],[-38.831239299999936,-12.821244899999954],[-38.84577399999995,-12.83908539999993],[-38.86283599999996,-12.823261799999955],[-38.85980929999994,-12.795851299999981],[-38.88466189999997,-12.75464089999997],[-38.902208299999984,-12.737608799999975],[-38.92662869999998,-12.72831279999997]]]}},{"id":"1889","type":"Feature","properties":{"COD_IBGE":"2905008","MUNICIPIO":"Caculé","UF":"BA"},"geometry":{"type":"Polygon","coordinates":[[[-42.173369399999956,-14.408107099999938],[-42.15045239999995,-14.488973199999975],[-42.17826169999995,-14.514487599999939],[-42.15418119999998,-14.528233799999953],[-42.15690639999997,-14.597041599999955],[-42.19485619999995,-14.60745739999993],[-42.21663279999996,-14.598164199999928],[-42.23912249999995,-14.61180509999997],[-42.24775089999997,-14.60903529999996],[-42.26934469999998,-14.631251599999928],[-42.28605269999997,-14.625318999999934],[-42.31129699999997,-14.631132899999955],[-42.335397299999954,-14.622268399999939],[-42.33210349999996,-14.592958799999963],[-42.35655269999995,-14.57447419999994],[-42.35273129999996,-14.564042699999959],[-42.34277919999994,-14.564042699999959],[-42.342749399999946,-14.553543299999944],[-42.32398919999997,-14.54893949999996],[-42.34755219999994,-14.51665829999996],[-42.34184149999993,-14.502571899999964],[-42.35696649999994,-14.48018639999998],[-42.351876999999945,-14.468894599999942],[-42.37526219999995,-14.456187199999931],[-42.38977929999993,-14.428963799999963],[-42.448294499999975,-14.417174099999954],[-42.46314899999993,-14.421500599999945],[-42.466367599999955,-14.40574399999997],[-42.50256759999996,-14.39955029999993],[-42.516470399999946,-14.411851699999943],[-42.52426669999994,-14.408982999999978],[-42.51365579999998,-14.381675799999982],[-42.49234309999997,-14.376640799999961],[-42.461135799999965,-14.351732599999934],[-42.46316249999995,-14.364547999999957],[-42.42769199999998,-14.356114599999955],[-42.41775899999993,-14.371235199999944],[-42.39695429999995,-14.373450099999957],[-42.374675699999955,-14.391757199999972],[-42.35600919999996,-14.377176899999938],[-42.33002239999996,-14.381861699999945],[-42.32243189999997,-14.392331299999967],[-42.29723739999997,-14.376512399999967],[-42.27050809999997,-14.38294209999998],[-42.230933499999935,-14.37763119999994],[-42.173369399999956,-14.408107099999938]]]}},{"id":"1890","type":"Feature","properties":{"COD_IBGE":"2905107","MUNICIPIO":"Caém","UF":"BA"},"geometry":{"type":"Polygon","coordinates":[[[-40.21933549999994,-11.105750999999941],[-40.17866379999998,-11.10600729999993],[-39.99122609999995,-11.166469199999938],[-40.07430549999998,-11.196898199999964],[-40.083997299999965,-11.186391199999946],[-40.10706339999996,-11.192542299999957],[-40.13140589999995,-11.179097499999955],[-40.149513499999955,-11.186754199999939],[-40.161019899999985,-11.182713999999976],[-40.163629999999955,-11.19105769999993],[-40.195928899999956,-11.187320899999975],[-40.20552209999994,-11.176802599999974],[-40.20865949999995,-11.18453809999994],[-40.22429159999996,-11.182562099999927],[-40.22830229999994,-11.190960999999959],[-40.259582999999964,-11.192336999999952],[-40.27888379999996,-11.204215799999929],[-40.302274799999964,-11.202882299999942],[-40.31821919999993,-11.210849499999938],[-40.31418559999997,-11.217065399999967],[-40.345313199999964,-11.228789199999937],[-40.369573299999956,-11.206422999999972],[-40.37223359999996,-11.213401699999963],[-40.39315819999996,-11.214426799999956],[-40.39607569999998,-11.224857799999938],[-40.418538199999944,-11.20476229999997],[-40.431048799999985,-11.207074999999975],[-40.45220039999998,-11.189631599999927],[-40.481727199999966,-11.04939939999997],[-40.468109899999945,-11.057160499999952],[-40.389462599999945,-11.061726499999963],[-40.274507899999946,-11.094472399999972],[-40.236600299999964,-11.094542399999966],[-40.21933549999994,-11.105750999999941]]]}},{"id":"1891","type":"Feature","properties":{"COD_IBGE":"2905156","MUNICIPIO":"Caetanos","UF":"BA"},"geometry":{"type":"Polygon","coordinates":[[[-40.69603089999998,-14.360547099999962],[-41.09367109999994,-14.441621699999928],[-41.06792169999994,-14.396789999999953],[-41.074510499999974,-14.382019299999968],[-41.108905499999935,-14.365129999999965],[-41.09093729999995,-14.34342049999998],[-41.103382899999986,-14.328955599999972],[-41.08900709999995,-14.309221799999932],[-41.09208079999996,-14.287244499999929],[-41.045731099999955,-14.247336399999938],[-41.025569099999984,-14.24709329999996],[-41.02713499999993,-14.237385399999937],[-41.04719499999993,-14.228383999999949],[-41.032815599999935,-14.219162599999947],[-41.01305139999994,-14.221011799999928],[-41.00721269999997,-14.21066529999996],[-41.018965899999955,-14.188537199999928],[-41.01438419999994,-14.179464999999936],[-41.00150999999994,-14.177563799999973],[-41.00433819999995,-14.164480799999978],[-40.87191949999993,-14.215569999999957],[-40.826976599999966,-14.242171499999927],[-40.82253859999997,-14.25254579999995],[-40.69966739999995,-14.298625799999968],[-40.70461709999995,-14.328417799999954],[-40.73170419999997,-14.329436199999975],[-40.73531469999995,-14.33783429999994],[-40.69603089999998,-14.360547099999962]]]}},{"id":"1892","type":"Feature","properties":{"COD_IBGE":"2905206","MUNICIPIO":"Caetité","UF":"BA"},"geometry":{"type":"Polygon","coordinates":[[[-42.37631479999993,-13.990010999999981],[-42.35240799999997,-14.095414499999947],[-42.347163499999965,-14.195460899999944],[-42.431341799999984,-14.30451069999998],[-42.443631299999936,-14.311206499999969],[-42.43331169999993,-14.32758309999997],[-42.49234309999997,-14.376640799999961],[-42.51365579999998,-14.381675799999982],[-42.52424759999997,-14.40974289999997],[-42.533793199999934,-14.398459099999968],[-42.53447129999995,-14.370462399999951],[-42.541204799999946,-14.371745099999941],[-42.56687169999998,-14.336930199999927],[-42.61961229999997,-14.296487599999978],[-42.609907599999985,-14.295577099999946],[-42.60350619999997,-14.27452029999995],[-42.592031299999974,-14.272130499999946],[-42.59825659999996,-14.248956799999974],[-42.586860799999954,-14.238909899999953],[-42.581591799999956,-14.216800399999954],[-42.580935299999965,-14.199311399999942],[-42.598000799999966,-14.176043399999969],[-42.59970009999995,-14.141783799999928],[-42.62943219999994,-14.139857499999948],[-42.67629489999996,-14.11686119999996],[-42.688801499999954,-14.107548599999973],[-42.69712199999998,-14.077518899999973],[-42.71022369999997,-14.10092009999994],[-42.720302199999935,-14.103743599999973],[-42.77229599999998,-14.083070899999939],[-42.799788399999954,-14.037457299999971],[-42.55654489999995,-13.946057099999962],[-42.51121109999997,-13.920597099999952],[-42.52365099999997,-13.898463599999957],[-42.55293999999998,-13.884007199999928],[-42.56750059999996,-13.844535699999938],[-42.58747729999993,-13.834711699999957],[-42.606889499999966,-13.761312699999962],[-42.64588139999995,-13.743561799999952],[-42.664129299999956,-13.700940499999945],[-42.68899909999993,-13.68063479999995],[-42.70851339999996,-13.62283739999998],[-42.724404499999935,-13.603435999999931],[-42.716126799999984,-13.576223599999935],[-42.719694499999946,-13.562737599999934],[-42.700432999999975,-13.565052199999968],[-42.69045099999994,-13.601623299999972],[-42.669335699999976,-13.62782199999998],[-42.63838449999997,-13.624865199999931],[-42.63375879999995,-13.611530699999946],[-42.60734919999993,-13.60269969999996],[-42.59230619999994,-13.611419599999977],[-42.57715289999993,-13.595282899999972],[-42.55849439999997,-13.653314399999942],[-42.54801349999997,-13.647836799999936],[-42.53535709999994,-13.655037799999945],[-42.54032139999998,-13.674185999999963],[-42.47862159999994,-13.678550299999927],[-42.45845339999994,-13.665414999999939],[-42.41406619999998,-13.668241399999943],[-42.38301619999993,-13.699253799999951],[-42.34668289999996,-13.69454369999994],[-42.35771219999998,-13.67185829999994],[-42.348873399999945,-13.663452899999982],[-42.35422809999994,-13.65681189999998],[-42.35972239999995,-13.629801799999939],[-42.35841409999995,-13.626291199999969],[-42.33530479999996,-13.623895199999936],[-42.33571469999998,-13.609710199999938],[-42.31465119999996,-13.61584739999995],[-42.309159499999964,-13.601858499999935],[-42.27984619999995,-13.610126599999944],[-42.27569729999993,-13.624330399999963],[-42.26618949999994,-13.625416199999961],[-42.271250399999985,-13.609997199999952],[-42.26115169999997,-13.610550199999977],[-42.25992709999997,-13.600120699999934],[-42.24280649999997,-13.626037699999927],[-42.24330969999994,-13.639980999999977],[-42.23311129999996,-13.630762499999946],[-42.21613279999997,-13.658276999999941],[-42.20732769999995,-13.655032799999958],[-42.188040299999955,-13.669792599999937],[-42.17921379999996,-13.659829699999932],[-42.14542099999994,-13.671195599999976],[-42.148054599999966,-13.67937939999996],[-42.126898799999935,-13.700762399999974],[-42.17079299999995,-13.693252099999938],[-42.22125589999996,-13.70000529999993],[-42.33882579999994,-13.76906729999996],[-42.28551809999993,-13.785545499999955],[-42.27169249999997,-13.805275499999937],[-42.246713899999975,-13.80383569999998],[-42.23690309999995,-13.830765999999926],[-42.21049879999998,-13.852602099999956],[-42.18967719999995,-13.85426339999998],[-42.17437249999995,-13.845229099999926],[-42.151936699999965,-13.860700599999973],[-42.182234999999935,-13.868611699999974],[-42.22222889999995,-13.909195599999975],[-42.27177229999995,-13.888307399999974],[-42.278044199999954,-13.895806299999947],[-42.359252599999934,-13.910252199999945],[-42.34855099999993,-13.930063999999959],[-42.36665119999998,-13.944412799999952],[-42.36078379999998,-13.978288899999939],[-42.37631479999993,-13.990010999999981]]]}},{"id":"1893","type":"Feature","properties":{"COD_IBGE":"2905305","MUNICIPIO":"Cafarnaum","UF":"BA"},"geometry":{"type":"Polygon","coordinates":[[[-41.420667299999934,-11.868271599999957],[-41.588234899999975,-11.856727499999977],[-41.62234099999995,-11.832408199999975],[-41.589121499999976,-11.669171399999982],[-41.592584999999985,-11.608481799999936],[-41.58722499999993,-11.599469499999941],[-41.57449969999993,-11.604790199999968],[-41.57946569999996,-11.591888799999936],[-41.573022299999934,-11.593774999999937],[-41.56219779999998,-11.58013029999995],[-41.55771489999995,-11.558750799999927],[-41.43517129999998,-11.635532099999978],[-41.364180999999974,-11.699416199999973],[-41.38160689999995,-11.75430979999993],[-41.39320669999995,-11.765255299999978],[-41.39890779999996,-11.81276859999997],[-41.420667299999934,-11.868271599999957]]]}},{"id":"1894","type":"Feature","properties":{"COD_IBGE":"2905404","MUNICIPIO":"Cairu","UF":"BA"},"geometry":{"type":"MultiPolygon","coordinates":[[[[-38.94380449999994,-13.397986799999956],[-38.91594629999997,-13.37390709999994],[-38.909347999999966,-13.379129699999964],[-38.905623299999945,-13.427264599999944],[-38.89120249999996,-13.45503059999993],[-38.90362249999998,-13.47271569999998],[-38.916179899999975,-13.47660449999995],[-38.911608299999955,-13.498036099999979],[-38.925237599999946,-13.51197819999993],[-38.93294359999993,-13.54596749999996],[-38.930182599999966,-13.57373739999997],[-38.91514849999993,-13.57852889999998],[-38.91454829999998,-13.58969899999994],[-38.901750799999945,-13.599789699999974],[-38.90669079999998,-13.619671499999981],[-38.89112879999993,-13.640530799999965],[-38.89786339999995,-13.66519139999997],[-38.91473849999994,-13.675800799999934],[-38.92873079999998,-13.657530899999927],[-38.96853629999998,-13.672113699999954],[-38.970001699999955,-13.641555599999947],[-38.984010799999965,-13.628319799999929],[-38.97859749999998,-13.615084099999933],[-39.000013999999965,-13.591206799999952],[-39.00242449999996,-13.578153899999961],[-39.019875999999954,-13.57548479999997],[-39.028308799999934,-13.585802099999967],[-39.04416549999996,-13.577578699999947],[-39.05762379999993,-13.581271699999945],[-39.06376519999998,-13.567858599999965],[-39.08838009999994,-13.55736829999995],[-39.093212499999936,-13.536781399999938],[-39.07133399999998,-13.493284499999959],[-39.07038389999997,-13.453942199999972],[-39.037863999999956,-13.383903699999962],[-38.98914279999997,-13.372093699999937],[-38.94380449999994,-13.397986799999956]]],[[[-38.96535189999997,-13.675732099999948],[-38.963453899999934,-13.676271799999938],[-38.964182799999946,-13.67739899999998],[-38.96535189999997,-13.675732099999948]]],[[[-38.94561169999997,-13.38556269999998],[-38.94708479999997,-13.385540499999934],[-38.94554569999997,-13.384890299999938],[-38.94561169999997,-13.38556269999998]]],[[[-38.90453409999998,-13.379417199999978],[-38.90340989999993,-13.380577399999936],[-38.90381129999997,-13.380778299999974],[-38.90453409999998,-13.379417199999978]]]]}},{"id":"1895","type":"Feature","properties":{"COD_IBGE":"2905503","MUNICIPIO":"Caldeirão Grande","UF":"BA"},"geometry":{"type":"Polygon","coordinates":[[[-40.21933549999994,-11.105750999999941],[-40.23648889999998,-11.094570199999964],[-40.274507899999946,-11.094472399999972],[-40.389462599999945,-11.061726499999963],[-40.36505439999996,-11.01723549999997],[-40.34836699999994,-10.964836099999957],[-40.327995699999974,-10.967279099999928],[-40.24768789999996,-10.910568199999943],[-40.23159249999998,-10.925447799999972],[-40.21111929999995,-10.965812399999948],[-40.18589429999997,-10.976518099999964],[-40.149141499999985,-11.010606099999961],[-40.14207509999994,-11.00867519999997],[-40.08987819999993,-11.079609799999957],[-40.09381969999998,-11.086019399999941],[-40.05935479999994,-11.09553969999996],[-39.99024029999998,-11.162555199999929],[-40.17866379999998,-11.10600729999993],[-40.21933549999994,-11.105750999999941]]]}},{"id":"1896","type":"Feature","properties":{"COD_IBGE":"2905602","MUNICIPIO":"Camacan","UF":"BA"},"geometry":{"type":"Polygon","coordinates":[[[-39.49996779999998,-15.290652199999954],[-39.48147639999996,-15.347615899999937],[-39.459893499999964,-15.364674199999968],[-39.46524509999995,-15.403571599999964],[-39.45452799999998,-15.409537999999941],[-39.442256199999974,-15.399410899999964],[-39.44071249999996,-15.387211699999966],[-39.424566899999945,-15.389768199999935],[-39.42806459999997,-15.403647099999944],[-39.416986099999974,-15.413088399999936],[-39.417239999999936,-15.422803699999974],[-39.39848959999995,-15.41783229999993],[-39.37997649999994,-15.425720699999943],[-39.36433999999997,-15.472181899999953],[-39.37765699999994,-15.45618109999998],[-39.38557649999996,-15.47166139999996],[-39.40414819999995,-15.472847799999954],[-39.41814789999995,-15.463681099999974],[-39.434262899999965,-15.486007399999949],[-39.43305159999994,-15.514754399999958],[-39.44024079999997,-15.524533899999938],[-39.42732449999994,-15.527788599999951],[-39.43009499999994,-15.539088499999934],[-39.40687899999995,-15.551964699999928],[-39.40915009999998,-15.565686999999969],[-39.42901839999996,-15.566227799999979],[-39.443677399999956,-15.581285599999944],[-39.46491219999996,-15.579514999999958],[-39.47627079999995,-15.569421399999953],[-39.47563679999996,-15.550826399999949],[-39.499968699999954,-15.566746199999955],[-39.50958819999994,-15.598653299999967],[-39.52263689999995,-15.614093599999933],[-39.541692799999964,-15.612581399999954],[-39.580371799999966,-15.592888499999958],[-39.59199909999995,-15.600540099999932],[-39.61859169999997,-15.553015799999969],[-39.61301059999994,-15.546837799999935],[-39.57074959999994,-15.54402129999994],[-39.56281179999996,-15.529913299999976],[-39.547821099999965,-15.525533799999948],[-39.549787899999956,-15.516826599999945],[-39.571771499999954,-15.518940499999928],[-39.57970969999997,-15.500782899999933],[-39.599898199999984,-15.499733699999979],[-39.61438849999996,-15.47448559999998],[-39.576769199999944,-15.426181099999951],[-39.57868259999998,-15.407847799999956],[-39.58515189999997,-15.388736699999981],[-39.60153799999995,-15.38107279999997],[-39.59937529999996,-15.356634799999938],[-39.61215269999997,-15.358631499999944],[-39.62489929999998,-15.350191199999927],[-39.630597999999964,-15.301636599999938],[-39.643300099999976,-15.27876219999996],[-39.626273099999935,-15.268628099999944],[-39.611472499999934,-15.275865299999964],[-39.593559099999936,-15.273136199999954],[-39.57361629999997,-15.291826299999968],[-39.57857679999995,-15.303672099999972],[-39.56881509999994,-15.311572399999932],[-39.561899799999935,-15.291373199999953],[-39.54385909999996,-15.30350429999993],[-39.53990179999994,-15.29535009999995],[-39.522197999999946,-15.300536299999976],[-39.49996779999998,-15.290652199999954]]]}},{"id":"1897","type":"Feature","properties":{"COD_IBGE":"2905701","MUNICIPIO":"Camaçari","UF":"BA"},"geometry":{"type":"Polygon","coordinates":[[[-38.32424759999998,-12.836144299999944],[-38.32648689999996,-12.818443599999966],[-38.333420599999954,-12.817417599999942],[-38.327781899999934,-12.795561499999963],[-38.375755599999934,-12.677105599999948],[-38.34990959999993,-12.63872379999998],[-38.33984589999994,-12.644738099999927],[-38.33872709999997,-12.630797799999982],[-38.30804439999997,-12.618705099999943],[-38.310190199999965,-12.624596099999962],[-38.29911359999994,-12.624054199999932],[-38.28701129999996,-12.635060799999962],[-38.25913859999997,-12.633039499999938],[-38.22620379999995,-12.640129499999944],[-38.22514259999997,-12.646609799999965],[-38.20335989999995,-12.62509659999995],[-38.18212969999996,-12.617036499999926],[-38.176629599999956,-12.597256399999935],[-38.153429399999936,-12.59751639999996],[-38.14288929999998,-12.606456499999979],[-38.13185639999995,-12.60249209999995],[-38.13815599999998,-12.576853099999937],[-38.16135439999994,-12.567316999999946],[-38.158739699999956,-12.55494779999998],[-38.16731489999995,-12.542160999999965],[-38.18309469999997,-12.543054999999981],[-38.19505609999993,-12.564732099999958],[-38.21503179999996,-12.566768599999932],[-38.224472799999944,-12.52033739999996],[-38.23912629999995,-12.515608399999962],[-38.247837699999934,-12.497699599999976],[-38.24426409999995,-12.47110859999998],[-38.22482069999995,-12.476703099999952],[-38.21258709999995,-12.459224199999937],[-38.19403149999994,-12.453061399999967],[-38.17265619999995,-12.46276249999994],[-38.181907999999964,-12.47923309999993],[-38.17721279999995,-12.488102799999979],[-38.16212909999996,-12.489054599999974],[-38.155717799999934,-12.503026199999965],[-38.140892399999984,-12.497656499999948],[-38.11136769999996,-12.51124509999994],[-38.09663789999996,-12.501591599999927],[-38.09937699999995,-12.47967099999994],[-38.06791519999996,-12.467370999999957],[-38.06399749999997,-12.490116199999932],[-38.073175499999934,-12.502271099999973],[-38.06319559999997,-12.529645899999934],[-38.06935699999997,-12.536161899999968],[-38.05390889999995,-12.562944699999946],[-38.043578699999955,-12.562533799999926],[-38.04701719999997,-12.58427519999998],[-38.03022279999993,-12.59719819999998],[-38.04677379999998,-12.634609499999954],[-38.12411549999996,-12.70787219999994],[-38.265651899999966,-12.87382969999993],[-38.281250399999976,-12.880563399999971],[-38.275220299999944,-12.87498039999997],[-38.29096009999995,-12.87029199999995],[-38.289139499999976,-12.855727399999978],[-38.305782299999976,-12.857354899999962],[-38.31238889999997,-12.840116399999943],[-38.32424759999998,-12.836144299999944]]]}},{"id":"1898","type":"Feature","properties":{"COD_IBGE":"2905800","MUNICIPIO":"Camamu","UF":"BA"},"geometry":{"type":"MultiPolygon","coordinates":[[[[-39.00098239999994,-13.930800799999929],[-38.98782989999995,-13.986914299999967],[-39.006177599999944,-14.025606699999969],[-38.98344629999997,-14.045865399999968],[-38.98247089999995,-14.073944599999948],[-39.02081769999995,-14.099808699999926],[-39.09654219999993,-14.110922099999982],[-39.14349279999993,-14.091580699999952],[-39.16547769999994,-14.10219079999996],[-39.218574099999955,-14.109893799999952],[-39.23961819999994,-14.122387499999945],[-39.25037939999993,-14.11722199999997],[-39.26185669999995,-14.130352099999982],[-39.27347659999998,-14.129921399999944],[-39.275009599999976,-14.137767699999927],[-39.325827699999934,-14.145393699999943],[-39.33131309999993,-14.155137899999943],[-39.35037019999993,-14.142611899999963],[-39.34316519999993,-14.122770199999934],[-39.34951289999998,-14.115089199999943],[-39.34195689999996,-14.104033799999968],[-39.336505399999965,-14.10684079999993],[-39.33034809999998,-14.089240399999937],[-39.34123319999998,-14.079584799999964],[-39.35871729999997,-14.033348799999942],[-39.33828189999997,-13.973302299999943],[-39.33017049999995,-13.967607699999974],[-39.328894899999966,-13.942167299999937],[-39.30189439999998,-13.949245299999973],[-39.29676939999996,-13.933474299999943],[-39.28543339999993,-13.933066499999939],[-39.283258599999954,-13.948600699999929],[-39.27064269999994,-13.938254799999982],[-39.22799159999994,-13.93652659999998],[-39.20221399999997,-13.911838399999965],[-39.17924629999993,-13.918416399999956],[-39.16694659999996,-13.893550499999947],[-39.130271499999935,-13.891966899999943],[-39.12746979999997,-13.885324999999966],[-39.084110099999975,-13.89240289999998],[-39.07009739999995,-13.91501089999997],[-39.04305379999994,-13.917763099999945],[-39.01715729999995,-13.905088299999932],[-39.00229379999996,-13.878235399999937],[-38.96784799999995,-13.848754199999973],[-38.95173459999995,-13.872377099999937],[-38.966773899999964,-13.887504899999954],[-38.988345599999946,-13.894455799999946],[-39.00098239999994,-13.930800799999929]]],[[[-38.943331299999954,-13.835751799999969],[-38.938041099999964,-13.835925599999939],[-38.93813289999997,-13.838891099999955],[-38.943331299999954,-13.835751799999969]]]]}},{"id":"1899","type":"Feature","properties":{"COD_IBGE":"2905909","MUNICIPIO":"Campo Alegre de Lourdes","UF":"BA"},"geometry":{"type":"Polygon","coordinates":[[[-42.71544639999996,-9.621232299999974],[-42.716904399999976,-9.651586899999927],[-42.736220799999955,-9.677744099999927],[-42.729076299999974,-9.684858599999927],[-42.75365149999993,-9.70216789999995],[-42.76182339999997,-9.721385699999928],[-42.83754849999997,-9.746188999999958],[-42.91679959999993,-9.82690169999995],[-43.05808559999997,-9.766761599999938],[-43.18339929999996,-9.724498299999937],[-43.37723669999997,-9.732217699999978],[-43.407728099999986,-9.62458289999995],[-43.47058879999997,-9.529815199999973],[-43.490041599999984,-9.48396809999997],[-43.49281929999995,-9.457247699999925],[-43.51130869999997,-9.429080299999953],[-43.54521189999997,-9.409710899999936],[-43.60601529999997,-9.351571499999977],[-43.57282369999996,-9.316245399999957],[-43.53113109999998,-9.304191799999955],[-43.48545819999998,-9.265286099999969],[-43.45870069999995,-9.26133939999994],[-43.427823099999955,-9.272586899999965],[-43.36132159999994,-9.364411899999936],[-43.32961339999997,-9.371816699999954],[-43.315003099999956,-9.389380499999959],[-43.296543199999974,-9.39707569999996],[-43.27876919999994,-9.424574699999937],[-43.26666929999993,-9.411905899999965],[-43.24234469999993,-9.41188349999993],[-43.21429009999997,-9.399648299999967],[-43.19169899999997,-9.420431299999962],[-43.17392849999993,-9.411223899999982],[-43.158626399999946,-9.377036499999974],[-43.13316409999993,-9.387282699999957],[-43.11961919999993,-9.37189799999993],[-43.07983219999994,-9.399108999999953],[-43.06072839999996,-9.39544799999993],[-43.05694319999998,-9.41913539999996],[-42.98682969999993,-9.401607199999944],[-42.97025689999998,-9.409519799999941],[-42.95711529999994,-9.432412499999941],[-42.96214109999994,-9.469817599999942],[-42.94624879999998,-9.518413099999975],[-42.92844309999998,-9.527246699999978],[-42.90401629999997,-9.52675419999997],[-42.87330129999998,-9.563867999999957],[-42.83713869999997,-9.55037189999996],[-42.82819319999993,-9.560521199999926],[-42.81889679999995,-9.62089439999994],[-42.76516819999995,-9.616749999999968],[-42.757749099999955,-9.589280299999928],[-42.716895299999976,-9.55627869999995],[-42.719881199999975,-9.530688399999974],[-42.69009299999993,-9.545908499999939],[-42.688426299999946,-9.563345999999967],[-42.709951699999976,-9.585111899999958],[-42.70664769999996,-9.612633099999925],[-42.71544639999996,-9.621232299999974]]]}},{"id":"1900","type":"Feature","properties":{"COD_IBGE":"2906006","MUNICIPIO":"Campo Formoso","UF":"BA"},"geometry":{"type":"Polygon","coordinates":[[[-40.23439969999998,-10.462793999999974],[-40.27566439999998,-10.504902499999957],[-40.28506539999995,-10.524812599999962],[-40.367253999999946,-10.541690099999926],[-40.37443099999996,-10.548825499999964],[-40.384943799999974,-10.545348899999965],[-40.45839239999998,-10.578457599999979],[-40.54640189999998,-10.662320099999931],[-40.59565999999995,-10.683506399999942],[-40.74708919999995,-10.633645299999955],[-40.76429219999994,-10.591660699999977],[-40.79205189999993,-10.598300699999982],[-40.79957329999996,-10.607989499999974],[-40.81659089999994,-10.592498999999975],[-40.87166209999998,-10.595871599999953],[-40.87866449999996,-10.59063599999996],[-40.912584599999946,-10.607787599999938],[-40.934689299999945,-10.60528469999997],[-40.915822799999944,-10.563329499999952],[-40.922105699999975,-10.558494099999962],[-40.91312809999994,-10.557036299999936],[-40.91306249999997,-10.54997949999995],[-40.904457099999945,-10.552236199999982],[-40.90391619999997,-10.544493399999965],[-40.89521279999997,-10.551047899999958],[-40.895902399999954,-10.540143799999953],[-40.88183159999994,-10.533874699999956],[-40.88722179999996,-10.520429499999977],[-40.87785569999994,-10.522650099999964],[-40.87243239999998,-10.500544699999978],[-40.883699899999954,-10.494435099999976],[-40.90045199999997,-10.517512899999929],[-40.94184109999998,-10.509300199999927],[-40.94604789999994,-10.486321499999974],[-40.966306299999985,-10.476286199999947],[-40.96716369999996,-10.451438899999971],[-41.00208959999998,-10.45128589999996],[-41.01462789999994,-10.432839599999966],[-41.025976199999945,-10.433924799999943],[-41.03832619999997,-10.451399899999956],[-41.10031559999993,-10.459982099999934],[-41.10666169999996,-10.466664999999978],[-41.175207299999954,-10.430232099999955],[-41.212094399999955,-10.456843499999934],[-41.22488069999997,-10.453894899999966],[-41.25575159999994,-10.414544499999977],[-41.25044169999995,-10.39211389999997],[-41.25775669999996,-10.383585099999948],[-41.259956099999954,-10.351684399999954],[-41.277861299999984,-10.347183899999948],[-41.242735799999934,-10.32325659999998],[-41.23858469999993,-10.30005609999995],[-41.21308929999998,-10.291873499999951],[-41.20563889999994,-10.274646899999937],[-41.174928199999954,-10.259276599999964],[-41.14400049999995,-10.223002699999938],[-41.171428799999944,-10.19628369999998],[-41.16197299999993,-10.18434949999994],[-41.16679529999993,-10.174884599999928],[-41.157629499999985,-10.156652299999962],[-41.166948099999956,-10.129970299999968],[-41.15998779999995,-10.109753699999942],[-41.17952159999993,-10.103500499999939],[-41.19739989999994,-10.063156899999967],[-41.16900199999998,-10.031754099999944],[-41.16940429999994,-10.014034299999935],[-41.253150699999935,-9.979413199999954],[-41.24826639999998,-9.951605499999971],[-41.25376359999996,-9.944406499999957],[-41.23661509999994,-9.943513799999948],[-41.236524799999984,-9.926258299999972],[-41.225742399999945,-9.930164399999967],[-41.22028789999996,-9.922097999999949],[-41.21401849999995,-9.955663999999956],[-41.182168599999954,-9.955663999999956],[-41.13515669999998,-9.92191889999998],[-41.13081139999997,-9.929453699999954],[-41.12262769999995,-9.926298599999939],[-41.11268959999995,-9.906249799999955],[-41.103520799999956,-9.918029599999954],[-41.105520799999965,-9.943484599999977],[-41.08353969999996,-9.945858699999974],[-41.05777029999996,-9.915815899999927],[-41.03810389999995,-9.926878299999942],[-40.99679169999996,-9.886118199999942],[-40.98876819999998,-9.897753699999953],[-40.94456619999994,-9.881277999999952],[-40.94311579999993,-9.914665199999945],[-40.924420399999974,-9.896785299999976],[-40.89383239999995,-9.914821599999925],[-40.88227959999995,-9.895840499999963],[-40.853679899999975,-9.882112899999981],[-40.83990199999994,-9.861370799999975],[-40.83162799999997,-9.86447069999997],[-40.82369019999993,-9.836334999999963],[-40.816577999999936,-9.871684399999936],[-40.64332639999998,-9.88680439999996],[-40.50274219999994,-9.971154499999955],[-40.41218279999998,-9.973512699999958],[-40.38350959999997,-9.944301999999936],[-40.34423469999996,-9.929503499999953],[-40.31638479999998,-9.907899799999939],[-40.31387669999998,-9.929670399999964],[-40.32903829999998,-9.959098199999971],[-40.31893039999994,-9.980999899999972],[-40.32845039999995,-10.013620199999934],[-40.346624299999974,-10.038392899999963],[-40.388783399999966,-10.062150299999928],[-40.39423759999994,-10.085687299999961],[-40.41294829999998,-10.096792799999946],[-40.417215899999974,-10.110670299999981],[-40.37089659999998,-10.140791499999978],[-40.351004899999964,-10.113055699999961],[-40.299248399999954,-10.128399199999933],[-40.281246899999985,-10.142266099999972],[-40.27613729999996,-10.168381899999929],[-40.24803429999997,-10.20179719999993],[-40.25535599999995,-10.227551999999946],[-40.241264599999965,-10.242172499999981],[-40.24763199999995,-10.260893899999928],[-40.22727899999995,-10.309675599999935],[-40.23676369999998,-10.342607599999951],[-40.23108589999998,-10.37352889999994],[-40.24805889999993,-10.377296599999966],[-40.250950099999955,-10.38473659999994],[-40.24989419999997,-10.40519269999993],[-40.24308679999996,-10.405476699999952],[-40.24934369999994,-10.419498899999951],[-40.243978099999936,-10.430983699999956],[-40.25116589999993,-10.436658999999963],[-40.23439969999998,-10.462793999999974]]]}},{"id":"1901","type":"Feature","properties":{"COD_IBGE":"2906105","MUNICIPIO":"Canápolis","UF":"BA"},"geometry":{"type":"Polygon","coordinates":[[[-44.15157869999996,-13.195605599999965],[-44.22822229999997,-13.20202089999998],[-44.285649099999944,-13.12902889999998],[-44.34210619999993,-13.11830539999994],[-44.331721399999935,-13.094581299999959],[-44.30716279999996,-13.078232899999932],[-44.30699099999998,-13.028233799999953],[-44.295908699999984,-13.02196239999995],[-44.284435299999984,-12.99657579999996],[-44.26664129999995,-12.995212399999957],[-44.25617769999997,-12.981262399999935],[-44.19551739999997,-12.970737099999951],[-44.18881959999993,-12.975114799999972],[-44.20190649999995,-12.988675999999941],[-44.13242989999998,-13.040664499999934],[-44.10968559999998,-13.042907299999968],[-44.09755259999997,-13.074816599999963],[-44.10649809999995,-13.229449999999929],[-44.15157869999996,-13.195605599999965]]]}},{"id":"1902","type":"Feature","properties":{"COD_IBGE":"2906204","MUNICIPIO":"Canarana","UF":"BA"},"geometry":{"type":"Polygon","coordinates":[[[-41.67991969999997,-11.92164669999994],[-41.76532949999995,-11.862990199999956],[-41.78943289999995,-11.798103099999935],[-41.82376229999994,-11.73876569999993],[-41.86113649999993,-11.70532339999994],[-41.81401439999996,-11.682483899999966],[-41.79816479999994,-11.684236099999964],[-41.796563299999946,-11.691604199999972],[-41.77938119999993,-11.679862999999955],[-41.766436899999974,-11.681643999999949],[-41.76717899999994,-11.67146109999993],[-41.74416659999997,-11.668400799999972],[-41.73430309999998,-11.651866699999971],[-41.72743289999994,-11.65485899999993],[-41.71945959999994,-11.644442199999958],[-41.712495099999956,-11.648112599999934],[-41.70599559999994,-11.640188399999943],[-41.69906819999994,-11.64638229999997],[-41.698657699999956,-11.634614399999975],[-41.68757519999997,-11.636655899999937],[-41.69207389999997,-11.630718099999967],[-41.679592799999966,-11.62277649999993],[-41.670870599999944,-11.626391799999965],[-41.66926379999995,-11.61597269999993],[-41.64294119999994,-11.609167999999954],[-41.59247769999996,-11.613463299999978],[-41.589121499999976,-11.669171399999982],[-41.60585529999997,-11.77340799999996],[-41.62234099999995,-11.832408199999975],[-41.64858829999997,-11.886972699999944],[-41.67991969999997,-11.92164669999994]]]}},{"id":"1903","type":"Feature","properties":{"COD_IBGE":"2906303","MUNICIPIO":"Canavieiras","UF":"BA"},"geometry":{"type":"Polygon","coordinates":[[[-38.932370799999944,-15.675479399999972],[-38.89360809999994,-15.766680899999926],[-39.10652579999993,-15.787095199999953],[-39.094577399999935,-15.813756599999977],[-39.11017659999993,-15.82552839999994],[-39.12228309999995,-15.825802499999952],[-39.122090199999946,-15.810305699999958],[-39.13997329999995,-15.799014199999931],[-39.16261449999996,-15.796961599999975],[-39.174193199999934,-15.809793799999966],[-39.20306729999993,-15.802482699999928],[-39.21308629999993,-15.788245199999949],[-39.22201299999995,-15.803499699999975],[-39.23832209999995,-15.796983599999976],[-39.24721929999998,-15.804110199999968],[-39.24972489999993,-15.821639999999945],[-39.25937709999994,-15.817435899999964],[-39.267098499999975,-15.82346229999996],[-39.270397499999945,-15.843350899999962],[-39.28129249999995,-15.829979699999967],[-39.28716429999997,-15.843702299999961],[-39.295817899999975,-15.840139999999963],[-39.301471499999934,-15.84622909999996],[-39.31071499999996,-15.837624499999947],[-39.32358819999996,-15.848017899999945],[-39.355908899999974,-15.849755899999934],[-39.31775189999996,-15.825431299999934],[-39.341981799999985,-15.748415799999975],[-39.366116699999964,-15.744731199999933],[-39.36786159999997,-15.738295599999958],[-39.36595319999998,-15.712170299999968],[-39.350863999999945,-15.705829999999935],[-39.34911839999995,-15.68828149999996],[-39.29796609999994,-15.642296199999976],[-39.27593669999993,-15.640685899999937],[-39.23446139999993,-15.62204259999993],[-39.20716939999994,-15.593460499999935],[-39.15714839999998,-15.601116999999931],[-39.15154239999998,-15.57535379999996],[-39.17516349999994,-15.571334899999954],[-39.16413309999996,-15.540213299999948],[-39.18597049999994,-15.526514599999928],[-39.19522299999994,-15.531902999999943],[-39.20770489999995,-15.510753399999942],[-39.16848339999996,-15.513691599999959],[-39.14215079999997,-15.493488499999955],[-39.10462949999993,-15.485661999999934],[-39.088810499999965,-15.468997599999966],[-39.04465779999998,-15.45895749999994],[-39.02067979999998,-15.43715439999994],[-39.02317429999994,-15.405366299999969],[-39.00472079999997,-15.371701099999939],[-38.99162599999994,-15.391673199999957],[-38.98769649999997,-15.383739699999978],[-38.97321849999997,-15.38550239999995],[-38.951676599999985,-15.469114399999967],[-38.932370799999944,-15.675479399999972]]]}},{"id":"1904","type":"Feature","properties":{"COD_IBGE":"2906402","MUNICIPIO":"Candeal","UF":"BA"},"geometry":{"type":"Polygon","coordinates":[[[-39.084167399999956,-11.836449399999935],[-39.083115599999985,-11.859169399999928],[-39.096355399999936,-11.885442799999964],[-39.108704099999954,-11.890839099999937],[-39.118582799999956,-11.92304779999995],[-39.16398379999998,-11.950818199999958],[-39.16223929999995,-11.962580999999943],[-39.17366119999997,-11.964637899999957],[-39.17259429999996,-11.979799799999967],[-39.29668319999996,-11.990796799999941],[-39.29673599999995,-11.976910799999928],[-39.28514179999996,-11.967671499999938],[-39.30766159999996,-11.94006289999993],[-39.27583279999993,-11.892298099999948],[-39.272419499999955,-11.870867699999962],[-39.28097169999995,-11.862210199999936],[-39.28035099999994,-11.832457999999974],[-39.24613619999997,-11.776752299999941],[-39.24022889999998,-11.773619099999962],[-39.22857789999995,-11.785846899999967],[-39.21773749999994,-11.782010899999932],[-39.21787489999997,-11.768166299999962],[-39.060652699999935,-11.769818999999927],[-39.084167399999956,-11.836449399999935]]]}},{"id":"1905","type":"Feature","properties":{"COD_IBGE":"2906501","MUNICIPIO":"Candeias","UF":"BA"},"geometry":{"type":"Polygon","coordinates":[[[-38.558398799999964,-12.694069799999966],[-38.550238699999966,-12.662337799999932],[-38.55803129999998,-12.652247399999965],[-38.540845299999944,-12.63997969999997],[-38.538941299999976,-12.628314899999964],[-38.56101469999993,-12.62970699999994],[-38.54645399999998,-12.613851999999952],[-38.485824399999956,-12.588759299999936],[-38.465169799999956,-12.611486399999933],[-38.453602599999954,-12.601785499999949],[-38.43024339999994,-12.610003799999959],[-38.40458509999996,-12.596914099999935],[-38.39323059999998,-12.608958299999927],[-38.39893099999995,-12.66054639999993],[-38.41845319999993,-12.665240799999935],[-38.44044629999996,-12.745545099999958],[-38.44839379999996,-12.74606179999995],[-38.44855249999995,-12.766500999999948],[-38.462270699999976,-12.791483099999937],[-38.49964939999995,-12.784712999999954],[-38.50845899999996,-12.748276199999964],[-38.535033099999964,-12.738732999999968],[-38.533123699999976,-12.727524099999926],[-38.553382399999975,-12.710491899999965],[-38.558398799999964,-12.694069799999966]]]}},{"id":"1906","type":"Feature","properties":{"COD_IBGE":"2906600","MUNICIPIO":"Candiba","UF":"BA"},"geometry":{"type":"Polygon","coordinates":[[[-42.88928759999993,-14.501643399999978],[-42.91999879999997,-14.457934699999953],[-42.929294099999936,-14.422731899999974],[-42.955074999999965,-14.396148299999936],[-42.938121199999955,-14.367178599999932],[-42.93887589999997,-14.34903799999995],[-42.903088999999966,-14.340467899999965],[-42.88129299999997,-14.321478299999967],[-42.75138949999996,-14.29639039999995],[-42.74774929999995,-14.311643499999946],[-42.71244059999998,-14.325166199999956],[-42.71637069999997,-14.354889899999932],[-42.70447339999998,-14.365264399999944],[-42.70920679999995,-14.388578999999936],[-42.752106099999935,-14.412423899999965],[-42.835360599999944,-14.561719399999959],[-42.870685099999946,-14.509525999999937],[-42.88928759999993,-14.501643399999978]]]}},{"id":"1907","type":"Feature","properties":{"COD_IBGE":"2906709","MUNICIPIO":"Cândido Sales","UF":"BA"},"geometry":{"type":"Polygon","coordinates":[[[-41.22484989999998,-15.510088099999962],[-41.317312699999945,-15.512929199999974],[-41.33553129999996,-15.498101599999927],[-41.355381499999964,-15.498597399999937],[-41.45610439999996,-15.410335399999951],[-41.457799199999954,-15.381154999999978],[-41.436207199999956,-15.346256299999936],[-41.41571819999996,-15.331659699999932],[-41.423810499999945,-15.30719149999993],[-41.40851779999997,-15.283573599999954],[-41.389093299999956,-15.28423749999996],[-41.38512069999996,-15.277727199999958],[-41.41319379999993,-15.164686299999971],[-41.377052499999934,-15.163197599999933],[-41.36621779999996,-15.139206899999976],[-41.344822299999976,-15.118867199999954],[-41.272936899999934,-15.189386499999955],[-41.20230649999996,-15.210129799999947],[-41.16395909999994,-15.199648799999977],[-41.14782219999995,-15.232060499999932],[-41.15833699999996,-15.263945199999966],[-41.15840239999994,-15.31016459999995],[-41.14480019999996,-15.304340999999965],[-41.14480019999996,-15.345122999999944],[-41.13320319999997,-15.371689199999935],[-41.143024699999955,-15.385501399999953],[-41.14017089999993,-15.401780999999971],[-41.09735949999998,-15.422160599999927],[-41.081830399999944,-15.458073799999966],[-41.05605949999995,-15.459836099999961],[-41.042805699999974,-15.474402599999962],[-41.034357899999975,-15.472751899999935],[-41.03136929999994,-15.483900999999946],[-41.052158299999974,-15.509023199999945],[-41.06628989999996,-15.510829699999931],[-41.07338629999998,-15.503085399999975],[-41.09746639999997,-15.52894269999996],[-41.10588779999995,-15.530394699999931],[-41.111262599999975,-15.519454499999938],[-41.13343709999998,-15.524405199999933],[-41.145897599999955,-15.54500859999996],[-41.15080919999997,-15.534172199999944],[-41.17346459999993,-15.536560899999927],[-41.17776319999996,-15.524739699999941],[-41.19658549999997,-15.516253099999972],[-41.20499309999997,-15.491678199999967],[-41.22484989999998,-15.510088099999962]]]}},{"id":"1908","type":"Feature","properties":{"COD_IBGE":"2906808","MUNICIPIO":"Cansanção","UF":"BA"},"geometry":{"type":"Polygon","coordinates":[[[-39.50111689999994,-10.787124399999982],[-39.52568309999998,-10.769917299999975],[-39.52721459999998,-10.777278099999933],[-39.68169429999995,-10.785900499999968],[-39.682995999999946,-10.764797099999953],[-39.698855899999955,-10.753551399999935],[-39.69483799999995,-10.740270899999928],[-39.70964729999997,-10.720424899999955],[-39.700654199999974,-10.71476679999995],[-39.69615699999997,-10.674318599999935],[-39.74639309999998,-10.639959899999951],[-39.74830489999994,-10.607800399999974],[-39.77270629999998,-10.551702099999943],[-39.76819269999993,-10.53857249999993],[-39.64517999999998,-10.543054599999948],[-39.594018699999936,-10.553829199999939],[-39.55432779999995,-10.58179169999994],[-39.54299759999998,-10.582136899999966],[-39.52947399999994,-10.570043699999928],[-39.47834869999997,-10.568503799999974],[-39.432605799999976,-10.619292799999926],[-39.36771369999997,-10.65487369999994],[-39.270410899999945,-10.67788779999995],[-39.27659459999995,-10.683922999999936],[-39.26521569999994,-10.69658469999996],[-39.24491949999998,-10.811245099999951],[-39.236927399999956,-10.820073799999932],[-39.21651389999994,-10.912658199999953],[-39.23617959999996,-10.906894399999942],[-39.24074489999998,-10.926138199999968],[-39.23290049999997,-10.953382099999942],[-39.22760789999995,-10.951292399999943],[-39.21343059999998,-10.971156899999926],[-39.210842199999945,-10.998361399999965],[-39.23199469999997,-11.00037409999993],[-39.28566349999994,-10.985020799999972],[-39.313233699999955,-10.98874429999995],[-39.34898459999994,-10.948676199999966],[-39.37776699999995,-10.948198599999955],[-39.36946039999998,-10.929291899999953],[-39.37398019999995,-10.865426499999955],[-39.36345159999996,-10.847038299999952],[-39.36925359999998,-10.766018299999928],[-39.444329799999934,-10.769568899999967],[-39.43808139999993,-10.748654099999953],[-39.47274119999997,-10.776454499999943],[-39.50111689999994,-10.787124399999982]]]}},{"id":"1909","type":"Feature","properties":{"COD_IBGE":"2906824","MUNICIPIO":"Canudos","UF":"BA"},"geometry":{"type":"Polygon","coordinates":[[[-38.93169089999998,-9.874367899999982],[-38.91852359999996,-9.960005299999978],[-38.90341099999995,-9.959081399999945],[-38.899063199999944,-9.97860739999993],[-38.86964839999996,-9.965515099999948],[-38.87136609999993,-9.98247349999997],[-38.85495229999998,-9.996323099999927],[-38.798868599999935,-10.012792699999977],[-38.80027729999995,-10.031024099999968],[-38.783556199999964,-10.05631619999997],[-38.75737559999993,-10.074782399999947],[-38.742218399999956,-10.10445429999993],[-38.71435489999993,-10.123489999999947],[-38.73322559999997,-10.167380099999946],[-38.69595449999997,-10.18934939999997],[-38.66876229999997,-10.18343509999994],[-38.57625989999997,-10.224998999999968],[-38.583054499999946,-10.234014099999968],[-38.57668199999995,-10.253913799999964],[-38.58658209999993,-10.292970599999933],[-38.581361999999956,-10.305038199999956],[-38.88195499999995,-10.270124799999962],[-39.07735089999994,-10.38052719999996],[-39.202586199999985,-10.237108999999975],[-39.22829729999995,-10.225871299999937],[-39.23554029999997,-10.194334499999968],[-39.26683029999998,-10.19267689999998],[-39.25540889999996,-10.14692649999995],[-39.26340499999998,-10.08708219999994],[-39.23665259999996,-10.033407999999952],[-39.22055249999994,-10.024865699999964],[-39.202169699999956,-9.972778199999937],[-39.207510999999954,-9.852838299999974],[-39.199894599999936,-9.83314189999993],[-39.22161799999998,-9.792088299999932],[-39.213735199999974,-9.765286899999978],[-39.236162699999966,-9.718862999999942],[-39.21120899999994,-9.64492139999993],[-39.17508209999994,-9.636332299999935],[-39.14406059999993,-9.653270899999939],[-39.11732779999994,-9.64574529999993],[-39.11005279999995,-9.625694299999964],[-38.96528829999994,-9.639120099999957],[-38.856666099999984,-9.63100099999997],[-38.812692899999945,-9.654173399999934],[-38.784789399999966,-9.646817299999952],[-38.77343769999993,-9.673941199999945],[-38.78484789999993,-9.745518599999969],[-38.82811529999998,-9.75472179999997],[-38.863760199999945,-9.77907259999995],[-38.86413999999996,-9.82941829999993],[-38.91901109999998,-9.85475729999996],[-38.93169089999998,-9.874367899999982]]]}},{"id":"1910","type":"Feature","properties":{"COD_IBGE":"2906857","MUNICIPIO":"Capela do Alto Alegre","UF":"BA"},"geometry":{"type":"Polygon","coordinates":[[[-39.82655269999998,-11.788279899999964],[-39.84629709999996,-11.77391339999997],[-39.84065339999995,-11.755309799999964],[-39.864529499999946,-11.748234599999932],[-39.86318829999993,-11.741064699999981],[-39.88514669999995,-11.740144199999975],[-39.908577899999955,-11.720595899999978],[-39.92553269999996,-11.667461299999957],[-39.956475799999964,-11.647964799999954],[-39.96858409999993,-11.490866899999958],[-39.943655699999965,-11.478534299999978],[-39.93447379999998,-11.47981169999997],[-39.925441999999975,-11.499046999999962],[-39.897581499999944,-11.49115889999996],[-39.90288489999995,-11.503765499999929],[-39.89796039999993,-11.555853999999954],[-39.86516659999995,-11.581399799999929],[-39.84619889999993,-11.57616969999998],[-39.81774679999995,-11.59168189999997],[-39.80928639999996,-11.585055499999953],[-39.770194799999956,-11.587904199999969],[-39.71737069999995,-11.626596499999948],[-39.69143939999998,-11.76926919999994],[-39.68180339999998,-11.775461399999926],[-39.69518759999994,-11.817680999999936],[-39.71309809999997,-11.82387529999994],[-39.793124699999964,-11.817400299999974],[-39.79045789999998,-11.822325199999966],[-39.810862499999985,-11.824671999999964],[-39.82655269999998,-11.788279899999964]]]}},{"id":"1911","type":"Feature","properties":{"COD_IBGE":"2906873","MUNICIPIO":"Capim Grosso","UF":"BA"},"geometry":{"type":"Polygon","coordinates":[[[-39.98718659999997,-11.43942869999995],[-40.07020399999993,-11.434219699999971],[-40.07535109999998,-11.354791199999966],[-40.06507359999995,-11.342502399999944],[-40.04838719999998,-11.342349899999931],[-40.034519699999976,-11.280425099999945],[-40.022208199999966,-11.275871299999949],[-40.025665799999956,-11.240902999999946],[-40.03253209999997,-11.239956499999948],[-40.02832259999997,-11.222585399999957],[-40.06522719999998,-11.23087279999993],[-40.08399929999996,-11.252094399999976],[-40.10999129999993,-11.24560699999995],[-40.14482839999994,-11.181930799999975],[-40.131159699999955,-11.17913909999993],[-40.10706339999996,-11.192542299999957],[-40.083997299999965,-11.186391199999946],[-40.07430549999998,-11.196898199999964],[-39.99425139999994,-11.16903179999997],[-39.98382349999997,-11.151387799999952],[-39.97490749999997,-11.160893899999962],[-39.96114099999994,-11.150081599999965],[-39.952998399999956,-11.156873599999926],[-39.95529839999995,-11.248654699999975],[-39.86184639999993,-11.312936799999932],[-39.88068379999993,-11.320369399999947],[-39.895421899999974,-11.348527799999943],[-39.912471799999935,-11.356366199999968],[-39.906839299999945,-11.360903199999939],[-39.90877769999997,-11.390610599999945],[-39.92459779999996,-11.39158569999995],[-39.914455799999985,-11.415611199999944],[-39.967976799999974,-11.433769299999938],[-39.982548099999974,-11.449546099999964],[-39.98718659999997,-11.43942869999995]]]}},{"id":"1912","type":"Feature","properties":{"COD_IBGE":"2906899","MUNICIPIO":"Caraíbas","UF":"BA"},"geometry":{"type":"Polygon","coordinates":[[[-41.25180869999997,-14.732305999999937],[-41.26539919999993,-14.73336919999997],[-41.26308419999998,-14.749434899999926],[-41.281961799999976,-14.75028119999996],[-41.279259699999955,-14.765048799999931],[-41.263927699999954,-14.780267699999968],[-41.26928349999997,-14.79820239999998],[-41.32991499999997,-14.77510099999995],[-41.32992459999997,-14.782825199999934],[-41.315651199999934,-14.786901799999953],[-41.328744599999936,-14.80772909999996],[-41.340434699999946,-14.796826599999974],[-41.351418499999966,-14.815432099999953],[-41.372732499999984,-14.815063399999929],[-41.37693429999996,-14.826595099999963],[-41.39281269999998,-14.815619899999945],[-41.391633799999966,-14.798815299999944],[-41.40537839999996,-14.802988899999946],[-41.44080879999996,-14.787118899999939],[-41.44759209999995,-14.796100099999933],[-41.46148939999995,-14.785372299999949],[-41.42069799999996,-14.753178499999933],[-41.40905899999996,-14.767218799999966],[-41.39399789999993,-14.767487999999958],[-41.39820179999998,-14.703596599999969],[-41.387782999999956,-14.680955299999937],[-41.39976389999998,-14.663855799999965],[-41.40038389999995,-14.639835499999947],[-41.44720579999995,-14.594582799999955],[-41.42797109999998,-14.56585709999996],[-41.434466499999985,-14.551350499999955],[-41.399705799999936,-14.558542299999942],[-41.382409199999984,-14.530521299999975],[-41.35949999999997,-14.533353399999953],[-41.32965029999997,-14.502709799999934],[-41.29775079999996,-14.513146399999982],[-41.25516479999993,-14.487032499999941],[-41.24743429999995,-14.498904299999936],[-41.23813789999997,-14.497518499999956],[-41.24776179999998,-14.515275299999928],[-41.24063209999997,-14.520423299999948],[-41.21909839999995,-14.514320299999952],[-41.20563419999996,-14.520339399999955],[-41.201017899999954,-14.511528699999928],[-41.21077219999995,-14.500488799999971],[-41.19613859999998,-14.491317999999978],[-41.18387769999998,-14.49713939999998],[-41.183307499999955,-14.48029459999998],[-41.16033249999998,-14.480857499999956],[-41.15492219999993,-14.497092399999929],[-41.12912759999995,-14.488746099999958],[-41.13098379999997,-14.472276299999976],[-41.123252899999954,-14.467066399999965],[-41.13924599999996,-14.457100099999934],[-41.12967089999995,-14.453715299999942],[-41.12946989999995,-14.44448929999993],[-41.111391099999935,-14.438197399999979],[-41.10616139999996,-14.450601399999982],[-41.09367109999994,-14.441621699999928],[-41.07658259999994,-14.44892429999993],[-41.06882059999998,-14.464450299999953],[-41.07860699999998,-14.47163269999993],[-41.07841149999996,-14.487089899999944],[-41.09290139999996,-14.48883539999997],[-41.106375699999944,-14.515253599999937],[-41.10396339999994,-14.53028919999997],[-41.117025499999954,-14.537105399999973],[-41.12621539999998,-14.554803899999968],[-41.12375029999998,-14.572854999999947],[-41.14307949999994,-14.585466199999928],[-41.130798899999945,-14.60640669999998],[-41.15964799999995,-14.614468299999942],[-41.170699799999966,-14.606276599999944],[-41.18778629999997,-14.619636399999933],[-41.192078599999945,-14.649824099999933],[-41.22958139999997,-14.685726299999942],[-41.21874509999998,-14.69598389999993],[-41.227356999999984,-14.705626999999936],[-41.21838449999996,-14.720381699999962],[-41.22273319999994,-14.745794599999954],[-41.239777999999944,-14.737507799999946],[-41.24195059999994,-14.722550599999977],[-41.25180869999997,-14.732305999999937]]]}},{"id":"1913","type":"Feature","properties":{"COD_IBGE":"2906907","MUNICIPIO":"Caravelas","UF":"BA"},"geometry":{"type":"MultiPolygon","coordinates":[[[[-39.448077499999954,-17.841009799999938],[-39.467567299999985,-17.844361299999946],[-39.482482199999936,-17.82831249999998],[-39.483130899999935,-17.835586599999942],[-39.494970199999955,-17.834186199999976],[-39.49938909999997,-17.822681399999965],[-39.52357779999994,-17.812194199999965],[-39.54540769999994,-17.818159899999955],[-39.56886939999998,-17.812594899999965],[-39.602062099999955,-17.792342099999928],[-39.62877499999996,-17.788074199999983],[-39.65618219999993,-17.802247699999953],[-39.75891109999998,-17.74900889999998],[-39.77509289999995,-17.752458799999943],[-39.80618329999993,-17.744304799999952],[-39.850990499999966,-17.766035599999952],[-39.89035009999998,-17.716904599999964],[-39.889535199999955,-17.70215639999998],[-39.900432199999955,-17.68800749999997],[-39.92795369999993,-17.672354199999972],[-40.00845739999994,-17.659856599999955],[-40.030804899999964,-17.62882449999995],[-40.12049039999994,-17.64051999999998],[-40.122622099999944,-17.62370519999996],[-40.16008629999993,-17.584339899999975],[-40.189246999999966,-17.564314999999965],[-40.21609429999995,-17.56070139999997],[-40.23822039999993,-17.546203299999945],[-40.25690769999994,-17.409122699999955],[-40.22226249999994,-17.407675299999937],[-40.218218399999955,-17.434982399999967],[-40.206623099999945,-17.441013699999928],[-40.18874829999993,-17.432369299999948],[-40.16457399999996,-17.433131599999967],[-40.15118959999995,-17.44801519999993],[-40.114081099999964,-17.449823399999957],[-40.10370429999995,-17.443862999999965],[-40.102595099999974,-17.45609399999995],[-40.07252939999995,-17.461242999999968],[-40.05933959999993,-17.452790499999935],[-40.04849129999997,-17.474300699999958],[-40.036494199999936,-17.478322299999945],[-40.02007949999995,-17.46598369999998],[-39.97746809999995,-17.466232599999955],[-39.968402099999935,-17.458212899999978],[-39.93611939999994,-17.46483059999997],[-39.936738299999945,-17.47440409999996],[-39.76790999999997,-17.62735829999997],[-39.598315199999945,-17.55775109999996],[-39.531721999999945,-17.57898069999993],[-39.51158749999996,-17.569061199999965],[-39.48995689999998,-17.570108499999947],[-39.465120499999955,-17.59242749999993],[-39.46118249999995,-17.63507839999994],[-39.44217099999997,-17.65868039999998],[-39.249671199999966,-17.636747399999933],[-39.137327099999936,-17.684977999999944],[-39.13804369999997,-17.693288499999937],[-39.19090049999994,-17.741916699999933],[-39.20805199999995,-17.747345999999936],[-39.206942399999946,-17.77423179999994],[-39.23543579999995,-17.79949289999996],[-39.27661729999994,-17.855412599999966],[-39.29481489999995,-17.861340799999937],[-39.307803699999965,-17.853529999999978],[-39.44622599999997,-17.859638699999948],[-39.455132599999956,-17.85167199999995],[-39.448077499999954,-17.841009799999938]]],[[[-39.17630249999996,-17.74012319999997],[-39.18027689999997,-17.74692179999994],[-39.19757309999994,-17.75812689999998],[-39.20164119999998,-17.75550439999995],[-39.17630249999996,-17.74012319999997]]],[[[-38.70798219999995,-17.968946899999935],[-38.70837389999997,-17.97146269999996],[-38.71451849999994,-17.970875099999944],[-38.70798219999995,-17.968946899999935]]],[[[-38.70829859999998,-17.964334099999974],[-38.71155889999994,-17.96788559999993],[-38.71251179999996,-17.96502099999998],[-38.70829859999998,-17.964334099999974]]],[[[-38.70062399999995,-17.98162599999995],[-38.70071619999993,-17.979992399999958],[-38.69647629999997,-17.98012929999993],[-38.70062399999995,-17.98162599999995]]],[[[-38.70658079999998,-17.962790799999937],[-38.692582899999934,-17.963832999999966],[-38.691727199999946,-17.96557789999997],[-38.70658079999998,-17.962790799999937]]],[[[-38.69220009999998,-17.96023359999998],[-38.69333629999994,-17.961106799999982],[-38.69338989999994,-17.96074679999998],[-38.69220009999998,-17.96023359999998]]],[[[-38.69611389999994,-17.97885679999996],[-38.69629329999998,-17.97903489999993],[-38.69635829999993,-17.97886429999994],[-38.69611389999994,-17.97885679999996]]]]}},{"id":"1914","type":"Feature","properties":{"COD_IBGE":"2907004","MUNICIPIO":"Cardeal da Silva","UF":"BA"},"geometry":{"type":"Polygon","coordinates":[[[-37.92443039999995,-12.149271599999963],[-37.97956469999997,-12.117300899999975],[-37.99735369999996,-12.094825599999979],[-38.02334949999994,-12.080648499999938],[-38.00860679999994,-12.045549699999981],[-38.015101399999935,-12.008114699999965],[-37.974576199999944,-11.937536799999975],[-37.94317639999997,-11.935507299999927],[-37.925832199999945,-11.958172299999944],[-37.90284139999994,-11.967840499999966],[-37.88293509999994,-11.963061899999957],[-37.86971769999997,-11.971740699999941],[-37.864652399999954,-12.014218999999969],[-37.87399929999998,-12.086994799999957],[-37.88609519999994,-12.114612999999963],[-37.88343169999996,-12.145668899999976],[-37.88820909999998,-12.157244399999968],[-37.92443039999995,-12.149271599999963]]]}},{"id":"1915","type":"Feature","properties":{"COD_IBGE":"2907103","MUNICIPIO":"Carinhanha","UF":"BA"},"geometry":{"type":"Polygon","coordinates":[[[-43.81428969999996,-13.708354099999951],[-43.58662309999994,-13.806289299999946],[-43.61649879999993,-13.841346699999974],[-43.61378199999996,-13.89537409999997],[-43.62438649999996,-13.919919999999934],[-43.62699509999993,-13.96013389999996],[-43.65630779999998,-14.009761699999956],[-43.65723769999994,-14.047453899999937],[-43.678734299999974,-14.14495599999998],[-43.711955099999955,-14.239297299999976],[-43.78318669999993,-14.339233699999966],[-43.80008529999998,-14.337827199999936],[-43.81531899999993,-14.320645599999978],[-43.82231489999998,-14.32302969999995],[-43.82025519999996,-14.311636299999975],[-43.83614449999993,-14.311148699999933],[-43.847226699999965,-14.321737299999938],[-43.84672269999993,-14.313099199999954],[-43.855449799999974,-14.318042599999956],[-43.85270369999995,-14.307936299999938],[-43.880395799999974,-14.312141099999963],[-43.89033869999997,-14.30660279999995],[-43.891952999999944,-14.293287199999952],[-43.89247979999993,-14.301016799999957],[-43.90442439999998,-14.293610499999943],[-43.91158589999998,-14.305044299999963],[-43.91639569999995,-14.295933399999967],[-43.92472679999997,-14.296421499999951],[-43.92642479999995,-14.305672699999946],[-43.935067999999944,-14.295679699999937],[-43.94213989999997,-14.305096499999934],[-43.94628949999998,-14.289954799999975],[-43.956137799999965,-14.299717099999953],[-43.96958749999993,-14.274023899999975],[-43.98084099999994,-14.282148499999948],[-43.99059569999997,-14.272594499999968],[-43.987344399999984,-14.267295399999966],[-44.00615259999995,-14.267364099999952],[-44.03253849999993,-14.288110199999949],[-44.042699899999946,-14.286109099999976],[-44.06560749999994,-14.138981199999932],[-44.029008999999974,-14.093260699999973],[-44.08714189999995,-14.021270499999957],[-44.07845019999996,-13.99451339999996],[-44.10726919999996,-13.985095499999943],[-44.101071599999955,-13.974302699999953],[-44.110082699999964,-13.972397899999976],[-44.102002599999935,-13.962463499999956],[-44.11143069999997,-13.953095299999973],[-44.09811609999997,-13.926750399999946],[-44.09052379999997,-13.925801299999932],[-44.09177059999996,-13.907881199999963],[-44.08320139999995,-13.905607999999972],[-44.07714969999995,-13.91459969999994],[-44.08467049999996,-13.914490999999941],[-44.07929059999998,-13.926994299999933],[-44.085536299999944,-13.93861529999998],[-44.07466089999997,-13.937326699999971],[-44.07205469999997,-13.95025419999996],[-44.07033409999997,-13.942808599999978],[-44.05791949999997,-13.947309899999937],[-44.06745319999993,-13.928589199999976],[-44.058816899999954,-13.924283999999943],[-44.05228889999995,-13.930657499999938],[-44.055566099999965,-13.916124899999943],[-44.03762829999994,-13.903835999999956],[-44.02943819999996,-13.907712199999935],[-44.03124159999993,-13.89773109999993],[-44.04942029999995,-13.897744399999965],[-44.05547919999998,-13.87411789999993],[-44.07302069999997,-13.869793699999946],[-44.04820589999997,-13.866376199999934],[-44.03992409999995,-13.886909799999955],[-44.031766699999935,-13.88900179999996],[-44.02723999999995,-13.879998599999965],[-44.034321699999964,-13.869752699999935],[-44.023242599999946,-13.86347859999995],[-44.02796589999997,-13.855702599999972],[-44.00942919999994,-13.853192499999977],[-44.01187939999994,-13.840876699999967],[-44.00364079999997,-13.843675799999971],[-44.00527109999996,-13.829124799999931],[-44.02709349999998,-13.834869799999979],[-44.01655159999996,-13.825854099999958],[-44.02656239999993,-13.820224799999949],[-44.03288029999993,-13.803917299999966],[-44.01902769999998,-13.808591399999955],[-44.02984189999995,-13.793159799999955],[-44.02177029999996,-13.802249099999926],[-44.02071659999996,-13.79586809999995],[-44.01902739999997,-13.79595699999993],[-44.01159699999994,-13.819937699999969],[-43.99981269999995,-13.816927499999963],[-43.995450999999946,-13.822975799999938],[-43.99039439999996,-13.815557299999966],[-43.98452929999996,-13.840986699999974],[-43.979045499999984,-13.831653499999959],[-43.961887599999955,-13.834274599999958],[-43.962805199999934,-13.82348989999997],[-43.949148899999955,-13.820793399999957],[-43.95758299999994,-13.81188869999994],[-43.94809969999994,-13.791771099999949],[-43.95701219999995,-13.78913209999996],[-43.95719289999994,-13.787248699999964],[-43.94258359999998,-13.788243799999975],[-43.92338599999994,-13.80540069999995],[-43.910010399999976,-13.794407399999955],[-43.89991599999996,-13.796081299999969],[-43.90563119999996,-13.779002999999932],[-43.912125999999944,-13.783500299999957],[-43.912321099999986,-13.767002999999931],[-43.901781899999946,-13.772647699999936],[-43.89279989999994,-13.752923499999952],[-43.881617999999946,-13.761917599999947],[-43.87715099999997,-13.742178999999965],[-43.86945519999995,-13.756489399999964],[-43.85369089999995,-13.744045399999948],[-43.84014019999995,-13.759146599999951],[-43.83665179999997,-13.746006499999964],[-43.81457489999997,-13.733806899999934],[-43.81428969999996,-13.708354099999951]]]}},{"id":"1916","type":"Feature","properties":{"COD_IBGE":"2907202","MUNICIPIO":"Casa Nova","UF":"BA"},"geometry":{"type":"Polygon","coordinates":[[[-40.92133779999995,-8.835430599999938],[-40.88123369999994,-8.915627799999982],[-40.86627809999993,-8.923389199999974],[-40.86132259999994,-8.948017599999957],[-40.85159589999995,-8.952498999999932],[-40.85195849999997,-8.98258489999995],[-40.82523109999994,-9.03818659999996],[-40.82006699999994,-9.081258699999978],[-40.78609599999993,-9.105187399999977],[-40.75678489999996,-9.10497689999994],[-40.75706059999993,-9.119843099999969],[-40.73253749999998,-9.124005599999975],[-40.70988929999993,-9.140880999999979],[-40.685093999999935,-9.137610199999926],[-40.66739569999993,-9.159059199999945],[-40.67064379999994,-9.188708199999951],[-40.69450039999998,-9.233455599999957],[-40.68645559999993,-9.243554599999982],[-40.689236499999936,-9.256985899999961],[-40.680088499999954,-9.25921169999998],[-40.68598789999993,-9.276368199999979],[-40.70758889999996,-9.285346299999958],[-40.70731489999997,-9.294550799999968],[-40.720088199999964,-9.305896699999948],[-40.73944179999995,-9.296588699999973],[-40.756421899999964,-9.315032299999928],[-40.739347399999986,-9.331343899999979],[-40.738102599999934,-9.355244299999981],[-40.74647889999994,-9.371052199999951],[-40.743088899999975,-9.40294549999993],[-40.76497559999996,-9.413216399999953],[-40.759595299999944,-9.429076299999963],[-40.767159299999946,-9.445411899999954],[-40.78517599999998,-9.449509699999965],[-40.83406149999996,-9.425483499999928],[-40.86879499999998,-9.392847299999971],[-40.95377559999997,-9.397915999999952],[-41.00303259999998,-9.38284189999996],[-41.067318899999975,-9.403134799999975],[-41.11038389999993,-9.400994399999945],[-41.12534459999995,-9.416823399999942],[-41.143538399999954,-9.49592789999997],[-41.188737799999956,-9.559959099999958],[-41.20542619999998,-9.612474199999951],[-41.24722219999995,-9.647091399999965],[-41.37904269999996,-9.693535499999939],[-41.41775859999996,-9.69232569999997],[-41.503769699999964,-9.665201999999965],[-41.55939399999994,-9.676286799999957],[-41.63715369999994,-9.715302699999938],[-41.689189099999965,-9.769929999999931],[-41.76728689999993,-9.744884399999933],[-41.839567999999986,-9.732159099999933],[-41.903144699999984,-9.704350499999975],[-41.85466199999996,-9.240668899999946],[-41.843132699999956,-9.244224999999972],[-41.83393319999993,-9.236222399999974],[-41.81987339999995,-9.18900119999995],[-41.80012629999993,-9.165161599999976],[-41.79742849999997,-9.144659099999956],[-41.73518409999997,-9.094699799999944],[-41.72648289999995,-9.016360899999938],[-41.68045369999993,-9.012282299999981],[-41.66990229999993,-9.003479399999947],[-41.66940389999996,-8.990079099999946],[-41.62899779999998,-8.98488999999995],[-41.60579469999993,-8.957403899999974],[-41.57005659999993,-8.955029499999966],[-41.56526679999996,-8.970320199999946],[-41.544520999999975,-8.96054909999998],[-41.544853099999955,-8.937954299999944],[-41.50743719999997,-8.89244089999994],[-41.51105009999998,-8.877612099999965],[-41.50273469999996,-8.86406599999998],[-41.487843399999974,-8.843903399999931],[-41.472184099999936,-8.843114499999956],[-41.43468409999997,-8.799095999999963],[-41.424266699999976,-8.80255539999996],[-41.38125149999996,-8.707272399999965],[-41.35833619999994,-8.707620199999951],[-41.334351599999934,-8.727661499999954],[-41.30993489999997,-8.72613169999994],[-41.28153759999998,-8.736100399999941],[-41.26062459999997,-8.72071649999998],[-41.23856779999994,-8.719731199999956],[-41.239840999999956,-8.71086299999996],[-41.22697849999997,-8.704702099999963],[-41.17640469999998,-8.711194299999931],[-41.112757999999985,-8.703974099999925],[-41.12684029999997,-8.728927399999975],[-41.12456929999996,-8.75267359999998],[-41.11334459999995,-8.758530999999948],[-41.115823499999976,-8.764867099999947],[-41.101760799999965,-8.78196429999997],[-41.07854219999996,-8.788772299999948],[-41.06667859999993,-8.781048099999964],[-41.03623449999998,-8.785875899999951],[-41.02496009999993,-8.807727399999976],[-41.029101399999945,-8.838100099999963],[-41.019870699999956,-8.84403169999996],[-40.979093699999964,-8.823417099999972],[-40.96090499999997,-8.830759299999954],[-40.95486009999996,-8.843875099999934],[-40.92133779999995,-8.835430599999938]]]}},{"id":"1917","type":"Feature","properties":{"COD_IBGE":"2907301","MUNICIPIO":"Castro Alves","UF":"BA"},"geometry":{"type":"Polygon","coordinates":[[[-39.42692649999998,-12.883850399999972],[-39.45722459999996,-12.845513099999948],[-39.475606899999946,-12.853867599999944],[-39.47683469999998,-12.843078999999932],[-39.48890739999996,-12.834576899999945],[-39.491585999999984,-12.814549599999964],[-39.50543609999994,-12.81013009999998],[-39.49845319999997,-12.775439399999982],[-39.50169319999998,-12.74214749999993],[-39.493779899999936,-12.730095999999946],[-39.47322879999996,-12.723936599999945],[-39.467290599999956,-12.699441699999966],[-39.43644829999994,-12.679183399999943],[-39.443250999999975,-12.618087599999967],[-39.41468869999994,-12.615508999999975],[-39.394135999999946,-12.593023599999981],[-39.31849109999996,-12.54706159999995],[-39.235842299999945,-12.65849449999996],[-39.23180559999997,-12.65520639999994],[-39.22878399999996,-12.68063019999994],[-39.26546369999994,-12.693582599999957],[-39.267733299999975,-12.708184399999936],[-39.26014939999993,-12.720310199999972],[-39.272578299999964,-12.744132099999945],[-39.247617299999945,-12.773337799999979],[-39.241030499999965,-12.800157699999943],[-39.22593249999994,-12.810144599999944],[-39.265061799999955,-12.834130499999958],[-39.26850349999995,-12.845503399999927],[-39.28515159999995,-12.842806499999938],[-39.297701899999936,-12.82178609999994],[-39.32241369999997,-12.819639699999982],[-39.32365139999996,-12.828228399999944],[-39.342850399999975,-12.828615099999979],[-39.34058619999996,-12.868116499999928],[-39.35112149999998,-12.901639099999954],[-39.37592499999994,-12.887597399999947],[-39.42692649999998,-12.883850399999972]]]}},{"id":"1918","type":"Feature","properties":{"COD_IBGE":"2907400","MUNICIPIO":"Catolândia","UF":"BA"},"geometry":{"type":"Polygon","coordinates":[[[-44.547639799999956,-12.292298399999936],[-44.59636379999995,-12.307738699999959],[-44.604490699999985,-12.31819429999996],[-44.60781419999995,-12.312796799999944],[-44.62454999999994,-12.322854499999949],[-44.63495759999995,-12.314767899999936],[-44.65290909999993,-12.325792099999944],[-44.65772179999993,-12.321777699999927],[-44.65794889999995,-12.33169449999997],[-44.67363609999995,-12.329817699999978],[-44.72601599999996,-12.405162999999959],[-44.737851699999965,-12.408843099999956],[-44.77566129999997,-12.402225299999941],[-44.78123659999994,-12.395118599999932],[-44.837005999999974,-12.389650999999958],[-44.92726879999998,-12.293111299999964],[-44.867557199999965,-12.261215199999981],[-44.84146449999997,-12.256060299999945],[-44.79574699999995,-12.222927399999946],[-44.75072989999995,-12.22868699999998],[-44.725075499999946,-12.220276799999965],[-44.655886899999985,-12.169848699999932],[-44.620055899999954,-12.173975999999982],[-44.57983199999995,-12.15509419999995],[-44.466051999999934,-12.144082799999978],[-44.50078579999996,-12.222599099999968],[-44.53659799999997,-12.248559899999975],[-44.547639799999956,-12.292298399999936]]]}},{"id":"1919","type":"Feature","properties":{"COD_IBGE":"2907509","MUNICIPIO":"Catu","UF":"BA"},"geometry":{"type":"Polygon","coordinates":[[[-38.39418489999997,-12.249373099999957],[-38.37769929999996,-12.218671899999947],[-38.33380879999993,-12.24560219999995],[-38.310081399999945,-12.248813599999949],[-38.27914939999994,-12.27131929999996],[-38.273062299999935,-12.278367599999967],[-38.27781529999993,-12.303712399999938],[-38.27240189999998,-12.321967599999937],[-38.28278339999997,-12.34215359999996],[-38.29533199999997,-12.345998699999939],[-38.31385379999995,-12.337581199999931],[-38.38994879999996,-12.40285769999997],[-38.375133699999935,-12.40864929999998],[-38.389101299999936,-12.43136009999995],[-38.40676959999996,-12.422287099999949],[-38.44623169999994,-12.43187359999996],[-38.46032379999997,-12.41747429999998],[-38.488824499999964,-12.412243099999955],[-38.50382749999994,-12.427450799999974],[-38.50490419999994,-12.418604399999936],[-38.535569899999985,-12.408711499999981],[-38.529585399999974,-12.275699799999927],[-38.468906999999945,-12.285153699999967],[-38.45932209999995,-12.265498399999956],[-38.44731679999995,-12.261737299999936],[-38.43411239999995,-12.268882399999939],[-38.39418489999997,-12.249373099999957]]]}},{"id":"1920","type":"Feature","properties":{"COD_IBGE":"2907558","MUNICIPIO":"Caturama","UF":"BA"},"geometry":{"type":"Polygon","coordinates":[[[-42.18681269999996,-13.172133999999971],[-42.170870599999944,-13.18453569999997],[-42.158150399999954,-13.22665909999995],[-42.181317399999955,-13.227945899999952],[-42.198093599999936,-13.257826199999954],[-42.19254259999997,-13.269479499999932],[-42.21532019999995,-13.29221769999998],[-42.22880779999997,-13.29933669999997],[-42.24787629999997,-13.296581099999969],[-42.24522979999995,-13.284373999999957],[-42.25189419999998,-13.282801099999972],[-42.25785369999994,-13.292498399999943],[-42.24843489999995,-13.323800399999982],[-42.27162499999997,-13.336171599999943],[-42.262612399999966,-13.346820399999956],[-42.26544969999998,-13.369362699999954],[-42.40588719999994,-13.402205299999935],[-42.40914399999997,-13.347452099999941],[-42.43434119999995,-13.286239299999977],[-42.41979459999993,-13.274556399999938],[-42.44369379999995,-13.232820999999944],[-42.44583979999993,-13.18242779999997],[-42.43317689999998,-13.168449599999974],[-42.432332299999985,-13.141309399999955],[-42.40077699999995,-13.136369699999932],[-42.40321249999994,-13.123087399999974],[-42.390126399999986,-13.106050299999936],[-42.38744829999996,-13.074983499999973],[-42.36995829999995,-13.059657499999958],[-42.35835279999998,-13.072316799999953],[-42.347321799999975,-13.069060799999932],[-42.33764189999994,-13.101181399999973],[-42.297407299999975,-13.135865199999955],[-42.27738649999998,-13.116111899999964],[-42.263589499999966,-13.121776799999964],[-42.24440979999997,-13.107054799999958],[-42.23875339999995,-13.117266799999982],[-42.204534999999964,-13.124256499999944],[-42.20204649999994,-13.141269099999931],[-42.18000409999996,-13.164425699999981],[-42.18681269999996,-13.172133999999971]]]}},{"id":"1921","type":"Feature","properties":{"COD_IBGE":"2907608","MUNICIPIO":"Central","UF":"BA"},"geometry":{"type":"Polygon","coordinates":[[[-41.94174239999995,-11.228233899999964],[-42.021744299999966,-11.208765699999958],[-42.05611299999998,-11.236096699999962],[-42.10732539999998,-11.22178809999997],[-42.13694259999994,-11.245484199999964],[-42.15134709999995,-11.237006399999927],[-42.15832979999993,-11.24505789999995],[-42.24029079999997,-11.261230599999976],[-42.258279399999935,-11.14231019999994],[-42.18971449999998,-11.074863499999935],[-42.14616099999995,-11.047252399999934],[-42.145261999999946,-11.023306199999979],[-42.08906719999993,-11.022217399999931],[-42.075611099999946,-11.02977169999997],[-41.98596459999993,-11.143254199999944],[-41.956952599999966,-11.15381519999994],[-41.92626869999998,-11.18171209999997],[-41.94174239999995,-11.228233899999964]]]}},{"id":"1922","type":"Feature","properties":{"COD_IBGE":"2907707","MUNICIPIO":"Chorrochó","UF":"BA"},"geometry":{"type":"Polygon","coordinates":[[[-39.10550779999994,-8.846177499999953],[-39.06453819999996,-8.731628099999966],[-39.04280339999997,-8.733348599999943],[-38.99191129999997,-8.767551899999944],[-38.977431999999965,-8.793086699999947],[-38.952363899999966,-8.804538599999944],[-38.965265199999976,-8.815259399999945],[-38.96411989999996,-8.82945849999993],[-38.98205349999995,-8.854314099999954],[-38.98220189999995,-8.87039459999994],[-39.096499499999936,-9.016540899999939],[-39.110928599999966,-9.06079079999995],[-39.10005449999994,-9.07989079999993],[-39.074707699999976,-9.095172999999932],[-39.06536779999993,-9.129596599999957],[-39.072174899999936,-9.162279599999977],[-39.06645779999997,-9.17167569999998],[-39.08043429999998,-9.187187799999947],[-39.07932779999993,-9.225499899999932],[-39.063229999999976,-9.232821399999978],[-39.05358709999996,-9.280745999999965],[-39.027967599999954,-9.346191899999951],[-39.00000219999998,-9.36804479999995],[-38.98516889999996,-9.40444199999996],[-38.97003769999998,-9.418429899999978],[-38.96993359999993,-9.432347299999947],[-38.95466899999997,-9.449283199999968],[-38.95705209999994,-9.463587999999959],[-38.971213699999964,-9.494559099999947],[-38.98055039999997,-9.495863999999926],[-38.984189399999934,-9.531298299999946],[-39.00000219999998,-9.56794149999996],[-39.027540999999985,-9.569337099999927],[-39.03554849999995,-9.56202639999998],[-39.05115959999995,-9.571209499999952],[-39.06085129999997,-9.562133199999948],[-39.07088449999998,-9.563741299999947],[-39.09225079999993,-9.59421089999995],[-39.14008359999997,-9.601558299999965],[-39.14668769999997,-9.62787039999995],[-39.16534119999994,-9.639531499999975],[-39.21161729999994,-9.645693799999947],[-39.221330199999954,-9.635320399999955],[-39.237026199999946,-9.634077199999979],[-39.263954299999966,-9.640701299999932],[-39.270330799999954,-9.630454899999961],[-39.28717599999993,-9.633957299999963],[-39.307530199999974,-9.607475399999942],[-39.33082239999993,-9.594362599999954],[-39.359572699999944,-9.61569129999998],[-39.38638299999997,-9.578101899999979],[-39.407666699999936,-9.577989799999955],[-39.41517689999995,-9.560291499999948],[-39.41195629999993,-9.543405399999926],[-39.44660319999997,-9.508474999999976],[-39.43594439999998,-9.457999599999937],[-39.41082249999994,-9.456783499999972],[-39.404313799999954,-9.445100899999943],[-39.40814289999997,-9.36006999999995],[-39.392287599999975,-9.33811099999997],[-39.39582779999995,-9.328859799999975],[-39.39071789999997,-9.318681899999945],[-39.36773139999997,-9.31053989999998],[-39.36466849999994,-9.290614699999935],[-39.357379299999934,-9.287402999999927],[-39.37264129999994,-9.225085899999954],[-39.360391799999945,-9.210113899999953],[-39.35967039999997,-9.168150999999966],[-39.34253589999997,-9.154217699999947],[-39.341011899999955,-9.126013599999965],[-39.32687039999996,-9.109806299999946],[-39.314519099999984,-9.059845799999948],[-39.27974109999997,-9.030301399999928],[-39.28010309999996,-9.011293999999964],[-39.264147399999956,-8.987276799999961],[-39.263289199999974,-8.957884699999966],[-39.27141729999994,-8.943571099999929],[-39.10550779999994,-8.846177499999953]]]}},{"id":"1923","type":"Feature","properties":{"COD_IBGE":"2907806","MUNICIPIO":"Cícero Dantas","UF":"BA"},"geometry":{"type":"Polygon","coordinates":[[[-38.39824109999995,-10.629995999999949],[-38.437016899999946,-10.609168499999953],[-38.498261699999944,-10.60596049999998],[-38.53396079999993,-10.564127999999926],[-38.546825299999966,-10.564192099999957],[-38.555930099999955,-10.552388399999927],[-38.56716119999993,-10.55468339999993],[-38.57335589999997,-10.526935199999969],[-38.61270339999993,-10.546132199999931],[-38.62727079999996,-10.525004099999933],[-38.62134149999997,-10.515614199999959],[-38.65295069999996,-10.49650939999998],[-38.65613969999998,-10.485083799999927],[-38.63272049999995,-10.467146599999978],[-38.63554559999994,-10.444507099999953],[-38.62360149999995,-10.447821399999953],[-38.62186769999994,-10.439902099999927],[-38.63978479999997,-10.384753399999965],[-38.65183959999996,-10.378526299999976],[-38.647698599999956,-10.366919399999972],[-38.574803799999984,-10.333585999999968],[-38.55632589999993,-10.34617929999996],[-38.54163669999997,-10.346548699999971],[-38.50291589999995,-10.376929699999948],[-38.50630109999997,-10.409642799999972],[-38.493147799999974,-10.442802899999947],[-38.479701999999975,-10.45147099999997],[-38.461251699999934,-10.453449299999932],[-38.44123709999997,-10.444845199999975],[-38.433055999999965,-10.452380999999946],[-38.419235199999946,-10.436922399999958],[-38.413748399999974,-10.466717599999981],[-38.38342249999994,-10.46527569999995],[-38.367002199999945,-10.476360199999931],[-38.35070539999998,-10.46973079999998],[-38.290222599999936,-10.476998699999967],[-38.249234899999976,-10.459474899999975],[-38.224439099999984,-10.470237099999963],[-38.21986179999993,-10.476654099999962],[-38.23620699999998,-10.49179289999995],[-38.23498379999995,-10.505782199999942],[-38.24731859999997,-10.522368699999959],[-38.28396249999997,-10.538142499999935],[-38.28834919999997,-10.567571599999951],[-38.27749869999997,-10.590811299999928],[-38.26832639999998,-10.674619399999926],[-38.296464699999945,-10.65077569999994],[-38.39824109999995,-10.629995999999949]]]}},{"id":"1924","type":"Feature","properties":{"COD_IBGE":"2907905","MUNICIPIO":"Cipó","UF":"BA"},"geometry":{"type":"Polygon","coordinates":[[[-38.48163439999996,-11.163273999999944],[-38.61681249999998,-11.161834799999951],[-38.60974139999996,-11.135920299999952],[-38.58205839999994,-11.143616799999961],[-38.55893489999994,-11.127242299999978],[-38.56915249999997,-11.096671399999934],[-38.55608609999996,-11.076157499999965],[-38.57666909999995,-11.061737999999934],[-38.59377369999993,-11.020242499999938],[-38.54414029999998,-11.023712399999965],[-38.51697969999998,-11.058340599999951],[-38.50375309999998,-11.055209099999956],[-38.49179589999994,-11.088698199999953],[-38.47502719999994,-11.08875409999996],[-38.43973149999994,-11.112471999999968],[-38.43322789999996,-11.132674899999927],[-38.441674399999954,-11.13549039999998],[-38.43951039999996,-11.16485549999993],[-38.44514769999995,-11.169646299999954],[-38.44660829999998,-11.154894699999943],[-38.46041519999994,-11.148951099999977],[-38.48163439999996,-11.163273999999944]]]}},{"id":"1925","type":"Feature","properties":{"COD_IBGE":"2908002","MUNICIPIO":"Coaraci","UF":"BA"},"geometry":{"type":"Polygon","coordinates":[[[-39.52226069999995,-14.650269799999933],[-39.51062829999995,-14.660541299999977],[-39.526183999999944,-14.677353899999957],[-39.53332469999998,-14.74232569999998],[-39.54152739999995,-14.760011299999974],[-39.55485239999996,-14.765969499999926],[-39.55365919999997,-14.778366699999935],[-39.58358909999998,-14.784438099999932],[-39.569645899999955,-14.721381899999926],[-39.619681699999944,-14.662089599999945],[-39.69811219999997,-14.605119399999978],[-39.71808299999998,-14.60378309999993],[-39.72323719999997,-14.590601799999945],[-39.717713999999944,-14.569866299999944],[-39.72914819999994,-14.561270099999945],[-39.55059249999994,-14.561758299999951],[-39.51106679999998,-14.54763689999993],[-39.52226069999995,-14.650269799999933]]]}},{"id":"1926","type":"Feature","properties":{"COD_IBGE":"2908101","MUNICIPIO":"Cocos","UF":"BA"},"geometry":{"type":"Polygon","coordinates":[[[-44.46168369999998,-14.194450399999937],[-44.46848319999998,-14.217387999999971],[-44.448862599999984,-14.225770299999965],[-44.44752379999994,-14.240181199999938],[-44.43367859999995,-14.253597999999954],[-44.428304899999944,-14.279979499999968],[-44.41178199999996,-14.281584299999963],[-44.42860059999998,-14.286635499999932],[-44.45362879999993,-14.311982599999965],[-44.47498929999995,-14.314348699999982],[-44.487176999999974,-14.328519699999958],[-44.51084359999993,-14.322687899999949],[-44.540544599999976,-14.331771499999945],[-44.54512049999994,-14.343063299999926],[-44.56556519999998,-14.340059999999937],[-44.564570799999956,-14.348601999999971],[-44.57229119999994,-14.345569499999954],[-44.598369299999945,-14.368500499999982],[-44.61073709999994,-14.365441799999928],[-44.62559509999994,-14.37610989999996],[-44.633598699999936,-14.394472599999972],[-44.658878399999935,-14.395757299999957],[-44.658041899999944,-14.416364299999941],[-44.66798579999994,-14.423850699999946],[-44.66956649999997,-14.41619819999994],[-44.67420969999995,-14.424495799999931],[-44.68835319999994,-14.41668089999996],[-44.701292999999964,-14.449788099999978],[-44.712879699999974,-14.443963999999937],[-44.72381919999998,-14.449054699999976],[-44.73070249999995,-14.46132119999993],[-44.749063399999955,-14.463977499999942],[-44.75674259999994,-14.478380499999957],[-44.79436599999997,-14.487851499999977],[-44.79432529999997,-14.496589799999981],[-44.81826629999995,-14.490195699999958],[-44.80920889999993,-14.497859399999982],[-44.81381529999993,-14.504659699999934],[-44.83323819999998,-14.499827799999935],[-44.834574799999984,-14.507492299999967],[-44.82257359999994,-14.514798699999972],[-44.836292999999955,-14.518488099999956],[-44.83488989999995,-14.535924499999965],[-44.82435449999997,-14.53937689999998],[-44.84710849999993,-14.54548619999997],[-44.84692639999997,-14.55802319999998],[-44.858794899999964,-14.57152229999997],[-44.847415799999965,-14.575709399999937],[-44.84390709999997,-14.566310499999929],[-44.843386599999974,-14.58083819999996],[-44.861983399999986,-14.57920439999998],[-44.87595849999997,-14.599662499999965],[-44.876572299999964,-14.592065399999967],[-44.896484199999975,-14.605456199999935],[-44.91020999999995,-14.603550299999938],[-44.90798559999996,-14.613385999999934],[-44.91668019999997,-14.619660299999964],[-44.946594199999936,-14.623728999999969],[-44.94302639999995,-14.63021809999998],[-44.95479459999996,-14.637862499999926],[-44.96232509999993,-14.631851499999982],[-44.98059719999998,-14.643503199999941],[-44.97393899999997,-14.652103599999975],[-44.98338239999998,-14.651841699999977],[-44.985933899999964,-14.662133799999935],[-44.99663769999995,-14.658844999999928],[-44.99574789999997,-14.667815399999938],[-45.03951139999998,-14.67985109999995],[-45.03915889999996,-14.690089599999965],[-45.045005799999956,-14.695942699999932],[-45.047693799999934,-14.69053699999995],[-45.06507179999994,-14.730865799999947],[-45.082772699999964,-14.748766699999976],[-45.13628959999994,-14.74741679999994],[-45.16360409999993,-14.732384499999966],[-45.18960539999995,-14.742445299999929],[-45.191298899999936,-14.749711799999943],[-45.205573699999945,-14.744738899999959],[-45.24196189999998,-14.78652889999995],[-45.258713299999954,-14.789522199999965],[-45.26309509999993,-14.802204699999947],[-45.27118369999994,-14.798822799999982],[-45.27441169999997,-14.811501699999951],[-45.28874079999997,-14.818109099999958],[-45.28568949999993,-14.832477799999936],[-45.30173849999994,-14.828317899999945],[-45.31016099999994,-14.836691099999939],[-45.316436299999964,-14.83136909999996],[-45.31642039999997,-14.851255199999969],[-45.35287169999998,-14.864105699999982],[-45.35194009999998,-14.87608279999995],[-45.363975799999935,-14.87169549999993],[-45.37209629999995,-14.880952199999967],[-45.37074309999997,-14.894132099999979],[-45.39979639999996,-14.91750129999997],[-45.42104519999998,-14.926584799999944],[-45.434468799999934,-14.921751099999938],[-45.45599429999993,-14.954260699999963],[-45.46985189999998,-14.950054499999965],[-45.490051499999936,-14.960762699999975],[-45.498491599999966,-14.946381599999938],[-45.52069639999996,-14.953557399999966],[-45.53472899999997,-14.938257599999929],[-45.56673939999996,-14.944852999999966],[-45.56705069999998,-14.956495299999972],[-45.58677749999998,-14.978155499999957],[-45.59348369999998,-14.975501299999962],[-45.615946099999974,-15.013588399999946],[-45.634758799999986,-15.023679399999935],[-45.64353379999994,-15.01670009999998],[-45.64617419999996,-15.032060299999955],[-45.64733369999993,-15.023413699999935],[-45.65705859999997,-15.027349299999969],[-45.655818899999986,-15.048529999999971],[-45.67481189999995,-15.080542599999944],[-45.693890599999975,-15.08421199999998],[-45.69717879999996,-15.092960199999936],[-45.717037999999945,-15.093909899999971],[-45.72218419999996,-15.112771899999927],[-45.751109499999984,-15.122582199999954],[-45.78928069999995,-15.112727999999947],[-45.80172159999995,-15.119063099999948],[-45.81166549999995,-15.112837799999966],[-45.825390599999935,-15.116376499999944],[-45.83499819999997,-15.137362399999972],[-45.858834799999954,-15.144376999999963],[-45.87124699999998,-15.158810899999935],[-45.918724699999984,-15.133369699999946],[-45.953749699999946,-15.139529099999947],[-45.97247009999995,-15.154716299999961],[-45.98450529999997,-15.195960999999954],[-46.02952369999997,-15.201808299999982],[-46.05594499999995,-15.26181239999994],[-46.077081799999974,-15.264681799999948],[-46.08125089999993,-15.248515699999928],[-46.09708829999994,-15.243111299999953],[-46.09881729999995,-15.216785799999968],[-46.11891549999996,-15.202078299999982],[-46.119245399999954,-15.192226799999958],[-46.09769319999998,-15.192612499999939],[-46.078723099999934,-15.17550609999995],[-46.05428059999997,-15.171969499999932],[-46.04344979999996,-15.146174199999962],[-46.05047059999998,-15.132989099999975],[-46.04372019999994,-15.118129599999975],[-46.028476599999976,-15.11411019999997],[-46.018497199999956,-15.08130129999995],[-45.975005599999974,-15.036877799999957],[-45.97852149999994,-14.998580199999935],[-45.96625349999994,-14.977067599999941],[-45.97174809999996,-14.949122999999929],[-46.00731339999993,-14.925842099999954],[-46.00387999999998,-14.902289799999949],[-46.03757489999998,-14.874656199999947],[-45.997659899999974,-14.824216299999932],[-45.96420649999993,-14.810931799999935],[-45.94326049999995,-14.780236599999967],[-45.885921199999984,-14.731266399999981],[-45.858583099999976,-14.696385999999961],[-45.74664219999994,-14.601164599999947],[-45.727864899999986,-14.571391499999947],[-45.684018299999934,-14.54788439999993],[-45.67411729999998,-14.518469099999948],[-45.62343379999993,-14.504342299999962],[-45.608623199999954,-14.478054099999952],[-45.58205289999995,-14.452590699999973],[-45.55908479999994,-14.442481199999975],[-45.54150489999995,-14.414260799999965],[-45.49653039999998,-14.377838699999927],[-45.49482919999997,-14.358401399999934],[-45.48152139999996,-14.34619209999994],[-45.44953779999997,-14.328517199999965],[-45.42511969999998,-14.329516999999953],[-45.41130459999994,-14.298492599999975],[-45.39789539999998,-14.294210699999951],[-45.37481799999995,-14.257258799999931],[-45.333827499999984,-14.245939799999974],[-45.317822999999976,-14.225333899999953],[-45.30454789999993,-14.224654099999952],[-45.301918899999976,-14.209101999999973],[-45.26387099999994,-14.200105199999939],[-45.241527099999985,-14.17524579999997],[-45.21942699999994,-14.16749109999995],[-45.22192579999995,-14.154614099999947],[-45.20288949999997,-14.149647999999956],[-45.19151859999994,-14.12689899999998],[-45.159882599999946,-14.12532619999996],[-45.12502049999995,-14.11086709999995],[-45.10685369999993,-14.118950299999938],[-45.09996639999997,-14.098079999999982],[-45.07535969999998,-14.07623179999996],[-45.049149099999966,-14.073616499999957],[-45.04208289999997,-14.061185099999932],[-45.01495819999997,-14.053991999999937],[-45.01066529999997,-14.046311999999944],[-44.95056669999997,-14.032458199999951],[-44.94045079999995,-14.013328799999954],[-44.923564899999974,-14.014628799999969],[-44.908626899999945,-13.990896999999961],[-44.899424599999975,-13.936572499999954],[-44.904486599999984,-13.925738999999965],[-44.88757489999995,-13.92220709999998],[-44.86536319999993,-13.903564699999947],[-44.86794249999997,-13.89378389999996],[-44.86012629999993,-13.89654829999995],[-44.857168599999966,-13.884908099999961],[-44.84302369999995,-13.882146899999952],[-44.83393739999997,-13.853423499999963],[-44.82175529999995,-13.850255999999945],[-44.80830959999997,-13.829215999999974],[-44.79325529999994,-13.824657399999978],[-44.77439469999996,-13.83538729999998],[-44.749526799999956,-13.865859299999954],[-44.726031399999954,-13.871182399999952],[-44.71195289999997,-13.889211399999965],[-44.662105699999984,-13.891518299999973],[-44.483172999999965,-14.024727599999949],[-44.37959429999995,-14.044399899999974],[-44.39080059999998,-14.075642499999958],[-44.42640639999996,-14.081642199999976],[-44.41956289999996,-14.119553699999926],[-44.42963789999993,-14.123287299999959],[-44.430200199999945,-14.140860199999963],[-44.444218699999965,-14.14094689999996],[-44.453422899999964,-14.155959799999948],[-44.438066799999945,-14.16262219999993],[-44.445631599999956,-14.16979809999998],[-44.43653899999998,-14.173964799999965],[-44.44453439999995,-14.176464799999962],[-44.44007499999998,-14.188476399999956],[-44.46168369999998,-14.194450399999937]]]}},{"id":"1927","type":"Feature","properties":{"COD_IBGE":"2908200","MUNICIPIO":"Conceição da Feira","UF":"BA"},"geometry":{"type":"Polygon","coordinates":[[[-38.92191429999997,-12.494407799999976],[-38.91632729999998,-12.480421199999967],[-38.89793739999993,-12.488720099999966],[-38.905708699999934,-12.497217099999943],[-38.87769579999997,-12.51039179999998],[-38.880809399999976,-12.522507299999972],[-38.89030109999993,-12.515381799999943],[-38.91064119999993,-12.51789999999994],[-38.98288919999993,-12.551689299999964],[-38.979367999999965,-12.56504899999993],[-39.004452199999946,-12.563491099999965],[-39.007307699999956,-12.569145299999946],[-39.026192099999946,-12.551863999999966],[-39.05752389999998,-12.540961299999935],[-39.07348909999996,-12.50243759999995],[-39.08851029999994,-12.495727299999942],[-39.06724399999996,-12.452868899999942],[-39.030084199999976,-12.439663499999938],[-39.00800369999996,-12.471834999999942],[-38.96852259999997,-12.47049919999995],[-38.92191429999997,-12.494407799999976]]]}},{"id":"1928","type":"Feature","properties":{"COD_IBGE":"2908309","MUNICIPIO":"Conceição do Almeida","UF":"BA"},"geometry":{"type":"Polygon","coordinates":[[[-39.11924559999994,-12.817364699999928],[-39.14935479999997,-12.826257899999973],[-39.184095199999945,-12.872670599999935],[-39.20219149999997,-12.875112799999954],[-39.20815189999996,-12.86376759999996],[-39.216849699999955,-12.864713399999971],[-39.22193469999996,-12.884482599999956],[-39.216043499999955,-12.90726589999997],[-39.22712119999994,-12.906696199999942],[-39.22636749999998,-12.942261899999949],[-39.25289029999993,-12.934850199999971],[-39.25253779999997,-12.947622699999954],[-39.26199619999994,-12.953611999999964],[-39.31404729999997,-12.944004599999971],[-39.32625809999996,-12.977365899999938],[-39.35623949999996,-12.919262599999968],[-39.34058619999996,-12.868116499999928],[-39.342850399999975,-12.828615099999979],[-39.32365139999996,-12.828228399999944],[-39.32241369999997,-12.819639699999982],[-39.297701899999936,-12.82178609999994],[-39.28515159999995,-12.842806499999938],[-39.26793379999998,-12.845372899999973],[-39.265061799999955,-12.834130499999958],[-39.22136059999997,-12.808438499999966],[-39.21970219999997,-12.787030899999934],[-39.19150749999994,-12.753646499999945],[-39.16523459999996,-12.758814599999937],[-39.14456359999997,-12.741234599999927],[-39.13809559999993,-12.776737699999956],[-39.11751179999993,-12.798488499999962],[-39.11924559999994,-12.817364699999928]]]}},{"id":"1929","type":"Feature","properties":{"COD_IBGE":"2908408","MUNICIPIO":"Conceição do Coité","UF":"BA"},"geometry":{"type":"Polygon","coordinates":[[[-39.23384539999995,-11.762340499999937],[-39.25316389999995,-11.752727799999946],[-39.36268959999995,-11.646792799999957],[-39.48640869999997,-11.60120029999996],[-39.43077089999997,-11.58241709999993],[-39.419209499999965,-11.564776199999926],[-39.34649979999995,-11.50640599999997],[-39.28522949999996,-11.374660799999958],[-39.274555299999975,-11.38307679999997],[-39.267610299999944,-11.378041499999938],[-39.27321469999998,-11.337020099999961],[-39.22730669999993,-11.339210399999956],[-39.233609799999954,-11.32313019999998],[-39.20545679999998,-11.273684499999945],[-39.20131619999995,-11.280097599999976],[-39.19308529999995,-11.270188299999973],[-39.179587099999935,-11.269540199999938],[-39.17124579999995,-11.280513499999927],[-39.15823769999997,-11.27037439999998],[-39.15524869999996,-11.282070399999952],[-39.12948599999993,-11.300062099999934],[-39.13652119999995,-11.32259879999998],[-39.124865899999975,-11.340153499999928],[-39.12924269999996,-11.35213189999996],[-39.11954259999993,-11.374139499999956],[-39.119521299999974,-11.406442099999936],[-39.12916979999994,-11.422127099999955],[-39.12526169999995,-11.434176799999932],[-39.14333849999997,-11.465930999999955],[-39.14076759999995,-11.493465999999955],[-39.15761889999993,-11.529096399999958],[-39.14589059999997,-11.537694899999963],[-39.145388399999945,-11.574059699999964],[-39.16105749999997,-11.622909599999957],[-39.15160079999998,-11.677764099999933],[-39.155417099999966,-11.686593099999982],[-39.178008699999964,-11.685497699999928],[-39.20810229999995,-11.711568899999975],[-39.23384539999995,-11.762340499999937]]]}},{"id":"1930","type":"Feature","properties":{"COD_IBGE":"2908507","MUNICIPIO":"Conceição do Jacuípe","UF":"BA"},"geometry":{"type":"Polygon","coordinates":[[[-38.77520199999998,-12.364175799999941],[-38.83354879999996,-12.368256499999973],[-38.84868789999996,-12.349988899999971],[-38.82975719999996,-12.352157099999943],[-38.81579789999995,-12.337658199999964],[-38.79896009999993,-12.337012399999935],[-38.78566079999996,-12.324848299999928],[-38.79191659999998,-12.312286699999959],[-38.773148599999956,-12.310054399999956],[-38.76746129999998,-12.295452199999943],[-38.748711499999956,-12.290053999999941],[-38.74548479999993,-12.281207799999947],[-38.723566699999935,-12.284794699999964],[-38.72293109999998,-12.298990899999978],[-38.711387299999956,-12.312076999999931],[-38.70443769999997,-12.304309699999976],[-38.68695429999997,-12.304169099999967],[-38.677323599999966,-12.317021699999941],[-38.682813899999985,-12.328760599999953],[-38.65532379999996,-12.367876499999966],[-38.65629269999994,-12.373113199999977],[-38.77520199999998,-12.364175799999941]]]}},{"id":"1931","type":"Feature","properties":{"COD_IBGE":"2908606","MUNICIPIO":"Conde","UF":"BA"},"geometry":{"type":"Polygon","coordinates":[[[-37.61091309999995,-11.665143399999977],[-37.55686599999996,-11.705596699999944],[-37.53438219999998,-11.700240699999938],[-37.53460559999996,-11.709888399999954],[-37.520681199999956,-11.711543699999936],[-37.52902279999995,-11.735815099999968],[-37.52448099999998,-11.742120299999954],[-37.541719899999975,-11.755292699999927],[-37.54072199999996,-11.77220699999998],[-37.51309679999997,-11.742814799999962],[-37.610104099999944,-11.955666299999962],[-37.68572469999998,-12.098981099999946],[-37.69342009999997,-12.084313099999974],[-37.68794059999993,-12.07870429999997],[-37.700616399999944,-12.072777199999962],[-37.701693999999975,-12.063098899999943],[-37.72068589999998,-12.049608199999966],[-37.732604899999956,-12.052032199999928],[-37.72150329999994,-12.018444399999964],[-37.74817479999996,-12.00672789999993],[-37.73975279999996,-11.975003299999969],[-37.76265829999994,-11.965227499999969],[-37.73808359999998,-11.907882299999926],[-37.74343129999994,-11.89310039999998],[-37.764283399999954,-11.870294199999933],[-37.77715999999998,-11.867420699999968],[-37.77487409999998,-11.857159499999966],[-37.79461549999996,-11.847345399999938],[-37.80068309999996,-11.82751019999995],[-37.86371719999994,-11.770292199999972],[-37.86536169999994,-11.761093099999925],[-37.85100629999994,-11.766782699999965],[-37.838377899999955,-11.75985339999994],[-37.83271169999995,-11.740197699999953],[-37.79260009999996,-11.730350899999962],[-37.775315699999965,-11.702082899999937],[-37.727224699999965,-11.726147399999945],[-37.735515599999985,-11.720844899999975],[-37.73100419999997,-11.711802999999975],[-37.73821039999996,-11.68774899999994],[-37.74845849999997,-11.67859429999993],[-37.750985499999956,-11.641917899999953],[-37.74077719999997,-11.629389699999933],[-37.713468399999954,-11.63272319999993],[-37.67142679999995,-11.671535199999937],[-37.65074849999996,-11.670525599999962],[-37.641349799999944,-11.660394899999972],[-37.61091309999995,-11.665143399999977]]]}},{"id":"1932","type":"Feature","properties":{"COD_IBGE":"2908705","MUNICIPIO":"Condeúba","UF":"BA"},"geometry":{"type":"Polygon","coordinates":[[[-41.927260099999955,-14.913230599999963],[-41.93042209999993,-14.92506409999993],[-41.923091599999964,-14.92790789999998],[-41.931636399999945,-14.945685099999935],[-41.978637799999944,-14.990057299999933],[-41.974224299999946,-15.030620099999965],[-41.98564989999994,-15.06643779999996],[-42.01023349999997,-15.091609399999982],[-42.03167209999998,-15.09953969999998],[-42.070063699999935,-15.140787699999976],[-42.048522299999945,-15.17073449999998],[-42.093847799999935,-15.18554899999998],[-42.11630619999994,-15.144120099999952],[-42.149906699999974,-15.120349499999975],[-42.15334729999995,-15.09935889999997],[-42.173319799999945,-15.085953999999958],[-42.19259909999994,-15.103118399999971],[-42.21639369999997,-15.105631999999957],[-42.22743109999993,-15.099266399999976],[-42.26479649999993,-15.12517859999997],[-42.284331399999985,-15.105107199999964],[-42.293056699999966,-15.08692119999995],[-42.278608599999984,-15.05495129999997],[-42.22534109999998,-15.04584749999998],[-42.208703999999955,-15.021752399999968],[-42.20245909999994,-15.00027369999998],[-42.23669659999996,-14.960555799999952],[-42.239025399999946,-14.942213999999979],[-42.19792469999993,-14.85754959999997],[-42.17500409999997,-14.833841099999972],[-42.17642349999994,-14.82205769999996],[-42.13514089999995,-14.811259599999971],[-42.12169769999997,-14.820097999999973],[-42.096200599999975,-14.819306199999971],[-42.06487859999993,-14.850327599999957],[-42.05456869999995,-14.842536399999972],[-42.046485099999984,-14.805040299999973],[-42.05651829999994,-14.780368799999962],[-42.05078739999993,-14.749655399999938],[-42.06885149999994,-14.718448299999977],[-42.05076769999994,-14.702930099999946],[-42.05295789999997,-14.677491199999963],[-42.03758499999998,-14.663043799999969],[-41.997879799999964,-14.66024909999993],[-42.00788869999997,-14.680164999999931],[-41.970156799999984,-14.69632269999994],[-41.96416919999996,-14.708612099999982],[-41.92664209999998,-14.704204299999958],[-41.92530439999996,-14.740165199999979],[-41.90101529999998,-14.738918499999954],[-41.895804699999985,-14.752259399999957],[-41.87630729999995,-14.761356499999977],[-41.868395599999985,-14.779321399999958],[-41.82762349999996,-14.796388099999945],[-41.815317999999934,-14.850841399999979],[-41.80634239999995,-14.861243099999967],[-41.80981929999996,-14.879474699999946],[-41.84504069999997,-14.898079799999948],[-41.855574099999956,-14.888831299999936],[-41.86531149999996,-14.899589899999967],[-41.87133609999995,-14.893288199999972],[-41.87646079999996,-14.897426199999927],[-41.88198449999993,-14.887289499999952],[-41.88084779999997,-14.895038299999953],[-41.88899539999994,-14.890115599999945],[-41.89911979999994,-14.90614729999993],[-41.927260099999955,-14.913230599999963]]]}},{"id":"1933","type":"Feature","properties":{"COD_IBGE":"2908804","MUNICIPIO":"Contendas do Sincorá","UF":"BA"},"geometry":{"type":"Polygon","coordinates":[[[-41.12131249999993,-14.035202399999946],[-41.15065529999998,-13.96723609999998],[-41.17074299999996,-13.967313399999966],[-41.17463269999996,-13.939664299999947],[-41.18595819999996,-13.941970499999968],[-41.215666899999974,-13.910170299999947],[-41.22200079999993,-13.814001799999971],[-41.20514459999998,-13.821398999999928],[-41.23842089999994,-13.782344099999932],[-41.24152699999996,-13.73941549999995],[-41.234259099999974,-13.715134599999942],[-41.19112459999997,-13.695190099999934],[-41.17920349999997,-13.671920099999966],[-41.15472639999996,-13.675986399999942],[-41.10596099999998,-13.625631599999963],[-41.053060899999934,-13.60911699999997],[-41.03246249999995,-13.625988599999971],[-41.04053709999994,-13.644237099999941],[-41.02687679999997,-13.65034339999994],[-41.032609399999956,-13.66052209999998],[-41.01809519999995,-13.672522799999967],[-41.02812129999995,-13.676454399999955],[-41.026025499999946,-13.687941499999965],[-41.031848399999944,-13.688389899999947],[-41.02480319999995,-13.701177399999949],[-41.02692489999998,-13.713080099999956],[-41.03367609999998,-13.713792799999965],[-41.024568099999954,-13.734556399999974],[-41.03139429999993,-13.746259399999929],[-41.02462029999998,-13.74806019999994],[-41.04297409999998,-13.767863499999976],[-41.01123439999998,-13.794636399999945],[-40.99094199999996,-13.792222299999935],[-40.99342539999998,-13.811663099999976],[-40.98240219999997,-13.838099799999952],[-40.97200639999994,-13.84476369999993],[-40.96371379999994,-13.84004049999993],[-40.96349349999997,-13.852352999999937],[-40.94949249999996,-13.858206399999972],[-40.95420859999996,-13.863927399999966],[-40.946454899999935,-13.879502999999943],[-40.921357099999966,-13.891012599999954],[-40.93584169999997,-13.897799199999952],[-40.92716389999998,-13.904831299999955],[-40.91386679999994,-13.901264899999944],[-40.91043159999998,-13.91151519999994],[-40.924641099999974,-13.920726599999966],[-40.95036579999993,-13.906567199999927],[-40.963027599999975,-13.921060999999952],[-40.960028299999976,-13.93809529999993],[-40.98238509999993,-13.946261899999968],[-40.97564709999995,-13.956911199999979],[-40.98249019999997,-13.96602729999995],[-40.97956929999998,-13.979436499999963],[-41.00156629999998,-14.008942099999956],[-40.97785849999997,-14.023595899999975],[-41.002299799999946,-14.04577489999997],[-41.03013619999996,-14.04940449999998],[-41.06790769999998,-14.026371099999949],[-41.12131249999993,-14.035202399999946]]]}},{"id":"1934","type":"Feature","properties":{"COD_IBGE":"2908903","MUNICIPIO":"Coração de Maria","UF":"BA"},"geometry":{"type":"Polygon","coordinates":[[[-38.74219569999997,-12.16577669999998],[-38.73302019999994,-12.155390799999964],[-38.65816229999996,-12.192903199999932],[-38.659357399999976,-12.205038299999956],[-38.678461099999936,-12.220686999999941],[-38.698383099999944,-12.27871399999998],[-38.68975269999993,-12.303373799999974],[-38.711387299999956,-12.312076999999931],[-38.72293109999998,-12.298990899999978],[-38.723566699999935,-12.284794699999964],[-38.745564799999954,-12.281228599999963],[-38.748711499999956,-12.290053999999941],[-38.76746129999998,-12.295452199999943],[-38.773148599999956,-12.310054399999956],[-38.78811839999997,-12.308712699999944],[-38.78576829999997,-12.32505999999995],[-38.81009639999996,-12.33877289999998],[-38.84910929999995,-12.289750699999956],[-38.851178699999934,-12.26969669999994],[-38.838538599999936,-12.262207199999978],[-38.84155469999996,-12.243616999999972],[-38.850654299999974,-12.24074909999996],[-38.857172299999945,-12.225284099999953],[-38.855056899999965,-12.192901799999959],[-38.866208599999936,-12.191168399999981],[-38.86750829999994,-12.176549699999953],[-38.88265839999997,-12.160710699999981],[-38.88132799999994,-12.13234319999998],[-38.89183769999994,-12.116470499999934],[-38.87403159999997,-12.095748899999933],[-38.85511139999994,-12.10554849999994],[-38.803580299999965,-12.110939899999948],[-38.79571859999993,-12.105140999999946],[-38.76333069999998,-12.118755499999963],[-38.75285469999994,-12.14088049999998],[-38.75243329999995,-12.165216399999963],[-38.74219569999997,-12.16577669999998]]]}},{"id":"1935","type":"Feature","properties":{"COD_IBGE":"2909000","MUNICIPIO":"Cordeiros","UF":"BA"},"geometry":{"type":"Polygon","coordinates":[[[-41.828044499999976,-15.051989399999968],[-41.80905279999996,-15.079069299999958],[-41.81564599999996,-15.108042099999977],[-41.87043059999996,-15.115180099999975],[-41.88026919999993,-15.137350399999946],[-41.89703879999996,-15.151899299999968],[-41.92662739999997,-15.160791299999971],[-41.93253649999997,-15.17450169999995],[-41.98779349999995,-15.168328899999949],[-41.99469159999995,-15.158874499999968],[-42.048522299999945,-15.17073449999998],[-42.06983749999995,-15.141717599999936],[-42.03167209999998,-15.09953969999998],[-42.01023349999997,-15.091609399999982],[-41.98564989999994,-15.06643779999996],[-41.974224299999946,-15.030620099999965],[-41.978637799999944,-14.990057299999933],[-41.931636399999945,-14.945685099999935],[-41.923091599999964,-14.92790789999998],[-41.93042209999993,-14.92506409999993],[-41.927260099999955,-14.913230599999963],[-41.89911979999994,-14.90614729999993],[-41.88899539999994,-14.890115599999945],[-41.88084779999997,-14.895038299999953],[-41.88198449999993,-14.887289499999952],[-41.865716599999985,-14.899605599999973],[-41.855808999999965,-14.888828399999966],[-41.84504069999997,-14.898079799999948],[-41.82979739999996,-14.892676199999926],[-41.81729509999997,-14.916304799999978],[-41.79357569999996,-14.925100199999974],[-41.79464249999995,-14.939564399999938],[-41.781841199999974,-14.960145599999976],[-41.78744229999995,-14.989499699999953],[-41.80249669999995,-14.990724799999953],[-41.80822759999995,-15.00632289999993],[-41.825126799999964,-14.997530799999936],[-41.83747619999997,-15.018232099999977],[-41.815791599999955,-15.035513199999968],[-41.78884679999993,-15.041568499999926],[-41.825647799999956,-15.045127099999945],[-41.828044499999976,-15.051989399999968]]]}},{"id":"1936","type":"Feature","properties":{"COD_IBGE":"2909109","MUNICIPIO":"Coribe","UF":"BA"},"geometry":{"type":"Polygon","coordinates":[[[-44.35258459999994,-14.047968799999978],[-44.46780449999994,-14.032441399999982],[-44.49158509999995,-14.020215699999937],[-44.66295979999995,-13.89104569999995],[-44.71195289999997,-13.889211399999965],[-44.726031399999954,-13.871182399999952],[-44.748990499999934,-13.866262899999981],[-44.76641089999998,-13.840908099999979],[-44.79635079999997,-13.825160399999959],[-44.79902949999996,-13.800593999999933],[-44.777689099999975,-13.78491459999998],[-44.72211379999993,-13.765252799999928],[-44.714369499999975,-13.750194999999962],[-44.69761349999993,-13.752385899999979],[-44.67116139999996,-13.735522899999978],[-44.67659779999997,-13.729349899999931],[-44.65536559999998,-13.72376689999993],[-44.651088399999935,-13.731690199999946],[-44.63819059999997,-13.712403799999947],[-44.59534559999997,-13.703876099999945],[-44.58857889999996,-13.684343099999978],[-44.58019219999994,-13.688210499999968],[-44.57052399999998,-13.673202099999969],[-44.541976999999974,-13.67727999999994],[-44.501949699999955,-13.66639639999994],[-44.500189999999975,-13.656380899999931],[-44.46656969999998,-13.644084899999939],[-44.45315509999995,-13.625076299999932],[-44.42530289999996,-13.622348099999954],[-44.38049909999995,-13.595233699999937],[-44.349361399999964,-13.59880389999995],[-44.349389299999984,-13.588575099999957],[-44.326945499999965,-13.58115609999993],[-44.315985499999954,-13.559447499999976],[-44.31081799999998,-13.56493249999994],[-44.308960499999955,-13.55661669999995],[-44.28529809999998,-13.555503399999964],[-44.27700219999997,-13.518190299999958],[-44.25327119999997,-13.510986599999967],[-44.239331799999945,-13.588623299999938],[-44.188166799999976,-13.658222399999943],[-44.180127599999935,-13.684043799999927],[-44.14429579999995,-13.689722599999982],[-44.06283469999994,-13.757996599999956],[-44.01950899999997,-13.806628499999931],[-44.021291099999985,-13.812794399999973],[-44.03288029999993,-13.803917299999966],[-44.01659009999997,-13.825411699999961],[-44.02751489999997,-13.83065629999993],[-44.02658319999995,-13.835777399999927],[-44.00527109999996,-13.829124799999931],[-44.00354039999996,-13.84342769999995],[-44.01348399999995,-13.843288899999948],[-44.00958859999997,-13.853312599999981],[-44.02796589999997,-13.855702599999972],[-44.023242599999946,-13.86347859999995],[-44.034321699999964,-13.869752699999935],[-44.02723999999995,-13.879998599999965],[-44.031766699999935,-13.88900179999996],[-44.03992409999995,-13.886909799999955],[-44.04820589999997,-13.866376199999934],[-44.072861399999965,-13.869505499999946],[-44.05547919999998,-13.87411789999993],[-44.04942029999995,-13.897744399999965],[-44.03124159999993,-13.89773109999993],[-44.02943819999996,-13.907712199999935],[-44.03762829999994,-13.903835999999956],[-44.055566099999965,-13.916124899999943],[-44.05228889999995,-13.930657499999938],[-44.058816899999954,-13.924283999999943],[-44.06745319999993,-13.928589199999976],[-44.05791949999997,-13.947309899999937],[-44.07033409999997,-13.942808599999978],[-44.07205469999997,-13.95025419999996],[-44.07466089999997,-13.937326699999971],[-44.085536299999944,-13.93861529999998],[-44.07929059999998,-13.926994299999933],[-44.08467049999996,-13.914490999999941],[-44.07714969999995,-13.91459969999994],[-44.08320139999995,-13.905607999999972],[-44.09177059999996,-13.907881199999963],[-44.09052379999997,-13.925801299999932],[-44.09811609999997,-13.926750399999946],[-44.11079489999997,-13.94868379999997],[-44.102002599999935,-13.962463499999956],[-44.110082699999964,-13.972397899999976],[-44.101071599999955,-13.974302699999953],[-44.10725099999996,-13.985090999999954],[-44.154848999999956,-13.949702599999966],[-44.18795499999993,-13.944274499999949],[-44.185482099999945,-13.935925999999938],[-44.19727389999997,-13.926539399999967],[-44.23160619999993,-13.942669999999964],[-44.22959359999993,-13.95824719999996],[-44.25283399999995,-13.971633699999927],[-44.250203099999965,-13.99332359999994],[-44.26880569999997,-14.005524799999932],[-44.278743099999986,-14.032382799999937],[-44.35258459999994,-14.047968799999978]]]}},{"id":"1937","type":"Feature","properties":{"COD_IBGE":"2909208","MUNICIPIO":"Coronel João Sá","UF":"BA"},"geometry":{"type":"Polygon","coordinates":[[[-37.954086099999984,-10.406790499999943],[-37.96675639999995,-10.393882899999937],[-37.98220259999994,-10.400074299999972],[-38.00117149999994,-10.375338299999953],[-38.017207499999984,-10.37646929999994],[-38.02099089999996,-10.38484399999993],[-38.03075839999997,-10.37211579999996],[-38.03873889999994,-10.377652699999942],[-38.03746639999997,-10.340623999999934],[-38.054734199999984,-10.32763289999997],[-38.058993699999974,-10.31101209999997],[-38.05091629999998,-10.294324199999949],[-38.06122319999997,-10.287946399999953],[-38.05379149999993,-10.28579949999994],[-38.05489249999994,-10.27633099999997],[-38.07061609999994,-10.275326199999938],[-38.061168899999984,-10.261875199999963],[-38.07246749999996,-10.245053999999982],[-38.064913599999954,-10.234624599999961],[-38.08333689999995,-10.229209099999935],[-38.09369819999995,-10.24589119999996],[-38.09822409999998,-10.237390799999957],[-38.08794779999994,-10.228567599999963],[-38.104790399999956,-10.222988499999929],[-38.10953609999996,-10.208708299999955],[-38.08971729999996,-10.147915499999954],[-38.044114399999955,-10.14121689999996],[-38.01804519999996,-10.123482699999954],[-37.96530519999993,-10.146660499999939],[-37.95142469999996,-10.161601099999928],[-37.917151299999944,-10.16200509999993],[-37.83628479999993,-10.229560799999945],[-37.79301039999996,-10.246914199999935],[-37.781361999999945,-10.27591259999997],[-37.745124799999985,-10.31358389999997],[-37.743312799999956,-10.338390699999934],[-37.78515539999995,-10.345569499999954],[-37.79899709999995,-10.36338539999997],[-37.839088199999935,-10.378854699999977],[-37.833095399999934,-10.38533949999993],[-37.841100799999936,-10.390163599999937],[-37.83754149999993,-10.401101499999982],[-37.85310899999996,-10.40627749999993],[-37.852754999999945,-10.425189799999941],[-37.859609199999966,-10.427119799999957],[-37.84773179999996,-10.443491699999981],[-37.87880089999993,-10.440283399999942],[-37.908898499999964,-10.448682599999927],[-37.915336399999944,-10.440545199999974],[-37.90747899999997,-10.432934199999977],[-37.92204929999997,-10.422737199999972],[-37.92051309999994,-10.413075999999933],[-37.935280999999975,-10.410464199999979],[-37.93428549999993,-10.395884599999931],[-37.95430279999994,-10.397690299999965],[-37.954086099999984,-10.406790499999943]]]}},{"id":"1938","type":"Feature","properties":{"COD_IBGE":"2909307","MUNICIPIO":"Correntina","UF":"BA"},"geometry":{"type":"Polygon","coordinates":[[[-44.584734699999956,-13.240629599999977],[-44.57507209999994,-13.243515999999943],[-44.575613199999964,-13.257806499999958],[-44.56038349999994,-13.27394019999997],[-44.563285399999984,-13.300567599999965],[-44.55216109999998,-13.322631199999933],[-44.558899199999985,-13.33107769999998],[-44.54589409999994,-13.335662699999943],[-44.545495399999936,-13.349881799999935],[-44.523221699999965,-13.355678499999954],[-44.51443809999995,-13.371120599999927],[-44.49282819999996,-13.371369099999981],[-44.48194669999998,-13.38332429999997],[-44.45382349999994,-13.379977399999973],[-44.45118609999997,-13.38704359999997],[-44.42693429999997,-13.369489699999974],[-44.42130109999994,-13.38548469999995],[-44.38979029999996,-13.382673799999964],[-44.369649799999934,-13.397473099999957],[-44.33859959999995,-13.392658499999982],[-44.329376099999934,-13.409511899999927],[-44.337751399999945,-13.416019699999936],[-44.35260989999995,-13.411391799999933],[-44.354818999999964,-13.418051399999968],[-44.365065899999934,-13.408011899999963],[-44.37034909999994,-13.418677499999944],[-44.38182459999996,-13.40869639999994],[-44.38228619999995,-13.417811799999981],[-44.39610709999994,-13.417481799999962],[-44.39558169999998,-13.421870399999932],[-44.398114299999975,-13.425259099999948],[-44.40187469999995,-13.428623499999958],[-44.416419099999985,-13.425050799999951],[-44.43096459999998,-13.431850199999928],[-44.43218839999997,-13.422067599999934],[-44.45446939999994,-13.417055999999945],[-44.46815239999995,-13.42650709999998],[-44.48209589999993,-13.422314299999982],[-44.49274559999998,-13.431123199999945],[-44.502641799999935,-13.467142599999931],[-44.51111409999993,-13.511104599999953],[-44.50653479999994,-13.518681199999946],[-44.543429999999944,-13.519658999999933],[-44.61589139999995,-13.540899899999943],[-44.64064909999996,-13.529732899999942],[-44.66806199999996,-13.534546299999931],[-44.72392079999997,-13.586019799999974],[-44.89249849999993,-13.671374699999944],[-45.11714559999996,-13.674453699999958],[-45.122562699999946,-13.665728999999942],[-45.12798509999993,-13.671039399999927],[-45.12161789999993,-13.673483099999942],[-45.137451399999975,-13.67919139999998],[-45.13440029999998,-13.68503069999997],[-45.14330169999994,-13.684412599999973],[-45.16493429999997,-13.702769299999943],[-45.18374129999995,-13.704857499999946],[-45.19490639999998,-13.721144699999968],[-45.24063719999998,-13.744945799999982],[-45.27608809999998,-13.739253799999972],[-45.28967799999998,-13.748558799999955],[-45.30195289999995,-13.734283799999957],[-45.33705429999998,-13.721226799999954],[-45.364562399999954,-13.736314199999981],[-45.43553609999998,-13.731391499999972],[-45.47974629999993,-13.738296299999945],[-45.52166009999996,-13.764718399999936],[-45.583723599999985,-13.768139799999972],[-45.61308719999994,-13.753220099999965],[-45.67429669999996,-13.738743799999952],[-45.70204009999998,-13.748899699999981],[-45.71445139999997,-13.762424599999974],[-45.73092929999996,-13.760045299999945],[-45.74502689999997,-13.771976799999948],[-45.76398389999997,-13.772951199999966],[-45.791345399999955,-13.797432999999955],[-45.80415379999994,-13.796359799999948],[-45.814958899999965,-13.813340899999957],[-45.82573229999997,-13.809846599999958],[-45.84500719999994,-13.825003899999956],[-45.86169649999994,-13.827322699999968],[-45.869330599999955,-13.838798899999972],[-45.88339609999997,-13.841613799999948],[-45.883266599999956,-13.851922999999942],[-45.90404229999996,-13.875019599999973],[-45.947721899999976,-13.884971999999948],[-45.95366789999997,-13.90105619999997],[-45.97492259999996,-13.899023899999975],[-45.99223609999996,-13.925631099999976],[-46.00531829999994,-13.926507999999956],[-46.01100199999996,-13.93643389999994],[-46.03064959999995,-13.934210699999937],[-46.04686369999996,-13.95191189999997],[-46.08813619999995,-13.954980999999975],[-46.091114199999936,-13.963071599999978],[-46.12168699999995,-13.977493999999979],[-46.16861149999994,-13.979697399999964],[-46.212120899999945,-14.010120399999948],[-46.22426049999996,-14.003607099999954],[-46.220065999999974,-13.975422799999933],[-46.253026699999964,-13.96953259999998],[-46.261915199999976,-13.954588599999965],[-46.26211639999997,-13.88931789999998],[-46.232474699999955,-13.848607399999935],[-46.249767299999974,-13.829625699999951],[-46.273630999999966,-13.828779699999927],[-46.26390369999996,-13.807395799999938],[-46.28149549999995,-13.795109499999967],[-46.22293679999996,-13.76540289999997],[-46.25103119999994,-13.73686639999994],[-46.262857199999985,-13.734817299999975],[-46.23560329999998,-13.709850199999948],[-46.24067279999997,-13.694429199999945],[-46.26363289999995,-13.691392999999948],[-46.23764109999996,-13.65212639999993],[-46.16274539999995,-13.603642099999945],[-46.167538899999954,-13.589733299999978],[-46.18725509999996,-13.575419299999965],[-46.23171919999993,-13.583213599999965],[-46.24745249999995,-13.578660399999933],[-46.23704369999996,-13.554908799999964],[-46.247257099999956,-13.52168869999997],[-46.22522759999998,-13.50302929999998],[-46.22682219999996,-13.48964159999997],[-46.237063699999965,-13.487150399999962],[-45.93414299999995,-13.297874699999966],[-45.84367899999995,-13.258417599999973],[-45.73094819999994,-13.234530599999971],[-45.68783719999993,-13.210127499999942],[-45.60863599999993,-13.184822099999963],[-45.55602049999993,-13.19218079999996],[-45.46361959999996,-13.15660859999997],[-45.42733909999998,-13.156975299999942],[-45.40281509999994,-13.167781799999943],[-45.368402799999956,-13.151896999999963],[-45.32388549999996,-13.14960229999997],[-45.293939999999964,-13.13396849999998],[-45.205344999999966,-13.127790699999935],[-45.129119199999934,-13.09244469999993],[-45.045939799999985,-13.070800299999974],[-44.971019199999944,-13.036600599999929],[-44.96435859999997,-13.041452999999933],[-44.930936799999984,-13.021599299999934],[-44.791035799999975,-12.98926369999998],[-44.778435599999966,-13.012573399999951],[-44.75604929999997,-13.01820129999993],[-44.74165459999995,-13.042030999999952],[-44.720474499999966,-13.05046649999997],[-44.71848899999998,-13.069763099999932],[-44.69797139999997,-13.094437899999946],[-44.702669999999955,-13.10113119999994],[-44.68681049999998,-13.129117099999974],[-44.670730599999956,-13.139847699999962],[-44.67459739999998,-13.148300099999972],[-44.660076699999934,-13.151143299999944],[-44.65318609999997,-13.167454799999973],[-44.62254849999994,-13.178223599999967],[-44.603945899999985,-13.20120879999996],[-44.60690979999998,-13.206708399999968],[-44.596708999999976,-13.208858199999952],[-44.59618539999997,-13.22584889999996],[-44.58405789999995,-13.228356799999972],[-44.584734699999956,-13.240629599999977]]]}},{"id":"1939","type":"Feature","properties":{"COD_IBGE":"2909406","MUNICIPIO":"Cotegipe","UF":"BA"},"geometry":{"type":"Polygon","coordinates":[[[-44.16523029999996,-12.063718299999948],[-44.16422279999995,-12.079406199999937],[-44.17437709999996,-12.090821199999937],[-44.25134809999997,-12.128219899999976],[-44.26818609999998,-12.120018799999968],[-44.27349409999994,-12.12771719999995],[-44.294812699999966,-12.126596999999947],[-44.30021039999997,-12.107413599999973],[-44.34539619999998,-12.102712899999972],[-44.34853979999997,-12.080544699999962],[-44.66330979999998,-11.747679399999981],[-44.653984399999956,-11.73808669999994],[-44.658041899999944,-11.731254799999931],[-44.64161359999997,-11.729472099999953],[-44.64870909999996,-11.71863419999994],[-44.641781899999955,-11.709257599999944],[-44.65122469999994,-11.691385799999978],[-44.66158369999994,-11.68793009999996],[-44.657413099999985,-11.678413199999966],[-44.667022299999985,-11.67850859999993],[-44.674954699999944,-11.660891099999958],[-44.685370399999954,-11.659608699999978],[-44.68537519999995,-11.407828299999949],[-44.67232359999997,-11.412571799999967],[-44.64579149999997,-11.405247299999928],[-44.55508549999996,-11.40283949999997],[-44.53133449999996,-11.41871279999998],[-44.515957399999934,-11.415953999999942],[-44.497612799999956,-11.399450499999944],[-44.474235599999986,-11.406934699999965],[-44.464237999999966,-11.388307999999938],[-44.436996799999974,-11.388297799999975],[-44.41804159999998,-11.363362699999982],[-44.41106109999998,-11.381033999999943],[-44.391637199999934,-11.396616499999936],[-44.39176199999997,-11.419152899999972],[-44.37956189999994,-11.41552239999993],[-44.37745369999993,-11.433753599999932],[-44.37133019999993,-11.433115099999952],[-44.37692119999997,-11.44324279999995],[-44.35143359999995,-11.44463909999996],[-44.34186989999995,-11.465057999999942],[-44.34349999999995,-11.479282699999942],[-44.34999949999997,-11.47813599999995],[-44.33850069999994,-11.493635799999936],[-44.334117599999956,-11.482845699999928],[-44.32122969999995,-11.488013799999976],[-44.30561929999993,-11.478119899999967],[-44.29911499999997,-11.485320399999978],[-44.28967099999994,-11.47195359999995],[-44.28479409999994,-11.48216599999995],[-44.27688879999994,-11.471937399999945],[-44.26305409999998,-11.478327399999955],[-44.25124619999997,-11.461741299999971],[-44.23802749999993,-11.471661499999982],[-44.225827799999934,-11.451784799999928],[-44.21524759999994,-11.469261399999937],[-44.20821029999996,-11.458953999999949],[-44.19517529999996,-11.460367499999961],[-44.19333179999995,-11.450146399999937],[-44.18267629999997,-11.45666129999995],[-44.17448669999993,-11.448945299999934],[-44.16805709999994,-11.457076599999937],[-44.14689969999995,-11.437928299999953],[-44.14818789999998,-11.43021699999997],[-44.11907549999995,-11.437783799999977],[-44.120583299999964,-11.418890199999964],[-44.090603399999964,-11.420248799999968],[-44.08726539999998,-11.427421599999946],[-44.080193399999985,-11.420595299999945],[-44.06768049999994,-11.439956999999936],[-44.05131849999998,-11.428883399999961],[-44.031889099999944,-11.444402799999978],[-44.03489399999995,-11.422203599999932],[-44.01983039999993,-11.427563899999939],[-44.010272499999985,-11.411117399999966],[-43.994884199999944,-11.422659099999976],[-43.98860199999996,-11.412389099999928],[-44.00024709999997,-11.397291399999972],[-43.973604199999954,-11.398002299999973],[-43.98595659999995,-11.381209599999977],[-43.95542939999996,-11.37704599999995],[-43.94566239999995,-11.364228799999978],[-43.926304899999934,-11.370412699999974],[-43.921221499999945,-11.346009799999933],[-43.91121199999998,-11.365071399999977],[-43.88989479999998,-11.364165799999967],[-43.87759859999994,-11.354073299999982],[-43.85561899999993,-11.365620099999944],[-43.83696379999998,-11.353056699999968],[-43.841643799999986,-11.376433599999928],[-43.87235369999996,-11.400996499999962],[-43.86804369999993,-11.42845449999993],[-43.877108599999985,-11.449376799999982],[-43.92013559999998,-11.445617099999936],[-43.927856099999985,-11.438152099999968],[-43.957002899999964,-11.445155799999952],[-43.95288739999995,-11.452801799999975],[-43.986783199999934,-11.478570999999931],[-43.986535199999935,-11.491270199999974],[-43.994010199999934,-11.496357099999955],[-43.99015549999996,-11.50726979999996],[-44.00228949999996,-11.51058039999998],[-44.00517419999994,-11.502957599999945],[-44.02558189999996,-11.499629299999981],[-44.035697099999936,-11.50808429999995],[-44.02924919999998,-11.52771759999996],[-44.036738199999945,-11.532720499999925],[-44.030583399999955,-11.53998189999993],[-44.03864409999994,-11.554923499999973],[-44.08171179999994,-11.559057999999936],[-44.08237719999994,-11.56930989999995],[-44.09076259999995,-11.564674799999977],[-44.086408999999946,-11.571772299999964],[-44.095950899999934,-11.582191399999942],[-44.08264159999993,-11.590039099999956],[-44.09285169999998,-11.614639199999942],[-44.10707199999996,-11.616243399999973],[-44.11277719999998,-11.601157999999941],[-44.107026099999985,-11.592019799999946],[-44.115919099999985,-11.596607399999925],[-44.11825589999995,-11.584677299999953],[-44.13313849999997,-11.59772659999993],[-44.13269079999998,-11.607859399999938],[-44.13709739999996,-11.597327899999982],[-44.15606169999995,-11.610580899999945],[-44.17069859999998,-11.655317199999956],[-44.16327469999993,-11.674761099999955],[-44.167665099999965,-11.687212999999929],[-44.15516569999994,-11.687691899999948],[-44.16247219999997,-11.690238099999931],[-44.16407039999996,-11.706186799999955],[-44.14921399999997,-11.702104599999927],[-44.148821699999985,-11.719670699999938],[-44.156263699999954,-11.723185899999976],[-44.149237899999946,-11.736551899999938],[-44.11857329999998,-11.743406099999959],[-44.11291709999995,-11.755657499999927],[-44.10225719999994,-11.758741099999952],[-44.086058099999946,-11.752830199999948],[-44.06233679999997,-11.765317699999969],[-44.05025049999995,-11.761833399999944],[-44.03577549999994,-11.81102859999993],[-44.01977549999998,-11.803485999999964],[-44.006572999999946,-11.816583099999946],[-44.01633839999994,-11.844290099999967],[-44.00889619999998,-11.87437749999998],[-44.01378269999998,-11.897950499999979],[-44.048451899999975,-11.959162999999933],[-44.05027309999997,-11.99303059999994],[-44.072392899999954,-12.01827499999996],[-44.111951499999975,-12.032540299999937],[-44.11367819999998,-12.046396499999958],[-44.13064079999998,-12.066148999999939],[-44.16523029999996,-12.063718299999948]]]}},{"id":"1940","type":"Feature","properties":{"COD_IBGE":"2909505","MUNICIPIO":"Cravolândia","UF":"BA"},"geometry":{"type":"Polygon","coordinates":[[[-39.84676609999997,-13.437871399999949],[-39.87735639999994,-13.391325499999937],[-39.81258079999998,-13.337003599999946],[-39.77935739999998,-13.37455719999997],[-39.77052299999997,-13.366293199999973],[-39.740984399999945,-13.381191099999967],[-39.74208319999997,-13.413085899999942],[-39.72308689999994,-13.413368099999957],[-39.71060259999996,-13.45610629999993],[-39.72943529999998,-13.48951889999995],[-39.70872399999996,-13.497503999999935],[-39.695909599999936,-13.515469999999937],[-39.70660499999997,-13.520047699999964],[-39.72645539999996,-13.503194999999948],[-39.74430529999995,-13.503309899999977],[-39.77287869999998,-13.517689099999927],[-39.77157129999995,-13.483456299999943],[-39.785299399999985,-13.476890699999956],[-39.79014829999994,-13.459850999999958],[-39.84676609999997,-13.437871399999949]]]}},{"id":"1941","type":"Feature","properties":{"COD_IBGE":"2909604","MUNICIPIO":"Crisópolis","UF":"BA"},"geometry":{"type":"Polygon","coordinates":[[[-38.09880819999995,-11.442053199999975],[-38.04850069999998,-11.497345499999938],[-38.055518699999936,-11.529916999999955],[-37.98009399999995,-11.594613099999947],[-38.03346319999997,-11.604129099999966],[-38.033946699999944,-11.593962399999953],[-38.05205319999993,-11.583352199999979],[-38.066813999999965,-11.589508399999943],[-38.06281119999994,-11.611565799999937],[-38.07772699999998,-11.606540099999961],[-38.08954449999993,-11.618611399999963],[-38.104354599999965,-11.61855739999993],[-38.10979249999997,-11.611756999999955],[-38.117524499999945,-11.617086099999938],[-38.14909159999996,-11.608948299999952],[-38.15420949999998,-11.635547899999949],[-38.22352289999998,-11.64131889999993],[-38.24601299999995,-11.625533599999926],[-38.27442839999998,-11.647442599999977],[-38.27975819999995,-11.63861369999995],[-38.30170819999995,-11.635861699999964],[-38.263832599999944,-11.423964999999953],[-38.23873499999996,-11.372081799999933],[-38.219509399999936,-11.355146199999979],[-38.207430399999964,-11.352182899999946],[-38.17928439999997,-11.364565399999947],[-38.121001999999976,-11.425670799999978],[-38.100188199999934,-11.427628099999936],[-38.09880819999995,-11.442053199999975]]]}},{"id":"1942","type":"Feature","properties":{"COD_IBGE":"2909703","MUNICIPIO":"Cristópolis","UF":"BA"},"geometry":{"type":"Polygon","coordinates":[[[-44.44348099999996,-12.092952999999966],[-44.30021039999997,-12.107413599999973],[-44.294812699999966,-12.126596999999947],[-44.27349409999994,-12.12771719999995],[-44.26818609999998,-12.120018799999968],[-44.25134809999997,-12.128219899999976],[-44.17437709999996,-12.090821199999937],[-44.16422279999995,-12.079406199999937],[-44.164040599999964,-12.060824399999944],[-44.14944859999997,-12.06980539999995],[-44.13064079999998,-12.066148999999939],[-44.11367819999998,-12.046396499999958],[-44.10343919999997,-12.061759399999971],[-44.08456389999998,-12.060754199999963],[-44.04641809999998,-12.078224299999931],[-44.05566299999998,-12.106660499999975],[-44.08008079999996,-12.127114899999981],[-44.080452599999944,-12.156685099999947],[-44.051809299999945,-12.159382199999982],[-44.043918599999984,-12.182171799999935],[-44.01035349999995,-12.171110799999951],[-43.98738599999996,-12.174403499999926],[-43.98957559999997,-12.189893999999981],[-43.96510949999998,-12.182469599999934],[-43.96071499999994,-12.186643799999956],[-43.97439559999998,-12.229300799999976],[-43.95757709999998,-12.237208899999928],[-44.049787599999945,-12.27267519999998],[-44.06243329999995,-12.256203599999935],[-44.08109979999995,-12.25306089999998],[-44.20622709999998,-12.263757299999952],[-44.23165329999995,-12.259385299999963],[-44.29333699999995,-12.305092099999968],[-44.338499499999955,-12.305989299999965],[-44.35118209999996,-12.29653479999996],[-44.39642479999998,-12.287704099999928],[-44.46458949999993,-12.308129899999926],[-44.47589739999995,-12.303505599999937],[-44.48073109999996,-12.311358599999949],[-44.49650989999998,-12.301593799999978],[-44.53160759999997,-12.308177899999976],[-44.53512729999994,-12.300558099999932],[-44.44348099999996,-12.092952999999966]]]}},{"id":"1943","type":"Feature","properties":{"COD_IBGE":"2909802","MUNICIPIO":"Cruz das Almas","UF":"BA"},"geometry":{"type":"Polygon","coordinates":[[[-39.11402919999995,-12.637907599999949],[-39.08493469999996,-12.644447499999956],[-39.070668599999976,-12.654498399999966],[-39.04431959999994,-12.649060799999972],[-39.053451199999984,-12.689305399999967],[-39.048446499999955,-12.71817169999997],[-39.057635199999936,-12.730093599999975],[-39.14456359999997,-12.741234599999927],[-39.14116749999994,-12.723827999999969],[-39.21158299999996,-12.648674899999946],[-39.17721809999995,-12.629770599999972],[-39.13977199999994,-12.64427969999997],[-39.11402919999995,-12.637907599999949]]]}},{"id":"1944","type":"Feature","properties":{"COD_IBGE":"2909901","MUNICIPIO":"Curaçá","UF":"BA"},"geometry":{"type":"Polygon","coordinates":[[[-39.69314449999996,-8.676237999999955],[-39.68883589999996,-8.660850399999958],[-39.59522629999998,-8.65120589999998],[-39.51861229999997,-8.603911099999948],[-39.47611129999996,-8.59279319999996],[-39.45210959999997,-8.563199099999963],[-39.435490399999935,-8.563301799999977],[-39.40952329999993,-8.538900099999978],[-39.37979359999997,-8.53282059999998],[-39.356809099999964,-8.544896499999936],[-39.37357199999997,-8.563271399999962],[-39.49158139999997,-8.835857799999928],[-39.46846809999994,-8.976202799999953],[-39.40816849999993,-9.13314429999997],[-39.35124289999993,-9.157251199999962],[-39.36290379999997,-9.178328699999952],[-39.360391799999945,-9.210113899999953],[-39.37264129999994,-9.225085899999954],[-39.357379299999934,-9.287402999999927],[-39.36466849999994,-9.290614699999935],[-39.36773139999997,-9.31053989999998],[-39.39071789999997,-9.318681899999945],[-39.39582779999995,-9.328859799999975],[-39.392287599999975,-9.33811099999997],[-39.40814289999997,-9.36006999999995],[-39.404313799999954,-9.445100899999943],[-39.41082249999994,-9.456783499999972],[-39.43568529999993,-9.45763809999994],[-39.446591799999965,-9.500360199999932],[-39.42833009999998,-9.533810999999957],[-39.41195629999993,-9.543405399999926],[-39.41517689999995,-9.560291499999948],[-39.407666699999936,-9.577989799999955],[-39.38638299999997,-9.578101899999979],[-39.359572699999944,-9.61569129999998],[-39.60006549999997,-9.699644599999942],[-39.64410209999994,-9.706828599999938],[-39.668921599999976,-9.72916859999998],[-39.65618969999997,-9.74055379999993],[-39.66281859999998,-9.750662999999975],[-39.79576469999995,-9.843810299999973],[-39.82328849999993,-9.824697299999968],[-39.83777269999996,-9.828346199999942],[-39.88234109999996,-9.745887299999936],[-39.90212139999994,-9.734560099999953],[-39.888662599999975,-9.665775399999973],[-39.89586029999998,-9.613097899999957],[-39.88119999999998,-9.55172349999998],[-39.867742799999974,-9.526541299999963],[-39.87502569999998,-9.499264899999957],[-39.864633099999935,-9.434780699999976],[-39.88640829999997,-9.329809299999965],[-39.879728599999964,-9.26933189999994],[-39.86083529999996,-9.230754499999932],[-39.86411639999994,-9.210480599999926],[-39.868903899999964,-9.199792199999933],[-39.88963759999996,-9.18968179999996],[-39.89417059999994,-9.166470899999979],[-39.907297599999936,-9.15730659999997],[-39.90160849999995,-9.13047649999993],[-39.912769099999934,-9.121930099999929],[-39.911870299999975,-9.112697599999933],[-39.93419709999995,-9.117825899999957],[-39.94052579999993,-9.11044419999996],[-39.95929209999997,-9.122084399999949],[-39.96940269999993,-9.119956699999932],[-39.985985899999946,-9.077992399999971],[-39.97677559999994,-9.066463399999975],[-39.97844989999993,-9.054863199999943],[-39.955498699999964,-9.046247999999935],[-39.88881909999998,-8.965836799999977],[-39.87442859999993,-8.936738499999933],[-39.87941859999995,-8.901908599999956],[-39.90293819999994,-8.858743599999968],[-39.892957699999954,-8.82879399999996],[-39.82273189999995,-8.813515799999948],[-39.79266269999994,-8.819890999999927],[-39.747785299999975,-8.794040999999936],[-39.69512869999994,-8.799571399999934],[-39.67462919999997,-8.787157199999967],[-39.67501999999996,-8.73666739999993],[-39.69314449999996,-8.676237999999955]]]}},{"id":"1945","type":"Feature","properties":{"COD_IBGE":"2910008","MUNICIPIO":"Dário Meira","UF":"BA"},"geometry":{"type":"Polygon","coordinates":[[[-39.948333299999945,-14.36294799999996],[-39.906826799999976,-14.364507099999969],[-39.89127679999996,-14.380309699999941],[-39.86524029999998,-14.387534999999957],[-39.849784899999975,-14.374842499999943],[-39.823684999999955,-14.382599599999935],[-39.83291639999993,-14.395249399999955],[-39.82970999999998,-14.43273929999998],[-39.83767209999996,-14.44345919999995],[-39.84574959999998,-14.436443399999973],[-39.857127299999945,-14.451582899999948],[-39.87267609999998,-14.432910999999933],[-39.901932399999964,-14.435377099999982],[-39.918997099999956,-14.468439599999954],[-39.94401019999998,-14.47955479999996],[-39.95455519999996,-14.466831999999954],[-40.01108209999995,-14.531681099999957],[-40.02439149999998,-14.52988309999995],[-40.03296779999994,-14.538139899999976],[-40.04974169999997,-14.527035099999978],[-40.05926329999994,-14.539807999999937],[-40.08823649999994,-14.53383329999997],[-40.096982699999955,-14.515684299999975],[-40.08149499999996,-14.48699929999998],[-40.059519999999964,-14.48629079999995],[-40.050992399999984,-14.440957899999944],[-40.03745669999995,-14.437925999999948],[-40.04491729999995,-14.41892189999993],[-40.041556699999944,-14.39253519999994],[-40.03570949999994,-14.39143439999998],[-40.04843979999998,-14.382280999999978],[-40.05730909999994,-14.38846129999996],[-40.06758009999993,-14.377620099999945],[-40.06148659999997,-14.359831699999972],[-40.070961599999976,-14.34901199999996],[-40.06934639999997,-14.314988599999936],[-40.098569699999985,-14.30287919999995],[-40.10004219999996,-14.268292599999938],[-40.09711129999994,-14.280325699999935],[-40.09074959999998,-14.27901769999994],[-40.06831839999995,-14.243498099999954],[-40.05040459999998,-14.286385999999936],[-40.03394089999995,-14.280795999999953],[-40.01415309999993,-14.288765199999943],[-40.00546669999994,-14.26617479999993],[-39.982326099999966,-14.321680999999955],[-39.948333299999945,-14.36294799999996]]]}},{"id":"1946","type":"Feature","properties":{"COD_IBGE":"2910057","MUNICIPIO":"Dias d'Ávila","UF":"BA"},"geometry":{"type":"Polygon","coordinates":[[[-38.22620379999995,-12.640129499999944],[-38.28161499999993,-12.630061199999943],[-38.28701129999996,-12.635060799999962],[-38.29911359999994,-12.624054199999932],[-38.310190199999965,-12.624596099999962],[-38.30804439999997,-12.618705099999943],[-38.33872709999997,-12.630797799999982],[-38.33984589999994,-12.644738099999927],[-38.34990959999993,-12.63872379999998],[-38.375755599999934,-12.677105599999948],[-38.39893099999995,-12.66054639999993],[-38.399585799999954,-12.651463299999932],[-38.39283979999993,-12.607397399999968],[-38.37170549999996,-12.599452199999973],[-38.36760549999997,-12.585451199999966],[-38.38703049999998,-12.55616139999995],[-38.40879729999995,-12.550086999999962],[-38.351750299999935,-12.536663199999964],[-38.342232499999966,-12.543925799999954],[-38.34991349999996,-12.556380399999966],[-38.34718859999998,-12.573693699999978],[-38.320560299999954,-12.577034899999944],[-38.30515509999998,-12.59587739999995],[-38.275608699999964,-12.611713299999963],[-38.25238699999994,-12.59962349999995],[-38.24961969999998,-12.575704899999948],[-38.23105419999996,-12.566382699999963],[-38.19505609999993,-12.564732099999958],[-38.17823989999994,-12.541146699999956],[-38.16731489999995,-12.542160999999965],[-38.15891039999997,-12.554626799999937],[-38.160952399999985,-12.567899199999943],[-38.13806269999998,-12.577047899999968],[-38.13185639999995,-12.60249209999995],[-38.14288929999998,-12.606456499999979],[-38.153429399999936,-12.59751639999996],[-38.176629599999956,-12.597256399999935],[-38.18212969999996,-12.617036499999926],[-38.20335989999995,-12.62509659999995],[-38.22514259999997,-12.646609799999965],[-38.22620379999995,-12.640129499999944]]]}},{"id":"1947","type":"Feature","properties":{"COD_IBGE":"2910107","MUNICIPIO":"Dom Basílio","UF":"BA"},"geometry":{"type":"Polygon","coordinates":[[[-41.71858729999997,-13.97740159999995],[-41.754537899999946,-13.990656799999954],[-41.76797849999997,-13.987738899999954],[-41.782416299999966,-13.950664299999971],[-41.82395269999995,-13.903109299999926],[-41.815940599999976,-13.892862599999944],[-41.822680799999944,-13.884887999999933],[-41.81154759999998,-13.870422899999937],[-41.83245909999994,-13.861766299999942],[-41.83611549999995,-13.87378549999994],[-41.84353949999996,-13.868717299999958],[-41.85684859999998,-13.844327799999974],[-41.85069589999995,-13.826887099999965],[-41.86416829999996,-13.826220499999977],[-41.84399549999995,-13.797000499999967],[-41.840259199999934,-13.760394399999939],[-41.823756199999934,-13.754896499999973],[-41.81816879999997,-13.761470199999962],[-41.80989109999996,-13.756139899999937],[-41.79120969999997,-13.762619099999938],[-41.78478999999993,-13.760194299999966],[-41.79044909999993,-13.750849199999948],[-41.776305099999945,-13.723730199999977],[-41.750082599999985,-13.699476799999957],[-41.749406499999964,-13.661313499999949],[-41.74339149999997,-13.671396699999946],[-41.711397999999974,-13.685492299999964],[-41.696131399999956,-13.712731899999937],[-41.68686109999993,-13.71423619999996],[-41.688998699999956,-13.73826409999998],[-41.656856199999936,-13.759176199999956],[-41.64049079999995,-13.78158209999998],[-41.63953159999994,-13.795752799999946],[-41.60441489999994,-13.832987299999957],[-41.599649899999974,-13.850062099999946],[-41.578352999999936,-13.86601029999997],[-41.559163499999954,-13.94430529999994],[-41.66043949999994,-14.001043699999968],[-41.71858729999997,-13.97740159999995]]]}},{"id":"1948","type":"Feature","properties":{"COD_IBGE":"2910206","MUNICIPIO":"Dom Macedo Costa","UF":"BA"},"geometry":{"type":"Polygon","coordinates":[[[-39.179821499999946,-12.946894199999974],[-39.22295399999996,-12.940606399999979],[-39.22886539999996,-12.913596599999948],[-39.22712119999994,-12.906696199999942],[-39.216043499999955,-12.90726589999997],[-39.22193469999996,-12.884482599999956],[-39.216677999999945,-12.864531799999952],[-39.20815189999996,-12.86376759999996],[-39.20219149999997,-12.875112799999954],[-39.185022499999945,-12.87306099999995],[-39.16184019999997,-12.848971699999936],[-39.131074799999965,-12.884752899999967],[-39.13778009999993,-12.923184399999968],[-39.123572199999956,-12.940111399999978],[-39.128147499999955,-12.95572599999997],[-39.11997669999994,-12.96323719999998],[-39.16421929999996,-12.963807199999962],[-39.179821499999946,-12.946894199999974]]]}},{"id":"1949","type":"Feature","properties":{"COD_IBGE":"2910305","MUNICIPIO":"Elísio Medrado","UF":"BA"},"geometry":{"type":"Polygon","coordinates":[[[-39.53183249999995,-13.022239499999955],[-39.58474049999995,-12.947861899999964],[-39.62281379999996,-12.913220799999976],[-39.60440219999998,-12.893110099999944],[-39.59048119999994,-12.905129299999942],[-39.58049539999996,-12.893165999999951],[-39.57491099999993,-12.899103699999955],[-39.47560029999994,-12.853866399999959],[-39.478700999999944,-12.863584899999978],[-39.46293239999994,-12.89131059999994],[-39.46631739999998,-12.920092999999952],[-39.45871529999994,-12.934165099999973],[-39.473879599999975,-12.984164699999951],[-39.48614889999993,-12.997054599999956],[-39.50661659999997,-13.000219399999935],[-39.51517609999996,-13.01755479999997],[-39.53183249999995,-13.022239499999955]]]}},{"id":"1950","type":"Feature","properties":{"COD_IBGE":"2910404","MUNICIPIO":"Encruzilhada","UF":"BA"},"geometry":{"type":"Polygon","coordinates":[[[-40.74940189999995,-15.478689599999939],[-40.73911059999995,-15.53330189999997],[-40.68297659999996,-15.576526799999954],[-40.661428899999976,-15.607011399999976],[-40.646209899999974,-15.616281199999946],[-40.63985149999996,-15.601980099999935],[-40.61647979999998,-15.62650739999998],[-40.58466419999996,-15.639254899999969],[-40.563759199999936,-15.663353399999949],[-40.512697799999955,-15.68048749999997],[-40.55689039999993,-15.690734499999962],[-40.58154469999994,-15.708365499999957],[-40.588592699999936,-15.696089099999938],[-40.63517059999998,-15.695261999999957],[-40.64698119999997,-15.709524899999963],[-40.66560329999993,-15.676737899999978],[-40.707209999999975,-15.666404799999953],[-40.74136219999997,-15.680250599999965],[-40.739860799999974,-15.703646699999979],[-40.76766369999996,-15.714079399999946],[-40.783284899999956,-15.70137509999995],[-40.78033709999994,-15.680197999999962],[-40.81902829999996,-15.646341999999947],[-40.82931129999997,-15.648260799999946],[-40.83131439999994,-15.670653499999958],[-40.842033199999946,-15.68322459999996],[-40.881556899999964,-15.694470799999976],[-40.90256969999996,-15.691842099999974],[-40.914331699999934,-15.660977599999967],[-40.96161449999994,-15.64793149999997],[-40.97961069999997,-15.69166139999993],[-41.006059499999935,-15.713837299999966],[-41.03627289999997,-15.71381649999995],[-41.05342029999997,-15.725114599999927],[-41.07755789999993,-15.719287999999949],[-41.092894599999966,-15.738681399999962],[-41.12863489999995,-15.746769599999936],[-41.14253019999995,-15.77204699999993],[-41.215396399999975,-15.73716589999998],[-41.268561699999964,-15.748703999999975],[-41.29294769999996,-15.739005499999962],[-41.331206099999974,-15.744673399999954],[-41.36191939999998,-15.495028099999956],[-41.33553129999996,-15.498101599999927],[-41.317312699999945,-15.512929199999974],[-41.29258399999998,-15.507986699999947],[-41.23436709999993,-15.51440679999996],[-41.20499309999997,-15.491678199999967],[-41.19704379999996,-15.515763099999958],[-41.17776319999996,-15.524739699999941],[-41.17346459999993,-15.536560899999927],[-41.151356599999986,-15.533862799999952],[-41.145897599999955,-15.54500859999996],[-41.13343709999998,-15.524405199999933],[-41.111262599999975,-15.519454499999938],[-41.10588779999995,-15.530394699999931],[-41.09746639999997,-15.52894269999996],[-41.07338629999998,-15.503085399999975],[-41.06628989999996,-15.510829699999931],[-41.052158299999974,-15.509023199999945],[-41.031886499999985,-15.486215399999935],[-41.034357899999975,-15.472751899999935],[-40.979096399999946,-15.477170999999942],[-40.93564989999993,-15.444424099999935],[-40.92612479999997,-15.422748999999953],[-40.93383549999993,-15.418767199999934],[-40.92647679999993,-15.406465699999956],[-40.93323879999997,-15.393685499999947],[-40.92686239999995,-15.390366599999936],[-40.94113569999996,-15.357097599999975],[-40.932644599999946,-15.337188899999944],[-40.90500919999994,-15.31907039999993],[-40.90382319999998,-15.30570709999995],[-40.88554489999996,-15.297700599999928],[-40.87501469999995,-15.325792799999931],[-40.89283119999993,-15.362958699999979],[-40.87188459999993,-15.41143859999994],[-40.85207819999994,-15.41917129999996],[-40.85167119999994,-15.436807099999953],[-40.832000499999936,-15.444946699999946],[-40.809887799999956,-15.471400499999959],[-40.78289139999998,-15.476012999999966],[-40.77598059999997,-15.48717739999995],[-40.74940189999995,-15.478689599999939]]]}},{"id":"1951","type":"Feature","properties":{"COD_IBGE":"2910503","MUNICIPIO":"Entre Rios","UF":"BA"},"geometry":{"type":"Polygon","coordinates":[[[-38.04881179999995,-12.142938899999933],[-38.05646419999994,-12.144612399999971],[-38.06431029999993,-12.134697099999926],[-38.08189949999996,-12.158109499999966],[-38.102521499999966,-12.141402899999946],[-38.137985399999934,-12.143276899999933],[-38.14670339999998,-12.124658599999975],[-38.198932199999945,-12.110609499999953],[-38.21084259999998,-12.067881299999954],[-38.20185929999997,-12.012319799999943],[-38.237603999999976,-12.014026399999977],[-38.25132659999997,-12.033688499999926],[-38.282397199999934,-12.041142599999944],[-38.273044099999936,-11.963512199999968],[-38.185284699999954,-11.901675699999942],[-38.19631489999995,-11.866462399999932],[-38.19508149999996,-11.839271099999962],[-38.18507189999997,-11.83746629999996],[-38.20021269999995,-11.791631099999961],[-38.180763499999955,-11.782826199999931],[-38.16748689999997,-11.80338869999997],[-38.13854889999993,-11.802616099999966],[-38.124585999999965,-11.811725499999966],[-38.12333109999997,-11.824438199999975],[-38.09973759999997,-11.842664499999955],[-38.086314999999956,-11.837364299999933],[-38.08001399999995,-11.845614999999952],[-38.045710499999984,-11.853295199999934],[-38.02636119999994,-11.847465799999952],[-38.00789199999997,-11.859246199999973],[-37.999967899999945,-11.87326719999993],[-37.98847949999998,-11.875562499999944],[-37.96740109999996,-11.923624699999948],[-37.951288699999964,-11.934225699999956],[-37.95313719999996,-11.940664099999935],[-37.979288199999985,-11.939900399999942],[-38.015101399999935,-12.008114699999965],[-38.00860679999994,-12.045549699999981],[-38.02334949999994,-12.080648499999938],[-37.99735369999996,-12.094825599999979],[-37.97956469999997,-12.117300899999975],[-37.934689599999956,-12.139697999999953],[-37.95513409999995,-12.202805399999932],[-37.943496299999936,-12.199145199999975],[-37.930053199999975,-12.218245699999954],[-37.905024399999945,-12.222861799999976],[-37.87611499999997,-12.208888399999978],[-37.853809199999944,-12.21916589999995],[-37.79753089999997,-12.18926259999995],[-37.770191599999976,-12.202009999999973],[-37.76107299999995,-12.22045049999997],[-37.893283699999984,-12.408242099999939],[-37.89461239999997,-12.38045029999995],[-37.92378699999995,-12.383748199999957],[-37.93143219999996,-12.371507099999974],[-37.94566729999997,-12.377330799999982],[-37.95613689999993,-12.36771779999998],[-37.97118059999997,-12.36981389999994],[-37.91339419999997,-12.309458199999938],[-37.92253159999996,-12.264321799999948],[-38.01753759999997,-12.218188399999974],[-38.01951719999994,-12.181984499999942],[-38.04374359999997,-12.158793199999934],[-38.04881179999995,-12.142938899999933]]]}},{"id":"1952","type":"Feature","properties":{"COD_IBGE":"2910602","MUNICIPIO":"Esplanada","UF":"BA"},"geometry":{"type":"Polygon","coordinates":[[[-37.86969579999993,-11.971924799999954],[-37.88312389999993,-11.963027499999953],[-37.90692939999997,-11.966830199999947],[-37.925832199999945,-11.958172299999944],[-37.94177319999994,-11.936247099999946],[-37.96068739999998,-11.931959399999926],[-37.98847949999998,-11.875562499999944],[-37.999967899999945,-11.87326719999993],[-38.02549149999993,-11.847825399999977],[-38.045710499999984,-11.853295199999934],[-38.08001399999995,-11.845614999999952],[-38.086314999999956,-11.837364299999933],[-38.09973759999997,-11.842664499999955],[-38.12333109999997,-11.824438199999975],[-38.12434109999998,-11.81193449999995],[-38.14238659999995,-11.802871899999957],[-38.14397719999994,-11.76427659999996],[-38.06648759999996,-11.689080199999978],[-38.04658389999997,-11.679594599999973],[-38.02498339999994,-11.73264439999997],[-38.02790209999995,-11.751049299999977],[-38.01144999999997,-11.768590999999958],[-37.98883519999998,-11.73710449999993],[-37.92330659999993,-11.67707699999994],[-37.89403269999997,-11.690473999999938],[-37.86509369999993,-11.684092299999975],[-37.85150219999997,-11.725047599999925],[-37.81287299999997,-11.736773699999958],[-37.83271169999995,-11.740197699999953],[-37.84139829999998,-11.76195619999993],[-37.85263619999995,-11.767192499999965],[-37.865162399999974,-11.760440499999959],[-37.86559779999993,-11.766855599999928],[-37.80068309999996,-11.82751019999995],[-37.79461549999996,-11.847345399999938],[-37.77487409999998,-11.857159499999966],[-37.77715999999998,-11.867420699999968],[-37.764283399999954,-11.870294199999933],[-37.74343129999994,-11.89310039999998],[-37.73808359999998,-11.907882299999926],[-37.76265829999994,-11.965227499999969],[-37.73975279999996,-11.975003299999969],[-37.74817479999996,-12.00672789999993],[-37.72150329999994,-12.018444399999964],[-37.732604899999956,-12.052032199999928],[-37.72068589999998,-12.049608199999966],[-37.701693999999975,-12.063098899999943],[-37.700616399999944,-12.072777199999962],[-37.68794059999993,-12.07870429999997],[-37.69342009999997,-12.084313099999974],[-37.68572469999998,-12.098981099999946],[-37.769777499999975,-12.238722699999926],[-37.76107299999995,-12.22045049999997],[-37.770191599999976,-12.202009999999973],[-37.797421199999974,-12.189273199999946],[-37.853809199999944,-12.21916589999995],[-37.87611499999997,-12.208888399999978],[-37.905024399999945,-12.222861799999976],[-37.930053199999975,-12.218245699999954],[-37.943496299999936,-12.199145199999975],[-37.95579909999998,-12.201756299999943],[-37.943137399999955,-12.180220899999938],[-37.948053899999934,-12.166830599999969],[-37.94063339999997,-12.143404499999974],[-37.93435119999998,-12.13962859999998],[-37.925030799999945,-12.149139499999933],[-37.88753419999995,-12.15687459999998],[-37.881195599999955,-12.132744599999967],[-37.88609519999994,-12.114612999999963],[-37.87399929999998,-12.086994799999957],[-37.864652399999954,-12.014218999999969],[-37.86969579999993,-11.971924799999954]]]}},{"id":"1953","type":"Feature","properties":{"COD_IBGE":"2910701","MUNICIPIO":"Euclides da Cunha","UF":"BA"},"geometry":{"type":"Polygon","coordinates":[[[-38.73699119999998,-10.603958299999931],[-38.774738499999955,-10.625534199999947],[-38.779496999999935,-10.604450199999974],[-38.93871799999994,-10.623396899999932],[-38.950129699999934,-10.654637699999967],[-39.01316549999996,-10.647114199999976],[-39.03841109999996,-10.630789099999959],[-39.23072149999996,-10.677568899999926],[-39.25925019999994,-10.677822799999944],[-39.25928269999997,-10.66983369999997],[-39.24718059999998,-10.665959099999952],[-39.25304539999996,-10.660556799999938],[-39.23637819999993,-10.63622209999994],[-39.23285439999995,-10.609939699999927],[-39.19712879999997,-10.584151899999938],[-39.18976669999995,-10.594705099999942],[-39.180580599999985,-10.593249999999955],[-39.181517499999984,-10.581041099999936],[-39.16515169999997,-10.573486499999944],[-39.15640769999993,-10.55653179999996],[-39.14729889999995,-10.483839299999943],[-39.15573249999994,-10.465247499999975],[-39.15201019999995,-10.451154599999938],[-39.179993399999944,-10.439115399999935],[-39.19020219999993,-10.426593299999979],[-39.15970079999994,-10.418161699999928],[-39.149851199999944,-10.426569499999971],[-39.14299879999993,-10.404759599999977],[-39.16081509999998,-10.365821499999981],[-39.17047009999993,-10.319601199999966],[-39.18308349999995,-10.314787599999931],[-39.16780679999994,-10.29779899999994],[-39.18272779999995,-10.275555099999963],[-39.18494019999997,-10.256200699999965],[-39.07735089999994,-10.38052719999996],[-38.88195499999995,-10.270124799999962],[-38.57968029999995,-10.306267099999957],[-38.578989899999954,-10.333359499999972],[-38.65221219999995,-10.373329199999944],[-38.63978479999997,-10.384753399999965],[-38.62267719999994,-10.447254499999929],[-38.63554559999994,-10.444507099999953],[-38.63258049999996,-10.46677589999996],[-38.64614039999998,-10.480005999999946],[-38.653596499999935,-10.477200799999935],[-38.658082699999966,-10.485413299999948],[-38.672569099999976,-10.47951839999996],[-38.685315799999955,-10.500396199999955],[-38.70104749999996,-10.505917499999953],[-38.70510459999997,-10.564973899999927],[-38.71591619999998,-10.564826499999981],[-38.73699119999998,-10.603958299999931]]]}},{"id":"1954","type":"Feature","properties":{"COD_IBGE":"2910727","MUNICIPIO":"Eunápolis","UF":"BA"},"geometry":{"type":"Polygon","coordinates":[[[-39.59565259999994,-16.153793399999927],[-39.54391179999993,-16.116350299999965],[-39.527814999999975,-16.12385859999995],[-39.51122779999997,-16.10759079999997],[-39.50867939999995,-16.093189799999948],[-39.49298749999997,-16.083087199999966],[-39.46952749999997,-16.094371299999978],[-39.43304079999996,-16.076814199999944],[-39.42392829999994,-16.08544319999993],[-39.412243899999964,-16.08278489999998],[-39.402695499999936,-16.09803599999998],[-39.42066589999996,-16.232852099999945],[-39.38260959999997,-16.26875549999994],[-39.39808859999994,-16.28321449999993],[-39.43873329999997,-16.282636899999943],[-39.45679209999997,-16.391875099999936],[-39.482856399999946,-16.407357799999943],[-39.505120999999974,-16.44403079999995],[-39.519094999999936,-16.495340099999964],[-39.54789489999996,-16.47792309999994],[-39.58893789999996,-16.471835599999963],[-39.60396419999995,-16.459238599999935],[-39.61950719999993,-16.478683399999966],[-39.64306629999993,-16.488233099999945],[-39.65171429999998,-16.505375999999956],[-39.68293959999994,-16.504054199999928],[-39.69842129999995,-16.512646599999982],[-39.69841489999993,-16.547821299999953],[-39.74073869999995,-16.503248199999973],[-39.72047459999993,-16.43692679999998],[-39.74308879999995,-16.452428599999962],[-39.76341469999994,-16.44330439999993],[-39.77317369999997,-16.41221939999997],[-39.75572749999998,-16.393642599999964],[-39.758816399999944,-16.38554309999995],[-39.77867859999998,-16.354215799999963],[-39.84263729999998,-16.29500539999998],[-39.84957119999996,-16.274184599999955],[-39.86414979999995,-16.266440399999965],[-39.86387659999997,-16.252760399999943],[-39.84856149999996,-16.23492129999994],[-39.83160329999998,-16.237377799999933],[-39.753107899999975,-16.197235199999966],[-39.59565259999994,-16.153793399999927]]]}},{"id":"1955","type":"Feature","properties":{"COD_IBGE":"2910750","MUNICIPIO":"Fátima","UF":"BA"},"geometry":{"type":"Polygon","coordinates":[[[-38.23521059999996,-10.497488399999952],[-38.20853939999995,-10.470298399999933],[-38.186959299999955,-10.481558399999926],[-38.149799049999956,-10.457283599999926],[-38.13007899999997,-10.579099499999927],[-38.14491659999993,-10.718043399999942],[-38.18337479999997,-10.705357299999946],[-38.209163099999955,-10.71186739999996],[-38.21396549999997,-10.724613099999942],[-38.222968299999934,-10.724436399999945],[-38.24793989999995,-10.708253899999931],[-38.25299879999994,-10.690190799999925],[-38.26589219999994,-10.681914899999981],[-38.27749869999997,-10.590811299999928],[-38.28834559999996,-10.567601499999967],[-38.28396249999997,-10.538142499999935],[-38.24753199999998,-10.522576299999969],[-38.23521059999996,-10.497488399999952]]]}},{"id":"1956","type":"Feature","properties":{"COD_IBGE":"2910776","MUNICIPIO":"Feira da Mata","UF":"BA"},"geometry":{"type":"Polygon","coordinates":[[[-44.24061979999993,-14.240687299999934],[-44.23870779999993,-14.258005999999966],[-44.24748569999997,-14.251634499999966],[-44.24750529999994,-14.260118299999931],[-44.26861719999994,-14.246595999999954],[-44.30233799999996,-14.253242499999942],[-44.31648319999994,-14.240349099999946],[-44.34059579999996,-14.249400299999934],[-44.34020899999996,-14.256675599999937],[-44.35184129999993,-14.257715299999973],[-44.34603899999996,-14.263264099999958],[-44.35304099999996,-14.260923099999957],[-44.36158869999997,-14.272812599999952],[-44.42769589999995,-14.280299899999932],[-44.448862599999984,-14.225770299999965],[-44.46873769999996,-14.21593299999995],[-44.46168369999998,-14.194450399999937],[-44.44007499999998,-14.188476399999956],[-44.44453439999995,-14.176464799999962],[-44.43653899999998,-14.173964799999965],[-44.445631599999956,-14.16979809999998],[-44.438066799999945,-14.16262219999993],[-44.453422899999964,-14.155959799999948],[-44.444218699999965,-14.14094689999996],[-44.430200199999945,-14.140860199999963],[-44.42963789999993,-14.123287299999959],[-44.41956289999996,-14.119553699999926],[-44.42640639999996,-14.081642199999976],[-44.39080059999998,-14.075642499999958],[-44.37959429999995,-14.044399899999974],[-44.31365649999998,-14.043918399999939],[-44.27712509999998,-14.031478599999957],[-44.26880569999997,-14.005524799999932],[-44.250203099999965,-13.99332359999994],[-44.25283399999995,-13.971633699999927],[-44.22959359999993,-13.95824719999996],[-44.23160619999993,-13.942669999999964],[-44.19512949999995,-13.926390799999979],[-44.185482099999945,-13.935925999999938],[-44.18795499999993,-13.944274499999949],[-44.154848999999956,-13.949702599999966],[-44.10765619999995,-13.984985799999947],[-44.07845019999996,-13.99451339999996],[-44.08714189999995,-14.021270499999957],[-44.029008999999974,-14.093260699999973],[-44.06560749999994,-14.138981199999932],[-44.045681499999944,-14.283773999999937],[-44.057146399999965,-14.284262499999954],[-44.05742819999995,-14.277612199999965],[-44.07339859999996,-14.285665599999959],[-44.07445119999994,-14.270639599999981],[-44.08245449999998,-14.268998799999963],[-44.088286799999935,-14.278076299999952],[-44.08692179999997,-14.268428399999948],[-44.09939449999996,-14.273460799999953],[-44.11259439999998,-14.258728299999973],[-44.13561699999997,-14.282185399999946],[-44.143618499999945,-14.278492299999982],[-44.13598269999994,-14.274902699999927],[-44.13726479999997,-14.264151399999946],[-44.160334499999976,-14.257759599999929],[-44.17038029999998,-14.26869499999998],[-44.201288699999964,-14.254476099999977],[-44.21178579999997,-14.234129499999938],[-44.21805899999998,-14.24498019999993],[-44.24061979999993,-14.240687299999934]]]}},{"id":"1957","type":"Feature","properties":{"COD_IBGE":"2910800","MUNICIPIO":"Feira de Santana","UF":"BA"},"geometry":{"type":"Polygon","coordinates":[[[-38.90797269999996,-12.386193299999945],[-38.956056699999976,-12.300909799999943],[-38.99635699999993,-12.31114839999998],[-39.00123159999998,-12.341165599999954],[-39.024697199999935,-12.354205699999966],[-39.02360569999996,-12.366231199999959],[-39.011847399999965,-12.372817299999952],[-39.01032859999998,-12.392386199999976],[-39.023627199999964,-12.408862799999952],[-39.04414019999996,-12.418251899999973],[-39.07416369999993,-12.394906999999932],[-39.08063159999995,-12.378504499999963],[-39.070250699999974,-12.373144799999977],[-39.07177139999993,-12.356893799999966],[-39.09189369999996,-12.357615599999974],[-39.101982599999985,-12.344354199999941],[-39.11012059999996,-12.34550379999996],[-39.115657899999974,-12.322534599999926],[-39.12536099999994,-12.316598899999974],[-39.12196949999998,-12.307438799999943],[-39.14477939999995,-12.272484799999972],[-39.17548649999998,-12.277416199999948],[-39.19974159999998,-12.29523469999998],[-39.23703039999998,-12.289829699999927],[-39.23526169999997,-12.273919399999954],[-39.25069799999994,-12.264913199999967],[-39.26563169999997,-12.22831119999995],[-39.274334899999985,-12.229327099999978],[-39.28416969999995,-12.216969399999925],[-39.280835699999955,-12.202569799999935],[-39.29364879999997,-12.186498599999936],[-39.28743339999994,-12.176738199999932],[-39.246432599999935,-12.211773299999948],[-39.19220569999993,-12.223567199999934],[-39.15123969999996,-12.263567399999943],[-39.076681399999984,-12.232523699999945],[-39.11664019999995,-12.19046469999995],[-39.18693979999995,-12.181771799999979],[-39.17596219999996,-12.15676579999996],[-39.177023099999985,-12.117668099999946],[-39.21230419999995,-12.105878399999938],[-39.259681599999965,-12.042267299999935],[-39.28740699999997,-12.02165309999998],[-39.28924009999997,-11.997868299999936],[-39.29668019999997,-11.990798599999948],[-39.174973499999965,-11.98137719999994],[-39.17850089999996,-12.029445199999941],[-39.162150699999984,-12.027497099999948],[-39.11135669999993,-12.052610099999981],[-39.08909069999993,-12.05544249999997],[-39.094831899999974,-12.069866599999955],[-39.06714309999995,-12.070093499999928],[-39.05658939999995,-12.06287199999997],[-39.06258459999998,-12.026226999999949],[-39.04170769999996,-12.053053399999953],[-38.988679099999956,-12.05931929999997],[-38.96416339999996,-12.019128099999932],[-38.94139689999997,-12.026872699999956],[-38.920795399999975,-12.015939799999956],[-38.90442839999997,-12.027902799999936],[-38.897059199999944,-12.055849099999932],[-38.87808249999995,-12.074770499999943],[-38.87551769999993,-12.100046799999973],[-38.89186609999996,-12.116582199999982],[-38.88132799999994,-12.13234319999998],[-38.88320649999997,-12.159022499999935],[-38.86750829999994,-12.176549699999953],[-38.866208599999936,-12.191168399999981],[-38.85508909999993,-12.192811399999925],[-38.857172299999945,-12.225284099999953],[-38.84060709999994,-12.24756199999996],[-38.838694499999974,-12.262940699999945],[-38.85054289999994,-12.268694399999958],[-38.85159689999995,-12.281533599999932],[-38.83878599999997,-12.308943499999941],[-38.82002699999998,-12.320246599999962],[-38.81121919999998,-12.33649209999993],[-38.829501499999935,-12.352089999999976],[-38.84868789999996,-12.349988899999971],[-38.83354879999996,-12.368256499999973],[-38.838464199999976,-12.373330599999974],[-38.82834989999998,-12.401334599999927],[-38.838159099999984,-12.408775299999945],[-38.90797269999996,-12.386193299999945]]]}},{"id":"1958","type":"Feature","properties":{"COD_IBGE":"2910859","MUNICIPIO":"Filadélfia","UF":"BA"},"geometry":{"type":"Polygon","coordinates":[[[-40.057592399999976,-10.85769259999995],[-40.12303429999997,-10.84207299999997],[-40.135902199999975,-10.859844899999928],[-40.143252899999936,-10.853450899999928],[-40.168406999999945,-10.85745449999996],[-40.19045139999997,-10.835802299999955],[-40.181795499999964,-10.828780799999947],[-40.18902719999994,-10.81956329999997],[-40.213485299999945,-10.810171999999966],[-40.208529099999964,-10.789838199999963],[-40.22298689999997,-10.770057599999973],[-40.21757549999995,-10.75926069999997],[-40.225984299999936,-10.73872979999993],[-40.25366589999993,-10.74192069999998],[-40.260681199999965,-10.704620699999964],[-40.27294869999997,-10.698417699999936],[-40.267961999999955,-10.685325099999943],[-40.27758719999997,-10.684966699999961],[-40.282537299999944,-10.673115699999926],[-40.270494499999984,-10.634449099999927],[-40.28090789999993,-10.621451799999932],[-40.26163219999995,-10.617565699999943],[-40.25622189999996,-10.608599599999934],[-40.22089859999994,-10.610963799999979],[-40.183965599999965,-10.65258289999997],[-40.177798199999984,-10.628867899999932],[-40.16075589999997,-10.617412599999966],[-40.14257809999998,-10.638184299999978],[-40.01820929999997,-10.616879099999949],[-39.99655739999997,-10.628261099999975],[-40.015710799999965,-10.66636049999994],[-40.003934999999956,-10.672321799999963],[-40.02479909999994,-10.71130409999995],[-40.036546999999985,-10.76577279999998],[-40.02795669999995,-10.780058199999928],[-40.045616199999984,-10.80033869999994],[-40.057592399999976,-10.85769259999995]]]}},{"id":"1959","type":"Feature","properties":{"COD_IBGE":"2910909","MUNICIPIO":"Firmino Alves","UF":"BA"},"geometry":{"type":"Polygon","coordinates":[[[-39.907818299999974,-15.03677149999993],[-39.97655139999995,-14.958913199999927],[-39.966678799999954,-14.932407799999964],[-39.95919089999995,-14.93492219999996],[-39.948204799999985,-14.922563099999934],[-39.93795729999994,-14.877476199999933],[-39.94053829999996,-14.855551999999932],[-39.92104749999993,-14.84663519999998],[-39.907514599999956,-14.809598199999982],[-39.898315999999966,-14.82521259999993],[-39.874829199999965,-14.817662699999971],[-39.881747099999984,-14.866100299999971],[-39.862550399999975,-14.978324099999952],[-39.901046099999974,-15.035950399999933],[-39.907818299999974,-15.03677149999993]]]}},{"id":"1960","type":"Feature","properties":{"COD_IBGE":"2911006","MUNICIPIO":"Floresta Azul","UF":"BA"},"geometry":{"type":"Polygon","coordinates":[[[-39.749410299999965,-14.74332359999994],[-39.75286499999993,-14.716844699999967],[-39.65762739999997,-14.769686699999966],[-39.66428529999996,-14.79087759999993],[-39.64843339999993,-14.81266249999993],[-39.643799299999955,-14.847987299999943],[-39.63712909999998,-14.849127899999928],[-39.638255199999946,-14.917320699999948],[-39.66567489999994,-14.94072669999997],[-39.69939069999998,-14.934415699999931],[-39.70248189999995,-14.948278799999969],[-39.68890989999994,-14.952632299999948],[-39.69583869999997,-14.965473499999973],[-39.71699499999994,-14.97322319999995],[-39.72544719999996,-14.96535289999997],[-39.73222009999995,-14.91403639999993],[-39.737580299999934,-14.911951599999952],[-39.74342189999993,-14.923642099999938],[-39.75121229999996,-14.908593899999971],[-39.77092799999997,-14.909492099999966],[-39.77631109999993,-14.892635799999937],[-39.79740439999995,-14.883550799999966],[-39.80048389999996,-14.87364249999996],[-39.795158199999946,-14.85020069999996],[-39.802099099999964,-14.832755299999974],[-39.78380029999994,-14.804732699999931],[-39.78810109999995,-14.779409199999975],[-39.77938969999997,-14.741824099999974],[-39.784986999999944,-14.730315599999926],[-39.749410299999965,-14.74332359999994]]]}},{"id":"1961","type":"Feature","properties":{"COD_IBGE":"2911105","MUNICIPIO":"Formosa do Rio Preto","UF":"BA"},"geometry":{"type":"Polygon","coordinates":[[[-44.97914509999998,-10.957228699999973],[-44.977374699999984,-11.037159599999939],[-44.959943399999986,-11.065526099999943],[-44.96131799999995,-11.076532799999939],[-45.00875229999997,-11.123699399999964],[-44.985722099999975,-11.152472399999965],[-44.97694619999993,-11.189189299999953],[-44.941884899999934,-11.201101799999947],[-44.96308589999995,-11.22444429999996],[-44.950617499999964,-11.292544499999963],[-44.95904079999997,-11.312531899999954],[-44.99094939999998,-11.34665339999998],[-44.99269929999997,-11.362135299999977],[-45.029267999999945,-11.362251399999934],[-45.03982139999994,-11.38652419999994],[-45.058653499999934,-11.400999699999943],[-45.07949759999997,-11.393718599999943],[-45.12689649999993,-11.401713599999937],[-45.14072399999998,-11.41169949999994],[-45.16058959999998,-11.397858799999938],[-45.229660199999955,-11.422582899999952],[-45.25713029999997,-11.420672899999943],[-45.262242699999945,-11.40612109999995],[-45.276310799999976,-11.397692099999972],[-45.32454729999995,-11.396570499999939],[-45.380943599999966,-11.38405339999997],[-45.55707129999996,-11.477239899999972],[-45.63193579999995,-11.49358449999994],[-45.64880199999993,-11.441477599999928],[-45.658740999999964,-11.436962199999925],[-45.71981489999996,-11.45969649999995],[-45.77275499999996,-11.462271899999962],[-45.853972099999964,-11.491091899999958],[-45.878462799999966,-11.52692879999995],[-45.91461599999997,-11.534408299999939],[-45.96311849999995,-11.53057339999998],[-45.99299439999993,-11.541135999999938],[-46.004584799999975,-11.56393879999996],[-46.01468639999996,-11.548794199999975],[-46.10912689999998,-11.559634599999981],[-46.11280629999993,-11.60603569999995],[-46.209346299999936,-11.585350699999935],[-46.25048129999993,-11.536688999999967],[-46.349687899999935,-11.506195699999978],[-46.440434599999946,-11.52078899999998],[-46.524055499999974,-11.463634299999967],[-46.53202129999994,-11.37466569999998],[-46.56748289999996,-11.372003999999947],[-46.57723629999998,-11.360578999999973],[-46.55220289999994,-11.262798999999973],[-46.34155789999994,-10.939012299999945],[-46.26726629999996,-10.934802299999944],[-46.26053699999994,-10.812037399999952],[-46.22644509999998,-10.78293709999997],[-46.20619899999997,-10.800466599999936],[-46.19592199999994,-10.74522399999995],[-46.165151299999934,-10.722479199999952],[-46.15034629999997,-10.69155399999994],[-46.16076289999995,-10.659438999999963],[-46.14970489999996,-10.635910799999976],[-46.12729959999996,-10.620447299999967],[-46.060765199999935,-10.60017849999997],[-45.92922289999996,-10.521600699999965],[-45.87089729999997,-10.503278899999941],[-45.82125129999997,-10.458073999999954],[-45.798184599999956,-10.323247299999935],[-45.726889599999936,-10.312535699999955],[-45.699576099999945,-10.259686199999976],[-45.70197729999995,-10.179350399999976],[-45.72348389999996,-10.155412699999943],[-45.68471949999997,-10.153315599999928],[-45.64876409999994,-10.127333999999962],[-45.603176099999985,-10.10798219999998],[-45.58388929999995,-10.116991599999949],[-45.56745639999997,-10.139522499999941],[-45.56731089999994,-10.201484499999935],[-45.556867899999986,-10.218142999999941],[-45.52618669999998,-10.236927599999945],[-45.52110989999994,-10.28029799999996],[-45.48465179999994,-10.30489799999998],[-45.43032249999993,-10.359462999999948],[-45.42449659999994,-10.426490199999932],[-45.395994299999984,-10.445025199999975],[-45.40026889999996,-10.46307429999996],[-45.447256299999935,-10.50742299999996],[-45.43817789999997,-10.525524599999926],[-45.447331599999984,-10.55633759999995],[-45.436792999999966,-10.576773499999945],[-45.432425999999964,-10.630555199999947],[-45.41883249999995,-10.643819599999972],[-45.38521599999996,-10.65163259999997],[-45.36911619999995,-10.679949499999964],[-45.35821899999996,-10.732207499999959],[-45.322373599999935,-10.76026509999997],[-45.26846599999993,-10.776229799999953],[-45.24805189999995,-10.821967399999949],[-45.21922319999993,-10.817376099999933],[-45.21797109999994,-10.828900499999975],[-45.20512949999994,-10.83292739999996],[-45.105296299999964,-10.84681999999998],[-45.07323569999994,-10.840422599999954],[-45.03069179999994,-10.866651199999978],[-45.016597099999956,-10.884599099999946],[-44.97391819999996,-10.891474699999947],[-44.944694599999934,-10.91899959999995],[-44.96515389999996,-10.937241299999926],[-44.96848509999995,-10.953136099999938],[-44.97914509999998,-10.957228699999973]]]}},{"id":"1962","type":"Feature","properties":{"COD_IBGE":"2911204","MUNICIPIO":"Gandu","UF":"BA"},"geometry":{"type":"Polygon","coordinates":[[[-39.46823129999996,-13.876913399999978],[-39.495092599999964,-13.87759619999997],[-39.50535219999995,-13.865135899999927],[-39.49942189999996,-13.852012399999978],[-39.511263499999984,-13.862755399999969],[-39.52114869999997,-13.857051399999932],[-39.532614999999964,-13.865408799999955],[-39.54467459999995,-13.841786499999955],[-39.55640399999993,-13.837467699999934],[-39.529762699999935,-13.804289099999949],[-39.56528769999994,-13.755413999999973],[-39.55377029999994,-13.727102499999944],[-39.480470099999934,-13.710889699999939],[-39.430664699999966,-13.725318199999947],[-39.37988359999997,-13.714504199999965],[-39.393462599999964,-13.727615899999932],[-39.406492999999955,-13.764782699999955],[-39.420007699999985,-13.766692299999931],[-39.43873249999996,-13.802264099999945],[-39.43200509999997,-13.844290199999932],[-39.448050199999955,-13.891643699999975],[-39.46823129999996,-13.876913399999978]]]}},{"id":"1963","type":"Feature","properties":{"COD_IBGE":"2911253","MUNICIPIO":"Gavião","UF":"BA"},"geometry":{"type":"Polygon","coordinates":[[[-39.664013599999976,-11.453854399999955],[-39.61932379999996,-11.505060599999979],[-39.68018349999994,-11.558248899999967],[-39.73334989999995,-11.58785389999997],[-39.76948519999996,-11.591593199999977],[-39.80928639999996,-11.585055499999953],[-39.81774679999995,-11.59168189999997],[-39.84619889999993,-11.57616969999998],[-39.86516659999995,-11.581399799999929],[-39.89796039999993,-11.555853999999954],[-39.90288489999995,-11.503765499999929],[-39.89560709999995,-11.487336999999968],[-39.88321739999998,-11.481234799999982],[-39.86020009999993,-11.49153999999993],[-39.848266999999964,-11.480669299999931],[-39.83882909999994,-11.494984399999964],[-39.82596669999998,-11.48955639999997],[-39.81905399999994,-11.503957699999944],[-39.78312579999994,-11.463543199999947],[-39.77150869999997,-11.466305099999943],[-39.760913699999946,-11.446854199999962],[-39.76493519999997,-11.42870339999996],[-39.73814919999995,-11.416512199999943],[-39.73540329999997,-11.403786499999967],[-39.72027019999996,-11.394592799999941],[-39.66548569999998,-11.416846299999975],[-39.654584099999965,-11.436038799999949],[-39.664013599999976,-11.453854399999955]]]}},{"id":"1964","type":"Feature","properties":{"COD_IBGE":"2911303","MUNICIPIO":"Gentio do Ouro","UF":"BA"},"geometry":{"type":"Polygon","coordinates":[[[-42.356091799999945,-11.70461169999993],[-42.36861369999997,-11.760753099999931],[-42.39085609999995,-11.752447599999925],[-42.41911289999996,-11.765135099999952],[-42.443988599999955,-11.757908799999939],[-42.472150599999964,-11.72523469999993],[-42.48761489999998,-11.775372799999957],[-42.52033239999997,-11.749030299999959],[-42.56521109999994,-11.735893399999952],[-42.594371999999964,-11.708478799999966],[-42.62317849999994,-11.718232899999975],[-42.66752379999997,-11.709587399999975],[-42.680586699999935,-11.719916799999964],[-42.716574599999944,-11.71822359999993],[-42.74671459999996,-11.731156099999964],[-42.74605299999996,-11.716390199999978],[-42.73655899999994,-11.714378799999963],[-42.74276939999993,-11.705468399999972],[-42.788409599999966,-11.690471299999956],[-42.81386429999998,-11.64974369999993],[-42.864464099999964,-11.599066099999959],[-42.86270959999996,-11.543304899999953],[-42.83676849999995,-11.527337599999953],[-42.91261979999996,-11.277262599999972],[-42.813241999999946,-11.310789799999952],[-42.836834899999985,-11.273693899999955],[-42.834788199999934,-11.251809099999946],[-42.841907299999946,-11.251247199999966],[-42.836045199999944,-11.234772899999939],[-42.84350959999995,-11.214522399999964],[-42.83254009999996,-11.198503699999947],[-42.83837479999994,-11.156511499999965],[-42.82203039999996,-11.141103899999962],[-42.80431249999998,-11.141535099999942],[-42.802642299999945,-11.12604209999995],[-42.78623699999997,-11.119551999999942],[-42.78694409999997,-11.109644699999933],[-42.774238999999966,-11.106268499999942],[-42.76616429999996,-11.091966399999933],[-42.77071349999994,-11.076672299999927],[-42.79060009999995,-11.058312999999941],[-42.75428109999996,-11.039486799999963],[-42.76114699999994,-11.001756999999941],[-42.75185729999998,-11.011360299999978],[-42.722666499999946,-11.003276599999936],[-42.67132109999994,-11.014607299999966],[-42.65759189999994,-11.031839899999966],[-42.63476609999998,-11.039810199999977],[-42.62010649999996,-11.087540099999956],[-42.53820049999996,-11.005028399999958],[-42.51724059999998,-11.009596099999953],[-42.52476869999998,-11.04888699999998],[-42.510114699999974,-11.060457499999927],[-42.50011179999996,-11.096276099999955],[-42.51093509999998,-11.105410399999926],[-42.516466299999934,-11.132805899999937],[-42.506593599999974,-11.153386799999964],[-42.48687599999994,-11.14931619999993],[-42.48075119999993,-11.16024619999996],[-42.451175999999975,-11.216912499999978],[-42.45947679999995,-11.226459399999953],[-42.442949699999986,-11.245442899999944],[-42.44601769999997,-11.261722599999928],[-42.42783979999996,-11.28525099999996],[-42.34797109999994,-11.277584599999955],[-42.32626039999997,-11.290003399999932],[-42.33787029999996,-11.297023999999965],[-42.329896099999985,-11.311468299999945],[-42.31411429999997,-11.304717599999947],[-42.30824839999997,-11.333455499999957],[-42.295933299999945,-11.337343499999974],[-42.30606119999993,-11.343624699999964],[-42.29813789999997,-11.349604399999976],[-42.295695499999965,-11.37200189999993],[-42.305593199999976,-11.396034199999974],[-42.299886999999956,-11.403551799999946],[-42.323959799999955,-11.42607419999996],[-42.33202419999998,-11.451698699999952],[-42.35620609999995,-11.466625199999953],[-42.361653399999966,-11.480411999999944],[-42.32562399999995,-11.587868999999955],[-42.340999299999964,-11.589012799999978],[-42.34112819999996,-11.60897689999996],[-42.35418099999998,-11.633209699999952],[-42.354349799999966,-11.674710299999958],[-42.343343999999945,-11.679215499999941],[-42.34121029999994,-11.68889889999997],[-42.356091799999945,-11.70461169999993]]]}},{"id":"1965","type":"Feature","properties":{"COD_IBGE":"2911402","MUNICIPIO":"Glória","UF":"BA"},"geometry":{"type":"Polygon","coordinates":[[[-38.21489839999998,-9.353012099999944],[-38.284088199999985,-9.385092699999973],[-38.30096329999998,-9.387696799999958],[-38.321196199999974,-9.378973299999927],[-38.341952799999945,-9.390531299999964],[-38.364960199999985,-9.381995599999925],[-38.38892759999993,-9.402943099999959],[-38.43996729999998,-9.413767199999938],[-38.50871559999996,-9.35365059999998],[-38.49306029999997,-9.489765599999942],[-38.639891399999954,-9.53041989999997],[-38.61729169999995,-9.44606639999995],[-38.570054599999935,-9.41262469999998],[-38.56908349999998,-9.33963099999994],[-38.56146419999993,-9.31771809999998],[-38.57355819999998,-9.290503799999954],[-38.56442109999995,-9.258751399999937],[-38.602691999999934,-9.26547329999994],[-38.60762609999995,-9.256578599999955],[-38.59186219999998,-9.21984569999995],[-38.59795959999997,-9.18787169999996],[-38.583980199999985,-9.17493339999993],[-38.584237299999984,-9.036053099999947],[-38.54805619999996,-8.99102739999995],[-38.537050499999964,-8.959781899999939],[-38.51404209999998,-8.960038599999962],[-38.48404279999994,-9.001021699999967],[-38.44909969999998,-9.026358799999969],[-38.41545139999994,-9.038569799999948],[-38.396695799999975,-9.033041399999945],[-38.34828739999995,-8.993142399999954],[-38.31917499999997,-8.992060299999935],[-38.28888039999998,-9.04034299999995],[-38.32586669999995,-9.077992599999959],[-38.32026099999996,-9.091290299999969],[-38.30442299999993,-9.09821119999998],[-38.32140179999993,-9.116880599999945],[-38.31949339999994,-9.138229299999978],[-38.28760099999994,-9.173883899999964],[-38.280075599999975,-9.20721889999993],[-38.287512799999945,-9.217129299999954],[-38.23954119999996,-9.327128899999934],[-38.21489839999998,-9.353012099999944]]]}},{"id":"1966","type":"Feature","properties":{"COD_IBGE":"2911501","MUNICIPIO":"Gongogi","UF":"BA"},"geometry":{"type":"Polygon","coordinates":[[[-39.57988389999997,-14.25017029999998],[-39.44250029999995,-14.304440899999975],[-39.44051639999998,-14.311034699999936],[-39.46115549999996,-14.321272199999953],[-39.46463769999997,-14.340801399999975],[-39.48762629999993,-14.34214849999995],[-39.496621199999936,-14.33349439999995],[-39.50373449999995,-14.351223199999936],[-39.51255999999995,-14.348103099999946],[-39.51236159999996,-14.338367699999935],[-39.52630009999996,-14.34927829999998],[-39.540912599999956,-14.341383899999926],[-39.55324669999993,-14.346395099999938],[-39.56443669999993,-14.334651999999949],[-39.55199829999998,-14.305776799999933],[-39.57428119999997,-14.298185299999943],[-39.59965999999997,-14.31087279999997],[-39.62543059999996,-14.28784589999998],[-39.62838969999996,-14.272029399999951],[-39.640871699999934,-14.267171699999949],[-39.65254779999998,-14.274590899999964],[-39.65262199999995,-14.285230499999955],[-39.66541349999994,-14.280543399999942],[-39.677107199999966,-14.293389699999977],[-39.65889869999995,-14.317735599999935],[-39.66790999999995,-14.31878729999994],[-39.66392089999994,-14.328878499999973],[-39.68551489999993,-14.328042299999936],[-39.67845969999996,-14.331594099999961],[-39.68538419999993,-14.343032999999934],[-39.68233239999995,-14.356523999999979],[-39.696571699999936,-14.369579199999976],[-39.66583509999998,-14.184508799999946],[-39.65953669999993,-14.19718729999994],[-39.66761379999997,-14.214080699999954],[-39.65106439999994,-14.21758019999993],[-39.638133799999935,-14.204600899999946],[-39.60941479999997,-14.218861699999934],[-39.59030459999997,-14.210459499999956],[-39.57395459999998,-14.21814749999993],[-39.57988389999997,-14.25017029999998]]]}},{"id":"1967","type":"Feature","properties":{"COD_IBGE":"2911600","MUNICIPIO":"Governador Mangabeira","UF":"BA"},"geometry":{"type":"Polygon","coordinates":[[[-39.058366399999954,-12.635306999999955],[-39.107966999999974,-12.592508099999975],[-39.17003539999996,-12.59405929999997],[-39.17830539999994,-12.585516199999972],[-39.13361439999994,-12.559485699999982],[-39.05792719999994,-12.540450499999963],[-39.02455919999994,-12.553020699999934],[-38.99047479999996,-12.595261799999946],[-39.01503999999994,-12.603089099999977],[-39.01447969999998,-12.617142999999942],[-39.058366399999954,-12.635306999999955]]]}},{"id":"1968","type":"Feature","properties":{"COD_IBGE":"2911659","MUNICIPIO":"Guajeru","UF":"BA"},"geometry":{"type":"Polygon","coordinates":[[[-41.96601099999998,-14.699822499999982],[-42.00788869999997,-14.680164999999931],[-41.997879799999964,-14.66024909999993],[-42.03758499999998,-14.663043799999969],[-42.05153829999995,-14.674180499999977],[-42.05319289999994,-14.691241599999955],[-42.068755299999964,-14.674798799999962],[-42.085613499999965,-14.681736399999977],[-42.15690639999997,-14.597041599999955],[-42.15418119999998,-14.528233799999953],[-42.17826169999995,-14.514487599999939],[-42.15121379999994,-14.489334799999938],[-42.07066869999994,-14.44713719999993],[-41.93176209999996,-14.419380099999955],[-41.83600699999994,-14.465133199999968],[-41.793297199999984,-14.467994699999963],[-41.818354899999974,-14.486766599999953],[-41.79962429999995,-14.50281629999995],[-41.80613779999993,-14.530004499999961],[-41.85406849999998,-14.534383699999978],[-41.86394329999996,-14.54782769999997],[-41.862277699999936,-14.559487099999956],[-41.87465089999995,-14.564602899999954],[-41.860537299999976,-14.581493299999977],[-41.845131899999956,-14.57611929999996],[-41.87628769999998,-14.692088999999953],[-41.88740439999998,-14.695140699999968],[-41.89450439999996,-14.705027299999927],[-41.88907459999996,-14.711573399999963],[-41.90706179999995,-14.730051999999944],[-41.90101529999998,-14.738918499999954],[-41.92530439999996,-14.740165199999979],[-41.92664209999998,-14.704204299999958],[-41.96416919999996,-14.708612099999982],[-41.96601099999998,-14.699822499999982]]]}},{"id":"1969","type":"Feature","properties":{"COD_IBGE":"2911709","MUNICIPIO":"Guanambi","UF":"BA"},"geometry":{"type":"Polygon","coordinates":[[[-42.58048059999993,-14.200757599999974],[-42.59932699999996,-14.255390399999953],[-42.591720399999986,-14.27139649999998],[-42.603889599999945,-14.274972299999945],[-42.609907599999985,-14.295577099999946],[-42.61961229999997,-14.296487599999978],[-42.70920679999995,-14.388578999999936],[-42.70447339999998,-14.365264399999944],[-42.71637069999997,-14.354889899999932],[-42.71244059999998,-14.325166199999956],[-42.74774929999995,-14.311643499999946],[-42.75138949999996,-14.29639039999995],[-42.88129299999997,-14.321478299999967],[-42.903088999999966,-14.340467899999965],[-42.92548459999995,-14.34117219999996],[-42.93887589999997,-14.34903799999995],[-42.938121199999955,-14.367178599999932],[-42.955074999999965,-14.396148299999936],[-42.97367479999997,-14.390569999999968],[-42.973986399999944,-14.37781979999994],[-42.996924099999944,-14.365918699999952],[-43.008289299999944,-14.349037299999964],[-43.07005099999998,-14.322077499999978],[-42.97476259999996,-14.186544099999935],[-42.963144899999975,-14.185359199999937],[-42.97220909999993,-14.166061199999945],[-42.93758819999994,-14.102822899999978],[-42.94606239999996,-14.014634099999967],[-42.91546429999994,-13.982431099999928],[-42.89177369999993,-13.990747099999965],[-42.85892019999994,-14.019188699999972],[-42.81252649999993,-14.018842699999936],[-42.77229599999998,-14.083070899999939],[-42.720302199999935,-14.103743599999973],[-42.71022369999997,-14.10092009999994],[-42.69712199999998,-14.077518899999973],[-42.688801499999954,-14.107548599999973],[-42.67629489999996,-14.11686119999996],[-42.62943219999994,-14.139857499999948],[-42.60062499999998,-14.141083799999933],[-42.598000799999966,-14.176043399999969],[-42.58048059999993,-14.200757599999974]]]}},{"id":"1970","type":"Feature","properties":{"COD_IBGE":"2911808","MUNICIPIO":"Guaratinga","UF":"BA"},"geometry":{"type":"Polygon","coordinates":[[[-39.854236999999955,-16.75213599999995],[-39.884573399999965,-16.74441939999997],[-39.89025849999996,-16.725995199999943],[-39.916783899999984,-16.734074199999952],[-39.92743139999993,-16.726722799999948],[-39.93757309999995,-16.732366499999955],[-39.94517049999996,-16.726075899999955],[-39.95522439999996,-16.734470199999976],[-39.96868959999995,-16.729626499999938],[-39.97611639999997,-16.706470499999966],[-39.96560619999997,-16.695287399999927],[-39.99007689999996,-16.701559199999963],[-39.996106699999984,-16.711865299999943],[-40.00815049999994,-16.70180679999993],[-40.02223189999995,-16.71381779999996],[-40.03630889999994,-16.703877999999975],[-40.061987999999985,-16.717100699999946],[-40.076760899999954,-16.706508199999973],[-40.087194599999975,-16.67505989999995],[-40.09314169999993,-16.685770899999966],[-40.12696669999997,-16.679161199999953],[-40.13838789999994,-16.714438599999937],[-40.15548739999997,-16.716651499999955],[-40.16406479999995,-16.71036399999997],[-40.159028199999966,-16.693527999999958],[-40.186252699999955,-16.69868459999998],[-40.19759359999995,-16.708819699999935],[-40.203449699999965,-16.696042399999953],[-40.211278999999934,-16.707501799999932],[-40.219125599999984,-16.703164399999935],[-40.247450999999955,-16.715617899999927],[-40.262662199999966,-16.70774389999997],[-40.26744699999995,-16.697788299999957],[-40.26187299999998,-16.68310299999996],[-40.271063599999934,-16.67671219999994],[-40.28311359999998,-16.672905999999955],[-40.29861469999997,-16.69888099999997],[-40.31104659999994,-16.695838799999933],[-40.314023299999974,-16.681776199999945],[-40.298247999999944,-16.652465999999947],[-40.275490099999956,-16.573417699999936],[-40.24702569999994,-16.573562299999935],[-40.234127599999965,-16.557932299999948],[-40.21202419999997,-16.573123099999975],[-40.19018459999995,-16.57096569999993],[-40.17412459999997,-16.58261189999996],[-40.15789739999997,-16.579454899999973],[-40.15355749999998,-16.56168839999998],[-40.16552009999998,-16.537978099999975],[-40.17493689999998,-16.537232399999937],[-40.168466499999965,-16.535157399999946],[-40.17078109999994,-16.523621999999932],[-40.161231999999984,-16.523444299999937],[-40.11654559999994,-16.466499599999963],[-40.09866409999995,-16.42121009999994],[-40.092240699999934,-16.434556999999927],[-40.09704789999995,-16.448046699999963],[-40.08398129999995,-16.463926499999957],[-40.06918299999995,-16.460725699999955],[-40.06271689999994,-16.43198629999995],[-40.05202429999997,-16.43166059999993],[-40.03249889999995,-16.39199789999998],[-40.025216099999966,-16.357362199999955],[-39.99552349999993,-16.330665799999963],[-39.991101999999955,-16.31273429999993],[-39.978389499999935,-16.31113679999993],[-39.96667269999995,-16.32720919999997],[-39.95424479999997,-16.30002499999995],[-39.932657699999936,-16.28360349999997],[-39.903229299999964,-16.285496799999976],[-39.888065799999936,-16.24407919999993],[-39.87085719999993,-16.25767989999997],[-39.86341249999998,-16.253170999999952],[-39.86414979999995,-16.266440399999965],[-39.84957119999996,-16.274184599999955],[-39.84263729999998,-16.29500539999998],[-39.77867859999998,-16.354215799999963],[-39.758816399999944,-16.38554309999995],[-39.75572749999998,-16.393642599999964],[-39.77317369999997,-16.41221939999997],[-39.76341469999994,-16.44330439999993],[-39.74308879999995,-16.452428599999962],[-39.72047459999993,-16.43692679999998],[-39.724468599999966,-16.462293399999965],[-39.73497359999993,-16.47123739999995],[-39.736442599999975,-16.513604399999963],[-39.69841489999993,-16.547821299999953],[-39.64818839999998,-16.57204289999993],[-39.676700799999935,-16.67552369999993],[-39.66819289999995,-16.694672199999957],[-39.676139699999965,-16.73111629999994],[-39.66411019999998,-16.748082299999965],[-39.66071019999998,-16.78088649999995],[-39.68475399999994,-16.74916819999993],[-39.68027919999997,-16.737991499999964],[-39.69766899999996,-16.728782499999966],[-39.70514689999993,-16.736634599999945],[-39.72087229999994,-16.730237099999954],[-39.725039299999935,-16.744294699999955],[-39.74571549999996,-16.749363999999957],[-39.75333449999994,-16.739322199999947],[-39.77251769999998,-16.734766299999933],[-39.78734469999995,-16.75448679999994],[-39.79636009999996,-16.75058819999998],[-39.81522479999995,-16.763892399999975],[-39.847605699999974,-16.761571999999944],[-39.854236999999955,-16.75213599999995]]]}},{"id":"1971","type":"Feature","properties":{"COD_IBGE":"2911857","MUNICIPIO":"Heliópolis","UF":"BA"},"geometry":{"type":"Polygon","coordinates":[[[-38.24793989999995,-10.708253899999931],[-38.21452579999993,-10.725050199999941],[-38.20935979999996,-10.760435299999926],[-38.218588599999975,-10.783297199999936],[-38.23563869999998,-10.794629199999974],[-38.23682829999996,-10.808163499999978],[-38.24963769999994,-10.82081439999996],[-38.26808489999996,-10.814464899999962],[-38.29824389999993,-10.827517099999966],[-38.34314349999994,-10.816498599999932],[-38.33964789999993,-10.826895499999978],[-38.35298749999998,-10.840249699999958],[-38.377023099999974,-10.840224699999965],[-38.37653689999996,-10.70799489999996],[-38.39483439999998,-10.706631499999958],[-38.398004999999955,-10.632714599999929],[-38.29087679999998,-10.652729199999953],[-38.25299879999994,-10.690190799999925],[-38.24793989999995,-10.708253899999931]]]}},{"id":"1972","type":"Feature","properties":{"COD_IBGE":"2911907","MUNICIPIO":"Iaçu","UF":"BA"},"geometry":{"type":"Polygon","coordinates":[[[-40.216633599999966,-12.765579399999979],[-40.18280889999994,-12.732786099999942],[-40.180967099999975,-12.69796219999995],[-40.153741399999944,-12.698833299999933],[-40.13502369999998,-12.686478499999964],[-40.120417799999984,-12.68769599999996],[-40.090188799999964,-12.637903699999981],[-40.05619009999998,-12.61342389999993],[-40.045475899999985,-12.563369799999975],[-40.027210199999956,-12.560007299999938],[-40.017625899999985,-12.56800869999995],[-40.001729799999964,-12.557394699999975],[-39.97444589999998,-12.56263819999998],[-39.95055049999996,-12.557042099999933],[-39.93795329999995,-12.547878999999966],[-39.92568989999995,-12.521602099999939],[-39.91013039999996,-12.51674989999998],[-39.894003399999974,-12.524106399999937],[-39.853547299999946,-12.512418799999978],[-39.82745019999993,-12.534367999999972],[-39.80455359999996,-12.536128399999939],[-39.79181189999997,-12.557630599999982],[-39.78702539999995,-12.614946199999963],[-39.805908699999975,-12.686456499999963],[-39.79730209999997,-12.704937099999938],[-39.85569879999997,-12.795600399999955],[-39.89419559999993,-12.753392499999961],[-39.92812129999993,-12.817083199999956],[-39.89980449999996,-12.874644499999931],[-39.988107499999956,-12.930630599999972],[-39.992843499999935,-12.965690499999937],[-40.06543919999996,-12.992718399999944],[-40.14401509999993,-12.982302499999946],[-40.173300799999936,-13.020840299999975],[-40.19798739999993,-13.036472799999956],[-40.19917529999998,-13.048684999999978],[-40.32114439999998,-13.040358399999946],[-40.345941299999936,-13.062546999999938],[-40.32991959999998,-13.09126139999995],[-40.40014699999995,-13.066205699999955],[-40.408655899999985,-13.08636439999998],[-40.415801999999985,-13.08750159999994],[-40.47175359999994,-13.000068699999929],[-40.487599899999964,-12.946255299999962],[-40.48056169999995,-12.94185529999993],[-40.46187239999995,-12.949270999999953],[-40.42541819999997,-12.921602399999927],[-40.42078929999997,-12.886753899999974],[-40.38436139999993,-12.866164999999967],[-40.381929199999945,-12.856530499999963],[-40.39111499999996,-12.851949499999932],[-40.37069839999998,-12.800273699999934],[-40.349834999999985,-12.790099599999962],[-40.344140799999934,-12.769089299999962],[-40.308676899999966,-12.747579599999938],[-40.292584499999975,-12.745889399999953],[-40.216633599999966,-12.765579399999979]]]}},{"id":"1973","type":"Feature","properties":{"COD_IBGE":"2912004","MUNICIPIO":"Ibiassucê","UF":"BA"},"geometry":{"type":"Polygon","coordinates":[[[-42.24536329999995,-14.191438699999935],[-42.20785459999996,-14.204945799999962],[-42.17253269999998,-14.245774499999982],[-42.186428699999965,-14.260814399999958],[-42.20471859999998,-14.31613729999998],[-42.204484899999954,-14.353575399999954],[-42.194157099999984,-14.375364399999967],[-42.27050809999997,-14.38294209999998],[-42.29723739999997,-14.376512399999967],[-42.32243189999997,-14.392331299999967],[-42.33002239999996,-14.381861699999945],[-42.35600919999996,-14.377176899999938],[-42.374675699999955,-14.391757199999972],[-42.39695429999995,-14.373450099999957],[-42.41775899999993,-14.371235199999944],[-42.42769199999998,-14.356114599999955],[-42.46316249999995,-14.364547999999957],[-42.455059999999946,-14.342246399999965],[-42.43331169999993,-14.32758309999997],[-42.443631299999936,-14.311206499999969],[-42.431341799999984,-14.30451069999998],[-42.327175799999964,-14.171072399999957],[-42.31783849999994,-14.180417599999942],[-42.30317309999998,-14.174721999999974],[-42.29507419999993,-14.18946649999998],[-42.285342999999955,-14.176449199999979],[-42.26054529999993,-14.18496399999998],[-42.25802169999997,-14.195562099999961],[-42.24536329999995,-14.191438699999935]]]}},{"id":"1974","type":"Feature","properties":{"COD_IBGE":"2912103","MUNICIPIO":"Ibicaraí","UF":"BA"},"geometry":{"type":"Polygon","coordinates":[[[-39.51313229999994,-14.80830489999994],[-39.49131719999997,-14.823706699999946],[-39.47749129999994,-14.822036599999933],[-39.47289579999995,-14.892676599999959],[-39.486359499999935,-14.89385679999998],[-39.503801099999976,-14.909986999999944],[-39.50480649999997,-14.90133179999998],[-39.52066819999993,-14.893909399999927],[-39.52807799999994,-14.90781149999998],[-39.55553569999995,-14.920465899999954],[-39.56611749999996,-14.916791199999977],[-39.56536959999994,-14.906321599999956],[-39.58071639999997,-14.902354799999955],[-39.58682909999993,-14.907882299999926],[-39.59115349999996,-14.901476899999977],[-39.61670979999997,-14.911848999999961],[-39.62161949999995,-14.927650999999969],[-39.638255199999946,-14.917320699999948],[-39.63712909999998,-14.849127899999928],[-39.643799299999955,-14.847987299999943],[-39.64843339999993,-14.81266249999993],[-39.66428529999996,-14.79087759999993],[-39.65762739999997,-14.769686699999966],[-39.61890619999997,-14.788872499999968],[-39.55365919999997,-14.778366699999935],[-39.55994549999997,-14.793391999999926],[-39.50982369999997,-14.800304199999971],[-39.51313229999994,-14.80830489999994]]]}},{"id":"1975","type":"Feature","properties":{"COD_IBGE":"2912202","MUNICIPIO":"Ibicoara","UF":"BA"},"geometry":{"type":"Polygon","coordinates":[[[-41.23675639999993,-13.461168999999927],[-41.31024559999997,-13.495578499999965],[-41.352559499999984,-13.490133499999956],[-41.48728029999995,-13.523691099999951],[-41.50337879999995,-13.514997199999982],[-41.49910129999995,-13.481487899999934],[-41.50731209999998,-13.47734939999998],[-41.502858499999945,-13.466628299999968],[-41.51126829999998,-13.447094499999935],[-41.528953599999966,-13.445946699999979],[-41.547407799999974,-13.425871599999937],[-41.445879899999966,-13.383578199999931],[-41.43702319999994,-13.328830499999981],[-41.45373259999997,-13.295818899999972],[-41.45398469999998,-13.263077899999928],[-41.44591829999996,-13.25069689999998],[-41.414435899999944,-13.245380499999953],[-41.39926849999995,-13.224425899999972],[-41.38274279999996,-13.271188499999937],[-41.349266599999964,-13.28125799999998],[-41.334907699999974,-13.298897899999929],[-41.29057149999994,-13.322472299999959],[-41.18510249999997,-13.22995119999996],[-41.14321739999997,-13.299037399999975],[-41.125936399999944,-13.28720949999996],[-41.10591229999994,-13.293574499999977],[-41.104778299999964,-13.318897499999935],[-41.115319399999976,-13.32400249999995],[-41.11705009999997,-13.340166899999929],[-41.12698039999998,-13.333034099999963],[-41.12978919999995,-13.361943899999972],[-41.15570729999996,-13.37722789999998],[-41.16061469999994,-13.40328119999998],[-41.187090499999954,-13.405136999999968],[-41.21830109999996,-13.429352999999935],[-41.23034409999997,-13.426807799999949],[-41.23675639999993,-13.461168999999927]]]}},{"id":"1976","type":"Feature","properties":{"COD_IBGE":"2912301","MUNICIPIO":"Ibicuí","UF":"BA"},"geometry":{"type":"Polygon","coordinates":[[[-40.00089579999997,-14.97494699999993],[-40.04570609999996,-14.952099699999962],[-40.03616479999994,-14.91576329999998],[-40.04561909999995,-14.869081499999936],[-40.036006199999974,-14.828323299999965],[-40.025359299999934,-14.821906199999944],[-40.014939099999935,-14.787280799999962],[-40.03438699999998,-14.755007899999953],[-40.03349079999998,-14.743781999999953],[-40.022438799999975,-14.731052399999953],[-39.97918819999995,-14.716659099999958],[-39.98064759999994,-14.694159899999931],[-39.951606099999935,-14.667627399999958],[-39.94041649999997,-14.686424599999953],[-39.925715199999956,-14.686304699999937],[-39.918231799999944,-14.671969199999978],[-39.91040149999998,-14.678934599999934],[-39.91032829999995,-14.670174999999972],[-39.900183599999934,-14.670409799999959],[-39.89965179999996,-14.640946199999973],[-39.887305599999934,-14.630328899999938],[-39.873135099999956,-14.591018099999928],[-39.963077399999975,-14.482856499999968],[-39.96001769999998,-14.472017899999969],[-39.952601899999934,-14.466641799999934],[-39.943733899999984,-14.47955479999996],[-39.918997099999956,-14.468439599999954],[-39.89878449999998,-14.434312199999965],[-39.87267609999998,-14.432910999999933],[-39.867951199999936,-14.444047799999964],[-39.858119699999975,-14.442616899999962],[-39.85746199999994,-14.451582899999948],[-39.84534569999994,-14.436166399999934],[-39.837395199999946,-14.44329769999996],[-39.82961769999997,-14.43234689999997],[-39.83252699999997,-14.394427399999927],[-39.79011909999997,-14.350616499999944],[-39.76392989999994,-14.359482799999967],[-39.741493599999956,-14.347527599999978],[-39.74231329999998,-14.37165989999994],[-39.72028319999998,-14.375813999999934],[-39.72765489999995,-14.366381699999977],[-39.718917999999974,-14.360992799999963],[-39.71449869999998,-14.36947239999995],[-39.696807699999965,-14.369439299999954],[-39.716152299999976,-14.411913599999934],[-39.703097699999944,-14.434632399999941],[-39.73307969999996,-14.516384799999969],[-39.73535489999995,-14.55528899999996],[-39.71564049999995,-14.57856819999995],[-39.729408699999965,-14.637807799999962],[-39.74572909999995,-14.657907199999954],[-39.75642319999997,-14.701092199999948],[-39.749410299999965,-14.74332359999994],[-39.784986999999944,-14.730315599999926],[-39.781703799999946,-14.744700299999977],[-39.822044999999946,-14.747453699999937],[-39.831889399999966,-14.775817099999927],[-39.869122999999945,-14.791869199999951],[-39.873798499999964,-14.81723119999998],[-39.898315999999966,-14.82521259999993],[-39.90897079999996,-14.80991229999995],[-39.92104749999993,-14.84663519999998],[-39.94053829999996,-14.855551999999932],[-39.93795729999994,-14.877476199999933],[-39.948204799999985,-14.922563099999934],[-39.95919089999995,-14.93492219999996],[-39.966678799999954,-14.932407799999964],[-39.97936089999996,-14.965170499999942],[-40.00089579999997,-14.97494699999993]]]}},{"id":"1977","type":"Feature","properties":{"COD_IBGE":"2912400","MUNICIPIO":"Ibipeba","UF":"BA"},"geometry":{"type":"Polygon","coordinates":[[[-42.036635099999955,-11.728440699999965],[-42.136236699999984,-11.74119079999997],[-42.360024599999974,-11.71398679999993],[-42.34121029999994,-11.68889889999997],[-42.343343999999945,-11.679215499999941],[-42.354349799999966,-11.674710299999958],[-42.35418099999998,-11.633209699999952],[-42.34112819999996,-11.60897689999996],[-42.340999299999964,-11.589012799999978],[-42.32562399999995,-11.587868999999955],[-42.361653399999966,-11.480411999999944],[-42.35620609999995,-11.466625199999953],[-42.33202419999998,-11.451698699999952],[-42.323959799999955,-11.42607419999996],[-42.302940699999965,-11.408713199999966],[-42.305593199999976,-11.396034199999974],[-42.295654499999955,-11.381580799999938],[-42.29813789999997,-11.349604399999976],[-42.30606119999993,-11.343624699999964],[-42.295933299999945,-11.337343499999974],[-42.30824839999997,-11.333455499999957],[-42.314326499999936,-11.304390599999977],[-42.32808829999993,-11.312735799999928],[-42.33780779999995,-11.297935999999936],[-42.32596369999993,-11.286050699999976],[-42.24029009999998,-11.261234999999942],[-42.223860799999954,-11.304788299999927],[-42.19458139999995,-11.340722699999958],[-42.18075529999993,-11.345722499999965],[-42.17558359999998,-11.397190099999932],[-42.15965569999997,-11.40488229999994],[-42.15696249999996,-11.44355749999994],[-42.169510299999956,-11.455837499999973],[-42.164080299999966,-11.480226499999958],[-42.12622819999996,-11.494160299999976],[-42.117985199999964,-11.524804699999947],[-42.08594549999998,-11.522247599999957],[-42.08703299999996,-11.53955099999996],[-42.06778529999997,-11.595680399999935],[-42.04438659999994,-11.55198699999994],[-42.04358929999995,-11.571370399999978],[-41.93409809999997,-11.666645199999948],[-41.923492599999975,-11.738727299999937],[-41.911350899999945,-11.759545599999967],[-41.919768999999974,-11.77402879999994],[-41.932680699999935,-11.77861379999996],[-41.93558299999995,-11.79437919999998],[-41.94272529999995,-11.792344399999934],[-41.94300099999998,-11.805467599999929],[-41.955403899999965,-11.799918499999933],[-41.95755389999994,-11.805020199999944],[-41.97082569999998,-11.801539699999978],[-41.974058199999945,-11.778339999999957],[-41.96702319999997,-11.76164099999994],[-41.987047099999984,-11.752093199999933],[-41.98910289999998,-11.74266739999996],[-42.036635099999955,-11.728440699999965]]]}},{"id":"1978","type":"Feature","properties":{"COD_IBGE":"2912509","MUNICIPIO":"Ibipitanga","UF":"BA"},"geometry":{"type":"Polygon","coordinates":[[[-42.21753639999997,-12.98350419999997],[-42.24754699999994,-12.977164699999946],[-42.25772039999998,-12.981810499999938],[-42.26882279999995,-12.994030499999951],[-42.266791799999964,-13.007722699999931],[-42.28922929999993,-13.033871199999965],[-42.30374599999993,-13.026478999999938],[-42.33719019999995,-13.04306379999997],[-42.35421279999997,-13.033832099999927],[-42.377736099999936,-13.04900809999998],[-42.41350319999998,-13.02673059999995],[-42.422035499999936,-12.987949699999945],[-42.41339689999995,-12.982287999999926],[-42.418367399999966,-12.968306699999971],[-42.440881099999956,-12.947600499999965],[-42.455952199999956,-12.94744099999997],[-42.44842999999997,-12.926973999999973],[-42.45813179999993,-12.926309499999945],[-42.46108229999993,-12.914348299999972],[-42.49151219999993,-12.896762099999933],[-42.49110289999993,-12.87096409999998],[-42.50286189999997,-12.864001599999938],[-42.49814989999993,-12.85424489999997],[-42.52962499999995,-12.823812399999952],[-42.51108009999996,-12.775344899999936],[-42.49558229999997,-12.767854099999965],[-42.50112789999997,-12.749635399999931],[-42.49485779999998,-12.741076799999973],[-42.504750799999954,-12.737552599999958],[-42.517166299999985,-12.71172759999996],[-42.500167999999974,-12.717047899999955],[-42.47876579999996,-12.710953999999958],[-42.45051939999996,-12.687060499999973],[-42.41912999999994,-12.697756899999945],[-42.39586769999994,-12.696812299999976],[-42.35354369999993,-12.716955299999938],[-42.29723689999997,-12.703458599999976],[-42.26988199999994,-12.717420699999934],[-42.24241489999997,-12.807406499999956],[-42.248739099999966,-12.81606549999998],[-42.22379769999998,-12.862359799999979],[-42.212089299999946,-12.921746299999938],[-42.19617409999995,-12.922230099999979],[-42.16771479999994,-12.958196199999975],[-42.20223699999997,-12.964661599999943],[-42.21753639999997,-12.98350419999997]]]}},{"id":"1979","type":"Feature","properties":{"COD_IBGE":"2912608","MUNICIPIO":"Ibiquera","UF":"BA"},"geometry":{"type":"Polygon","coordinates":[[[-40.95937589999994,-12.469834799999944],[-40.78110079999993,-12.451041399999951],[-40.77528899999993,-12.457663699999955],[-40.77457039999996,-12.470347599999968],[-40.79093979999993,-12.472611299999926],[-40.79362009999994,-12.48527619999993],[-40.77550209999998,-12.523824999999931],[-40.78439799999995,-12.547135999999966],[-40.76457579999993,-12.559902499999964],[-40.76390049999998,-12.575560999999936],[-40.78119879999997,-12.590238399999976],[-40.757474799999954,-12.66373539999995],[-40.77050289999994,-12.668822099999943],[-40.77893149999994,-12.68632679999996],[-40.80893949999995,-12.68892169999998],[-40.80845309999995,-12.69890659999993],[-40.82164779999994,-12.700277999999969],[-40.82203229999993,-12.708819699999935],[-40.84373499999998,-12.71831549999996],[-40.853657399999975,-12.737760399999956],[-40.85144449999996,-12.749924199999953],[-40.88292119999994,-12.762630499999943],[-40.878818999999964,-12.754911599999957],[-40.89286309999994,-12.737857499999961],[-40.90645449999994,-12.736658199999965],[-40.91128009999994,-12.745681199999979],[-40.920931199999984,-12.740998399999967],[-40.932335499999965,-12.753561899999966],[-40.946536099999946,-12.755342699999972],[-40.94418039999994,-12.771475499999951],[-40.958361999999966,-12.773188699999935],[-40.96733139999998,-12.793040699999949],[-40.982209599999976,-12.73659639999994],[-40.97483409999995,-12.701054499999941],[-40.983365299999946,-12.700644799999964],[-41.00744219999996,-12.621109699999977],[-40.97850569999997,-12.565883699999972],[-40.98548559999995,-12.536610499999938],[-40.96381169999995,-12.496229999999969],[-40.980953899999975,-12.46044089999998],[-40.95937589999994,-12.469834799999944]]]}},{"id":"1980","type":"Feature","properties":{"COD_IBGE":"2912707","MUNICIPIO":"Ibirapitanga","UF":"BA"},"geometry":{"type":"Polygon","coordinates":[[[-39.37512529999998,-14.175175999999965],[-39.392944599999964,-14.176181099999951],[-39.443822799999964,-14.199902699999939],[-39.44418809999996,-14.241539799999941],[-39.462950099999944,-14.228552099999945],[-39.494316899999944,-14.239183599999933],[-39.51552779999997,-14.22070119999995],[-39.48696619999998,-14.119938099999956],[-39.47075939999996,-14.106722499999933],[-39.48627079999994,-14.086943099999928],[-39.49437489999997,-14.096264299999973],[-39.507767799999954,-14.092372499999954],[-39.48841129999994,-14.05758499999996],[-39.49445179999998,-14.050496499999952],[-39.50463469999994,-14.053651799999955],[-39.506124299999954,-14.042130699999973],[-39.48616489999995,-14.027124799999967],[-39.49277099999995,-14.014171199999964],[-39.47925209999994,-13.982554099999959],[-39.49200039999994,-13.97043739999998],[-39.48779149999996,-13.934771399999931],[-39.512670999999955,-13.93712039999997],[-39.533542599999976,-13.923743899999977],[-39.502278299999944,-13.904321599999946],[-39.49040639999998,-13.880961599999978],[-39.46933889999997,-13.876023399999951],[-39.42246419999998,-13.906157099999973],[-39.40845439999998,-13.889138199999934],[-39.39558869999996,-13.913828799999976],[-39.375458099999946,-13.914574899999934],[-39.397079099999985,-13.965777899999978],[-39.39120909999997,-13.990973399999973],[-39.40429919999997,-13.98720869999994],[-39.40580789999996,-14.006401799999935],[-39.412582999999984,-14.009766799999966],[-39.40435279999997,-14.023661599999969],[-39.38286219999998,-14.027046499999926],[-39.38399999999996,-14.036317099999962],[-39.37322229999995,-14.032095199999958],[-39.37233229999998,-14.04725609999997],[-39.34804159999993,-14.048977599999944],[-39.348138699999936,-14.06424009999995],[-39.33034809999998,-14.089240399999937],[-39.336505399999965,-14.10684079999993],[-39.34195689999996,-14.104033799999968],[-39.34951289999998,-14.115089199999943],[-39.343164799999954,-14.122545999999943],[-39.346095799999944,-14.148243199999968],[-39.37512529999998,-14.175175999999965]]]}},{"id":"1981","type":"Feature","properties":{"COD_IBGE":"2912806","MUNICIPIO":"Ibirapuã","UF":"BA"},"geometry":{"type":"Polygon","coordinates":[[[-40.11859009999995,-17.805456599999957],[-40.12118929999997,-17.78838539999998],[-40.172059599999955,-17.77570359999993],[-40.20757839999993,-17.731405999999936],[-40.24017199999997,-17.734930599999927],[-40.217307699999935,-17.71592039999996],[-40.223841799999946,-17.68259039999998],[-40.214779299999975,-17.653021399999943],[-40.19838579999998,-17.635007299999927],[-40.14421829999998,-17.62250659999995],[-40.14483059999998,-17.632607899999982],[-40.12401539999996,-17.64047729999993],[-40.030804899999964,-17.62882449999995],[-40.00845739999994,-17.659856599999955],[-39.93049709999997,-17.671375099999977],[-39.90087619999997,-17.687605099999928],[-39.889535199999955,-17.70215639999998],[-39.89035009999998,-17.716904599999964],[-39.85599439999993,-17.763996499999962],[-39.84294259999996,-17.76530759999997],[-39.79392429999996,-17.743803499999956],[-39.77509289999995,-17.752458799999943],[-39.75891109999998,-17.74900889999998],[-39.71250139999995,-17.77405729999998],[-39.740110999999956,-17.77932789999994],[-39.77302679999997,-17.79841579999993],[-39.77647829999995,-17.808702099999948],[-39.81988229999996,-17.825954799999977],[-39.85823369999997,-17.825936599999977],[-39.88836029999993,-17.848568399999976],[-39.92593019999998,-17.84151689999993],[-39.943772999999965,-17.846646299999975],[-39.95433779999996,-17.833556099999953],[-39.992578299999934,-17.828932599999973],[-40.05099839999997,-17.856658799999934],[-40.067712599999936,-17.849498899999958],[-40.07994129999997,-17.828122099999973],[-40.11859009999995,-17.805456599999957]]]}},{"id":"1982","type":"Feature","properties":{"COD_IBGE":"2912905","MUNICIPIO":"Ibirataia","UF":"BA"},"geometry":{"type":"Polygon","coordinates":[[[-39.58675349999993,-14.01131369999996],[-39.58483289999998,-14.027813899999956],[-39.60849899999994,-14.056060499999944],[-39.58726969999998,-14.081918199999961],[-39.60230569999993,-14.089506399999948],[-39.59748029999997,-14.093411599999968],[-39.608897199999944,-14.100897299999929],[-39.61001139999996,-14.114526299999966],[-39.62982809999994,-14.114776899999981],[-39.65274499999998,-14.132066299999963],[-39.67202839999993,-14.09533829999998],[-39.66754259999993,-14.057097099999964],[-39.680312999999956,-14.051885999999968],[-39.66970229999998,-14.037469199999975],[-39.67759579999995,-14.033029599999963],[-39.67288869999993,-14.019424499999957],[-39.66114539999995,-14.008309599999961],[-39.667889199999934,-13.995111399999928],[-39.681270799999936,-13.991665599999976],[-39.70723629999998,-13.96640549999995],[-39.709141399999965,-13.953438199999937],[-39.70994429999996,-13.941728099999978],[-39.69719089999995,-13.934690899999964],[-39.68915419999996,-13.916609999999935],[-39.69613469999996,-13.887588199999982],[-39.684335199999964,-13.884812999999951],[-39.68003799999997,-13.871453199999962],[-39.65360359999994,-13.875574899999947],[-39.64454439999997,-13.867109899999946],[-39.626215599999966,-13.866876899999966],[-39.62181579999998,-13.85736369999995],[-39.60800809999995,-13.860734299999933],[-39.59444129999997,-13.86752139999993],[-39.595665199999985,-13.880212299999926],[-39.57351609999995,-13.889964799999973],[-39.577885899999956,-13.897374999999954],[-39.55122119999993,-13.89779569999996],[-39.55089609999993,-13.919155399999966],[-39.53216039999995,-13.913259399999959],[-39.53054849999995,-13.927056999999934],[-39.51383099999998,-13.931826099999967],[-39.51799639999996,-13.938369899999941],[-39.50974139999994,-13.950571599999932],[-39.52119349999998,-13.966072699999927],[-39.544841599999984,-13.961131999999964],[-39.54459439999994,-13.94454559999997],[-39.556158799999935,-13.932060099999944],[-39.56964899999997,-13.934969899999942],[-39.580165799999975,-13.957741099999964],[-39.56700079999996,-13.967578699999933],[-39.56333559999996,-13.981702999999982],[-39.57083979999993,-14.006068299999981],[-39.58675349999993,-14.01131369999996]]]}},{"id":"1983","type":"Feature","properties":{"COD_IBGE":"2913002","MUNICIPIO":"Ibitiara","UF":"BA"},"geometry":{"type":"Polygon","coordinates":[[[-42.20510459999997,-12.727734999999939],[-42.26500829999998,-12.726954599999942],[-42.28022359999994,-12.708635299999969],[-42.29723689999997,-12.703458599999976],[-42.35354369999993,-12.716955299999938],[-42.39586769999994,-12.696812299999976],[-42.41912999999994,-12.697756899999945],[-42.45051939999996,-12.687060499999973],[-42.473956999999984,-12.70827989999998],[-42.50249749999995,-12.717083999999943],[-42.517166299999985,-12.71172759999996],[-42.52868609999996,-12.691183099999932],[-42.53699809999995,-12.699358999999959],[-42.548892799999976,-12.687638399999969],[-42.580494699999974,-12.691475399999945],[-42.58259009999995,-12.66315549999996],[-42.605223999999964,-12.658193599999947],[-42.60963039999996,-12.637221499999953],[-42.627175199999954,-12.627750299999946],[-42.62323829999997,-12.60495839999993],[-42.62819049999996,-12.594316799999945],[-42.638346799999965,-12.59382359999995],[-42.63574739999996,-12.578625099999954],[-42.65548739999997,-12.518741299999931],[-42.63858159999995,-12.512374199999954],[-42.63889619999998,-12.500798299999929],[-42.60681439999996,-12.51322579999993],[-42.58974079999996,-12.509668699999963],[-42.57936349999994,-12.528910999999937],[-42.56401949999997,-12.528487699999971],[-42.53299049999998,-12.546820199999956],[-42.518573999999944,-12.539482499999963],[-42.49487749999997,-12.544678099999942],[-42.425558799999976,-12.49733509999993],[-42.37032599999998,-12.48118949999997],[-42.370026999999936,-12.458078599999965],[-42.35311329999996,-12.45752079999994],[-42.32981559999996,-12.482623699999976],[-42.33059659999998,-12.464522699999975],[-42.320937999999956,-12.446473599999933],[-42.32567179999995,-12.429445099999953],[-42.30519769999995,-12.403196899999955],[-42.26399369999996,-12.41137619999995],[-42.25107299999996,-12.404925599999956],[-42.24925229999997,-12.389569499999936],[-42.21739189999994,-12.386542299999974],[-42.20174119999996,-12.376942799999938],[-42.14036829999998,-12.400797799999964],[-42.10375579999993,-12.395895999999937],[-42.07909979999994,-12.408339299999966],[-42.014779799999985,-12.504856299999972],[-42.006758299999944,-12.568614699999955],[-41.98375699999997,-12.600894899999957],[-42.02993879999997,-12.61885559999996],[-42.03058129999994,-12.684590399999934],[-42.01802669999995,-12.720035799999948],[-42.09654039999998,-12.715046599999937],[-42.16745119999996,-12.726007899999956],[-42.17294679999998,-12.719226899999967],[-42.20510459999997,-12.727734999999939]]]}},{"id":"1984","type":"Feature","properties":{"COD_IBGE":"2913101","MUNICIPIO":"Ibititá","UF":"BA"},"geometry":{"type":"Polygon","coordinates":[[[-41.92918089999995,-11.672918999999979],[-42.04358929999995,-11.571370399999978],[-42.04438659999994,-11.55198699999994],[-42.007775599999945,-11.45705369999996],[-41.94261599999993,-11.381248099999937],[-41.94151979999998,-11.415296099999978],[-41.921671999999944,-11.44846089999993],[-41.87281489999998,-11.492554699999971],[-41.78720569999996,-11.62461019999995],[-41.77138199999996,-11.664300199999957],[-41.772936999999956,-11.682187599999963],[-41.796563299999946,-11.691604199999972],[-41.79816479999994,-11.684236099999964],[-41.81401439999996,-11.682483899999966],[-41.82271829999996,-11.691668499999935],[-41.83377719999993,-11.689829499999973],[-41.83479289999997,-11.697047099999963],[-41.85495949999995,-11.69932549999993],[-41.893939899999964,-11.755626799999959],[-41.91142519999994,-11.759749399999976],[-41.923492599999975,-11.738727299999937],[-41.92918089999995,-11.672918999999979]]]}},{"id":"1985","type":"Feature","properties":{"COD_IBGE":"2913200","MUNICIPIO":"Ibotirama","UF":"BA"},"geometry":{"type":"Polygon","coordinates":[[[-43.18510679999997,-11.893945499999973],[-43.16425439999995,-11.901868599999943],[-43.17078639999994,-11.936509899999976],[-43.13955149999998,-11.974459199999956],[-43.136352199999976,-12.021260999999981],[-43.14372149999997,-12.044365999999968],[-43.11090869999998,-12.046376599999974],[-43.092201399999965,-12.056001099999946],[-43.07473369999997,-12.095083599999953],[-43.05743719999998,-12.096911499999976],[-43.06360029999996,-12.139949199999933],[-43.055888299999935,-12.155103099999963],[-43.03391239999996,-12.149499999999932],[-43.028077199999984,-12.164125999999953],[-43.01517609999996,-12.163287199999957],[-42.99817869999998,-12.18962769999996],[-42.979258399999935,-12.192214499999977],[-42.97380569999996,-12.209016499999962],[-42.98020639999993,-12.214794199999972],[-42.98097569999993,-12.26023859999998],[-42.96371489999996,-12.268722399999945],[-42.962779299999966,-12.30118959999993],[-42.972335499999986,-12.33248599999996],[-43.03709369999996,-12.33078809999995],[-43.05868209999994,-12.34946229999997],[-43.07698259999995,-12.335686799999962],[-43.077814899999964,-12.318126199999938],[-43.10661239999996,-12.30995699999994],[-43.11948769999998,-12.328174099999956],[-43.20390159999994,-12.353045099999974],[-43.25278059999994,-12.381144399999926],[-43.258052599999985,-12.367732199999978],[-43.28379979999994,-12.346555499999965],[-43.287924499999974,-12.29980519999998],[-43.27964389999994,-12.286442099999931],[-43.28150939999995,-12.269195799999977],[-43.26069529999995,-12.234451299999932],[-43.26343029999998,-12.220902199999955],[-43.22527749999995,-12.187288399999943],[-43.23344339999994,-12.17131489999997],[-43.28219379999996,-12.135685599999931],[-43.299022699999966,-12.055940999999962],[-43.34909799999997,-12.016361399999937],[-43.35891329999998,-11.966928099999961],[-43.35272079999993,-11.904419699999949],[-43.31280529999998,-11.867181099999982],[-43.32321539999998,-11.834820399999955],[-43.349199099999964,-11.798330199999953],[-43.348306899999955,-11.735095999999942],[-43.38595359999994,-11.675709999999981],[-43.37893619999994,-11.628232599999933],[-43.34167129999997,-11.580890299999965],[-43.30408199999994,-11.58160179999993],[-43.282239199999935,-11.56183219999997],[-43.292404799999986,-11.58947999999998],[-43.27773309999998,-11.624015799999938],[-43.282475999999974,-11.654489199999944],[-43.26468199999994,-11.654016299999967],[-43.256944799999985,-11.663840899999968],[-43.243286499999954,-11.65753479999995],[-43.22622269999994,-11.67670529999998],[-43.241146199999946,-11.689716699999963],[-43.245659599999954,-11.706568799999957],[-43.23454529999998,-11.715258999999946],[-43.22682469999995,-11.78185979999995],[-43.21418929999993,-11.810334699999942],[-43.19289659999998,-11.80713959999997],[-43.18962479999993,-11.873875299999952],[-43.18510679999997,-11.893945499999973]]]}},{"id":"1986","type":"Feature","properties":{"COD_IBGE":"2913309","MUNICIPIO":"Ichu","UF":"BA"},"geometry":{"type":"Polygon","coordinates":[[[-39.095852599999944,-11.713043999999968],[-39.060652699999935,-11.769818999999927],[-39.21787489999997,-11.768166299999962],[-39.21773749999994,-11.782010899999932],[-39.22857789999995,-11.785846899999967],[-39.25285739999998,-11.755433799999935],[-39.23308479999997,-11.763882599999931],[-39.20810229999995,-11.711568899999975],[-39.178008699999964,-11.685497699999928],[-39.15367109999994,-11.68502499999994],[-39.15930509999998,-11.646535099999937],[-39.095852599999944,-11.713043999999968]]]}},{"id":"1987","type":"Feature","properties":{"COD_IBGE":"2913408","MUNICIPIO":"Igaporã","UF":"BA"},"geometry":{"type":"Polygon","coordinates":[[[-42.68811519999997,-13.677118899999982],[-42.664129299999956,-13.700940499999945],[-42.64588139999995,-13.743561799999952],[-42.606889499999966,-13.761312699999962],[-42.58747729999993,-13.834711699999957],[-42.56750059999996,-13.844535699999938],[-42.55293999999998,-13.884007199999928],[-42.52365099999997,-13.898463599999957],[-42.51121109999997,-13.920597099999952],[-42.55654489999995,-13.946057099999962],[-42.799850299999946,-14.037173199999927],[-42.812613099999965,-14.018782099999953],[-42.85900659999993,-14.019156099999975],[-42.89177369999993,-13.990747099999965],[-42.90946189999994,-13.987895399999957],[-42.94393469999994,-13.96488299999993],[-42.95161249999995,-13.956876199999954],[-42.91759059999998,-13.957347099999936],[-42.89392349999997,-13.944919399999947],[-42.80760499999997,-13.974024199999974],[-42.789036099999976,-13.938131799999951],[-42.79212339999998,-13.924292999999977],[-42.780037999999934,-13.897636199999965],[-42.79062539999995,-13.873134199999981],[-42.78015629999993,-13.856046099999958],[-42.77243099999998,-13.736418999999955],[-42.77886829999994,-13.703055799999959],[-42.767421999999954,-13.686310899999967],[-42.770758299999954,-13.65594249999998],[-42.752399699999955,-13.633521899999948],[-42.73755859999994,-13.631502299999966],[-42.72843199999994,-13.642647999999951],[-42.70482229999993,-13.633099699999946],[-42.68811519999997,-13.677118899999982]]]}},{"id":"1988","type":"Feature","properties":{"COD_IBGE":"2913457","MUNICIPIO":"Igrapiúna","UF":"BA"},"geometry":{"type":"Polygon","coordinates":[[[-39.14962689999993,-13.75462269999997],[-39.138584099999946,-13.746619199999941],[-39.131381999999974,-13.722696299999939],[-39.11665059999996,-13.718382099999928],[-39.10139309999994,-13.749212799999952],[-39.07087809999996,-13.759735199999966],[-39.03742999999997,-13.831800599999951],[-39.01347709999993,-13.846023799999955],[-38.97215069999993,-13.842446199999927],[-38.96784799999995,-13.848754199999973],[-39.00229379999996,-13.878235399999937],[-39.01715729999995,-13.905088299999932],[-39.04305379999994,-13.917763099999945],[-39.07009739999995,-13.91501089999997],[-39.084110099999975,-13.89240289999998],[-39.12746979999997,-13.885324999999966],[-39.130271499999935,-13.891966899999943],[-39.16694659999996,-13.893550499999947],[-39.17924629999993,-13.918416399999956],[-39.20221399999997,-13.911838399999965],[-39.22799159999994,-13.93652659999998],[-39.27064269999994,-13.938254799999982],[-39.283258599999954,-13.948600699999929],[-39.28543339999993,-13.933066499999939],[-39.29676939999996,-13.933474299999943],[-39.30189439999998,-13.949245299999973],[-39.328894899999966,-13.942167299999937],[-39.33017049999995,-13.967607699999974],[-39.33828189999997,-13.973302299999943],[-39.35864339999995,-14.032852599999956],[-39.355354499999976,-14.045894799999928],[-39.36872669999997,-14.049313199999972],[-39.37322229999995,-14.032095199999958],[-39.38399999999996,-14.036317099999962],[-39.38286219999998,-14.027046499999926],[-39.40435279999997,-14.023661599999969],[-39.41274699999997,-14.008770099999936],[-39.40580789999996,-14.006401799999935],[-39.40429919999997,-13.98720869999994],[-39.39120909999997,-13.990973399999973],[-39.397079099999985,-13.965777899999978],[-39.375334899999984,-13.91570889999997],[-39.40077979999995,-13.90946729999996],[-39.38483739999998,-13.904232399999955],[-39.355733499999985,-13.834987099999978],[-39.33246279999997,-13.826435299999957],[-39.28310039999997,-13.845176299999935],[-39.25786379999994,-13.841372099999944],[-39.254214299999944,-13.813339199999973],[-39.18127089999996,-13.800466399999948],[-39.17605129999998,-13.784990099999959],[-39.157402899999965,-13.782068599999945],[-39.146550299999944,-13.76405399999993],[-39.14962689999993,-13.75462269999997]]]}},{"id":"1989","type":"Feature","properties":{"COD_IBGE":"2913507","MUNICIPIO":"Iguaí","UF":"BA"},"geometry":{"type":"Polygon","coordinates":[[[-40.135828799999956,-14.759009799999944],[-40.15189619999995,-14.764552999999978],[-40.207891899999936,-14.742786199999955],[-40.207444599999974,-14.703947699999958],[-40.21532429999996,-14.698162799999977],[-40.21854859999996,-14.660778999999934],[-40.22943449999997,-14.648769799999968],[-40.221686499999976,-14.623235399999942],[-40.21003149999996,-14.615465399999948],[-40.21552299999996,-14.601418499999966],[-40.20062739999997,-14.568541599999946],[-40.20377679999996,-14.554032999999947],[-40.19154539999994,-14.540016399999956],[-40.18789609999993,-14.513648499999931],[-40.174500799999976,-14.509570899999972],[-40.17384409999994,-14.487584499999969],[-40.165725899999984,-14.478959199999963],[-40.11947399999997,-14.489563399999952],[-40.10543969999998,-14.52027019999997],[-40.093638399999975,-14.520803599999965],[-40.08789559999997,-14.534069299999942],[-40.05926329999994,-14.539807999999937],[-40.04974169999997,-14.527035099999978],[-40.03296779999994,-14.538139899999976],[-40.02439149999998,-14.52988309999995],[-40.010524499999974,-14.531457599999953],[-40.006434499999955,-14.519767799999954],[-39.987720999999965,-14.50822409999995],[-39.982707999999946,-14.49259429999995],[-39.963077399999975,-14.482856499999968],[-39.873135099999956,-14.591018099999928],[-39.887305599999934,-14.630328899999938],[-39.89965179999996,-14.640946199999973],[-39.900183599999934,-14.670409799999959],[-39.91032829999995,-14.670174999999972],[-39.91040149999998,-14.678934599999934],[-39.918231799999944,-14.671969199999978],[-39.925715199999956,-14.686304699999937],[-39.94041649999997,-14.686424599999953],[-39.951606099999935,-14.667627399999958],[-39.98064759999994,-14.694159899999931],[-39.97520819999994,-14.70973719999995],[-39.98109849999997,-14.718434099999968],[-40.022438799999975,-14.731052399999953],[-40.03267319999998,-14.74238639999993],[-40.03438699999998,-14.755007899999953],[-40.014939099999935,-14.787280799999962],[-40.024659199999974,-14.818596399999933],[-40.08519609999996,-14.769510999999966],[-40.112378999999976,-14.786936199999957],[-40.135828799999956,-14.759009799999944]]]}},{"id":"1990","type":"Feature","properties":{"COD_IBGE":"2913606","MUNICIPIO":"Ilhéus","UF":"BA"},"geometry":{"type":"MultiPolygon","coordinates":[[[[-39.08156679999996,-15.080056199999945],[-39.11930849999993,-15.057088499999963],[-39.13164949999998,-15.035801399999968],[-39.15883139999994,-15.058829699999933],[-39.17042449999997,-15.023127899999963],[-39.20441399999993,-15.00240249999996],[-39.22058769999995,-14.946791899999937],[-39.21025389999994,-14.897236299999975],[-39.205025699999965,-14.907658399999946],[-39.19560289999998,-14.906990299999961],[-39.20103519999998,-14.894682299999943],[-39.19367019999993,-14.905277799999965],[-39.19027139999997,-14.89931699999994],[-39.19763699999993,-14.889485599999944],[-39.20645809999996,-14.891577199999972],[-39.20515519999998,-14.88437609999994],[-39.22011709999998,-14.885034299999973],[-39.22313319999995,-14.87165989999994],[-39.203918999999985,-14.850001199999951],[-39.20763729999993,-14.844439399999942],[-39.23570109999997,-14.84822859999997],[-39.24055999999996,-14.857787799999926],[-39.24800159999995,-14.785958199999982],[-39.24406699999997,-14.75367799999998],[-39.26179149999996,-14.755785799999956],[-39.29077639999997,-14.692889599999944],[-39.350196299999936,-14.655694899999958],[-39.35482189999993,-14.660624299999938],[-39.395580999999936,-14.640077099999928],[-39.40439699999996,-14.628296999999975],[-39.44969619999995,-14.612825999999927],[-39.51106679999998,-14.54763689999993],[-39.55059249999994,-14.561758299999951],[-39.512121599999944,-14.483299699999975],[-39.51439769999996,-14.45621499999993],[-39.49018139999998,-14.419642199999942],[-39.36429259999994,-14.45018159999995],[-39.37207379999995,-14.478840699999978],[-39.390277399999945,-14.493781999999953],[-39.38209749999993,-14.498394599999926],[-39.38619629999994,-14.508210599999927],[-39.39937779999997,-14.51628379999994],[-39.39190359999998,-14.523064599999941],[-39.38137909999995,-14.514572099999953],[-39.400884099999985,-14.554389599999979],[-39.37876559999995,-14.559247299999981],[-39.360356199999956,-14.574267099999929],[-39.36463619999995,-14.609393499999953],[-39.35249459999994,-14.62594729999995],[-39.346996399999966,-14.621691799999951],[-39.27214529999998,-14.638027399999942],[-39.19449799999995,-14.60993259999998],[-39.181256099999985,-14.593137199999944],[-39.17666469999995,-14.568731499999956],[-39.13935749999996,-14.541128999999955],[-39.145254199999954,-14.529895899999929],[-39.073647999999935,-14.520257299999969],[-39.041717699999936,-14.49815689999997],[-39.035094199999946,-14.531551999999976],[-39.06289829999997,-14.633675499999981],[-39.063637599999936,-14.733319999999935],[-39.054560899999956,-14.777370799999971],[-39.02741279999998,-14.783007399999974],[-39.01870669999994,-14.920176199999958],[-38.997590499999944,-14.986716299999955],[-38.99632559999998,-15.085151899999971],[-39.00876199999993,-15.096386999999936],[-39.01909839999996,-15.089998799999933],[-39.04328899999996,-15.111640299999976],[-39.06287729999997,-15.112288499999977],[-39.06990229999997,-15.096342299999947],[-39.08260179999996,-15.096822399999951],[-39.08156679999996,-15.080056199999945]]],[[[-39.01798499999995,-14.769592299999942],[-39.017333399999984,-14.770627999999931],[-39.01767109999997,-14.770819399999937],[-39.01798499999995,-14.769592299999942]]],[[[-39.01607859999996,-14.77068429999997],[-39.01522419999998,-14.770724899999948],[-39.015341999999976,-14.771062699999959],[-39.01607859999996,-14.77068429999997]]],[[[-39.015476399999955,-14.771321499999942],[-39.015628499999934,-14.771588899999927],[-39.015563499999985,-14.771338299999968],[-39.015476399999955,-14.771321499999942]]],[[[-39.01494619999994,-14.790758299999936],[-39.01469869999994,-14.789776599999982],[-39.01408129999993,-14.790095299999962],[-39.01494619999994,-14.790758299999936]]],[[[-38.99881749999997,-14.978976599999953],[-38.99782609999994,-14.979914299999962],[-38.99869739999997,-14.98102179999995],[-38.99881749999997,-14.978976599999953]]]]}},{"id":"1991","type":"Feature","properties":{"COD_IBGE":"2913705","MUNICIPIO":"Inhambupe","UF":"BA"},"geometry":{"type":"Polygon","coordinates":[[[-38.185284699999954,-11.901675699999942],[-38.273413699999935,-11.963770299999965],[-38.308681099999944,-11.955122499999959],[-38.36115749999993,-11.969218199999943],[-38.37424189999996,-11.959338399999979],[-38.38673929999993,-11.93201149999993],[-38.397768499999984,-11.935018499999956],[-38.403715199999965,-11.92742409999994],[-38.41175459999994,-11.937944999999957],[-38.44004479999995,-11.93102289999996],[-38.46396209999995,-11.93613419999997],[-38.47500609999997,-11.949056599999949],[-38.52135169999997,-11.936043799999936],[-38.56774539999998,-11.960977799999966],[-38.59704369999997,-11.953040299999941],[-38.60487819999997,-11.904498499999931],[-38.588571499999944,-11.848756799999933],[-38.57643619999993,-11.832650899999976],[-38.57703959999998,-11.798332499999958],[-38.561554899999976,-11.774250199999926],[-38.542069699999956,-11.754529699999978],[-38.43437839999996,-11.72437919999993],[-38.42727689999998,-11.649642099999937],[-38.44115389999996,-11.633940499999937],[-38.443754199999944,-11.61794709999998],[-38.44195259999998,-11.605953099999965],[-38.425006199999984,-11.593340699999942],[-38.42543569999998,-11.565823899999941],[-38.39752329999993,-11.557415299999946],[-38.356420399999934,-11.590130199999976],[-38.338632099999984,-11.586609099999976],[-38.301496499999985,-11.626246999999978],[-38.30170819999995,-11.635861699999964],[-38.279188999999974,-11.664713199999937],[-38.26478969999994,-11.71727679999998],[-38.27643089999998,-11.751602599999956],[-38.297062299999936,-11.770061099999964],[-38.28225979999996,-11.789686199999949],[-38.282257699999946,-11.802842699999928],[-38.29868209999995,-11.834016599999927],[-38.312365399999976,-11.839725399999963],[-38.293849499999965,-11.863805399999933],[-38.29754939999998,-11.872429799999964],[-38.274935599999935,-11.865932399999963],[-38.265032099999985,-11.881677499999967],[-38.25419819999996,-11.874477299999967],[-38.21122319999995,-11.890578799999957],[-38.190714699999944,-11.88690459999998],[-38.185284699999954,-11.901675699999942]]]}},{"id":"1992","type":"Feature","properties":{"COD_IBGE":"2913804","MUNICIPIO":"Ipecaetá","UF":"BA"},"geometry":{"type":"Polygon","coordinates":[[[-39.24474399999997,-12.304607999999973],[-39.24213969999994,-12.364908899999932],[-39.22942679999994,-12.38562769999993],[-39.24628389999998,-12.387696399999982],[-39.263027199999954,-12.373241699999937],[-39.27880139999996,-12.383409399999948],[-39.28502679999997,-12.398035499999935],[-39.36056899999994,-12.419533199999933],[-39.37324369999993,-12.43621509999997],[-39.38018979999998,-12.433221599999968],[-39.38251189999994,-12.404776499999969],[-39.37497769999993,-12.396177199999954],[-39.39468809999994,-12.38520189999997],[-39.38618409999998,-12.374441199999978],[-39.395932899999934,-12.37246399999998],[-39.39067909999994,-12.356141699999966],[-39.421609399999966,-12.345982899999967],[-39.43839929999996,-12.32066889999993],[-39.39739089999995,-12.27665769999993],[-39.41315539999994,-12.26959869999996],[-39.38120139999995,-12.247452899999928],[-39.37736189999998,-12.23043359999997],[-39.34099509999993,-12.198031799999967],[-39.34531029999994,-12.186771999999962],[-39.30784799999998,-12.182146299999943],[-39.28886709999995,-12.18687209999996],[-39.280835699999955,-12.202569799999935],[-39.28416969999995,-12.216969399999925],[-39.274334899999985,-12.229327099999978],[-39.26563169999997,-12.22831119999995],[-39.25069799999994,-12.264913199999967],[-39.23305499999998,-12.278363299999967],[-39.24474399999997,-12.304607999999973]]]}},{"id":"1993","type":"Feature","properties":{"COD_IBGE":"2913903","MUNICIPIO":"Ipiaú","UF":"BA"},"geometry":{"type":"Polygon","coordinates":[[[-39.69939939999995,-14.153227299999969],[-39.74979209999998,-14.136419399999966],[-39.771185199999934,-14.122392299999944],[-39.77565739999994,-14.106874999999945],[-39.807999999999936,-14.104752599999927],[-39.831206099999974,-14.082477799999936],[-39.82669299999998,-14.072488699999951],[-39.80971759999994,-14.07707899999997],[-39.79405019999996,-14.066677199999958],[-39.800794199999984,-14.052585299999976],[-39.79065439999994,-14.037317299999927],[-39.79447739999995,-14.012624099999982],[-39.75391229999997,-13.987215799999944],[-39.735727699999984,-13.932208499999945],[-39.72072959999997,-13.927349499999934],[-39.70501509999997,-13.909890099999927],[-39.71005139999994,-13.899429899999973],[-39.694519799999966,-13.891602299999931],[-39.68915419999996,-13.916609999999935],[-39.69719089999995,-13.934690899999964],[-39.710171499999944,-13.94215239999994],[-39.70723629999998,-13.96640549999995],[-39.681270799999936,-13.991665599999976],[-39.667889199999934,-13.995111399999928],[-39.66114539999995,-14.008309599999961],[-39.67288869999993,-14.019424499999957],[-39.67759579999995,-14.033029599999963],[-39.66970229999998,-14.037469199999975],[-39.680312999999956,-14.051885999999968],[-39.66754259999993,-14.057097099999964],[-39.67202839999993,-14.09533829999998],[-39.65274499999998,-14.132066299999963],[-39.66741989999997,-14.16102049999995],[-39.66401549999995,-14.18470739999998],[-39.69217319999996,-14.17439859999996],[-39.69939939999995,-14.153227299999969]]]}},{"id":"1994","type":"Feature","properties":{"COD_IBGE":"2914000","MUNICIPIO":"Ipirá","UF":"BA"},"geometry":{"type":"Polygon","coordinates":[[[-39.52205459999993,-12.036917999999957],[-39.408190099999956,-12.266046399999937],[-39.41322679999996,-12.269748599999957],[-39.39736229999994,-12.276533899999947],[-39.43213049999997,-12.307657099999972],[-39.43839929999996,-12.32066889999993],[-39.43349219999993,-12.33502999999996],[-39.468339399999934,-12.346523299999944],[-39.50665109999994,-12.33350299999995],[-39.52707339999995,-12.337850499999945],[-39.62728999999996,-12.393662099999972],[-39.62649539999995,-12.403918099999942],[-39.642975999999976,-12.399358499999948],[-39.66666419999996,-12.407866199999944],[-39.73895169999997,-12.41004689999994],[-39.77057549999995,-12.430302499999982],[-39.78142209999993,-12.42509119999994],[-39.91528539999996,-12.50835619999998],[-39.910051099999976,-12.516765299999975],[-39.92568989999995,-12.521602099999939],[-39.93965789999993,-12.508555799999954],[-39.93662829999994,-12.483974899999964],[-39.95966239999996,-12.469033499999966],[-39.96779289999995,-12.47730139999993],[-39.978024999999946,-12.473625099999936],[-39.97033389999996,-12.45664869999996],[-39.977995799999974,-12.457239499999957],[-39.98687689999997,-12.429620399999976],[-40.02211459999995,-12.402721499999927],[-40.02164819999996,-12.393269999999973],[-40.02805089999998,-12.39485529999996],[-40.02692119999995,-12.381864599999972],[-40.040461499999935,-12.366749499999969],[-40.035438399999975,-12.360602099999937],[-40.051217399999985,-12.355358899999942],[-40.06000719999997,-12.341025299999956],[-40.07125529999996,-12.34551399999998],[-40.07155229999995,-12.33466089999996],[-40.09333549999997,-12.325135799999941],[-40.115508499999976,-12.328850899999964],[-40.12406859999993,-12.303273199999978],[-40.13316179999998,-12.299710299999958],[-40.130313599999965,-12.27459099999993],[-40.14101489999996,-12.245998499999928],[-40.07419379999993,-12.192796599999951],[-40.06894649999998,-12.198777399999926],[-40.05046249999998,-12.196023799999978],[-40.04528949999997,-12.18051939999998],[-40.035299399999985,-12.176139199999966],[-40.03942529999995,-12.155375999999933],[-40.03189379999998,-12.149200099999973],[-40.02851889999994,-12.055170399999952],[-39.97124789999998,-12.05451679999993],[-39.97378329999998,-12.037019999999927],[-39.961063399999944,-12.012323799999933],[-39.970845699999984,-11.986845899999935],[-39.959911699999964,-11.974722099999951],[-39.945491999999945,-11.993050099999948],[-39.923184299999946,-11.997220699999957],[-39.91989449999994,-12.015720299999941],[-39.90486189999996,-12.028831099999934],[-39.84982209999998,-11.994441999999935],[-39.84274259999995,-11.97170159999996],[-39.83471829999996,-11.971721099999968],[-39.78180249999997,-11.898374699999977],[-39.77411849999993,-11.915395299999943],[-39.719105799999966,-11.905506899999978],[-39.691790399999945,-11.92443979999996],[-39.67721379999995,-11.923946199999932],[-39.65940429999995,-11.947157299999958],[-39.645582599999955,-11.948244599999953],[-39.63639189999998,-11.997261899999955],[-39.62394739999996,-12.019244299999968],[-39.606745399999966,-12.027235399999938],[-39.59381979999995,-12.061124399999926],[-39.52205459999993,-12.036917999999957]]]}},{"id":"1995","type":"Feature","properties":{"COD_IBGE":"2914109","MUNICIPIO":"Ipupiara","UF":"BA"},"geometry":{"type":"Polygon","coordinates":[[[-42.461157999999955,-11.966046799999958],[-42.66861369999998,-11.867016899999953],[-42.70029549999998,-11.87604529999993],[-42.772152999999946,-11.808951699999966],[-42.74762939999994,-11.730770999999947],[-42.716574599999944,-11.71822359999993],[-42.680586699999935,-11.719916799999964],[-42.66752379999997,-11.709587399999975],[-42.62317849999994,-11.718232899999975],[-42.594371999999964,-11.708478799999966],[-42.56521109999994,-11.735893399999952],[-42.52033239999997,-11.749030299999959],[-42.48761489999998,-11.775372799999957],[-42.472150599999964,-11.72523469999993],[-42.443988599999955,-11.757908799999939],[-42.41911289999996,-11.765135099999952],[-42.39085609999995,-11.752447599999925],[-42.36932209999998,-11.760980999999958],[-42.36283519999995,-11.755658399999959],[-42.35812889999994,-11.714746299999945],[-42.33804619999995,-11.730538699999954],[-42.338493599999936,-11.748025599999949],[-42.32321489999998,-11.754016199999967],[-42.30178609999996,-11.783801799999935],[-42.29185789999997,-11.812414699999977],[-42.29425039999995,-11.828849899999966],[-42.28574299999997,-11.836883099999966],[-42.291403299999956,-11.853557499999965],[-42.244956599999966,-11.948371799999961],[-42.461157999999955,-11.966046799999958]]]}},{"id":"1996","type":"Feature","properties":{"COD_IBGE":"2914208","MUNICIPIO":"Irajuba","UF":"BA"},"geometry":{"type":"Polygon","coordinates":[[[-40.08919919999994,-13.339337299999954],[-40.14716569999996,-13.339440199999956],[-40.15644179999998,-13.312222299999974],[-40.137635099999954,-13.290349399999968],[-40.136667099999954,-13.23386709999994],[-40.15343939999997,-13.172443099999953],[-40.16870409999996,-13.169332499999939],[-40.138121499999954,-13.147350699999947],[-40.14757499999996,-13.14084889999998],[-40.15205659999998,-13.106986399999926],[-40.12071589999994,-13.120912499999974],[-40.05378969999998,-13.114374999999939],[-40.009829999999965,-13.143849599999953],[-39.95628459999995,-13.205560799999944],[-39.91575649999993,-13.23876329999996],[-39.91368539999996,-13.259027299999957],[-39.926931699999955,-13.28556489999994],[-39.98256349999997,-13.31600409999993],[-39.98220089999995,-13.325755199999946],[-39.99060479999997,-13.327325299999927],[-39.99743339999998,-13.312326599999949],[-40.01477419999998,-13.307657499999948],[-40.02875209999996,-13.310672099999977],[-40.03540239999995,-13.321739999999977],[-40.04124779999995,-13.306951899999945],[-40.06189489999997,-13.344036699999947],[-40.07545779999998,-13.333686099999966],[-40.08919919999994,-13.339337299999954]]]}},{"id":"1997","type":"Feature","properties":{"COD_IBGE":"2914307","MUNICIPIO":"Iramaia","UF":"BA"},"geometry":{"type":"Polygon","coordinates":[[[-40.71476259999997,-13.841039199999955],[-40.836992899999984,-13.635840099999939],[-40.85842409999998,-13.58251729999995],[-40.94019659999998,-13.56778849999995],[-40.955336699999975,-13.545473099999981],[-41.03824079999998,-13.55633389999997],[-41.22038159999994,-13.470240299999944],[-41.21610289999995,-13.504643399999964],[-41.223705999999936,-13.518537099999946],[-41.241173199999935,-13.505924999999934],[-41.25830569999994,-13.473622599999942],[-41.23675639999993,-13.461168999999927],[-41.23348489999995,-13.429533299999946],[-41.217006399999946,-13.428693899999928],[-41.187090499999954,-13.405136999999968],[-41.16061469999994,-13.40328119999998],[-41.15570729999996,-13.37722789999998],[-41.12978919999995,-13.361943899999972],[-41.12698039999998,-13.333034099999963],[-41.11705009999997,-13.340166899999929],[-41.115319399999976,-13.32400249999995],[-41.104778299999964,-13.318897499999935],[-41.10559029999996,-13.293062299999974],[-41.078688399999976,-13.273268099999939],[-41.08884399999994,-13.255798399999946],[-41.01034419999996,-13.260910299999978],[-40.91832969999996,-13.229569599999934],[-40.890012799999965,-13.26532659999998],[-40.87109189999995,-13.276179199999945],[-40.87501279999998,-13.293866099999946],[-40.86195399999997,-13.318745799999931],[-40.85473969999998,-13.321541699999955],[-40.84848869999996,-13.312186599999961],[-40.84491399999996,-13.31944679999998],[-40.835176299999944,-13.31591469999995],[-40.79805749999997,-13.335807399999965],[-40.80053979999997,-13.348678599999971],[-40.78414049999998,-13.36484889999997],[-40.77144369999996,-13.398171099999956],[-40.72910849999994,-13.427515999999969],[-40.73750149999995,-13.463572299999953],[-40.69702509999996,-13.506898099999944],[-40.69648109999997,-13.533526499999937],[-40.68691609999996,-13.548495299999956],[-40.691484199999934,-13.572839399999964],[-40.684063099999946,-13.583210999999949],[-40.69299199999995,-13.590937399999973],[-40.69019489999994,-13.610455799999954],[-40.71018159999994,-13.630285699999945],[-40.70113049999998,-13.645034799999962],[-40.713385899999935,-13.668213299999934],[-40.70663559999997,-13.682192999999927],[-40.72504339999995,-13.691921099999945],[-40.71808239999996,-13.71022929999998],[-40.72602829999994,-13.72211569999996],[-40.715462299999956,-13.746963199999982],[-40.72810629999998,-13.752093799999955],[-40.70304249999998,-13.764460399999962],[-40.69950419999998,-13.804695899999956],[-40.65562139999997,-13.839436399999954],[-40.67719939999995,-13.850542799999971],[-40.695392599999934,-13.837795099999937],[-40.71476259999997,-13.841039199999955]]]}},{"id":"1998","type":"Feature","properties":{"COD_IBGE":"2914406","MUNICIPIO":"Iraquara","UF":"BA"},"geometry":{"type":"Polygon","coordinates":[[[-41.62526359999998,-12.38063459999995],[-41.66582609999995,-12.38265679999995],[-41.733810999999946,-12.36567279999997],[-41.74195969999994,-12.322638899999959],[-41.75634699999995,-12.308155799999952],[-41.765135199999975,-12.272595999999965],[-41.74280509999994,-12.23683049999994],[-41.78336449999995,-12.160604099999944],[-41.80993569999998,-12.153220499999975],[-41.77084119999995,-12.138358599999947],[-41.60438519999997,-12.144610199999931],[-41.46886759999995,-12.108049699999981],[-41.417273799999975,-12.145042699999976],[-41.35486759999998,-12.168399099999931],[-41.40016879999996,-12.200017799999955],[-41.403784299999984,-12.217796999999962],[-41.41743479999997,-12.227827299999944],[-41.411859499999935,-12.247798599999953],[-41.43452869999993,-12.264500699999928],[-41.44207289999997,-12.282551999999953],[-41.443469799999946,-12.308585899999969],[-41.43472159999993,-12.313349899999935],[-41.43870799999996,-12.32497449999994],[-41.42509549999994,-12.343185499999947],[-41.44364959999996,-12.355878599999926],[-41.43254589999998,-12.361789899999962],[-41.42473679999995,-12.384417299999939],[-41.441476199999954,-12.41320559999997],[-41.452497999999935,-12.382705899999962],[-41.479674399999965,-12.370584899999926],[-41.49035449999997,-12.375444099999982],[-41.51195029999997,-12.369335399999954],[-41.51578179999996,-12.375076999999976],[-41.52368949999993,-12.356196199999943],[-41.62526359999998,-12.38063459999995]]]}},{"id":"1999","type":"Feature","properties":{"COD_IBGE":"2914505","MUNICIPIO":"Irará","UF":"BA"},"geometry":{"type":"Polygon","coordinates":[[[-38.76343349999996,-12.118718399999977],[-38.79589269999997,-12.105106999999975],[-38.803580299999965,-12.110939899999948],[-38.841803599999935,-12.104603199999929],[-38.80650859999997,-12.022858399999961],[-38.80759159999997,-11.975927699999943],[-38.82505829999997,-11.948184799999979],[-38.79590479999996,-11.954010599999947],[-38.74229809999997,-11.940289399999926],[-38.71928139999994,-11.950423099999966],[-38.71098609999996,-11.942340399999978],[-38.68028389999995,-11.946091299999978],[-38.70812019999994,-11.956810599999926],[-38.70909369999998,-11.983563499999946],[-38.72431789999996,-12.026855699999942],[-38.69991799999997,-12.054175699999973],[-38.65772519999996,-12.053273299999944],[-38.70031919999997,-12.138797999999952],[-38.739157499999976,-12.165337999999963],[-38.75243329999995,-12.165216399999963],[-38.75285469999994,-12.14088049999998],[-38.76343349999996,-12.118718399999977]]]}},{"id":"2000","type":"Feature","properties":{"COD_IBGE":"2914604","MUNICIPIO":"Irecê","UF":"BA"},"geometry":{"type":"Polygon","coordinates":[[[-41.77254419999997,-11.364724799999976],[-41.87799159999997,-11.361725099999944],[-41.882699299999956,-11.37251729999997],[-41.94261599999993,-11.381248099999937],[-41.97147759999996,-11.344172299999968],[-41.92660569999998,-11.28035699999998],[-41.92522229999997,-11.264597999999978],[-41.94174239999995,-11.228233899999964],[-41.875894899999935,-11.269122899999957],[-41.87793129999994,-11.261032099999966],[-41.766634299999964,-11.227272299999981],[-41.729692599999964,-11.227972299999976],[-41.74148429999997,-11.270747299999925],[-41.73307259999996,-11.33253069999995],[-41.74954519999994,-11.372187699999927],[-41.74647109999995,-11.392141099999947],[-41.78415199999995,-11.38453069999997],[-41.77254419999997,-11.364724799999976]]]}},{"id":"2001","type":"Feature","properties":{"COD_IBGE":"2914653","MUNICIPIO":"Itabela","UF":"BA"},"geometry":{"type":"Polygon","coordinates":[[[-39.64152809999996,-16.791365799999937],[-39.66071929999998,-16.78631839999997],[-39.66411019999998,-16.748082299999965],[-39.676139699999965,-16.73111629999994],[-39.66819289999995,-16.694672199999957],[-39.676700799999935,-16.67552369999993],[-39.64818839999998,-16.57204289999993],[-39.69841489999993,-16.547821299999953],[-39.69842129999995,-16.512646599999982],[-39.68293959999994,-16.504054199999928],[-39.65171429999998,-16.505375999999956],[-39.64306629999993,-16.488233099999945],[-39.61950719999993,-16.478683399999966],[-39.603553499999975,-16.45912039999996],[-39.58893789999996,-16.471835599999963],[-39.54789489999996,-16.47792309999994],[-39.46281399999998,-16.53592679999997],[-39.41957969999993,-16.554188099999976],[-39.42309069999993,-16.563243299999954],[-39.45537499999995,-16.58073489999998],[-39.476845699999956,-16.58260779999995],[-39.48291509999996,-16.61066189999997],[-39.444867399999964,-16.637956199999962],[-39.402170799999965,-16.689637199999936],[-39.39330519999993,-16.71141719999997],[-39.37519569999995,-16.72058089999996],[-39.33740259999996,-16.784534699999938],[-39.35605839999994,-16.783372399999962],[-39.41662189999994,-16.746919799999944],[-39.441033199999936,-16.74465429999998],[-39.457677899999965,-16.75219359999994],[-39.48568689999996,-16.796062099999972],[-39.478708799999936,-16.828985899999964],[-39.50977809999995,-16.873179999999934],[-39.52503989999997,-16.867115599999977],[-39.52290499999998,-16.852647599999955],[-39.50627789999993,-16.84603629999998],[-39.513354799999945,-16.84021299999995],[-39.55006709999998,-16.83735269999994],[-39.58391519999998,-16.85343249999994],[-39.60702319999996,-16.834624899999937],[-39.62262999999996,-16.835288399999968],[-39.62446829999993,-16.829993999999942],[-39.611362199999974,-16.824008799999945],[-39.61261069999995,-16.81363689999995],[-39.62224999999995,-16.81444289999996],[-39.64152809999996,-16.791365799999937]]]}},{"id":"2002","type":"Feature","properties":{"COD_IBGE":"2914703","MUNICIPIO":"Itaberaba","UF":"BA"},"geometry":{"type":"Polygon","coordinates":[[[-39.940446099999974,-12.505363099999954],[-39.92568989999995,-12.521602099999939],[-39.92817259999998,-12.533377099999939],[-39.94979549999994,-12.556727399999943],[-39.97444589999998,-12.56263819999998],[-40.001729799999964,-12.557394699999975],[-40.017625899999985,-12.56800869999995],[-40.03067519999996,-12.55966479999995],[-40.047830999999974,-12.565118299999938],[-40.05619009999998,-12.61342389999993],[-40.090188799999964,-12.637903699999981],[-40.120417799999984,-12.68769599999996],[-40.13502369999998,-12.686478499999964],[-40.153741399999944,-12.698833299999933],[-40.180967099999975,-12.69796219999995],[-40.18280889999994,-12.732786099999942],[-40.215188499999954,-12.764643099999944],[-40.308676899999966,-12.747579599999938],[-40.344140799999934,-12.769089299999962],[-40.349834999999985,-12.790099599999962],[-40.35873959999998,-12.792217599999958],[-40.42648769999994,-12.66691439999994],[-40.42036059999998,-12.64008599999994],[-40.460353399999974,-12.603358999999955],[-40.456129799999985,-12.59330579999994],[-40.46686119999998,-12.57821999999993],[-40.45925409999995,-12.558103999999958],[-40.47084929999994,-12.508996499999967],[-40.49261969999998,-12.511131599999942],[-40.532916399999976,-12.476934899999947],[-40.564153799999985,-12.466232399999967],[-40.575373499999955,-12.437805699999956],[-40.52390049999997,-12.392403099999967],[-40.498431299999936,-12.33168429999995],[-40.48750499999994,-12.330262799999957],[-40.48065079999998,-12.310684799999933],[-40.461611999999946,-12.315102299999978],[-40.44049709999996,-12.298564399999975],[-40.42629169999998,-12.270038799999952],[-40.41917629999995,-12.279461699999956],[-40.39079279999993,-12.261713799999939],[-40.382421499999964,-12.27275519999995],[-40.370919999999956,-12.273113999999964],[-40.35631139999998,-12.255010899999945],[-40.33704019999993,-12.263064199999974],[-40.331582399999945,-12.256489999999928],[-40.31931469999995,-12.264985399999944],[-40.30334819999996,-12.25807569999995],[-40.29153749999995,-12.267762199999936],[-40.27629729999995,-12.263847299999952],[-40.21222309999996,-12.282335599999954],[-40.198911599999974,-12.315310299999965],[-40.182843599999956,-12.320573799999977],[-40.18451289999996,-12.329476799999952],[-40.169020899999964,-12.352912199999935],[-40.15332999999998,-12.345844499999941],[-40.13245889999996,-12.349959999999953],[-40.12987979999997,-12.336801699999967],[-40.10622859999995,-12.325493499999936],[-40.071752199999935,-12.334512699999948],[-40.06790069999994,-12.346961999999962],[-40.06000719999997,-12.341025299999956],[-40.051217399999985,-12.355358899999942],[-40.035438399999975,-12.360602099999937],[-40.04033259999994,-12.367201199999954],[-40.02692119999995,-12.381864599999972],[-40.02211459999995,-12.402721499999927],[-39.98668729999997,-12.429840899999931],[-39.977995799999974,-12.457239499999957],[-39.97033389999996,-12.45664869999996],[-39.978024999999946,-12.473625099999936],[-39.96779289999995,-12.47730139999993],[-39.95966239999996,-12.469033499999966],[-39.93662829999994,-12.483974899999964],[-39.940446099999974,-12.505363099999954]]]}},{"id":"2003","type":"Feature","properties":{"COD_IBGE":"2914802","MUNICIPIO":"Itabuna","UF":"BA"},"geometry":{"type":"Polygon","coordinates":[[[-39.26179149999996,-14.755785799999956],[-39.24406699999997,-14.75367799999998],[-39.24800159999995,-14.785958199999982],[-39.24055999999996,-14.857787799999926],[-39.23570109999997,-14.84822859999997],[-39.20763729999993,-14.844439399999942],[-39.204007099999956,-14.852746999999965],[-39.21483139999998,-14.855408799999964],[-39.22313319999995,-14.87165989999994],[-39.22011709999998,-14.885034299999973],[-39.19450869999997,-14.891687099999956],[-39.19237369999996,-14.904780699999947],[-39.200778499999956,-14.894582999999955],[-39.19560289999998,-14.906990299999961],[-39.20550349999996,-14.90750879999996],[-39.20794549999994,-14.894437399999958],[-39.22322379999997,-14.926368499999967],[-39.24047619999993,-14.938117199999965],[-39.25291979999997,-14.931560699999977],[-39.30091779999998,-14.930921299999966],[-39.306573699999944,-14.915759999999977],[-39.31493379999995,-14.929927799999973],[-39.32884109999998,-14.932187799999951],[-39.342705499999965,-14.947433499999931],[-39.349099799999976,-14.965190999999948],[-39.36391099999997,-14.966924399999982],[-39.36543109999997,-14.980817399999978],[-39.35321619999996,-14.991519499999981],[-39.36538989999997,-15.019005599999957],[-39.37268659999995,-15.01620799999995],[-39.38623469999993,-15.027124799999967],[-39.397070499999984,-15.021089199999949],[-39.412405999999976,-15.033229499999948],[-39.41745729999997,-15.00674429999998],[-39.39296759999996,-14.972611699999959],[-39.355118699999935,-14.865491899999938],[-39.36790799999994,-14.84954289999996],[-39.38503829999996,-14.849362299999939],[-39.394586799999956,-14.85789909999994],[-39.40589109999996,-14.835711699999933],[-39.35540709999998,-14.759455699999933],[-39.351691399999936,-14.728105299999982],[-39.33971239999994,-14.729024899999956],[-39.29542459999993,-14.690613699999972],[-39.26179149999996,-14.755785799999956]]]}},{"id":"2004","type":"Feature","properties":{"COD_IBGE":"2914901","MUNICIPIO":"Itacaré","UF":"BA"},"geometry":{"type":"Polygon","coordinates":[[[-39.08020609999994,-14.24734989999996],[-39.027551899999935,-14.24730139999997],[-39.01852229999997,-14.228869599999939],[-39.00746659999993,-14.224360099999956],[-39.00771819999994,-14.235626199999956],[-38.997820099999956,-14.235241999999971],[-38.98809829999993,-14.218605299999979],[-38.994936199999984,-14.266367999999943],[-38.98408929999994,-14.27514059999993],[-38.97991469999994,-14.293657899999971],[-39.001201899999955,-14.343091699999945],[-39.01910369999996,-14.420168899999965],[-39.02290209999995,-14.41471189999993],[-39.04235539999996,-14.420155699999953],[-39.045235599999955,-14.40012239999993],[-39.06160609999995,-14.418902799999955],[-39.093073499999946,-14.433350099999927],[-39.09496679999995,-14.450177699999927],[-39.12286819999997,-14.464302399999951],[-39.13170699999995,-14.488898899999981],[-39.322763099999975,-14.46000239999995],[-39.32889289999997,-14.43218829999995],[-39.32424549999996,-14.393488599999955],[-39.33399289999994,-14.384271599999977],[-39.30779469999993,-14.331756299999938],[-39.28673949999995,-14.306948399999953],[-39.27048909999996,-14.306006699999955],[-39.25477939999996,-14.28070729999996],[-39.222681499999965,-14.264223799999968],[-39.16059299999995,-14.274944799999957],[-39.13789719999994,-14.267420899999934],[-39.137324399999954,-14.258075099999928],[-39.08020609999994,-14.24734989999996]]]}},{"id":"2005","type":"Feature","properties":{"COD_IBGE":"2915007","MUNICIPIO":"Itaeté","UF":"BA"},"geometry":{"type":"Polygon","coordinates":[[[-40.95820599999996,-12.978732399999956],[-40.953439799999956,-13.032787299999939],[-40.944043499999964,-13.03833179999998],[-40.92863649999998,-13.03345459999997],[-40.92298189999997,-13.047502299999962],[-40.91160149999996,-13.025879499999974],[-40.876691799999946,-13.004044499999964],[-40.85509989999997,-13.018383699999958],[-40.836523099999965,-13.015402999999935],[-40.78628889999993,-13.044059999999945],[-40.77086559999998,-13.03696709999997],[-40.75102029999994,-13.043543599999964],[-40.91970949999995,-13.209005199999979],[-40.91832969999996,-13.229569599999934],[-41.01034419999996,-13.260910299999978],[-41.08884399999994,-13.255798399999946],[-41.079827199999954,-13.274606199999937],[-41.10669809999996,-13.293965599999979],[-41.125936399999944,-13.28720949999996],[-41.142570199999966,-13.29941059999993],[-41.15805729999994,-13.282606699999974],[-41.16919239999993,-13.247965399999941],[-41.184032599999966,-13.241252699999961],[-41.19840549999998,-13.192624299999977],[-41.23400239999995,-13.163463199999967],[-41.24655769999998,-13.158449299999972],[-41.244836299999974,-13.165689399999962],[-41.26458249999996,-13.166828399999929],[-41.280551499999945,-13.155685799999958],[-41.281011699999965,-13.138004599999931],[-41.251063199999976,-13.128327399999932],[-41.24459769999993,-13.113617199999965],[-41.23020109999993,-13.129104299999938],[-41.194223799999975,-13.121707199999946],[-41.179733899999974,-13.127709599999946],[-41.14783129999995,-13.107421699999975],[-41.18036059999997,-13.039496499999927],[-41.17863569999997,-13.015419799999961],[-41.188796699999955,-13.005264599999975],[-41.18996329999993,-12.989062699999977],[-41.22550249999995,-12.93616179999998],[-41.23253939999995,-12.912385799999981],[-41.10749109999995,-12.888143499999956],[-41.09435639999998,-12.898803499999929],[-41.07401199999998,-12.893758999999932],[-41.05305679999998,-12.924103499999944],[-41.043430599999965,-12.911902399999974],[-41.03745029999993,-12.918293399999982],[-41.010202799999945,-12.911465499999963],[-40.99589519999995,-12.920392499999934],[-40.98392229999996,-12.910625699999969],[-40.97680789999998,-12.930382399999928],[-40.987233799999956,-12.940768799999944],[-40.984543299999984,-12.95639239999997],[-40.994327699999985,-12.972067899999956],[-40.979735699999935,-12.976807699999938],[-40.96937879999996,-12.963650599999937],[-40.95820599999996,-12.978732399999956]]]}},{"id":"2006","type":"Feature","properties":{"COD_IBGE":"2915106","MUNICIPIO":"Itagi","UF":"BA"},"geometry":{"type":"Polygon","coordinates":[[[-39.98930669999993,-14.05071659999993],[-39.94672909999997,-14.067700699999932],[-39.937171399999954,-14.07866009999998],[-39.94949829999996,-14.152104599999973],[-39.93550979999998,-14.15465759999995],[-39.93604519999997,-14.173534299999972],[-39.97660199999996,-14.162451399999952],[-39.987836399999935,-14.198003999999969],[-39.98633639999997,-14.231862099999944],[-40.013909799999965,-14.288616299999944],[-40.03394089999995,-14.280795999999953],[-40.052367199999935,-14.285216499999933],[-40.06831839999995,-14.243498099999954],[-40.09711129999994,-14.280325699999935],[-40.098574499999984,-14.242952099999968],[-40.08215749999994,-14.213782299999934],[-40.09087499999998,-14.189744899999937],[-40.11277959999995,-14.172147699999982],[-40.10226249999994,-14.134888299999943],[-40.07718889999995,-14.118626899999981],[-40.05307099999993,-14.059298099999978],[-40.04607039999996,-14.064564799999971],[-40.02725359999994,-14.049072099999933],[-40.00858139999997,-14.065598499999965],[-39.98930669999993,-14.05071659999993]]]}},{"id":"2007","type":"Feature","properties":{"COD_IBGE":"2915205","MUNICIPIO":"Itagibá","UF":"BA"},"geometry":{"type":"Polygon","coordinates":[[[-39.696571699999936,-14.369579199999976],[-39.71449869999998,-14.36947239999995],[-39.718917999999974,-14.360992799999963],[-39.72765489999995,-14.366381699999977],[-39.72028319999998,-14.375813999999934],[-39.74231329999998,-14.37165989999994],[-39.741493599999956,-14.347527599999978],[-39.76392989999994,-14.359482799999967],[-39.79011909999997,-14.350616499999944],[-39.80389969999993,-14.367264499999976],[-39.811747699999955,-14.366844399999934],[-39.81925069999994,-14.383058099999971],[-39.835620699999936,-14.384251199999937],[-39.849784899999975,-14.374842499999943],[-39.86494149999993,-14.387552299999982],[-39.89127679999996,-14.380309699999941],[-39.906826799999976,-14.364507099999969],[-39.948333299999945,-14.36294799999996],[-39.982326099999966,-14.321680999999955],[-40.00546669999994,-14.26617479999993],[-39.998747899999955,-14.266968499999962],[-39.98633639999997,-14.231862099999944],[-39.987836399999935,-14.198003999999969],[-39.97640519999993,-14.162163799999973],[-39.91773649999993,-14.18367029999996],[-39.91383389999993,-14.168485699999962],[-39.908730799999944,-14.174911399999928],[-39.90055309999997,-14.171767099999954],[-39.88528519999994,-14.127565799999957],[-39.88307299999997,-14.142063899999982],[-39.860605299999975,-14.146140699999933],[-39.821930099999975,-14.104296499999975],[-39.812036699999965,-14.102100299999961],[-39.77668209999996,-14.106234599999937],[-39.771185199999934,-14.122392299999944],[-39.75036039999998,-14.136094599999979],[-39.69987619999995,-14.152694399999973],[-39.69217319999996,-14.17439859999996],[-39.66892999999993,-14.179389699999945],[-39.66401549999995,-14.18470739999998],[-39.696571699999936,-14.369579199999976]]]}},{"id":"2008","type":"Feature","properties":{"COD_IBGE":"2915304","MUNICIPIO":"Itagimirim","UF":"BA"},"geometry":{"type":"Polygon","coordinates":[[[-39.556469799999945,-16.031980199999964],[-39.48649539999997,-16.05988169999995],[-39.46952749999997,-16.094371299999978],[-39.49369789999997,-16.083374799999945],[-39.50867939999995,-16.093189799999948],[-39.51122779999997,-16.10759079999997],[-39.527814999999975,-16.12385859999995],[-39.54319469999996,-16.116102599999977],[-39.59528969999997,-16.15369329999993],[-39.753107899999975,-16.197235199999966],[-39.83160329999998,-16.237377799999933],[-39.84856149999996,-16.23492129999994],[-39.87035529999997,-16.25772299999994],[-39.888065799999936,-16.24407919999993],[-39.896249299999965,-16.276608299999964],[-39.90357629999994,-16.285670299999936],[-39.91781929999996,-16.284270099999958],[-39.920101699999975,-16.263739399999963],[-39.936521099999936,-16.245780799999977],[-39.91263329999998,-16.21030589999998],[-39.883390599999984,-16.194692999999972],[-39.882937599999934,-16.16378009999994],[-39.89695649999993,-16.141603999999973],[-39.880514199999936,-16.143745399999943],[-39.85682889999998,-16.113824799999975],[-39.86660569999998,-16.095596599999965],[-39.877409899999975,-16.091613699999982],[-39.882003399999974,-16.068032999999957],[-39.935686199999964,-16.023747899999933],[-39.91479789999994,-15.999993399999937],[-39.86550549999998,-15.996795899999938],[-39.84331479999997,-15.976581099999976],[-39.814178099999936,-15.979813299999932],[-39.801878399999964,-15.970866799999953],[-39.761932799999954,-15.970153099999948],[-39.61577029999995,-16.007218299999977],[-39.60886399999998,-16.022419199999945],[-39.556469799999945,-16.031980199999964]]]}},{"id":"2009","type":"Feature","properties":{"COD_IBGE":"2915353","MUNICIPIO":"Itaguaçu da Bahia","UF":"BA"},"geometry":{"type":"Polygon","coordinates":[[[-42.32878249999993,-11.287736499999937],[-42.37487829999998,-11.275562599999944],[-42.42783979999996,-11.28525099999996],[-42.43289549999997,-11.280664399999978],[-42.44745119999993,-11.25834599999996],[-42.44043449999998,-11.254135899999937],[-42.442949699999986,-11.245442899999944],[-42.45947679999995,-11.226459399999953],[-42.451175999999975,-11.216912499999978],[-42.48687599999994,-11.14931619999993],[-42.50445659999997,-11.154898299999957],[-42.516466299999934,-11.132805899999937],[-42.51093509999998,-11.105410399999926],[-42.50011179999996,-11.096276099999955],[-42.510114699999974,-11.060457499999927],[-42.52476869999998,-11.04888699999998],[-42.525313799999935,-11.027530699999943],[-42.516174399999954,-11.010592799999927],[-42.54022109999994,-11.001583899999957],[-42.52308149999993,-10.903867899999966],[-42.423129899999935,-10.773856299999977],[-42.39162079999994,-10.765970899999957],[-42.37360679999995,-10.776639599999953],[-42.36446939999996,-10.77173259999995],[-42.34277339999994,-10.72635299999996],[-42.342593799999975,-10.68334079999994],[-42.32812089999993,-10.675134599999978],[-42.32213679999995,-10.65916649999997],[-42.33141859999995,-10.651450299999965],[-42.32458339999994,-10.62581119999993],[-42.33476219999994,-10.607084999999927],[-42.32988259999996,-10.584218299999975],[-42.34387179999993,-10.560780099999931],[-42.34023119999995,-10.548868299999981],[-42.35503569999997,-10.535156799999982],[-42.35834169999998,-10.511373799999944],[-42.34424699999994,-10.482873199999972],[-42.32573609999997,-10.479726299999982],[-42.33035939999996,-10.473880099999974],[-42.312800799999934,-10.444673099999932],[-42.333897699999966,-10.431487599999969],[-42.328597799999955,-10.396739599999933],[-42.35053799999997,-10.385608899999966],[-42.343676699999946,-10.37041899999997],[-42.36808449999995,-10.361751799999979],[-42.36288419999994,-10.338853699999959],[-42.37969869999995,-10.33351829999998],[-42.398873599999945,-10.31186589999993],[-42.38018409999995,-10.295487499999979],[-42.36683889999995,-10.26785499999994],[-42.373936999999955,-10.244639099999972],[-42.383741499999985,-10.23746749999998],[-42.39439779999998,-10.193421899999976],[-42.405467199999975,-10.185120299999937],[-42.159659999999974,-10.257938299999978],[-42.132555999999965,-10.312968199999943],[-42.132518999999945,-10.346923999999944],[-42.09186239999997,-10.382000999999946],[-42.09905629999997,-10.414564999999982],[-42.08547009999995,-10.425712399999952],[-42.079542799999956,-10.457207099999948],[-42.089349599999935,-10.476717699999938],[-42.06914969999997,-10.494276199999945],[-42.065993499999934,-10.528980499999932],[-42.04828779999997,-10.544249699999966],[-42.03458599999993,-10.58615889999993],[-42.02173449999998,-10.593668499999978],[-42.015466999999944,-10.630709399999944],[-41.998274099999946,-10.64182139999997],[-41.91592949999995,-10.642836399999965],[-41.82197229999997,-10.697699799999953],[-42.08889469999997,-10.932892599999946],[-42.075611099999946,-11.02977169999997],[-42.08906719999993,-11.022217399999931],[-42.145261999999946,-11.023306199999979],[-42.14616099999995,-11.047252399999934],[-42.18971449999998,-11.074863499999935],[-42.258279399999935,-11.14231019999994],[-42.24029009999998,-11.261234999999942],[-42.32878249999993,-11.287736499999937]]]}},{"id":"2010","type":"Feature","properties":{"COD_IBGE":"2915403","MUNICIPIO":"Itaju do Colônia","UF":"BA"},"geometry":{"type":"Polygon","coordinates":[[[-39.76599649999997,-15.367081499999927],[-39.77658239999994,-15.37594329999996],[-39.788511599999936,-15.374605599999938],[-39.809604999999976,-15.325412899999947],[-39.83103159999996,-15.319398399999955],[-39.83202929999993,-15.31028189999995],[-39.839637599999946,-15.317317899999978],[-39.847686099999976,-15.311042699999973],[-39.895542999999975,-15.10172099999994],[-39.89557579999996,-15.054200999999978],[-39.91321719999996,-15.03849839999998],[-39.89794839999996,-15.033991499999956],[-39.88791109999994,-15.013494499999979],[-39.86353859999997,-15.01053079999997],[-39.85411289999996,-14.991569199999958],[-39.84743039999995,-15.000387399999966],[-39.83282529999997,-15.000387399999966],[-39.831390099999965,-14.986784599999964],[-39.813026599999944,-14.970966799999928],[-39.78499119999998,-14.990218099999936],[-39.76724249999995,-14.991396899999927],[-39.744541899999945,-14.976855899999975],[-39.730600599999946,-14.983946999999944],[-39.69058169999994,-14.973146699999972],[-39.684100299999955,-14.954448699999944],[-39.70248189999995,-14.948278799999969],[-39.69939069999998,-14.934415699999931],[-39.65986369999996,-14.947715199999948],[-39.64445459999996,-14.970344299999965],[-39.597492099999954,-14.98906809999994],[-39.594323799999984,-15.006425699999966],[-39.581435399999975,-15.009483099999954],[-39.586568899999975,-15.016603999999973],[-39.570424499999945,-15.040455899999927],[-39.565890399999944,-15.088450499999965],[-39.58706849999993,-15.13398449999994],[-39.58432289999996,-15.144505099999947],[-39.56807599999996,-15.148141099999975],[-39.57418839999997,-15.17300119999993],[-39.566895399999964,-15.192692299999976],[-39.59177349999993,-15.235674399999937],[-39.58984629999998,-15.270478699999956],[-39.611472499999934,-15.275865299999964],[-39.626273099999935,-15.268628099999944],[-39.64317139999997,-15.278390099999967],[-39.64430239999996,-15.297811599999932],[-39.65486139999996,-15.281817599999954],[-39.66363339999998,-15.30680289999998],[-39.68947089999995,-15.298864999999978],[-39.68413119999997,-15.336260799999934],[-39.70018909999993,-15.341237499999977],[-39.70674249999996,-15.357606399999952],[-39.72364179999994,-15.35371559999993],[-39.73822949999993,-15.385813699999972],[-39.74683619999996,-15.370777999999973],[-39.75843589999994,-15.37366499999996],[-39.76599649999997,-15.367081499999927]]]}},{"id":"2011","type":"Feature","properties":{"COD_IBGE":"2915502","MUNICIPIO":"Itajuípe","UF":"BA"},"geometry":{"type":"Polygon","coordinates":[[[-39.35482189999993,-14.660624299999938],[-39.350196299999936,-14.655694899999958],[-39.29077639999997,-14.692889599999944],[-39.32645189999994,-14.711516399999937],[-39.33987599999995,-14.729069799999934],[-39.375210799999934,-14.701862099999971],[-39.38645509999998,-14.717532499999948],[-39.396533199999965,-14.697621099999935],[-39.41014809999996,-14.716878999999949],[-39.42989869999997,-14.715177199999971],[-39.428147699999954,-14.73832619999996],[-39.44204979999995,-14.745727999999929],[-39.450390899999945,-14.766587499999957],[-39.51000289999996,-14.732165299999963],[-39.53332469999998,-14.74232569999998],[-39.526183999999944,-14.677353899999957],[-39.51062829999995,-14.660541299999977],[-39.52421929999997,-14.64242319999994],[-39.51106679999998,-14.54763689999993],[-39.44969619999995,-14.612825999999927],[-39.40439699999996,-14.628296999999975],[-39.395580999999936,-14.640077099999928],[-39.35482189999993,-14.660624299999938]]]}},{"id":"2012","type":"Feature","properties":{"COD_IBGE":"2915601","MUNICIPIO":"Itamaraju","UF":"BA"},"geometry":{"type":"Polygon","coordinates":[[[-39.490656899999976,-17.03720899999996],[-39.47955589999998,-17.051538799999946],[-39.49227829999995,-17.08731899999998],[-39.475419199999976,-17.102667199999928],[-39.485184799999956,-17.130735799999968],[-39.50128989999996,-17.142538299999956],[-39.528768699999944,-17.118555899999933],[-39.57013889999996,-17.13346169999994],[-39.56694449999998,-17.150823899999978],[-39.575638599999934,-17.15559479999996],[-39.580367999999964,-17.18271119999997],[-39.59689449999996,-17.178371099999936],[-39.601633799999945,-17.157110899999964],[-39.62512559999993,-17.15982359999998],[-39.66009319999995,-17.182113499999957],[-39.69497409999997,-17.176194599999974],[-39.69822099999993,-17.186589199999958],[-39.71032029999998,-17.188289599999962],[-39.718484699999976,-17.207582499999944],[-39.74786519999998,-17.207360799999947],[-39.769584899999984,-17.22384399999993],[-39.80064999999996,-17.230416099999957],[-39.81189789999996,-17.22176989999997],[-39.82583589999996,-17.23038839999998],[-39.82226869999994,-17.23661249999998],[-39.83649079999998,-17.241972499999974],[-39.84599369999995,-17.23515029999993],[-39.857733199999984,-17.24237469999997],[-39.88286109999996,-17.226684599999942],[-39.88749279999996,-17.233718799999963],[-39.90121549999998,-17.230046899999934],[-39.90581839999993,-17.21265619999997],[-39.93084049999993,-17.209442899999942],[-39.93601589999997,-17.20091649999995],[-39.95554739999994,-17.209337199999936],[-39.96599399999997,-17.193312099999957],[-39.983545799999945,-17.18828609999997],[-39.993337199999985,-17.172738399999957],[-39.990488599999935,-17.15631259999998],[-40.01261889999995,-17.148612499999956],[-40.015539899999965,-17.132197099999928],[-40.056835999999976,-17.11371669999994],[-40.068169599999976,-17.089028199999973],[-40.07492209999998,-17.09004269999997],[-40.075710699999945,-17.075127099999975],[-40.06624869999996,-17.070816999999977],[-40.07769739999998,-17.051904699999966],[-40.079907799999944,-17.026620399999956],[-40.06035419999995,-16.997325399999966],[-40.06564799999995,-16.986837199999968],[-40.060595999999975,-16.974702599999944],[-40.04402639999995,-16.961945499999956],[-40.047600699999975,-16.94379269999996],[-40.03634889999995,-16.94673599999993],[-40.02697039999998,-16.93551789999998],[-40.00634979999995,-16.937479699999926],[-39.98993849999994,-16.893675299999927],[-39.99256509999998,-16.87042779999996],[-39.96807709999996,-16.87304679999994],[-39.95545359999994,-16.848656499999947],[-39.94542869999998,-16.846675499999947],[-39.93057559999994,-16.867635399999926],[-39.91244899999998,-16.87564649999996],[-39.886652599999934,-16.84698119999996],[-39.86777049999995,-16.83918269999998],[-39.85413939999995,-16.844802399999935],[-39.84227509999994,-16.835431099999937],[-39.83693419999997,-16.84899859999996],[-39.81212869999996,-16.84721449999995],[-39.79511569999994,-16.86107819999995],[-39.78895989999995,-16.85344139999995],[-39.78579209999998,-16.86326269999995],[-39.76745409999995,-16.868808799999954],[-39.772990999999934,-16.821700199999952],[-39.759213399999965,-16.760001099999954],[-39.76761019999998,-16.73356199999995],[-39.74571549999996,-16.749363999999957],[-39.725039299999935,-16.744294699999955],[-39.72087229999994,-16.730237099999954],[-39.70514689999993,-16.736634599999945],[-39.69766899999996,-16.728782499999966],[-39.68027919999997,-16.737991499999964],[-39.68475399999994,-16.74916819999993],[-39.66651589999998,-16.76520069999998],[-39.66043499999995,-16.78663249999994],[-39.64736379999994,-16.785319199999947],[-39.62224999999995,-16.81444289999996],[-39.61261069999995,-16.81363689999995],[-39.611362199999974,-16.824008799999945],[-39.62446829999993,-16.829993999999942],[-39.62262999999996,-16.835288399999968],[-39.60702319999996,-16.834624899999937],[-39.58391519999998,-16.85343249999994],[-39.55006709999998,-16.83735269999994],[-39.506921699999964,-16.844595999999967],[-39.52290499999998,-16.852647599999955],[-39.52503989999997,-16.867115599999977],[-39.49521839999994,-16.881744099999935],[-39.49188929999997,-16.89104029999993],[-39.50525369999997,-16.902289499999938],[-39.48520709999997,-16.919115199999965],[-39.49011059999998,-16.92762419999997],[-39.46918899999997,-16.924369699999943],[-39.44267979999995,-16.891083899999956],[-39.44664089999998,-16.95138049999997],[-39.45703959999997,-16.954759999999965],[-39.43723309999996,-16.98113019999994],[-39.46793059999993,-16.952637899999957],[-39.47944419999993,-16.95591049999996],[-39.48986999999994,-16.99229159999993],[-39.490656899999976,-17.03720899999996]]]}},{"id":"2013","type":"Feature","properties":{"COD_IBGE":"2915700","MUNICIPIO":"Itamari","UF":"BA"},"geometry":{"type":"Polygon","coordinates":[[[-39.70304689999995,-13.862940799999933],[-39.70094549999993,-13.83546119999994],[-39.688121799999976,-13.821281499999941],[-39.68869669999998,-13.80784319999998],[-39.700040799999954,-13.798378599999978],[-39.697112699999934,-13.788077199999975],[-39.71290979999998,-13.788600799999926],[-39.72761749999995,-13.77069309999996],[-39.73321639999995,-13.77767629999994],[-39.74066349999998,-13.774272199999928],[-39.71001169999994,-13.729020799999944],[-39.69371669999998,-13.721576099999936],[-39.69660699999997,-13.714733399999943],[-39.678149099999985,-13.712279099999932],[-39.65166719999996,-13.688887299999976],[-39.651166599999954,-13.697150999999963],[-39.643797699999936,-13.691219899999965],[-39.60925619999995,-13.702764099999968],[-39.59510819999997,-13.722348699999941],[-39.612955899999974,-13.736503399999947],[-39.62096249999996,-13.775553599999967],[-39.64045239999996,-13.784323299999926],[-39.636428999999964,-13.79521989999995],[-39.65836649999994,-13.827932499999974],[-39.66044589999996,-13.849453299999936],[-39.679690799999946,-13.871569399999942],[-39.70304689999995,-13.862940799999933]]]}},{"id":"2014","type":"Feature","properties":{"COD_IBGE":"2915809","MUNICIPIO":"Itambé","UF":"BA"},"geometry":{"type":"Polygon","coordinates":[[[-40.634117799999956,-15.281636999999932],[-40.62805049999997,-15.250789699999928],[-40.64200429999994,-15.25462669999996],[-40.651068399999986,-15.275875799999937],[-40.65409569999997,-15.26809899999995],[-40.66758919999995,-15.26673999999997],[-40.67726989999994,-15.239088399999957],[-40.709736599999985,-15.251427299999932],[-40.72007919999993,-15.24378749999994],[-40.74855579999996,-15.249032299999953],[-40.76623219999993,-15.242783699999961],[-40.78964399999995,-15.246776999999952],[-40.803004999999985,-15.278458199999932],[-40.814175199999966,-15.28552179999997],[-40.84757769999993,-15.269409999999937],[-40.819886199999985,-15.202675799999952],[-40.70184679999994,-15.076361299999974],[-40.55089359999994,-15.037108799999942],[-40.524634799999944,-15.036064899999928],[-40.51612849999998,-15.05641019999996],[-40.46582559999996,-15.031361699999934],[-40.44621889999996,-15.042687899999976],[-40.42404229999994,-15.038166899999965],[-40.42218239999994,-15.06547519999998],[-40.40455849999995,-15.094094799999937],[-40.37476609999993,-15.09223499999996],[-40.34531219999997,-15.107272699999953],[-40.33109659999997,-15.082416999999964],[-40.30160919999997,-15.08848519999998],[-40.25555389999994,-15.067682099999956],[-40.253501599999936,-15.051234099999931],[-40.236161299999935,-15.04825969999996],[-40.25046279999998,-15.026319199999932],[-40.24536969999997,-15.021967999999958],[-40.22860339999994,-15.033279899999968],[-40.21934739999995,-15.022648999999944],[-40.19371229999996,-15.020172199999934],[-40.191326699999934,-15.004708799999946],[-40.165085999999974,-15.006945499999972],[-40.15511249999997,-15.009820999999931],[-40.15263319999997,-15.02423049999993],[-40.13312509999997,-15.029441099999929],[-40.134912199999974,-15.04375639999995],[-40.11136689999995,-15.053880899999967],[-40.09934009999995,-15.080115699999965],[-40.09398219999997,-15.105452799999966],[-40.132187999999985,-15.224306899999931],[-40.26188969999998,-15.17589019999997],[-40.36882399999996,-15.250638699999968],[-40.36971209999996,-15.276244899999938],[-40.38334839999993,-15.27483639999997],[-40.42898909999997,-15.319795399999975],[-40.43983599999996,-15.307757799999933],[-40.47147359999997,-15.300881599999968],[-40.47882339999995,-15.290346799999952],[-40.488854499999945,-15.295702399999982],[-40.492646599999944,-15.277317499999981],[-40.51067439999997,-15.283395999999982],[-40.52302539999994,-15.275218499999937],[-40.54656529999994,-15.28783629999998],[-40.54478789999996,-15.269660199999976],[-40.571740699999964,-15.279023299999949],[-40.59109159999997,-15.263857299999927],[-40.59172509999996,-15.282309299999952],[-40.60898879999996,-15.283820899999967],[-40.62300909999993,-15.265408899999954],[-40.634117799999956,-15.281636999999932]]]}},{"id":"2015","type":"Feature","properties":{"COD_IBGE":"2915908","MUNICIPIO":"Itanagra","UF":"BA"},"geometry":{"type":"Polygon","coordinates":[[[-38.05133379999995,-12.454336599999976],[-38.07989079999993,-12.455322899999942],[-38.09778509999995,-12.436186499999963],[-38.08845269999995,-12.426325799999972],[-38.104637999999966,-12.41282229999996],[-38.10340059999993,-12.395531199999937],[-38.12127719999995,-12.396464999999978],[-38.126195999999936,-12.380136099999959],[-38.15418639999996,-12.358468999999957],[-38.16299289999995,-12.327548899999954],[-38.150071099999934,-12.306895199999929],[-38.15853469999996,-12.302042099999937],[-38.137165799999934,-12.292765999999972],[-38.16197239999997,-12.281616099999951],[-38.161247999999944,-12.269652699999938],[-38.17415319999998,-12.261191999999937],[-38.120128299999976,-12.251401099999953],[-38.11097319999993,-12.235822299999938],[-38.07657779999994,-12.239058299999954],[-38.080202199999974,-12.208743999999967],[-38.06595399999998,-12.186209899999938],[-38.07661099999996,-12.18211169999995],[-38.08189949999996,-12.158109499999966],[-38.06381189999996,-12.134537199999954],[-38.05646419999994,-12.144612399999971],[-38.04758869999995,-12.143776299999956],[-38.04374359999997,-12.158793199999934],[-38.02121209999996,-12.177949599999977],[-38.01753759999997,-12.218188399999974],[-37.92253159999996,-12.264321799999948],[-37.91339419999997,-12.309458199999938],[-37.97118059999997,-12.36981389999994],[-37.95613689999993,-12.36771779999998],[-37.94430559999995,-12.37672779999997],[-37.95135069999998,-12.40298839999997],[-37.98675499999996,-12.413708199999974],[-38.04059199999995,-12.462411699999961],[-38.05133379999995,-12.454336599999976]]]}},{"id":"2016","type":"Feature","properties":{"COD_IBGE":"2916005","MUNICIPIO":"Itanhém","UF":"BA"},"geometry":{"type":"Polygon","coordinates":[[[-40.22545649999995,-17.034810899999968],[-40.18459429999996,-17.076420799999937],[-40.17046239999996,-17.070387899999957],[-40.164676199999974,-17.076057299999945],[-40.16140339999998,-17.10759989999997],[-40.14445329999995,-17.092947299999935],[-40.13218389999997,-17.102247199999965],[-40.11806359999997,-17.098408399999983],[-40.125148699999954,-17.104500499999972],[-40.119842699999936,-17.11161489999995],[-40.13254469999998,-17.115052799999944],[-40.15034879999996,-17.135900799999945],[-40.142002299999945,-17.161392699999965],[-40.15307119999994,-17.169436599999926],[-40.14839509999996,-17.18111259999995],[-40.13744909999997,-17.175894899999946],[-40.12614439999993,-17.187437399999965],[-40.13898839999996,-17.232357299999933],[-40.13154899999995,-17.246569699999952],[-40.16354759999996,-17.249116699999945],[-40.19877279999997,-17.229575599999976],[-40.21775969999993,-17.247252299999957],[-40.281364199999985,-17.246591299999977],[-40.29811909999995,-17.259686099999954],[-40.34058769999996,-17.265229499999975],[-40.37293289999997,-17.258050799999978],[-40.39487789999998,-17.269167399999958],[-40.42776699999996,-17.265300599999932],[-40.43661739999993,-17.272333999999944],[-40.54775089999998,-17.28370629999995],[-40.56197339999994,-17.27250719999995],[-40.57232559999994,-17.250306099999932],[-40.55839419999995,-17.230676099999982],[-40.56230649999998,-17.21237579999996],[-40.55238389999994,-17.199153099999933],[-40.55386119999997,-17.189030299999956],[-40.57460869999994,-17.180334699999946],[-40.57915869999994,-17.148248299999977],[-40.562914699999965,-17.126327299999957],[-40.55678549999993,-17.089601999999957],[-40.57049929999994,-17.08023099999997],[-40.57141429999996,-17.06388549999997],[-40.54850759999994,-16.99062179999993],[-40.51632669999998,-16.963574799999947],[-40.48500439999998,-16.878970699999968],[-40.46038509999994,-16.878455199999962],[-40.44893689999998,-16.89236479999994],[-40.43239529999994,-16.887257199999965],[-40.40771749999993,-16.898657999999955],[-40.417673399999956,-16.928289199999938],[-40.39702829999993,-16.946406699999955],[-40.393003799999974,-16.96116799999993],[-40.36365879999994,-16.96799649999997],[-40.35647669999997,-16.98587249999997],[-40.337226999999984,-16.98113749999993],[-40.327979599999935,-16.999726099999975],[-40.29266039999993,-17.007578399999943],[-40.27492879999994,-16.995386999999937],[-40.26963479999995,-17.005107899999928],[-40.25749059999998,-17.003893999999946],[-40.25289749999996,-17.01556249999993],[-40.23328249999997,-17.025370299999963],[-40.22578569999996,-17.02070059999994],[-40.22545649999995,-17.034810899999968]]]}},{"id":"2017","type":"Feature","properties":{"COD_IBGE":"2916104","MUNICIPIO":"Itaparica","UF":"BA"},"geometry":{"type":"Polygon","coordinates":[[[-38.627596799999935,-12.940490999999952],[-38.72297149999997,-12.924386899999945],[-38.70286179999994,-12.880974899999956],[-38.72152079999995,-12.84735379999995],[-38.69856459999994,-12.800553399999956],[-38.67489669999998,-12.845424899999955],[-38.588799499999936,-12.892617299999927],[-38.56112799999994,-12.932736099999943],[-38.61568319999998,-12.932570999999939],[-38.627596799999935,-12.940490999999952]]]}},{"id":"2018","type":"Feature","properties":{"COD_IBGE":"2916203","MUNICIPIO":"Itapé","UF":"BA"},"geometry":{"type":"Polygon","coordinates":[[[-39.355118699999935,-14.865491899999938],[-39.39296759999996,-14.972611699999959],[-39.419074199999955,-15.01219969999994],[-39.51985719999993,-15.075971399999958],[-39.53525369999994,-15.057385599999975],[-39.55499809999998,-15.07742049999996],[-39.55922369999996,-15.050839099999962],[-39.56973919999996,-15.047256299999958],[-39.586568899999975,-15.016603999999973],[-39.581435399999975,-15.009483099999954],[-39.594323799999984,-15.006425699999966],[-39.59730099999996,-14.98925479999997],[-39.64445459999996,-14.970344299999965],[-39.65986369999996,-14.947715199999948],[-39.67841359999994,-14.938681199999962],[-39.665637699999934,-14.940711399999941],[-39.640505099999984,-14.916784099999973],[-39.62161949999995,-14.927650999999969],[-39.61732759999995,-14.912531799999954],[-39.601525599999945,-14.903135199999952],[-39.56598739999998,-14.906061499999964],[-39.56611749999996,-14.916791199999977],[-39.55553569999995,-14.920465899999954],[-39.52807799999994,-14.90781149999998],[-39.52066819999993,-14.893909399999927],[-39.49671949999998,-14.90920019999993],[-39.486359499999935,-14.89385679999998],[-39.47136589999997,-14.890971799999932],[-39.47693659999993,-14.851183399999968],[-39.40502159999994,-14.837213599999927],[-39.394586799999956,-14.85789909999994],[-39.38503829999996,-14.849362299999939],[-39.36790799999994,-14.84954289999996],[-39.355118699999935,-14.865491899999938]]]}},{"id":"2019","type":"Feature","properties":{"COD_IBGE":"2916302","MUNICIPIO":"Itapebi","UF":"BA"},"geometry":{"type":"Polygon","coordinates":[[[-39.48649539999997,-16.05988169999995],[-39.556469799999945,-16.031980199999964],[-39.60886399999998,-16.022419199999945],[-39.61577029999995,-16.007218299999977],[-39.749765099999934,-15.971856399999979],[-39.78865079999997,-15.968835599999977],[-39.81420149999997,-15.979813199999967],[-39.845977199999936,-15.975923099999932],[-39.87090669999998,-15.952822399999945],[-39.89302909999998,-15.957258899999943],[-39.909540499999935,-15.946165199999939],[-39.918934099999944,-15.927099099999964],[-39.93294019999996,-15.92130979999996],[-39.949109299999975,-15.897088599999961],[-39.95129369999995,-15.871627099999955],[-39.94645879999996,-15.868187899999953],[-39.92861489999996,-15.884190299999943],[-39.910983199999976,-15.867125099999953],[-39.886617299999955,-15.888979799999959],[-39.859557999999936,-15.873349099999928],[-39.83608639999994,-15.884215599999948],[-39.836515599999984,-15.869630599999937],[-39.814687799999945,-15.865797199999975],[-39.81614629999996,-15.846264299999973],[-39.78958499999993,-15.833864999999946],[-39.79397179999995,-15.823271599999941],[-39.78784809999996,-15.812279199999978],[-39.74946849999998,-15.801763299999948],[-39.73174089999998,-15.777925599999946],[-39.71496099999996,-15.780026899999939],[-39.67712199999994,-15.764910799999939],[-39.663260399999956,-15.746693599999958],[-39.63220179999996,-15.74339539999994],[-39.63467499999996,-15.764670399999943],[-39.62102669999996,-15.773967199999959],[-39.58431369999994,-15.768398199999979],[-39.55105119999996,-15.784514099999967],[-39.54891369999996,-15.791466799999966],[-39.57289659999998,-15.792736399999967],[-39.57036519999997,-15.805146199999967],[-39.49610719999998,-15.874700799999971],[-39.49390569999997,-15.90152009999997],[-39.471017899999936,-15.924506299999962],[-39.464890699999955,-15.948340499999972],[-39.477849799999944,-15.985329699999966],[-39.46661919999997,-15.991984099999968],[-39.450639199999955,-15.986197599999969],[-39.386749399999985,-16.05027769999998],[-39.40282069999995,-16.045298199999934],[-39.42318729999994,-16.070989099999963],[-39.46952749999997,-16.094371299999978],[-39.48649539999997,-16.05988169999995]]]}},{"id":"2020","type":"Feature","properties":{"COD_IBGE":"2916401","MUNICIPIO":"Itapetinga","UF":"BA"},"geometry":{"type":"Polygon","coordinates":[[[-40.16719079999996,-15.382845399999951],[-40.209758299999976,-15.428090099999963],[-40.22938949999997,-15.412541699999963],[-40.24455729999994,-15.41349669999994],[-40.253336899999965,-15.401341399999978],[-40.258659499999965,-15.41543269999994],[-40.29215759999994,-15.411515699999939],[-40.29842499999995,-15.42517879999997],[-40.31666939999997,-15.425080199999968],[-40.31524669999993,-15.40260479999995],[-40.34956549999998,-15.379823299999941],[-40.34045569999995,-15.362324299999955],[-40.36102639999996,-15.35158649999994],[-40.34881489999998,-15.327882999999929],[-40.35334579999994,-15.315240099999926],[-40.37279879999994,-15.321222099999943],[-40.37906049999998,-15.314821699999982],[-40.37025099999994,-15.310640299999932],[-40.36290729999996,-15.283930299999952],[-40.371146299999964,-15.276613699999928],[-40.36882399999996,-15.250638699999968],[-40.26188969999998,-15.17589019999997],[-40.132187999999985,-15.224306899999931],[-40.09398219999997,-15.105452799999966],[-40.061356599999954,-15.125467799999967],[-40.03933039999998,-15.125394799999981],[-40.02160889999993,-15.109555399999977],[-39.97971809999996,-15.113287999999955],[-39.96207479999998,-15.125640999999973],[-39.94374479999993,-15.120196599999929],[-39.93901489999996,-15.104792999999972],[-39.92688289999995,-15.111902399999963],[-39.91870609999995,-15.098690099999942],[-39.895542999999975,-15.10172099999994],[-39.847686099999976,-15.311042699999973],[-39.839637599999946,-15.317317899999978],[-39.83202929999993,-15.31028189999995],[-39.83103159999996,-15.319398399999955],[-39.809604999999976,-15.325412899999947],[-39.788511599999936,-15.374605599999938],[-39.77658239999994,-15.37594329999996],[-39.76582399999995,-15.366945599999951],[-39.78203959999996,-15.410820199999932],[-39.79263789999993,-15.412270699999965],[-39.79227599999996,-15.427180999999962],[-39.82967559999997,-15.459257799999932],[-39.84194529999996,-15.48241269999994],[-39.830179199999975,-15.53178689999993],[-39.845033299999955,-15.535788699999955],[-39.85625019999998,-15.524495399999978],[-39.88508099999996,-15.522967699999981],[-39.884172099999944,-15.509635599999967],[-39.90155429999993,-15.487951099999975],[-39.917582599999946,-15.48323419999997],[-39.91674349999994,-15.464361499999939],[-39.945042299999955,-15.46581729999997],[-39.93066849999997,-15.43875479999997],[-39.969002899999964,-15.451981299999943],[-39.97363009999998,-15.44648129999996],[-39.96199339999998,-15.431097099999931],[-39.984200199999975,-15.421568699999966],[-40.013326699999936,-15.424058299999956],[-40.032748899999945,-15.436411299999975],[-40.03686979999998,-15.427936599999953],[-40.03001009999997,-15.415773699999932],[-40.039547599999935,-15.410061599999949],[-40.04363069999994,-15.388900499999977],[-40.06605079999997,-15.392736199999945],[-40.076458299999956,-15.38507999999996],[-40.09229709999994,-15.398670099999947],[-40.08712809999997,-15.38329529999993],[-40.101466699999946,-15.380060499999956],[-40.095920099999944,-15.369867799999952],[-40.10591889999995,-15.36059389999997],[-40.16017599999998,-15.361954799999978],[-40.165731799999946,-15.371295799999928],[-40.14462579999997,-15.395000399999958],[-40.16421109999993,-15.410806599999944],[-40.15758219999998,-15.397147399999938],[-40.16719079999996,-15.382845399999951]]]}},{"id":"2021","type":"Feature","properties":{"COD_IBGE":"2916500","MUNICIPIO":"Itapicuru","UF":"BA"},"geometry":{"type":"Polygon","coordinates":[[[-38.15148949999997,-11.387904099999957],[-38.17928439999997,-11.364565399999947],[-38.24265609999998,-11.33534869999994],[-38.25741659999994,-11.320083799999964],[-38.30770979999994,-11.310165999999981],[-38.344685599999934,-11.263686499999949],[-38.372794899999974,-11.264412099999959],[-38.37628969999997,-11.25163559999993],[-38.418521099999964,-11.212143599999933],[-38.44509489999996,-11.170393499999932],[-38.43650869999993,-11.15799119999997],[-38.44169769999996,-11.136002299999973],[-38.433367499999974,-11.133419499999945],[-38.43557619999996,-11.115688099999943],[-38.404156599999965,-11.098086699999953],[-38.32207829999993,-11.072056399999951],[-38.24123339999994,-10.919801899999982],[-38.21115359999993,-10.93153899999993],[-38.20386149999996,-10.922562599999935],[-38.20083829999993,-10.938561099999959],[-38.18061559999995,-10.942767199999935],[-38.18654209999994,-10.964206499999932],[-38.17364409999993,-10.985953299999949],[-38.14417819999994,-11.001657299999977],[-38.12991119999998,-11.01891459999996],[-38.12054679999994,-11.00710719999995],[-38.10203579999995,-11.01584209999993],[-38.10241959999996,-11.043982899999946],[-38.07511489999996,-11.077093899999966],[-38.09328149999993,-11.103967699999941],[-38.088401199999964,-11.116255899999942],[-38.06561879999998,-11.12297609999996],[-38.07122009999995,-11.143545999999958],[-38.05718069999995,-11.172085299999935],[-38.046881499999984,-11.181638499999963],[-38.02335449999998,-11.17776699999996],[-38.00294869999993,-11.19382399999995],[-37.97333659999998,-11.19487289999995],[-37.98141949999996,-11.19846629999995],[-37.97746259999997,-11.221587899999975],[-37.99064199999998,-11.227994399999943],[-37.985779099999945,-11.237278699999933],[-37.99371529999996,-11.239640799999961],[-37.983640599999944,-11.248287999999945],[-37.99585379999996,-11.25947599999995],[-37.986742299999946,-11.272095899999954],[-38.00225339999997,-11.285409899999934],[-38.01474699999994,-11.285511699999972],[-38.01071929999995,-11.295247599999982],[-38.00283459999997,-11.293421299999977],[-37.990201799999966,-11.320321699999965],[-37.99847939999995,-11.322519499999942],[-37.987388099999976,-11.331455499999947],[-37.99943919999998,-11.337601199999938],[-37.99347929999993,-11.34568719999993],[-38.00251209999993,-11.358264399999939],[-38.03660949999994,-11.390158699999972],[-38.02577709999997,-11.398576699999978],[-38.03750069999995,-11.411280499999975],[-38.03474689999996,-11.417456199999947],[-38.07965239999993,-11.441139199999952],[-38.08033569999998,-11.46513049999993],[-38.09880819999995,-11.442053199999975],[-38.100188199999934,-11.427628099999936],[-38.121001999999976,-11.425670799999978],[-38.14047279999994,-11.40993119999996],[-38.15148949999997,-11.387904099999957]]]}},{"id":"2022","type":"Feature","properties":{"COD_IBGE":"2916609","MUNICIPIO":"Itapitanga","UF":"BA"},"geometry":{"type":"Polygon","coordinates":[[[-39.529798899999946,-14.410033099999964],[-39.49655599999994,-14.411255399999959],[-39.48991049999995,-14.398596599999962],[-39.47533389999995,-14.397471699999926],[-39.476295499999935,-14.409153799999956],[-39.48593759999994,-14.41274379999993],[-39.51439769999996,-14.45621499999993],[-39.512121599999944,-14.483299699999975],[-39.55059249999994,-14.561758299999951],[-39.73495509999998,-14.556187099999931],[-39.73180449999995,-14.509028499999943],[-39.703097699999944,-14.434632399999941],[-39.716152299999976,-14.411913599999934],[-39.696571699999936,-14.369579199999976],[-39.590411899999935,-14.39532939999998],[-39.53578569999996,-14.392808299999956],[-39.529798899999946,-14.410033099999964]]]}},{"id":"2023","type":"Feature","properties":{"COD_IBGE":"2916708","MUNICIPIO":"Itaquara","UF":"BA"},"geometry":{"type":"Polygon","coordinates":[[[-39.88816069999996,-13.515231999999969],[-39.891496899999936,-13.52803849999998],[-39.92442319999998,-13.529195799999968],[-39.920574399999964,-13.520786699999974],[-39.93077959999994,-13.496098699999948],[-40.00588899999997,-13.473500599999966],[-39.98706989999994,-13.407516999999928],[-39.995317399999976,-13.364564299999927],[-39.98161159999995,-13.34439249999997],[-39.98256349999997,-13.31600409999993],[-39.95411869999998,-13.315075499999978],[-39.951462799999945,-13.325841599999933],[-39.87735639999994,-13.391325499999937],[-39.84535159999996,-13.439524399999982],[-39.79406729999994,-13.456524899999977],[-39.785299399999985,-13.476890699999956],[-39.77157129999995,-13.483456299999943],[-39.77287869999998,-13.517689099999927],[-39.79092159999993,-13.530057799999952],[-39.81358259999996,-13.563568199999963],[-39.88816069999996,-13.515231999999969]]]}},{"id":"2024","type":"Feature","properties":{"COD_IBGE":"2916807","MUNICIPIO":"Itarantim","UF":"BA"},"geometry":{"type":"Polygon","coordinates":[[[-40.03270289999995,-15.973378299999979],[-40.04555359999995,-15.97274619999996],[-40.04577349999994,-15.962356299999954],[-40.06619469999998,-15.960208299999977],[-40.05913339999995,-15.953178799999932],[-40.06613319999997,-15.939764799999978],[-40.07883019999997,-15.94092379999995],[-40.06885049999994,-15.933913999999959],[-40.065716899999984,-15.91082799999998],[-40.08090779999998,-15.924097699999948],[-40.084996599999954,-15.897120599999937],[-40.11021619999997,-15.912579999999934],[-40.117052299999955,-15.903498899999931],[-40.129520499999956,-15.908101299999942],[-40.140572299999974,-15.898888399999976],[-40.14929999999998,-15.905367499999954],[-40.15646119999997,-15.899535599999979],[-40.16474469999997,-15.910231299999964],[-40.17540339999994,-15.903991699999949],[-40.16388539999997,-15.887245099999973],[-40.16610419999995,-15.86837719999994],[-40.192657699999984,-15.857751099999973],[-40.20007399999997,-15.862509799999941],[-40.24169389999997,-15.785298499999953],[-40.23288219999995,-15.756390299999964],[-40.19875209999998,-15.75927889999997],[-40.19510849999995,-15.727372599999967],[-40.177189699999985,-15.72602999999998],[-40.18841629999997,-15.707755899999938],[-40.17916059999993,-15.697317699999928],[-40.18464749999998,-15.685539399999982],[-40.16716079999998,-15.642543199999977],[-40.17465779999998,-15.621527499999956],[-40.133933199999944,-15.596634299999948],[-40.139193999999975,-15.537801199999933],[-40.133616899999936,-15.514494999999954],[-40.18468629999995,-15.47908719999998],[-40.19868329999997,-15.442406199999937],[-40.19276569999994,-15.432995799999958],[-40.177628599999935,-15.430634199999929],[-40.16858549999995,-15.408299799999952],[-40.15788649999996,-15.411134999999945],[-40.14462579999997,-15.395000399999958],[-40.166007399999955,-15.370688399999949],[-40.15954379999994,-15.361679699999968],[-40.100915999999984,-15.362653099999932],[-40.095825299999944,-15.370968999999945],[-40.101466699999946,-15.380060499999956],[-40.08712809999997,-15.38329529999993],[-40.09229709999994,-15.398670099999947],[-40.076458299999956,-15.38507999999996],[-40.06605079999997,-15.392736199999945],[-40.04363069999994,-15.388900499999977],[-40.039547599999935,-15.410061599999949],[-40.03001009999997,-15.415773699999932],[-40.033569899999975,-15.436017899999968],[-40.013326699999936,-15.424058299999956],[-39.98338729999995,-15.421702799999935],[-39.96199339999998,-15.431097099999931],[-39.97363009999998,-15.44648129999996],[-39.969505399999946,-15.451770499999952],[-39.93066849999997,-15.43875479999997],[-39.945498999999984,-15.464777599999934],[-39.92319669999995,-15.46379829999995],[-39.945748599999945,-15.481373599999927],[-39.95783809999995,-15.478763399999934],[-39.957689399999936,-15.506992499999967],[-39.970883199999946,-15.510423499999945],[-39.96396629999998,-15.528429199999948],[-39.97074649999996,-15.548328399999946],[-39.95155659999995,-15.56690539999994],[-39.934313299999985,-15.562291399999935],[-39.93287859999998,-15.57317519999998],[-39.89455319999996,-15.611889899999937],[-39.898369199999934,-15.623868499999958],[-39.88926649999996,-15.635353799999962],[-39.93590279999995,-15.68219879999998],[-39.918017599999985,-15.735586099999978],[-39.91039879999994,-15.734339299999931],[-39.919146499999954,-15.774567799999943],[-39.91310499999997,-15.804058299999951],[-39.92225929999995,-15.819358499999964],[-39.916758699999946,-15.827937899999938],[-39.92370579999994,-15.829714799999977],[-39.922468599999945,-15.852460699999938],[-39.91012449999994,-15.854376799999955],[-39.910983199999976,-15.867125099999953],[-39.92782049999994,-15.883925399999953],[-39.95104289999995,-15.871176799999944],[-39.949109299999975,-15.897088599999961],[-39.90909519999997,-15.946643499999936],[-39.89160329999993,-15.957680599999946],[-39.87090669999998,-15.952822399999945],[-39.84331479999997,-15.976581099999976],[-39.86550549999998,-15.996795899999938],[-39.91024349999998,-16.001420999999937],[-39.95574639999995,-15.991428299999939],[-39.96395999999993,-16.005331699999942],[-39.98026399999998,-16.005560799999955],[-39.97999759999993,-15.997642399999961],[-39.99205039999998,-15.995001299999956],[-40.00443649999994,-16.001838199999952],[-40.00096909999996,-15.994675599999937],[-40.013690699999984,-15.984006499999964],[-40.02257979999996,-15.99044699999996],[-40.03270289999995,-15.973378299999979]]]}},{"id":"2025","type":"Feature","properties":{"COD_IBGE":"2916856","MUNICIPIO":"Itatim","UF":"BA"},"geometry":{"type":"Polygon","coordinates":[[[-39.65226249999995,-12.671690499999954],[-39.660240999999985,-12.693996899999945],[-39.647059499999955,-12.729348799999968],[-39.63435309999994,-12.740270499999951],[-39.65282309999998,-12.761979599999961],[-39.665416999999934,-12.751070899999945],[-39.67348949999996,-12.753475999999978],[-39.678746899999965,-12.887261099999932],[-39.712684199999956,-12.862141899999926],[-39.72746519999998,-12.876985199999979],[-39.77026609999996,-12.855095799999958],[-39.79030329999995,-12.826990799999976],[-39.79916529999997,-12.841241999999966],[-39.814851199999964,-12.833574099999964],[-39.83969799999994,-12.816231199999947],[-39.84741249999996,-12.795666499999982],[-39.85569879999997,-12.795600399999955],[-39.79730209999997,-12.704937099999938],[-39.805908699999975,-12.686456499999963],[-39.78702539999995,-12.614946199999963],[-39.79181189999997,-12.557630599999982],[-39.76359379999997,-12.548275199999978],[-39.74734229999996,-12.563915299999962],[-39.733774299999936,-12.552659799999958],[-39.69337589999998,-12.561727399999938],[-39.64946459999993,-12.560600299999976],[-39.635117399999956,-12.582841899999949],[-39.67088959999995,-12.634907999999939],[-39.65226249999995,-12.671690499999954]]]}},{"id":"2026","type":"Feature","properties":{"COD_IBGE":"2916906","MUNICIPIO":"Itiruçu","UF":"BA"},"geometry":{"type":"Polygon","coordinates":[[[-40.17793219999993,-13.584531199999958],[-40.19076259999997,-13.538294599999972],[-40.20144299999998,-13.534590399999956],[-40.217409499999974,-13.542687799999953],[-40.23491739999997,-13.53414399999997],[-40.211324099999956,-13.522753299999977],[-40.21523599999995,-13.503229899999951],[-40.19878909999994,-13.499118199999941],[-40.197675199999935,-13.489775899999927],[-40.207933999999966,-13.47386339999997],[-40.21371309999995,-13.435219999999958],[-40.231799699999954,-13.407499099999939],[-40.22393699999998,-13.380623599999979],[-40.20108639999995,-13.385077199999955],[-40.21548139999993,-13.358697399999926],[-40.17766789999996,-13.36482849999993],[-40.182146899999964,-13.351530399999945],[-40.15063779999997,-13.337237199999947],[-40.120150499999966,-13.409972899999957],[-40.09424649999994,-13.43076629999996],[-40.07169369999997,-13.495496599999967],[-40.10570009999998,-13.523965999999973],[-40.12176739999995,-13.526794999999936],[-40.11021329999994,-13.584202799999957],[-40.11143419999996,-13.637668099999928],[-40.09685239999993,-13.668682699999977],[-40.118383499999936,-13.66898509999993],[-40.150581699999975,-13.636595799999952],[-40.17793219999993,-13.584531199999958]]]}},{"id":"2027","type":"Feature","properties":{"COD_IBGE":"2917003","MUNICIPIO":"Itiúba","UF":"BA"},"geometry":{"type":"Polygon","coordinates":[[[-39.85584929999993,-10.917890799999952],[-39.86533099999997,-10.904880799999944],[-39.87951839999994,-10.907506299999966],[-39.89103699999998,-10.899404799999957],[-39.90265549999998,-10.91584819999997],[-39.924216299999955,-10.917421499999932],[-39.929213199999936,-10.903253199999938],[-39.94671119999998,-10.907611699999961],[-39.95200769999997,-10.891384099999982],[-39.966967299999965,-10.898056099999962],[-39.975030699999934,-10.887648499999955],[-39.99905039999993,-10.884218199999964],[-39.99852959999998,-10.875357899999926],[-40.019154699999945,-10.884038999999973],[-40.02509279999998,-10.87641519999994],[-40.019037999999966,-10.867715399999952],[-40.049729499999955,-10.86287109999995],[-40.05888139999996,-10.852017599999954],[-40.045592099999965,-10.80027999999993],[-40.02795669999995,-10.780058199999928],[-40.036546999999985,-10.76577279999998],[-40.03056479999998,-10.734683599999926],[-40.003934999999956,-10.672321799999963],[-40.015710799999965,-10.66636049999994],[-39.99539649999997,-10.63171269999998],[-40.01767499999994,-10.62082259999994],[-39.94795449999998,-10.549631199999965],[-39.93229059999993,-10.55198699999994],[-39.93293529999994,-10.563013199999943],[-39.92094659999998,-10.55891379999997],[-39.93041919999996,-10.535662299999956],[-39.922593699999936,-10.495346199999972],[-39.90932649999996,-10.507505199999969],[-39.897429199999976,-10.479070599999943],[-39.836413799999946,-10.44788049999994],[-39.82033979999994,-10.461653799999965],[-39.802773799999954,-10.459722499999941],[-39.80374039999998,-10.426735999999948],[-39.78829689999998,-10.420059699999968],[-39.786909399999956,-10.429912599999966],[-39.74966049999995,-10.434649399999955],[-39.75590379999994,-10.473364699999934],[-39.76366079999997,-10.477715499999931],[-39.764950099999965,-10.497712099999944],[-39.75618359999993,-10.505176099999971],[-39.76482789999994,-10.511771799999963],[-39.76065209999996,-10.523023799999976],[-39.77270629999998,-10.551702099999943],[-39.74830489999994,-10.607800399999974],[-39.74639309999998,-10.639959899999951],[-39.69615699999997,-10.674318599999935],[-39.700654199999974,-10.71476679999995],[-39.70951869999993,-10.720977699999935],[-39.69483799999995,-10.740270899999928],[-39.698855899999955,-10.753551399999935],[-39.682995999999946,-10.764797099999953],[-39.67765889999998,-10.803850699999941],[-39.663530899999955,-10.810101499999973],[-39.66579359999997,-10.838102699999979],[-39.63674519999995,-10.84476589999997],[-39.64374819999995,-10.857032599999968],[-39.63604339999995,-10.87325199999998],[-39.62602499999997,-10.874664399999972],[-39.62757259999995,-10.914971899999955],[-39.66939739999998,-10.947045999999943],[-39.71690199999995,-10.953537899999958],[-39.71832889999996,-10.965618499999948],[-39.73817379999997,-10.951048899999932],[-39.761094999999955,-10.961853099999928],[-39.77446889999993,-10.959109699999942],[-39.798847799999976,-10.938828899999976],[-39.82535819999998,-10.939619299999947],[-39.82679349999995,-10.927546399999926],[-39.84297189999995,-10.926877299999944],[-39.84246779999995,-10.916185199999973],[-39.85584929999993,-10.917890799999952]]]}},{"id":"2028","type":"Feature","properties":{"COD_IBGE":"2917102","MUNICIPIO":"Itororó","UF":"BA"},"geometry":{"type":"Polygon","coordinates":[[[-39.99549289999993,-15.111951699999963],[-40.02380199999993,-15.110111399999937],[-40.03955129999997,-15.125464199999954],[-40.08372399999996,-15.11542789999993],[-40.09836549999994,-15.103065899999933],[-40.11045249999995,-15.055113999999946],[-40.134912199999974,-15.04375639999995],[-40.138507699999934,-15.008285799999953],[-40.12859999999995,-15.01290679999994],[-40.11816689999995,-15.035811099999933],[-40.10600029999995,-15.035619199999928],[-40.10154049999994,-15.04503649999998],[-40.08272339999996,-15.029391099999941],[-40.09068169999995,-15.010252399999956],[-40.072964799999966,-15.004327399999966],[-40.04803529999998,-14.95052389999995],[-40.00089579999997,-14.97494699999993],[-39.97655139999995,-14.958913199999927],[-39.910357499999975,-15.033439199999975],[-39.91129399999994,-15.043641799999932],[-39.89557579999996,-15.054200999999978],[-39.89187289999995,-15.097896999999932],[-39.91870609999995,-15.098690099999942],[-39.92688289999995,-15.111902399999963],[-39.93901489999996,-15.104792999999972],[-39.94374479999993,-15.120196599999929],[-39.96207479999998,-15.125640999999973],[-39.99549289999993,-15.111951699999963]]]}},{"id":"2029","type":"Feature","properties":{"COD_IBGE":"2917201","MUNICIPIO":"Ituaçu","UF":"BA"},"geometry":{"type":"Polygon","coordinates":[[[-41.22200079999993,-13.814001799999971],[-41.215666899999974,-13.910170299999947],[-41.23902819999995,-13.89181009999993],[-41.266322299999956,-13.901989199999946],[-41.279690399999936,-13.920630899999935],[-41.28017879999993,-13.98331589999998],[-41.29744009999996,-13.999534499999982],[-41.28513769999995,-14.039734599999974],[-41.294081699999936,-14.050874699999952],[-41.27980489999993,-14.075244299999952],[-41.29388259999996,-14.092030699999953],[-41.303435899999954,-14.082517399999972],[-41.31498349999998,-14.087640999999962],[-41.35992909999993,-14.051964399999974],[-41.37608199999994,-14.051508799999965],[-41.37825429999998,-14.044077699999946],[-41.39018169999997,-14.050049699999931],[-41.402959099999975,-14.038256199999978],[-41.40944459999997,-14.042421699999977],[-41.42638779999993,-14.022824699999944],[-41.43918279999997,-14.023531799999944],[-41.44999299999995,-14.013964299999941],[-41.448883199999955,-14.004247899999939],[-41.46353209999995,-14.001728699999944],[-41.46593169999994,-13.97129659999996],[-41.47553319999997,-13.969622399999935],[-41.466798799999935,-13.961332599999935],[-41.48198299999996,-13.950341999999978],[-41.47365479999996,-13.939489599999945],[-41.48396299999996,-13.936728399999936],[-41.47956919999996,-13.929691899999966],[-41.48776959999998,-13.930713199999957],[-41.48873749999996,-13.921422199999938],[-41.50132189999994,-13.924945999999977],[-41.49214189999998,-13.913119999999935],[-41.50772319999993,-13.902547199999958],[-41.50939349999993,-13.870346799999936],[-41.51941899999997,-13.866479099999935],[-41.513765199999966,-13.854860299999928],[-41.520970999999975,-13.848699799999963],[-41.51770749999997,-13.833957599999962],[-41.52821519999998,-13.827648299999964],[-41.52297199999998,-13.814661299999955],[-41.54199489999996,-13.802570499999945],[-41.53129099999995,-13.781817199999978],[-41.543346199999974,-13.77781349999998],[-41.53848209999995,-13.771105199999965],[-41.54514919999997,-13.761809699999958],[-41.577242299999966,-13.752094099999965],[-41.57760349999995,-13.726729899999953],[-41.59029309999994,-13.724041299999953],[-41.587446399999976,-13.70788319999997],[-41.59598179999995,-13.713218599999948],[-41.600102799999945,-13.70766539999994],[-41.59305779999994,-13.690103399999941],[-41.60806359999998,-13.66017809999994],[-41.47452339999995,-13.660309799999936],[-41.431878799999936,-13.668355599999927],[-41.42381889999996,-13.66169229999997],[-41.412340599999936,-13.67396199999996],[-41.36818299999993,-13.672783599999946],[-41.32932589999996,-13.699605499999961],[-41.29391869999995,-13.707654699999978],[-41.30228919999996,-13.684954599999969],[-41.28772419999996,-13.681077799999969],[-41.249180999999965,-13.718141999999943],[-41.22131269999994,-13.694641699999977],[-41.21761749999996,-13.705155899999966],[-41.234464299999956,-13.71542919999996],[-41.24157349999996,-13.74002859999996],[-41.23842089999994,-13.782344099999932],[-41.20514459999998,-13.821398999999928],[-41.22200079999993,-13.814001799999971]]]}},{"id":"2030","type":"Feature","properties":{"COD_IBGE":"2917300","MUNICIPIO":"Ituberá","UF":"BA"},"geometry":{"type":"Polygon","coordinates":[[[-39.14804229999993,-13.750939099999982],[-39.146550299999944,-13.76405399999993],[-39.157402899999965,-13.782068599999945],[-39.17605129999998,-13.784990099999959],[-39.18127089999996,-13.800466399999948],[-39.254214299999944,-13.813339199999973],[-39.25786379999994,-13.841372099999944],[-39.28310039999997,-13.845176299999935],[-39.315728999999976,-13.833336599999939],[-39.317555099999936,-13.770032799999967],[-39.308354099999974,-13.77202559999995],[-39.27316469999994,-13.711628099999928],[-39.259981799999935,-13.712288599999965],[-39.23239419999993,-13.697131399999932],[-39.22884309999995,-13.68228419999997],[-39.19847989999994,-13.668866499999979],[-39.13337869999998,-13.650840899999935],[-39.07907659999995,-13.679613099999926],[-39.05848659999998,-13.704932299999939],[-39.04699419999997,-13.696030199999939],[-39.02346049999994,-13.710546299999976],[-38.99454629999997,-13.707724199999973],[-38.98232139999993,-13.695536499999946],[-39.00019949999995,-13.777729699999952],[-38.99415689999995,-13.804899899999953],[-38.97215069999993,-13.842446199999927],[-39.00552749999997,-13.847331099999963],[-39.03742999999997,-13.831800599999951],[-39.07087809999996,-13.759735199999966],[-39.10139309999994,-13.749212799999952],[-39.11665059999996,-13.718382099999928],[-39.131381999999974,-13.722696299999939],[-39.13905239999997,-13.747427999999957],[-39.14804229999993,-13.750939099999982]]]}},{"id":"2031","type":"Feature","properties":{"COD_IBGE":"2917334","MUNICIPIO":"Iuiu","UF":"BA"},"geometry":{"type":"Polygon","coordinates":[[[-43.537173999999936,-14.78350759999995],[-43.583058999999935,-14.750172199999952],[-43.61124769999998,-14.760548699999958],[-43.657000299999936,-14.745751499999926],[-43.67100459999995,-14.736867399999937],[-43.673229499999934,-14.726355699999942],[-43.689743799999974,-14.728216299999929],[-43.68717339999995,-14.721407499999941],[-43.72150839999995,-14.728177799999969],[-43.71218559999994,-14.715278399999931],[-43.67929339999995,-14.707907699999964],[-43.67692949999997,-14.691467799999941],[-43.65767429999994,-14.673058099999935],[-43.66053189999997,-14.638146499999948],[-43.64562509999996,-14.621861899999942],[-43.62902829999996,-14.552145999999937],[-43.651311599999985,-14.551441599999976],[-43.66196249999996,-14.501150099999961],[-43.67139169999996,-14.493970899999965],[-43.69741629999993,-14.422254399999929],[-43.719500299999936,-14.397095699999966],[-43.697491199999945,-14.348680099999967],[-43.59609699999993,-14.28553439999996],[-43.57534839999994,-14.283855699999947],[-43.57908409999993,-14.237495799999976],[-43.56989139999996,-14.181911599999978],[-43.48071619999996,-14.176454599999943],[-43.456321799999955,-14.166118199999971],[-43.37375829999996,-14.361662999999965],[-43.53079699999995,-14.81553409999998],[-43.53919909999996,-14.805735999999968],[-43.537173999999936,-14.78350759999995]]]}},{"id":"2032","type":"Feature","properties":{"COD_IBGE":"2917359","MUNICIPIO":"Jaborandi","UF":"BA"},"geometry":{"type":"Polygon","coordinates":[[[-44.89249849999993,-13.671374699999944],[-44.72392079999997,-13.586019799999974],[-44.66806199999996,-13.534546299999931],[-44.64064909999996,-13.529732899999942],[-44.61589139999995,-13.540899899999943],[-44.543429999999944,-13.519658999999933],[-44.50653479999994,-13.518681199999946],[-44.51111409999993,-13.511104599999953],[-44.502641799999935,-13.467142599999931],[-44.49274559999998,-13.431123199999945],[-44.48152539999995,-13.422117799999967],[-44.46815239999995,-13.42650709999998],[-44.45446939999994,-13.417055999999945],[-44.43218839999997,-13.422067599999934],[-44.43096459999998,-13.431850199999928],[-44.416419099999985,-13.425050799999951],[-44.40278749999993,-13.428933099999938],[-44.39610709999994,-13.417481799999962],[-44.38228619999995,-13.417811799999981],[-44.38182459999996,-13.40869639999994],[-44.37034909999994,-13.418677499999944],[-44.365065899999934,-13.408011899999963],[-44.354818999999964,-13.418051399999968],[-44.35198209999993,-13.411277999999982],[-44.337751399999945,-13.416019699999936],[-44.32883609999993,-13.408363899999927],[-44.33169359999994,-13.397104399999932],[-44.30884219999996,-13.405822499999942],[-44.30084279999994,-13.395890599999973],[-44.271306899999956,-13.414225199999976],[-44.262669899999935,-13.405428699999959],[-44.25822069999998,-13.417523499999959],[-44.24531769999993,-13.412930899999935],[-44.22487669999998,-13.427620099999956],[-44.23386719999996,-13.441205999999966],[-44.244578299999944,-13.436705699999948],[-44.24275549999993,-13.452685999999972],[-44.26110179999995,-13.457872699999939],[-44.262099999999975,-13.480636299999958],[-44.26914859999994,-13.486658899999952],[-44.26105129999996,-13.50956089999994],[-44.281024499999944,-13.52510209999997],[-44.276778699999966,-13.531035999999972],[-44.28391549999998,-13.531701299999952],[-44.29009549999995,-13.559820899999977],[-44.308960499999955,-13.55661669999995],[-44.31081799999998,-13.56493249999994],[-44.315985499999954,-13.559447499999976],[-44.326945499999965,-13.58115609999993],[-44.349389299999984,-13.588575099999957],[-44.349361399999964,-13.59880389999995],[-44.38049909999995,-13.595233699999937],[-44.42530289999996,-13.622348099999954],[-44.45315509999995,-13.625076299999932],[-44.46656969999998,-13.644084899999939],[-44.500189999999975,-13.656380899999931],[-44.501949699999955,-13.66639639999994],[-44.541976999999974,-13.67727999999994],[-44.57052399999998,-13.673202099999969],[-44.58019219999994,-13.688210499999968],[-44.58857889999996,-13.684343099999978],[-44.59534559999997,-13.703876099999945],[-44.63819059999997,-13.712403799999947],[-44.651088399999935,-13.731690199999946],[-44.65536559999998,-13.72376689999993],[-44.67659779999997,-13.729349899999931],[-44.67116139999996,-13.735522899999978],[-44.69761349999993,-13.752385899999979],[-44.714369499999975,-13.750194999999962],[-44.72447409999995,-13.76660929999997],[-44.78126439999994,-13.78684069999997],[-44.79902949999996,-13.800593999999933],[-44.795103799999936,-13.827686299999982],[-44.80830959999997,-13.829215999999974],[-44.82175529999995,-13.850255999999945],[-44.83393739999997,-13.853423499999963],[-44.84302369999995,-13.882146899999952],[-44.857168599999966,-13.884908099999961],[-44.86012629999993,-13.89654829999995],[-44.86794249999997,-13.89378389999996],[-44.86536319999993,-13.903564699999947],[-44.88757489999995,-13.92220709999998],[-44.904486599999984,-13.925738999999965],[-44.899424599999975,-13.936572499999954],[-44.908626899999945,-13.990896999999961],[-44.923564899999974,-14.014628799999969],[-44.94045079999995,-14.013328799999954],[-44.95056669999997,-14.032458199999951],[-45.01066529999997,-14.046311999999944],[-45.01495819999997,-14.053991999999937],[-45.04208289999997,-14.061185099999932],[-45.049149099999966,-14.073616499999957],[-45.07535969999998,-14.07623179999996],[-45.09996639999997,-14.098079999999982],[-45.10685369999993,-14.118950299999938],[-45.12502049999995,-14.11086709999995],[-45.159882599999946,-14.12532619999996],[-45.19151859999994,-14.12689899999998],[-45.20288949999997,-14.149647999999956],[-45.22192579999995,-14.154614099999947],[-45.21942699999994,-14.16749109999995],[-45.241527099999985,-14.17524579999997],[-45.26387099999994,-14.200105199999939],[-45.301918899999976,-14.209101999999973],[-45.30454789999993,-14.224654099999952],[-45.317822999999976,-14.225333899999953],[-45.333827499999984,-14.245939799999974],[-45.37481799999995,-14.257258799999931],[-45.39789539999998,-14.294210699999951],[-45.41130459999994,-14.298492599999975],[-45.42492279999993,-14.329336499999954],[-45.45480369999996,-14.330227799999932],[-45.49226539999995,-14.355676199999948],[-45.49653039999998,-14.377838699999927],[-45.54150489999995,-14.414260799999965],[-45.55908479999994,-14.442481199999975],[-45.58205289999995,-14.452590699999973],[-45.608623199999954,-14.478054099999952],[-45.62343379999993,-14.504342299999962],[-45.67411729999998,-14.518469099999948],[-45.684018299999934,-14.54788439999993],[-45.727864899999986,-14.571391499999947],[-45.74664219999994,-14.601164599999947],[-45.858583099999976,-14.696385999999961],[-45.885921199999984,-14.731266399999981],[-45.94326049999995,-14.780236599999967],[-45.96420649999993,-14.810931799999935],[-45.99618469999996,-14.822645799999975],[-46.03937849999994,-14.875251499999933],[-46.02528689999997,-14.855756499999927],[-46.041197899999986,-14.826494599999933],[-46.01867189999996,-14.818549699999949],[-46.01915709999997,-14.803088899999977],[-46.00258409999998,-14.795838999999944],[-45.998752999999965,-14.770814299999927],[-46.00730199999998,-14.750979099999938],[-45.99705789999996,-14.741341399999953],[-46.00469679999998,-14.729836299999931],[-45.999060199999974,-14.715938699999981],[-46.00550369999996,-14.68899799999997],[-46.02086499999996,-14.691073499999959],[-46.02796909999995,-14.681007499999964],[-46.01051639999997,-14.662189999999953],[-46.000971799999945,-14.666570599999943],[-45.98951499999998,-14.658844999999928],[-45.99481429999997,-14.639656899999977],[-45.984398699999986,-14.621878699999968],[-45.997888399999965,-14.60357769999996],[-45.98525509999996,-14.578132599999947],[-45.991277199999956,-14.55478299999993],[-45.97530829999994,-14.538929799999949],[-46.000136199999986,-14.522742299999948],[-45.99608499999994,-14.48840599999994],[-46.01900309999996,-14.47207119999996],[-46.00007339999996,-14.446622199999979],[-46.01018369999997,-14.425695699999949],[-45.975806399999954,-14.434247999999968],[-45.93264289999996,-14.409859299999937],[-45.90715529999994,-14.355189799999948],[-45.915143299999954,-14.344644799999969],[-45.92823219999997,-14.35028959999994],[-45.932808199999954,-14.342360999999926],[-45.94221459999994,-14.343254999999942],[-45.95705119999997,-14.321398599999952],[-45.96255649999995,-14.286036499999966],[-45.98184039999995,-14.273508799999945],[-45.99756229999997,-14.277755799999966],[-45.990628699999945,-14.260878799999944],[-45.99542809999997,-14.25615769999996],[-46.026408499999945,-14.260908299999926],[-46.03330029999995,-14.247679399999981],[-46.05293649999993,-14.244790999999964],[-46.060405799999955,-14.23270059999993],[-46.05256459999998,-14.204472099999975],[-46.06104829999998,-14.19548459999993],[-46.101882899999964,-14.208318299999974],[-46.10068959999995,-14.191508699999929],[-46.12266469999997,-14.190602099999978],[-46.111022599999956,-14.172711299999946],[-46.11814089999996,-14.159949299999937],[-46.13218839999996,-14.152850099999966],[-46.15814069999993,-14.16059139999993],[-46.18599249999994,-14.155591699999945],[-46.19682849999998,-14.13011709999995],[-46.224392199999954,-14.105027599999971],[-46.23072479999996,-14.059523699999943],[-46.22768009999993,-14.044261399999982],[-46.21308839999995,-14.03055779999994],[-46.212120899999945,-14.010120399999948],[-46.16861149999994,-13.979697399999964],[-46.12168699999995,-13.977493999999979],[-46.091114199999936,-13.963071599999978],[-46.08813619999995,-13.954980999999975],[-46.06739319999997,-13.957719999999938],[-46.04414589999993,-13.950472599999955],[-46.03064959999995,-13.934210699999937],[-46.009446999999966,-13.936012699999935],[-46.00531829999994,-13.926507999999956],[-45.99223609999996,-13.925631099999976],[-45.97518239999994,-13.899173899999937],[-45.95366789999997,-13.90105619999997],[-45.947721899999976,-13.884971999999948],[-45.90404229999996,-13.875019599999973],[-45.883266599999956,-13.851922999999942],[-45.88339609999997,-13.841613799999948],[-45.869330599999955,-13.838798899999972],[-45.86205719999998,-13.82753299999996],[-45.84500719999994,-13.825003899999956],[-45.82573229999997,-13.809846599999958],[-45.814958899999965,-13.813340899999957],[-45.80415379999994,-13.796359799999948],[-45.791345399999955,-13.797432999999955],[-45.76398389999997,-13.772951199999966],[-45.74502689999997,-13.771976799999948],[-45.73092929999996,-13.760045299999945],[-45.71445139999997,-13.762424599999974],[-45.70204009999998,-13.748899699999981],[-45.67429669999996,-13.738743799999952],[-45.61308719999994,-13.753220099999965],[-45.583723599999985,-13.768139799999972],[-45.52166009999996,-13.764718399999936],[-45.47974629999993,-13.738296299999945],[-45.43553609999998,-13.731391499999972],[-45.364562399999954,-13.736314199999981],[-45.33705429999998,-13.721226799999954],[-45.30195289999995,-13.734283799999957],[-45.28967799999998,-13.748558799999955],[-45.27608809999998,-13.739253799999972],[-45.23912839999997,-13.744770999999957],[-45.19490639999998,-13.721144699999968],[-45.18374129999995,-13.704857499999946],[-45.16493429999997,-13.702769299999943],[-45.14330169999994,-13.684412599999973],[-45.13440029999998,-13.68503069999997],[-45.137451399999975,-13.67919139999998],[-45.12161789999993,-13.673483099999942],[-45.12798509999993,-13.671039399999927],[-45.122562699999946,-13.665728999999942],[-45.11714559999996,-13.674453699999958],[-44.89249849999993,-13.671374699999944]]]}},{"id":"2033","type":"Feature","properties":{"COD_IBGE":"2917409","MUNICIPIO":"Jacaraci","UF":"BA"},"geometry":{"type":"Polygon","coordinates":[[[-42.13514089999995,-14.811259599999971],[-42.34932689999994,-14.870816999999931],[-42.35708949999997,-14.888788999999974],[-42.35309059999997,-14.900447699999972],[-42.380554899999936,-14.947901699999932],[-42.40944469999994,-14.957253699999967],[-42.43026359999993,-14.948820699999942],[-42.438548999999966,-14.95834199999996],[-42.465922199999966,-14.95769189999993],[-42.47374839999998,-14.967721899999958],[-42.47901449999995,-15.014245899999935],[-42.495741399999986,-14.994858399999941],[-42.53163529999995,-14.977485399999978],[-42.53488239999996,-14.96658599999995],[-42.56068549999998,-14.962297199999966],[-42.58718959999993,-14.93023439999996],[-42.59896889999993,-14.92409779999997],[-42.613437199999964,-14.937725799999953],[-42.62405309999997,-14.934599599999956],[-42.61220199999997,-14.915823099999955],[-42.60935029999996,-14.889791699999932],[-42.58750539999994,-14.865632699999935],[-42.575107799999955,-14.87537629999997],[-42.57040009999997,-14.847428399999956],[-42.55391969999994,-14.83538249999998],[-42.56129579999998,-14.826514799999927],[-42.54920379999993,-14.826579599999945],[-42.54447699999997,-14.814956499999937],[-42.52998739999998,-14.80793559999995],[-42.53511589999994,-14.788221299999975],[-42.52944969999993,-14.765934199999947],[-42.491924799999936,-14.750299499999926],[-42.48769239999996,-14.737209599999971],[-42.46391089999997,-14.74199079999994],[-42.453111999999976,-14.75821129999997],[-42.43707909999995,-14.760612999999978],[-42.42194519999998,-14.749573699999928],[-42.41720259999994,-14.723365399999977],[-42.379706899999974,-14.710891999999944],[-42.37734169999993,-14.662313499999982],[-42.36374089999998,-14.634277299999951],[-42.34825959999995,-14.62217759999993],[-42.26934469999998,-14.631251599999928],[-42.24775089999997,-14.60903529999996],[-42.23912249999995,-14.61180509999997],[-42.21663279999996,-14.598164199999928],[-42.19485619999995,-14.60745739999993],[-42.15690639999997,-14.597041599999955],[-42.08484359999994,-14.682402699999955],[-42.07246479999998,-14.674417399999982],[-42.058911499999965,-14.679681099999982],[-42.04880459999998,-14.695375299999967],[-42.06885149999994,-14.718448299999977],[-42.05098839999994,-14.748240099999975],[-42.05651829999994,-14.780368799999962],[-42.046485099999984,-14.805040299999973],[-42.05954079999998,-14.849778899999933],[-42.097261999999944,-14.81900799999994],[-42.12169769999997,-14.820097999999973],[-42.13514089999995,-14.811259599999971]]]}},{"id":"2034","type":"Feature","properties":{"COD_IBGE":"2917508","MUNICIPIO":"Jacobina","UF":"BA"},"geometry":{"type":"Polygon","coordinates":[[[-40.506633299999976,-11.37167949999997],[-40.54601949999994,-11.304419999999936],[-40.560138999999936,-11.312347899999963],[-40.582074199999965,-11.308437099999935],[-40.60413239999997,-11.275700899999947],[-40.685963999999956,-11.211739699999953],[-40.72586639999997,-11.246302899999932],[-40.80066759999994,-11.112698999999964],[-40.916286499999956,-11.023412699999938],[-40.924569599999984,-10.991343099999938],[-40.89885419999996,-10.974166299999979],[-40.90500179999998,-10.943697699999973],[-40.876259199999936,-10.902288399999975],[-40.903035099999954,-10.857656499999962],[-40.90784639999998,-10.816852599999947],[-40.92055949999997,-10.807810299999971],[-40.93033779999996,-10.775247499999978],[-40.88979049999995,-10.802453399999933],[-40.83595159999993,-10.791605499999946],[-40.82415489999994,-10.800649299999975],[-40.79856709999996,-10.846370599999943],[-40.770518799999934,-10.85600839999995],[-40.75590609999995,-10.88451509999993],[-40.70663349999995,-10.917764399999953],[-40.72129119999994,-10.936958999999945],[-40.715949799999976,-10.952405899999974],[-40.68790289999998,-10.941934699999933],[-40.584618699999965,-10.990326799999934],[-40.54812599999997,-11.019036099999937],[-40.53543629999996,-11.021800799999937],[-40.529308199999946,-11.015518099999952],[-40.481727199999966,-11.04939939999997],[-40.45220039999998,-11.189631599999927],[-40.44092439999997,-11.201717599999938],[-40.418538199999944,-11.20476229999997],[-40.39607569999998,-11.224857799999938],[-40.39315819999996,-11.214426799999956],[-40.37223359999996,-11.213401699999963],[-40.369573299999956,-11.206422999999972],[-40.345313199999964,-11.228789199999937],[-40.31418559999997,-11.217065399999967],[-40.31821919999993,-11.210849499999938],[-40.302274799999964,-11.202882299999942],[-40.27888379999996,-11.204215799999929],[-40.259582999999964,-11.192336999999952],[-40.22830229999994,-11.190960999999959],[-40.22429159999996,-11.182562099999927],[-40.20865949999995,-11.18453809999994],[-40.20552209999994,-11.176802599999974],[-40.195928899999956,-11.187320899999975],[-40.163629999999955,-11.19105769999993],[-40.16151339999993,-11.18291819999996],[-40.14482839999994,-11.181930799999975],[-40.10999129999993,-11.24560699999995],[-40.08399929999996,-11.252094399999976],[-40.104373599999974,-11.299886699999945],[-40.14323479999996,-11.324955099999954],[-40.15845189999993,-11.325045099999954],[-40.165218599999946,-11.336121099999957],[-40.318274299999985,-11.33374079999993],[-40.31580789999998,-11.348461499999928],[-40.394127899999944,-11.384278499999937],[-40.41342259999993,-11.364172699999926],[-40.44208149999997,-11.358437399999957],[-40.459490899999935,-11.387418799999978],[-40.48258599999997,-11.386015799999939],[-40.49010079999994,-11.374237199999982],[-40.506633299999976,-11.37167949999997]]]}},{"id":"2035","type":"Feature","properties":{"COD_IBGE":"2917607","MUNICIPIO":"Jaguaquara","UF":"BA"},"geometry":{"type":"Polygon","coordinates":[[[-39.95782239999994,-13.673011199999962],[-40.004485399999965,-13.62999949999994],[-40.02035619999998,-13.640886899999941],[-40.03999529999993,-13.633699199999967],[-40.086756599999944,-13.639866599999948],[-40.09529809999998,-13.646436999999935],[-40.09685239999993,-13.668682699999977],[-40.10786899999994,-13.65362399999998],[-40.11021329999994,-13.584202799999957],[-40.12176739999995,-13.526794999999936],[-40.10570009999998,-13.523965999999973],[-40.07169369999997,-13.495496599999967],[-40.09424649999994,-13.43076629999996],[-40.120150499999966,-13.409972899999957],[-40.150635199999954,-13.337230899999952],[-40.07545779999998,-13.333686099999966],[-40.06189489999997,-13.344036699999947],[-40.04124779999995,-13.306951899999945],[-40.03540239999995,-13.321739999999977],[-40.02875209999996,-13.310672099999977],[-40.01477419999998,-13.307657499999948],[-39.99743339999998,-13.312326599999949],[-39.99060479999997,-13.327325299999927],[-39.98220089999995,-13.325755199999946],[-39.98161159999995,-13.34439249999997],[-39.995317399999976,-13.364564299999927],[-39.98706989999994,-13.407516999999928],[-40.00588899999997,-13.473500599999966],[-39.93077959999994,-13.496098699999948],[-39.920574399999964,-13.520786699999974],[-39.92442319999998,-13.529195799999968],[-39.891496899999936,-13.52803849999998],[-39.88817379999995,-13.515223899999967],[-39.80429989999993,-13.566773399999931],[-39.792210799999964,-13.580456799999979],[-39.79717549999998,-13.58835449999998],[-39.77693859999994,-13.599185399999953],[-39.77699099999995,-13.617752799999948],[-39.75839539999998,-13.636703799999964],[-39.76504479999994,-13.64585059999996],[-39.72755059999997,-13.734014999999943],[-39.713288699999964,-13.73671749999994],[-39.74107989999993,-13.777219999999943],[-39.75711169999994,-13.775412699999947],[-39.76830039999993,-13.785979099999963],[-39.78212099999996,-13.746136099999944],[-39.84741739999998,-13.722985299999948],[-39.853218899999945,-13.655597599999965],[-39.88702139999998,-13.659770599999945],[-39.89542099999994,-13.695244899999977],[-39.901828499999965,-13.696856499999967],[-39.91805539999996,-13.692060399999946],[-39.91945659999993,-13.68017279999998],[-39.94135819999997,-13.665679099999977],[-39.95782239999994,-13.673011199999962]]]}},{"id":"2036","type":"Feature","properties":{"COD_IBGE":"2917706","MUNICIPIO":"Jaguarari","UF":"BA"},"geometry":{"type":"Polygon","coordinates":[[[-39.86017419999996,-10.097175599999957],[-39.86853099999996,-10.13182299999994],[-39.94612029999996,-10.143198799999936],[-39.963148099999955,-10.15695489999996],[-39.96404039999993,-10.16691869999994],[-39.98633629999995,-10.178927299999941],[-39.99896309999997,-10.21992199999994],[-40.05736189999993,-10.274660599999947],[-40.02284359999993,-10.302296299999966],[-40.02726789999997,-10.318254199999956],[-40.09264809999996,-10.328683499999954],[-40.11931249999998,-10.343655399999932],[-40.135972599999945,-10.323921499999926],[-40.17125979999997,-10.358121499999982],[-40.20028709999997,-10.34337039999997],[-40.209858199999985,-10.323670799999945],[-40.23118459999995,-10.370977799999935],[-40.23676369999998,-10.342607599999951],[-40.22780729999994,-10.304593599999976],[-40.24763199999995,-10.260893899999928],[-40.241264599999965,-10.242172499999981],[-40.25535599999995,-10.227551999999946],[-40.24730439999996,-10.203743799999927],[-40.27613729999996,-10.168381899999929],[-40.281246899999985,-10.142266099999972],[-40.29925229999998,-10.128397099999972],[-40.351004899999964,-10.113055699999961],[-40.37089659999998,-10.140791499999978],[-40.417215899999974,-10.110670299999981],[-40.41294829999998,-10.096792799999946],[-40.39423759999994,-10.085687299999961],[-40.388783399999966,-10.062150299999928],[-40.346624299999974,-10.038392899999963],[-40.32845039999995,-10.013620199999934],[-40.31893039999994,-9.980999899999972],[-40.32903829999998,-9.959098199999971],[-40.31387669999998,-9.929670399999964],[-40.31638479999998,-9.907899799999939],[-40.28606989999997,-9.945795799999928],[-40.22595809999996,-9.921342899999956],[-40.18244239999996,-9.887301199999968],[-39.98188209999995,-9.80464059999997],[-39.91220069999997,-9.787970099999939],[-39.902908399999944,-9.781674399999929],[-39.89339129999996,-9.740468499999963],[-39.88234109999996,-9.745887299999936],[-39.83777269999996,-9.828346199999942],[-39.82328849999993,-9.824697299999968],[-39.79576469999995,-9.843810299999973],[-39.779769699999974,-9.871224599999948],[-39.759743499999956,-9.868008699999962],[-39.73829489999997,-9.901096399999972],[-39.74931179999993,-9.952447499999948],[-39.76546989999997,-9.970258099999967],[-39.78041079999997,-9.958584899999948],[-39.78401459999998,-9.941725499999961],[-39.81208289999995,-9.943734699999936],[-39.79819009999994,-9.979510699999935],[-39.811713699999984,-9.984154599999954],[-39.80723479999995,-10.001048599999933],[-39.826544299999966,-10.01095829999997],[-39.82733369999994,-10.03549709999993],[-39.843624999999975,-10.052448899999945],[-39.83853379999994,-10.073830599999951],[-39.86017419999996,-10.097175599999957]]]}},{"id":"2037","type":"Feature","properties":{"COD_IBGE":"2917805","MUNICIPIO":"Jaguaripe","UF":"BA"},"geometry":{"type":"Polygon","coordinates":[[[-38.88315469999998,-12.99722719999994],[-38.89259999999996,-12.962747399999955],[-38.91444329999996,-12.931906099999935],[-38.885365999999976,-12.946372399999973],[-38.87280929999997,-12.93847379999994],[-38.83942939999997,-12.94462569999996],[-38.829829899999936,-12.955974399999945],[-38.822741399999984,-12.947656299999949],[-38.83514409999998,-12.920984099999941],[-38.81260499999996,-12.91690699999998],[-38.79403679999996,-12.949633799999958],[-38.75145999999995,-12.966850699999952],[-38.77755969999998,-13.000186699999972],[-38.78822759999997,-13.042335199999968],[-38.801283799999965,-13.061535399999968],[-38.80490439999994,-13.121659399999942],[-38.79754349999996,-13.137472099999968],[-38.80270029999997,-13.14555619999993],[-38.834839699999975,-13.155709199999933],[-38.90846229999994,-13.213098199999934],[-38.946562599999936,-13.209354299999973],[-38.96691169999997,-13.224680399999954],[-38.96488919999996,-13.237053599999967],[-38.97365039999994,-13.234954899999934],[-38.989944899999955,-13.25478529999998],[-38.99924859999993,-13.250426199999936],[-39.00795679999993,-13.22598019999998],[-39.02665099999996,-13.244997199999943],[-39.07524909999995,-13.243769399999962],[-39.070118899999954,-13.259645199999966],[-39.09214579999997,-13.24800799999997],[-39.10242499999998,-13.258515699999975],[-39.14337079999996,-13.23354089999998],[-39.14346599999993,-13.22400399999998],[-39.170726499999944,-13.233807999999954],[-39.203566999999964,-13.196972399999936],[-39.23257929999994,-13.208137799999975],[-39.245470299999965,-13.195726699999966],[-39.254537899999946,-13.203098299999965],[-39.252611299999955,-13.186493599999949],[-39.275785499999984,-13.180394099999944],[-39.27997289999996,-13.188212199999953],[-39.29548009999996,-13.166587799999945],[-39.31180389999997,-13.16587949999996],[-39.29060329999993,-13.137923899999976],[-39.24831399999994,-13.133424499999933],[-39.21406019999995,-13.10723669999993],[-39.17995469999994,-13.117322299999955],[-39.121067299999936,-13.108988599999975],[-39.11496699999998,-13.134263699999963],[-39.09291479999996,-13.144460999999978],[-39.06594229999996,-13.132938999999965],[-39.04542169999996,-13.13352939999993],[-39.035094999999956,-13.117960499999981],[-39.00881569999996,-13.127554399999951],[-39.00754679999994,-13.100810799999977],[-38.99520299999995,-13.10650069999997],[-38.98106429999996,-13.098228099999972],[-38.97817329999998,-13.08749679999994],[-38.95598599999994,-13.090155799999934],[-38.95332639999998,-13.047542599999929],[-38.937767399999984,-13.032111999999927],[-38.93353319999994,-13.011082099999953],[-38.911261399999944,-13.024216799999977],[-38.91163759999995,-12.996711499999947],[-38.88315469999998,-12.99722719999994]]]}},{"id":"2038","type":"Feature","properties":{"COD_IBGE":"2917904","MUNICIPIO":"Jandaíra","UF":"BA"},"geometry":{"type":"Polygon","coordinates":[[[-37.535185799999965,-11.700405699999976],[-37.56232589999996,-11.703890099999967],[-37.57728469999995,-11.686605099999952],[-37.58588249999997,-11.691524399999935],[-37.60654529999994,-11.667140299999971],[-37.62433349999998,-11.661419699999954],[-37.672019499999976,-11.671311899999978],[-37.713468399999954,-11.63272319999993],[-37.746559099999956,-11.631860699999947],[-37.74917809999994,-11.662133499999982],[-37.758964299999946,-11.641917399999954],[-37.78063479999997,-11.63496639999994],[-37.80415549999998,-11.613341099999957],[-37.80328549999996,-11.603576799999928],[-37.822010199999966,-11.59749359999995],[-37.82887059999996,-11.558598699999948],[-37.82100899999995,-11.541558099999975],[-37.79456589999995,-11.518763999999976],[-37.77044779999994,-11.531998999999928],[-37.758974499999965,-11.525378299999943],[-37.749360999999965,-11.53862769999995],[-37.73186049999998,-11.537172599999963],[-37.72676609999996,-11.553558399999929],[-37.711603099999934,-11.552947699999947],[-37.70245989999995,-11.540194699999972],[-37.69545229999994,-11.549561899999958],[-37.69991379999993,-11.562415199999975],[-37.67311849999993,-11.568589599999939],[-37.66132969999995,-11.546167199999957],[-37.66420019999998,-11.531960799999979],[-37.65344989999994,-11.529506799999979],[-37.65027269999996,-11.516430999999955],[-37.643604299999936,-11.524415399999953],[-37.63211929999994,-11.518200499999978],[-37.61572679999995,-11.538600999999971],[-37.58145919999998,-11.530558999999926],[-37.58599639999994,-11.541374299999973],[-37.57855009999997,-11.552178899999944],[-37.56825729999997,-11.538428799999963],[-37.557068399999935,-11.551453099999947],[-37.52006759999995,-11.54930349999995],[-37.50475049999994,-11.524910099999943],[-37.45548869999993,-11.523138299999971],[-37.41088639999998,-11.495432499999936],[-37.35525529999995,-11.443699299999935],[-37.34114669999997,-11.442336499999954],[-37.40632839999995,-11.536589799999945],[-37.509555399999954,-11.737184799999966],[-37.53986919999994,-11.772447299999953],[-37.54034379999996,-11.751248999999973],[-37.526647699999955,-11.745816499999933],[-37.528649299999984,-11.73392999999993],[-37.520785899999964,-11.726345799999933],[-37.520681199999956,-11.711543699999936],[-37.53460559999996,-11.709888399999954],[-37.535185799999965,-11.700405699999976]]]}},{"id":"2039","type":"Feature","properties":{"COD_IBGE":"2918001","MUNICIPIO":"Jequié","UF":"BA"},"geometry":{"type":"Polygon","coordinates":[[[-39.932127599999944,-13.89216259999995],[-39.95291469999995,-13.90870689999997],[-39.97536199999996,-13.943398599999966],[-39.95576459999995,-13.973306799999932],[-39.900424699999974,-14.027322699999957],[-39.90166039999997,-14.046838799999932],[-39.92644839999997,-14.082550199999957],[-39.990427599999975,-14.049995999999965],[-40.00858139999997,-14.065598499999965],[-40.02725359999994,-14.049072099999933],[-40.04607039999996,-14.064564799999971],[-40.05307099999993,-14.059298099999978],[-40.06195059999993,-14.092402799999945],[-40.086202199999946,-14.128197299999954],[-40.10226249999994,-14.134888299999943],[-40.11291689999996,-14.170273899999927],[-40.08250099999998,-14.206682199999932],[-40.098574499999984,-14.242952099999968],[-40.09765269999997,-14.266930599999966],[-40.11297239999993,-14.227965199999971],[-40.13242859999997,-14.241629699999976],[-40.13010589999993,-14.249321699999939],[-40.14407209999996,-14.245671799999968],[-40.162834499999974,-14.253303399999936],[-40.17064709999994,-14.248627899999974],[-40.17049629999997,-14.230408499999953],[-40.19233879999996,-14.223113499999954],[-40.17539939999995,-14.134244099999933],[-40.184895799999936,-14.121744599999943],[-40.210901099999944,-14.125742899999977],[-40.22227659999993,-14.10475299999996],[-40.214782799999966,-14.08629019999995],[-40.21988579999993,-14.072118499999931],[-40.20724149999995,-14.069978999999933],[-40.211101499999984,-14.039157899999964],[-40.23209129999998,-14.03096279999994],[-40.24817909999996,-14.04236039999995],[-40.31739529999993,-14.00586089999996],[-40.33637699999997,-14.014143199999978],[-40.34932139999995,-14.032897899999966],[-40.512824499999965,-13.947914899999944],[-40.51526689999997,-13.922942299999931],[-40.52201519999994,-13.919864899999936],[-40.510177899999974,-13.91050329999996],[-40.504102399999965,-13.884167399999967],[-40.43972919999993,-13.864633399999946],[-40.51949599999995,-13.78874769999993],[-40.53759719999994,-13.728785099999982],[-40.529892099999984,-13.717924299999936],[-40.49846689999998,-13.71620239999993],[-40.481625399999984,-13.700296699999967],[-40.47411399999993,-13.678510999999958],[-40.467344699999956,-13.717322299999978],[-40.443335899999965,-13.728125099999943],[-40.41694199999995,-13.709440299999926],[-40.369772499999954,-13.709705099999951],[-40.37422869999995,-13.70100309999998],[-40.353727499999934,-13.69523689999994],[-40.33857389999997,-13.706975099999966],[-40.32429719999993,-13.701150199999972],[-40.30410359999996,-13.707763899999975],[-40.290293099999985,-13.700743299999942],[-40.23860639999998,-13.715409199999954],[-40.195583599999964,-13.710171699999933],[-40.19030609999993,-13.689247399999942],[-40.18019339999995,-13.685261799999978],[-40.139385699999934,-13.698824799999954],[-40.133912899999984,-13.687284399999953],[-40.09477979999997,-13.684319799999969],[-40.09500389999994,-13.645776499999954],[-40.06198309999996,-13.635041899999976],[-40.02035619999998,-13.640886899999941],[-40.004485399999965,-13.62999949999994],[-39.95782239999994,-13.673011199999962],[-39.94135819999997,-13.665679099999977],[-39.91945659999993,-13.68017279999998],[-39.91805539999996,-13.692060399999946],[-39.901828499999965,-13.696856499999967],[-39.89542099999994,-13.695244899999977],[-39.88702139999998,-13.659770599999945],[-39.85399119999994,-13.655169099999966],[-39.84643059999996,-13.745236099999943],[-39.835946999999976,-13.75197479999997],[-39.825814299999934,-13.747775899999965],[-39.81737419999996,-13.75695479999996],[-39.81329279999994,-13.802288899999951],[-39.80344709999997,-13.815075599999943],[-39.79434779999997,-13.81551849999994],[-39.78890349999995,-13.826931599999966],[-39.782520199999965,-13.815381699999932],[-39.76836069999996,-13.824206299999958],[-39.76597379999998,-13.833604199999968],[-39.78408879999995,-13.849813499999982],[-39.77948889999993,-13.86104359999996],[-39.771460899999965,-13.867077299999949],[-39.76400129999996,-13.858319699999981],[-39.748671299999955,-13.864123699999936],[-39.75774769999998,-13.884848599999941],[-39.74071299999997,-13.893380099999945],[-39.746918499999936,-13.902153699999928],[-39.74207059999998,-13.912129299999947],[-39.73423829999996,-13.90589019999993],[-39.70501509999997,-13.909890099999927],[-39.735727699999984,-13.932208499999945],[-39.75391229999997,-13.987215799999944],[-39.76506469999998,-13.991328199999941],[-39.759160099999974,-13.980368699999929],[-39.77901669999994,-13.96812639999996],[-39.77550359999998,-13.94699989999998],[-39.78517389999996,-13.938839899999948],[-39.801889399999936,-13.943268899999964],[-39.827364099999954,-13.924309799999946],[-39.82426719999995,-13.895631299999934],[-39.841354999999965,-13.885278999999969],[-39.82747419999998,-13.853047699999934],[-39.84476139999998,-13.847601099999963],[-39.850636899999984,-13.871687899999927],[-39.86253069999998,-13.875092999999936],[-39.87011019999994,-13.89073499999995],[-39.932127599999944,-13.89216259999995]]]}},{"id":"2040","type":"Feature","properties":{"COD_IBGE":"2918100","MUNICIPIO":"Jeremoabo","UF":"BA"},"geometry":{"type":"Polygon","coordinates":[[[-38.332917399999985,-9.785100799999952],[-38.26677459999996,-9.860396999999978],[-38.205281499999955,-9.908667099999946],[-38.191400999999985,-9.899004999999931],[-38.14888559999997,-9.916263899999933],[-38.133448999999985,-9.906862399999966],[-38.11617079999996,-9.921676099999956],[-38.140318599999944,-9.941240599999958],[-38.13295739999995,-9.954820599999948],[-38.11851799999994,-9.95340959999993],[-38.09994629999994,-9.96762689999997],[-38.10895979999998,-10.003010399999937],[-38.087721699999975,-10.045898199999954],[-38.07956749999994,-10.087381799999946],[-38.084178399999985,-10.096243199999947],[-38.077868699999954,-10.10042539999995],[-38.08849799999996,-10.109339699999964],[-38.08697749999993,-10.138758399999972],[-38.10656709999995,-10.215645299999949],[-38.12201829999998,-10.217905599999938],[-38.12458729999997,-10.227027999999962],[-38.150486299999955,-10.216235899999958],[-38.14362609999995,-10.193296099999941],[-38.192412299999944,-10.180333699999949],[-38.22039109999997,-10.220843599999967],[-38.237139499999955,-10.225258599999961],[-38.260446299999955,-10.24957489999997],[-38.28231809999994,-10.247234599999956],[-38.30279839999997,-10.25765139999993],[-38.31012279999993,-10.280473099999938],[-38.34454039999997,-10.265816899999948],[-38.36000749999994,-10.268829299999936],[-38.39011099999993,-10.279019199999937],[-38.40737339999998,-10.294344799999976],[-38.44262689999994,-10.297524199999941],[-38.489561099999946,-10.321607799999981],[-38.50583939999996,-10.306328199999939],[-38.52112759999994,-10.307650199999955],[-38.546064799999954,-10.280852799999934],[-38.56054469999998,-10.276444399999946],[-38.582321699999966,-10.282374299999958],[-38.57668199999995,-10.253913799999964],[-38.583054499999946,-10.234014099999968],[-38.57625989999997,-10.224998999999968],[-38.66876229999997,-10.18343509999994],[-38.69595449999997,-10.18934939999997],[-38.73322559999997,-10.167380099999946],[-38.712998599999935,-10.126559499999928],[-38.74393159999994,-10.102717299999938],[-38.76339559999997,-10.068167499999959],[-38.783556199999964,-10.05631619999997],[-38.80027729999995,-10.031024099999968],[-38.79826899999995,-10.013292399999955],[-38.85495229999998,-9.996323099999927],[-38.87136609999993,-9.98247349999997],[-38.86964839999996,-9.965515099999948],[-38.899063199999944,-9.97860739999993],[-38.90341099999995,-9.959081399999945],[-38.91852359999996,-9.960005299999978],[-38.93169089999998,-9.874367899999982],[-38.91901109999998,-9.85475729999996],[-38.86413999999996,-9.82941829999993],[-38.863760199999945,-9.77907259999995],[-38.82811529999998,-9.75472179999997],[-38.78484789999993,-9.745518599999969],[-38.77343769999993,-9.673941199999945],[-38.784789399999966,-9.646817299999952],[-38.548945999999944,-9.68547419999993],[-38.487784999999974,-9.712510899999927],[-38.45845669999994,-9.708934099999965],[-38.44325079999993,-9.698939099999961],[-38.332917399999985,-9.785100799999952]]]}},{"id":"2041","type":"Feature","properties":{"COD_IBGE":"2918209","MUNICIPIO":"Jiquiriçá","UF":"BA"},"geometry":{"type":"Polygon","coordinates":[[[-39.61010849999997,-13.183935099999928],[-39.578805699999975,-13.183699399999966],[-39.56884059999993,-13.189356799999928],[-39.55911459999993,-13.17863959999994],[-39.53042199999993,-13.172049999999956],[-39.525802899999974,-13.180801599999938],[-39.53889379999998,-13.184278499999948],[-39.53843349999994,-13.190699399999971],[-39.52584449999995,-13.20465969999998],[-39.54261239999994,-13.21841859999995],[-39.533546299999955,-13.228912899999955],[-39.54219619999998,-13.23591689999995],[-39.53482139999994,-13.24183789999995],[-39.53225199999997,-13.27424689999998],[-39.55349789999997,-13.362693299999933],[-39.55639249999996,-13.418322799999942],[-39.57511299999993,-13.42535799999996],[-39.590903699999956,-13.41565879999996],[-39.59341669999998,-13.449773199999981],[-39.60117779999996,-13.45408459999993],[-39.596970399999975,-13.47066529999995],[-39.60438149999993,-13.46596429999994],[-39.622420499999976,-13.48260149999993],[-39.631361099999936,-13.47189039999995],[-39.62894109999996,-13.461446099999932],[-39.64818489999993,-13.448841999999956],[-39.649310199999945,-13.43851669999998],[-39.63946329999993,-13.43778519999995],[-39.644246099999975,-13.420679599999971],[-39.62877219999996,-13.398706799999957],[-39.63670609999997,-13.351356899999928],[-39.62077859999994,-13.311895099999958],[-39.606441899999936,-13.297186299999964],[-39.61288549999995,-13.26130089999998],[-39.59771859999995,-13.263309899999967],[-39.585134299999936,-13.250679999999932],[-39.60212139999993,-13.226000899999974],[-39.591403999999955,-13.22098219999998],[-39.606907099999944,-13.208525599999973],[-39.61010849999997,-13.183935099999928]]]}},{"id":"2042","type":"Feature","properties":{"COD_IBGE":"2918308","MUNICIPIO":"Jitaúna","UF":"BA"},"geometry":{"type":"Polygon","coordinates":[[[-39.869744099999934,-14.011617999999942],[-39.90700959999998,-14.026161199999933],[-39.975332299999934,-13.942834199999936],[-39.93964009999996,-13.89412029999994],[-39.87011019999994,-13.89073499999995],[-39.86253069999998,-13.875092999999936],[-39.850636899999984,-13.871687899999927],[-39.84476139999998,-13.847601099999963],[-39.82685299999997,-13.853759399999944],[-39.841354999999965,-13.885278999999969],[-39.82426719999995,-13.895631299999934],[-39.827364099999954,-13.924309799999946],[-39.80058789999998,-13.943819299999973],[-39.78382779999998,-13.939353199999971],[-39.773082099999954,-13.95009319999997],[-39.781262899999945,-13.955439099999978],[-39.77901669999994,-13.96812639999996],[-39.75918389999998,-13.980594699999926],[-39.76199449999996,-13.992254399999979],[-39.79447739999995,-14.012624099999982],[-39.79065439999994,-14.037317299999927],[-39.80045419999993,-14.05975449999994],[-39.829316999999946,-14.03767309999995],[-39.839144199999964,-14.019898499999954],[-39.869744099999934,-14.011617999999942]]]}},{"id":"2043","type":"Feature","properties":{"COD_IBGE":"2918357","MUNICIPIO":"João Dourado","UF":"BA"},"geometry":{"type":"Polygon","coordinates":[[[-41.43631789999995,-11.238553199999956],[-41.49620589999995,-11.270710699999938],[-41.52076439999996,-11.272557199999937],[-41.57018259999995,-11.321862299999964],[-41.58778129999996,-11.357042499999977],[-41.60604549999994,-11.363293799999951],[-41.64005649999996,-11.39502269999997],[-41.70021389999994,-11.411243099999979],[-41.751520899999946,-11.413918499999966],[-41.74954519999994,-11.372187699999927],[-41.73307259999996,-11.33253069999995],[-41.74148429999997,-11.270747299999925],[-41.729692599999964,-11.227972299999976],[-41.739849299999946,-11.223282299999937],[-41.72992429999994,-11.209775699999966],[-41.71507929999996,-11.195048999999926],[-41.647887099999934,-11.168397999999968],[-41.633183299999985,-11.139629799999966],[-41.60689089999994,-11.145067099999949],[-41.59395289999998,-11.131015999999931],[-41.59750649999995,-11.122228199999938],[-41.56635259999996,-11.097238299999958],[-41.52548929999995,-11.091967299999965],[-41.497754199999974,-11.058499499999925],[-41.43495649999994,-11.006606499999975],[-41.43419719999997,-11.029392499999972],[-41.40839209999996,-11.069513099999938],[-41.39599259999994,-11.07652749999994],[-41.395443099999966,-11.10565319999995],[-41.37674869999995,-11.14011279999994],[-41.36864589999993,-11.142195699999945],[-41.36461149999997,-11.181898899999965],[-41.42213929999997,-11.242873999999972],[-41.43631789999995,-11.238553199999956]]]}},{"id":"2044","type":"Feature","properties":{"COD_IBGE":"2918407","MUNICIPIO":"Juazeiro","UF":"BA"},"geometry":{"type":"Polygon","coordinates":[[[-40.64097789999994,-9.88821349999995],[-40.81375129999998,-9.871369899999934],[-40.78577149999995,-9.849479799999926],[-40.75549309999997,-9.799179699999968],[-40.76836049999997,-9.77829429999997],[-40.76474529999996,-9.755351699999949],[-40.74064189999996,-9.70722139999998],[-40.768926499999964,-9.650420399999973],[-40.77003199999996,-9.56987479999998],[-40.74357629999997,-9.520172799999955],[-40.73040389999994,-9.45730889999993],[-40.715245299999935,-9.448806199999979],[-40.68132179999998,-9.467220999999938],[-40.62067689999998,-9.482525499999952],[-40.595123299999955,-9.46736919999995],[-40.55575849999997,-9.457938099999978],[-40.52911469999998,-9.413901599999974],[-40.49719639999995,-9.408572399999969],[-40.46775509999998,-9.420568099999969],[-40.43589829999996,-9.362158699999952],[-40.423659499999985,-9.353464999999971],[-40.41164619999995,-9.354170899999929],[-40.391278399999976,-9.372166799999945],[-40.35639709999998,-9.376994299999978],[-40.33504329999994,-9.353901699999938],[-40.33611959999996,-9.327168699999959],[-40.302206799999965,-9.251703299999974],[-40.28617269999995,-9.18561139999997],[-40.29401199999995,-9.15206779999994],[-40.28670609999995,-9.117351799999938],[-40.27319219999998,-9.082421599999975],[-40.24786409999996,-9.057737799999927],[-40.21343669999993,-9.060981099999935],[-40.17413709999994,-9.090559399999961],[-40.16500159999998,-9.106487799999968],[-40.129894899999954,-9.11030459999995],[-40.077395999999965,-9.078226399999949],[-40.06556309999996,-9.063065199999926],[-39.97844989999993,-9.054863199999943],[-39.98587639999994,-9.079225399999928],[-39.96993839999993,-9.119536499999981],[-39.95929209999997,-9.122084399999949],[-39.94052579999993,-9.11044419999996],[-39.93419709999995,-9.117825899999957],[-39.911870299999975,-9.112697599999933],[-39.912769099999934,-9.121930099999929],[-39.90160849999995,-9.13047649999993],[-39.907297599999936,-9.15730659999997],[-39.89417059999994,-9.166470899999979],[-39.88963759999996,-9.18968179999996],[-39.86689979999994,-9.20190759999997],[-39.860762499999964,-9.23036209999998],[-39.879728599999964,-9.26933189999994],[-39.88640829999997,-9.329809299999965],[-39.86458479999993,-9.460677099999941],[-39.87502569999998,-9.499264899999957],[-39.867794499999945,-9.526795299999947],[-39.88119999999998,-9.55172349999998],[-39.89586029999998,-9.613097899999957],[-39.888662599999975,-9.665775399999973],[-39.90063999999995,-9.705930799999976],[-39.902908399999944,-9.781674399999929],[-39.98188209999995,-9.80464059999997],[-40.18244239999996,-9.887301199999968],[-40.22595809999996,-9.921342899999956],[-40.28606989999997,-9.945795799999928],[-40.32326909999995,-9.90747639999995],[-40.34423469999996,-9.929503499999953],[-40.38350959999997,-9.944301999999936],[-40.41218279999998,-9.973512699999958],[-40.50274219999994,-9.971154499999955],[-40.64097789999994,-9.88821349999995]]]}},{"id":"2045","type":"Feature","properties":{"COD_IBGE":"2918456","MUNICIPIO":"Jucuruçu","UF":"BA"},"geometry":{"type":"Polygon","coordinates":[[[-39.96158299999996,-16.856115599999953],[-39.96807709999996,-16.87304679999994],[-39.99419279999995,-16.872611099999972],[-39.98993849999994,-16.893675299999927],[-40.00654079999998,-16.93772189999993],[-40.02697039999998,-16.93551789999998],[-40.035460899999975,-16.938998999999967],[-40.03136779999994,-16.94455679999993],[-40.05080299999997,-16.94802969999995],[-40.04402639999995,-16.961945499999956],[-40.060595999999975,-16.974702599999944],[-40.06564799999995,-16.986837199999968],[-40.06035419999995,-16.997325399999966],[-40.079826699999956,-17.02607489999997],[-40.07769739999998,-17.051904699999966],[-40.06624869999996,-17.070816999999977],[-40.07699359999998,-17.082532499999957],[-40.08558799999997,-17.078710499999943],[-40.08926999999994,-17.061891599999967],[-40.11723059999997,-17.081932499999937],[-40.155503099999976,-17.07726679999996],[-40.176810099999955,-17.05438319999996],[-40.18269189999995,-17.015551899999934],[-40.211456099999964,-16.996186299999977],[-40.21334099999996,-16.98477379999997],[-40.22922099999994,-16.97271369999993],[-40.29170959999993,-16.963122299999952],[-40.322278799999935,-16.94892459999994],[-40.39669269999996,-16.943389799999977],[-40.40382349999993,-16.933063699999934],[-40.399964799999964,-16.888553299999955],[-40.375900799999954,-16.88587229999996],[-40.366484999999955,-16.87417229999994],[-40.348302099999955,-16.888044099999945],[-40.34874499999995,-16.89930659999993],[-40.33152299999995,-16.908027299999958],[-40.31560969999998,-16.905285999999933],[-40.302773799999954,-16.892243599999972],[-40.28796929999993,-16.90445159999996],[-40.27601679999998,-16.892866099999935],[-40.266025999999954,-16.86031339999994],[-40.25212149999993,-16.860050599999965],[-40.24690709999993,-16.84573949999998],[-40.26446989999994,-16.799104599999964],[-40.323605499999985,-16.80126919999998],[-40.34549359999994,-16.787267499999928],[-40.31016669999997,-16.736215499999958],[-40.30235619999996,-16.708178199999963],[-40.30701879999998,-16.696766499999967],[-40.296397999999954,-16.698067999999978],[-40.28311359999998,-16.672905999999955],[-40.26187299999998,-16.68310299999996],[-40.26694059999994,-16.69993169999998],[-40.247450999999955,-16.715617899999927],[-40.219125599999984,-16.703164399999935],[-40.211278999999934,-16.707501799999932],[-40.203449699999965,-16.696042399999953],[-40.19759359999995,-16.708819699999935],[-40.186252699999955,-16.69868459999998],[-40.159541099999956,-16.69352509999993],[-40.16333229999998,-16.711739399999942],[-40.13890569999995,-16.71480839999998],[-40.127387099999964,-16.67943839999998],[-40.09314169999993,-16.685770899999966],[-40.087194599999975,-16.67505989999995],[-40.076760899999954,-16.706508199999973],[-40.061987999999985,-16.717100699999946],[-40.03630889999994,-16.703877999999975],[-40.02223189999995,-16.71381779999996],[-40.00815049999994,-16.70180679999993],[-39.996106699999984,-16.711865299999943],[-39.99007689999996,-16.701559199999963],[-39.96560619999997,-16.695287399999927],[-39.97611639999997,-16.706470499999966],[-39.96868959999995,-16.729626499999938],[-39.95522439999996,-16.734470199999976],[-39.94517049999996,-16.726075899999955],[-39.93757309999995,-16.732366499999955],[-39.92743139999993,-16.726722799999948],[-39.916783899999984,-16.734074199999952],[-39.89025849999996,-16.725995199999943],[-39.883384999999976,-16.74592199999995],[-39.860103299999935,-16.749615999999946],[-39.84449879999994,-16.76224119999995],[-39.81522479999995,-16.763892399999975],[-39.79636009999996,-16.75058819999998],[-39.78734469999995,-16.75448679999994],[-39.77251769999998,-16.734766299999933],[-39.76349449999998,-16.73813149999995],[-39.75929529999996,-16.760797999999966],[-39.772990999999934,-16.821700199999952],[-39.76745409999995,-16.868808799999954],[-39.78579209999998,-16.86326269999995],[-39.78895989999995,-16.85344139999995],[-39.79511569999994,-16.86107819999995],[-39.81212869999996,-16.84721449999995],[-39.83693419999997,-16.84899859999996],[-39.84164539999995,-16.835447199999976],[-39.85413939999995,-16.844802399999935],[-39.86777049999995,-16.83918269999998],[-39.886652599999934,-16.84698119999996],[-39.91244899999998,-16.87564649999996],[-39.93057559999994,-16.867635399999926],[-39.94501989999998,-16.84674339999998],[-39.96158299999996,-16.856115599999953]]]}},{"id":"2046","type":"Feature","properties":{"COD_IBGE":"2918506","MUNICIPIO":"Jussara","UF":"BA"},"geometry":{"type":"Polygon","coordinates":[[[-41.92626869999998,-11.18171209999997],[-41.98596459999993,-11.143254199999944],[-42.01624869999995,-11.112265699999966],[-42.075611099999946,-11.02977169999997],[-42.08889469999997,-10.932892599999946],[-41.82197229999997,-10.697699799999953],[-41.76908169999996,-10.722152299999948],[-41.73859569999996,-10.707937999999956],[-41.713922199999956,-10.741527099999928],[-41.69524649999994,-10.793309999999963],[-41.66276229999994,-10.811201799999935],[-41.697369299999934,-10.863252299999942],[-41.69834929999996,-10.895848999999941],[-41.67196269999994,-10.869120799999962],[-41.65298799999994,-10.88558219999993],[-41.644872599999985,-10.912610799999982],[-41.66216639999993,-10.91295969999993],[-41.712985199999935,-10.937648399999944],[-41.75310299999995,-10.940033099999937],[-41.81352759999993,-11.020272299999931],[-41.85602749999998,-11.115857799999958],[-41.898362099999986,-11.128539399999966],[-41.92626869999998,-11.18171209999997]]]}},{"id":"2047","type":"Feature","properties":{"COD_IBGE":"2918555","MUNICIPIO":"Jussari","UF":"BA"},"geometry":{"type":"Polygon","coordinates":[[[-39.44725429999994,-15.034817199999964],[-39.41892599999994,-15.011928399999931],[-39.411458299999936,-15.021708399999966],[-39.41679519999997,-15.026560999999958],[-39.40507589999993,-15.036005599999953],[-39.40953919999998,-15.045143499999938],[-39.40322979999996,-15.051148999999953],[-39.40865699999995,-15.063035399999933],[-39.39176289999995,-15.079209499999934],[-39.40309739999998,-15.096609499999943],[-39.40329779999996,-15.12968589999997],[-39.43062199999997,-15.160361799999976],[-39.441495499999974,-15.159228799999937],[-39.450165399999946,-15.14385939999994],[-39.46009609999993,-15.15486629999998],[-39.45377629999996,-15.172885899999926],[-39.46014569999994,-15.205686499999956],[-39.47478109999997,-15.212708799999973],[-39.48114309999994,-15.206160699999941],[-39.489570999999955,-15.246385499999974],[-39.54367129999997,-15.241716199999928],[-39.55676079999995,-15.231594799999982],[-39.55440459999994,-15.221631099999968],[-39.57116769999993,-15.231684499999972],[-39.57243079999995,-15.281605999999954],[-39.57875619999993,-15.28758659999994],[-39.593368399999974,-15.273885199999938],[-39.59271999999993,-15.241152399999976],[-39.566895399999964,-15.192692299999976],[-39.57418839999997,-15.17300119999993],[-39.56807599999996,-15.148141099999975],[-39.58432289999996,-15.144505099999947],[-39.58706849999993,-15.13398449999994],[-39.565890399999944,-15.088450499999965],[-39.570303699999954,-15.048214199999961],[-39.55922369999996,-15.050839099999962],[-39.553140499999984,-15.078702499999963],[-39.53525369999994,-15.057385599999975],[-39.51985719999993,-15.075971399999958],[-39.466130299999975,-15.037994199999957],[-39.44725429999994,-15.034817199999964]]]}},{"id":"2048","type":"Feature","properties":{"COD_IBGE":"2918605","MUNICIPIO":"Jussiape","UF":"BA"},"geometry":{"type":"Polygon","coordinates":[[[-41.61906109999995,-13.543674599999974],[-41.64674579999996,-13.572201199999938],[-41.66832279999994,-13.529274199999975],[-41.69603429999995,-13.521737599999938],[-41.697702299999946,-13.47857769999996],[-41.71331989999993,-13.45787759999996],[-41.74448599999994,-13.439497099999926],[-41.76293519999996,-13.44280219999996],[-41.77241939999993,-13.431931799999973],[-41.77132319999998,-13.418907099999956],[-41.75268379999994,-13.411784099999977],[-41.75606209999995,-13.394154899999933],[-41.74236479999996,-13.36691159999998],[-41.74642279999995,-13.32468629999994],[-41.72490199999993,-13.357047999999963],[-41.71348339999997,-13.35225289999994],[-41.70766939999993,-13.369856199999958],[-41.69482039999997,-13.369472199999962],[-41.67187759999996,-13.352994399999943],[-41.66810269999996,-13.360330699999963],[-41.67676499999993,-13.365174299999978],[-41.664239899999984,-13.36966259999997],[-41.61722169999996,-13.426872499999945],[-41.55221359999996,-13.409278299999926],[-41.53112119999997,-13.444501199999934],[-41.51144259999995,-13.44687829999998],[-41.502858499999945,-13.466628299999968],[-41.50731209999998,-13.47734939999998],[-41.49910129999995,-13.481487899999934],[-41.50337879999995,-13.514997199999982],[-41.48728029999995,-13.523691099999951],[-41.471754199999964,-13.623181999999929],[-41.45606539999994,-13.62919839999995],[-41.44380549999994,-13.66192899999993],[-41.431878799999936,-13.668355599999927],[-41.47452339999995,-13.660309799999936],[-41.60806359999998,-13.66017809999994],[-41.604643099999976,-13.646507999999926],[-41.613018599999975,-13.642380899999978],[-41.604567299999985,-13.640611399999955],[-41.61713069999996,-13.624990699999955],[-41.603810899999985,-13.626295099999936],[-41.60588199999995,-13.60026019999998],[-41.61469459999995,-13.594440299999974],[-41.607503099999974,-13.56141619999994],[-41.61906109999995,-13.543674599999974]]]}},{"id":"2049","type":"Feature","properties":{"COD_IBGE":"2918704","MUNICIPIO":"Lafaiete Coutinho","UF":"BA"},"geometry":{"type":"Polygon","coordinates":[[[-40.15896739999994,-13.621243799999945],[-40.11972069999996,-13.668056499999977],[-40.09685239999993,-13.668682699999977],[-40.09477979999997,-13.684319799999969],[-40.133912899999984,-13.687284399999953],[-40.140705999999966,-13.699015299999928],[-40.18216579999995,-13.68559739999995],[-40.19030609999993,-13.689247399999942],[-40.195583599999964,-13.710171699999933],[-40.23860639999998,-13.715409199999954],[-40.290293099999985,-13.700743299999942],[-40.30410359999996,-13.707763899999975],[-40.32429719999993,-13.701150199999972],[-40.33857389999997,-13.706975099999966],[-40.36266379999995,-13.696229499999959],[-40.37422869999995,-13.70100309999998],[-40.369772499999954,-13.709705099999951],[-40.41694199999995,-13.709440299999926],[-40.44669099999993,-13.728101299999935],[-40.467344699999956,-13.717322299999978],[-40.47282179999996,-13.679412999999954],[-40.48712939999996,-13.676618299999973],[-40.49970969999998,-13.652881999999977],[-40.47650999999996,-13.642174499999953],[-40.450706099999934,-13.656637099999955],[-40.448789199999965,-13.632537599999978],[-40.42475669999993,-13.62980129999994],[-40.42094369999995,-13.616813599999944],[-40.43789129999993,-13.601176299999963],[-40.43980499999998,-13.58353939999995],[-40.41638729999994,-13.605421999999976],[-40.370455499999935,-13.612700399999937],[-40.275544699999955,-13.555845599999941],[-40.26224199999996,-13.544104799999957],[-40.263696299999935,-13.531344199999978],[-40.25355979999995,-13.518042999999977],[-40.217409499999974,-13.542687799999953],[-40.20144299999998,-13.534590399999956],[-40.19058329999996,-13.538469899999939],[-40.15896739999994,-13.621243799999945]]]}},{"id":"2050","type":"Feature","properties":{"COD_IBGE":"2918753","MUNICIPIO":"Lagoa Real","UF":"BA"},"geometry":{"type":"Polygon","coordinates":[[[-42.13098999999994,-13.989701399999944],[-42.10682149999997,-14.016618499999936],[-42.09637859999998,-14.047635599999978],[-42.01599249999998,-14.118862499999977],[-41.99428649999993,-14.167277499999955],[-42.11053909999998,-14.160420199999976],[-42.12150029999998,-14.166880999999933],[-42.14465319999994,-14.15981949999997],[-42.18529069999994,-14.172652199999959],[-42.22383369999994,-14.171229499999981],[-42.22220139999996,-14.193615199999954],[-42.23605219999996,-14.200904999999977],[-42.285342999999955,-14.176449199999979],[-42.29507419999993,-14.18946649999998],[-42.30317309999998,-14.174721999999974],[-42.31783849999994,-14.180417599999942],[-42.32573549999995,-14.170738299999982],[-42.347163499999965,-14.195460899999944],[-42.35240799999997,-14.095414499999947],[-42.37631479999993,-13.990010999999981],[-42.36078379999998,-13.978288899999939],[-42.36665119999998,-13.944412799999952],[-42.34855099999993,-13.930063999999959],[-42.359252599999934,-13.910252199999945],[-42.278044199999954,-13.895806299999947],[-42.27177229999995,-13.888307399999974],[-42.22222889999995,-13.909195599999975],[-42.182234999999935,-13.868611699999974],[-42.151936699999965,-13.860700599999973],[-42.15208239999998,-13.927508399999965],[-42.133696499999985,-13.959195499999964],[-42.13098999999994,-13.989701399999944]]]}},{"id":"2051","type":"Feature","properties":{"COD_IBGE":"2918803","MUNICIPIO":"Laje","UF":"BA"},"geometry":{"type":"Polygon","coordinates":[[[-39.37746059999995,-13.23592009999993],[-39.39793079999998,-13.239639799999964],[-39.403985499999976,-13.22838829999995],[-39.41244629999994,-13.22992819999996],[-39.40972379999994,-13.237805099999946],[-39.41677539999995,-13.242702599999973],[-39.43853779999995,-13.236987499999941],[-39.444596399999966,-13.22467679999994],[-39.43677359999998,-13.20615349999997],[-39.44632599999994,-13.186563899999953],[-39.460550299999966,-13.189409699999942],[-39.466755999999975,-13.199945399999933],[-39.487293199999954,-13.172650999999973],[-39.508788299999935,-13.18432619999993],[-39.51152369999994,-13.17776239999995],[-39.52479429999994,-13.182081299999936],[-39.531016299999976,-13.171604799999955],[-39.53864969999995,-13.175990699999943],[-39.54130449999997,-13.158344499999941],[-39.54941689999998,-13.154237699999953],[-39.538539199999946,-13.123678299999938],[-39.494291499999974,-13.111426699999981],[-39.46975509999993,-13.123839799999928],[-39.435046099999965,-13.110855699999945],[-39.43021369999997,-13.117496599999981],[-39.37461499999995,-13.110900499999957],[-39.364351399999975,-13.100793099999976],[-39.32215739999998,-13.093939599999942],[-39.31403779999994,-13.083680199999947],[-39.25819869999998,-13.068481799999972],[-39.246857199999965,-13.094956699999955],[-39.234464299999956,-13.097831199999973],[-39.21998359999998,-13.083333299999936],[-39.201315199999954,-13.078075699999943],[-39.18937479999994,-13.109111799999937],[-39.17674779999993,-13.10533909999998],[-39.16934729999997,-13.082574799999975],[-39.15872729999995,-13.096060499999965],[-39.13525939999994,-13.090830899999958],[-39.123043199999984,-13.100836399999935],[-39.122986099999935,-13.108485599999938],[-39.17995469999994,-13.117322299999955],[-39.21421129999993,-13.107271399999945],[-39.24831399999994,-13.133424499999933],[-39.29060329999993,-13.137923899999976],[-39.302410399999985,-13.160372399999972],[-39.31158199999993,-13.16247999999996],[-39.29406039999998,-13.167711599999961],[-39.27997289999996,-13.188212199999953],[-39.275785499999984,-13.180394099999944],[-39.252611299999955,-13.186493599999949],[-39.25486689999997,-13.202994799999942],[-39.245470299999965,-13.195726699999966],[-39.233491199999946,-13.20824639999995],[-39.203566999999964,-13.196972399999936],[-39.17206539999995,-13.231706299999928],[-39.18297299999995,-13.24063149999995],[-39.193234899999936,-13.238631899999973],[-39.20301569999998,-13.222211199999947],[-39.215624299999945,-13.232487699999979],[-39.22020689999994,-13.26504669999997],[-39.20848079999996,-13.271162999999945],[-39.20428429999998,-13.285716599999944],[-39.21039879999995,-13.295424199999957],[-39.21792469999997,-13.286604999999952],[-39.23189629999996,-13.29189789999998],[-39.24293469999998,-13.268841099999975],[-39.26843179999997,-13.264211099999955],[-39.284080899999935,-13.24202379999997],[-39.289891299999965,-13.247350599999947],[-39.29834919999996,-13.217614599999933],[-39.315427599999964,-13.206081299999937],[-39.33773099999996,-13.199671699999953],[-39.334477299999946,-13.218074699999931],[-39.34846779999998,-13.252611199999933],[-39.37746059999995,-13.23592009999993]]]}},{"id":"2052","type":"Feature","properties":{"COD_IBGE":"2918902","MUNICIPIO":"Lajedão","UF":"BA"},"geometry":{"type":"Polygon","coordinates":[[[-40.32182489999997,-17.643708299999957],[-40.35012169999993,-17.61266089999998],[-40.35465809999994,-17.644272299999955],[-40.37196249999994,-17.612457999999947],[-40.396811699999944,-17.62560529999996],[-40.41821459999994,-17.59909739999995],[-40.41068429999996,-17.568227299999933],[-40.43207989999996,-17.567563399999926],[-40.445100099999934,-17.578767699999958],[-40.46041489999993,-17.568502199999955],[-40.489062399999966,-17.519789699999933],[-40.48300009999997,-17.488512999999955],[-40.463314999999966,-17.49943829999995],[-40.439556599999946,-17.48360679999996],[-40.426544999999976,-17.488276999999982],[-40.41405269999996,-17.46515779999993],[-40.395798999999954,-17.461656799999957],[-40.391534399999955,-17.45333299999993],[-40.35476639999996,-17.451822799999945],[-40.33964729999997,-17.40618749999993],[-40.327139699999975,-17.395637999999963],[-40.31346609999997,-17.415505199999927],[-40.26754569999997,-17.415982799999938],[-40.25690769999994,-17.409122699999955],[-40.23822039999993,-17.546203299999945],[-40.21609429999995,-17.56070139999997],[-40.189246999999966,-17.564314999999965],[-40.16008629999993,-17.584339899999975],[-40.122622099999944,-17.62370519999996],[-40.12049039999994,-17.64051999999998],[-40.144138399999974,-17.633149699999933],[-40.14421829999998,-17.62250659999995],[-40.20041719999995,-17.63618699999995],[-40.214779299999975,-17.653021399999943],[-40.223841799999946,-17.68259039999998],[-40.217307699999935,-17.71592039999996],[-40.24017199999997,-17.734930599999927],[-40.25590529999994,-17.719546199999968],[-40.27032219999995,-17.72705849999994],[-40.280361899999946,-17.72278659999995],[-40.28624209999998,-17.70072259999995],[-40.29811059999997,-17.69625979999995],[-40.29902059999995,-17.674567599999932],[-40.322824699999956,-17.661314699999934],[-40.32182489999997,-17.643708299999957]]]}},{"id":"2053","type":"Feature","properties":{"COD_IBGE":"2919009","MUNICIPIO":"Lajedinho","UF":"BA"},"geometry":{"type":"Polygon","coordinates":[[[-40.83507229999998,-12.299400899999966],[-40.77767509999995,-12.382707899999957],[-40.764592999999934,-12.379256899999973],[-40.68648769999993,-12.448522499999967],[-40.71372859999997,-12.44485549999996],[-40.95915599999995,-12.469834099999957],[-40.99489749999998,-12.458881599999927],[-41.05289589999995,-12.475689199999977],[-41.08451969999993,-12.465384899999947],[-41.206777399999964,-12.504457999999943],[-41.204195099999936,-12.494378099999949],[-41.19583119999993,-12.492844199999979],[-41.20459399999993,-12.476859399999967],[-41.16512579999994,-12.447606599999972],[-41.16606449999995,-12.424276799999973],[-41.15922569999998,-12.421983499999953],[-41.16759059999998,-12.417930399999932],[-41.14741239999995,-12.406090399999925],[-41.15479759999994,-12.40020549999997],[-41.14427389999997,-12.394345899999962],[-41.15860299999997,-12.386000399999944],[-41.06275969999996,-12.284937699999944],[-41.06135299999994,-12.265315699999974],[-40.875944499999946,-12.26515749999993],[-40.83507229999998,-12.299400899999966]]]}},{"id":"2054","type":"Feature","properties":{"COD_IBGE":"2919058","MUNICIPIO":"Lajedo do Tabocal","UF":"BA"},"geometry":{"type":"Polygon","coordinates":[[[-40.32916679999994,-13.485534099999938],[-40.28716039999995,-13.37888849999996],[-40.29000279999997,-13.356258299999979],[-40.277705899999944,-13.345047199999954],[-40.28671899999995,-13.332008799999926],[-40.28554049999997,-13.31565519999998],[-40.265112699999975,-13.285284799999943],[-40.24264359999995,-13.28694059999998],[-40.22434519999996,-13.313954199999955],[-40.20609049999996,-13.312006399999973],[-40.17689269999994,-13.33422459999997],[-40.150635199999954,-13.337230899999952],[-40.182146899999964,-13.351530399999945],[-40.17766789999996,-13.36482849999993],[-40.21548139999993,-13.358697399999926],[-40.20108639999995,-13.385077199999955],[-40.22393699999998,-13.380623599999979],[-40.226327399999946,-13.387336399999981],[-40.23119289999994,-13.414256799999976],[-40.21575299999995,-13.430390899999963],[-40.207933999999966,-13.47386339999997],[-40.19776699999994,-13.488591499999927],[-40.19878909999994,-13.499118199999941],[-40.21523599999995,-13.503229899999951],[-40.211324099999956,-13.522753299999977],[-40.23491739999997,-13.53414399999997],[-40.254309399999954,-13.51818579999997],[-40.263696299999935,-13.531344199999978],[-40.26224199999996,-13.544104799999957],[-40.275544699999955,-13.555845599999941],[-40.370455499999935,-13.612700399999937],[-40.39529819999996,-13.61241229999996],[-40.42836159999996,-13.599485899999934],[-40.43978899999996,-13.58348929999994],[-40.423963699999945,-13.589190899999949],[-40.40292079999995,-13.574015999999972],[-40.35920989999994,-13.508163299999978],[-40.32916679999994,-13.485534099999938]]]}},{"id":"2055","type":"Feature","properties":{"COD_IBGE":"2919108","MUNICIPIO":"Lamarão","UF":"BA"},"geometry":{"type":"Polygon","coordinates":[[[-38.93408729999993,-11.841648299999974],[-38.950332199999934,-11.825301899999943],[-38.968569799999955,-11.825546799999927],[-38.97803709999994,-11.81566319999996],[-38.985964699999954,-11.753233699999953],[-38.967245299999945,-11.757077099999947],[-38.96474049999995,-11.74654819999995],[-38.935487199999955,-11.74041829999993],[-38.93029839999997,-11.72778429999994],[-38.89799579999993,-11.722388699999954],[-38.89017009999998,-11.696566099999927],[-38.87234879999994,-11.69889269999993],[-38.87338529999994,-11.713899499999968],[-38.84132119999998,-11.740293599999973],[-38.834110099999975,-11.774638699999969],[-38.85020609999998,-11.795986699999958],[-38.867813199999944,-11.805136599999969],[-38.91488439999995,-11.899548899999957],[-38.93408729999993,-11.841648299999974]]]}},{"id":"2056","type":"Feature","properties":{"COD_IBGE":"2919157","MUNICIPIO":"Lapão","UF":"BA"},"geometry":{"type":"Polygon","coordinates":[[[-41.693635599999936,-11.478710899999953],[-41.62253339999995,-11.55764849999997],[-41.62339739999993,-11.611298999999974],[-41.66926379999995,-11.61597269999993],[-41.670870599999944,-11.626391799999965],[-41.679592799999966,-11.62277649999993],[-41.69207389999997,-11.630718099999967],[-41.68757519999997,-11.636655899999937],[-41.698657699999956,-11.634614399999975],[-41.69906819999994,-11.64638229999997],[-41.70599559999994,-11.640188399999943],[-41.712495099999956,-11.648112599999934],[-41.71945959999994,-11.644442199999958],[-41.72743289999994,-11.65485899999993],[-41.73430309999998,-11.651866699999971],[-41.739293499999974,-11.665611499999955],[-41.76717899999994,-11.67146109999993],[-41.76407569999998,-11.679784999999981],[-41.77143659999996,-11.678123999999968],[-41.77206159999997,-11.681430699999964],[-41.77247019999993,-11.681876599999953],[-41.77293069999996,-11.68219019999998],[-41.77347219999996,-11.682450499999959],[-41.77401199999997,-11.68263049999996],[-41.77460519999994,-11.682678099999976],[-41.775062799999944,-11.68267359999993],[-41.77549279999994,-11.682589999999948],[-41.77138199999996,-11.664300199999957],[-41.78720569999996,-11.62461019999995],[-41.87281489999998,-11.492554699999971],[-41.921671999999944,-11.44846089999993],[-41.94151979999998,-11.415296099999978],[-41.94261599999993,-11.381248099999937],[-41.882699299999956,-11.37251729999997],[-41.87799159999997,-11.361725099999944],[-41.77254419999997,-11.364724799999976],[-41.78415199999995,-11.38453069999997],[-41.74647109999995,-11.392141099999947],[-41.751520899999946,-11.413918499999966],[-41.70021389999994,-11.411243099999979],[-41.693635599999936,-11.478710899999953]]]}},{"id":"2057","type":"Feature","properties":{"COD_IBGE":"2919207","MUNICIPIO":"Lauro de Freitas","UF":"BA"},"geometry":{"type":"Polygon","coordinates":[[[-38.32708829999996,-12.897927999999979],[-38.34096039999997,-12.906906799999945],[-38.354862999999966,-12.89466559999994],[-38.353446599999984,-12.839147199999957],[-38.37278909999998,-12.81835929999994],[-38.34580989999995,-12.809259299999951],[-38.33227819999996,-12.812325599999951],[-38.32665319999995,-12.835908899999936],[-38.31238889999997,-12.840116399999943],[-38.305782299999976,-12.857354899999962],[-38.289139499999976,-12.855727399999978],[-38.29096009999995,-12.87029199999995],[-38.275309799999945,-12.874702299999967],[-38.304332699999975,-12.910872899999958],[-38.30614179999998,-12.903863499999943],[-38.32708829999996,-12.897927999999979]]]}},{"id":"2058","type":"Feature","properties":{"COD_IBGE":"2919306","MUNICIPIO":"Lençóis","UF":"BA"},"geometry":{"type":"Polygon","coordinates":[[[-41.23531289999994,-12.264245699999947],[-41.22262809999995,-12.282775199999946],[-41.19954459999997,-12.359171499999945],[-41.17798529999993,-12.371930999999961],[-41.18105639999993,-12.386672799999928],[-41.15860299999997,-12.386000399999944],[-41.14427389999997,-12.394345899999962],[-41.15479759999994,-12.40020549999997],[-41.147696199999984,-12.40650119999998],[-41.16759059999998,-12.417930399999932],[-41.15922569999998,-12.421983499999953],[-41.16606449999995,-12.424276799999973],[-41.16495039999995,-12.44730439999995],[-41.20459399999993,-12.476859399999967],[-41.19583119999993,-12.492844199999979],[-41.21425089999997,-12.511400799999933],[-41.20816839999998,-12.517550699999958],[-41.21582509999996,-12.529667599999982],[-41.27807509999997,-12.558625999999947],[-41.30484779999995,-12.54998699999993],[-41.34537599999993,-12.566132099999948],[-41.32375119999995,-12.669895499999939],[-41.34051019999998,-12.67787629999998],[-41.33620389999993,-12.695598699999948],[-41.34194349999996,-12.706590699999936],[-41.35476509999995,-12.699363999999946],[-41.36671359999997,-12.706771999999944],[-41.37780619999995,-12.701556599999947],[-41.43915029999994,-12.710643799999957],[-41.45202739999996,-12.674119599999926],[-41.479273699999965,-12.650729499999954],[-41.47783739999994,-12.640321099999937],[-41.444425999999964,-12.62276079999998],[-41.45714849999996,-12.607186099999979],[-41.45581299999998,-12.597446199999979],[-41.470586099999935,-12.585550599999976],[-41.478745799999956,-12.549237399999981],[-41.46837399999998,-12.535491099999945],[-41.48768489999998,-12.506503599999974],[-41.483691299999975,-12.486016699999936],[-41.442023699999936,-12.466576199999963],[-41.457183499999985,-12.45511579999993],[-41.45793939999993,-12.44547099999994],[-41.44181999999995,-12.435474599999964],[-41.44581469999997,-12.419744399999956],[-41.42473679999995,-12.384417299999939],[-41.43254589999998,-12.361789899999962],[-41.44364959999996,-12.355878599999926],[-41.42509549999994,-12.343185499999947],[-41.43870799999996,-12.32497449999994],[-41.43472159999993,-12.313349899999935],[-41.443469799999946,-12.308585899999969],[-41.435171699999955,-12.265549199999953],[-41.41537409999995,-12.254436399999975],[-41.41743479999997,-12.227827299999944],[-41.403784299999984,-12.217796999999962],[-41.40016879999996,-12.200017799999955],[-41.35486759999998,-12.168399099999931],[-41.27506999999997,-12.148722499999963],[-41.23531289999994,-12.264245699999947]]]}},{"id":"2059","type":"Feature","properties":{"COD_IBGE":"2919405","MUNICIPIO":"Licínio de Almeida","UF":"BA"},"geometry":{"type":"Polygon","coordinates":[[[-42.46275899999995,-14.421528499999965],[-42.448294499999975,-14.417174099999954],[-42.39257449999997,-14.426318399999957],[-42.37526219999995,-14.456187199999931],[-42.351876999999945,-14.468894599999942],[-42.35696649999994,-14.48018639999998],[-42.34184149999993,-14.502571899999964],[-42.34755219999994,-14.51665829999996],[-42.32393859999996,-14.54960019999993],[-42.342749399999946,-14.553543299999944],[-42.34277919999994,-14.564042699999959],[-42.35273129999996,-14.564042699999959],[-42.35655269999995,-14.57447419999994],[-42.33210349999996,-14.592958799999963],[-42.33085849999998,-14.607155899999952],[-42.33725539999995,-14.619505999999944],[-42.36343519999997,-14.633898199999976],[-42.37722259999998,-14.661986399999932],[-42.380186099999946,-14.71156039999994],[-42.41720259999994,-14.723365399999977],[-42.42194519999998,-14.749573699999928],[-42.43707909999995,-14.760612999999978],[-42.454971299999954,-14.757513599999982],[-42.46391089999997,-14.74199079999994],[-42.490166999999985,-14.73844429999997],[-42.491924799999936,-14.750299499999926],[-42.52944969999993,-14.765934199999947],[-42.53511589999994,-14.788221299999975],[-42.52932479999998,-14.806336699999974],[-42.55004569999994,-14.826702399999931],[-42.56813239999997,-14.815303799999981],[-42.575320999999974,-14.78928469999994],[-42.57061339999996,-14.77140849999995],[-42.581968899999936,-14.769468199999949],[-42.552329199999974,-14.616385399999956],[-42.57595689999994,-14.607248099999936],[-42.58333229999994,-14.58966879999997],[-42.58306179999994,-14.551843899999938],[-42.564665299999945,-14.543344099999956],[-42.557279499999936,-14.525620299999957],[-42.573139899999944,-14.50909619999993],[-42.586708999999985,-14.508383899999956],[-42.57961769999997,-14.490678899999978],[-42.58533649999998,-14.470331899999962],[-42.578797099999974,-14.45045319999997],[-42.556409299999984,-14.44818209999994],[-42.545218199999965,-14.425101199999972],[-42.54714549999994,-14.408540099999982],[-42.516470399999946,-14.411851699999943],[-42.501621399999976,-14.399695899999926],[-42.466367599999955,-14.40574399999997],[-42.46275899999995,-14.421528499999965]]]}},{"id":"2060","type":"Feature","properties":{"COD_IBGE":"2919504","MUNICIPIO":"Livramento de Nossa Senhora","UF":"BA"},"geometry":{"type":"Polygon","coordinates":[[[-41.86416829999996,-13.826220499999977],[-41.85069589999995,-13.826887099999965],[-41.85684859999998,-13.844327799999974],[-41.84353949999996,-13.868717299999958],[-41.83611549999995,-13.87378549999994],[-41.83245909999994,-13.861766299999942],[-41.81154759999998,-13.870422899999937],[-41.822680799999944,-13.884887999999933],[-41.815940599999976,-13.892862599999944],[-41.82395269999995,-13.903109299999926],[-41.79982809999996,-13.92528429999993],[-41.76815409999995,-13.982850299999939],[-41.78405049999998,-13.993365299999937],[-41.80605809999997,-13.987039099999947],[-41.800451599999974,-13.97814829999993],[-41.807338999999956,-13.97398789999994],[-41.83612449999998,-13.973963999999967],[-41.84570999999994,-13.985541199999943],[-41.840587599999935,-14.004273399999931],[-41.86187339999998,-14.005131999999946],[-41.88018169999998,-14.027435999999966],[-41.880548199999964,-14.039076299999977],[-41.89409569999998,-14.031271899999979],[-41.901066999999955,-14.054546099999982],[-41.975197599999944,-14.056602699999928],[-41.981389899999954,-14.071051999999952],[-41.99702979999995,-14.073805899999968],[-42.01519609999997,-14.070393199999955],[-42.02549189999996,-14.05827499999998],[-42.040676099999985,-14.063960799999961],[-42.054750199999944,-14.052295499999957],[-42.063544099999945,-14.05972799999995],[-42.07318269999996,-14.051490899999976],[-42.08699009999998,-14.056857599999944],[-42.09637859999998,-14.047635599999978],[-42.10682149999997,-14.016618499999936],[-42.13087539999998,-13.990117399999974],[-42.133696499999985,-13.959195499999964],[-42.15208239999998,-13.927508399999965],[-42.14723969999994,-13.877419299999929],[-42.15563989999998,-13.855635899999982],[-42.17437249999995,-13.845229099999926],[-42.18967719999995,-13.85426339999998],[-42.21049879999998,-13.852602099999956],[-42.23690309999995,-13.830765999999926],[-42.246713899999975,-13.80383569999998],[-42.27169249999997,-13.805275499999937],[-42.28551809999993,-13.785545499999955],[-42.33882579999994,-13.76906729999996],[-42.22125589999996,-13.70000529999993],[-42.18472289999994,-13.695129399999928],[-42.16889539999994,-13.717474099999947],[-42.152734099999975,-13.725383399999942],[-42.13036139999997,-13.715444599999955],[-42.11496729999993,-13.725114299999973],[-42.05807209999995,-13.708880299999976],[-42.051074899999946,-13.64269319999994],[-42.02297119999997,-13.634545399999979],[-42.027312999999936,-13.629827099999943],[-42.01569969999997,-13.62013449999995],[-42.02218499999998,-13.563225199999977],[-42.00775659999994,-13.565231899999958],[-42.000453999999934,-13.539667099999974],[-41.988246499999946,-13.54737149999994],[-41.96470899999997,-13.526875999999959],[-41.928137299999946,-13.553210199999967],[-41.91282819999998,-13.546954899999946],[-41.87518529999994,-13.56067969999998],[-41.85009109999993,-13.579611199999931],[-41.83677809999995,-13.601576399999942],[-41.809284599999955,-13.612489399999959],[-41.799445599999956,-13.635150499999952],[-41.784505699999954,-13.637427999999943],[-41.76079149999998,-13.661847699999953],[-41.74942239999996,-13.661265799999967],[-41.750082599999985,-13.699476799999957],[-41.776305099999945,-13.723730199999977],[-41.79044909999993,-13.750849199999948],[-41.78478999999993,-13.760194299999966],[-41.80989109999996,-13.756139899999937],[-41.81816879999997,-13.761470199999962],[-41.823756199999934,-13.754896499999973],[-41.840259199999934,-13.760394399999939],[-41.84399549999995,-13.797000499999967],[-41.86416829999996,-13.826220499999977]]]}},{"id":"2061","type":"Feature","properties":{"COD_IBGE":"2919553","MUNICIPIO":"Luís Eduardo Magalhães","UF":"BA"},"geometry":{"type":"Polygon","coordinates":[[[-45.66100439999997,-11.914355399999977],[-45.76475289999996,-12.411344699999972],[-45.86895949999996,-12.427723299999968],[-45.908011999999985,-12.45976399999995],[-45.92680879999995,-12.459744799999953],[-46.04050599999994,-12.508012099999974],[-46.12288509999996,-12.532827599999962],[-46.142029399999956,-12.53112589999995],[-46.152595099999985,-12.506359999999972],[-46.21420839999996,-12.49833769999998],[-46.25086059999995,-12.502216999999973],[-46.25269629999997,-12.50936349999995],[-46.27262449999995,-12.514598399999954],[-46.26154239999994,-12.49674749999997],[-46.26099869999996,-12.473850199999958],[-46.27256339999997,-12.47271459999996],[-46.26382589999997,-12.460254299999974],[-46.280274299999974,-12.459719099999973],[-46.28154399999994,-12.44129259999994],[-46.269858099999965,-12.430511599999932],[-46.27737049999996,-12.429766599999937],[-46.282095399999946,-12.415987799999982],[-46.28534539999998,-12.432169899999963],[-46.290454299999965,-12.416631999999936],[-46.296658599999944,-12.422827599999948],[-46.304952999999955,-12.416945999999939],[-46.29860039999994,-12.430446399999937],[-46.310066699999936,-12.429670099999953],[-46.29997659999998,-12.438084799999956],[-46.312707099999955,-12.448342899999943],[-46.31554889999995,-12.463430399999936],[-46.32599869999996,-12.464656099999956],[-46.340543699999955,-12.452298499999927],[-46.32982309999994,-12.435147699999959],[-46.34036179999998,-12.414442299999962],[-46.32733159999998,-12.419131099999959],[-46.324855499999956,-12.407511099999965],[-46.29575399999993,-12.388395499999945],[-46.30008399999997,-12.376997599999982],[-46.28988359999994,-12.376652999999976],[-46.31338619999997,-12.357194999999933],[-46.36309389999997,-12.367081599999949],[-46.33982309999993,-12.351497399999971],[-46.37741579999994,-12.352774999999951],[-46.36944549999998,-12.337473199999977],[-46.356349499999965,-12.332221999999945],[-46.35445439999995,-12.306722999999977],[-46.344533199999944,-12.302820099999963],[-46.38484329999994,-12.29671849999994],[-46.38576159999997,-12.281069699999932],[-46.369568699999945,-12.26746819999994],[-46.38802169999997,-12.24460739999995],[-46.37067479999996,-12.233821999999975],[-46.36500559999996,-12.217020299999945],[-46.38342159999996,-12.212603099999967],[-46.37307309999994,-12.203599699999927],[-46.37740619999994,-12.196547099999975],[-46.410214199999984,-12.198634399999946],[-46.38113929999997,-12.181169599999976],[-46.40649049999996,-12.157013899999981],[-46.38864909999995,-12.156341599999962],[-46.38355229999996,-12.134729799999945],[-46.371527699999945,-12.12312419999995],[-46.37116519999995,-12.099719299999947],[-46.398591299999964,-12.091443399999946],[-46.38264079999993,-12.08395349999995],[-46.385550999999964,-12.061501599999929],[-46.39601429999993,-12.061575199999936],[-46.38494529999997,-12.053823199999954],[-46.38933079999998,-12.048986299999967],[-46.148009299999956,-12.033310899999947],[-46.14406509999998,-12.012725799999942],[-46.099949599999945,-11.99532899999997],[-45.990826099999936,-11.918932299999938],[-45.945492299999955,-11.864399999999932],[-45.92764759999994,-11.875915799999973],[-45.84653929999996,-11.877544899999975],[-45.81909799999994,-11.887787799999955],[-45.79448229999997,-11.868816999999979],[-45.77267619999998,-11.867713599999945],[-45.72715389999996,-11.88019399999996],[-45.713838099999975,-11.893261399999972],[-45.66100439999997,-11.914355399999977]]]}},{"id":"2062","type":"Feature","properties":{"COD_IBGE":"2919603","MUNICIPIO":"Macajuba","UF":"BA"},"geometry":{"type":"Polygon","coordinates":[[[-40.30999409999998,-12.204395199999965],[-40.34130139999996,-12.19036749999998],[-40.385150899999985,-12.191392899999926],[-40.39369009999996,-12.171771099999944],[-40.40594569999996,-12.178995799999939],[-40.400206399999945,-12.156318099999964],[-40.42612939999998,-12.146144099999958],[-40.42705529999995,-12.125533599999926],[-40.443960999999945,-12.131705799999963],[-40.45494609999997,-12.127282599999944],[-40.45823589999998,-12.11334009999996],[-40.443951899999945,-12.094253699999967],[-40.44661589999998,-12.08156839999998],[-40.45650909999995,-12.079966299999967],[-40.45386419999994,-12.06937629999993],[-40.463757699999974,-12.068262199999936],[-40.46529529999998,-12.045737499999973],[-40.45478869999994,-12.037920699999972],[-40.38530359999993,-12.02825439999998],[-40.33350599999994,-11.976837599999953],[-40.327341399999966,-11.993934699999954],[-40.280121099999974,-12.034791699999971],[-40.27365469999995,-12.054279099999974],[-40.26064919999993,-12.062730399999964],[-40.25183619999996,-12.058087199999932],[-40.24134589999994,-12.073902799999928],[-40.230350999999985,-12.074666799999932],[-40.232066799999984,-12.087042399999973],[-40.22340339999994,-12.09699459999996],[-40.148347299999955,-12.095363499999962],[-40.14430239999996,-12.10194329999996],[-40.07025809999993,-12.10409809999993],[-40.04526859999993,-12.133361699999966],[-40.03283609999994,-12.17039589999996],[-40.04528949999997,-12.18051939999998],[-40.04796649999997,-12.194255599999963],[-40.06894649999998,-12.198777399999926],[-40.07419379999993,-12.192796599999951],[-40.14435069999996,-12.251305799999955],[-40.15653129999998,-12.248496199999977],[-40.15696909999997,-12.236296399999958],[-40.17194519999998,-12.219313499999942],[-40.18557889999994,-12.233155299999964],[-40.19405879999994,-12.231908799999928],[-40.20421689999995,-12.214007899999956],[-40.22586179999996,-12.223892199999966],[-40.259657699999934,-12.216524599999957],[-40.27224679999995,-12.226417199999958],[-40.28529839999993,-12.216156499999954],[-40.30362909999997,-12.220128899999963],[-40.31160769999997,-12.215355199999976],[-40.30999409999998,-12.204395199999965]]]}},{"id":"2063","type":"Feature","properties":{"COD_IBGE":"2919702","MUNICIPIO":"Macarani","UF":"BA"},"geometry":{"type":"Polygon","coordinates":[[[-40.29837429999998,-15.580255499999964],[-40.297007399999984,-15.60317079999993],[-40.31691859999995,-15.614435899999933],[-40.32266979999997,-15.582822499999963],[-40.34972359999995,-15.574347099999954],[-40.34721479999996,-15.605168499999934],[-40.33263889999995,-15.63114509999997],[-40.345574399999975,-15.652704699999958],[-40.358898599999975,-15.659403399999974],[-40.345351799999946,-15.675554599999941],[-40.35381259999997,-15.701442099999952],[-40.37867159999996,-15.713335499999971],[-40.355474399999935,-15.755837799999938],[-40.40032599999995,-15.763517399999955],[-40.41695999999996,-15.776323199999979],[-40.435608299999956,-15.755707099999938],[-40.45003379999997,-15.761573299999952],[-40.46142859999998,-15.753231699999958],[-40.480939399999954,-15.775188599999979],[-40.49466279999996,-15.76587909999995],[-40.50953949999996,-15.76838129999993],[-40.51913669999993,-15.780876999999975],[-40.51828119999993,-15.797510399999965],[-40.53981029999994,-15.79479509999993],[-40.563472599999955,-15.802904199999944],[-40.57312729999995,-15.78807439999997],[-40.567417399999954,-15.775923099999943],[-40.59309989999997,-15.771746699999937],[-40.59261399999997,-15.762316399999975],[-40.60394979999995,-15.759293299999968],[-40.599816199999964,-15.747189099999957],[-40.606601599999976,-15.736756399999933],[-40.629388699999936,-15.715712699999926],[-40.637517499999944,-15.73028389999996],[-40.64494659999997,-15.728859399999976],[-40.661199099999976,-15.70712569999995],[-40.682308699999965,-15.699021199999947],[-40.700575199999946,-15.667308999999932],[-40.66560329999993,-15.676737899999978],[-40.64698119999997,-15.709524899999963],[-40.63517059999998,-15.695261999999957],[-40.588592699999936,-15.696089099999938],[-40.58154469999994,-15.708365499999957],[-40.55689039999993,-15.690734499999962],[-40.512697799999955,-15.68048749999997],[-40.49428539999997,-15.65501729999994],[-40.49347579999994,-15.624934199999927],[-40.480871099999945,-15.607565099999931],[-40.50067399999995,-15.415932999999939],[-40.470651499999974,-15.300872499999969],[-40.43983599999996,-15.307757799999933],[-40.42898909999997,-15.319795399999975],[-40.38172119999996,-15.274040699999944],[-40.36284639999997,-15.283447999999964],[-40.37025099999994,-15.310640299999932],[-40.37885109999996,-15.315345399999956],[-40.37279879999994,-15.321222099999943],[-40.35334579999994,-15.315240099999926],[-40.34881489999998,-15.327882999999929],[-40.36102639999996,-15.35158649999994],[-40.34045569999995,-15.362324299999955],[-40.34956549999998,-15.379823299999941],[-40.31524669999993,-15.40260479999995],[-40.31569749999994,-15.42573939999994],[-40.29842499999995,-15.42517879999997],[-40.29215759999994,-15.411515699999939],[-40.258659499999965,-15.41543269999994],[-40.253336899999965,-15.401341399999978],[-40.24455729999994,-15.41349669999994],[-40.22938949999997,-15.412541699999963],[-40.20810659999995,-15.427882299999965],[-40.17718359999998,-15.402818799999977],[-40.17144389999993,-15.384969699999942],[-40.164016199999935,-15.383607199999972],[-40.157902399999955,-15.39590099999998],[-40.17682549999995,-15.417597499999943],[-40.177628599999935,-15.430634199999929],[-40.19276569999994,-15.432995799999958],[-40.19868329999997,-15.442406199999937],[-40.18468629999995,-15.47908719999998],[-40.13555149999996,-15.512714599999981],[-40.137633799999946,-15.51785499999994],[-40.14737009999993,-15.51133429999993],[-40.14807939999997,-15.521090299999969],[-40.165254199999936,-15.528558999999973],[-40.17134949999996,-15.544505299999969],[-40.18649319999997,-15.54802189999998],[-40.19357519999994,-15.537880599999937],[-40.20175759999995,-15.54398459999993],[-40.23447629999998,-15.52602319999994],[-40.25044279999997,-15.483208499999932],[-40.26596459999996,-15.477209999999957],[-40.271770999999944,-15.55679989999993],[-40.284681699999965,-15.596895199999949],[-40.29837429999998,-15.580255499999964]]]}},{"id":"2064","type":"Feature","properties":{"COD_IBGE":"2919801","MUNICIPIO":"Macaúbas","UF":"BA"},"geometry":{"type":"Polygon","coordinates":[[[-42.67647479999994,-13.37765939999997],[-42.62585819999998,-13.40477119999997],[-42.680406999999946,-13.478603499999963],[-42.686230999999964,-13.462490599999967],[-42.69896769999997,-13.459127799999976],[-42.69593069999996,-13.451072599999975],[-42.72050709999996,-13.43309709999994],[-42.716234199999974,-13.416286699999944],[-42.72956499999998,-13.424942599999952],[-42.74832729999997,-13.41769949999997],[-42.73996459999995,-13.41361349999994],[-42.743529199999955,-13.405723399999943],[-42.76833259999995,-13.404800099999932],[-42.78263149999998,-13.380527899999947],[-42.78123229999994,-13.364391099999978],[-42.914148299999965,-13.292981699999928],[-42.91496089999998,-13.259246099999928],[-42.92322669999993,-13.246497099999942],[-42.91497199999998,-13.204307699999958],[-42.922955599999966,-13.18343649999997],[-42.90701769999998,-13.179280999999946],[-42.90355869999996,-13.15932399999997],[-42.90966579999997,-13.139114999999947],[-42.92601909999996,-13.129318499999954],[-42.93741179999995,-13.094558099999972],[-42.93291409999995,-13.081784899999946],[-42.97508809999994,-13.025798099999975],[-42.97898619999995,-12.962053599999933],[-42.937136399999986,-12.931192299999964],[-42.882424699999945,-12.93054879999994],[-42.86199039999997,-12.943869099999972],[-42.843111799999974,-12.936034899999981],[-42.82606509999994,-12.94946219999997],[-42.78238579999993,-12.911967299999958],[-42.72040449999997,-12.88529699999998],[-42.68049149999996,-12.900270599999942],[-42.49336749999998,-12.868862799999931],[-42.49151219999993,-12.896762099999933],[-42.46108229999993,-12.914348299999972],[-42.45813179999993,-12.926309499999945],[-42.44842999999997,-12.926973999999973],[-42.455952199999956,-12.94744099999997],[-42.440881099999956,-12.947600499999965],[-42.418367399999966,-12.968306699999971],[-42.41339689999995,-12.982287999999926],[-42.422035499999936,-12.987949699999945],[-42.41408789999997,-13.025906599999928],[-42.39378039999997,-13.033322599999963],[-42.369375299999945,-13.062225499999954],[-42.387752699999965,-13.07539399999996],[-42.390126399999986,-13.106050299999936],[-42.40321249999994,-13.123087399999974],[-42.40077699999995,-13.136369699999932],[-42.432332299999985,-13.141309399999955],[-42.43311369999998,-13.168236999999976],[-42.444484699999975,-13.18459379999996],[-42.502251599999965,-13.182840599999963],[-42.52266259999993,-13.220532099999957],[-42.610121799999945,-13.22861839999996],[-42.60784579999995,-13.246616299999971],[-42.68236209999998,-13.269208299999946],[-42.67998979999993,-13.325556099999972],[-42.65315339999995,-13.334600799999976],[-42.67647479999994,-13.37765939999997]]]}},{"id":"2065","type":"Feature","properties":{"COD_IBGE":"2919900","MUNICIPIO":"Macururé","UF":"BA"},"geometry":{"type":"Polygon","coordinates":[[[-38.96528829999994,-9.639120099999957],[-39.11005279999995,-9.625694299999964],[-39.11732779999994,-9.64574529999993],[-39.14406059999993,-9.653270899999939],[-39.17044039999996,-9.639248599999974],[-39.14668769999997,-9.62787039999995],[-39.14008359999997,-9.601558299999965],[-39.09225079999993,-9.59421089999995],[-39.07088449999998,-9.563741299999947],[-39.06085129999997,-9.562133199999948],[-39.05115959999995,-9.571209499999952],[-39.03554849999995,-9.56202639999998],[-39.027540999999985,-9.569337099999927],[-39.00000219999998,-9.56794149999996],[-38.984189399999934,-9.531298299999946],[-38.98055039999997,-9.495863999999926],[-38.971213699999964,-9.494559099999947],[-38.95705209999994,-9.463587999999959],[-38.95466899999997,-9.449283199999968],[-38.96993359999993,-9.432347299999947],[-38.97003769999998,-9.418429899999978],[-38.98516889999996,-9.40444199999996],[-39.00000219999998,-9.36804479999995],[-39.027967599999954,-9.346191899999951],[-39.05358709999996,-9.280745999999965],[-39.063229999999976,-9.232821399999978],[-39.07932779999993,-9.225499899999932],[-39.08043429999998,-9.187187799999947],[-39.06645779999997,-9.17167569999998],[-39.072174899999936,-9.162279599999977],[-39.06536779999993,-9.129596599999957],[-39.074707699999976,-9.095172999999932],[-39.10005449999994,-9.07989079999993],[-39.110928599999966,-9.06079079999995],[-39.096499499999936,-9.016540899999939],[-38.98220189999995,-8.87039459999994],[-38.68354489999996,-9.216113599999971],[-38.67483619999996,-9.293876299999965],[-38.64729689999996,-9.323914199999933],[-38.65495699999997,-9.337767499999927],[-38.68279299999995,-9.354795799999977],[-38.70698249999998,-9.389012399999956],[-38.69711169999994,-9.394738099999927],[-38.69824219999998,-9.408507999999927],[-38.68336769999996,-9.434895199999971],[-38.71507529999997,-9.456239099999948],[-38.72100309999996,-9.480898099999933],[-38.78523059999998,-9.538125699999966],[-38.784789399999966,-9.646817299999952],[-38.812692899999945,-9.654173399999934],[-38.83604289999994,-9.636840199999938],[-38.86112949999995,-9.630732399999943],[-38.96528829999994,-9.639120099999957]]]}},{"id":"2066","type":"Feature","properties":{"COD_IBGE":"2919926","MUNICIPIO":"Madre de Deus","UF":"BA"},"geometry":{"type":"Polygon","coordinates":[[[-38.59963439999996,-12.73587699999996],[-38.58793429999997,-12.73388209999996],[-38.58790179999994,-12.753955399999938],[-38.69522049999995,-12.754111699999953],[-38.68720719999993,-12.72653809999997],[-38.61131149999994,-12.72629999999998],[-38.59963439999996,-12.73587699999996]]]}},{"id":"2067","type":"Feature","properties":{"COD_IBGE":"2919959","MUNICIPIO":"Maetinga","UF":"BA"},"geometry":{"type":"Polygon","coordinates":[[[-41.518847499999936,-14.805267999999955],[-41.546898099999964,-14.814052899999979],[-41.55275329999995,-14.789276799999982],[-41.565143199999966,-14.785961699999973],[-41.585087699999974,-14.728853999999956],[-41.61002439999993,-14.609912299999962],[-41.655184599999984,-14.57805929999995],[-41.66477299999997,-14.544942899999967],[-41.65256949999997,-14.515114899999958],[-41.63762479999997,-14.509199899999942],[-41.434466499999985,-14.551350499999955],[-41.42797109999998,-14.56585709999996],[-41.44720579999995,-14.594582799999955],[-41.40038389999995,-14.639835499999947],[-41.39976389999998,-14.663855799999965],[-41.38758859999996,-14.68443439999993],[-41.39820179999998,-14.703596599999969],[-41.39399789999993,-14.767487999999958],[-41.40905899999996,-14.767218799999966],[-41.42069799999996,-14.753178499999933],[-41.46257899999995,-14.782653399999958],[-41.45185809999998,-14.788766899999928],[-41.452378599999975,-14.805263099999934],[-41.46265669999997,-14.794526799999971],[-41.47502869999994,-14.79394519999994],[-41.50269939999998,-14.82342609999995],[-41.51079679999998,-14.823463199999935],[-41.513762499999984,-14.810963299999969],[-41.52103059999996,-14.815390799999932],[-41.518847499999936,-14.805267999999955]]]}},{"id":"2068","type":"Feature","properties":{"COD_IBGE":"2920007","MUNICIPIO":"Maiquinique","UF":"BA"},"geometry":{"type":"Polygon","coordinates":[[[-40.17464159999997,-15.621535599999959],[-40.16716079999998,-15.642543199999977],[-40.18464749999998,-15.685539399999982],[-40.17916059999993,-15.697317699999928],[-40.18841629999997,-15.707755899999938],[-40.177189699999985,-15.72602999999998],[-40.19510849999995,-15.727372599999967],[-40.19875209999998,-15.75927889999997],[-40.23288219999995,-15.756390299999964],[-40.242165899999975,-15.782635699999958],[-40.237582299999985,-15.805055599999946],[-40.27471099999997,-15.81804429999994],[-40.28266549999995,-15.80797199999995],[-40.33610319999997,-15.824329899999952],[-40.33922449999994,-15.816759799999943],[-40.35671979999995,-15.813014799999962],[-40.37149429999994,-15.814371599999959],[-40.376860299999976,-15.823522599999933],[-40.38250179999994,-15.814496499999962],[-40.39227589999996,-15.819875099999933],[-40.428165699999965,-15.801706599999932],[-40.432470199999955,-15.778653199999951],[-40.44963569999993,-15.757706599999949],[-40.435608299999956,-15.755707099999938],[-40.41695999999996,-15.776323199999979],[-40.40032599999995,-15.763517399999955],[-40.355474399999935,-15.755837799999938],[-40.37867159999996,-15.713335499999971],[-40.35381259999997,-15.701442099999952],[-40.345351799999946,-15.675554599999941],[-40.358898599999975,-15.659403399999974],[-40.345574399999975,-15.652704699999958],[-40.33263889999995,-15.63114509999997],[-40.34721479999996,-15.605168499999934],[-40.34972359999995,-15.574347099999954],[-40.32266979999997,-15.582822499999963],[-40.31780509999993,-15.614143599999977],[-40.297007399999984,-15.60317079999993],[-40.300122399999964,-15.580576599999972],[-40.284681699999965,-15.596895199999949],[-40.271770999999944,-15.55679989999993],[-40.26712059999994,-15.477849699999979],[-40.25044279999997,-15.483208499999932],[-40.23447629999998,-15.52602319999994],[-40.20175759999995,-15.54398459999993],[-40.19357519999994,-15.537880599999937],[-40.18649319999997,-15.54802189999998],[-40.17134949999996,-15.544505299999969],[-40.165254199999936,-15.528558999999973],[-40.14807939999997,-15.521090299999969],[-40.14737009999993,-15.51133429999993],[-40.13979409999996,-15.518397099999959],[-40.13374709999994,-15.514264699999956],[-40.139193999999975,-15.537801199999933],[-40.133933199999944,-15.596634299999948],[-40.17464159999997,-15.621535599999959]]]}},{"id":"2069","type":"Feature","properties":{"COD_IBGE":"2920106","MUNICIPIO":"Mairi","UF":"BA"},"geometry":{"type":"Polygon","coordinates":[[[-40.16164249999997,-11.849109799999951],[-40.195836199999974,-11.835711799999956],[-40.19306119999993,-11.82801349999994],[-40.29688409999994,-11.809804999999926],[-40.31447639999993,-11.823539499999981],[-40.33313489999995,-11.81964789999995],[-40.341101599999945,-11.829710299999931],[-40.36381949999998,-11.827894999999955],[-40.370258399999955,-11.755495899999971],[-40.357140699999945,-11.741208399999948],[-40.36230839999996,-11.700457599999936],[-40.35341589999996,-11.675840599999958],[-40.36332949999996,-11.669963699999926],[-40.370675699999936,-11.61623469999995],[-40.34123649999998,-11.602427599999942],[-40.33830699999993,-11.587521099999947],[-40.32596899999993,-11.610930999999937],[-40.26786099999998,-11.608696499999951],[-40.25535979999995,-11.59658109999998],[-40.24311469999998,-11.612072699999942],[-40.23083909999997,-11.605292599999927],[-40.177275399999985,-11.642536999999948],[-40.13758319999994,-11.642678499999931],[-40.07028129999998,-11.662909799999966],[-40.03879559999996,-11.697389199999975],[-39.93588489999996,-11.697372899999948],[-39.91975439999993,-11.68738529999996],[-39.90802919999993,-11.707050299999935],[-39.908577899999955,-11.720595899999978],[-39.97078579999993,-11.75540849999993],[-39.99847989999995,-11.779844499999967],[-39.99481369999995,-11.799961099999962],[-40.01921199999998,-11.806246699999974],[-40.024054399999955,-11.813796699999955],[-40.01549029999995,-11.832361299999945],[-40.03856769999993,-11.832087799999954],[-40.03816489999997,-11.850125699999978],[-40.05889539999998,-11.839615299999934],[-40.07334559999998,-11.847402199999976],[-40.121365699999956,-11.850378099999944],[-40.13701759999998,-11.839940799999965],[-40.16164249999997,-11.849109799999951]]]}},{"id":"2070","type":"Feature","properties":{"COD_IBGE":"2920205","MUNICIPIO":"Malhada","UF":"BA"},"geometry":{"type":"Polygon","coordinates":[[[-43.70636339999993,-14.229957899999931],[-43.65723769999994,-14.047453899999937],[-43.65630779999998,-14.009761699999956],[-43.62524089999994,-13.952268199999935],[-43.62438649999996,-13.919919999999934],[-43.61378199999996,-13.89537409999997],[-43.61649879999993,-13.841346699999974],[-43.58705089999995,-13.812214299999937],[-43.59261289999995,-13.763275599999929],[-43.56246299999998,-13.742399899999953],[-43.54835409999998,-13.712217599999974],[-43.56027069999993,-13.66148389999995],[-43.55675679999996,-13.644506999999976],[-43.51853489999996,-13.58185519999995],[-43.46713549999998,-13.567134199999941],[-43.44545389999996,-13.542535199999975],[-43.44261809999995,-13.559325399999977],[-43.47613889999997,-13.626234199999942],[-43.47369169999996,-13.642759599999977],[-43.48240139999996,-13.651722199999938],[-43.49933359999994,-13.733352199999956],[-43.51563559999994,-13.745868299999927],[-43.52713229999995,-13.769594599999948],[-43.53768109999993,-13.772373899999934],[-43.54519329999994,-13.793926299999953],[-43.516706899999974,-13.792877399999952],[-43.51115459999994,-13.81533939999997],[-43.48018459999997,-13.832100099999934],[-43.482505799999956,-13.850452599999926],[-43.47258029999995,-13.852139999999963],[-43.45964799999996,-13.872012899999959],[-43.439463899999964,-13.876172199999928],[-43.48766329999995,-14.090620399999978],[-43.456321799999955,-14.166118199999971],[-43.48071619999996,-14.176454599999943],[-43.56989139999996,-14.181911599999978],[-43.57908409999993,-14.237495799999976],[-43.57534839999994,-14.283855699999947],[-43.59609699999993,-14.28553439999996],[-43.701661599999966,-14.356599199999948],[-43.71982689999993,-14.400009199999943],[-43.69741629999993,-14.422254399999929],[-43.67139169999996,-14.493970899999965],[-43.66053489999996,-14.50500489999996],[-43.651311599999985,-14.551441599999976],[-43.62902829999996,-14.552145999999937],[-43.64562509999996,-14.621861899999942],[-43.66053189999997,-14.638146499999948],[-43.65767429999994,-14.673058099999935],[-43.67692949999997,-14.691467799999941],[-43.67929339999995,-14.707907699999964],[-43.71024159999996,-14.716149599999937],[-43.72625789999995,-14.698161399999947],[-43.75551239999993,-14.70083509999995],[-43.78566219999993,-14.68571899999995],[-43.859200999999985,-14.674298799999974],[-43.87325899999996,-14.65359129999996],[-43.88350759999997,-14.653232199999934],[-43.87714669999997,-14.640328299999965],[-43.88578659999996,-14.635425699999928],[-43.87462649999998,-14.636765399999945],[-43.88175419999993,-14.629439899999966],[-43.87006379999997,-14.612827599999946],[-43.876892399999974,-14.609213999999952],[-43.87673149999995,-14.590803299999948],[-43.88540199999994,-14.597879399999954],[-43.887202499999944,-14.583137199999953],[-43.877173599999935,-14.563341399999956],[-43.87387729999995,-14.520583599999952],[-43.831964599999935,-14.443007199999954],[-43.81938789999998,-14.389305099999945],[-43.70636339999993,-14.229957899999931]]]}},{"id":"2071","type":"Feature","properties":{"COD_IBGE":"2920304","MUNICIPIO":"Malhada de Pedras","UF":"BA"},"geometry":{"type":"Polygon","coordinates":[[[-41.82269459999998,-14.466025099999968],[-41.93176209999996,-14.419380099999955],[-41.95296709999997,-14.389879299999961],[-41.967299699999955,-14.292763299999933],[-41.98059029999996,-14.286747699999978],[-41.97736759999998,-14.270351799999958],[-41.98607069999997,-14.254759699999966],[-41.968722799999966,-14.250028899999961],[-41.96850949999998,-14.233979899999952],[-41.92424489999996,-14.227762799999937],[-41.80034459999996,-14.260974899999951],[-41.76368119999995,-14.255838899999958],[-41.717817999999966,-14.424912899999981],[-41.72086369999994,-14.446375599999953],[-41.69675059999997,-14.457140799999934],[-41.69372419999996,-14.476096999999982],[-41.82269459999998,-14.466025099999968]]]}},{"id":"2072","type":"Feature","properties":{"COD_IBGE":"2920403","MUNICIPIO":"Manoel Vitorino","UF":"BA"},"geometry":{"type":"Polygon","coordinates":[[[-40.210193799999956,-14.244517499999972],[-40.32866769999998,-14.282843299999968],[-40.352589999999964,-14.27403789999994],[-40.354542899999956,-14.290297099999975],[-40.37029339999998,-14.293931199999975],[-40.356992599999955,-14.310485899999946],[-40.38022269999993,-14.29995649999995],[-40.37935849999997,-14.267037899999934],[-40.41818409999996,-14.27217799999994],[-40.454070299999955,-14.257003999999938],[-40.46551119999998,-14.265717399999971],[-40.47328059999995,-14.253824099999974],[-40.470478399999934,-14.235887299999945],[-40.49219029999995,-14.225575299999946],[-40.488774199999966,-14.202134999999942],[-40.57555649999995,-14.17985619999996],[-40.65136249999995,-14.139974199999926],[-40.67873089999995,-14.145665599999973],[-40.687350899999956,-14.119051699999943],[-40.869073399999934,-14.031416799999931],[-40.86111429999994,-14.024743599999965],[-40.886471599999936,-13.984006699999952],[-40.931679299999985,-13.981528399999945],[-40.93418609999998,-13.961481899999967],[-40.94632139999993,-13.955354799999952],[-40.94976809999997,-13.906306899999947],[-40.924641099999974,-13.920726599999966],[-40.91158429999996,-13.913865899999962],[-40.91327389999998,-13.901619299999936],[-40.92716389999998,-13.904831299999955],[-40.93635479999995,-13.894969999999944],[-40.90566759999996,-13.886119299999962],[-40.87941449999994,-13.843886399999974],[-40.85042629999998,-13.850250699999947],[-40.79243109999993,-13.83443559999995],[-40.736149499999954,-13.835792499999968],[-40.73044459999994,-13.828458399999931],[-40.71953229999997,-13.84247339999996],[-40.695392599999934,-13.837795099999937],[-40.67788099999996,-13.850518299999976],[-40.64804209999994,-13.835688499999947],[-40.60741239999993,-13.866628399999968],[-40.55690979999997,-13.872765399999935],[-40.53032509999997,-13.867680499999949],[-40.52764959999996,-13.887924299999952],[-40.505424999999946,-13.886685299999954],[-40.510177899999974,-13.91050329999996],[-40.52202129999995,-13.919941699999981],[-40.51547419999997,-13.922366999999952],[-40.517350799999974,-13.939649199999963],[-40.50989359999994,-13.949817999999937],[-40.34932139999995,-14.032897899999966],[-40.33637699999997,-14.014143199999978],[-40.31739529999993,-14.00586089999996],[-40.24817909999996,-14.04236039999995],[-40.23209129999998,-14.03096279999994],[-40.211101499999984,-14.039157899999964],[-40.20724149999995,-14.069978999999933],[-40.21988579999993,-14.072118499999931],[-40.214782799999966,-14.08629019999995],[-40.22227659999993,-14.10475299999996],[-40.210901099999944,-14.125742899999977],[-40.18159789999993,-14.123126799999966],[-40.17526289999995,-14.141576399999963],[-40.19233879999996,-14.223113499999954],[-40.18114559999998,-14.224108199999932],[-40.210193799999956,-14.244517499999972]]]}},{"id":"2073","type":"Feature","properties":{"COD_IBGE":"2920452","MUNICIPIO":"Mansidão","UF":"BA"},"geometry":{"type":"Polygon","coordinates":[[[-43.84285269999998,-11.351988499999948],[-43.84109449999994,-11.358667799999978],[-43.85561899999993,-11.365620099999944],[-43.87759859999994,-11.354073299999982],[-43.88989479999998,-11.364165799999967],[-43.91121199999998,-11.365071399999977],[-43.921221499999945,-11.346009799999933],[-43.926304899999934,-11.370412699999974],[-43.94566239999995,-11.364228799999978],[-43.95542939999996,-11.37704599999995],[-43.98595659999995,-11.381209599999977],[-43.973604199999954,-11.398002299999973],[-44.00024709999997,-11.397291399999972],[-43.98860199999996,-11.412389099999928],[-43.994884199999944,-11.422659099999976],[-44.010272499999985,-11.411117399999966],[-44.01983039999993,-11.427563899999939],[-44.03489399999995,-11.422203599999932],[-44.03128119999997,-11.444229099999973],[-44.053397899999936,-11.428471499999944],[-44.068475199999966,-11.439711399999965],[-44.080193399999985,-11.420595299999945],[-44.08726539999998,-11.427421599999946],[-44.090603399999964,-11.420248799999968],[-44.120583299999964,-11.418890199999964],[-44.11907549999995,-11.437783799999977],[-44.14818789999998,-11.43021699999997],[-44.14689969999995,-11.437928299999953],[-44.16805709999994,-11.457076599999937],[-44.17448669999993,-11.448945299999934],[-44.18267629999997,-11.45666129999995],[-44.19333179999995,-11.450146399999937],[-44.19517529999996,-11.460367499999961],[-44.20821029999996,-11.458953999999949],[-44.21524759999994,-11.469261399999937],[-44.225827799999934,-11.451784799999928],[-44.23802749999993,-11.471661499999982],[-44.25124619999997,-11.461741299999971],[-44.26305409999998,-11.478327399999955],[-44.27688879999994,-11.471937399999945],[-44.28479409999994,-11.48216599999995],[-44.28967099999994,-11.47195359999995],[-44.29911499999997,-11.485320399999978],[-44.30561929999993,-11.478119899999967],[-44.32122969999995,-11.488013799999976],[-44.334117599999956,-11.482845699999928],[-44.33850069999994,-11.493635799999936],[-44.34999949999997,-11.47813599999995],[-44.34349999999995,-11.479282699999942],[-44.34186989999995,-11.465057999999942],[-44.35143359999995,-11.44463909999996],[-44.37692119999997,-11.44324279999995],[-44.37133019999993,-11.433115099999952],[-44.37745369999993,-11.433753599999932],[-44.37956189999994,-11.41552239999993],[-44.39176199999997,-11.419152899999972],[-44.391637199999934,-11.396616499999936],[-44.41106109999998,-11.381033999999943],[-44.41747209999994,-11.363514399999929],[-44.436996799999974,-11.388297799999975],[-44.464237999999966,-11.388307999999938],[-44.474572799999976,-11.407022999999981],[-44.495692099999985,-11.40334409999997],[-44.352255799999966,-11.229403599999955],[-44.27138179999997,-11.16299239999995],[-44.219101199999955,-11.086896999999965],[-44.22587359999994,-11.059274099999982],[-44.21882039999997,-11.028877999999963],[-44.161803099999986,-10.957430699999975],[-44.164269299999944,-10.947704299999941],[-44.14677139999998,-10.92260099999993],[-44.138994199999956,-10.834681699999976],[-44.12005679999993,-10.825769599999944],[-44.11818459999995,-10.809387199999946],[-44.108213199999966,-10.80831999999998],[-44.16554009999993,-10.642901299999949],[-44.13131839999994,-10.634885399999973],[-44.11459309999998,-10.602445799999941],[-44.100751299999956,-10.591722699999934],[-44.083428599999934,-10.589089999999942],[-44.05819839999998,-10.62182009999998],[-43.99703479999994,-10.640527299999974],[-43.99175989999998,-10.66669879999995],[-43.94337299999995,-10.712143899999944],[-43.92014329999995,-10.765399899999977],[-43.92044759999993,-10.780412999999953],[-43.90685469999994,-10.798672199999942],[-43.92095479999995,-10.812873799999977],[-43.92014329999995,-10.827176799999961],[-43.90071089999998,-10.857066799999927],[-43.922248199999956,-10.874627099999941],[-43.92438839999994,-10.899257699999964],[-43.94246149999998,-10.90740829999993],[-43.96284149999997,-10.931612899999948],[-44.00763139999998,-10.93615909999994],[-44.02592709999993,-10.954284799999925],[-43.96536179999998,-11.044485599999973],[-43.921993499999985,-11.088092599999982],[-43.86167839999996,-11.28081039999995],[-43.83032709999998,-11.345806899999957],[-43.84285269999998,-11.351988499999948]]]}},{"id":"2074","type":"Feature","properties":{"COD_IBGE":"2920502","MUNICIPIO":"Maracás","UF":"BA"},"geometry":{"type":"Polygon","coordinates":[[[-40.406119099999955,-13.290142299999957],[-40.27782939999997,-13.345598799999948],[-40.29000279999997,-13.356258299999979],[-40.28716039999995,-13.37888849999996],[-40.297661999999946,-13.414913099999978],[-40.32916679999994,-13.485534099999938],[-40.35920989999994,-13.508163299999978],[-40.40292079999995,-13.574015999999972],[-40.423963699999945,-13.589190899999949],[-40.43978899999996,-13.58348929999994],[-40.438742099999956,-13.599443599999972],[-40.42094369999995,-13.616813599999944],[-40.42225819999993,-13.626707999999951],[-40.448789199999965,-13.632537599999978],[-40.450706099999934,-13.656637099999955],[-40.47650999999996,-13.642174499999953],[-40.499007699999936,-13.649949299999946],[-40.48712939999996,-13.676618299999973],[-40.47411399999993,-13.678510999999958],[-40.481625399999984,-13.700296699999967],[-40.498770699999966,-13.716440099999943],[-40.529892099999984,-13.717924299999936],[-40.53759719999994,-13.728785099999982],[-40.51949599999995,-13.78874769999993],[-40.43972919999993,-13.864633399999946],[-40.514903499999946,-13.889258299999938],[-40.52900619999997,-13.886818499999947],[-40.534965899999975,-13.866005299999927],[-40.55690979999997,-13.872765399999935],[-40.60741239999993,-13.866628399999968],[-40.64608329999993,-13.836524199999928],[-40.66528789999995,-13.836361499999953],[-40.678062599999976,-13.825585299999943],[-40.70423869999996,-13.796556299999963],[-40.697270499999945,-13.781769499999939],[-40.70304249999998,-13.764460399999962],[-40.72810629999998,-13.752093799999955],[-40.715462299999956,-13.746963199999982],[-40.72602829999994,-13.72211569999996],[-40.71808239999996,-13.71022929999998],[-40.725036399999965,-13.691849799999943],[-40.70663559999997,-13.682192999999927],[-40.713385899999935,-13.668213299999934],[-40.70113049999998,-13.645034799999962],[-40.71018159999994,-13.630285699999945],[-40.68977399999994,-13.609357799999941],[-40.68693879999995,-13.548311699999942],[-40.69648109999997,-13.533526499999937],[-40.69702509999996,-13.506898099999944],[-40.73750149999995,-13.463572299999953],[-40.72910849999994,-13.427515999999969],[-40.77144369999996,-13.398171099999956],[-40.784437399999945,-13.369069599999932],[-40.724446099999966,-13.276685099999952],[-40.71972999999997,-13.239041499999928],[-40.62725839999996,-13.182574199999976],[-40.58479599999998,-13.215325599999971],[-40.525420199999985,-13.183426199999928],[-40.406119099999955,-13.290142299999957]]]}},{"id":"2075","type":"Feature","properties":{"COD_IBGE":"2920601","MUNICIPIO":"Maragogipe","UF":"BA"},"geometry":{"type":"Polygon","coordinates":[[[-38.946635399999934,-12.896516199999951],[-38.96541569999994,-12.86459629999996],[-38.97630399999997,-12.859193499999947],[-38.97983229999994,-12.843426199999953],[-38.997253599999965,-12.83585949999997],[-39.01328709999996,-12.845610699999952],[-39.02747419999997,-12.832534799999962],[-39.04972479999998,-12.834283299999981],[-39.04924379999994,-12.87314639999994],[-39.03604299999995,-12.879135499999961],[-39.036343399999964,-12.898595599999965],[-39.01997119999993,-12.93320239999997],[-39.02636989999996,-12.938961699999936],[-39.03942889999996,-12.90508879999993],[-39.069162999999946,-12.87246609999994],[-39.07519949999994,-12.851974299999938],[-39.067746099999965,-12.812768399999982],[-39.04516249999995,-12.791606599999966],[-39.050373399999955,-12.751784399999963],[-39.04502329999997,-12.734490199999982],[-39.00818949999996,-12.729890799999964],[-39.00786009999996,-12.710497299999929],[-38.96644879999997,-12.695004499999982],[-38.95324489999996,-12.703470299999935],[-38.93805459999993,-12.701166399999977],[-38.92662869999998,-12.72831279999997],[-38.902208299999984,-12.737608799999975],[-38.88466189999997,-12.75464089999997],[-38.85980929999994,-12.795851299999981],[-38.86283599999996,-12.823261799999955],[-38.83823929999994,-12.846348999999975],[-38.81857059999993,-12.851295999999934],[-38.801885599999935,-12.838532699999973],[-38.80653559999996,-12.87113519999997],[-38.81763499999994,-12.874608599999931],[-38.82011449999993,-12.886103599999956],[-38.81122069999998,-12.91760549999998],[-38.83514409999998,-12.920984099999941],[-38.822741399999984,-12.947656299999949],[-38.82896189999997,-12.955793599999936],[-38.838509699999975,-12.944943899999942],[-38.854531099999974,-12.94671599999998],[-38.86241519999993,-12.939916799999935],[-38.890776399999936,-12.944086699999957],[-38.914449099999956,-12.931909099999928],[-38.91874509999997,-12.914382699999976],[-38.946635399999934,-12.896516199999951]]]}},{"id":"2076","type":"Feature","properties":{"COD_IBGE":"2920700","MUNICIPIO":"Maraú","UF":"BA"},"geometry":{"type":"Polygon","coordinates":[[[-38.927692899999954,-13.939845899999966],[-38.988175499999954,-14.19101089999998],[-38.98923649999995,-14.218739299999982],[-38.997820099999956,-14.235241999999971],[-39.00771819999994,-14.235626199999956],[-39.00746659999993,-14.224360099999956],[-39.01852229999997,-14.228869599999939],[-39.027551899999935,-14.24730139999997],[-39.047372999999936,-14.252160999999944],[-39.07672119999995,-14.245262299999979],[-39.11920209999994,-14.25313749999998],[-39.16059299999995,-14.274944799999957],[-39.222681499999965,-14.264223799999968],[-39.264824499999975,-14.290698299999974],[-39.30290659999997,-14.266628499999968],[-39.31813759999994,-14.278383399999939],[-39.32342699999998,-14.254577199999972],[-39.412987999999984,-14.236205299999938],[-39.44418809999996,-14.241539799999941],[-39.443822799999964,-14.199902699999939],[-39.392944599999964,-14.176181099999951],[-39.37238899999994,-14.174882299999979],[-39.34391039999997,-14.145284299999958],[-39.33131309999993,-14.155137899999943],[-39.325827699999934,-14.145393699999943],[-39.275009599999976,-14.137767699999927],[-39.27347659999998,-14.129921399999944],[-39.26185669999995,-14.130352099999982],[-39.25037939999993,-14.11722199999997],[-39.23961819999994,-14.122387499999945],[-39.218574099999955,-14.109893799999952],[-39.16547769999994,-14.10219079999996],[-39.14349279999993,-14.091580699999952],[-39.103745499999945,-14.109241899999972],[-39.069622299999935,-14.110635699999932],[-39.02081769999995,-14.099808699999926],[-38.988238699999954,-14.080599699999937],[-38.98193079999993,-14.050072099999966],[-39.006177599999944,-14.025606699999969],[-38.986411199999964,-13.97836529999995],[-39.00046199999997,-13.926845799999967],[-38.988345599999946,-13.894455799999946],[-38.966773899999964,-13.887504899999954],[-38.95173459999995,-13.872377099999937],[-38.92878589999998,-13.906834199999935],[-38.927692899999954,-13.939845899999966]]]}},{"id":"2077","type":"Feature","properties":{"COD_IBGE":"2920809","MUNICIPIO":"Marcionílio Souza","UF":"BA"},"geometry":{"type":"Polygon","coordinates":[[[-40.60044379999994,-13.005582599999968],[-40.546464199999946,-12.991316299999937],[-40.522224999999935,-12.958910899999978],[-40.509365199999934,-12.967092499999978],[-40.50798059999994,-12.946176899999955],[-40.49616969999994,-12.951463499999932],[-40.481326999999965,-12.941977599999973],[-40.48858229999996,-12.948713099999964],[-40.47183289999998,-12.99989439999996],[-40.415801999999985,-13.08750159999994],[-40.46865999999994,-13.112950499999954],[-40.511490299999934,-13.17648209999993],[-40.58479599999998,-13.215325599999971],[-40.62725839999996,-13.182574199999976],[-40.71972999999997,-13.239041499999928],[-40.724446099999966,-13.276685099999952],[-40.78359249999994,-13.367453399999931],[-40.80053979999997,-13.348678599999971],[-40.80113719999997,-13.333764499999972],[-40.835703799999976,-13.315733699999953],[-40.84491399999996,-13.31944679999998],[-40.84848869999996,-13.312186599999961],[-40.85473969999998,-13.321541699999955],[-40.86195399999997,-13.318745799999931],[-40.87501279999998,-13.293866099999946],[-40.87109189999995,-13.276179199999945],[-40.91643449999998,-13.235687999999982],[-40.91970949999995,-13.209005199999979],[-40.723651899999936,-13.021794499999942],[-40.70889359999995,-13.016546699999935],[-40.68766519999997,-13.024525099999948],[-40.663727499999936,-13.005873299999962],[-40.63720499999994,-12.99737829999998],[-40.605260199999975,-12.997510399999953],[-40.60044379999994,-13.005582599999968]]]}},{"id":"2078","type":"Feature","properties":{"COD_IBGE":"2920908","MUNICIPIO":"Mascote","UF":"BA"},"geometry":{"type":"Polygon","coordinates":[[[-39.39118369999994,-15.799754699999937],[-39.40046559999996,-15.793953299999941],[-39.426943999999935,-15.803313799999955],[-39.43875939999998,-15.793576599999938],[-39.44328049999996,-15.809135799999979],[-39.45570989999993,-15.81214319999998],[-39.46790349999998,-15.834084799999971],[-39.484979899999985,-15.839191299999982],[-39.48939169999994,-15.820163399999956],[-39.51491159999995,-15.80900319999995],[-39.52799939999994,-15.817662999999982],[-39.57289659999998,-15.792736399999967],[-39.54857869999995,-15.791287599999976],[-39.56886829999996,-15.76630629999994],[-39.53663469999998,-15.751892699999928],[-39.53091399999994,-15.730536399999949],[-39.54349399999995,-15.71296179999996],[-39.533857599999976,-15.695711199999948],[-39.54425699999996,-15.665963699999963],[-39.53735629999994,-15.625369499999977],[-39.51022009999997,-15.599921199999926],[-39.499968699999954,-15.566746199999955],[-39.47725929999996,-15.551155599999959],[-39.47115889999998,-15.555886099999952],[-39.47627079999995,-15.569421399999953],[-39.46491219999996,-15.579514999999958],[-39.443677399999956,-15.581285599999944],[-39.42901839999996,-15.566227799999979],[-39.40915009999998,-15.565686999999969],[-39.40687899999995,-15.551964699999928],[-39.43009499999994,-15.539088499999934],[-39.42732449999994,-15.527788599999951],[-39.44024079999997,-15.524533899999938],[-39.43305159999994,-15.514754399999958],[-39.435005099999955,-15.488166599999943],[-39.41958609999995,-15.46408649999995],[-39.40414819999995,-15.472847799999954],[-39.38557649999996,-15.47166139999996],[-39.37765699999994,-15.45618109999998],[-39.36011759999997,-15.490457699999979],[-39.351436699999965,-15.489282799999955],[-39.31021509999994,-15.52195039999998],[-39.30431199999998,-15.550152999999966],[-39.27460009999993,-15.56429929999996],[-39.28492929999993,-15.565711299999975],[-39.29241319999994,-15.580036199999938],[-39.30565009999998,-15.58046029999997],[-39.30530889999994,-15.593218999999976],[-39.34371189999996,-15.615559399999938],[-39.34143889999996,-15.622447999999963],[-39.330380899999966,-15.62747799999994],[-39.30124299999994,-15.611131399999977],[-39.28522209999994,-15.630728499999975],[-39.26155769999997,-15.634384099999977],[-39.28995069999996,-15.638375199999928],[-39.31838689999995,-15.656328299999927],[-39.34911839999995,-15.68828149999996],[-39.350863999999945,-15.705829999999935],[-39.366210199999955,-15.712984099999971],[-39.366116699999964,-15.744731199999933],[-39.341981799999985,-15.748415799999975],[-39.31856899999997,-15.82721829999997],[-39.35692319999998,-15.849871999999948],[-39.37229149999996,-15.822410199999979],[-39.38694339999995,-15.824933699999974],[-39.39118369999994,-15.799754699999937]]]}},{"id":"2079","type":"Feature","properties":{"COD_IBGE":"2921005","MUNICIPIO":"Mata de São João","UF":"BA"},"geometry":{"type":"Polygon","coordinates":[[[-38.04059199999995,-12.462411699999961],[-37.98675499999996,-12.413708199999974],[-37.95135069999998,-12.40298839999997],[-37.94316289999995,-12.373963899999978],[-37.93143219999996,-12.371507099999974],[-37.92378699999995,-12.383748199999957],[-37.892970599999956,-12.383305599999971],[-37.893283699999984,-12.408242099999939],[-37.97194429999996,-12.519176399999935],[-38.00146399999994,-12.578011199999935],[-38.03022279999993,-12.59719819999998],[-38.04701719999997,-12.58427519999998],[-38.043578699999955,-12.562533799999926],[-38.05390889999995,-12.562944699999946],[-38.06935699999997,-12.536161899999968],[-38.06319559999997,-12.529645899999934],[-38.073175499999934,-12.502271099999973],[-38.06399749999997,-12.490116199999932],[-38.070019499999944,-12.466338399999927],[-38.09937699999995,-12.47967099999994],[-38.09663789999996,-12.501591599999927],[-38.11136769999996,-12.51124509999994],[-38.140892399999984,-12.497656499999948],[-38.155717799999934,-12.503026199999965],[-38.16212909999996,-12.489054599999974],[-38.17721279999995,-12.488102799999979],[-38.181907999999964,-12.47923309999993],[-38.17265619999995,-12.46276249999994],[-38.19403149999994,-12.453061399999967],[-38.21258709999995,-12.459224199999937],[-38.22482069999995,-12.476703099999952],[-38.24292359999998,-12.469776499999966],[-38.247837699999934,-12.497699599999976],[-38.23912629999995,-12.515608399999962],[-38.223788999999954,-12.521795699999927],[-38.21520789999994,-12.56911759999997],[-38.23105419999996,-12.566382699999963],[-38.24961969999998,-12.575704899999948],[-38.25238699999994,-12.59962349999995],[-38.27487579999996,-12.611687399999937],[-38.30515509999998,-12.59587739999995],[-38.320560299999954,-12.577034899999944],[-38.34718859999998,-12.573693699999978],[-38.345996199999945,-12.539992799999936],[-38.378430599999945,-12.538672499999961],[-38.36677819999994,-12.509326399999964],[-38.37358949999998,-12.509394799999939],[-38.38483209999998,-12.482612099999926],[-38.31726889999993,-12.434843199999932],[-38.32236709999995,-12.457286099999976],[-38.28780739999996,-12.446659999999952],[-38.25913439999994,-12.415222299999982],[-38.22903839999998,-12.416508299999975],[-38.19314629999997,-12.402967899999965],[-38.18343209999995,-12.41260669999997],[-38.14260289999993,-12.372010599999953],[-38.126195999999936,-12.380136099999959],[-38.121101099999976,-12.39658739999993],[-38.10340059999993,-12.395531199999937],[-38.104637999999966,-12.41282229999996],[-38.08845269999995,-12.426325799999972],[-38.09778509999995,-12.436186499999963],[-38.07989079999993,-12.455322899999942],[-38.065312699999936,-12.451274499999954],[-38.04059199999995,-12.462411699999961]]]}},{"id":"2080","type":"Feature","properties":{"COD_IBGE":"2921054","MUNICIPIO":"Matina","UF":"BA"},"geometry":{"type":"Polygon","coordinates":[[[-42.854666399999985,-13.955384999999978],[-42.88349869999996,-13.95357729999995],[-42.89392349999997,-13.944919399999947],[-42.91759059999998,-13.957347099999936],[-42.95338869999995,-13.956703999999945],[-42.98057279999995,-13.941055999999946],[-42.99391929999996,-13.943353299999956],[-43.03474159999996,-13.916298099999949],[-43.10446719999993,-13.931716199999926],[-43.133132099999955,-13.887616099999946],[-43.13858869999996,-13.844188299999928],[-43.126211599999976,-13.831637199999932],[-43.108394199999964,-13.830183499999976],[-43.11587029999998,-13.82026609999997],[-43.09356539999993,-13.784703099999945],[-43.06884759999997,-13.774347399999954],[-43.06138599999997,-13.779128399999934],[-43.05496259999995,-13.759235699999977],[-43.02859349999994,-13.734194299999956],[-42.94369629999994,-13.752970499999947],[-42.772824999999955,-13.746556699999928],[-42.78015629999993,-13.856046099999958],[-42.79062539999995,-13.873134199999981],[-42.780037999999934,-13.897636199999965],[-42.79212339999998,-13.924292999999977],[-42.789036099999976,-13.938131799999951],[-42.812442799999985,-13.976240999999959],[-42.84495959999998,-13.965783999999928],[-42.854666399999985,-13.955384999999978]]]}},{"id":"2081","type":"Feature","properties":{"COD_IBGE":"2921104","MUNICIPIO":"Medeiros Neto","UF":"BA"},"geometry":{"type":"Polygon","coordinates":[[[-40.09851949999995,-17.256070299999976],[-40.076717299999984,-17.273536199999967],[-40.07700739999996,-17.260165599999937],[-40.06447039999995,-17.263069799999982],[-40.045833699999946,-17.30918889999998],[-40.02869999999996,-17.324922399999934],[-40.01736989999995,-17.325485499999957],[-39.999135499999966,-17.367035099999953],[-39.97039799999993,-17.381758899999966],[-39.94002729999994,-17.420044399999938],[-39.93340109999997,-17.433762099999967],[-39.93611939999994,-17.46483059999997],[-39.968402099999935,-17.458212899999978],[-39.97746809999995,-17.466232599999955],[-40.02007949999995,-17.46598369999998],[-40.036494199999936,-17.478322299999945],[-40.04849129999997,-17.474300699999958],[-40.05933959999993,-17.452790499999935],[-40.07252939999995,-17.461242999999968],[-40.102595099999974,-17.45609399999995],[-40.10370429999995,-17.443862999999965],[-40.114081099999964,-17.449823399999957],[-40.15118959999995,-17.44801519999993],[-40.16457399999996,-17.433131599999967],[-40.18874829999993,-17.432369299999948],[-40.206623099999945,-17.441013699999928],[-40.218218399999955,-17.434982399999967],[-40.22226249999994,-17.407675299999937],[-40.31346609999997,-17.415505199999927],[-40.327139699999975,-17.395637999999963],[-40.33964729999997,-17.40618749999993],[-40.35476639999996,-17.451822799999945],[-40.391534399999955,-17.45333299999993],[-40.395798999999954,-17.461656799999957],[-40.41405269999996,-17.46515779999993],[-40.426544999999976,-17.488276999999982],[-40.439556599999946,-17.48360679999996],[-40.463314999999966,-17.49943829999995],[-40.495439199999964,-17.486731599999928],[-40.52094139999997,-17.458348599999965],[-40.52057899999994,-17.44481129999997],[-40.554159099999936,-17.435567899999967],[-40.570081699999946,-17.41589149999993],[-40.59750649999995,-17.420633299999963],[-40.62347509999995,-17.40598069999993],[-40.59866439999996,-17.389636499999938],[-40.598937199999966,-17.364538099999947],[-40.605793999999946,-17.35996739999996],[-40.592727099999934,-17.345473099999936],[-40.60902519999996,-17.32696839999994],[-40.59484169999996,-17.32356479999993],[-40.572243999999955,-17.294766099999947],[-40.547456299999965,-17.283608499999957],[-40.43661739999993,-17.272333999999944],[-40.42776699999996,-17.265300599999932],[-40.39487789999998,-17.269167399999958],[-40.37293289999997,-17.258050799999978],[-40.35749299999998,-17.265378899999973],[-40.29811909999995,-17.259686099999954],[-40.281364199999985,-17.246591299999977],[-40.21775969999993,-17.247252299999957],[-40.19877279999997,-17.229575599999976],[-40.18309709999994,-17.24372889999995],[-40.13155539999997,-17.24656729999998],[-40.12867739999996,-17.254268699999955],[-40.09851949999995,-17.256070299999976]]]}},{"id":"2082","type":"Feature","properties":{"COD_IBGE":"2921203","MUNICIPIO":"Miguel Calmon","UF":"BA"},"geometry":{"type":"Polygon","coordinates":[[[-40.59506159999995,-11.55370789999995],[-40.60366439999996,-11.558129299999962],[-40.600579799999934,-11.565633599999956],[-40.625807399999985,-11.55653689999997],[-40.66494329999995,-11.562222599999927],[-40.67463809999998,-11.550884699999926],[-40.720095699999945,-11.540527399999974],[-40.73755349999993,-11.503534499999944],[-40.79825269999998,-11.477241399999969],[-40.86352119999998,-11.414491899999973],[-40.946122499999944,-11.285125799999946],[-40.86473479999995,-11.260809699999982],[-40.745704099999955,-11.266568799999959],[-40.685963999999956,-11.211739699999953],[-40.60413239999997,-11.275700899999947],[-40.582074199999965,-11.308437099999935],[-40.560138999999936,-11.312347899999963],[-40.54601949999994,-11.304419999999936],[-40.506633299999976,-11.37167949999997],[-40.49010079999994,-11.374237199999982],[-40.48258599999997,-11.386015799999939],[-40.459490899999935,-11.387418799999978],[-40.44208149999997,-11.358437399999957],[-40.41342259999993,-11.364172699999926],[-40.383358199999975,-11.401233399999967],[-40.308842099999936,-11.434773499999949],[-40.36873769999994,-11.481857499999933],[-40.38389689999997,-11.505290799999955],[-40.370670099999984,-11.616232799999977],[-40.38694669999995,-11.600840199999936],[-40.39068519999995,-11.616142499999967],[-40.40699009999997,-11.60808019999996],[-40.429506199999935,-11.618622699999946],[-40.44685009999995,-11.617210799999953],[-40.46657499999998,-11.602218999999934],[-40.49050559999995,-11.614327899999978],[-40.490973199999985,-11.631038299999943],[-40.52272339999996,-11.631087499999978],[-40.52864389999996,-11.608505999999977],[-40.52181849999994,-11.602402499999926],[-40.52927429999994,-11.591566799999953],[-40.519689599999936,-11.580601199999933],[-40.52333049999993,-11.574458799999945],[-40.55715349999997,-11.57833359999995],[-40.56863379999993,-11.564797599999963],[-40.59506159999995,-11.55370789999995]]]}},{"id":"2083","type":"Feature","properties":{"COD_IBGE":"2921302","MUNICIPIO":"Milagres","UF":"BA"},"geometry":{"type":"Polygon","coordinates":[[[-39.90020049999998,-12.875492299999962],[-39.92812129999993,-12.817083199999956],[-39.89419559999993,-12.753392499999961],[-39.85569879999997,-12.795600399999955],[-39.846680799999945,-12.796429299999943],[-39.83456389999998,-12.82039059999994],[-39.79916529999997,-12.841241999999966],[-39.79030329999995,-12.826990799999976],[-39.77156659999997,-12.854276399999947],[-39.72746519999998,-12.876985199999979],[-39.712684199999956,-12.862141899999926],[-39.678746899999965,-12.887261099999932],[-39.66611489999997,-12.91546029999995],[-39.657466599999964,-12.909781099999975],[-39.659887899999944,-12.926905499999975],[-39.647502299999985,-12.918038899999942],[-39.643052299999965,-12.92253489999996],[-39.649691099999984,-12.92785159999994],[-39.63767059999998,-12.930151699999954],[-39.668721699999935,-12.953510599999959],[-39.672950699999944,-12.965547499999957],[-39.666023199999984,-12.976746899999966],[-39.68826819999998,-12.999910199999931],[-39.71082569999993,-12.976134899999977],[-39.74705439999997,-13.012906399999963],[-39.75538499999993,-12.999811099999931],[-39.77995079999994,-12.99527089999998],[-39.78333709999998,-12.982477999999958],[-39.81531099999995,-12.980076099999962],[-39.816815599999984,-12.972130799999945],[-39.84962139999993,-12.964069799999947],[-39.87684379999996,-12.936548499999958],[-39.88601029999995,-12.943045799999936],[-39.894996799999944,-12.93846069999995],[-39.90308969999995,-12.92464659999996],[-39.90020049999998,-12.875492299999962]]]}},{"id":"2084","type":"Feature","properties":{"COD_IBGE":"2921401","MUNICIPIO":"Mirangaba","UF":"BA"},"geometry":{"type":"Polygon","coordinates":[[[-40.584618699999965,-10.990326799999934],[-40.68790289999998,-10.941934699999933],[-40.70428449999997,-10.952754999999968],[-40.71888349999995,-10.950388399999952],[-40.72129119999994,-10.936958999999945],[-40.70663349999995,-10.917764399999953],[-40.75590609999995,-10.88451509999993],[-40.770518799999934,-10.85600839999995],[-40.79856709999996,-10.846370599999943],[-40.82018179999994,-10.804615799999965],[-40.83595159999993,-10.791605499999946],[-40.88979049999995,-10.802453399999933],[-41.00618599999996,-10.72994639999996],[-41.10097579999996,-10.713284399999964],[-41.08116309999997,-10.69572949999997],[-41.07973549999997,-10.675920399999939],[-41.08877739999997,-10.67032869999997],[-41.114475599999935,-10.675028099999963],[-41.110999299999946,-10.657667999999944],[-40.940612999999985,-10.600954499999943],[-40.912584599999946,-10.607787599999938],[-40.87866449999996,-10.59063599999996],[-40.87166209999998,-10.595871599999953],[-40.81802579999993,-10.59238339999996],[-40.79957329999996,-10.607989499999974],[-40.79205189999993,-10.598300699999982],[-40.76429219999994,-10.591660699999977],[-40.74708919999995,-10.633645299999955],[-40.59565999999995,-10.683506399999942],[-40.54640189999998,-10.662320099999931],[-40.541945699999985,-10.680840399999965],[-40.549156299999936,-10.699601199999961],[-40.507150699999954,-10.713001799999972],[-40.48378269999995,-10.684492599999942],[-40.47076649999997,-10.714557299999967],[-40.483862999999985,-10.750939999999957],[-40.47208919999997,-10.765097799999978],[-40.46835519999996,-10.757052399999964],[-40.454890499999976,-10.759964799999977],[-40.445399399999985,-10.752137599999969],[-40.461138999999946,-10.812666899999954],[-40.45957919999995,-10.82160209999995],[-40.44439709999995,-10.825899799999945],[-40.44468079999996,-10.834905499999934],[-40.45302319999996,-10.836134199999947],[-40.450229999999976,-10.854025499999977],[-40.46261469999996,-10.867814499999952],[-40.47547739999993,-10.922825299999943],[-40.49133379999995,-10.939298699999938],[-40.47239099999996,-10.96401469999995],[-40.46627569999998,-10.954109899999935],[-40.45760269999994,-10.958210999999949],[-40.481727199999966,-11.04939939999997],[-40.529308199999946,-11.015518099999952],[-40.53543629999996,-11.021800799999937],[-40.548203599999965,-11.018999099999974],[-40.584618699999965,-10.990326799999934]]]}},{"id":"2085","type":"Feature","properties":{"COD_IBGE":"2921450","MUNICIPIO":"Mirante","UF":"BA"},"geometry":{"type":"Polygon","coordinates":[[[-40.63769329999997,-14.301115699999968],[-40.67669059999997,-14.330359999999928],[-40.67745449999995,-14.30931849999996],[-40.82253859999997,-14.25254579999995],[-40.826976599999966,-14.242171499999927],[-40.87191949999993,-14.215569999999957],[-41.01074129999995,-14.160035999999934],[-41.020361299999934,-14.164954399999942],[-41.04023119999994,-14.15941319999996],[-41.03965729999993,-14.143392799999958],[-41.024118999999985,-14.143197199999975],[-41.01458309999998,-14.13140999999996],[-41.02477799999997,-14.120274699999982],[-41.02584639999998,-14.094891599999926],[-41.01471619999995,-14.088116599999978],[-41.02278419999993,-14.072704299999941],[-40.99983619999995,-14.067605399999934],[-41.01609799999994,-14.051980399999934],[-40.97824369999995,-14.025198799999941],[-41.00156629999998,-14.008942099999956],[-40.97956929999998,-13.979436499999963],[-40.98249019999997,-13.96602729999995],[-40.97564709999995,-13.956911199999979],[-40.983091299999955,-13.947583799999961],[-40.960028299999976,-13.93809529999993],[-40.963027599999975,-13.921060999999952],[-40.95096639999997,-13.907028699999955],[-40.94632139999993,-13.955354799999952],[-40.93418609999998,-13.961481899999967],[-40.931679299999985,-13.981528399999945],[-40.886471599999936,-13.984006699999952],[-40.86111429999994,-14.024743599999965],[-40.869073399999934,-14.031416799999931],[-40.687350899999956,-14.119051699999943],[-40.67873089999995,-14.145665599999973],[-40.65136249999995,-14.139974199999926],[-40.57555649999995,-14.17985619999996],[-40.488774199999966,-14.202134999999942],[-40.49219029999995,-14.225575299999946],[-40.470478399999934,-14.235887299999945],[-40.47328059999995,-14.253824099999974],[-40.46551119999998,-14.265717399999971],[-40.454070299999955,-14.257003999999938],[-40.41818409999996,-14.27217799999994],[-40.39313509999994,-14.264565499999946],[-40.385302399999944,-14.271912699999973],[-40.39327849999995,-14.273935299999948],[-40.39203229999998,-14.284715799999958],[-40.412435399999936,-14.281425499999955],[-40.433191799999975,-14.29832609999994],[-40.44091249999997,-14.292672399999958],[-40.46519589999997,-14.31022459999997],[-40.473658599999965,-14.307977599999958],[-40.50522209999997,-14.337646599999971],[-40.54066949999998,-14.317273399999976],[-40.63769329999997,-14.301115699999968]]]}},{"id":"2086","type":"Feature","properties":{"COD_IBGE":"2921500","MUNICIPIO":"Monte Santo","UF":"BA"},"geometry":{"type":"Polygon","coordinates":[[[-39.270410899999945,-10.67788779999995],[-39.36771369999997,-10.65487369999994],[-39.432605799999976,-10.619292799999926],[-39.47834869999997,-10.568503799999974],[-39.52947399999994,-10.570043699999928],[-39.54299759999998,-10.582136899999966],[-39.55432779999995,-10.58179169999994],[-39.594018699999936,-10.553829199999939],[-39.64517999999998,-10.543054599999948],[-39.76819269999993,-10.53857249999993],[-39.76065209999996,-10.523023799999976],[-39.76482789999994,-10.511771799999963],[-39.75616779999996,-10.505053199999963],[-39.764950099999965,-10.497712099999944],[-39.76366079999997,-10.477715499999931],[-39.75590379999994,-10.473364699999934],[-39.75282089999996,-10.440026399999965],[-39.74512859999993,-10.437901999999951],[-39.73129949999998,-10.409921199999928],[-39.73931729999998,-10.349046099999953],[-39.713899599999934,-10.318528299999969],[-39.71684629999993,-10.27745589999995],[-39.74425119999995,-10.242781599999944],[-39.73438749999997,-10.20733439999998],[-39.72865749999994,-10.115602499999966],[-39.737384599999984,-10.064388999999949],[-39.71594959999993,-10.06744679999997],[-39.653632699999946,-10.100069799999972],[-39.63656569999995,-10.12138479999993],[-39.58863319999995,-10.125064699999939],[-39.55970179999997,-10.106768199999976],[-39.56434019999995,-10.12174129999994],[-39.55364539999994,-10.137897299999963],[-39.554353599999956,-10.151844099999948],[-39.54091999999997,-10.148851399999955],[-39.53515139999996,-10.15567539999995],[-39.52574169999997,-10.188433199999963],[-39.45490019999994,-10.172366899999929],[-39.37140929999998,-10.171775199999956],[-39.322257399999955,-10.196511899999962],[-39.32422969999993,-10.188130299999955],[-39.23554029999997,-10.194334499999968],[-39.22829729999995,-10.225871299999937],[-39.202586199999985,-10.237108999999975],[-39.18541259999995,-10.254752199999928],[-39.18272779999995,-10.275555099999963],[-39.16780679999994,-10.29779899999994],[-39.18308349999995,-10.314787599999931],[-39.17047009999993,-10.319601199999966],[-39.16081509999998,-10.365821499999981],[-39.14299879999993,-10.404759599999977],[-39.149851199999944,-10.426569499999971],[-39.15970079999994,-10.418161699999928],[-39.19020219999993,-10.426593299999979],[-39.179993399999944,-10.439115399999935],[-39.15201019999995,-10.451154599999938],[-39.15573249999994,-10.465247499999975],[-39.14729889999995,-10.483839299999943],[-39.15640769999993,-10.55653179999996],[-39.16515169999997,-10.573486499999944],[-39.181517499999984,-10.581041099999936],[-39.180580599999985,-10.593249999999955],[-39.18976669999995,-10.594705099999942],[-39.19712879999997,-10.584151899999938],[-39.22081099999997,-10.596232199999974],[-39.23843169999998,-10.618502999999976],[-39.23637819999993,-10.63622209999994],[-39.25304539999996,-10.660556799999938],[-39.24718059999998,-10.665959099999952],[-39.25928269999997,-10.66983369999997],[-39.271464099999946,-10.696855599999935],[-39.276782899999944,-10.682799599999953],[-39.270410899999945,-10.67788779999995]]]}},{"id":"2087","type":"Feature","properties":{"COD_IBGE":"2921609","MUNICIPIO":"Morpará","UF":"BA"},"geometry":{"type":"Polygon","coordinates":[[[-43.186432699999955,-11.890347499999962],[-43.19289659999998,-11.80713959999997],[-43.21274619999997,-11.81159729999996],[-43.22291379999996,-11.793639999999982],[-43.23454529999998,-11.715258999999946],[-43.245659599999954,-11.706568799999957],[-43.241146199999946,-11.689716699999963],[-43.22622269999994,-11.67670529999998],[-43.243286499999954,-11.65753479999995],[-43.256944799999985,-11.663840899999968],[-43.26468199999994,-11.654016299999967],[-43.282475999999974,-11.654489199999944],[-43.276003199999934,-11.635440599999981],[-43.292344699999944,-11.588788199999954],[-43.28062209999996,-11.569794799999954],[-43.28612149999998,-11.54802449999994],[-43.26449569999994,-11.483298699999978],[-43.225174299999935,-11.498838999999975],[-43.05677119999996,-11.528529499999934],[-43.05497269999995,-11.560358999999949],[-43.039724699999965,-11.555478599999958],[-43.020009899999934,-11.570273899999961],[-43.00347259999995,-11.59704279999994],[-42.981105699999944,-11.596804899999938],[-42.95382889999996,-11.624358599999937],[-42.93449459999994,-11.628623599999969],[-42.93978869999995,-11.586043299999972],[-42.92110169999995,-11.578947299999982],[-42.871046099999944,-11.613097799999935],[-42.85320009999998,-11.61238389999994],[-42.83963719999997,-11.621735199999932],[-42.788409599999966,-11.690471299999956],[-42.74405429999996,-11.704825999999969],[-42.73655899999994,-11.714378799999963],[-42.74505359999995,-11.71474829999994],[-42.754954699999985,-11.736564599999951],[-42.78809019999994,-11.739343499999961],[-42.78350089999998,-11.74670139999995],[-42.82055719999994,-11.776196899999945],[-42.836851999999965,-11.773191399999973],[-42.861193199999946,-11.793959499999971],[-42.813536399999975,-11.941049899999939],[-42.87289959999998,-11.964038999999957],[-42.90259659999998,-11.96233209999997],[-42.92024379999998,-11.973247499999957],[-43.13655269999998,-12.019484999999975],[-43.14419549999997,-11.962901699999975],[-43.17078639999994,-11.936509899999976],[-43.16446849999994,-11.900762099999952],[-43.186432699999955,-11.890347499999962]]]}},{"id":"2088","type":"Feature","properties":{"COD_IBGE":"2921708","MUNICIPIO":"Morro do Chapéu","UF":"BA"},"geometry":{"type":"Polygon","coordinates":[[[-41.24432859999996,-11.842419999999947],[-41.25128269999993,-11.812739199999953],[-41.26742239999993,-11.815082099999927],[-41.28301479999993,-11.803991999999937],[-41.32167069999997,-11.798075799999935],[-41.32612729999994,-11.784310499999947],[-41.346778599999936,-11.776715699999954],[-41.393044499999974,-11.771574899999962],[-41.36508859999998,-11.69570669999996],[-41.37571689999993,-11.693751499999962],[-41.43517129999998,-11.635532099999978],[-41.55749489999994,-11.558793899999955],[-41.539733499999954,-11.554418299999952],[-41.54076249999997,-11.537836399999946],[-41.52224019999994,-11.537927499999967],[-41.51923739999995,-11.52732949999995],[-41.50510879999996,-11.52667729999996],[-41.49573259999994,-11.503798999999958],[-41.47800029999996,-11.506863099999975],[-41.469215099999985,-11.48302229999996],[-41.45501159999998,-11.46778089999998],[-41.442971099999966,-11.467526799999973],[-41.43131319999998,-11.449025699999936],[-41.40294839999996,-11.44485579999997],[-41.39215849999994,-11.416502899999955],[-41.396495699999946,-11.394031799999937],[-41.38469729999997,-11.386232499999949],[-41.38901579999998,-11.362209099999973],[-41.37764629999998,-11.352910299999962],[-41.38179409999998,-11.338928899999928],[-41.373301099999935,-11.33140919999994],[-41.37363849999997,-11.32235819999994],[-41.381469799999934,-11.322207499999934],[-41.37367249999994,-11.30971569999997],[-41.37858499999993,-11.303300899999954],[-41.36414689999998,-11.280170599999963],[-41.36453949999998,-11.270968099999948],[-41.37225959999995,-11.270256699999948],[-41.363600099999985,-11.25570799999997],[-41.36669439999997,-11.239572799999962],[-41.355842199999984,-11.228868999999975],[-41.36609789999994,-11.21491089999995],[-41.36864589999993,-11.142195699999945],[-41.37674869999995,-11.14011279999994],[-41.395443099999966,-11.10565319999995],[-41.39599259999994,-11.07652749999994],[-41.40839209999996,-11.069513099999938],[-41.43654769999995,-11.024250799999948],[-41.42960849999997,-10.985375799999929],[-41.44895519999994,-10.973949599999969],[-41.48317209999993,-10.988211499999977],[-41.49077489999996,-10.979844299999968],[-41.503589999999974,-10.98060929999997],[-41.50914089999998,-10.968571999999938],[-41.539832399999966,-10.96787569999998],[-41.56142889999995,-10.941318099999933],[-41.56765699999994,-10.903304599999956],[-41.64074459999995,-10.856452199999978],[-41.657374199999936,-10.838013099999955],[-41.65943459999994,-10.806263199999933],[-41.59853849999996,-10.807768599999974],[-41.57476799999995,-10.779313099999968],[-41.57173499999993,-10.756273999999962],[-41.53680829999996,-10.735293799999965],[-41.478959299999985,-10.754699999999957],[-41.453502699999945,-10.790036499999928],[-41.44108159999996,-10.78574759999998],[-41.436393899999985,-10.795172299999933],[-41.45220559999996,-10.812156399999935],[-41.44911229999997,-10.82536239999996],[-41.461077699999976,-10.831609699999944],[-41.427736799999934,-10.866047399999957],[-41.28928709999997,-10.909152499999948],[-41.233824399999946,-10.956704199999933],[-41.23069419999996,-10.968271099999981],[-41.24119179999997,-10.991556799999955],[-41.281745599999965,-10.989511999999934],[-41.29679109999995,-11.003962399999978],[-41.29640029999996,-11.01728419999995],[-41.309648599999946,-11.026116399999978],[-41.31714479999994,-11.073068699999965],[-41.29469949999998,-11.115328899999952],[-41.259695499999964,-11.120837299999948],[-41.25521799999996,-11.138873599999954],[-41.24457359999997,-11.145578999999941],[-41.13355249999995,-11.153350499999931],[-40.946122499999944,-11.285125799999946],[-40.86352119999998,-11.414491899999973],[-40.79825269999998,-11.477241399999969],[-40.73755349999993,-11.503534499999944],[-40.72613919999998,-11.534166299999981],[-40.70258679999995,-11.547907099999975],[-40.71677269999998,-11.556383399999959],[-40.71839989999995,-11.568556899999976],[-40.729025899999954,-11.56799099999995],[-40.79264139999998,-11.69448239999997],[-40.80116739999994,-11.742921399999943],[-40.848513099999934,-11.776491599999929],[-40.88481779999995,-11.75762659999998],[-40.901590899999974,-11.810751299999936],[-40.94419659999994,-11.82027949999997],[-40.95971079999998,-11.84293299999996],[-40.96835749999997,-11.884269699999948],[-40.98092059999993,-11.885212199999955],[-40.89955509999993,-11.978144499999928],[-40.89707709999993,-11.990282199999967],[-40.92052399999994,-12.014371899999958],[-40.97252539999994,-12.016416499999934],[-41.02488829999993,-12.002242099999933],[-41.048945499999945,-11.969819299999926],[-41.06352999999996,-11.931719599999951],[-41.08611609999997,-11.919183099999941],[-41.10938589999995,-11.944907199999932],[-41.09989879999995,-11.956813199999942],[-41.25552309999995,-11.90236559999994],[-41.24432859999996,-11.842419999999947]]]}},{"id":"2089","type":"Feature","properties":{"COD_IBGE":"2921807","MUNICIPIO":"Mortugaba","UF":"BA"},"geometry":{"type":"Polygon","coordinates":[[[-42.33782139999994,-15.081025599999975],[-42.35490699999997,-15.098203099999978],[-42.37447039999995,-15.071333699999968],[-42.396491699999956,-15.077991599999962],[-42.442939199999955,-15.061319799999978],[-42.43680039999998,-15.022715999999946],[-42.47901449999995,-15.014245899999935],[-42.47364929999998,-14.967372099999977],[-42.463982999999985,-14.956979199999978],[-42.43134559999993,-14.955723499999976],[-42.43026359999993,-14.948820699999942],[-42.40944469999994,-14.957253699999967],[-42.380554899999936,-14.947901699999932],[-42.35309059999997,-14.900447699999972],[-42.35468309999993,-14.87636809999998],[-42.34621649999997,-14.869147899999973],[-42.17825359999995,-14.819109099999935],[-42.17500409999997,-14.833841099999972],[-42.19792469999993,-14.85754959999997],[-42.239025399999946,-14.942213999999979],[-42.23669659999996,-14.960555799999952],[-42.20245909999994,-15.00027369999998],[-42.21180439999995,-15.029395299999976],[-42.22534109999998,-15.04584749999998],[-42.278608599999984,-15.05495129999997],[-42.293056699999966,-15.08692119999995],[-42.27760859999995,-15.113652699999932],[-42.282621699999936,-15.11789269999997],[-42.33782139999994,-15.081025599999975]]]}},{"id":"2090","type":"Feature","properties":{"COD_IBGE":"2921906","MUNICIPIO":"Mucugê","UF":"BA"},"geometry":{"type":"Polygon","coordinates":[[[-41.605385299999966,-12.711544999999944],[-41.43796889999993,-12.710701599999936],[-41.380535099999975,-12.88017979999995],[-41.356678199999976,-12.889687099999946],[-41.341418499999975,-12.921809199999927],[-41.34679689999996,-12.92835729999996],[-41.32980969999994,-12.931431999999973],[-41.32251969999993,-12.948126299999956],[-41.324877399999934,-12.972957299999962],[-41.31565299999994,-12.983593999999925],[-41.30173019999995,-13.051449299999945],[-41.28190959999995,-13.063336099999958],[-41.255744499999935,-13.096850699999948],[-41.251063199999976,-13.128327399999932],[-41.281011699999965,-13.138004599999931],[-41.280551499999945,-13.155685799999958],[-41.26458249999996,-13.166828399999929],[-41.244836299999974,-13.165689399999962],[-41.24575269999997,-13.158368699999926],[-41.233113499999945,-13.163996399999974],[-41.19840549999998,-13.192624299999977],[-41.184752799999956,-13.228902299999959],[-41.29057149999994,-13.322472299999959],[-41.334907699999974,-13.298897899999929],[-41.349266599999964,-13.28125799999998],[-41.38274279999996,-13.271188499999937],[-41.39926849999995,-13.224425899999972],[-41.414435899999944,-13.245380499999953],[-41.44591829999996,-13.25069689999998],[-41.45398469999998,-13.263077899999928],[-41.45373259999997,-13.295818899999972],[-41.43702319999994,-13.328830499999981],[-41.445879899999966,-13.383578199999931],[-41.547407799999974,-13.425871599999937],[-41.55221359999996,-13.409278299999926],[-41.605197499999974,-13.42485419999997],[-41.61246629999994,-13.341967799999964],[-41.59502799999996,-13.296407899999963],[-41.603367599999956,-13.286302899999953],[-41.602021399999956,-13.270590899999945],[-41.590152099999955,-13.268330499999934],[-41.59233149999994,-13.253185899999949],[-41.60469989999996,-13.21963349999993],[-41.640913799999964,-13.189975699999934],[-41.65357099999994,-13.16836589999997],[-41.63480659999993,-13.158668999999975],[-41.640186599999936,-13.15035039999998],[-41.626228699999956,-13.129718099999934],[-41.64894389999995,-13.080710899999929],[-41.663594899999964,-13.07115669999996],[-41.684612999999956,-13.01161499999995],[-41.69966439999996,-12.994864999999947],[-41.640332099999966,-12.898069599999928],[-41.64362319999998,-12.881825599999956],[-41.62968509999996,-12.865726999999936],[-41.62098849999995,-12.827680499999929],[-41.63717679999996,-12.783396599999946],[-41.61535619999995,-12.758662899999933],[-41.605385299999966,-12.711544999999944]]]}},{"id":"2091","type":"Feature","properties":{"COD_IBGE":"2922003","MUNICIPIO":"Mucuri","UF":"BA"},"geometry":{"type":"Polygon","coordinates":[[[-39.674226799999985,-18.324742499999957],[-40.22235059999997,-17.980417399999965],[-40.226822899999945,-17.95825979999995],[-40.259799699999974,-17.940021799999954],[-40.26354749999996,-17.922023299999978],[-40.212657699999966,-17.895794099999932],[-40.17412729999995,-17.851561199999935],[-40.181660799999975,-17.83597519999995],[-40.20432839999995,-17.82866249999995],[-40.20451779999996,-17.80532949999997],[-40.21807569999993,-17.795658999999944],[-40.213657299999966,-17.753687499999955],[-40.223692599999936,-17.734320599999933],[-40.20050399999997,-17.73583069999995],[-40.17269609999994,-17.77523979999995],[-40.14474009999998,-17.78764899999993],[-40.12118929999997,-17.78838539999998],[-40.119300099999975,-17.80479829999996],[-40.079433499999936,-17.82872409999993],[-40.06785789999998,-17.849339099999952],[-40.063481699999954,-17.951935499999934],[-40.05759709999995,-17.960154399999965],[-40.04315589999993,-17.952226199999927],[-40.030776799999956,-17.957739199999935],[-40.03369349999997,-17.970226199999956],[-40.02055199999995,-17.97037709999995],[-40.01964259999994,-17.984699999999975],[-39.740156499999955,-17.989254899999935],[-39.708975599999974,-17.998167199999955],[-39.641225599999984,-18.000878799999953],[-39.60704709999993,-17.98712249999994],[-39.58851619999996,-17.990407199999936],[-39.57516489999995,-17.97774839999994],[-39.51701799999995,-17.984972899999946],[-39.51064689999998,-17.977291699999967],[-39.49115489999997,-17.997932399999968],[-39.53834039999998,-18.072316599999965],[-39.54894489999998,-18.101855499999942],[-39.587489999999946,-18.149121299999933],[-39.63541739999994,-18.232301099999972],[-39.669494499999985,-18.348490099999935],[-39.66601459999998,-18.333218299999942],[-39.674226799999985,-18.324742499999957]]]}},{"id":"2092","type":"Feature","properties":{"COD_IBGE":"2922052","MUNICIPIO":"Mulungu do Morro","UF":"BA"},"geometry":{"type":"Polygon","coordinates":[[[-41.61913619999996,-12.018069599999933],[-41.65173409999994,-12.013687499999946],[-41.681125399999985,-11.991200999999933],[-41.689224699999954,-11.967728699999952],[-41.67991969999997,-11.92164669999994],[-41.64858829999997,-11.886972699999944],[-41.62234099999995,-11.832408199999975],[-41.588234899999975,-11.856727499999977],[-41.420667299999934,-11.868271599999957],[-41.42101109999993,-11.908961399999953],[-41.43059299999993,-11.925310599999932],[-41.42554649999994,-11.934142099999974],[-41.447524199999975,-11.94605009999998],[-41.455425599999955,-11.971098199999972],[-41.444708599999956,-11.98611459999995],[-41.41661269999997,-11.99801679999996],[-41.41594379999998,-12.021351799999934],[-41.40219979999995,-12.03844829999997],[-41.407636699999955,-12.04890039999998],[-41.39717989999997,-12.073865099999978],[-41.36822999999998,-12.08295869999995],[-41.37159959999997,-12.118744099999958],[-41.35487389999997,-12.168396599999937],[-41.417273799999975,-12.145042699999976],[-41.46886759999995,-12.108049699999981],[-41.45390109999994,-12.099040799999955],[-41.61913619999996,-12.018069599999933]]]}},{"id":"2093","type":"Feature","properties":{"COD_IBGE":"2922102","MUNICIPIO":"Mundo Novo","UF":"BA"},"geometry":{"type":"Polygon","coordinates":[[[-40.484429399999954,-11.82459799999998],[-40.49008059999994,-11.805700399999978],[-40.47060959999993,-11.802529999999933],[-40.44812979999995,-11.760959699999944],[-40.433578599999976,-11.748958099999982],[-40.45018319999997,-11.699287599999934],[-40.41690749999998,-11.670295799999963],[-40.40979649999997,-11.671485299999972],[-40.409779399999934,-11.662473199999965],[-40.39824219999997,-11.654556199999945],[-40.401238199999966,-11.648046499999964],[-40.38321869999993,-11.644087699999943],[-40.38221649999997,-11.625021899999979],[-40.370675699999936,-11.61623469999995],[-40.36332949999996,-11.669963699999926],[-40.35341589999996,-11.675840599999958],[-40.36230839999996,-11.700457599999936],[-40.357140699999945,-11.741208399999948],[-40.370258399999955,-11.755495899999971],[-40.36381949999998,-11.827894999999955],[-40.354655899999955,-11.831774199999927],[-40.35188859999994,-11.85528359999995],[-40.32628689999996,-11.886490399999957],[-40.29487769999997,-11.893264299999942],[-40.27450269999997,-11.908259999999927],[-40.30243589999998,-11.960168599999975],[-40.33350599999994,-11.976837599999953],[-40.38530359999993,-12.02825439999998],[-40.465098299999966,-12.045151799999928],[-40.463757699999974,-12.068262199999936],[-40.45386419999994,-12.06937629999993],[-40.45650909999995,-12.079966299999967],[-40.446466999999984,-12.081745499999954],[-40.44781369999998,-12.105802099999948],[-40.45674769999994,-12.110824599999944],[-40.460270099999946,-12.101359499999944],[-40.470244599999944,-12.107471699999962],[-40.47790919999994,-12.101580799999965],[-40.483524399999965,-12.110271399999931],[-40.49612119999995,-12.106217799999968],[-40.501882999999964,-12.116357299999947],[-40.506190499999946,-12.098751099999959],[-40.52475039999996,-12.091175199999952],[-40.55620539999995,-12.09453179999997],[-40.555831299999966,-12.08592479999993],[-40.56970699999994,-12.078558499999929],[-40.87359349999997,-12.125741399999981],[-40.90896969999994,-12.059576499999935],[-40.89532899999995,-11.987234099999966],[-40.853585899999985,-11.963599699999975],[-40.79574999999994,-11.962026899999955],[-40.77187989999993,-11.993937599999981],[-40.75620189999995,-11.989918199999977],[-40.746823699999936,-12.000918299999967],[-40.73030679999994,-11.999828599999944],[-40.670709399999964,-11.93756849999994],[-40.57783859999995,-11.898256799999956],[-40.59936879999998,-11.884316199999944],[-40.61190019999998,-11.854379799999947],[-40.62498169999998,-11.846201399999927],[-40.621955999999955,-11.83757479999997],[-40.484429399999954,-11.82459799999998]]]}},{"id":"2094","type":"Feature","properties":{"COD_IBGE":"2922201","MUNICIPIO":"Muniz Ferreira","UF":"BA"},"geometry":{"type":"Polygon","coordinates":[[[-39.037698999999975,-12.956984299999931],[-39.03745959999998,-12.97076489999995],[-39.02551379999994,-12.98316129999995],[-39.04794889999994,-13.01451579999997],[-39.05251359999994,-13.048245799999961],[-39.11309109999996,-13.038772299999948],[-39.11714449999994,-13.058082999999954],[-39.12979869999998,-13.065599499999962],[-39.136180999999965,-13.048987599999975],[-39.15297149999998,-13.040557599999943],[-39.14510219999994,-13.01938389999998],[-39.149605099999974,-13.00096579999996],[-39.132512099999985,-12.986982799999964],[-39.108810699999935,-12.996428899999955],[-39.10365849999994,-12.980539399999941],[-39.11642469999998,-12.956543599999975],[-39.06028659999998,-12.94717989999998],[-39.037698999999975,-12.956984299999931]]]}},{"id":"2095","type":"Feature","properties":{"COD_IBGE":"2922250","MUNICIPIO":"Muquém do São Francisco","UF":"BA"},"geometry":{"type":"Polygon","coordinates":[[[-43.236848099999975,-12.63054219999998],[-43.553544999999986,-12.506503299999963],[-43.67936299999997,-12.389493499999958],[-43.70540589999996,-12.38435329999993],[-43.70740669999998,-12.37077729999993],[-43.685320299999944,-12.31899199999998],[-43.70993989999994,-12.322511899999938],[-43.73074539999993,-12.310166799999934],[-43.72592869999994,-12.29845359999996],[-43.736656799999935,-12.284167699999955],[-43.76730639999994,-12.28071719999997],[-43.78177629999993,-12.258036499999946],[-43.80051609999998,-12.245924399999979],[-43.82072819999996,-12.251420799999948],[-43.852255799999966,-12.242306199999973],[-43.86431479999993,-12.250726099999952],[-43.88243969999996,-12.247038299999929],[-43.908667899999955,-12.256831699999964],[-43.929215099999965,-12.244800299999952],[-43.91527599999995,-12.219784699999934],[-43.903187799999955,-12.212941299999954],[-43.909410399999956,-12.202873499999953],[-43.88544419999994,-12.184727499999951],[-43.88755169999996,-12.171798299999978],[-43.866584399999965,-12.158668699999964],[-43.84579299999996,-12.16478479999995],[-43.82436979999994,-12.150502699999947],[-43.815241699999945,-12.137212699999964],[-43.823208799999975,-12.12195719999994],[-43.79766769999998,-12.111615899999947],[-43.794501099999934,-12.090324399999929],[-43.73174639999996,-12.048134599999969],[-43.72355169999997,-12.016064599999936],[-43.750006499999984,-12.014732099999947],[-43.760671299999956,-12.006927399999938],[-43.745117799999946,-11.979175299999952],[-43.748163499999976,-11.97041889999997],[-43.73959999999994,-11.971378999999956],[-43.73924309999995,-11.948417199999938],[-43.72520419999995,-11.944491099999937],[-43.717650599999956,-11.927548599999966],[-43.692523499999936,-11.90775149999996],[-43.71232059999994,-11.881101499999943],[-43.711559199999954,-11.871012599999972],[-43.66165589999997,-11.86522789999998],[-43.63177479999996,-11.931494699999973],[-43.51115679999998,-11.931494699999973],[-43.49627499999997,-11.861729699999955],[-43.46236259999995,-11.827334599999972],[-43.46091759999996,-11.806705399999942],[-43.44166329999996,-11.794666099999972],[-43.429984099999956,-11.801418399999932],[-43.407128899999975,-11.782112199999972],[-43.37996319999996,-11.78582339999997],[-43.390673499999934,-11.734246299999938],[-43.34809769999998,-11.735740299999975],[-43.349199099999964,-11.798330199999953],[-43.32321539999998,-11.834820399999955],[-43.31280529999998,-11.867181099999982],[-43.354088899999965,-11.908940599999937],[-43.35932969999993,-11.962882999999977],[-43.35159649999997,-12.01100759999997],[-43.30275309999996,-12.050280399999963],[-43.28219379999996,-12.135685599999931],[-43.23344339999994,-12.17131489999997],[-43.22527749999995,-12.187288399999943],[-43.26343029999998,-12.220902199999955],[-43.26069529999995,-12.234451299999932],[-43.28150939999995,-12.269195799999977],[-43.27964389999994,-12.286442099999931],[-43.288267099999985,-12.302603399999953],[-43.28379979999994,-12.346555499999965],[-43.25275009999996,-12.380087799999956],[-43.257998999999984,-12.430880299999956],[-43.20872509999998,-12.53710179999996],[-43.20815749999997,-12.586682399999972],[-43.18843169999997,-12.613447899999926],[-43.19615209999995,-12.664562399999966],[-43.222141499999964,-12.690841199999966],[-43.22960349999994,-12.68510649999996],[-43.236848099999975,-12.63054219999998]]]}},{"id":"2096","type":"Feature","properties":{"COD_IBGE":"2922300","MUNICIPIO":"Muritiba","UF":"BA"},"geometry":{"type":"Polygon","coordinates":[[[-39.07014829999997,-12.654532899999936],[-39.11402919999995,-12.637907599999949],[-39.13977199999994,-12.64427969999997],[-39.17780479999993,-12.630238499999962],[-39.17860579999996,-12.588292399999943],[-39.17003539999996,-12.59405929999997],[-39.107966999999974,-12.592508099999975],[-39.058366399999954,-12.635306999999955],[-39.01447969999998,-12.617142999999942],[-39.01503999999994,-12.603089099999977],[-38.99047479999996,-12.595261799999946],[-38.97948569999994,-12.602484599999968],[-38.97141949999997,-12.632267399999932],[-38.980229399999985,-12.637175999999954],[-39.019538599999976,-12.636334499999975],[-39.07014829999997,-12.654532899999936]]]}},{"id":"2097","type":"Feature","properties":{"COD_IBGE":"2922409","MUNICIPIO":"Mutuípe","UF":"BA"},"geometry":{"type":"Polygon","coordinates":[[[-39.444596399999966,-13.22467679999994],[-39.42609879999998,-13.26591689999998],[-39.43311129999995,-13.271362999999951],[-39.42882529999997,-13.298245799999961],[-39.43460879999998,-13.30205639999997],[-39.44598039999994,-13.28779419999995],[-39.45342549999998,-13.29092049999997],[-39.45273729999997,-13.301774499999965],[-39.47766359999997,-13.297119099999975],[-39.46758569999997,-13.32953219999996],[-39.47998239999998,-13.33759299999997],[-39.46481019999993,-13.37336689999995],[-39.48447699999997,-13.380395599999929],[-39.49208059999995,-13.415376699999968],[-39.508983899999976,-13.417486199999928],[-39.51761849999997,-13.433803199999943],[-39.546740599999964,-13.441479799999968],[-39.56219109999995,-13.476838999999927],[-39.58176699999996,-13.480392399999971],[-39.587324999999964,-13.469923799999947],[-39.59718619999995,-13.472140599999932],[-39.60117779999996,-13.45408459999993],[-39.59341669999998,-13.449773199999981],[-39.590903699999956,-13.41565879999996],[-39.57511299999993,-13.42535799999996],[-39.55617099999995,-13.41762979999993],[-39.55349789999997,-13.362693299999933],[-39.53225199999997,-13.27424689999998],[-39.53482139999994,-13.24183789999995],[-39.54219619999998,-13.23591689999995],[-39.533546299999955,-13.228912899999955],[-39.54261239999994,-13.21841859999995],[-39.52584449999995,-13.20465969999998],[-39.53889379999998,-13.184278499999948],[-39.51169439999995,-13.177762099999939],[-39.507649999999956,-13.184119599999974],[-39.487597499999936,-13.172557199999972],[-39.46619599999997,-13.200000699999975],[-39.460550299999966,-13.189409699999942],[-39.44632599999994,-13.186563899999953],[-39.43677359999998,-13.20615349999997],[-39.444596399999966,-13.22467679999994]]]}},{"id":"2098","type":"Feature","properties":{"COD_IBGE":"2922508","MUNICIPIO":"Nazaré","UF":"BA"},"geometry":{"type":"Polygon","coordinates":[[[-39.02986949999996,-12.833218999999929],[-39.01328709999996,-12.845610699999952],[-38.997253599999965,-12.83585949999997],[-38.97714449999995,-12.84556269999996],[-38.97630399999997,-12.859193499999947],[-38.95637459999995,-12.876886199999944],[-38.94639859999995,-12.901972499999943],[-38.93510569999995,-12.900270099999943],[-38.93123499999996,-12.911709099999939],[-38.918598799999984,-12.91456889999995],[-38.91391999999996,-12.937655099999972],[-38.89033949999998,-12.969719199999929],[-38.88315469999998,-12.99722719999994],[-38.91163759999995,-12.996711499999947],[-38.911261399999944,-13.024216799999977],[-38.93281929999995,-13.010368299999982],[-38.93156729999998,-13.020309599999962],[-38.95684339999997,-13.062026699999933],[-38.966088799999966,-13.04554829999995],[-38.98790089999994,-13.04535119999997],[-39.00107289999994,-13.055603299999973],[-39.05251359999994,-13.048245799999961],[-39.04794889999994,-13.01451579999997],[-39.02551379999994,-12.98316129999995],[-39.03745959999998,-12.97076489999995],[-39.04172079999995,-12.951212899999973],[-39.03711529999998,-12.940887299999929],[-39.01988629999994,-12.934167299999956],[-39.036343399999964,-12.898595599999965],[-39.03604299999995,-12.879135499999961],[-39.04924379999994,-12.87314639999994],[-39.04497249999997,-12.856061199999942],[-39.05183329999994,-12.837145999999962],[-39.02986949999996,-12.833218999999929]]]}},{"id":"2099","type":"Feature","properties":{"COD_IBGE":"2922607","MUNICIPIO":"Nilo Peçanha","UF":"BA"},"geometry":{"type":"Polygon","coordinates":[[[-39.11649349999993,-13.595727199999942],[-39.08628859999993,-13.601143799999932],[-39.08003099999996,-13.56333509999996],[-39.06376519999998,-13.567858599999965],[-39.05762379999993,-13.581271699999945],[-39.04416549999996,-13.577578699999947],[-39.028308799999934,-13.585802099999967],[-39.019875999999954,-13.57548479999997],[-39.00569439999998,-13.57569419999993],[-38.97898419999996,-13.614043099999947],[-38.984010799999965,-13.628319799999929],[-38.970001699999955,-13.641555599999947],[-38.97146879999997,-13.672084499999926],[-38.96259289999995,-13.686354599999959],[-38.988926299999946,-13.717030199999954],[-38.983249099999966,-13.695097099999941],[-38.99454629999997,-13.707724199999973],[-39.02346049999994,-13.710546299999976],[-39.04699419999997,-13.696030199999939],[-39.05848659999998,-13.704932299999939],[-39.07907659999995,-13.679613099999926],[-39.13337869999998,-13.650840899999935],[-39.22857559999994,-13.68207289999998],[-39.23239419999993,-13.697131399999932],[-39.259981799999935,-13.712288599999965],[-39.27316469999994,-13.711628099999928],[-39.287809299999935,-13.736963099999969],[-39.31865149999993,-13.726447899999926],[-39.363742299999956,-13.734009599999979],[-39.37988359999997,-13.714504199999965],[-39.43977359999997,-13.724474399999963],[-39.446773399999984,-13.689493399999947],[-39.42581209999997,-13.661700799999949],[-39.42844349999996,-13.65137029999994],[-39.39396209999995,-13.654768499999932],[-39.39904839999997,-13.648096299999963],[-39.38438229999997,-13.64631559999998],[-39.357372399999974,-13.668590499999937],[-39.30726419999996,-13.674738099999956],[-39.29375669999996,-13.674908099999982],[-39.28705329999997,-13.665802799999938],[-39.28727489999994,-13.681095299999981],[-39.26385779999998,-13.692483699999968],[-39.26005599999996,-13.665916299999935],[-39.25232769999997,-13.663343999999938],[-39.244546999999955,-13.637093299999947],[-39.23726769999996,-13.637314899999978],[-39.23198709999997,-13.653734699999973],[-39.215034799999955,-13.654845199999954],[-39.20605999999998,-13.63831209999995],[-39.18592339999998,-13.629110699999956],[-39.18273919999996,-13.617370899999969],[-39.16254589999994,-13.61637369999994],[-39.15114609999995,-13.604452699999968],[-39.11649349999993,-13.595727199999942]]]}},{"id":"2100","type":"Feature","properties":{"COD_IBGE":"2922656","MUNICIPIO":"Nordestina","UF":"BA"},"geometry":{"type":"Polygon","coordinates":[[[-39.479917099999966,-10.950613499999974],[-39.51831109999995,-10.944968299999971],[-39.52665659999997,-10.932181599999979],[-39.52445289999997,-10.925375499999973],[-39.53629989999996,-10.917141499999957],[-39.53025919999993,-10.889184299999954],[-39.53981379999993,-10.883111099999951],[-39.53743869999994,-10.858183499999939],[-39.55266789999996,-10.853996399999971],[-39.55101309999998,-10.845648399999959],[-39.582483199999956,-10.813845399999934],[-39.58922469999993,-10.781502299999943],[-39.52721459999998,-10.777278099999933],[-39.52568309999998,-10.769917299999975],[-39.50111689999994,-10.787124399999982],[-39.47274119999997,-10.776454499999943],[-39.43808139999993,-10.748654099999953],[-39.444329799999934,-10.769568899999967],[-39.36925359999998,-10.766018299999928],[-39.36345159999996,-10.847038299999952],[-39.37398019999995,-10.865426499999955],[-39.36946039999998,-10.929291899999953],[-39.37795219999998,-10.947594299999935],[-39.349598699999945,-10.94830589999998],[-39.32707009999996,-10.96638009999998],[-39.32627249999996,-10.97770909999997],[-39.34770389999994,-10.972717199999977],[-39.35650969999995,-10.99086079999995],[-39.36570629999994,-10.986549499999967],[-39.36394299999995,-10.995931999999925],[-39.40391479999994,-11.007504599999947],[-39.41647859999995,-11.00955769999996],[-39.44057249999997,-10.996526899999935],[-39.46292519999997,-11.008059799999955],[-39.461055999999985,-10.990641799999935],[-39.479917099999966,-10.950613499999974]]]}},{"id":"2101","type":"Feature","properties":{"COD_IBGE":"2922706","MUNICIPIO":"Nova Canaã","UF":"BA"},"geometry":{"type":"Polygon","coordinates":[[[-40.036006199999974,-14.828323299999965],[-40.04587859999998,-14.873500399999955],[-40.03641589999995,-14.895765199999971],[-40.04032509999996,-14.939734099999953],[-40.072964799999966,-15.004327399999966],[-40.09068169999995,-15.010252399999956],[-40.08272339999996,-15.029391099999941],[-40.10154049999994,-15.04503649999998],[-40.10600029999995,-15.035619199999928],[-40.11816689999995,-15.035811099999933],[-40.13693269999993,-15.008808699999975],[-40.29983559999994,-14.960248999999976],[-40.29160769999993,-14.918725699999982],[-40.27758019999993,-14.900680499999964],[-40.281944599999974,-14.892068799999947],[-40.274423999999954,-14.87084479999993],[-40.282951999999966,-14.871377799999948],[-40.28225169999996,-14.855745499999955],[-40.31119039999993,-14.840413999999953],[-40.31187269999998,-14.821037799999942],[-40.322770599999956,-14.802838699999938],[-40.31485049999998,-14.788066999999955],[-40.32025169999997,-14.743964099999971],[-40.29824219999995,-14.745117499999935],[-40.29508039999996,-14.735513499999968],[-40.302550199999985,-14.694844699999976],[-40.29357849999997,-14.658404799999971],[-40.22098029999995,-14.673394299999927],[-40.207444599999974,-14.703947699999958],[-40.20815709999994,-14.742460199999982],[-40.200886399999945,-14.748243099999968],[-40.15189619999995,-14.764552999999978],[-40.13672299999996,-14.758574799999963],[-40.112378999999976,-14.786936199999957],[-40.08519609999996,-14.769510999999966],[-40.024659199999974,-14.818596399999933],[-40.036006199999974,-14.828323299999965]]]}},{"id":"2102","type":"Feature","properties":{"COD_IBGE":"2922730","MUNICIPIO":"Nova Fátima","UF":"BA"},"geometry":{"type":"Polygon","coordinates":[[[-39.55713909999997,-11.676024599999948],[-39.64081049999993,-11.724827499999947],[-39.69603889999996,-11.728116299999954],[-39.71737069999995,-11.626596499999948],[-39.76559519999995,-11.59066409999997],[-39.73334989999995,-11.58785389999997],[-39.68018349999994,-11.558248899999967],[-39.619318799999974,-11.505059599999981],[-39.59929699999998,-11.529991799999948],[-39.59006379999994,-11.527484899999934],[-39.55685959999994,-11.54416109999994],[-39.536264399999936,-11.56324619999998],[-39.537041999999985,-11.58771319999994],[-39.554105499999935,-11.59136239999998],[-39.554433899999935,-11.617151499999977],[-39.54300379999995,-11.638506599999971],[-39.556040199999984,-11.650791599999934],[-39.55713909999997,-11.676024599999948]]]}},{"id":"2103","type":"Feature","properties":{"COD_IBGE":"2922755","MUNICIPIO":"Nova Ibiá","UF":"BA"},"geometry":{"type":"Polygon","coordinates":[[[-39.55122119999993,-13.89779569999996],[-39.577885899999956,-13.897374999999954],[-39.57351609999995,-13.889964799999973],[-39.595665199999985,-13.880212299999926],[-39.59512339999998,-13.86667719999997],[-39.620804599999985,-13.857173299999943],[-39.626215599999966,-13.866876899999966],[-39.64454439999997,-13.867109899999946],[-39.65360359999994,-13.875574899999947],[-39.673122399999954,-13.875477299999943],[-39.68003799999997,-13.871453199999962],[-39.66044589999996,-13.849453299999936],[-39.65836649999994,-13.827932499999974],[-39.636428999999964,-13.79521989999995],[-39.64045239999996,-13.784323299999926],[-39.62096249999996,-13.775553599999967],[-39.61628289999993,-13.743957199999954],[-39.597840099999985,-13.71936729999993],[-39.55377029999994,-13.727102499999944],[-39.56528769999994,-13.755413999999973],[-39.529762699999935,-13.804289099999949],[-39.55640399999993,-13.837467699999934],[-39.54467459999995,-13.841786499999955],[-39.531966299999965,-13.865598699999964],[-39.52114869999997,-13.857051399999932],[-39.511263499999984,-13.862755399999969],[-39.49942189999996,-13.852012399999978],[-39.50535219999995,-13.865135899999927],[-39.48812299999997,-13.880636699999968],[-39.502278299999944,-13.904321599999946],[-39.51824149999993,-13.909053699999959],[-39.519111599999974,-13.915846599999952],[-39.55089609999993,-13.919155399999966],[-39.55122119999993,-13.89779569999996]]]}},{"id":"2104","type":"Feature","properties":{"COD_IBGE":"2922805","MUNICIPIO":"Nova Itarana","UF":"BA"},"geometry":{"type":"Polygon","coordinates":[[[-40.014679299999955,-13.142071899999962],[-40.05777059999997,-13.113010599999939],[-40.12071589999994,-13.120912499999974],[-40.15205659999998,-13.106986399999926],[-40.17791539999996,-13.065295699999979],[-40.19917529999998,-13.048684999999978],[-40.19898669999998,-13.038114599999972],[-40.173300799999936,-13.020840299999975],[-40.14401509999993,-12.982302499999946],[-40.06543919999996,-12.992718399999944],[-39.999954299999956,-12.969945699999926],[-39.991139499999974,-12.963187299999959],[-39.988107499999956,-12.930630599999972],[-39.89980449999996,-12.874644499999931],[-39.89945179999995,-12.93345329999994],[-39.95304679999998,-12.994840999999951],[-39.96810999999997,-13.038925699999936],[-39.95669509999993,-13.060052999999982],[-39.96268429999998,-13.095542699999953],[-39.92280349999993,-13.161735199999953],[-39.94632199999995,-13.16534889999997],[-39.93478699999997,-13.196450499999969],[-39.94387549999993,-13.215649499999927],[-40.014679299999955,-13.142071899999962]]]}},{"id":"2105","type":"Feature","properties":{"COD_IBGE":"2922854","MUNICIPIO":"Nova Redenção","UF":"BA"},"geometry":{"type":"Polygon","coordinates":[[[-40.982218899999964,-12.73639529999997],[-40.96733139999998,-12.793040699999949],[-41.01997529999994,-12.915397199999973],[-41.03832049999994,-12.918245999999954],[-41.043430599999965,-12.911902399999974],[-41.04762459999995,-12.92330579999998],[-41.05521429999993,-12.923526099999947],[-41.07401199999998,-12.893758999999932],[-41.09435639999998,-12.898803499999929],[-41.10749109999995,-12.888143499999956],[-41.23253939999995,-12.912385799999981],[-41.222797199999945,-12.891734099999951],[-41.25859239999994,-12.802129399999956],[-41.244893899999965,-12.796458099999938],[-41.244023099999936,-12.806970199999967],[-41.22445719999996,-12.818245599999955],[-41.22467819999997,-12.805663999999979],[-41.207106099999976,-12.784266499999944],[-41.193857099999946,-12.779912299999978],[-41.18378039999993,-12.786194699999953],[-41.17871089999994,-12.775558199999978],[-41.18623729999996,-12.767534099999978],[-41.17354809999995,-12.771950499999946],[-41.16666779999997,-12.745814699999926],[-41.149121599999944,-12.745287899999937],[-41.14886059999998,-12.710701399999948],[-41.04666549999996,-12.689042499999971],[-41.00744219999996,-12.621109699999977],[-40.983365299999946,-12.700644799999964],[-40.97483409999995,-12.701054499999941],[-40.982218899999964,-12.73639529999997]]]}},{"id":"2106","type":"Feature","properties":{"COD_IBGE":"2922904","MUNICIPIO":"Nova Soure","UF":"BA"},"geometry":{"type":"Polygon","coordinates":[[[-38.61681249999998,-11.161834799999951],[-38.47637299999997,-11.161798799999929],[-38.46071789999996,-11.148975599999972],[-38.44660829999998,-11.154894699999943],[-38.44376859999994,-11.175698699999941],[-38.43173869999998,-11.183493699999929],[-38.41816739999996,-11.212549399999943],[-38.37628969999997,-11.25163559999993],[-38.37168939999998,-11.270137899999952],[-38.38903769999996,-11.28631379999996],[-38.391513499999974,-11.298889199999962],[-38.41261709999998,-11.313320799999929],[-38.41042889999994,-11.328115099999934],[-38.42760169999997,-11.34422799999993],[-38.425599499999976,-11.354688299999964],[-38.43641219999995,-11.368044599999962],[-38.43296209999994,-11.395565999999974],[-38.449077699999975,-11.421165999999971],[-38.49184569999994,-11.445628899999974],[-38.488189999999975,-11.466628399999934],[-38.49911089999995,-11.490651999999955],[-38.55648409999998,-11.484610399999951],[-38.57085999999998,-11.491790299999934],[-38.57089709999997,-11.463732799999946],[-38.66453059999998,-11.430799999999977],[-38.643490199999974,-11.410180299999979],[-38.62196299999994,-11.411011199999962],[-38.77414649999997,-11.35635549999995],[-38.62910599999998,-11.191303499999947],[-38.61681249999998,-11.161834799999951]]]}},{"id":"2107","type":"Feature","properties":{"COD_IBGE":"2923001","MUNICIPIO":"Nova Viçosa","UF":"BA"},"geometry":{"type":"MultiPolygon","coordinates":[[[[-39.740156499999955,-17.989254899999935],[-40.009699299999966,-17.98677379999998],[-40.02114579999994,-17.98366089999996],[-40.02055199999995,-17.97037709999995],[-40.03313779999996,-17.97097199999996],[-40.02979749999997,-17.95984839999994],[-40.03644369999995,-17.954077799999936],[-40.05824239999998,-17.95990319999993],[-40.06785789999998,-17.849339099999952],[-40.049005499999964,-17.856542099999956],[-39.992578299999934,-17.828932599999973],[-39.95433779999996,-17.833556099999953],[-39.943772999999965,-17.846646299999975],[-39.92593019999998,-17.84151689999993],[-39.88836029999993,-17.848568399999976],[-39.85823369999997,-17.825936599999977],[-39.81988229999996,-17.825954799999977],[-39.77647829999995,-17.808702099999948],[-39.77302679999997,-17.79841579999993],[-39.740110999999956,-17.77932789999994],[-39.70885219999997,-17.77302569999995],[-39.68484529999995,-17.792295899999942],[-39.65618219999993,-17.802247699999953],[-39.627840799999944,-17.78801839999994],[-39.58671429999998,-17.796981699999947],[-39.55032879999993,-17.81776949999994],[-39.52357779999994,-17.812194199999965],[-39.49938909999997,-17.822681399999965],[-39.494970199999955,-17.834186199999976],[-39.483130899999935,-17.835586599999942],[-39.482482199999936,-17.82831249999998],[-39.467567299999985,-17.844361299999946],[-39.447992399999976,-17.841047999999944],[-39.455132599999956,-17.85167199999995],[-39.44622599999997,-17.859638699999948],[-39.307803699999965,-17.853529999999978],[-39.294052799999974,-17.861247799999944],[-39.27661729999994,-17.855412599999966],[-39.25728509999993,-17.82827029999993],[-39.26660839999994,-17.861068399999965],[-39.27952479999993,-17.872715899999946],[-39.31959869999997,-17.891657599999974],[-39.364441599999964,-17.89075399999996],[-39.36190919999996,-17.905389299999968],[-39.42730549999993,-17.934174799999937],[-39.49115489999997,-17.997932399999968],[-39.51064689999998,-17.977291699999967],[-39.51701799999995,-17.984972899999946],[-39.57516489999995,-17.97774839999994],[-39.58851619999996,-17.990407199999936],[-39.60704709999993,-17.98712249999994],[-39.641225599999984,-18.000878799999953],[-39.708975599999974,-17.998167199999955],[-39.740156499999955,-17.989254899999935]]],[[[-39.20712179999998,-17.96684739999995],[-39.209325699999965,-17.967509999999947],[-39.20726429999996,-17.966319599999963],[-39.20712179999998,-17.96684739999995]]]]}},{"id":"2108","type":"Feature","properties":{"COD_IBGE":"2923035","MUNICIPIO":"Novo Horizonte","UF":"BA"},"geometry":{"type":"Polygon","coordinates":[[[-42.168222199999946,-12.960331999999937],[-42.19544799999994,-12.92284369999993],[-42.212089299999946,-12.921746299999938],[-42.22379769999998,-12.862359799999979],[-42.248739099999966,-12.81606549999998],[-42.24241489999997,-12.807406499999956],[-42.26500829999998,-12.726954599999942],[-42.20510459999997,-12.727734999999939],[-42.17294679999998,-12.719226899999967],[-42.16745119999996,-12.726007899999956],[-42.09654039999998,-12.715046599999937],[-42.01802669999995,-12.720035799999948],[-42.03334229999996,-12.762960899999939],[-42.012959199999955,-12.83341889999997],[-42.024563899999976,-12.889375499999971],[-42.013539299999934,-12.920206399999927],[-42.05285719999995,-12.912223499999982],[-42.05018669999998,-12.943285299999957],[-42.06671129999995,-12.952377999999953],[-42.07697019999995,-12.980920799999978],[-42.08409889999996,-12.985460099999955],[-42.09144909999998,-12.979644699999938],[-42.09509069999996,-13.00222649999995],[-42.12394459999996,-13.000471499999946],[-42.125292799999954,-13.018337999999972],[-42.145291199999974,-13.01657819999997],[-42.16185919999998,-13.001027399999941],[-42.168222199999946,-12.960331999999937]]]}},{"id":"2109","type":"Feature","properties":{"COD_IBGE":"2923050","MUNICIPIO":"Novo Triunfo","UF":"BA"},"geometry":{"type":"Polygon","coordinates":[[[-38.414864199999954,-10.463239399999964],[-38.42038699999995,-10.437001899999927],[-38.433055999999965,-10.452380999999946],[-38.45152349999995,-10.444866399999967],[-38.46656169999994,-10.454241499999966],[-38.493147799999974,-10.442802899999947],[-38.506389799999965,-10.409213799999975],[-38.50291589999995,-10.376929699999948],[-38.54163669999997,-10.346548699999971],[-38.578989899999954,-10.333359499999972],[-38.582321699999966,-10.282374299999958],[-38.56054469999998,-10.276444399999946],[-38.546064799999954,-10.280852799999934],[-38.52112759999994,-10.307650199999955],[-38.50583939999996,-10.306328199999939],[-38.48760199999998,-10.322224099999971],[-38.47161879999993,-10.315616499999976],[-38.47847799999994,-10.310942099999977],[-38.40737339999998,-10.294344799999976],[-38.384140799999955,-10.279069499999935],[-38.356536699999936,-10.326989799999978],[-38.34459009999995,-10.370232899999962],[-38.38075639999994,-10.410564299999976],[-38.403608599999984,-10.420785599999931],[-38.404984199999944,-10.450016999999946],[-38.414864199999954,-10.463239399999964]]]}},{"id":"2110","type":"Feature","properties":{"COD_IBGE":"2923100","MUNICIPIO":"Olindina","UF":"BA"},"geometry":{"type":"Polygon","coordinates":[[[-38.344685599999934,-11.263686499999949],[-38.30770979999994,-11.310165999999981],[-38.25741659999994,-11.320083799999964],[-38.21214729999997,-11.351248999999939],[-38.23873499999996,-11.372081799999933],[-38.263832599999944,-11.423964999999953],[-38.301496499999985,-11.626246999999978],[-38.338632099999984,-11.586609099999976],[-38.356420399999934,-11.590130199999976],[-38.39752329999993,-11.557415299999946],[-38.40482749999995,-11.535572399999978],[-38.41662439999993,-11.534282599999926],[-38.42731169999996,-11.544506599999977],[-38.45589089999993,-11.523175999999978],[-38.452417999999966,-11.514966399999935],[-38.49911089999995,-11.490651999999955],[-38.488189999999975,-11.466628399999934],[-38.49184569999994,-11.445628899999974],[-38.449077699999975,-11.421165999999971],[-38.43296209999994,-11.395565999999974],[-38.43707779999994,-11.372588299999961],[-38.425599499999976,-11.354688299999964],[-38.42760169999997,-11.34422799999993],[-38.41054839999998,-11.328373099999965],[-38.41290169999996,-11.31393449999996],[-38.40499849999998,-11.303590999999926],[-38.39180149999993,-11.299190099999976],[-38.388880599999936,-11.286099199999967],[-38.37414849999993,-11.277210499999967],[-38.37353499999995,-11.264358799999968],[-38.344685599999934,-11.263686499999949]]]}},{"id":"2111","type":"Feature","properties":{"COD_IBGE":"2923209","MUNICIPIO":"Oliveira dos Brejinhos","UF":"BA"},"geometry":{"type":"Polygon","coordinates":[[[-42.825397899999984,-12.569795499999941],[-42.92055469999997,-12.526859799999954],[-42.949716699999954,-12.484762899999964],[-42.951998799999956,-12.465705299999968],[-42.92919669999998,-12.450476199999969],[-42.92787579999998,-12.43642699999998],[-42.94336249999998,-12.426084299999957],[-42.95848659999996,-12.403026099999977],[-42.95300179999998,-12.39160869999995],[-42.97033699999997,-12.377242799999976],[-42.96235389999998,-12.358577999999966],[-42.97493949999995,-12.328102799999954],[-42.962428399999965,-12.285105599999952],[-42.96371489999996,-12.268722399999945],[-42.98097569999993,-12.26023859999998],[-42.97762089999998,-12.194972399999926],[-42.99817869999998,-12.18962769999996],[-43.01517609999996,-12.163287199999957],[-43.028077199999984,-12.164125999999953],[-43.03391239999996,-12.149499999999932],[-43.055888299999935,-12.155103099999963],[-43.06360029999996,-12.139949199999933],[-43.05743719999998,-12.096911499999976],[-43.07473369999997,-12.095083599999953],[-43.092201399999965,-12.056001099999946],[-43.11090869999998,-12.046376599999974],[-43.14372149999997,-12.044365999999968],[-43.13655269999998,-12.019484999999975],[-42.92024379999998,-11.973247499999957],[-42.90259659999998,-11.96233209999997],[-42.87289959999998,-11.964038999999957],[-42.813536399999975,-11.941049899999939],[-42.77968589999995,-11.972675699999968],[-42.76378809999994,-11.960785099999953],[-42.75673789999996,-11.98611219999998],[-42.777320299999985,-11.996682999999962],[-42.77107449999994,-12.008177299999943],[-42.77679199999994,-12.034091699999976],[-42.75324129999996,-12.067879499999947],[-42.75237899999996,-12.087847799999963],[-42.73984599999994,-12.085011299999962],[-42.71979879999998,-12.105207699999937],[-42.71932289999995,-12.117045599999926],[-42.69798799999995,-12.103063599999928],[-42.68601209999997,-12.104341599999941],[-42.685683799999936,-12.083297699999946],[-42.66991029999997,-12.059933799999953],[-42.659031599999935,-12.07117349999993],[-42.62657379999996,-12.07991809999993],[-42.61743619999993,-12.103289399999937],[-42.62188629999997,-12.114368899999931],[-42.611032799999975,-12.148355299999935],[-42.61375519999996,-12.167717299999936],[-42.57284819999995,-12.172620499999937],[-42.57720569999998,-12.203624899999966],[-42.56135599999993,-12.258395399999927],[-42.37836889999994,-12.234392199999945],[-42.37179379999998,-12.27783409999995],[-42.32104019999997,-12.406156199999941],[-42.362260799999945,-12.420237699999973],[-42.35311329999996,-12.45752079999994],[-42.370026999999936,-12.458078599999965],[-42.37032599999998,-12.48118949999997],[-42.425558799999976,-12.49733509999993],[-42.49243769999998,-12.54418099999998],[-42.518573999999944,-12.539482499999963],[-42.53299049999998,-12.546820199999956],[-42.56401949999997,-12.528487699999971],[-42.57936349999994,-12.528910999999937],[-42.58974079999996,-12.509668699999963],[-42.60681439999996,-12.51322579999993],[-42.63889619999998,-12.500798299999929],[-42.77170259999997,-12.55765109999993],[-42.825397899999984,-12.569795499999941]]]}},{"id":"2112","type":"Feature","properties":{"COD_IBGE":"2923308","MUNICIPIO":"Ouriçangas","UF":"BA"},"geometry":{"type":"Polygon","coordinates":[[[-38.65664069999997,-12.053686999999968],[-38.69991799999997,-12.054175699999973],[-38.71926789999998,-12.036520699999926],[-38.724621499999955,-12.013843599999973],[-38.70909369999998,-11.983563499999946],[-38.70756259999996,-11.956141699999932],[-38.63128519999998,-11.933260899999937],[-38.60741459999997,-11.992998499999942],[-38.60731929999997,-12.021368799999948],[-38.58589079999996,-12.045675699999947],[-38.58006799999998,-12.082108199999936],[-38.60364839999994,-12.082367399999953],[-38.65664069999997,-12.053686999999968]]]}},{"id":"2113","type":"Feature","properties":{"COD_IBGE":"2923357","MUNICIPIO":"Ourolândia","UF":"BA"},"geometry":{"type":"Polygon","coordinates":[[[-41.13405949999998,-10.995530999999971],[-41.233824399999946,-10.956704199999933],[-41.28928709999997,-10.909152499999948],[-41.427736799999934,-10.866047399999957],[-41.461077699999976,-10.831609699999944],[-41.44911229999997,-10.82536239999996],[-41.45374859999998,-10.815972899999963],[-41.443231699999956,-10.801866399999938],[-41.28075239999998,-10.738138399999968],[-41.30740879999996,-10.680707599999948],[-41.281016499999964,-10.64248109999994],[-41.18101189999993,-10.647994799999935],[-41.19545119999998,-10.696794799999964],[-41.175801099999944,-10.723432499999944],[-41.14671809999993,-10.724883999999975],[-41.10097579999996,-10.713284399999964],[-41.00618599999996,-10.72994639999996],[-40.93002229999996,-10.775079499999947],[-40.92055949999997,-10.807810299999971],[-40.90784639999998,-10.816852599999947],[-40.903035099999954,-10.857656499999962],[-40.87624899999997,-10.902555199999938],[-40.90500179999998,-10.943697699999973],[-40.89885419999996,-10.974166299999979],[-40.924569599999984,-10.991343099999938],[-40.916286499999956,-11.023412699999938],[-41.08866269999993,-11.01713049999995],[-41.10287559999995,-11.024737099999982],[-41.13405949999998,-10.995530999999971]]]}},{"id":"2114","type":"Feature","properties":{"COD_IBGE":"2923407","MUNICIPIO":"Palmas de Monte Alto","UF":"BA"},"geometry":{"type":"Polygon","coordinates":[[[-42.93800699999997,-14.098463999999979],[-42.97220909999993,-14.166061199999945],[-42.963144899999975,-14.185359199999937],[-42.97476259999996,-14.186544099999935],[-43.07005099999998,-14.322077499999978],[-43.050491499999964,-14.335512499999936],[-43.09322329999998,-14.371136099999944],[-43.10178209999998,-14.391436799999951],[-43.12022069999995,-14.400924299999929],[-43.136194399999965,-14.427380599999935],[-43.16102959999995,-14.428084299999966],[-43.180609999999945,-14.445800899999938],[-43.223711899999955,-14.464832699999931],[-43.250619599999936,-14.468915999999979],[-43.26302049999998,-14.456723499999953],[-43.42108719999993,-14.496653899999956],[-43.37375829999996,-14.361662999999965],[-43.48766329999995,-14.090620399999978],[-43.44335689999997,-13.893492899999956],[-43.434965999999974,-13.895540499999981],[-43.438040299999955,-13.904717699999935],[-43.42782549999998,-13.91324549999996],[-43.415758299999936,-13.910752199999934],[-43.408024499999954,-13.939106799999934],[-43.37977499999994,-13.955484999999953],[-43.37207379999995,-13.97869129999998],[-43.34980609999997,-13.975058399999966],[-43.32765679999994,-13.98987939999995],[-43.29768119999994,-13.992348999999933],[-43.27461049999994,-13.993335699999932],[-43.27069869999997,-13.985684899999967],[-43.257809399999985,-13.996473099999946],[-43.22033709999994,-13.981919799999957],[-43.19421799999998,-13.990666399999952],[-43.18965289999994,-13.98086319999993],[-43.16321849999997,-13.97467169999993],[-43.132552799999985,-13.985695199999952],[-43.10134069999998,-13.92829729999994],[-43.067188999999985,-13.927441299999941],[-43.05078539999994,-13.916514499999948],[-43.02239149999997,-13.919642299999964],[-42.99447059999994,-13.943045199999972],[-42.96097169999996,-13.94880889999996],[-42.91991079999997,-13.97771849999998],[-42.94606239999996,-14.014634099999967],[-42.93800699999997,-14.098463999999979]]]}},{"id":"2115","type":"Feature","properties":{"COD_IBGE":"2923506","MUNICIPIO":"Palmeiras","UF":"BA"},"geometry":{"type":"Polygon","coordinates":[[[-41.43937429999994,-12.71002969999995],[-41.605132399999945,-12.712194099999977],[-41.66198239999994,-12.66835889999993],[-41.67884129999993,-12.626392499999952],[-41.65612249999998,-12.585048599999936],[-41.663178699999946,-12.552128299999936],[-41.671882299999936,-12.552146599999958],[-41.68410709999995,-12.536446099999978],[-41.60387279999998,-12.426850499999944],[-41.585036199999934,-12.427254199999936],[-41.58806439999995,-12.396758599999941],[-41.56486149999995,-12.388130699999977],[-41.564200599999936,-12.371636699999954],[-41.53253379999995,-12.35481029999994],[-41.52872219999995,-12.360694999999964],[-41.52302099999997,-12.356633399999964],[-41.51578179999996,-12.375076999999976],[-41.51195029999997,-12.369335399999954],[-41.49035449999997,-12.375444099999982],[-41.479674399999965,-12.370584899999926],[-41.452497999999935,-12.382705899999962],[-41.441476199999954,-12.41320559999997],[-41.44181999999995,-12.435474599999964],[-41.45793939999993,-12.44547099999994],[-41.44311339999996,-12.469283299999972],[-41.483691299999975,-12.486016699999936],[-41.48768489999998,-12.506503599999974],[-41.46837399999998,-12.535491099999945],[-41.478745799999956,-12.549237399999981],[-41.470586099999935,-12.585550599999976],[-41.45581299999998,-12.597446199999979],[-41.45714849999996,-12.607186099999979],[-41.444425999999964,-12.62276079999998],[-41.47783739999994,-12.640321099999937],[-41.479273699999965,-12.650729499999954],[-41.45202739999996,-12.674119599999926],[-41.43937429999994,-12.71002969999995]]]}},{"id":"2116","type":"Feature","properties":{"COD_IBGE":"2923605","MUNICIPIO":"Paramirim","UF":"BA"},"geometry":{"type":"Polygon","coordinates":[[[-42.23415639999996,-13.630503199999964],[-42.243196599999976,-13.640099899999939],[-42.24280649999997,-13.626037699999927],[-42.25992709999997,-13.600120699999934],[-42.26115169999997,-13.610550199999977],[-42.271250399999985,-13.609997199999952],[-42.26618949999994,-13.625416199999961],[-42.27569729999993,-13.624330399999963],[-42.27984619999995,-13.610126599999944],[-42.309159499999964,-13.601858499999935],[-42.31465119999996,-13.61584739999995],[-42.33575459999997,-13.609720599999946],[-42.33530479999996,-13.623895199999936],[-42.357353399999965,-13.628509899999926],[-42.36575259999995,-13.592730699999947],[-42.39525009999994,-13.58934869999996],[-42.404834499999936,-13.581277899999975],[-42.41466799999995,-13.537562599999944],[-42.44023189999996,-13.51276189999993],[-42.43908149999993,-13.491015699999934],[-42.44464569999997,-13.472715899999969],[-42.45367219999997,-13.46795869999994],[-42.45080709999996,-13.44203669999996],[-42.463028399999985,-13.439543399999934],[-42.40588719999994,-13.402205299999935],[-42.26584969999993,-13.369647999999927],[-42.262612399999966,-13.346820399999956],[-42.27162499999997,-13.336171599999943],[-42.24843489999995,-13.323800399999982],[-42.25785369999994,-13.292498399999943],[-42.25189419999998,-13.282801099999972],[-42.24522979999995,-13.284373999999957],[-42.251642799999956,-13.294394299999965],[-42.22880779999997,-13.29933669999997],[-42.19254259999997,-13.269479499999932],[-42.18383249999994,-13.296495299999947],[-42.19010039999995,-13.311643899999979],[-42.17287649999997,-13.372190499999931],[-42.19695569999993,-13.37833569999998],[-42.212703199999964,-13.413388099999963],[-42.17456429999993,-13.42490129999993],[-42.162721799999986,-13.473427499999957],[-42.094388899999956,-13.519590799999946],[-42.07267529999996,-13.567858799999954],[-42.04063219999995,-13.583962499999927],[-42.01883109999994,-13.627410699999928],[-42.051074899999946,-13.64269319999994],[-42.05499249999997,-13.705962799999952],[-42.11496729999993,-13.725114299999973],[-42.13036139999997,-13.715444599999955],[-42.14354939999998,-13.725335799999982],[-42.16889539999994,-13.717474099999947],[-42.18472289999994,-13.695129399999928],[-42.126898799999935,-13.700762399999974],[-42.148054599999966,-13.67937939999996],[-42.14542099999994,-13.671195599999976],[-42.17921379999996,-13.659829699999932],[-42.188040299999955,-13.669792599999937],[-42.20732769999995,-13.655032799999958],[-42.21613279999997,-13.658276999999941],[-42.218627099999935,-13.644854399999929],[-42.23415639999996,-13.630503199999964]]]}},{"id":"2117","type":"Feature","properties":{"COD_IBGE":"2923704","MUNICIPIO":"Paratinga","UF":"BA"},"geometry":{"type":"Polygon","coordinates":[[[-43.202503999999976,-12.919779999999946],[-43.21430269999996,-12.907772499999965],[-43.22170669999997,-12.888827699999979],[-43.22888599999993,-12.896017099999938],[-43.250992199999985,-12.886806899999954],[-43.24992219999996,-12.876367799999969],[-43.261337899999944,-12.874940599999945],[-43.26249919999998,-12.863365699999974],[-43.28755169999994,-12.842011799999966],[-43.255580899999984,-12.782071899999949],[-43.21817319999997,-12.734566799999982],[-43.222477899999944,-12.727482799999962],[-43.22942419999998,-12.73913719999996],[-43.22896569999995,-12.725729299999955],[-43.21634849999998,-12.718635799999959],[-43.202300399999956,-12.689172699999972],[-43.22213359999995,-12.69084369999996],[-43.19775109999995,-12.66793169999994],[-43.187584399999935,-12.620048699999927],[-43.20815749999997,-12.586682399999972],[-43.20872509999998,-12.53710179999996],[-43.257998999999984,-12.430880299999956],[-43.25278059999994,-12.381144399999926],[-43.20390159999994,-12.353045099999974],[-43.11948769999998,-12.328174099999956],[-43.10661239999996,-12.30995699999994],[-43.077814899999964,-12.318126199999938],[-43.07698259999995,-12.335686799999962],[-43.05912519999998,-12.349465499999951],[-43.03709369999996,-12.33078809999995],[-42.972335499999986,-12.33248599999996],[-42.96235389999998,-12.358577999999966],[-42.968795599999964,-12.381378499999926],[-42.95359039999994,-12.390585899999962],[-42.95805399999995,-12.403897899999947],[-42.92787579999998,-12.43642699999998],[-42.92919669999998,-12.450476199999969],[-42.951998799999956,-12.465705299999968],[-42.949716699999954,-12.484762899999964],[-42.92055469999997,-12.526859799999954],[-42.888625899999965,-12.541645399999936],[-42.87858199999994,-12.724606199999926],[-42.89129779999996,-12.88928409999994],[-42.93744659999993,-12.937505599999952],[-42.97326199999998,-12.952016199999946],[-42.98068649999993,-12.971008299999937],[-42.97508809999994,-13.025798099999975],[-42.93291409999995,-13.081784899999946],[-42.93741179999995,-13.094558099999972],[-42.92601909999996,-13.129318499999954],[-42.90966579999997,-13.139114999999947],[-42.90557289999998,-13.151116599999966],[-42.90701769999998,-13.179280999999946],[-42.912639499999955,-13.179960499999936],[-42.918473699999936,-13.14794569999998],[-42.97018829999996,-13.096381099999974],[-42.99081179999996,-13.09850739999996],[-43.00952159999997,-13.086789899999928],[-43.02986649999997,-13.09311619999994],[-43.04894719999993,-13.083219199999974],[-43.05432349999995,-13.069673899999941],[-43.07413889999998,-13.064657999999952],[-43.09539859999995,-13.02685779999996],[-43.106611999999984,-13.03162999999995],[-43.11914479999996,-13.02593399999995],[-43.12700199999995,-13.016780799999935],[-43.12581529999994,-13.002717599999926],[-43.151783799999976,-12.976959699999952],[-43.16868999999997,-12.974120999999968],[-43.19063649999998,-12.923007999999982],[-43.202503999999976,-12.919779999999946]]]}},{"id":"2118","type":"Feature","properties":{"COD_IBGE":"2923803","MUNICIPIO":"Paripiranga","UF":"BA"},"geometry":{"type":"Polygon","coordinates":[[[-37.98443119999996,-10.63881129999993],[-37.91506739999994,-10.577146399999947],[-37.92066909999994,-10.571416899999974],[-37.90273629999996,-10.550690699999961],[-37.916093399999966,-10.54417529999995],[-37.90711779999998,-10.524899699999935],[-37.913782099999935,-10.519442599999934],[-37.91112869999995,-10.503971299999932],[-37.930531299999984,-10.497931799999947],[-37.91139969999995,-10.486733299999969],[-37.921320599999945,-10.470858999999962],[-37.91118119999993,-10.463983599999949],[-37.908109999999965,-10.446892099999957],[-37.84773179999996,-10.443491699999981],[-37.812605099999985,-10.50724699999995],[-37.82270399999993,-10.531363099999965],[-37.81928719999996,-10.539641599999982],[-37.841231499999935,-10.554793599999925],[-37.82587659999996,-10.580954499999962],[-37.831462699999975,-10.584290299999964],[-37.81783839999997,-10.585765799999933],[-37.806318999999974,-10.600527399999976],[-37.816722899999945,-10.631378499999926],[-37.80299069999995,-10.65216229999993],[-37.81404709999998,-10.66981979999997],[-37.80863039999997,-10.687632099999973],[-37.83280009999993,-10.680474699999934],[-37.84751029999995,-10.699264899999946],[-37.87306849999993,-10.700768399999959],[-37.90962239999993,-10.715510299999949],[-37.94548119999996,-10.756517299999928],[-37.95289409999998,-10.750102199999958],[-37.97666479999998,-10.757977599999947],[-38.03203109999998,-10.727084299999945],[-38.03187539999993,-10.707996599999944],[-38.04212299999995,-10.700743699999975],[-38.01666369999998,-10.695366499999977],[-37.978665999999976,-10.651995299999953],[-37.98747499999996,-10.647765499999934],[-37.98443119999996,-10.63881129999993]]]}},{"id":"2119","type":"Feature","properties":{"COD_IBGE":"2923902","MUNICIPIO":"Pau Brasil","UF":"BA"},"geometry":{"type":"Polygon","coordinates":[[[-39.62408499999998,-15.351336799999956],[-39.59937529999996,-15.356634799999938],[-39.60153799999995,-15.38107279999997],[-39.58515189999997,-15.388736699999981],[-39.578429599999936,-15.409667799999966],[-39.576769199999944,-15.426181099999951],[-39.61363929999993,-15.470532799999944],[-39.608772399999964,-15.488352799999973],[-39.599631099999954,-15.499902499999962],[-39.579453899999976,-15.500985999999955],[-39.571285699999976,-15.519277999999929],[-39.549787899999956,-15.516826599999945],[-39.547821099999965,-15.525533799999948],[-39.56281179999996,-15.529913299999976],[-39.57074959999994,-15.54402129999994],[-39.61301059999994,-15.546837799999935],[-39.61859169999997,-15.553015799999969],[-39.58956569999998,-15.599981499999956],[-39.597964899999965,-15.609056099999975],[-39.61657299999996,-15.62044469999995],[-39.63274139999993,-15.619343299999969],[-39.65215779999994,-15.590773899999931],[-39.66066639999997,-15.60544299999998],[-39.67177019999997,-15.60439679999996],[-39.66689059999993,-15.609724399999948],[-39.67404749999997,-15.636867399999971],[-39.68866529999997,-15.637012499999969],[-39.69587679999995,-15.627804799999979],[-39.68305269999996,-15.617830499999968],[-39.69535899999994,-15.59931169999993],[-39.714116599999954,-15.591278999999929],[-39.70915739999998,-15.58017719999998],[-39.718240599999945,-15.556766899999957],[-39.75183379999993,-15.555412099999955],[-39.77288539999995,-15.566324299999962],[-39.772500099999945,-15.558473699999979],[-39.791971099999955,-15.541377999999952],[-39.830179199999975,-15.53178689999993],[-39.84194529999996,-15.48241269999994],[-39.82967559999997,-15.459257799999932],[-39.79227599999996,-15.427180999999962],[-39.79263789999993,-15.412270699999965],[-39.78203959999996,-15.410820199999932],[-39.76582399999995,-15.366945599999951],[-39.75843589999994,-15.37366499999996],[-39.74683619999996,-15.370777999999973],[-39.73822949999993,-15.385813699999972],[-39.72364179999994,-15.35371559999993],[-39.70674249999996,-15.357606399999952],[-39.70018909999993,-15.341237499999977],[-39.68441489999998,-15.336625499999968],[-39.68843279999993,-15.298137099999963],[-39.66363339999998,-15.30680289999998],[-39.653355199999964,-15.28191339999995],[-39.644929099999956,-15.29747459999993],[-39.630597999999964,-15.301636599999938],[-39.62408499999998,-15.351336799999956]]]}},{"id":"2120","type":"Feature","properties":{"COD_IBGE":"2924009","MUNICIPIO":"Paulo Afonso","UF":"BA"},"geometry":{"type":"Polygon","coordinates":[[[-38.21531779999998,-9.352937399999973],[-38.19417669999996,-9.394385799999952],[-38.20476419999994,-9.418674299999964],[-38.177699899999936,-9.42538639999998],[-38.15494959999995,-9.443416099999979],[-38.14192809999997,-9.437762899999939],[-38.11811979999993,-9.442260699999963],[-38.10894239999993,-9.435621399999945],[-38.07970869999997,-9.440386799999942],[-38.06784619999996,-9.458502599999974],[-38.010925499999985,-9.478731099999948],[-37.99794939999998,-9.499283299999945],[-38.02261639999995,-9.540664799999945],[-38.01936669999998,-9.562954299999944],[-38.02775779999996,-9.574617299999943],[-38.037251099999935,-9.569213399999967],[-38.03872129999996,-9.582436799999925],[-38.08378389999996,-9.59893089999997],[-38.08966209999994,-9.611197799999957],[-38.11554789999997,-9.614343499999961],[-38.12287199999997,-9.62067559999997],[-38.12425059999998,-9.644835999999941],[-38.13653379999994,-9.640289499999938],[-38.14843709999997,-9.64958489999998],[-38.14472219999993,-9.658451499999956],[-38.156660699999975,-9.677520799999968],[-38.175873699999954,-9.669636799999978],[-38.19103299999995,-9.676892599999974],[-38.22481589999995,-9.67447119999997],[-38.28533299999998,-9.690631399999972],[-38.307604699999956,-9.660970999999961],[-38.350863799999956,-9.677970499999958],[-38.36365329999995,-9.706840399999976],[-38.44323579999997,-9.698599599999966],[-38.45845669999994,-9.708934099999965],[-38.487784999999974,-9.712510899999927],[-38.548945999999944,-9.68547419999993],[-38.53200389999995,-9.649758299999974],[-38.50826269999993,-9.630420299999969],[-38.49148169999995,-9.529696599999966],[-38.50871559999996,-9.35365059999998],[-38.43996729999998,-9.413767199999938],[-38.38892759999993,-9.402943099999959],[-38.364960199999985,-9.381995599999925],[-38.341952799999945,-9.390531299999964],[-38.321196199999974,-9.378973299999927],[-38.30096329999998,-9.387696799999958],[-38.284088199999985,-9.385092699999973],[-38.21531779999998,-9.352937399999973]]]}},{"id":"2121","type":"Feature","properties":{"COD_IBGE":"2924058","MUNICIPIO":"Pé de Serra","UF":"BA"},"geometry":{"type":"Polygon","coordinates":[[[-39.59381979999995,-12.061124399999926],[-39.606745399999966,-12.027235399999938],[-39.62394739999996,-12.019244299999968],[-39.63639189999998,-11.997261899999955],[-39.645582599999955,-11.948244599999953],[-39.65996719999998,-11.946773399999927],[-39.67776159999994,-11.923654599999963],[-39.691790399999945,-11.92443979999996],[-39.719105799999966,-11.905506899999978],[-39.74313319999993,-11.903075599999966],[-39.74697199999997,-11.894888999999978],[-39.74519369999996,-11.847973299999978],[-39.69518759999994,-11.817680999999936],[-39.69107489999993,-11.788207499999942],[-39.68151849999998,-11.781282199999964],[-39.69143939999998,-11.76926919999994],[-39.69603889999996,-11.728116299999954],[-39.64081049999993,-11.724827499999947],[-39.54145809999994,-11.75822299999993],[-39.53419649999995,-11.832449699999927],[-39.51892719999995,-11.824516599999981],[-39.467258999999956,-11.87234189999998],[-39.50480739999995,-11.901403199999947],[-39.50958739999993,-11.941415999999947],[-39.55864489999993,-12.00951109999994],[-39.53662419999995,-12.025503299999968],[-39.57690309999998,-12.039140399999951],[-39.59381979999995,-12.061124399999926]]]}},{"id":"2122","type":"Feature","properties":{"COD_IBGE":"2924108","MUNICIPIO":"Pedrão","UF":"BA"},"geometry":{"type":"Polygon","coordinates":[[[-38.658157899999935,-12.192901899999981],[-38.73302019999994,-12.155390799999964],[-38.70031919999997,-12.138797999999952],[-38.65772519999996,-12.053273299999944],[-38.60364839999994,-12.082367399999953],[-38.58022109999996,-12.082308299999966],[-38.57040299999994,-12.124336399999947],[-38.58874659999998,-12.177664299999947],[-38.58666679999993,-12.193677699999967],[-38.59556329999998,-12.195645799999966],[-38.61510339999995,-12.176851499999941],[-38.61231289999995,-12.16640949999993],[-38.63218429999995,-12.170131799999979],[-38.658157899999935,-12.192901899999981]]]}},{"id":"2123","type":"Feature","properties":{"COD_IBGE":"2924207","MUNICIPIO":"Pedro Alexandre","UF":"BA"},"geometry":{"type":"Polygon","coordinates":[[[-38.01508129999996,-10.124785599999939],[-38.044114399999955,-10.14121689999996],[-38.08971729999996,-10.147915499999954],[-38.08849799999996,-10.109339699999964],[-38.077868699999954,-10.10042539999995],[-38.084178399999985,-10.096243199999947],[-38.07956749999994,-10.087381799999946],[-38.087721699999975,-10.045898199999954],[-38.10895979999998,-10.003010399999937],[-38.09985119999993,-9.96788859999998],[-38.11851799999994,-9.95340959999993],[-38.13295739999995,-9.954820599999948],[-38.140318599999944,-9.941240599999958],[-38.114359699999966,-9.919863499999963],[-38.102239699999984,-9.882482099999947],[-38.08315339999996,-9.896845199999973],[-38.02990639999996,-9.907635399999947],[-38.003467599999965,-9.904691799999966],[-37.996754599999974,-9.918660199999977],[-37.98386449999998,-9.918225099999972],[-37.97541639999997,-9.936731799999961],[-37.95543239999995,-9.942999899999961],[-37.93703489999996,-9.939729799999952],[-37.907625199999984,-9.910880499999962],[-37.901187799999946,-9.921128099999976],[-37.91279119999996,-9.937131299999976],[-37.89579319999996,-9.942132399999934],[-37.89607259999997,-9.954283399999952],[-37.876098799999966,-9.976955799999928],[-37.84724369999998,-9.994280999999944],[-37.82481349999995,-10.023456299999964],[-37.825967799999944,-10.036583599999972],[-37.79090329999997,-10.032703199999958],[-37.78264439999998,-10.04359839999995],[-37.802014499999984,-10.112447399999951],[-37.77476079999997,-10.14235709999997],[-37.782926799999984,-10.182423799999981],[-37.76568109999994,-10.196044899999947],[-37.74709079999997,-10.238072699999975],[-37.765679499999976,-10.25186739999998],[-37.74885969999997,-10.264323599999955],[-37.75038269999993,-10.289499099999944],[-37.76866199999995,-10.28919609999997],[-37.79301039999996,-10.246914199999935],[-37.83628479999993,-10.229560799999945],[-37.906056999999976,-10.168411799999944],[-37.95183719999994,-10.161440199999959],[-37.96530519999993,-10.146660499999939],[-38.01508129999996,-10.124785599999939]]]}},{"id":"2124","type":"Feature","properties":{"COD_IBGE":"2924306","MUNICIPIO":"Piatã","UF":"BA"},"geometry":{"type":"Polygon","coordinates":[[[-41.812924099999975,-12.82085989999996],[-41.79699909999994,-12.809150699999975],[-41.78035719999997,-12.836371699999972],[-41.70071309999997,-12.993365099999949],[-41.68453489999996,-13.011763499999972],[-41.663594899999964,-13.07115669999996],[-41.64894389999995,-13.080710899999929],[-41.626228699999956,-13.129718099999934],[-41.640186599999936,-13.15035039999998],[-41.63507309999994,-13.158992599999976],[-41.67668469999995,-13.179567599999928],[-41.67364159999994,-13.193052799999975],[-41.69051509999997,-13.206835299999966],[-41.69026539999993,-13.216255799999942],[-41.72567859999998,-13.23558399999996],[-41.73470539999994,-13.25280859999998],[-41.78946949999994,-13.280619399999978],[-41.85758219999997,-13.189256199999932],[-41.87484129999996,-13.21364479999994],[-41.88825829999996,-13.21079199999997],[-41.90186509999995,-13.221927199999982],[-41.91865869999998,-13.249094799999966],[-41.91256619999996,-13.26406019999996],[-41.98576899999995,-13.23420299999998],[-42.01432529999994,-13.189465599999949],[-42.031397399999946,-13.176153499999941],[-42.05928119999993,-13.181306499999948],[-42.07311759999993,-13.15205229999998],[-42.08219819999994,-13.15230159999993],[-42.103656299999955,-13.132727199999977],[-42.102279099999976,-13.09597969999993],[-42.11011759999997,-13.081777699999975],[-42.10285559999994,-13.067853499999956],[-42.125860099999954,-13.006134699999961],[-42.12394459999996,-13.000471499999946],[-42.11858849999993,-12.998046899999963],[-42.11451239999997,-13.004045499999961],[-42.09509069999996,-13.00222649999995],[-42.09144909999998,-12.979644699999938],[-42.08409889999996,-12.985460099999955],[-42.07648939999996,-12.980410899999981],[-42.06671129999995,-12.952377999999953],[-42.050129599999934,-12.94315679999994],[-42.05285719999995,-12.912223499999982],[-42.013539299999934,-12.920206399999927],[-42.024563899999976,-12.889375499999971],[-42.01845479999997,-12.85611229999995],[-41.99368369999996,-12.855706999999938],[-41.97801099999998,-12.830378499999938],[-41.914770199999964,-12.819006999999942],[-41.89492299999995,-12.803660699999966],[-41.85948869999993,-12.824973599999964],[-41.82979039999998,-12.814291199999957],[-41.812924099999975,-12.82085989999996]]]}},{"id":"2125","type":"Feature","properties":{"COD_IBGE":"2924405","MUNICIPIO":"Pilão Arcado","UF":"BA"},"geometry":{"type":"Polygon","coordinates":[[[-42.619204999999965,-10.568643599999973],[-43.27925559999994,-10.236994399999958],[-43.470388699999944,-10.234413299999972],[-43.50500989999995,-10.248808999999937],[-43.584628599999974,-10.24823129999993],[-43.59765589999995,-10.257200999999952],[-43.59594739999994,-10.26787909999996],[-43.60620729999994,-10.277638299999978],[-43.623053899999945,-10.283063499999969],[-43.63243849999998,-10.303284899999937],[-43.65212859999997,-10.30602129999994],[-43.664680199999964,-10.323986199999979],[-43.65427009999996,-10.345996199999945],[-43.66300169999994,-10.375903499999936],[-43.72199559999996,-10.354692899999975],[-43.77079229999998,-10.393088099999943],[-43.91588939999997,-10.39308479999994],[-43.89509609999993,-10.354490699999928],[-43.83692159999998,-10.302204999999958],[-43.83726509999997,-10.25006819999993],[-43.797847899999965,-10.208843199999933],[-43.774870799999974,-10.168302499999982],[-43.76576109999996,-10.127595399999962],[-43.773113499999965,-10.098784199999955],[-43.76603449999993,-10.080057099999976],[-43.72992799999997,-10.072255499999926],[-43.69291489999995,-10.077395399999943],[-43.69028149999997,-10.044635099999937],[-43.669480599999986,-10.03075519999993],[-43.662131399999964,-10.009544199999937],[-43.66634389999996,-9.989540199999965],[-43.70295269999997,-9.966112499999952],[-43.69045399999993,-9.929499199999952],[-43.70903529999998,-9.913219499999968],[-43.69462249999998,-9.891251799999964],[-43.67744849999997,-9.886527799999953],[-43.65324499999997,-9.839055299999927],[-43.69346099999996,-9.80525769999997],[-43.71781779999998,-9.802421799999934],[-43.72142759999997,-9.79335709999998],[-43.78492179999995,-9.762384999999938],[-43.79766269999993,-9.72768039999994],[-43.79726029999995,-9.696497299999976],[-43.84195219999998,-9.637427599999967],[-43.833977999999945,-9.617929699999934],[-43.84265119999998,-9.612669799999935],[-43.85135089999994,-9.552129199999968],[-43.81843299999997,-9.494241899999963],[-43.77829049999997,-9.448700899999949],[-43.75141979999995,-9.434072399999934],[-43.68575899999996,-9.41779379999997],[-43.62749239999994,-9.376640299999963],[-43.60601529999997,-9.351571499999977],[-43.54521189999997,-9.409710899999936],[-43.51130869999997,-9.429080299999953],[-43.49281929999995,-9.457247699999925],[-43.490041599999984,-9.48396809999997],[-43.47058879999997,-9.529815199999973],[-43.407728099999986,-9.62458289999995],[-43.37723669999997,-9.732217699999978],[-43.18339929999996,-9.724498299999937],[-43.05808559999997,-9.766761599999938],[-42.91679959999993,-9.82690169999995],[-42.83754849999997,-9.746188999999958],[-42.76182339999997,-9.721385699999928],[-42.75365149999993,-9.70216789999995],[-42.729076299999974,-9.684858599999927],[-42.736220799999955,-9.677744099999927],[-42.723270799999966,-9.656351399999949],[-42.69984849999997,-9.645957599999974],[-42.68545689999996,-9.659486499999957],[-42.66374929999995,-9.714713199999949],[-42.66896749999995,-9.719406799999945],[-42.66379909999995,-9.738886399999956],[-42.61773089999997,-9.722058499999946],[-42.52331559999993,-9.812268899999935],[-42.50685509999994,-9.858495499999947],[-42.47618429999994,-9.876777999999945],[-42.43901559999995,-9.876404099999945],[-42.43168459999998,-9.889210999999932],[-42.40474519999998,-9.89532289999994],[-42.39308369999998,-9.914016199999935],[-42.353763199999946,-9.910797099999968],[-42.346446699999944,-9.925039699999957],[-42.31985219999996,-9.93633079999995],[-42.22649699999994,-10.02889399999998],[-42.257577399999946,-10.054228699999953],[-42.292499599999985,-10.053432699999973],[-42.355029499999944,-10.032236699999942],[-42.39315869999996,-10.051761799999952],[-42.411578599999984,-10.07331309999995],[-42.43546919999994,-10.130305999999962],[-42.41765719999995,-10.150676699999963],[-42.404021899999975,-10.18999759999997],[-42.404646699999944,-10.253079299999968],[-42.43486709999996,-10.269343299999946],[-42.45625979999994,-10.300360199999943],[-42.45443609999995,-10.344260799999972],[-42.464486299999976,-10.382194399999946],[-42.56999929999995,-10.470351299999948],[-42.57884509999997,-10.488302399999952],[-42.58167489999994,-10.53753039999998],[-42.619204999999965,-10.568643599999973]]]}},{"id":"2126","type":"Feature","properties":{"COD_IBGE":"2924504","MUNICIPIO":"Pindaí","UF":"BA"},"geometry":{"type":"Polygon","coordinates":[[[-42.58623079999995,-14.484595699999943],[-42.57961769999997,-14.490678899999978],[-42.586708999999985,-14.508383899999956],[-42.56952289999998,-14.51533489999997],[-42.58596609999995,-14.536898299999962],[-42.60089279999994,-14.536138299999948],[-42.60703659999996,-14.544820199999947],[-42.62846929999995,-14.540626699999962],[-42.64040109999996,-14.57158499999997],[-42.67095889999996,-14.591647399999943],[-42.728790999999944,-14.592613099999937],[-42.74134939999993,-14.614810199999965],[-42.76520769999996,-14.613335199999938],[-42.78792069999997,-14.65697149999994],[-42.805238299999985,-14.656824799999981],[-42.79340279999997,-14.62721849999997],[-42.796128599999975,-14.604040999999938],[-42.81795999999997,-14.57024389999998],[-42.835360599999944,-14.561719399999959],[-42.752106099999935,-14.412423899999965],[-42.70920679999995,-14.388578999999936],[-42.61961229999997,-14.296487599999978],[-42.56687169999998,-14.336930199999927],[-42.541204799999946,-14.371745099999941],[-42.53447129999995,-14.370462399999951],[-42.533793199999934,-14.398459099999968],[-42.52423489999995,-14.40974799999998],[-42.54821629999998,-14.40946809999997],[-42.545218199999965,-14.425101199999972],[-42.556409299999984,-14.44818209999994],[-42.578797099999974,-14.45045319999997],[-42.58623079999995,-14.484595699999943]]]}},{"id":"2127","type":"Feature","properties":{"COD_IBGE":"2924603","MUNICIPIO":"Pindobaçu","UF":"BA"},"geometry":{"type":"Polygon","coordinates":[[[-40.350054899999975,-10.807333899999946],[-40.40918329999994,-10.795578099999943],[-40.44515219999994,-10.75226269999996],[-40.454890499999976,-10.759964799999977],[-40.46835519999996,-10.757052399999964],[-40.47284849999994,-10.764997499999936],[-40.48516129999996,-10.74513559999997],[-40.470812499999965,-10.715181899999948],[-40.47749859999993,-10.709021999999948],[-40.47614549999997,-10.685979399999951],[-40.46199409999997,-10.672886999999946],[-40.43334649999997,-10.662734899999975],[-40.424980699999935,-10.666653699999927],[-40.39495769999996,-10.650638699999945],[-40.38945309999997,-10.634481199999982],[-40.40232249999997,-10.629261099999951],[-40.39678599999996,-10.61850439999995],[-40.40071689999996,-10.594595099999935],[-40.36279499999995,-10.589369799999929],[-40.33085489999996,-10.606279899999947],[-40.31349379999995,-10.602689599999962],[-40.279309499999954,-10.618358999999941],[-40.270494499999984,-10.634449099999927],[-40.282537299999944,-10.673115699999926],[-40.27758719999997,-10.684966699999961],[-40.267961999999955,-10.685325099999943],[-40.27294869999997,-10.698417699999936],[-40.260681199999965,-10.704620699999964],[-40.25366589999993,-10.74192069999998],[-40.225984299999936,-10.73872979999993],[-40.21757549999995,-10.75926069999997],[-40.22298689999997,-10.770057599999973],[-40.208529099999964,-10.789838199999963],[-40.21388269999994,-10.80937739999996],[-40.205089499999985,-10.810946299999955],[-40.20367099999993,-10.824458099999958],[-40.21621149999993,-10.830045799999937],[-40.21585459999994,-10.837913999999955],[-40.23066959999994,-10.83405289999996],[-40.238313999999946,-10.849038599999972],[-40.25716619999997,-10.842007899999942],[-40.260664099999985,-10.85338029999997],[-40.268101599999966,-10.841198199999951],[-40.288708199999974,-10.834909899999957],[-40.28522929999997,-10.81378239999998],[-40.29552929999994,-10.819906899999978],[-40.303873099999976,-10.814987299999927],[-40.31368469999995,-10.823969499999976],[-40.33324279999994,-10.813403499999936],[-40.338220999999976,-10.829512499999964],[-40.350054899999975,-10.807333899999946]]]}},{"id":"2128","type":"Feature","properties":{"COD_IBGE":"2924652","MUNICIPIO":"Pintadas","UF":"BA"},"geometry":{"type":"Polygon","coordinates":[[[-39.92418089999995,-11.996710099999973],[-39.954429999999945,-11.985009199999979],[-39.95610769999996,-11.957506899999942],[-40.00381479999993,-11.937183699999935],[-40.04749859999998,-11.871230799999978],[-40.03721939999997,-11.854281299999968],[-40.039057999999955,-11.832612299999937],[-40.01549029999995,-11.832361299999945],[-40.02407039999997,-11.813670099999968],[-40.01490519999993,-11.80355789999993],[-39.99481369999995,-11.799961099999962],[-39.99847989999995,-11.779844499999967],[-39.97078579999993,-11.75540849999993],[-39.908577899999955,-11.720595899999978],[-39.88514669999995,-11.740144199999975],[-39.86318829999993,-11.741064699999981],[-39.864529499999946,-11.748234599999932],[-39.84065339999995,-11.755309799999964],[-39.84628759999998,-11.773941299999933],[-39.82655269999998,-11.788279899999964],[-39.81091259999994,-11.82465179999997],[-39.79045789999998,-11.822325199999966],[-39.793124699999964,-11.817400299999974],[-39.71309809999997,-11.82387529999994],[-39.74753889999994,-11.854236499999956],[-39.74697199999997,-11.894888999999978],[-39.72952539999994,-11.905920799999933],[-39.77411849999993,-11.915395299999943],[-39.77997799999997,-11.898687199999927],[-39.791696499999944,-11.903617199999928],[-39.83471829999996,-11.971721099999968],[-39.84274259999995,-11.97170159999996],[-39.84982209999998,-11.994441999999935],[-39.90486189999996,-12.028831099999934],[-39.91989449999994,-12.015720299999941],[-39.92418089999995,-11.996710099999973]]]}},{"id":"2129","type":"Feature","properties":{"COD_IBGE":"2924678","MUNICIPIO":"Piraí do Norte","UF":"BA"},"geometry":{"type":"Polygon","coordinates":[[[-39.34145529999995,-13.726716999999951],[-39.287809299999935,-13.736963099999969],[-39.308354099999974,-13.77202559999995],[-39.317555099999936,-13.770032799999967],[-39.317516299999966,-13.829490699999951],[-39.342817699999955,-13.827366899999959],[-39.355733499999985,-13.834987099999978],[-39.38514249999997,-13.904565499999933],[-39.39952219999998,-13.908370899999966],[-39.412620199999935,-13.888511999999935],[-39.41987149999994,-13.905133999999975],[-39.427917099999945,-13.904866599999934],[-39.435316299999954,-13.893126199999926],[-39.448050199999955,-13.891643699999975],[-39.43200509999997,-13.844290199999932],[-39.43704169999995,-13.798537299999964],[-39.420007699999985,-13.766692299999931],[-39.406492999999955,-13.764782699999955],[-39.393462599999964,-13.727615899999932],[-39.37988359999997,-13.714504199999965],[-39.363742299999956,-13.734009599999979],[-39.34145529999995,-13.726716999999951]]]}},{"id":"2130","type":"Feature","properties":{"COD_IBGE":"2924702","MUNICIPIO":"Piripá","UF":"BA"},"geometry":{"type":"Polygon","coordinates":[[[-41.758726399999944,-15.137602099999981],[-41.810265699999945,-15.101419999999962],[-41.80924249999998,-15.078292999999974],[-41.828436599999975,-15.051630099999954],[-41.825647799999956,-15.045127099999945],[-41.78884679999993,-15.041568499999926],[-41.815791599999955,-15.035513199999968],[-41.837404799999945,-15.01994529999996],[-41.825126799999964,-14.997530799999936],[-41.80822759999995,-15.00632289999993],[-41.80249669999995,-14.990724799999953],[-41.78744229999995,-14.989499699999953],[-41.780943699999966,-14.96439259999994],[-41.794850699999984,-14.938929599999938],[-41.79357569999996,-14.925100199999974],[-41.82522769999997,-14.909160399999962],[-41.82767549999994,-14.888998499999957],[-41.80981929999996,-14.879474699999946],[-41.808348699999954,-14.870179099999973],[-41.79314649999998,-14.868563699999982],[-41.795659099999966,-14.878414899999939],[-41.76872609999998,-14.883276799999976],[-41.764062199999955,-14.869811099999936],[-41.75041809999993,-14.865556499999968],[-41.74981049999997,-14.873077699999953],[-41.74371979999995,-14.866294299999936],[-41.734927599999935,-14.876864099999977],[-41.71884629999994,-14.877045399999929],[-41.724687899999935,-14.88376119999998],[-41.71958939999996,-14.894155799999965],[-41.69360219999993,-14.896309999999971],[-41.68958779999997,-14.913499299999955],[-41.66509439999993,-14.910795199999939],[-41.655041799999935,-14.918119199999978],[-41.64893369999993,-14.911609099999964],[-41.645023299999934,-14.918399199999953],[-41.639065699999946,-14.91373299999998],[-41.649842399999955,-14.899031099999945],[-41.632284599999934,-14.901476199999934],[-41.647729099999935,-14.93755479999993],[-41.63393469999994,-14.94901429999993],[-41.63261789999996,-14.971934799999929],[-41.60064579999994,-14.985423099999934],[-41.58111779999996,-15.018858699999953],[-41.59437899999995,-15.05460899999997],[-41.651995899999974,-15.099588599999947],[-41.680299599999955,-15.100742599999933],[-41.68843789999994,-15.089762399999927],[-41.70344689999996,-15.115179999999953],[-41.73037689999995,-15.11323729999998],[-41.758726399999944,-15.137602099999981]]]}},{"id":"2131","type":"Feature","properties":{"COD_IBGE":"2924801","MUNICIPIO":"Piritiba","UF":"BA"},"geometry":{"type":"Polygon","coordinates":[[[-40.391648499999974,-11.615200999999956],[-40.38764239999995,-11.60075999999998],[-40.370670099999984,-11.616232799999977],[-40.38221649999997,-11.625021899999979],[-40.38321869999993,-11.644087699999943],[-40.401238199999966,-11.648046499999964],[-40.39824219999997,-11.654556199999945],[-40.409779399999934,-11.662473199999965],[-40.40979649999997,-11.671485299999972],[-40.41690749999998,-11.670295799999963],[-40.45018319999997,-11.699287599999934],[-40.433578599999976,-11.748958099999982],[-40.44812979999995,-11.760959699999944],[-40.47060959999993,-11.802529999999933],[-40.49008059999994,-11.805700399999978],[-40.484429399999954,-11.82459799999998],[-40.61520969999998,-11.834928299999945],[-40.628882799999985,-11.84565269999996],[-40.64917379999997,-11.836730199999977],[-40.665629199999955,-11.79519449999998],[-40.69880779999994,-11.797555899999963],[-40.79787659999994,-11.763738299999943],[-40.79264139999998,-11.69448239999997],[-40.729025899999954,-11.56799099999995],[-40.71839989999995,-11.568556899999976],[-40.71677269999998,-11.556383399999959],[-40.702368999999976,-11.547806899999955],[-40.67463809999998,-11.550884699999926],[-40.66529509999998,-11.562170799999933],[-40.625807399999985,-11.55653689999997],[-40.60388489999997,-11.565945299999953],[-40.598330499999975,-11.551517599999954],[-40.56863379999993,-11.564797599999963],[-40.55715349999997,-11.57833359999995],[-40.52344839999995,-11.574389399999973],[-40.519689599999936,-11.580601199999933],[-40.52927429999994,-11.591566799999953],[-40.52181849999994,-11.602402499999926],[-40.52864389999996,-11.608505999999977],[-40.52272339999996,-11.631087499999978],[-40.490973199999985,-11.631038299999943],[-40.49050559999995,-11.614327899999978],[-40.46657499999998,-11.602218999999934],[-40.446375899999964,-11.61735779999998],[-40.42240409999994,-11.61750139999998],[-40.40699009999997,-11.60808019999996],[-40.391648499999974,-11.615200999999956]]]}},{"id":"2132","type":"Feature","properties":{"COD_IBGE":"2924900","MUNICIPIO":"Planaltino","UF":"BA"},"geometry":{"type":"Polygon","coordinates":[[[-40.32067989999996,-13.040215199999977],[-40.19917529999998,-13.048684999999978],[-40.17791539999996,-13.065295699999979],[-40.15205659999998,-13.106986399999926],[-40.14757499999996,-13.14084889999998],[-40.138121499999954,-13.147350699999947],[-40.16870409999996,-13.169332499999939],[-40.15343939999997,-13.172443099999953],[-40.136667099999954,-13.23386709999994],[-40.137635099999954,-13.290349399999968],[-40.15644179999998,-13.312222299999974],[-40.150626699999975,-13.337229099999945],[-40.17689269999994,-13.33422459999997],[-40.20609049999996,-13.312006399999973],[-40.22434519999996,-13.313954199999955],[-40.25038429999995,-13.282262999999944],[-40.26950809999994,-13.288114299999961],[-40.28537559999995,-13.315203099999962],[-40.28671899999995,-13.332008799999926],[-40.27782939999997,-13.345598799999948],[-40.40605139999997,-13.290201499999966],[-40.525420199999985,-13.183426199999928],[-40.511490299999934,-13.17648209999993],[-40.46865999999994,-13.112950499999954],[-40.40956959999994,-13.08733529999995],[-40.40100359999997,-13.066262799999947],[-40.32991959999998,-13.09126139999995],[-40.34557459999996,-13.065161599999954],[-40.34201369999994,-13.053482699999961],[-40.32067989999996,-13.040215199999977]]]}},{"id":"2133","type":"Feature","properties":{"COD_IBGE":"2925006","MUNICIPIO":"Planalto","UF":"BA"},"geometry":{"type":"Polygon","coordinates":[[[-40.44439199999994,-14.806915999999944],[-40.525518999999974,-14.756354899999963],[-40.618379699999934,-14.663669899999945],[-40.633154299999944,-14.658870599999943],[-40.64123809999995,-14.60840289999993],[-40.636803199999974,-14.578369299999963],[-40.647806199999934,-14.554903799999977],[-40.64675749999998,-14.54697909999993],[-40.637446299999965,-14.559617499999945],[-40.62073379999998,-14.56498339999996],[-40.57228859999998,-14.542195899999967],[-40.53009629999997,-14.553410699999972],[-40.531724199999985,-14.539809899999966],[-40.489405499999975,-14.570001399999967],[-40.46235459999997,-14.577671499999951],[-40.36858339999998,-14.66209269999996],[-40.33340369999996,-14.679396499999939],[-40.33238579999994,-14.727438399999926],[-40.32036969999996,-14.743081999999958],[-40.31485049999998,-14.788066999999955],[-40.322770599999956,-14.802838699999938],[-40.31187269999998,-14.821037799999942],[-40.31119039999993,-14.840413999999953],[-40.28225169999996,-14.855745499999955],[-40.282951999999966,-14.871377799999948],[-40.274423999999954,-14.87084479999993],[-40.281944599999974,-14.892068799999947],[-40.27758019999993,-14.900680499999964],[-40.29373979999997,-14.933266899999978],[-40.300746199999935,-14.93023919999996],[-40.314746499999956,-14.884461399999964],[-40.327626099999975,-14.887452899999971],[-40.33239059999994,-14.90937109999993],[-40.36831569999998,-14.916016799999966],[-40.373261799999966,-14.874576399999967],[-40.38316459999993,-14.872792299999958],[-40.38945979999994,-14.858586599999967],[-40.40654299999994,-14.857845299999951],[-40.44439199999994,-14.806915999999944]]]}},{"id":"2134","type":"Feature","properties":{"COD_IBGE":"2925105","MUNICIPIO":"Poções","UF":"BA"},"geometry":{"type":"Polygon","coordinates":[[[-40.37139439999993,-14.659764499999937],[-40.46235459999997,-14.577671499999951],[-40.489405499999975,-14.570001399999967],[-40.531724199999985,-14.539809899999966],[-40.53009629999997,-14.553410699999972],[-40.550981399999955,-14.54390189999998],[-40.56750639999996,-14.548556099999928],[-40.571987699999966,-14.54217559999995],[-40.62031209999998,-14.564927599999976],[-40.637446299999965,-14.559617499999945],[-40.650989799999934,-14.535502699999938],[-40.65107939999996,-14.513694199999975],[-40.67629079999995,-14.487097699999936],[-40.67619559999997,-14.469299299999932],[-40.49388509999994,-14.448791399999948],[-40.450003599999945,-14.46405999999996],[-40.438860199999965,-14.454375699999957],[-40.43404289999995,-14.45998659999998],[-40.42646439999993,-14.446257899999978],[-40.415111199999956,-14.457635399999958],[-40.40096289999997,-14.440788899999973],[-40.40149119999995,-14.419773499999962],[-40.39341939999997,-14.40734169999996],[-40.39866189999998,-14.394435699999974],[-40.30309259999996,-14.42419769999998],[-40.28887889999993,-14.442533799999978],[-40.23784869999997,-14.441903199999956],[-40.21172249999995,-14.450753199999951],[-40.19125909999997,-14.462053499999968],[-40.18338229999995,-14.47965789999995],[-40.165725899999984,-14.478959199999963],[-40.17412439999998,-14.488098399999956],[-40.174500799999976,-14.509570899999972],[-40.18789609999993,-14.513648499999931],[-40.19154539999994,-14.540016399999956],[-40.20377679999996,-14.554032999999947],[-40.20062739999997,-14.568541599999946],[-40.21552299999996,-14.601418499999966],[-40.21003149999996,-14.615465399999948],[-40.221686499999976,-14.623235399999942],[-40.22908239999998,-14.64496319999995],[-40.21854859999996,-14.660778999999934],[-40.22098029999995,-14.673394299999927],[-40.29314379999994,-14.65789099999995],[-40.302550199999985,-14.694844699999976],[-40.293341399999974,-14.722549999999956],[-40.29824219999995,-14.745117499999935],[-40.320245299999954,-14.743966599999965],[-40.332174899999984,-14.728323599999953],[-40.33340369999996,-14.679396499999939],[-40.37139439999993,-14.659764499999937]]]}},{"id":"2135","type":"Feature","properties":{"COD_IBGE":"2925204","MUNICIPIO":"Pojuca","UF":"BA"},"geometry":{"type":"Polygon","coordinates":[[[-38.31726889999993,-12.434843199999932],[-38.33745249999998,-12.451144799999952],[-38.36828379999997,-12.44427879999995],[-38.38909309999997,-12.42855869999994],[-38.375133699999935,-12.40864929999998],[-38.38994879999996,-12.40285769999997],[-38.31385379999995,-12.337581199999931],[-38.29533199999997,-12.345998699999939],[-38.28278339999997,-12.34215359999996],[-38.27240189999998,-12.321967599999937],[-38.276413599999955,-12.28092049999998],[-38.17415319999998,-12.261191999999937],[-38.161247999999944,-12.269652699999938],[-38.16197239999997,-12.281616099999951],[-38.13798939999998,-12.291141899999957],[-38.13972469999993,-12.299040399999967],[-38.147090299999945,-12.294464499999947],[-38.158266099999935,-12.301494299999945],[-38.150071099999934,-12.306895199999929],[-38.16299289999995,-12.327548899999954],[-38.14260289999993,-12.372010599999953],[-38.17986659999997,-12.411117499999932],[-38.19314629999997,-12.402967899999965],[-38.22903839999998,-12.416508299999975],[-38.25913439999994,-12.415222299999982],[-38.28780739999996,-12.446659999999952],[-38.32236709999995,-12.457286099999976],[-38.31475349999994,-12.440054499999974],[-38.31726889999993,-12.434843199999932]]]}},{"id":"2136","type":"Feature","properties":{"COD_IBGE":"2925253","MUNICIPIO":"Ponto Novo","UF":"BA"},"geometry":{"type":"Polygon","coordinates":[[[-40.14207509999994,-11.00867519999997],[-40.149141499999985,-11.010606099999961],[-40.18589429999997,-10.976518099999964],[-40.21111929999995,-10.965812399999948],[-40.23159249999998,-10.925447799999972],[-40.24768789999996,-10.910568199999943],[-40.241503199999954,-10.84711679999998],[-40.23203339999998,-10.843888099999958],[-40.230497199999945,-10.833935199999928],[-40.21534559999998,-10.837589499999979],[-40.20335759999995,-10.816504799999962],[-40.18277599999993,-10.82620989999998],[-40.19045139999997,-10.835802299999955],[-40.168406999999945,-10.85745449999996],[-40.143252899999936,-10.853450899999928],[-40.13566599999996,-10.859787899999958],[-40.12303429999997,-10.84207299999997],[-40.10762699999998,-10.842226499999981],[-40.10187499999995,-10.852193899999975],[-40.01869999999997,-10.868139799999938],[-40.025012999999944,-10.876900199999966],[-40.00808869999997,-10.916602199999943],[-40.02451609999997,-10.980915899999957],[-39.98191039999995,-11.15115929999996],[-39.98999709999998,-11.162392299999965],[-40.05935479999994,-11.09553969999996],[-40.09381969999998,-11.086019399999941],[-40.08987819999993,-11.079609799999957],[-40.14207509999994,-11.00867519999997]]]}},{"id":"2137","type":"Feature","properties":{"COD_IBGE":"2925303","MUNICIPIO":"Porto Seguro","UF":"BA"},"geometry":{"type":"Polygon","coordinates":[[[-39.05973329999995,-16.428639999999973],[-39.06169749999998,-16.472467999999935],[-39.085662999999954,-16.549753799999962],[-39.094416999999964,-16.609704699999952],[-39.090050099999985,-16.628481699999952],[-39.10290859999998,-16.667448899999954],[-39.10401179999997,-16.699018099999932],[-39.14164549999998,-16.76145729999996],[-39.14223869999995,-16.86709069999995],[-39.11763359999998,-16.89341529999996],[-39.14014849999995,-16.894709699999964],[-39.14031549999993,-16.90982859999997],[-39.166237799999976,-16.928762499999948],[-39.185279899999955,-16.91890019999994],[-39.23962719999997,-16.91827879999994],[-39.29207379999997,-16.888041099999953],[-39.340603399999964,-16.894632899999976],[-39.40252319999996,-16.915537299999983],[-39.43985029999993,-16.905742999999973],[-39.44411719999994,-16.890611299999932],[-39.46918899999997,-16.924369699999943],[-39.49011059999998,-16.92762419999997],[-39.48520709999997,-16.919115199999965],[-39.50525369999997,-16.902289499999938],[-39.49217769999996,-16.888011699999936],[-39.507457099999954,-16.875272499999937],[-39.478708799999936,-16.828985899999964],[-39.48597799999993,-16.798034299999927],[-39.469525799999985,-16.76197689999998],[-39.44147919999995,-16.744811599999935],[-39.42613949999998,-16.744662999999946],[-39.35605839999994,-16.783372399999962],[-39.33740259999996,-16.784534699999938],[-39.37519569999995,-16.72058089999996],[-39.39330519999993,-16.71141719999997],[-39.402170799999965,-16.689637199999936],[-39.444867399999964,-16.637956199999962],[-39.48291509999996,-16.61066189999997],[-39.476845699999956,-16.58260779999995],[-39.45537499999995,-16.58073489999998],[-39.41874839999997,-16.55770169999994],[-39.519094999999936,-16.495340099999964],[-39.505120999999974,-16.44403079999995],[-39.482856399999946,-16.407357799999943],[-39.439152699999966,-16.38381549999997],[-39.347848099999965,-16.38844849999998],[-39.284518599999956,-16.372041899999942],[-39.239854899999955,-16.373807799999952],[-39.19197609999998,-16.396313199999952],[-39.18459199999995,-16.383962199999928],[-39.16623419999996,-16.387648999999954],[-39.11443269999995,-16.362108699999965],[-39.01017729999995,-16.344916599999976],[-39.00894549999998,-16.375378199999943],[-39.035000999999966,-16.38907789999996],[-39.05973329999995,-16.428639999999973]]]}},{"id":"2138","type":"Feature","properties":{"COD_IBGE":"2925402","MUNICIPIO":"Potiraguá","UF":"BA"},"geometry":{"type":"Polygon","coordinates":[[[-39.922468599999945,-15.852460699999938],[-39.91039879999994,-15.734339299999931],[-39.918017599999985,-15.735586099999978],[-39.93601309999997,-15.68285469999995],[-39.88926649999996,-15.635353799999962],[-39.898369199999934,-15.623868499999958],[-39.89455319999996,-15.611889899999937],[-39.93287859999998,-15.57317519999998],[-39.934313299999985,-15.562291399999935],[-39.95155659999995,-15.56690539999994],[-39.97074649999996,-15.548328399999946],[-39.96396629999998,-15.528429199999948],[-39.97062179999995,-15.507268099999976],[-39.957689399999936,-15.506992499999967],[-39.96231119999993,-15.49822649999993],[-39.953148399999975,-15.49278899999996],[-39.95514579999997,-15.47687579999996],[-39.945748599999945,-15.481373599999927],[-39.91713889999994,-15.464084899999932],[-39.917582599999946,-15.48323419999997],[-39.90155429999993,-15.487951099999975],[-39.884172099999944,-15.509635599999967],[-39.88508099999996,-15.522967699999981],[-39.85625019999998,-15.524495399999978],[-39.845033299999955,-15.535788699999955],[-39.81696009999996,-15.530110599999944],[-39.81268659999995,-15.537904199999957],[-39.791105899999934,-15.541975199999968],[-39.77256149999994,-15.566446299999939],[-39.75183379999993,-15.555412099999955],[-39.718240599999945,-15.556766899999957],[-39.70915739999998,-15.58017719999998],[-39.714116599999954,-15.591278999999929],[-39.69535899999994,-15.59931169999993],[-39.68305269999996,-15.617830499999968],[-39.69587679999995,-15.627804799999979],[-39.68903609999995,-15.636899399999947],[-39.67404749999997,-15.636867399999971],[-39.66689059999993,-15.609724399999948],[-39.67177019999997,-15.60439679999996],[-39.66066639999997,-15.60544299999998],[-39.65145199999995,-15.590676999999971],[-39.63274139999993,-15.619343299999969],[-39.615900299999964,-15.620186099999955],[-39.58293809999998,-15.592686399999934],[-39.52517199999994,-15.614432499999964],[-39.54335109999994,-15.64339579999995],[-39.54425699999996,-15.665963699999963],[-39.53362389999995,-15.68944689999995],[-39.54349399999995,-15.71296179999996],[-39.53091399999994,-15.730536399999949],[-39.53663469999998,-15.751892699999928],[-39.56805019999996,-15.765232099999935],[-39.569523799999956,-15.77536299999997],[-39.60035009999996,-15.766140899999982],[-39.62102669999996,-15.773967199999959],[-39.63467499999996,-15.764670399999943],[-39.63220179999996,-15.74339539999994],[-39.663260399999956,-15.746693599999958],[-39.67712199999994,-15.764910799999939],[-39.71496099999996,-15.780026899999939],[-39.73174089999998,-15.777925599999946],[-39.74946849999998,-15.801763299999948],[-39.78784809999996,-15.812279199999978],[-39.79397179999995,-15.823271599999941],[-39.78958499999993,-15.833864999999946],[-39.81614629999996,-15.846264299999973],[-39.814687799999945,-15.865797199999975],[-39.836515599999984,-15.869630599999937],[-39.83608639999994,-15.884215599999948],[-39.859557999999936,-15.873349099999928],[-39.886617299999955,-15.888979799999959],[-39.89317459999995,-15.876515799999936],[-39.90925809999993,-15.870700399999976],[-39.91051539999995,-15.853644699999961],[-39.922468599999945,-15.852460699999938]]]}},{"id":"2139","type":"Feature","properties":{"COD_IBGE":"2925501","MUNICIPIO":"Prado","UF":"BA"},"geometry":{"type":"Polygon","coordinates":[[[-39.22801259999994,-17.42788319999994],[-39.234582899999964,-17.43276389999994],[-39.242894999999976,-17.425074199999926],[-39.255809599999964,-17.408363399999928],[-39.259830299999976,-17.386825099999953],[-39.28458529999995,-17.377193999999974],[-39.29459419999995,-17.361347699999953],[-39.33717109999998,-17.35154239999997],[-39.33960029999997,-17.33141439999997],[-39.35258739999995,-17.33489559999998],[-39.35932239999994,-17.319128099999944],[-39.37567839999997,-17.31763929999994],[-39.39533099999994,-17.298185599999954],[-39.41471439999998,-17.302709299999947],[-39.46980649999995,-17.267360099999962],[-39.483357499999954,-17.272166599999935],[-39.50774229999996,-17.26418609999996],[-39.530244599999946,-17.278131299999927],[-39.54503439999996,-17.25383359999995],[-39.55914949999993,-17.25838479999993],[-39.56251189999995,-17.286278399999958],[-39.61955739999996,-17.28165809999996],[-39.616503499999965,-17.295212899999967],[-39.632343299999945,-17.313327399999935],[-39.63298169999996,-17.258682199999953],[-39.62083489999998,-17.247253599999965],[-39.61982619999998,-17.22448259999993],[-39.580483399999935,-17.183469499999944],[-39.575638599999934,-17.15559479999996],[-39.56694449999998,-17.150823899999978],[-39.57013889999996,-17.13346169999994],[-39.528768699999944,-17.118555899999933],[-39.50128989999996,-17.142538299999956],[-39.478087399999936,-17.116106799999955],[-39.47593909999995,-17.101241399999935],[-39.49232079999996,-17.08703959999997],[-39.47955589999998,-17.051538799999946],[-39.490656899999976,-17.03720899999996],[-39.48986999999994,-16.99229159999993],[-39.475237499999935,-16.95258759999996],[-39.43723309999996,-16.98113019999994],[-39.45703959999997,-16.954759999999965],[-39.44664089999998,-16.95138049999997],[-39.44869719999997,-16.915166099999965],[-39.441512899999964,-16.893875199999968],[-39.43985029999993,-16.905742999999973],[-39.40252319999996,-16.915537299999983],[-39.340603399999964,-16.894632899999976],[-39.29207379999997,-16.888041099999953],[-39.23962719999997,-16.91827879999994],[-39.185279899999955,-16.91890019999994],[-39.166237799999976,-16.928762499999948],[-39.14031549999993,-16.90982859999997],[-39.13823329999997,-16.893484899999976],[-39.10671489999993,-16.896581899999944],[-39.123685499999965,-16.904349699999955],[-39.151459099999954,-16.94224889999998],[-39.15553199999994,-16.980355199999963],[-39.17218479999997,-17.01304669999996],[-39.17006239999995,-17.05905919999998],[-39.18012079999994,-17.079113399999926],[-39.182015999999976,-17.112355299999933],[-39.19802999999996,-17.127165799999943],[-39.21178599999996,-17.159964299999956],[-39.22075599999994,-17.30641099999997],[-39.191715699999975,-17.44600669999994],[-39.22801259999994,-17.42788319999994]]]}},{"id":"2140","type":"Feature","properties":{"COD_IBGE":"2925600","MUNICIPIO":"Presidente Dutra","UF":"BA"},"geometry":{"type":"Polygon","coordinates":[[[-41.97824749999995,-11.427745499999958],[-42.02557909999996,-11.387460799999928],[-42.04903429999996,-11.331053999999938],[-42.05891619999994,-11.25853989999996],[-42.05428649999993,-11.233390999999926],[-42.021744299999966,-11.208765699999958],[-41.94983529999996,-11.22308279999993],[-41.92522229999997,-11.264597999999978],[-41.92660569999998,-11.28035699999998],[-41.97147759999996,-11.344172299999968],[-41.94261599999993,-11.381248099999937],[-41.97824749999995,-11.427745499999958]]]}},{"id":"2141","type":"Feature","properties":{"COD_IBGE":"2925709","MUNICIPIO":"Presidente Jânio Quadros","UF":"BA"},"geometry":{"type":"Polygon","coordinates":[[[-41.69351699999993,-14.896402999999964],[-41.71958939999996,-14.894155799999965],[-41.724687899999935,-14.88376119999998],[-41.71884629999994,-14.877045399999929],[-41.734927599999935,-14.876864099999977],[-41.74371979999995,-14.866294299999936],[-41.74914229999996,-14.873042399999974],[-41.75041809999993,-14.865556499999968],[-41.764062199999955,-14.869811099999936],[-41.76872609999998,-14.883276799999976],[-41.795659099999966,-14.878414899999939],[-41.79314649999998,-14.868563699999982],[-41.80640549999998,-14.870787199999938],[-41.828974899999935,-14.79389729999997],[-41.868395599999985,-14.779321399999958],[-41.87630729999995,-14.761356499999977],[-41.896212599999956,-14.751883499999963],[-41.907209499999965,-14.730917199999965],[-41.88907459999996,-14.711573399999963],[-41.89450439999996,-14.705027299999927],[-41.88740439999998,-14.695140699999968],[-41.87628769999998,-14.692088999999953],[-41.845131899999956,-14.57611929999996],[-41.860537299999976,-14.581493299999977],[-41.87465089999995,-14.564602899999954],[-41.862277699999936,-14.559487099999956],[-41.86394329999996,-14.54782769999997],[-41.85406849999998,-14.534383699999978],[-41.80613779999993,-14.530004499999961],[-41.79962429999995,-14.50281629999995],[-41.818354899999974,-14.486766599999953],[-41.793297199999984,-14.467994699999963],[-41.67651069999994,-14.47741069999995],[-41.63762479999997,-14.509199899999942],[-41.65256949999997,-14.515114899999958],[-41.66477299999997,-14.544942899999967],[-41.655184599999984,-14.57805929999995],[-41.61002439999993,-14.609912299999962],[-41.585087699999974,-14.728853999999956],[-41.565143199999966,-14.785961699999973],[-41.55275329999995,-14.789276799999982],[-41.54602959999994,-14.81441639999997],[-41.56768619999997,-14.83394329999993],[-41.574850599999934,-14.861548199999959],[-41.603936199999964,-14.873794499999974],[-41.61893559999993,-14.863716799999963],[-41.62946339999996,-14.86815439999998],[-41.62498539999996,-14.892343599999947],[-41.631563599999936,-14.891641899999968],[-41.636095299999965,-14.90333069999997],[-41.64996699999995,-14.899498499999936],[-41.641414199999986,-14.917470799999933],[-41.64893369999993,-14.911609099999964],[-41.655041799999935,-14.918119199999978],[-41.66509439999993,-14.910795199999939],[-41.68958779999997,-14.913499299999955],[-41.69351699999993,-14.896402999999964]]]}},{"id":"2142","type":"Feature","properties":{"COD_IBGE":"2925758","MUNICIPIO":"Presidente Tancredo Neves","UF":"BA"},"geometry":{"type":"Polygon","coordinates":[[[-39.44706679999996,-13.512648099999979],[-39.469082399999934,-13.528654399999937],[-39.49551119999995,-13.531553899999949],[-39.50114249999996,-13.526926099999969],[-39.49573429999998,-13.519482799999935],[-39.509812599999975,-13.51563559999994],[-39.51265619999998,-13.503620199999943],[-39.527905499999974,-13.514213799999936],[-39.53941919999994,-13.513014999999939],[-39.550242399999945,-13.495232999999928],[-39.577257299999985,-13.50158579999993],[-39.546740599999964,-13.441479799999968],[-39.51761849999997,-13.433803199999943],[-39.508983899999976,-13.417486199999928],[-39.49208059999995,-13.415376699999968],[-39.48447699999997,-13.380395599999929],[-39.46612289999996,-13.375015599999927],[-39.46355349999993,-13.366697899999963],[-39.450266099999965,-13.37220869999993],[-39.43436409999998,-13.34495329999993],[-39.428333099999975,-13.345978099999968],[-39.42757009999997,-13.330052399999943],[-39.41077199999995,-13.327049199999976],[-39.38629959999997,-13.343257999999935],[-39.35206619999997,-13.338057799999945],[-39.36134839999994,-13.355518099999927],[-39.34953019999995,-13.36934139999994],[-39.297040299999935,-13.375233599999945],[-39.29510579999993,-13.382375699999955],[-39.31226259999994,-13.391191299999946],[-39.324639899999966,-13.439296099999979],[-39.32085879999994,-13.454058199999963],[-39.305604399999936,-13.464694699999939],[-39.30285989999993,-13.485338399999932],[-39.345672099999945,-13.538333999999963],[-39.34280099999995,-13.56289229999993],[-39.35187039999994,-13.578891599999963],[-39.36377739999995,-13.583977199999936],[-39.379659499999946,-13.578282099999967],[-39.36943209999998,-13.55967789999994],[-39.37521869999995,-13.53205689999993],[-39.392064699999935,-13.540918199999965],[-39.40772769999995,-13.524313799999959],[-39.44706679999996,-13.512648099999979]]]}},{"id":"2143","type":"Feature","properties":{"COD_IBGE":"2925808","MUNICIPIO":"Queimadas","UF":"BA"},"geometry":{"type":"Polygon","coordinates":[[[-39.68169429999995,-10.785900499999968],[-39.58562839999996,-10.777422999999942],[-39.591192699999965,-10.79587349999997],[-39.582483199999956,-10.813845399999934],[-39.55101309999998,-10.845648399999959],[-39.55266789999996,-10.853996399999971],[-39.53743869999994,-10.858183499999939],[-39.53981379999993,-10.883111099999951],[-39.53025919999993,-10.889184299999954],[-39.53629989999996,-10.917141499999957],[-39.52445289999997,-10.925375499999973],[-39.51831109999995,-10.944968299999971],[-39.479984599999966,-10.950320799999929],[-39.461055999999985,-10.990641799999935],[-39.46292519999997,-11.008059799999955],[-39.44057249999997,-10.996526899999935],[-39.42144419999994,-11.003463499999953],[-39.41021239999998,-11.028455999999949],[-39.413982799999985,-11.035422799999935],[-39.42085439999994,-11.029041099999972],[-39.44137209999997,-11.040440499999931],[-39.45584979999995,-11.063767199999972],[-39.47704569999996,-11.06989509999994],[-39.49276789999993,-11.094539099999963],[-39.50743099999994,-11.092935799999964],[-39.51711679999994,-11.106560699999932],[-39.60668019999997,-11.154517599999963],[-39.661854699999935,-11.211610899999926],[-39.70300529999997,-11.223759599999937],[-39.82429629999996,-11.289971099999946],[-39.83522489999996,-11.305241099999932],[-39.86150809999998,-11.313123599999926],[-39.95529839999995,-11.248654699999975],[-39.952998399999956,-11.156873599999926],[-39.96276339999997,-11.150006799999971],[-39.975968199999954,-11.160715899999957],[-39.98466049999996,-11.14543059999994],[-40.02451609999997,-10.980915899999957],[-40.00808869999997,-10.916602199999943],[-40.018569999999954,-10.882943199999943],[-39.99852959999998,-10.875357899999926],[-39.99905039999993,-10.884218199999964],[-39.975030699999934,-10.887648499999955],[-39.966967299999965,-10.898056099999962],[-39.95200769999997,-10.891384099999982],[-39.94671119999998,-10.907611699999961],[-39.929213199999936,-10.903253199999938],[-39.923503299999936,-10.917632499999968],[-39.90265549999998,-10.91584819999997],[-39.89116969999998,-10.899412599999948],[-39.87951839999994,-10.907506299999966],[-39.86877439999995,-10.903392499999939],[-39.86153209999998,-10.917966099999944],[-39.84286899999995,-10.916033999999968],[-39.83947039999998,-10.92964969999997],[-39.82679349999995,-10.927546399999926],[-39.82535819999998,-10.939619299999947],[-39.798847799999976,-10.938828899999976],[-39.76151119999997,-10.961875599999928],[-39.75226859999998,-10.953169799999955],[-39.73353139999995,-10.951918299999932],[-39.71832889999996,-10.965618499999948],[-39.71690199999995,-10.953537899999958],[-39.66939739999998,-10.947045999999943],[-39.62757259999995,-10.914971899999955],[-39.62602499999997,-10.874664399999972],[-39.63604339999995,-10.87325199999998],[-39.64374819999995,-10.857032599999968],[-39.63674519999995,-10.84476589999997],[-39.66522359999993,-10.838896199999965],[-39.66116679999993,-10.817456299999947],[-39.666137799999944,-10.805470999999955],[-39.67765889999998,-10.803850699999941],[-39.68169429999995,-10.785900499999968]]]}},{"id":"2144","type":"Feature","properties":{"COD_IBGE":"2925907","MUNICIPIO":"Quijingue","UF":"BA"},"geometry":{"type":"Polygon","coordinates":[[[-38.879781299999934,-10.745982999999967],[-38.91267689999995,-10.77862349999998],[-38.93858169999993,-10.773349699999926],[-38.97375069999998,-10.786310999999955],[-38.966515699999945,-10.79714649999994],[-38.97043839999998,-10.80489689999996],[-38.960554799999954,-10.81298389999995],[-38.96494289999998,-10.838817899999981],[-39.115157299999964,-11.018128099999956],[-39.160212299999955,-11.00974599999995],[-39.16915339999997,-11.019687899999951],[-39.210842199999945,-10.998361399999965],[-39.21343059999998,-10.971156899999926],[-39.22760789999995,-10.951292399999943],[-39.23290049999997,-10.953382099999942],[-39.24074489999998,-10.926138199999968],[-39.23617959999996,-10.906894399999942],[-39.21651389999994,-10.912658199999953],[-39.236927399999956,-10.820073799999932],[-39.24491949999998,-10.811245099999951],[-39.26521569999994,-10.69658469999996],[-39.271464099999946,-10.696855599999935],[-39.25928019999998,-10.677823099999955],[-39.23072149999996,-10.677568899999926],[-39.03841109999996,-10.630789099999959],[-39.01316549999996,-10.647114199999976],[-38.950129699999934,-10.654637699999967],[-38.93871799999994,-10.623396899999932],[-38.779496999999935,-10.604450199999974],[-38.774738499999955,-10.625534199999947],[-38.786654399999975,-10.63400779999995],[-38.77743279999993,-10.645475199999964],[-38.749388299999964,-10.639024499999948],[-38.74124379999995,-10.644925499999943],[-38.73330869999995,-10.717737399999976],[-38.77047719999996,-10.748314599999958],[-38.77944419999994,-10.741811799999937],[-38.78060789999995,-10.71901779999996],[-38.78711069999997,-10.718127999999979],[-38.804455099999984,-10.730078799999944],[-38.844366399999956,-10.732240899999965],[-38.879781299999934,-10.745982999999967]]]}},{"id":"2145","type":"Feature","properties":{"COD_IBGE":"2925931","MUNICIPIO":"Quixabeira","UF":"BA"},"geometry":{"type":"Polygon","coordinates":[[[-40.116139499999974,-11.529812999999933],[-40.13296349999996,-11.51513319999998],[-40.14969139999994,-11.52505089999994],[-40.16417489999998,-11.514780599999938],[-40.16992979999998,-11.522914999999955],[-40.19573109999993,-11.49993509999996],[-40.18917369999997,-11.429437599999972],[-40.19834789999993,-11.425178499999959],[-40.20361099999997,-11.407866099999978],[-40.20041669999995,-11.366258199999947],[-40.18819789999998,-11.338980999999933],[-40.165218599999946,-11.336121099999957],[-40.15845189999993,-11.325045099999954],[-40.14323479999996,-11.324955099999954],[-40.104373599999974,-11.299886699999945],[-40.09569669999996,-11.267308699999944],[-40.07060599999994,-11.23444059999997],[-40.02832259999997,-11.222585399999957],[-40.03253209999997,-11.239956499999948],[-40.025665799999956,-11.240902999999946],[-40.022208199999966,-11.275871299999949],[-40.034519699999976,-11.280425099999945],[-40.04838719999998,-11.342349899999931],[-40.06507359999995,-11.342502399999944],[-40.07535109999998,-11.354791199999966],[-40.07020399999993,-11.434219699999971],[-40.08068979999996,-11.448050199999955],[-40.085644599999966,-11.49644429999995],[-40.07708739999998,-11.52825839999997],[-40.084699099999966,-11.537274299999979],[-40.107168799999954,-11.538996199999929],[-40.107227499999965,-11.529428499999938],[-40.116139499999974,-11.529812999999933]]]}},{"id":"2146","type":"Feature","properties":{"COD_IBGE":"2925956","MUNICIPIO":"Rafael Jambeiro","UF":"BA"},"geometry":{"type":"Polygon","coordinates":[[[-39.456595499999935,-12.612774899999977],[-39.53884659999994,-12.578841199999943],[-39.550476999999944,-12.556159299999933],[-39.573316999999975,-12.549638799999968],[-39.604711399999985,-12.57384019999995],[-39.60949549999998,-12.592905599999938],[-39.62113799999997,-12.59792989999994],[-39.64946459999993,-12.560600299999976],[-39.69337589999998,-12.561727399999938],[-39.733774299999936,-12.552659799999958],[-39.74734229999996,-12.563915299999962],[-39.76359379999997,-12.548275199999978],[-39.790372899999966,-12.559315099999935],[-39.80455359999996,-12.536128399999939],[-39.82745019999993,-12.534367999999972],[-39.851968099999965,-12.512706799999933],[-39.89845509999998,-12.524126799999976],[-39.91528539999996,-12.50835619999998],[-39.78142209999993,-12.42509119999994],[-39.77057549999995,-12.430302499999982],[-39.73895169999997,-12.41004689999994],[-39.66666419999996,-12.407866199999944],[-39.642975999999976,-12.399358499999948],[-39.62649539999995,-12.403918099999942],[-39.62728999999996,-12.393662099999972],[-39.537301199999945,-12.341070799999954],[-39.50665109999994,-12.33350299999995],[-39.46296879999994,-12.346208399999966],[-39.43096209999993,-12.328200399999957],[-39.421609399999966,-12.345982899999967],[-39.39067909999994,-12.356141699999966],[-39.395932899999934,-12.37246399999998],[-39.38618409999998,-12.374441199999978],[-39.394312999999954,-12.386606799999981],[-39.37482479999994,-12.39665309999998],[-39.38251189999994,-12.404776499999969],[-39.38018979999998,-12.433221599999968],[-39.37236369999994,-12.434694699999966],[-39.388919699999974,-12.45986419999997],[-39.37875569999994,-12.46137699999997],[-39.38680729999993,-12.46940109999997],[-39.380813399999965,-12.486688799999968],[-39.39383229999993,-12.504677199999946],[-39.38289779999997,-12.507317199999932],[-39.363480299999935,-12.542292199999963],[-39.344509699999946,-12.53031999999996],[-39.31849109999996,-12.54706159999995],[-39.394135999999946,-12.593023599999981],[-39.41704569999996,-12.616027499999973],[-39.456595499999935,-12.612774899999977]]]}},{"id":"2147","type":"Feature","properties":{"COD_IBGE":"2926004","MUNICIPIO":"Remanso","UF":"BA"},"geometry":{"type":"Polygon","coordinates":[[[-42.206435399999975,-9.292781499999933],[-42.099488399999984,-9.280881699999952],[-42.06658569999996,-9.25598599999995],[-42.02467759999996,-9.24975969999997],[-41.999905299999966,-9.265972199999965],[-41.97226619999998,-9.248638099999937],[-41.95542219999993,-9.263664699999936],[-41.91793309999997,-9.278466199999968],[-41.904680499999984,-9.259604399999944],[-41.88493289999997,-9.253466599999967],[-41.87052059999996,-9.237431399999934],[-41.85466199999996,-9.240668899999946],[-41.903144699999984,-9.704350499999975],[-41.92320239999998,-9.691502499999956],[-41.96345429999997,-9.68736999999993],[-41.99236499999995,-9.666457499999979],[-42.04451339999997,-9.673140899999964],[-42.08000469999996,-9.731106699999941],[-42.07682049999994,-9.811582999999928],[-42.095298799999966,-9.829482299999938],[-42.11915789999995,-9.888093599999934],[-42.149424299999964,-9.91122889999997],[-42.167661099999975,-9.947729599999946],[-42.205755899999986,-9.980681599999969],[-42.22649699999994,-10.02889399999998],[-42.31985219999996,-9.93633079999995],[-42.346446699999944,-9.925039699999957],[-42.353763199999946,-9.910797099999968],[-42.39308369999998,-9.914016199999935],[-42.40474519999998,-9.89532289999994],[-42.43168459999998,-9.889210999999932],[-42.43901559999995,-9.876404099999945],[-42.47618429999994,-9.876777999999945],[-42.50685509999994,-9.858495499999947],[-42.52331559999993,-9.812268899999935],[-42.61773089999997,-9.722058499999946],[-42.66379909999995,-9.738886399999956],[-42.66896749999995,-9.719406799999945],[-42.66374929999995,-9.714713199999949],[-42.68545689999996,-9.659486499999957],[-42.70087539999997,-9.645625499999937],[-42.71801999999997,-9.652458199999955],[-42.71878239999995,-9.631744599999934],[-42.71588829999996,-9.61646769999993],[-42.706735099999946,-9.613175999999953],[-42.709951699999976,-9.585111899999958],[-42.688426299999946,-9.563345999999967],[-42.69009299999993,-9.545908499999939],[-42.621720599999946,-9.54133749999994],[-42.58648249999993,-9.496774399999936],[-42.52227239999996,-9.503026999999975],[-42.493091799999945,-9.494900399999949],[-42.48602489999996,-9.48378619999994],[-42.48906889999995,-9.46203719999994],[-42.44058419999993,-9.456171199999972],[-42.428277599999944,-9.439782899999955],[-42.422986599999945,-9.413692999999967],[-42.35952459999993,-9.377613199999928],[-42.35704899999996,-9.352564499999971],[-42.32587739999997,-9.333411499999954],[-42.31694219999997,-9.317111799999964],[-42.26891269999993,-9.310446799999966],[-42.230741199999954,-9.28343149999995],[-42.206435399999975,-9.292781499999933]]]}},{"id":"2148","type":"Feature","properties":{"COD_IBGE":"2926103","MUNICIPIO":"Retirolândia","UF":"BA"},"geometry":{"type":"Polygon","coordinates":[[[-39.41850279999994,-11.564161699999943],[-39.43077089999997,-11.58241709999993],[-39.48640869999997,-11.60120029999996],[-39.50942829999997,-11.576811499999963],[-39.536157799999955,-11.569668199999967],[-39.47720259999994,-11.484963899999968],[-39.48954659999998,-11.476223699999935],[-39.399446599999976,-11.456999699999926],[-39.29064519999997,-11.371612899999946],[-39.28522949999996,-11.374660799999958],[-39.34649979999995,-11.50640599999997],[-39.41850279999994,-11.564161699999943]]]}},{"id":"2149","type":"Feature","properties":{"COD_IBGE":"2926202","MUNICIPIO":"Riachão das Neves","UF":"BA"},"geometry":{"type":"Polygon","coordinates":[[[-44.96569919999996,-12.000284499999964],[-45.02239649999996,-11.921113999999932],[-45.02495699999997,-11.902754399999935],[-45.04365319999994,-11.901151699999957],[-45.055580099999986,-11.87935749999997],[-45.087634399999956,-11.866124199999945],[-45.094808899999975,-11.855207299999961],[-45.16602349999994,-11.853145999999981],[-45.17892409999996,-11.815142899999955],[-45.19190349999997,-11.817572599999949],[-45.19078069999995,-11.808128299999964],[-45.20883209999994,-11.80251949999996],[-45.20874769999995,-11.792998599999976],[-45.223815499999944,-11.79539269999998],[-45.226989499999945,-11.773714699999971],[-45.240402899999935,-11.774808899999925],[-45.24471719999997,-11.767916799999966],[-45.255600399999935,-11.773393899999974],[-45.253312499999936,-11.767258699999957],[-45.27355479999994,-11.758462399999928],[-45.268444099999954,-11.748599999999954],[-45.28085699999997,-11.741386699999964],[-45.342353499999945,-11.735065199999951],[-45.40963949999997,-11.777946199999974],[-45.45084459999998,-11.778487999999982],[-45.47410189999994,-11.766614499999946],[-45.49165859999994,-11.767137299999945],[-45.58493279999993,-11.78825409999996],[-45.618183699999975,-11.783938099999943],[-45.634361799999965,-11.79079779999995],[-45.644061499999964,-11.77491729999997],[-45.66345439999998,-11.775892899999974],[-45.675359699999944,-11.752684199999976],[-45.70071809999996,-11.736568199999965],[-45.72762739999996,-11.733573799999931],[-45.77985509999996,-11.701589999999953],[-45.82041669999995,-11.689405699999952],[-45.83300879999996,-11.664975699999957],[-45.85470639999994,-11.647529299999974],[-45.883810799999935,-11.649177599999973],[-45.96804709999998,-11.626826799999947],[-46.05523509999995,-11.619539699999962],[-46.08089419999993,-11.624011199999927],[-46.11280629999993,-11.60603569999995],[-46.10912689999998,-11.559634599999981],[-46.01468639999996,-11.548794199999975],[-46.004584799999975,-11.56393879999996],[-45.99299439999993,-11.541135999999938],[-45.96311849999995,-11.53057339999998],[-45.91461599999997,-11.534408299999939],[-45.878462799999966,-11.52692879999995],[-45.853972099999964,-11.491091899999958],[-45.77275499999996,-11.462271899999962],[-45.71981489999996,-11.45969649999995],[-45.65775849999994,-11.436806099999956],[-45.64824269999997,-11.442684099999951],[-45.63193579999995,-11.49358449999994],[-45.55707129999996,-11.477239899999972],[-45.380943599999966,-11.38405339999997],[-45.32454729999995,-11.396570499999939],[-45.276310799999976,-11.397692099999972],[-45.262242699999945,-11.40612109999995],[-45.25713029999997,-11.420672899999943],[-45.229660199999955,-11.422582899999952],[-45.16058959999998,-11.397858799999938],[-45.14072399999998,-11.41169949999994],[-45.12689649999993,-11.401713599999937],[-45.07949759999997,-11.393718599999943],[-45.058653499999934,-11.400999699999943],[-45.02489589999993,-11.361346899999944],[-44.99269929999997,-11.362135299999977],[-44.97538769999994,-11.386842499999943],[-44.96496289999993,-11.376171499999941],[-44.95960899999994,-11.35139259999994],[-44.941282599999965,-11.33966959999998],[-44.91086399999995,-11.353878899999927],[-44.86937259999996,-11.347473999999977],[-44.83926379999997,-11.385104699999943],[-44.81744549999996,-11.384684099999959],[-44.78644269999995,-11.42044199999998],[-44.76808649999998,-11.421729399999947],[-44.71318349999996,-11.396789999999953],[-44.693705499999965,-11.41034579999996],[-44.68537519999995,-11.407828299999949],[-44.685370399999954,-11.659608699999978],[-44.674954699999944,-11.660891099999958],[-44.667022299999985,-11.67850859999993],[-44.657413099999985,-11.678413199999966],[-44.66158369999994,-11.68793009999996],[-44.65122469999994,-11.691385799999978],[-44.64188439999998,-11.70871509999995],[-44.64870909999996,-11.71863419999994],[-44.64161359999997,-11.729472099999953],[-44.65820139999994,-11.731396999999959],[-44.660498099999984,-11.754703099999972],[-44.677836199999945,-11.766387399999928],[-44.68561039999997,-11.80891639999993],[-44.70121649999993,-11.807500799999957],[-44.70417359999993,-11.818321599999933],[-44.717240799999956,-11.809852199999966],[-44.710864399999934,-11.820549599999936],[-44.72716379999997,-11.828678599999932],[-44.72905559999998,-11.846655999999939],[-44.776585799999964,-11.877994099999967],[-44.78076589999995,-11.870521199999928],[-44.806829799999946,-11.876408499999968],[-44.82994779999996,-11.892006999999978],[-44.829278399999964,-11.922875499999975],[-44.84149659999997,-11.920604599999933],[-44.83813639999994,-11.92675939999998],[-44.84942559999996,-11.925703099999964],[-44.85231939999994,-11.939285999999981],[-44.870915099999934,-11.94192499999997],[-44.86444869999997,-11.950693199999932],[-44.87742069999996,-11.955249799999933],[-44.87469979999997,-11.970076199999937],[-44.88119799999998,-11.970846799999947],[-44.87920719999994,-11.982069699999954],[-44.896811799999966,-11.997757099999944],[-44.89574419999997,-12.005285299999969],[-44.90178099999997,-12.001647599999956],[-44.90730709999997,-12.013348899999926],[-44.91821199999998,-12.003238999999951],[-44.941039099999955,-12.009568999999942],[-44.96569919999996,-12.000284499999964]]]}},{"id":"2150","type":"Feature","properties":{"COD_IBGE":"2926301","MUNICIPIO":"Riachão do Jacuípe","UF":"BA"},"geometry":{"type":"Polygon","coordinates":[[[-39.279042699999934,-11.830655899999954],[-39.27583279999993,-11.892298099999948],[-39.30767739999993,-11.94017219999995],[-39.28514179999996,-11.967671499999938],[-39.29673599999995,-11.976910799999928],[-39.29668319999996,-11.990796799999941],[-39.30972379999997,-11.989495599999941],[-39.31287659999998,-11.978559699999948],[-39.33943809999994,-11.96618559999996],[-39.36023799999998,-11.966716799999972],[-39.38493949999997,-11.990436899999963],[-39.40110789999994,-11.992199399999947],[-39.412576599999966,-12.002953199999979],[-39.53662419999995,-12.025503299999968],[-39.55864489999993,-12.00951109999994],[-39.50958739999993,-11.941415999999947],[-39.50480739999995,-11.901403199999947],[-39.467258999999956,-11.87234189999998],[-39.51892719999995,-11.824516599999981],[-39.53419649999995,-11.832449699999927],[-39.54145809999994,-11.75822299999993],[-39.64081049999993,-11.724827499999947],[-39.55709379999996,-11.675998099999958],[-39.556040199999984,-11.650791599999934],[-39.54300379999995,-11.638506599999971],[-39.554433899999935,-11.617151499999977],[-39.554105499999935,-11.59136239999998],[-39.537041999999985,-11.58771319999994],[-39.53499689999995,-11.584011999999973],[-39.53705969999993,-11.581572799999947],[-39.535297999999955,-11.574461699999972],[-39.53616019999998,-11.569671699999958],[-39.53732359999998,-11.568464999999946],[-39.53749749999997,-11.567833399999927],[-39.53749639999995,-11.567260099999942],[-39.537378599999954,-11.566571199999942],[-39.53714359999998,-11.565940399999931],[-39.53685189999993,-11.565425499999947],[-39.53650149999993,-11.564966699999957],[-39.536149999999964,-11.564336099999935],[-39.536091099999965,-11.563762899999972],[-39.537194899999974,-11.562096899999972],[-39.536084899999935,-11.563765399999966],[-39.53614369999997,-11.56433869999995],[-39.53737239999998,-11.566573699999935],[-39.53749129999994,-11.567835999999943],[-39.536154599999975,-11.569673199999954],[-39.50942829999997,-11.576811499999963],[-39.48640869999997,-11.60120029999996],[-39.36268959999995,-11.646792799999957],[-39.26233719999993,-11.73760029999994],[-39.24022889999998,-11.773619099999962],[-39.279042699999934,-11.830655899999954]]]}},{"id":"2151","type":"Feature","properties":{"COD_IBGE":"2926400","MUNICIPIO":"Riacho de Santana","UF":"BA"},"geometry":{"type":"Polygon","coordinates":[[[-42.76259969999995,-13.640213099999926],[-42.767421999999954,-13.686310899999967],[-42.77886829999994,-13.703055799999959],[-42.772824999999955,-13.746556699999928],[-42.94369629999994,-13.752970499999947],[-43.02859349999994,-13.734194299999956],[-43.05496259999995,-13.759235699999977],[-43.06138599999997,-13.779128399999934],[-43.06884759999997,-13.774347399999954],[-43.09356539999993,-13.784703099999945],[-43.11587029999998,-13.82026609999997],[-43.108394199999964,-13.830183499999976],[-43.126211599999976,-13.831637199999932],[-43.138787099999945,-13.84482429999997],[-43.133132099999955,-13.887616099999946],[-43.10386729999993,-13.934252899999933],[-43.132552799999985,-13.985695199999952],[-43.16321849999997,-13.97467169999993],[-43.18965289999994,-13.98086319999993],[-43.19421799999998,-13.990666399999952],[-43.22033709999994,-13.981919799999957],[-43.257809399999985,-13.996473099999946],[-43.27069869999997,-13.985684899999967],[-43.27461049999994,-13.993335699999932],[-43.29768119999994,-13.992348999999933],[-43.32765679999994,-13.98987939999995],[-43.34980609999997,-13.975058399999966],[-43.370051599999954,-13.97970909999998],[-43.37845459999994,-13.973033199999975],[-43.37977499999994,-13.955484999999953],[-43.408024499999954,-13.939106799999934],[-43.415758299999936,-13.910752199999934],[-43.42782549999998,-13.91324549999996],[-43.438040299999955,-13.904717699999935],[-43.434965999999974,-13.895540499999981],[-43.44329779999998,-13.893807599999946],[-43.439463899999964,-13.876172199999928],[-43.241323499999964,-13.610394199999973],[-43.18766109999996,-13.519012699999962],[-43.16306499999996,-13.441530599999965],[-43.129430799999966,-13.427596299999948],[-43.11651789999996,-13.323909199999946],[-42.96006149999994,-13.334057499999972],[-42.94754679999994,-13.29052239999993],[-42.92624239999998,-13.298593399999959],[-42.91391219999997,-13.294745599999942],[-42.79447689999995,-13.35424779999994],[-42.791502599999944,-13.363060399999938],[-42.78093269999994,-13.364765299999931],[-42.78263149999998,-13.380527899999947],[-42.76833259999995,-13.404800099999932],[-42.73935549999993,-13.408065299999976],[-42.74745229999996,-13.418682899999965],[-42.72888799999998,-13.424977999999953],[-42.72749399999998,-13.417831499999977],[-42.715909299999964,-13.416579199999944],[-42.72050709999996,-13.43309709999994],[-42.69593069999996,-13.451072599999975],[-42.69896769999997,-13.459127799999976],[-42.686230999999964,-13.462490599999967],[-42.680079699999965,-13.479524099999935],[-42.69412619999997,-13.480446799999982],[-42.709429599999964,-13.497630499999957],[-42.70791049999997,-13.526822299999935],[-42.71860559999993,-13.535238599999957],[-42.716126799999984,-13.576223599999935],[-42.724404499999935,-13.603435999999931],[-42.70507639999994,-13.634340799999961],[-42.72843199999994,-13.642647999999951],[-42.73755859999994,-13.631502299999966],[-42.752399699999955,-13.633521899999948],[-42.76259969999995,-13.640213099999926]]]}},{"id":"2152","type":"Feature","properties":{"COD_IBGE":"2926509","MUNICIPIO":"Ribeira do Amparo","UF":"BA"},"geometry":{"type":"Polygon","coordinates":[[[-38.238750799999934,-10.86710039999997],[-38.228168299999936,-10.914183899999955],[-38.21525349999996,-10.922694899999954],[-38.210321799999974,-10.931046399999957],[-38.24580489999994,-10.921182399999964],[-38.32207829999993,-11.072056399999951],[-38.404156599999965,-11.098086699999953],[-38.437877399999934,-11.118069099999957],[-38.47502719999994,-11.08875409999996],[-38.491515299999946,-11.088931999999943],[-38.503792499999975,-11.05516119999993],[-38.51697969999998,-11.058340599999951],[-38.54214579999996,-11.02519929999994],[-38.55799529999996,-11.020595999999955],[-38.52993179999993,-10.97690629999994],[-38.53099659999998,-10.960090399999956],[-38.46926869999993,-10.939120999999943],[-38.45929179999996,-10.921257399999945],[-38.44254539999997,-10.911033299999929],[-38.40966479999997,-10.917099899999926],[-38.410832899999946,-10.880099599999937],[-38.37715499999996,-10.876097499999958],[-38.377023099999974,-10.840224699999965],[-38.35298749999998,-10.840249699999958],[-38.33964789999993,-10.826895499999978],[-38.34314349999994,-10.816498599999932],[-38.29824389999993,-10.827517099999966],[-38.26808489999996,-10.814464899999962],[-38.24963769999994,-10.82081439999996],[-38.23682829999996,-10.808163499999978],[-38.24500899999998,-10.822641499999975],[-38.23139829999997,-10.84293409999998],[-38.238750799999934,-10.86710039999997]]]}},{"id":"2153","type":"Feature","properties":{"COD_IBGE":"2926608","MUNICIPIO":"Ribeira do Pombal","UF":"BA"},"geometry":{"type":"Polygon","coordinates":[[[-38.56143929999996,-10.649738599999978],[-38.55955869999997,-10.598946399999932],[-38.54519269999997,-10.56346259999998],[-38.53396079999993,-10.564127999999926],[-38.53013109999995,-10.574842499999932],[-38.50664889999996,-10.588531099999955],[-38.498261699999944,-10.60596049999998],[-38.437016899999946,-10.609168499999953],[-38.39825159999998,-10.629873199999963],[-38.39483439999998,-10.706631499999958],[-38.37653689999996,-10.70799489999996],[-38.37715499999996,-10.876097499999958],[-38.410832899999946,-10.880099599999937],[-38.40966479999997,-10.917099899999926],[-38.44254539999997,-10.911033299999929],[-38.45929179999996,-10.921257399999945],[-38.46926869999993,-10.939120999999943],[-38.53099659999998,-10.960090399999956],[-38.52993179999993,-10.97690629999994],[-38.55799529999996,-11.020595999999955],[-38.57407129999996,-11.025122299999964],[-38.59377369999993,-11.020242499999938],[-38.59395519999998,-10.988441799999976],[-38.625314999999944,-10.94022739999997],[-38.66761059999993,-10.899264399999936],[-38.71114179999995,-10.890044099999955],[-38.77517519999998,-10.773904499999958],[-38.75877219999995,-10.73305019999998],[-38.73426699999993,-10.71799109999995],[-38.67920449999997,-10.727208699999949],[-38.66605419999996,-10.707538899999975],[-38.64336829999996,-10.718398399999955],[-38.58950039999996,-10.699659899999972],[-38.57591279999997,-10.689564099999927],[-38.57265679999995,-10.65928809999997],[-38.56143929999996,-10.649738599999978]]]}},{"id":"2154","type":"Feature","properties":{"COD_IBGE":"2926657","MUNICIPIO":"Ribeirão do Largo","UF":"BA"},"geometry":{"type":"Polygon","coordinates":[[[-40.61647979999998,-15.62650739999998],[-40.64325599999995,-15.601740799999959],[-40.64972199999994,-15.615558499999963],[-40.68297659999996,-15.576526799999954],[-40.73911059999995,-15.53330189999997],[-40.74939559999996,-15.478690099999938],[-40.77598059999997,-15.48717739999995],[-40.78289139999998,-15.476012999999966],[-40.809887799999956,-15.471400499999959],[-40.832000499999936,-15.444946699999946],[-40.85167119999994,-15.436807099999953],[-40.85207819999994,-15.41917129999996],[-40.87188459999993,-15.41143859999994],[-40.89283119999993,-15.362958699999979],[-40.87501469999995,-15.325792799999931],[-40.883438199999944,-15.294226799999933],[-40.82119449999993,-15.304429099999936],[-40.81674429999998,-15.29659849999996],[-40.82408039999996,-15.289129499999945],[-40.803220599999975,-15.278745699999945],[-40.78964399999995,-15.246776999999952],[-40.72055819999997,-15.24374309999996],[-40.704979599999945,-15.251185199999952],[-40.678419599999984,-15.238861999999926],[-40.66758919999995,-15.26673999999997],[-40.65409569999997,-15.26809899999995],[-40.652309199999934,-15.275600899999972],[-40.64200429999994,-15.25462669999996],[-40.628340599999945,-15.250502899999958],[-40.63771639999993,-15.269651799999963],[-40.634117799999956,-15.281636999999932],[-40.62300909999993,-15.265408899999954],[-40.60898879999996,-15.283820899999967],[-40.59172509999996,-15.282309299999952],[-40.59109159999997,-15.263857299999927],[-40.571740699999964,-15.279023299999949],[-40.54478789999996,-15.269660199999976],[-40.54656529999994,-15.28783629999998],[-40.52302539999994,-15.275218499999937],[-40.51067439999997,-15.283395999999982],[-40.49241049999995,-15.277380499999936],[-40.48946769999998,-15.295249999999953],[-40.47623909999993,-15.292570099999978],[-40.47061389999993,-15.301361999999926],[-40.50067399999995,-15.415932999999939],[-40.48070149999995,-15.604852999999935],[-40.49347579999994,-15.624934199999927],[-40.49428539999997,-15.65501729999994],[-40.51267619999993,-15.677813299999968],[-40.53454609999994,-15.676210399999945],[-40.54173679999997,-15.667024399999946],[-40.563759199999936,-15.663353399999949],[-40.58466419999996,-15.639254899999969],[-40.61647979999998,-15.62650739999998]]]}},{"id":"2155","type":"Feature","properties":{"COD_IBGE":"2926707","MUNICIPIO":"Rio de Contas","UF":"BA"},"geometry":{"type":"Polygon","coordinates":[[[-41.68956399999996,-13.737115399999936],[-41.68581059999997,-13.715497099999936],[-41.696131399999956,-13.712731899999937],[-41.711397999999974,-13.685492299999964],[-41.74339149999997,-13.671396699999946],[-41.749630999999965,-13.660994699999947],[-41.762256699999966,-13.660925199999951],[-41.784505699999954,-13.637427999999943],[-41.79880239999994,-13.635648799999956],[-41.809284599999955,-13.612489399999959],[-41.83677809999995,-13.601576399999942],[-41.85972559999993,-13.571501499999954],[-41.906490599999984,-13.548354099999926],[-41.928137299999946,-13.553210199999967],[-41.95575119999995,-13.529341199999976],[-41.968088799999975,-13.527453899999955],[-41.95123509999996,-13.497552699999972],[-41.96883219999995,-13.487217899999962],[-41.96863029999997,-13.464789699999926],[-41.94916239999998,-13.40268459999993],[-41.94758499999995,-13.34338669999994],[-41.91599419999994,-13.334148699999957],[-41.90913629999994,-13.31144839999996],[-41.86948659999996,-13.34596799999997],[-41.870561399999985,-13.363844299999926],[-41.79480619999998,-13.424013699999932],[-41.79143549999998,-13.373103299999968],[-41.76551479999995,-13.353941899999938],[-41.74657439999993,-13.324802099999943],[-41.74236479999996,-13.36691159999998],[-41.75606209999995,-13.394154899999933],[-41.75268379999994,-13.411784099999977],[-41.77132319999998,-13.418907099999956],[-41.77264409999998,-13.431430699999964],[-41.76293519999996,-13.44280219999996],[-41.74448599999994,-13.439497099999926],[-41.71331989999993,-13.45787759999996],[-41.697702299999946,-13.47857769999996],[-41.69603429999995,-13.521737599999938],[-41.66832279999994,-13.529274199999975],[-41.64674579999996,-13.572201199999938],[-41.62954199999996,-13.561555299999952],[-41.62045109999997,-13.54403659999997],[-41.614003399999945,-13.545829699999956],[-41.60687759999996,-13.580244099999959],[-41.61469459999995,-13.594440299999974],[-41.60588199999995,-13.60026019999998],[-41.60374809999996,-13.625794399999961],[-41.61709559999997,-13.625658699999974],[-41.60831349999995,-13.629629299999976],[-41.604625899999974,-13.640987499999937],[-41.61310139999995,-13.64377479999996],[-41.60474829999998,-13.646160799999961],[-41.60567969999994,-13.670887499999935],[-41.59305779999994,-13.690103399999941],[-41.60030109999997,-13.707208899999955],[-41.59598179999995,-13.713218599999948],[-41.586901599999976,-13.70851399999998],[-41.59029309999994,-13.724041299999953],[-41.57760349999995,-13.726729899999953],[-41.57655299999993,-13.752868299999932],[-41.54514919999997,-13.761809699999958],[-41.53848209999995,-13.771105199999965],[-41.543346199999974,-13.77781349999998],[-41.53145729999994,-13.781471299999964],[-41.54199489999996,-13.802570499999945],[-41.52297199999998,-13.814661299999955],[-41.52821519999998,-13.827648299999964],[-41.51770749999997,-13.833957599999962],[-41.520970999999975,-13.848699799999963],[-41.513765199999966,-13.854860299999928],[-41.51941899999997,-13.866479099999935],[-41.50939349999993,-13.870346799999936],[-41.50790299999994,-13.902238999999952],[-41.49906239999996,-13.903094099999976],[-41.49248799999998,-13.915295499999957],[-41.559163499999954,-13.94430529999994],[-41.578352999999936,-13.86601029999997],[-41.599649899999974,-13.850062099999946],[-41.60441489999994,-13.832987299999957],[-41.63953159999994,-13.795752799999946],[-41.64049079999995,-13.78158209999998],[-41.656856199999936,-13.759176199999956],[-41.68956399999996,-13.737115399999936]]]}},{"id":"2156","type":"Feature","properties":{"COD_IBGE":"2926806","MUNICIPIO":"Rio do Antônio","UF":"BA"},"geometry":{"type":"Polygon","coordinates":[[[-42.11969099999993,-14.166638199999966],[-42.11053909999998,-14.160420199999976],[-41.99428649999993,-14.167277499999955],[-41.97964129999997,-14.22633339999993],[-41.96850949999998,-14.233979899999952],[-41.968722799999966,-14.250028899999961],[-41.98607069999997,-14.254759699999966],[-41.97736759999998,-14.270351799999958],[-41.98109349999993,-14.285379499999976],[-41.967299699999955,-14.292763299999933],[-41.95296709999997,-14.389879299999961],[-41.93176209999996,-14.419380099999955],[-42.07066869999994,-14.44713719999993],[-42.15045239999995,-14.488973199999975],[-42.173369399999956,-14.408107099999938],[-42.230933499999935,-14.37763119999994],[-42.194157099999984,-14.375364399999967],[-42.204484899999954,-14.353575399999954],[-42.20471859999998,-14.31613729999998],[-42.186428699999965,-14.260814399999958],[-42.17217059999996,-14.247513999999967],[-42.20785459999996,-14.204945799999962],[-42.229380299999946,-14.199165799999946],[-42.22205159999993,-14.192997499999933],[-42.22383369999994,-14.171229499999981],[-42.18529069999994,-14.172652199999959],[-42.14465319999994,-14.15981949999997],[-42.11969099999993,-14.166638199999966]]]}},{"id":"2157","type":"Feature","properties":{"COD_IBGE":"2926905","MUNICIPIO":"Rio do Pires","UF":"BA"},"geometry":{"type":"Polygon","coordinates":[[[-42.20222529999995,-13.126135499999975],[-42.23875339999995,-13.117266799999982],[-42.24425979999995,-13.10703959999995],[-42.263589499999966,-13.121776799999964],[-42.27738649999998,-13.116111899999964],[-42.29975409999997,-13.135016299999961],[-42.33764189999994,-13.101181399999973],[-42.34049109999995,-13.074690099999941],[-42.35835279999998,-13.072316799999953],[-42.38124899999997,-13.048365899999965],[-42.35421279999997,-13.033832099999927],[-42.33719019999995,-13.04306379999997],[-42.30374599999993,-13.026478999999938],[-42.28922929999993,-13.033871199999965],[-42.266791799999964,-13.007722699999931],[-42.26882279999995,-12.994030499999951],[-42.25772039999998,-12.981810499999938],[-42.24754699999994,-12.977164699999946],[-42.21201569999994,-12.983507499999973],[-42.20223699999997,-12.964661599999943],[-42.16813569999994,-12.959675199999936],[-42.16185919999998,-13.001027399999941],[-42.145291199999974,-13.01657819999997],[-42.12670849999995,-13.017364099999952],[-42.11174529999994,-13.033974499999943],[-42.10285559999994,-13.067853499999956],[-42.11011759999997,-13.081777699999975],[-42.102279099999976,-13.09597969999993],[-42.103656299999955,-13.132727199999977],[-42.08219819999994,-13.15230159999993],[-42.07311759999993,-13.15205229999998],[-42.05914999999993,-13.181407899999954],[-42.031397399999946,-13.176153499999941],[-42.01485799999995,-13.188838699999963],[-41.98576899999995,-13.23420299999998],[-41.913237899999956,-13.263258399999927],[-41.902246299999945,-13.31012469999996],[-41.975261699999976,-13.296927399999959],[-41.98354539999997,-13.306251799999927],[-41.99706649999996,-13.304522099999929],[-42.00865529999993,-13.287055499999951],[-42.03275899999994,-13.294546899999943],[-42.09643369999998,-13.261065299999927],[-42.13125779999996,-13.257781199999954],[-42.157959999999946,-13.22724779999993],[-42.170870599999944,-13.18453569999997],[-42.18680869999997,-13.172559399999955],[-42.18000409999996,-13.164425699999981],[-42.20212539999994,-13.141129999999976],[-42.20222529999995,-13.126135499999975]]]}},{"id":"2158","type":"Feature","properties":{"COD_IBGE":"2927002","MUNICIPIO":"Rio Real","UF":"BA"},"geometry":{"type":"Polygon","coordinates":[[[-37.949595099999954,-11.615570399999967],[-38.00367789999996,-11.578328099999965],[-38.055518699999936,-11.529916999999955],[-38.04850069999998,-11.497345499999938],[-38.06329039999997,-11.476681699999972],[-38.076100699999984,-11.475058899999965],[-38.08205019999997,-11.458425099999943],[-38.07943889999996,-11.440866599999936],[-38.03474689999996,-11.417456199999947],[-38.03750069999995,-11.411280499999975],[-38.02577709999997,-11.398576699999978],[-38.03660949999994,-11.390158699999972],[-37.99101339999993,-11.34107789999996],[-37.96783999999997,-11.379473599999926],[-37.98147979999993,-11.386403599999937],[-37.96514279999997,-11.391877799999975],[-37.96503769999998,-11.402119999999968],[-37.952803899999935,-11.394487599999934],[-37.95595869999994,-11.406862299999943],[-37.945363999999984,-11.412788999999975],[-37.944521099999974,-11.424223499999925],[-37.93636909999998,-11.421661399999948],[-37.92755779999993,-11.401302399999963],[-37.905314499999974,-11.408273999999949],[-37.90716599999996,-11.426715599999966],[-37.89915439999993,-11.438253399999951],[-37.88238039999993,-11.42470469999995],[-37.86608259999997,-11.427098399999977],[-37.880335299999956,-11.433210599999938],[-37.867591999999945,-11.442456299999947],[-37.848108399999944,-11.44302879999998],[-37.863336199999935,-11.453223999999977],[-37.86417959999994,-11.466881199999932],[-37.847847299999955,-11.46972599999998],[-37.838929399999984,-11.482514099999946],[-37.80817779999995,-11.496733199999937],[-37.81929649999995,-11.502724799999953],[-37.81229039999994,-11.517018399999927],[-37.799976699999945,-11.52137609999994],[-37.82887059999996,-11.558598699999948],[-37.826115699999946,-11.588786599999935],[-37.822010199999966,-11.59749359999995],[-37.80328549999996,-11.603576799999928],[-37.80415549999998,-11.613341099999957],[-37.78063479999997,-11.63496639999994],[-37.75844489999997,-11.642390699999964],[-37.73130869999994,-11.710603699999979],[-37.735515599999985,-11.720844899999975],[-37.727224699999965,-11.726147399999945],[-37.77458279999996,-11.70191159999996],[-37.79379929999993,-11.73109329999994],[-37.83694109999993,-11.734359599999948],[-37.86053939999994,-11.712545899999952],[-37.86509369999993,-11.684092299999975],[-37.900400099999956,-11.689303299999949],[-37.91875739999995,-11.668111899999928],[-37.93641659999997,-11.668160999999941],[-37.94815609999995,-11.636950299999967],[-37.93107889999993,-11.619180099999937],[-37.949595099999954,-11.615570399999967]]]}},{"id":"2159","type":"Feature","properties":{"COD_IBGE":"2927101","MUNICIPIO":"Rodelas","UF":"BA"},"geometry":{"type":"Polygon","coordinates":[[[-38.68354489999996,-9.216113599999971],[-38.98220189999995,-8.87039459999994],[-38.98205349999995,-8.854314099999954],[-38.96411989999996,-8.82945849999993],[-38.965265199999976,-8.815259399999945],[-38.952363899999966,-8.804538599999944],[-38.868104399999936,-8.783865399999968],[-38.804069899999945,-8.78918109999995],[-38.739683699999944,-8.844847699999946],[-38.70654349999995,-8.862260599999956],[-38.68923259999997,-8.947395599999936],[-38.672515799999985,-8.973975499999938],[-38.64071029999997,-8.98726819999996],[-38.624098499999945,-8.980046899999934],[-38.609239799999955,-8.955120999999963],[-38.603824299999985,-8.880590599999948],[-38.57042859999996,-8.830369099999928],[-38.55184269999995,-8.822629399999926],[-38.51240669999993,-8.83058589999996],[-38.47079219999995,-8.861625299999957],[-38.479318199999966,-8.90174369999994],[-38.51679869999998,-8.933235399999944],[-38.51404209999998,-8.960038599999962],[-38.53729759999993,-8.960028199999954],[-38.54805619999996,-8.99102739999995],[-38.584237299999984,-9.036053099999947],[-38.583980199999985,-9.17493339999993],[-38.59795959999997,-9.18787169999996],[-38.59186219999998,-9.21984569999995],[-38.60762609999995,-9.256578599999955],[-38.602691999999934,-9.26547329999994],[-38.56442109999995,-9.258751399999937],[-38.57355819999998,-9.290503799999954],[-38.56146419999993,-9.31771809999998],[-38.56908349999998,-9.33963099999994],[-38.570054599999935,-9.41262469999998],[-38.61729169999995,-9.44606639999995],[-38.639891399999954,-9.53041989999997],[-38.49306029999997,-9.489765599999942],[-38.49148169999995,-9.529696599999966],[-38.50021099999998,-9.552963899999952],[-38.505183099999954,-9.621130599999958],[-38.53200389999995,-9.649758299999974],[-38.548945999999944,-9.68547419999993],[-38.784789399999966,-9.646817299999952],[-38.78523059999998,-9.538125699999966],[-38.72100309999996,-9.480898099999933],[-38.71507529999997,-9.456239099999948],[-38.68336769999996,-9.434895199999971],[-38.69824219999998,-9.408507999999927],[-38.69711169999994,-9.394738099999927],[-38.70698249999998,-9.389012399999956],[-38.68279299999995,-9.354795799999977],[-38.65495699999997,-9.337767499999927],[-38.64729689999996,-9.323914199999933],[-38.67465359999994,-9.294416999999953],[-38.68354489999996,-9.216113599999971]]]}},{"id":"2160","type":"Feature","properties":{"COD_IBGE":"2927200","MUNICIPIO":"Ruy Barbosa","UF":"BA"},"geometry":{"type":"Polygon","coordinates":[[[-40.404555899999934,-12.178328299999976],[-40.39369009999996,-12.171771099999944],[-40.385150899999985,-12.191392899999926],[-40.366643599999975,-12.18620809999993],[-40.355794799999956,-12.195473499999935],[-40.34450229999993,-12.189982999999927],[-40.32197139999994,-12.20284259999994],[-40.31597419999997,-12.199092099999973],[-40.31069039999994,-12.216653399999927],[-40.28529839999993,-12.216156499999954],[-40.27323239999998,-12.22627099999994],[-40.259657699999934,-12.216524599999957],[-40.22586179999996,-12.223892199999966],[-40.20421689999995,-12.214007899999956],[-40.19405879999994,-12.231908799999928],[-40.18557889999994,-12.233155299999964],[-40.171632199999976,-12.219421499999953],[-40.15696909999997,-12.236296399999958],[-40.15653129999998,-12.248496199999977],[-40.13638049999997,-12.25178649999998],[-40.133257999999955,-12.299395299999958],[-40.12406859999993,-12.303273199999978],[-40.11252819999993,-12.331067399999938],[-40.12987979999997,-12.336801699999967],[-40.13245889999996,-12.349959999999953],[-40.15332999999998,-12.345844499999941],[-40.16871319999996,-12.352989499999978],[-40.18451289999996,-12.329476799999952],[-40.182843599999956,-12.320573799999977],[-40.198911599999974,-12.315310299999965],[-40.21238539999996,-12.282244499999933],[-40.27629729999995,-12.263847299999952],[-40.29153749999995,-12.267762199999936],[-40.30334819999996,-12.25807569999995],[-40.31931469999995,-12.264985399999944],[-40.331582399999945,-12.256489999999928],[-40.33704019999993,-12.263064199999974],[-40.36234049999996,-12.256199699999968],[-40.37508529999997,-12.273794799999962],[-40.39079279999993,-12.261713799999939],[-40.41917629999995,-12.279461699999956],[-40.42629169999998,-12.270038799999952],[-40.44049709999996,-12.298564399999975],[-40.461611999999946,-12.315102299999978],[-40.48065079999998,-12.310684799999933],[-40.48750499999994,-12.330262799999957],[-40.498431299999936,-12.33168429999995],[-40.508603499999936,-12.365924999999947],[-40.53013249999998,-12.400212099999976],[-40.597577799999954,-12.453067199999964],[-40.68648769999993,-12.448522499999967],[-40.764592999999934,-12.379256899999973],[-40.77767509999995,-12.382707899999957],[-40.83507229999998,-12.299400899999966],[-40.875944499999946,-12.26515749999993],[-40.983489599999984,-12.262608099999966],[-40.98867319999994,-12.253348599999981],[-41.009000199999946,-12.248916699999938],[-41.04077149999995,-12.211148799999933],[-41.049068699999964,-12.18161669999995],[-41.04087819999995,-12.14760039999993],[-40.99726419999996,-12.148680799999966],[-40.97212149999996,-12.129050799999959],[-40.89401039999996,-12.154916599999979],[-40.87359349999997,-12.125741399999981],[-40.56970699999994,-12.078558499999929],[-40.555831299999966,-12.08592479999993],[-40.55620539999995,-12.09453179999997],[-40.52475039999996,-12.091175199999952],[-40.506190499999946,-12.098751099999959],[-40.501882999999964,-12.116357299999947],[-40.49559419999997,-12.105953099999965],[-40.485739999999964,-12.110543399999926],[-40.47790919999994,-12.101580799999965],[-40.470244599999944,-12.107471699999962],[-40.458799399999975,-12.10205979999995],[-40.45494609999997,-12.127282599999944],[-40.443960999999945,-12.131705799999963],[-40.42705529999995,-12.125533599999926],[-40.42612939999998,-12.146144099999958],[-40.40026459999996,-12.156200299999966],[-40.40857829999993,-12.172336499999972],[-40.404555899999934,-12.178328299999976]]]}},{"id":"2161","type":"Feature","properties":{"COD_IBGE":"2927309","MUNICIPIO":"Salinas da Margarida","UF":"BA"},"geometry":{"type":"Polygon","coordinates":[[[-38.75145999999995,-12.966850699999952],[-38.79729749999996,-12.94644169999998],[-38.81835189999998,-12.907477599999936],[-38.81781569999998,-12.874941499999977],[-38.80653559999996,-12.87113519999997],[-38.801885599999935,-12.838532699999973],[-38.69856459999994,-12.800553399999956],[-38.72152079999995,-12.84735379999995],[-38.70321699999994,-12.87689899999998],[-38.70844489999996,-12.90131329999997],[-38.73239449999994,-12.94807039999995],[-38.75145999999995,-12.966850699999952]]]}},{"id":"2162","type":"Feature","properties":{"COD_IBGE":"2927408","MUNICIPIO":"Salvador","UF":"BA"},"geometry":{"type":"Polygon","coordinates":[[[-38.37710059999995,-12.953674399999954],[-38.46874699999995,-13.014881699999933],[-38.585585899999955,-13.012673199999938],[-38.561844399999984,-12.957883999999979],[-38.56415769999995,-12.923237799999981],[-38.588799499999936,-12.892617299999927],[-38.66148959999998,-12.855045899999936],[-38.68801159999998,-12.83054569999996],[-38.69856459999994,-12.800553399999956],[-38.69522049999995,-12.754111699999953],[-38.58790179999994,-12.753955399999938],[-38.58319869999997,-12.733562399999926],[-38.51196119999997,-12.744667899999968],[-38.49964939999995,-12.784712999999954],[-38.48914989999997,-12.790819499999941],[-38.47418109999995,-12.784479699999963],[-38.46120089999994,-12.793245099999979],[-38.466204699999935,-12.816678799999977],[-38.45488389999997,-12.842339899999956],[-38.44074129999996,-12.839745899999969],[-38.40676959999996,-12.873538699999926],[-38.39048699999995,-12.855308599999944],[-38.39275459999993,-12.844018799999958],[-38.378893999999946,-12.822571399999958],[-38.36696329999995,-12.826299199999937],[-38.353446599999984,-12.839147199999957],[-38.354862999999966,-12.89466559999994],[-38.34096039999997,-12.906906799999945],[-38.32729809999995,-12.89781279999994],[-38.30614179999998,-12.903863499999943],[-38.304332699999975,-12.910872899999958],[-38.35270849999995,-12.956785499999967],[-38.37710059999995,-12.953674399999954]]]}},{"id":"2163","type":"Feature","properties":{"COD_IBGE":"2927507","MUNICIPIO":"Santa Bárbara","UF":"BA"},"geometry":{"type":"Polygon","coordinates":[[[-38.89968309999995,-11.973717999999963],[-38.90442839999997,-12.027902799999936],[-38.920795399999975,-12.015939799999956],[-38.94139689999997,-12.026872699999956],[-38.96416339999996,-12.019128099999932],[-38.988588499999935,-12.059310599999947],[-39.04172699999998,-12.053037899999936],[-39.06258459999998,-12.026226999999949],[-39.05416769999994,-12.00466119999993],[-39.05887319999994,-11.97645749999998],[-39.043497499999944,-11.934265399999958],[-39.014388699999984,-11.912153399999966],[-39.026215399999955,-11.868726699999968],[-39.05635139999998,-11.84789539999997],[-39.06564909999997,-11.829622699999959],[-39.013287899999966,-11.82120939999993],[-38.99777759999995,-11.805853699999943],[-38.93497249999996,-11.837103299999967],[-38.92302619999998,-11.887563899999975],[-38.90653569999995,-11.919220099999961],[-38.89968309999995,-11.973717999999963]]]}},{"id":"2164","type":"Feature","properties":{"COD_IBGE":"2927606","MUNICIPIO":"Santa Brígida","UF":"BA"},"geometry":{"type":"Polygon","coordinates":[[[-38.000602999999956,-9.820026699999971],[-38.00306939999996,-9.838801299999943],[-37.99544419999995,-9.846078699999964],[-38.00226199999997,-9.857074199999943],[-38.01397959999997,-9.857267799999931],[-37.99409939999998,-9.880705699999965],[-37.99836529999993,-9.905924599999935],[-38.02990639999996,-9.907635399999947],[-38.08315339999996,-9.896845199999973],[-38.102239699999984,-9.882482099999947],[-38.11617079999996,-9.921676099999956],[-38.133448999999985,-9.906862399999966],[-38.14888559999997,-9.916263899999933],[-38.191400999999985,-9.899004999999931],[-38.205281499999955,-9.908667099999946],[-38.26677459999996,-9.860396999999978],[-38.332917399999985,-9.785100799999952],[-38.44325639999994,-9.698609999999974],[-38.36365329999995,-9.706840399999976],[-38.350863799999956,-9.677970499999958],[-38.307604699999956,-9.660970999999961],[-38.28533299999998,-9.690631399999972],[-38.22481589999995,-9.67447119999997],[-38.19103299999995,-9.676892599999974],[-38.175873699999954,-9.669636799999978],[-38.156660699999975,-9.677520799999968],[-38.14472219999993,-9.658451499999956],[-38.14843709999997,-9.64958489999998],[-38.13653379999994,-9.640289499999938],[-38.12425059999998,-9.644835999999941],[-38.12278159999994,-9.620404999999948],[-38.08966209999994,-9.611197799999957],[-38.083983699999976,-9.599065199999927],[-38.06103889999997,-9.587637899999947],[-38.052547199999935,-9.605276999999944],[-38.05562349999997,-9.632201399999929],[-38.037188199999946,-9.62804749999998],[-38.008961399999976,-9.649058299999979],[-38.03221919999993,-9.66068649999994],[-38.03430009999994,-9.686716099999956],[-38.04494549999998,-9.696863099999973],[-38.04404959999994,-9.71865239999994],[-38.03253659999996,-9.77027499999997],[-38.02009789999994,-9.777509899999927],[-38.02031809999994,-9.798302199999966],[-38.000602999999956,-9.820026699999971]]]}},{"id":"2165","type":"Feature","properties":{"COD_IBGE":"2927705","MUNICIPIO":"Santa Cruz Cabrália","UF":"BA"},"geometry":{"type":"MultiPolygon","coordinates":[[[[-39.010536799999954,-16.244508699999926],[-39.02281719999996,-16.31755469999996],[-39.00606079999994,-16.332755299999974],[-39.00875659999997,-16.345747999999958],[-39.11443269999995,-16.362108699999965],[-39.16623419999996,-16.387648999999954],[-39.18459199999995,-16.383962199999928],[-39.19197609999998,-16.396313199999952],[-39.239854899999955,-16.373807799999952],[-39.26256989999996,-16.37133629999994],[-39.307402999999965,-16.37309659999994],[-39.347848099999965,-16.38844849999998],[-39.43891309999998,-16.383806299999947],[-39.45679209999997,-16.391875099999936],[-39.43873329999997,-16.282636899999943],[-39.39808859999994,-16.28321449999993],[-39.38244079999998,-16.268103999999937],[-39.39813639999994,-16.260499599999946],[-39.42066589999996,-16.232852099999945],[-39.402695499999936,-16.09803599999998],[-39.37080979999996,-16.123747999999978],[-39.30309129999995,-16.110993599999972],[-39.27949669999998,-16.132186499999932],[-39.23025089999993,-16.091195099999936],[-39.16328829999998,-16.066094199999952],[-39.15051939999995,-16.052244299999927],[-38.948407799999984,-16.092387199999962],[-38.956663799999944,-16.12909469999994],[-38.94810669999998,-16.15566649999994],[-38.97419849999994,-16.213213199999927],[-39.010536799999954,-16.244508699999926]]],[[[-38.918965199999946,-16.178960399999937],[-38.920041599999934,-16.178750099999945],[-38.91926689999997,-16.178071599999953],[-38.918965199999946,-16.178960399999937]]],[[[-38.955281499999955,-16.22485269999993],[-38.95605679999994,-16.22527729999996],[-38.95551859999995,-16.22470809999993],[-38.955281499999955,-16.22485269999993]]]]}},{"id":"2166","type":"Feature","properties":{"COD_IBGE":"2927804","MUNICIPIO":"Santa Cruz da Vitória","UF":"BA"},"geometry":{"type":"Polygon","coordinates":[[[-39.770718699999975,-14.909592499999974],[-39.75121229999996,-14.908593899999971],[-39.74342189999993,-14.923642099999938],[-39.737580299999934,-14.911951599999952],[-39.73222009999995,-14.91403639999993],[-39.720614499999954,-14.971551099999942],[-39.69583869999997,-14.965473499999973],[-39.68890989999994,-14.952632299999948],[-39.68728319999997,-14.971148699999958],[-39.730600599999946,-14.983946999999944],[-39.744541899999945,-14.976855899999975],[-39.76724249999995,-14.991396899999927],[-39.78499119999998,-14.990218099999936],[-39.813026599999944,-14.970966799999928],[-39.831390099999965,-14.986784599999964],[-39.834892099999934,-15.001627399999961],[-39.85411289999996,-14.991569199999958],[-39.86353859999997,-15.01053079999997],[-39.88487759999998,-15.012998699999969],[-39.862550399999975,-14.978324099999952],[-39.881747099999984,-14.866100299999971],[-39.86928439999997,-14.792353299999945],[-39.831889399999966,-14.775817099999927],[-39.822044999999946,-14.747453699999937],[-39.77938969999997,-14.741824099999974],[-39.78810109999995,-14.779409199999975],[-39.78386079999996,-14.805020899999931],[-39.80225449999995,-14.833561199999963],[-39.795158199999946,-14.85020069999996],[-39.80048389999996,-14.87364249999996],[-39.79740439999995,-14.883550799999966],[-39.77631109999993,-14.892635799999937],[-39.770718699999975,-14.909592499999974]]]}},{"id":"2167","type":"Feature","properties":{"COD_IBGE":"2927903","MUNICIPIO":"Santa Inês","UF":"BA"},"geometry":{"type":"Polygon","coordinates":[[[-39.763663099999974,-13.24802589999996],[-39.72812129999994,-13.314413299999956],[-39.721388099999956,-13.34461529999993],[-39.72700839999993,-13.369498499999963],[-39.77052299999997,-13.366293199999973],[-39.77935739999998,-13.37455719999997],[-39.81258079999998,-13.337003599999946],[-39.87735639999994,-13.391325499999937],[-39.951462799999945,-13.325841599999933],[-39.95411869999998,-13.315075499999978],[-39.97562879999998,-13.314925099999982],[-39.933213499999965,-13.291703899999959],[-39.91368539999996,-13.259027299999957],[-39.91629089999998,-13.237039899999957],[-39.922319699999946,-13.237817399999926],[-39.94442809999998,-13.215120999999954],[-39.934924199999955,-13.19937079999994],[-39.94638409999993,-13.166276799999935],[-39.94168599999995,-13.160519199999953],[-39.88948439999996,-13.166687599999932],[-39.79945849999996,-13.236427499999934],[-39.763663099999974,-13.24802589999996]]]}},{"id":"2168","type":"Feature","properties":{"COD_IBGE":"2928000","MUNICIPIO":"Santaluz","UF":"BA"},"geometry":{"type":"Polygon","coordinates":[[[-39.24024039999995,-11.212837699999966],[-39.24232039999998,-11.228587799999957],[-39.22388909999995,-11.24918219999995],[-39.21978939999997,-11.267355099999975],[-39.20545679999998,-11.273684499999945],[-39.233609799999954,-11.32313019999998],[-39.22730669999993,-11.339210399999956],[-39.271471599999984,-11.336085599999933],[-39.30627569999996,-11.36694749999998],[-39.33191169999998,-11.341503399999965],[-39.49949479999998,-11.290186399999982],[-39.69889109999997,-11.399242699999945],[-39.71941369999996,-11.394422099999929],[-39.73308719999994,-11.401332499999967],[-39.73774479999997,-11.416097299999933],[-39.75085079999997,-11.422394199999928],[-39.80303459999993,-11.391892299999938],[-39.84857069999998,-11.350337899999943],[-39.862472099999934,-11.31867589999996],[-39.875189699999964,-11.31717459999993],[-39.83522489999996,-11.305241099999932],[-39.82429629999996,-11.289971099999946],[-39.70300529999997,-11.223759599999937],[-39.661854699999935,-11.211610899999926],[-39.60668019999997,-11.154517599999963],[-39.51711679999994,-11.106560699999932],[-39.50743099999994,-11.092935799999964],[-39.49276789999993,-11.094539099999963],[-39.47704569999996,-11.06989509999994],[-39.45584979999995,-11.063767199999972],[-39.442496999999946,-11.041547599999944],[-39.42523159999996,-11.029922099999965],[-39.413982799999985,-11.035422799999935],[-39.41457499999996,-11.007202599999971],[-39.36394299999995,-10.995931999999925],[-39.36570629999994,-10.986549499999967],[-39.35650969999995,-10.99086079999995],[-39.34355179999994,-10.971535399999937],[-39.31229229999997,-10.98898429999997],[-39.27822229999998,-10.987205199999948],[-39.28233069999993,-10.990419599999939],[-39.27193859999994,-10.998123599999929],[-39.27390399999996,-11.02108439999995],[-39.288427499999955,-11.029602999999952],[-39.28934439999995,-11.044129299999952],[-39.310722699999985,-11.065361099999961],[-39.309428999999966,-11.080226299999936],[-39.25951949999995,-11.069490199999962],[-39.256645499999934,-11.154712299999971],[-39.24024039999995,-11.212837699999966]]]}},{"id":"2169","type":"Feature","properties":{"COD_IBGE":"2928059","MUNICIPIO":"Santa Luzia","UF":"BA"},"geometry":{"type":"Polygon","coordinates":[[[-39.303472599999964,-15.532911699999943],[-39.364349499999946,-15.486269499999935],[-39.36593559999994,-15.455515499999933],[-39.37997649999994,-15.425720699999943],[-39.39848959999995,-15.41783229999993],[-39.417239999999936,-15.422803699999974],[-39.416986099999974,-15.413088399999936],[-39.42806459999997,-15.403647099999944],[-39.424566899999945,-15.389768199999935],[-39.44071249999996,-15.387211699999966],[-39.442256199999974,-15.399410899999964],[-39.45452799999998,-15.409537999999941],[-39.46524509999995,-15.403571599999964],[-39.46034479999997,-15.363127299999974],[-39.48192919999997,-15.346399799999972],[-39.462445199999934,-15.331919399999947],[-39.45886749999994,-15.31267749999995],[-39.438822899999934,-15.309796399999982],[-39.42767769999995,-15.316331499999933],[-39.43291419999997,-15.333161599999926],[-39.41047099999997,-15.328680899999938],[-39.39935559999998,-15.34921369999995],[-39.36487559999995,-15.35255369999993],[-39.31520089999998,-15.327877499999943],[-39.31484509999996,-15.308212599999933],[-39.300864599999954,-15.304154299999936],[-39.28782279999996,-15.316588999999965],[-39.29316049999994,-15.33085639999996],[-39.28620049999995,-15.341278799999941],[-39.27521019999995,-15.35058719999995],[-39.25996779999997,-15.349805599999968],[-39.25395589999994,-15.360306399999956],[-39.25371269999994,-15.341560399999935],[-39.23466589999998,-15.355176599999936],[-39.148929099999975,-15.37618969999994],[-39.11284519999998,-15.363578899999936],[-39.10256679999998,-15.370948599999963],[-39.081034699999975,-15.363098199999968],[-39.01660209999994,-15.390924999999982],[-39.02380839999995,-15.408295499999952],[-39.02067979999998,-15.43715439999994],[-39.04540369999995,-15.459463599999935],[-39.088810499999965,-15.468997599999966],[-39.10462949999993,-15.485661999999934],[-39.14215079999997,-15.493488499999955],[-39.16848339999996,-15.513691599999959],[-39.20770489999995,-15.510753399999942],[-39.19522299999994,-15.531902999999943],[-39.18597049999994,-15.526514599999928],[-39.16413309999996,-15.540213299999948],[-39.175558199999955,-15.566026699999952],[-39.16897129999995,-15.57583569999997],[-39.154540199999985,-15.572936999999968],[-39.14950679999998,-15.57987559999998],[-39.159771999999975,-15.603321799999947],[-39.20343339999994,-15.592350199999942],[-39.23446139999993,-15.62204259999993],[-39.26208329999997,-15.633627799999942],[-39.28486499999997,-15.630936899999938],[-39.30280989999994,-15.61093219999998],[-39.33593549999995,-15.626092099999937],[-39.34371189999996,-15.615559399999938],[-39.30749609999998,-15.59558549999997],[-39.30565009999998,-15.58046029999997],[-39.29241319999994,-15.580036199999938],[-39.28492929999993,-15.565711299999975],[-39.27460009999993,-15.56429929999996],[-39.30431199999998,-15.550152999999966],[-39.303472599999964,-15.532911699999943]]]}},{"id":"2170","type":"Feature","properties":{"COD_IBGE":"2928109","MUNICIPIO":"Santa Maria da Vitória","UF":"BA"},"geometry":{"type":"Polygon","coordinates":[[[-44.19172999999995,-13.39338319999996],[-44.20336359999993,-13.420153699999958],[-44.21241709999998,-13.414273399999956],[-44.21812219999998,-13.425190899999961],[-44.231084099999975,-13.42752919999998],[-44.24531769999993,-13.412930899999935],[-44.25401409999995,-13.419709999999952],[-44.262669899999935,-13.405428699999959],[-44.271306899999956,-13.414225199999976],[-44.29999749999996,-13.39596599999993],[-44.30884219999996,-13.405822499999942],[-44.350148399999966,-13.390773399999944],[-44.369649799999934,-13.397473099999957],[-44.39042409999996,-13.382545999999934],[-44.42090829999995,-13.385606799999948],[-44.42693429999997,-13.369489699999974],[-44.45034709999993,-13.386954899999978],[-44.45382349999994,-13.379977399999973],[-44.48194669999998,-13.38332429999997],[-44.49219309999995,-13.371677999999974],[-44.510753499999964,-13.372830699999952],[-44.523221699999965,-13.355678499999954],[-44.54602719999997,-13.34946679999996],[-44.54589409999994,-13.335662699999943],[-44.55898829999995,-13.330818299999976],[-44.55216109999998,-13.322631199999933],[-44.563285399999984,-13.300567599999965],[-44.56038349999994,-13.27394019999997],[-44.575613199999964,-13.257806499999958],[-44.57507209999994,-13.243515999999943],[-44.58568329999997,-13.239808899999957],[-44.58405789999995,-13.228356799999972],[-44.59618539999997,-13.22584889999996],[-44.596708999999976,-13.208858199999952],[-44.60690979999998,-13.206708399999968],[-44.603945899999985,-13.20120879999996],[-44.62254849999994,-13.178223599999967],[-44.65318609999997,-13.167454799999973],[-44.660076699999934,-13.151143299999944],[-44.67459739999998,-13.148300099999972],[-44.670730599999956,-13.139847699999962],[-44.68727179999996,-13.128467499999942],[-44.70757569999995,-13.080856199999971],[-44.67393359999994,-13.051713399999926],[-44.64951139999994,-13.04362089999995],[-44.643219399999964,-13.027537399999972],[-44.620271799999955,-13.013855099999944],[-44.61901029999996,-12.961174899999946],[-44.60101919999994,-12.960147899999981],[-44.57834819999994,-12.981610799999942],[-44.556897799999945,-12.962517999999932],[-44.550594399999966,-12.942839799999945],[-44.34210619999993,-13.11830539999994],[-44.285649099999944,-13.12902889999998],[-44.22822229999997,-13.20202089999998],[-44.15157869999996,-13.195605599999965],[-44.11092359999998,-13.230426199999954],[-44.09510419999998,-13.216623699999957],[-44.06932309999996,-13.213013799999942],[-44.03296439999997,-13.22607789999995],[-44.00920689999998,-13.248820099999932],[-43.99275579999994,-13.253504999999961],[-44.00744679999997,-13.294302799999969],[-43.99971469999997,-13.312942999999962],[-44.03172589999997,-13.317804799999976],[-44.02458799999994,-13.324585599999978],[-44.02676969999993,-13.33587209999996],[-44.060006999999985,-13.34439969999994],[-44.07122479999998,-13.358862099999953],[-44.06861739999994,-13.36577189999997],[-44.08233139999993,-13.360323899999969],[-44.09176069999995,-13.370830599999977],[-44.11584559999994,-13.369949399999939],[-44.15008499999993,-13.394802599999935],[-44.163400399999944,-13.388211499999954],[-44.19172999999995,-13.39338319999996]]]}},{"id":"2171","type":"Feature","properties":{"COD_IBGE":"2928208","MUNICIPIO":"Santana","UF":"BA"},"geometry":{"type":"Polygon","coordinates":[[[-43.771254699999986,-13.218331399999954],[-43.804374999999936,-13.219890299999975],[-43.849828499999944,-13.25981269999994],[-43.86567699999995,-13.26430659999994],[-43.88123919999998,-13.302850199999966],[-43.91381889999997,-13.293866299999934],[-43.940291599999966,-13.303057999999965],[-43.95353549999993,-13.318464799999958],[-43.97294419999997,-13.306861799999979],[-43.99514419999997,-13.319305499999928],[-44.00744679999997,-13.294302799999969],[-43.99275579999994,-13.253504999999961],[-44.00920689999998,-13.248820099999932],[-44.03296439999997,-13.22607789999995],[-44.06932309999996,-13.213013799999942],[-44.09510419999998,-13.216623699999957],[-44.10649809999995,-13.229449999999929],[-44.09755259999997,-13.074816599999963],[-44.10968559999998,-13.042907299999968],[-44.13242989999998,-13.040664499999934],[-44.20190649999995,-12.988675999999941],[-44.18881959999993,-12.975114799999972],[-44.19551739999997,-12.970737099999951],[-44.211387799999954,-12.969796999999971],[-44.23568899999998,-12.981921299999954],[-44.259464099999946,-12.97802299999995],[-44.26341709999997,-12.959641099999942],[-44.248454899999956,-12.957519999999931],[-44.23848019999997,-12.946169399999974],[-44.243236999999965,-12.935838299999944],[-44.235188799999946,-12.912432099999933],[-44.25075289999995,-12.907351399999982],[-44.242166399999974,-12.889256599999953],[-44.20756389999997,-12.876797199999942],[-44.18395769999995,-12.877719699999943],[-44.16832979999998,-12.860275699999931],[-44.171441899999934,-12.852392599999973],[-44.14468929999998,-12.852630799999929],[-44.132263999999964,-12.842532099999971],[-44.123828199999934,-12.841423899999938],[-44.112809099999936,-12.857648099999949],[-44.09260479999995,-12.857576299999948],[-44.06561149999993,-12.87497639999998],[-44.04687789999997,-12.862461399999972],[-44.00401619999997,-12.852556999999933],[-43.993463599999984,-12.863878799999952],[-43.982863899999984,-12.863674499999945],[-43.976622299999974,-12.878168199999948],[-43.92583069999995,-12.892246199999931],[-43.916220099999975,-12.901418999999976],[-43.91308479999998,-12.923277699999971],[-43.88409559999997,-12.949483099999952],[-43.89072729999998,-12.965900499999975],[-43.829980699999965,-12.986619699999949],[-43.81807489999994,-12.976473399999975],[-43.781250899999975,-12.972507199999939],[-43.73189009999993,-12.949701999999945],[-43.71721039999994,-12.931415799999968],[-43.705853099999956,-12.943787999999927],[-43.68635699999993,-12.933187099999941],[-43.68155489999998,-13.115880999999945],[-43.64672529999996,-13.137101099999938],[-43.63468659999995,-13.171619299999975],[-43.64526129999996,-13.184999299999959],[-43.67576129999998,-13.169221299999947],[-43.69450249999994,-13.169710599999974],[-43.70514629999997,-13.18777149999994],[-43.72641669999996,-13.185000499999944],[-43.73082499999998,-13.206103199999973],[-43.75761139999997,-13.206460799999945],[-43.771254699999986,-13.218331399999954]]]}},{"id":"2172","type":"Feature","properties":{"COD_IBGE":"2928307","MUNICIPIO":"Santanópolis","UF":"BA"},"geometry":{"type":"Polygon","coordinates":[[[-38.80650859999997,-12.022858399999961],[-38.844471899999974,-12.106514999999945],[-38.87464389999997,-12.096795399999962],[-38.88179729999996,-12.065708399999949],[-38.896815999999944,-12.056219899999974],[-38.90441299999998,-12.032216499999947],[-38.897765499999934,-11.977946999999972],[-38.914993299999935,-11.899714199999949],[-38.86873079999998,-11.81595649999997],[-38.82266079999994,-11.95843089999994],[-38.80759159999997,-11.975927699999943],[-38.80650859999997,-12.022858399999961]]]}},{"id":"2173","type":"Feature","properties":{"COD_IBGE":"2928406","MUNICIPIO":"Santa Rita de Cássia","UF":"BA"},"geometry":{"type":"Polygon","coordinates":[[[-44.39807369999994,-10.605878099999927],[-44.34928519999994,-10.552481199999932],[-44.333099699999934,-10.548765599999967],[-44.30609889999994,-10.565535799999964],[-44.28290949999996,-10.607090699999958],[-44.26401979999997,-10.62466999999998],[-44.23735019999998,-10.62654989999993],[-44.214095999999984,-10.61444709999995],[-44.17609379999993,-10.632834799999955],[-44.164837699999964,-10.644058399999949],[-44.10898929999996,-10.804096499999957],[-44.11999649999996,-10.811637799999971],[-44.12005679999993,-10.825769599999944],[-44.138994199999956,-10.834681699999976],[-44.14677139999998,-10.92260099999993],[-44.164269299999944,-10.947704299999941],[-44.161803099999986,-10.957430699999975],[-44.21882039999997,-11.028877999999963],[-44.22587359999994,-11.059274099999982],[-44.219101199999955,-11.086896999999965],[-44.24964209999996,-11.137289499999952],[-44.352255799999966,-11.229403599999955],[-44.49584909999993,-11.402682999999968],[-44.516283499999986,-11.416094699999974],[-44.54130379999998,-11.417857699999956],[-44.555519999999945,-11.40281129999994],[-44.64579149999997,-11.405247299999928],[-44.67232359999997,-11.412571799999967],[-44.693705499999965,-11.41034579999996],[-44.71318349999996,-11.396789999999953],[-44.76808649999998,-11.421729399999947],[-44.78644269999995,-11.42044199999998],[-44.81744549999996,-11.384684099999959],[-44.83926379999997,-11.385104699999943],[-44.86937259999996,-11.347473999999977],[-44.91086399999995,-11.353878899999927],[-44.941282599999965,-11.33966959999998],[-44.95960899999994,-11.35139259999994],[-44.96732989999998,-11.380257699999959],[-44.981169799999975,-11.384843799999942],[-44.99294809999998,-11.36171539999998],[-44.99094939999998,-11.34665339999998],[-44.95904079999997,-11.312531899999954],[-44.950617499999964,-11.292544499999963],[-44.96308589999995,-11.22444429999996],[-44.941884899999934,-11.201101799999947],[-44.97694619999993,-11.189189299999953],[-44.985722099999975,-11.152472399999965],[-45.00878339999997,-11.12294959999997],[-44.95931379999996,-11.06962649999997],[-44.977374699999984,-11.037159599999939],[-44.97003179999996,-11.004817999999943],[-44.980763199999956,-10.967983899999979],[-44.96515389999996,-10.937241299999926],[-44.944694599999934,-10.91899959999995],[-44.928425699999934,-10.927947099999926],[-44.85966259999998,-10.883179299999938],[-44.844298899999956,-10.900032799999963],[-44.808329199999946,-10.866149499999949],[-44.81032309999995,-10.846584199999938],[-44.785318899999936,-10.806344399999944],[-44.75892569999996,-10.804846099999963],[-44.757449099999974,-10.787663399999929],[-44.71457429999998,-10.761725099999978],[-44.68721119999998,-10.769205099999965],[-44.66768469999994,-10.760056599999928],[-44.66132159999995,-10.732694299999935],[-44.66662169999995,-10.682342199999937],[-44.61847599999993,-10.67106709999996],[-44.58490439999997,-10.629350899999963],[-44.55107839999994,-10.628580799999952],[-44.52226529999996,-10.649804099999926],[-44.50451519999996,-10.650739399999964],[-44.47673669999995,-10.639304599999946],[-44.45631109999994,-10.608099699999968],[-44.423648499999956,-10.613266799999963],[-44.39807369999994,-10.605878099999927]]]}},{"id":"2174","type":"Feature","properties":{"COD_IBGE":"2928505","MUNICIPIO":"Santa Terezinha","UF":"BA"},"geometry":{"type":"Polygon","coordinates":[[[-39.53884659999994,-12.578841199999943],[-39.43971529999993,-12.614677599999936],[-39.43644829999994,-12.679183399999943],[-39.467290599999956,-12.699441699999966],[-39.472763499999985,-12.723354099999938],[-39.493779899999936,-12.730095999999946],[-39.50183999999996,-12.742762199999959],[-39.49845319999997,-12.775439399999982],[-39.50578029999997,-12.809042199999965],[-39.491585999999984,-12.814549599999964],[-39.48890739999996,-12.834576899999945],[-39.47683469999998,-12.843078999999932],[-39.47560029999994,-12.853866399999959],[-39.57491099999993,-12.899103699999955],[-39.58049539999996,-12.893165999999951],[-39.59048119999994,-12.905129299999942],[-39.60440219999998,-12.893110099999944],[-39.630469199999936,-12.917911499999946],[-39.63047519999998,-12.930374699999959],[-39.64950709999994,-12.927995799999962],[-39.643052299999965,-12.92253489999996],[-39.647502299999985,-12.918038899999942],[-39.659887899999944,-12.926905499999975],[-39.65699099999995,-12.910502899999926],[-39.66611489999997,-12.91546029999995],[-39.678746899999965,-12.887261099999932],[-39.673856899999976,-12.754752699999926],[-39.665416999999934,-12.751070899999945],[-39.65282309999998,-12.761979599999961],[-39.63435309999994,-12.740270499999951],[-39.647059499999955,-12.729348799999968],[-39.660240999999985,-12.693996899999945],[-39.651098899999965,-12.668841799999939],[-39.66771419999998,-12.648132399999952],[-39.66900909999998,-12.626979799999958],[-39.63856649999997,-12.584216599999934],[-39.61514559999995,-12.596816199999978],[-39.60626279999997,-12.57550509999993],[-39.57576349999994,-12.549976299999969],[-39.54898239999994,-12.557192399999963],[-39.53884659999994,-12.578841199999943]]]}},{"id":"2175","type":"Feature","properties":{"COD_IBGE":"2928604","MUNICIPIO":"Santo Amaro","UF":"BA"},"geometry":{"type":"Polygon","coordinates":[[[-38.71762149999995,-12.61348769999995],[-38.71377929999994,-12.651743499999952],[-38.68427349999996,-12.687540399999932],[-38.687208399999975,-12.726539999999943],[-38.76693929999993,-12.71615689999993],[-38.78849539999993,-12.727096099999926],[-38.82642509999994,-12.714895799999965],[-38.829999199999975,-12.703541099999939],[-38.81083529999995,-12.692366499999935],[-38.816760199999976,-12.664899099999957],[-38.79585799999995,-12.64911559999996],[-38.793633399999976,-12.624589399999934],[-38.801437799999974,-12.62491549999993],[-38.80695369999995,-12.610984299999927],[-38.80818339999996,-12.585255399999937],[-38.81516809999994,-12.595631899999944],[-38.820122899999944,-12.593990399999939],[-38.811703499999965,-12.58509239999995],[-38.825771299999985,-12.578745099999935],[-38.821644799999945,-12.568231099999934],[-38.83127269999994,-12.568124499999954],[-38.83368959999996,-12.560022699999934],[-38.843793699999935,-12.563416699999948],[-38.84505539999998,-12.549979199999939],[-38.85074479999997,-12.563353399999926],[-38.88112929999994,-12.521494599999926],[-38.87743519999998,-12.510659399999952],[-38.83749569999998,-12.512701599999957],[-38.83405979999998,-12.492136199999948],[-38.85194269999994,-12.48378269999995],[-38.838159099999984,-12.408775299999945],[-38.82740169999994,-12.396716599999934],[-38.83647759999997,-12.368275199999971],[-38.79518969999998,-12.369500499999958],[-38.81389869999998,-12.380406499999935],[-38.81084489999995,-12.393880499999966],[-38.74230079999995,-12.47324709999998],[-38.72129869999998,-12.48111659999995],[-38.65612909999993,-12.484218899999973],[-38.644326099999944,-12.513071499999967],[-38.65149859999997,-12.553847799999971],[-38.68788299999994,-12.55144409999997],[-38.69553539999998,-12.59053769999997],[-38.70995389999996,-12.594978699999956],[-38.71762149999995,-12.61348769999995]]]}},{"id":"2176","type":"Feature","properties":{"COD_IBGE":"2928703","MUNICIPIO":"Santo Antônio de Jesus","UF":"BA"},"geometry":{"type":"Polygon","coordinates":[[[-39.262314799999956,-13.058303899999942],[-39.28386619999998,-13.059450899999945],[-39.28761939999998,-13.049304799999959],[-39.32012489999994,-13.042019099999948],[-39.30953809999994,-13.02592169999997],[-39.31300639999995,-12.994863399999929],[-39.32298309999993,-12.99148189999994],[-39.32625809999996,-12.977365899999938],[-39.315756499999964,-12.944637299999954],[-39.29466839999998,-12.942689799999926],[-39.26199619999994,-12.953611999999964],[-39.25253779999997,-12.947622699999954],[-39.25289029999993,-12.934850199999971],[-39.23053459999994,-12.944769999999949],[-39.22383879999995,-12.939508099999955],[-39.19564139999994,-12.949088399999937],[-39.17844679999996,-12.946726099999978],[-39.16421929999996,-12.963807199999962],[-39.120443999999964,-12.96303169999993],[-39.118947799999944,-12.971196199999952],[-39.10490809999993,-12.974400699999933],[-39.108810699999935,-12.996428899999955],[-39.132512099999985,-12.986982799999964],[-39.149605099999974,-13.00096579999996],[-39.14510219999994,-13.01938389999998],[-39.17450249999996,-13.082538799999952],[-39.201558999999975,-13.078008299999965],[-39.21998359999998,-13.083333299999936],[-39.22787869999996,-13.096085499999958],[-39.24611969999995,-13.095415899999978],[-39.262314799999956,-13.058303899999942]]]}},{"id":"2177","type":"Feature","properties":{"COD_IBGE":"2928802","MUNICIPIO":"Santo Estêvão","UF":"BA"},"geometry":{"type":"Polygon","coordinates":[[[-39.27764599999995,-12.537481799999966],[-39.31418599999995,-12.547955699999932],[-39.344509699999946,-12.53031999999996],[-39.36230219999993,-12.542380599999944],[-39.36984639999997,-12.537181499999974],[-39.38289779999997,-12.507317199999932],[-39.39387329999994,-12.504403199999956],[-39.380813399999965,-12.486688799999968],[-39.38680729999993,-12.46940109999997],[-39.37875569999994,-12.46137699999997],[-39.388919699999974,-12.45986419999997],[-39.378223299999945,-12.451511899999957],[-39.38007569999996,-12.441496099999938],[-39.36056899999994,-12.419533199999933],[-39.28502679999997,-12.398035499999935],[-39.27880139999996,-12.383409399999948],[-39.263027199999954,-12.373241699999937],[-39.24655149999995,-12.38756509999996],[-39.22739789999997,-12.386152099999947],[-39.21668839999995,-12.396726799999954],[-39.19489179999994,-12.387534699999946],[-39.175598399999956,-12.427094199999942],[-39.16212989999997,-12.429725099999928],[-39.158910799999944,-12.457602299999962],[-39.14521899999994,-12.468873199999962],[-39.14722169999993,-12.483870899999943],[-39.127179299999966,-12.498273799999936],[-39.20480909999998,-12.512385799999947],[-39.22651319999994,-12.546462299999973],[-39.261845499999936,-12.54871989999998],[-39.27764599999995,-12.537481799999966]]]}},{"id":"2178","type":"Feature","properties":{"COD_IBGE":"2928901","MUNICIPIO":"São Desidério","UF":"BA"},"geometry":{"type":"Polygon","coordinates":[[[-44.60812569999996,-12.730565999999953],[-44.55098239999995,-12.944965399999944],[-44.556897799999945,-12.962517999999932],[-44.57834819999994,-12.981610799999942],[-44.60101919999994,-12.960147899999981],[-44.61901029999996,-12.961174899999946],[-44.620271799999955,-13.013855099999944],[-44.643219399999964,-13.027537399999972],[-44.64951139999994,-13.04362089999995],[-44.69926359999994,-13.070152899999925],[-44.70663379999996,-13.083423399999958],[-44.71848899999998,-13.069763099999932],[-44.720474499999966,-13.05046649999997],[-44.74165459999995,-13.042030999999952],[-44.75464469999997,-13.01921189999996],[-44.778435599999966,-13.012573399999951],[-44.785685599999965,-12.991497399999957],[-44.79767469999996,-12.989630599999941],[-44.884924299999966,-13.016005399999926],[-44.88855169999994,-13.01117819999996],[-44.930936799999984,-13.021599299999934],[-44.96435859999997,-13.041452999999933],[-44.971019199999944,-13.036600599999929],[-45.045939799999985,-13.070800299999974],[-45.129119199999934,-13.09244469999993],[-45.213477799999964,-13.129755399999965],[-45.293939999999964,-13.13396849999998],[-45.32388549999996,-13.14960229999997],[-45.368402799999956,-13.151896999999963],[-45.40281509999994,-13.167781799999943],[-45.42733909999998,-13.156975299999942],[-45.46361959999996,-13.15660859999997],[-45.55602049999993,-13.19218079999996],[-45.60863599999993,-13.184822099999963],[-45.68783719999993,-13.210127499999942],[-45.73094819999994,-13.234530599999971],[-45.84280279999996,-13.25809769999995],[-45.931577999999945,-13.296538699999928],[-46.20896389999996,-13.46556279999993],[-46.22588099999996,-13.449958199999969],[-46.22462749999994,-13.439567699999941],[-46.249522499999955,-13.431308899999976],[-46.22513829999997,-13.412805099999957],[-46.205616599999985,-13.416831799999954],[-46.16228579999995,-13.382635099999959],[-46.135473099999956,-13.375524199999973],[-46.07333959999994,-13.311368899999934],[-46.06827549999997,-13.295441799999935],[-46.08021729999996,-13.273837399999934],[-46.103219399999944,-13.257510199999956],[-46.29248689999997,-13.31693009999998],[-46.31790199999995,-13.305227799999955],[-46.29998589999997,-13.282881799999927],[-46.29992569999996,-13.257677299999955],[-46.32913179999997,-13.248486399999933],[-46.30434829999996,-13.205979499999955],[-46.30298039999997,-13.186404799999934],[-46.31671079999995,-13.183260899999937],[-46.29518079999997,-13.141874499999972],[-46.319794299999955,-13.104231399999946],[-46.33578879999993,-13.097657899999945],[-46.31638499999997,-13.090977299999963],[-46.301098499999966,-13.074311699999953],[-46.28156289999998,-13.045135799999969],[-46.27553379999995,-13.020213299999966],[-46.193811799999935,-12.996752399999934],[-46.12466359999996,-12.959820399999955],[-46.10553559999994,-12.932733299999938],[-46.10904839999995,-12.92042239999995],[-46.12664749999993,-12.912386699999956],[-46.14415009999993,-12.93114849999995],[-46.16035359999995,-12.931383499999981],[-46.163358399999936,-12.924050799999975],[-46.20559989999998,-12.950677599999949],[-46.26543699999996,-12.938789099999951],[-46.288197699999955,-12.95290239999997],[-46.33007629999997,-12.957851699999935],[-46.30597439999997,-12.939073299999961],[-46.316024899999945,-12.936246899999958],[-46.30552759999995,-12.926482299999975],[-46.31271319999996,-12.911291499999948],[-46.287000699999965,-12.893426499999975],[-46.29531089999995,-12.891101099999958],[-46.28836669999998,-12.882783899999936],[-46.295380799999975,-12.870061599999929],[-46.305022099999974,-12.86874249999994],[-46.27351619999996,-12.831551499999932],[-46.279143499999975,-12.811402899999962],[-46.30048919999996,-12.811556499999938],[-46.29159149999998,-12.796297799999934],[-46.31207839999996,-12.798209799999938],[-46.29860609999997,-12.77508709999995],[-46.281885699999975,-12.770850799999948],[-46.28197699999998,-12.76337049999995],[-46.29596719999995,-12.76287739999998],[-46.29588219999994,-12.744722999999965],[-46.28514269999994,-12.749650599999939],[-46.287322899999936,-12.738905699999975],[-46.27371549999998,-12.73881849999998],[-46.26808049999994,-12.716156799999965],[-46.292394599999966,-12.707569299999932],[-46.30407829999996,-12.714942199999939],[-46.291751799999986,-12.699074399999972],[-46.30409819999994,-12.696929599999976],[-46.305715599999985,-12.688526199999956],[-46.263927199999955,-12.65829309999998],[-46.26741529999998,-12.650397099999964],[-46.278495599999985,-12.64995319999997],[-46.27637519999996,-12.641028499999948],[-46.31040419999994,-12.642677999999933],[-46.27578459999995,-12.594430599999953],[-46.290524199999936,-12.58270049999993],[-46.30294559999993,-12.581668999999977],[-46.30728309999995,-12.578130099999953],[-46.30756739999998,-12.576747799999964],[-46.29764609999995,-12.563338999999928],[-46.293541699999935,-12.57902839999997],[-46.27161209999997,-12.57004539999997],[-46.27390049999997,-12.55768489999997],[-46.267359699999986,-12.55361389999996],[-46.272913399999936,-12.55025999999998],[-46.22444439999998,-12.528640999999936],[-46.200380199999984,-12.504147399999965],[-46.152595099999985,-12.506359999999972],[-46.142029399999956,-12.53112589999995],[-46.113100299999985,-12.53112589999995],[-45.92680879999995,-12.459744799999953],[-45.908011999999985,-12.45976399999995],[-45.87297309999997,-12.429634499999963],[-45.840782899999965,-12.418426499999953],[-45.75197559999998,-12.41210639999997],[-45.71892059999993,-12.396787899999936],[-45.660378399999956,-12.392733499999963],[-45.58732229999998,-12.402024799999936],[-45.540327099999956,-12.39085179999995],[-45.48659089999995,-12.364954199999943],[-45.46446499999996,-12.376793499999962],[-45.44680299999993,-12.367283199999974],[-45.40585059999995,-12.370194499999968],[-45.348846899999955,-12.388694699999974],[-45.28376959999997,-12.42201579999994],[-45.23140189999998,-12.42701599999998],[-45.215800299999955,-12.411811299999954],[-45.20244699999995,-12.380287099999975],[-45.17043479999995,-12.371134999999981],[-45.14956379999995,-12.33330959999995],[-45.13310939999997,-12.322428499999944],[-45.10245649999996,-12.336228999999946],[-45.077907599999946,-12.334503899999959],[-45.044614999999965,-12.315696599999967],[-45.02486669999996,-12.320968999999934],[-44.92726879999998,-12.293111299999964],[-44.837005999999974,-12.389650999999958],[-44.78123659999994,-12.395118599999932],[-44.77566129999997,-12.402225299999941],[-44.737851699999965,-12.408843099999956],[-44.74177339999994,-12.436234099999979],[-44.720451999999966,-12.472690599999964],[-44.72979829999997,-12.49456239999995],[-44.72050429999996,-12.499516099999937],[-44.715625899999964,-12.518491799999936],[-44.69912739999995,-12.522612799999933],[-44.69016069999998,-12.548821699999962],[-44.673736599999984,-12.563704099999939],[-44.62501649999996,-12.572185799999943],[-44.60812569999996,-12.730565999999953]]]}},{"id":"2179","type":"Feature","properties":{"COD_IBGE":"2928950","MUNICIPIO":"São Domingos","UF":"BA"},"geometry":{"type":"Polygon","coordinates":[[[-39.536157799999955,-11.569668199999967],[-39.55685959999994,-11.54416109999994],[-39.59006379999994,-11.527484899999934],[-39.59929699999998,-11.529991799999948],[-39.60684519999995,-11.51557749999995],[-39.632025399999975,-11.498128599999973],[-39.664013599999976,-11.453854399999955],[-39.65460449999995,-11.436548799999969],[-39.65916189999996,-11.425234599999953],[-39.69889109999997,-11.399242699999945],[-39.60877119999998,-11.346131799999966],[-39.563930899999946,-11.401346099999955],[-39.489908499999956,-11.440092099999958],[-39.490445499999964,-11.474016499999948],[-39.47720259999994,-11.484963899999968],[-39.536157799999955,-11.569668199999967]]]}},{"id":"2180","type":"Feature","properties":{"COD_IBGE":"2929008","MUNICIPIO":"São Félix","UF":"BA"},"geometry":{"type":"Polygon","coordinates":[[[-38.97948569999994,-12.602484599999968],[-38.996335199999976,-12.587722999999926],[-38.96250289999995,-12.609494599999948],[-38.952862299999936,-12.646983699999964],[-38.94187139999997,-12.660154199999965],[-38.93805459999993,-12.701166399999977],[-38.95324489999996,-12.703470299999935],[-38.965881399999944,-12.694975499999941],[-38.996005999999966,-12.702324099999942],[-39.00804979999998,-12.710903299999927],[-39.00769669999994,-12.729595999999958],[-39.04388639999996,-12.737972599999978],[-39.05787129999993,-12.728962099999933],[-39.048446499999955,-12.71817169999997],[-39.053451199999984,-12.689305399999967],[-39.044001099999946,-12.644678299999953],[-38.97141949999997,-12.632267399999932],[-38.97948569999994,-12.602484599999968]]]}},{"id":"2181","type":"Feature","properties":{"COD_IBGE":"2929057","MUNICIPIO":"São Félix do Coribe","UF":"BA"},"geometry":{"type":"Polygon","coordinates":[[[-44.14112159999996,-13.692382899999927],[-44.180127599999935,-13.684043799999927],[-44.188166799999976,-13.658222399999943],[-44.239331799999945,-13.588623299999938],[-44.25014699999997,-13.513766699999962],[-44.26161239999993,-13.509627299999977],[-44.26908249999997,-13.487132499999973],[-44.262099999999975,-13.480636299999958],[-44.265764599999954,-13.469291599999963],[-44.25790249999994,-13.465413999999953],[-44.26110179999995,-13.457872699999939],[-44.242561999999964,-13.452511799999968],[-44.244578299999944,-13.436705699999948],[-44.23249819999995,-13.440349199999957],[-44.214494299999956,-13.41513249999997],[-44.20336359999993,-13.420153699999958],[-44.19336919999995,-13.393411999999955],[-44.163400399999944,-13.388211499999954],[-44.15008499999993,-13.394802599999935],[-44.11584559999994,-13.369949399999939],[-44.09176069999995,-13.370830599999977],[-44.08233139999993,-13.360323899999969],[-44.06861739999994,-13.36577189999997],[-44.07122479999998,-13.358862099999953],[-44.060006999999985,-13.34439969999994],[-44.02676969999993,-13.33587209999996],[-44.02760489999997,-13.31586139999996],[-44.002540099999976,-13.313254399999948],[-43.98697439999995,-13.320250399999964],[-43.97294419999997,-13.306861799999979],[-43.95524039999998,-13.318963599999961],[-43.940291599999966,-13.303057999999965],[-43.91381889999997,-13.293866299999934],[-43.88123919999998,-13.302850199999966],[-43.875487299999975,-13.276157599999976],[-43.85716469999994,-13.262054399999954],[-43.86231649999996,-13.27570899999995],[-43.85600219999998,-13.277459999999962],[-43.85598939999994,-13.30066069999998],[-43.86129439999996,-13.299315699999966],[-43.85973279999996,-13.309123499999941],[-43.87068489999996,-13.321902099999932],[-43.864811799999984,-13.330552399999931],[-43.882878699999935,-13.336171099999945],[-43.908154699999955,-13.440850999999952],[-43.895236299999965,-13.473089699999946],[-43.83255139999994,-13.490439199999969],[-43.81527339999997,-13.486324699999955],[-43.80593279999994,-13.506815299999971],[-43.81471579999993,-13.525018699999976],[-43.83954019999993,-13.524471499999947],[-43.847186799999974,-13.544851299999948],[-43.86099219999994,-13.553558399999929],[-43.85866909999993,-13.564169299999946],[-43.867480299999954,-13.565215699999953],[-43.880501299999935,-13.587905899999953],[-43.88027169999998,-13.607798499999944],[-43.91676869999998,-13.634384199999943],[-43.93313619999998,-13.656276599999956],[-43.81428969999996,-13.708354099999951],[-43.81457489999997,-13.733806899999934],[-43.83665179999997,-13.746006499999964],[-43.840500299999974,-13.75922739999993],[-43.85369089999995,-13.744045399999948],[-43.86945519999995,-13.756489399999964],[-43.88180929999993,-13.744195599999955],[-43.881617999999946,-13.761917599999947],[-43.89279989999994,-13.752923499999952],[-43.901781899999946,-13.772647699999936],[-43.91265569999996,-13.76770369999997],[-43.912125999999944,-13.783500299999957],[-43.90563119999996,-13.779002999999932],[-43.89991599999996,-13.796081299999969],[-43.910010399999976,-13.794407399999955],[-43.922945399999946,-13.805398799999978],[-43.94258359999998,-13.788243799999975],[-43.95719289999994,-13.787248699999964],[-43.94809969999994,-13.791771099999949],[-43.95758299999994,-13.81188869999994],[-43.94953609999993,-13.822670799999969],[-43.962805199999934,-13.82348989999997],[-43.96493209999994,-13.835456699999952],[-43.979347099999984,-13.831792599999972],[-43.98411729999998,-13.841138099999966],[-43.99039439999996,-13.815557299999966],[-43.995450999999946,-13.822975799999938],[-43.99981269999995,-13.816927499999963],[-44.01159699999994,-13.819937699999969],[-44.01902739999997,-13.79595699999993],[-44.02177029999996,-13.802249099999926],[-44.14112159999996,-13.692382899999927]]]}},{"id":"2182","type":"Feature","properties":{"COD_IBGE":"2929107","MUNICIPIO":"São Felipe","UF":"BA"},"geometry":{"type":"Polygon","coordinates":[[[-39.074994999999944,-12.842818499999964],[-39.069162999999946,-12.87246609999994],[-39.03942889999996,-12.90508879999993],[-39.02636989999996,-12.938961699999936],[-39.037929099999985,-12.941529699999933],[-39.04172079999995,-12.951212899999973],[-39.06044259999993,-12.947185499999932],[-39.11642469999998,-12.956543599999975],[-39.11319869999994,-12.968807899999945],[-39.118947799999944,-12.971196199999952],[-39.12944029999994,-12.94708959999997],[-39.123572199999956,-12.940111399999978],[-39.13778009999993,-12.923184399999968],[-39.131074799999965,-12.884752899999967],[-39.16184019999997,-12.848971699999936],[-39.14928459999993,-12.826200399999948],[-39.11924559999994,-12.817364699999928],[-39.11751179999993,-12.798488499999962],[-39.13862839999996,-12.775579899999968],[-39.14403219999997,-12.740038499999969],[-39.08733909999995,-12.731688199999951],[-39.04502329999997,-12.734490199999982],[-39.050373399999955,-12.751784399999963],[-39.04516249999995,-12.791606599999966],[-39.06914759999995,-12.816015299999947],[-39.074994999999944,-12.842818499999964]]]}},{"id":"2183","type":"Feature","properties":{"COD_IBGE":"2929206","MUNICIPIO":"São Francisco do Conde","UF":"BA"},"geometry":{"type":"Polygon","coordinates":[[[-38.59963439999996,-12.73587699999996],[-38.61131149999994,-12.72629999999998],[-38.68720719999993,-12.72653809999997],[-38.68427349999996,-12.687540399999932],[-38.718835799999965,-12.635319799999934],[-38.71762149999995,-12.61348769999995],[-38.70995389999996,-12.594978699999956],[-38.69553539999998,-12.59053769999997],[-38.68455339999997,-12.54956919999995],[-38.65246089999994,-12.55224759999993],[-38.64160049999998,-12.57025939999994],[-38.620835899999975,-12.55425409999998],[-38.579336799999965,-12.631838899999934],[-38.538941299999976,-12.628314899999964],[-38.540845299999944,-12.63997969999997],[-38.55803129999998,-12.652247399999965],[-38.550238699999966,-12.662337799999932],[-38.559926099999984,-12.689023099999929],[-38.553382399999975,-12.710491899999965],[-38.533123699999976,-12.727524099999926],[-38.535033099999964,-12.738732999999968],[-38.59963439999996,-12.73587699999996]]]}},{"id":"2184","type":"Feature","properties":{"COD_IBGE":"2929255","MUNICIPIO":"São Gabriel","UF":"BA"},"geometry":{"type":"Polygon","coordinates":[[[-41.55319719999994,-10.95285599999994],[-41.539538499999935,-10.968036299999937],[-41.50914089999998,-10.968571999999938],[-41.503589999999974,-10.98060929999997],[-41.49077489999996,-10.979844299999968],[-41.48317209999993,-10.988211499999977],[-41.46128939999994,-10.976171499999964],[-41.43806219999993,-10.977509699999928],[-41.429553399999975,-10.98546749999997],[-41.429928899999936,-11.001826799999947],[-41.497754199999974,-11.058499499999925],[-41.52548929999995,-11.091967299999965],[-41.56635259999996,-11.097238299999958],[-41.59750649999995,-11.122228199999938],[-41.59395289999998,-11.131015999999931],[-41.60689089999994,-11.145067099999949],[-41.633183299999985,-11.139629799999966],[-41.647887099999934,-11.168397999999968],[-41.71507929999996,-11.195048999999926],[-41.739945999999975,-11.223333999999966],[-41.87793129999994,-11.261032099999966],[-41.875894899999935,-11.269122899999957],[-41.94174239999995,-11.228233899999964],[-41.898362099999986,-11.128539399999966],[-41.85602749999998,-11.115857799999958],[-41.81352759999993,-11.020272299999931],[-41.75310299999995,-10.940033099999937],[-41.712985199999935,-10.937648399999944],[-41.66216639999993,-10.91295969999993],[-41.644872599999985,-10.912610799999982],[-41.65298799999994,-10.88558219999993],[-41.67196269999994,-10.869120799999962],[-41.69834929999996,-10.895848999999941],[-41.697369299999934,-10.863252299999942],[-41.66276229999994,-10.811201799999935],[-41.64649859999997,-10.85211929999997],[-41.567466999999965,-10.903533899999957],[-41.55319719999994,-10.95285599999994]]]}},{"id":"2185","type":"Feature","properties":{"COD_IBGE":"2929305","MUNICIPIO":"São Gonçalo dos Campos","UF":"BA"},"geometry":{"type":"Polygon","coordinates":[[[-38.91720939999993,-12.480771599999969],[-38.92129349999993,-12.494566899999938],[-38.92870719999996,-12.493312899999978],[-38.96852259999997,-12.47049919999995],[-39.00800369999996,-12.471834999999942],[-39.028393999999935,-12.43982559999995],[-39.05245189999994,-12.446659199999942],[-39.061731399999985,-12.422204499999964],[-39.05445059999994,-12.411019299999964],[-39.03780469999998,-12.41835709999998],[-39.01032859999998,-12.392386199999976],[-39.011847399999965,-12.372817299999952],[-39.02360569999996,-12.366231199999959],[-39.024697199999935,-12.354205699999966],[-39.00123159999998,-12.341165599999954],[-38.99635699999993,-12.31114839999998],[-38.956056699999976,-12.300909799999943],[-38.90797269999996,-12.386193299999945],[-38.838159099999984,-12.408775299999945],[-38.85194269999994,-12.48378269999995],[-38.83405979999998,-12.492136199999948],[-38.83837099999994,-12.514047799999958],[-38.88332079999998,-12.50913909999997],[-38.905708699999934,-12.497217099999943],[-38.89793739999993,-12.488720099999966],[-38.91720939999993,-12.480771599999969]]]}},{"id":"2186","type":"Feature","properties":{"COD_IBGE":"2929354","MUNICIPIO":"São José da Vitória","UF":"BA"},"geometry":{"type":"Polygon","coordinates":[[[-39.295749899999976,-15.07324959999994],[-39.29574539999993,-15.087452999999982],[-39.306452999999976,-15.099374099999977],[-39.346094799999946,-15.122645199999965],[-39.36919889999996,-15.125547499999982],[-39.39409389999997,-15.14929849999993],[-39.402495199999976,-15.147371499999963],[-39.40390639999998,-15.101342299999942],[-39.39176289999995,-15.079209499999934],[-39.40865699999995,-15.063035399999933],[-39.40322979999996,-15.051148999999953],[-39.41172719999997,-15.028585999999962],[-39.39583959999993,-15.020819899999935],[-39.38074519999998,-15.025751699999944],[-39.37268659999995,-15.01620799999995],[-39.36609589999995,-15.032496399999957],[-39.340896499999985,-15.02648849999997],[-39.328256899999985,-15.014922799999965],[-39.32035429999996,-15.024756099999934],[-39.307811199999946,-15.02104079999998],[-39.279034999999965,-15.056142499999964],[-39.295749899999976,-15.07324959999994]]]}},{"id":"2187","type":"Feature","properties":{"COD_IBGE":"2929370","MUNICIPIO":"São José do Jacuípe","UF":"BA"},"geometry":{"type":"Polygon","coordinates":[[[-39.84857069999998,-11.350337899999943],[-39.78728099999995,-11.40439379999998],[-39.764189399999964,-11.41106689999998],[-39.75561619999996,-11.426521099999945],[-39.76522959999994,-11.429082499999936],[-39.760913699999946,-11.446854199999962],[-39.77150869999997,-11.466305099999943],[-39.78312579999994,-11.463543199999947],[-39.81875549999995,-11.50376319999998],[-39.82596669999998,-11.48955639999997],[-39.83882909999994,-11.494984399999964],[-39.848266999999964,-11.480669299999931],[-39.86095209999996,-11.491591999999969],[-39.884079199999974,-11.481232199999965],[-39.92505699999998,-11.499084399999958],[-39.93447379999998,-11.47981169999997],[-39.943655699999965,-11.478534299999978],[-39.98103919999994,-11.491295699999966],[-39.99267549999996,-11.503116399999954],[-40.019075499999985,-11.503236799999968],[-40.02898939999994,-11.51030929999996],[-40.028721099999984,-11.522609399999965],[-40.07783729999994,-11.527329899999927],[-40.084221799999966,-11.476070299999947],[-40.08068979999996,-11.448050199999955],[-40.07020399999993,-11.434219699999971],[-39.98718659999997,-11.43942869999995],[-39.982548099999974,-11.449546099999964],[-39.967976799999974,-11.433769299999938],[-39.914455799999985,-11.415611199999944],[-39.92459779999996,-11.39158569999995],[-39.90877769999997,-11.390610599999945],[-39.906839299999945,-11.360903199999939],[-39.912471799999935,-11.356366199999968],[-39.895421899999974,-11.348527799999943],[-39.875616399999956,-11.31725199999994],[-39.862472099999934,-11.31867589999996],[-39.84857069999998,-11.350337899999943]]]}},{"id":"2188","type":"Feature","properties":{"COD_IBGE":"2929404","MUNICIPIO":"São Miguel das Matas","UF":"BA"},"geometry":{"type":"Polygon","coordinates":[[[-39.34211309999995,-13.060450099999969],[-39.31805949999995,-13.056414399999937],[-39.29942579999994,-13.065755099999933],[-39.28785819999996,-13.057865899999967],[-39.262922199999934,-13.057938599999943],[-39.25389679999995,-13.068778799999961],[-39.275950999999964,-13.069889099999955],[-39.31403779999994,-13.083680199999947],[-39.32215739999998,-13.093939599999942],[-39.364351399999975,-13.100793099999976],[-39.37461499999995,-13.110900499999957],[-39.43021369999997,-13.117496599999981],[-39.435046099999965,-13.110855699999945],[-39.46975509999993,-13.123839799999928],[-39.48290309999993,-13.107140699999945],[-39.47948249999996,-13.100349199999926],[-39.47162649999996,-13.106771699999967],[-39.48043699999994,-13.088167599999963],[-39.49372559999995,-13.077710599999932],[-39.48757989999996,-13.06997519999993],[-39.51109839999998,-13.069471299999975],[-39.51280159999993,-13.049018599999954],[-39.52283639999996,-13.047187599999972],[-39.51677579999995,-13.040289599999937],[-39.53204349999993,-13.020874599999956],[-39.51143949999994,-13.015397399999927],[-39.50259669999997,-12.997048699999937],[-39.48160009999998,-12.993696599999964],[-39.46434829999998,-12.95252899999997],[-39.44323309999993,-12.993249499999934],[-39.40164139999996,-12.996771299999978],[-39.38181409999993,-13.02707289999995],[-39.35150599999997,-13.043775799999935],[-39.34211309999995,-13.060450099999969]]]}},{"id":"2189","type":"Feature","properties":{"COD_IBGE":"2929503","MUNICIPIO":"São Sebastião do Passé","UF":"BA"},"geometry":{"type":"Polygon","coordinates":[[[-38.38483209999998,-12.482612099999926],[-38.36711219999995,-12.516545899999926],[-38.37842749999993,-12.538668799999982],[-38.40889149999998,-12.55043889999996],[-38.38703049999998,-12.55616139999995],[-38.36760549999997,-12.585451199999966],[-38.37170549999996,-12.599452199999973],[-38.39323059999998,-12.608958299999927],[-38.40458509999996,-12.596914099999935],[-38.43024339999994,-12.610003799999959],[-38.453602599999954,-12.601785499999949],[-38.465169799999956,-12.611486399999933],[-38.485824399999956,-12.588759299999936],[-38.54645399999998,-12.613851999999952],[-38.56073329999998,-12.63023329999993],[-38.579336799999965,-12.631838899999934],[-38.620835899999975,-12.55425409999998],[-38.64160049999998,-12.57025939999994],[-38.65149859999997,-12.553847799999971],[-38.640065499999935,-12.475550399999975],[-38.61151169999994,-12.496789599999943],[-38.562199299999975,-12.422471299999927],[-38.54087629999998,-12.411493899999982],[-38.53836159999997,-12.42130229999998],[-38.51548459999998,-12.41362369999996],[-38.502741499999956,-12.427616099999966],[-38.48901589999997,-12.412243499999931],[-38.46032379999997,-12.41747429999998],[-38.44623169999994,-12.43187359999996],[-38.40328599999998,-12.422828299999935],[-38.363581099999976,-12.446978699999931],[-38.33745249999998,-12.451144799999952],[-38.38483209999998,-12.482612099999926]]]}},{"id":"2190","type":"Feature","properties":{"COD_IBGE":"2929602","MUNICIPIO":"Sapeaçu","UF":"BA"},"geometry":{"type":"Polygon","coordinates":[[[-39.14116749999994,-12.723827999999969],[-39.16523459999996,-12.758814599999937],[-39.19150749999994,-12.753646499999945],[-39.21970219999997,-12.787030899999934],[-39.22136059999997,-12.808438499999966],[-39.22897859999995,-12.80972399999996],[-39.24335139999994,-12.796252699999968],[-39.24907509999997,-12.77094489999996],[-39.27139869999996,-12.74861969999995],[-39.26014939999993,-12.720310199999972],[-39.267733299999975,-12.708184399999936],[-39.26546369999994,-12.693582599999957],[-39.22878399999996,-12.68063019999994],[-39.23180559999997,-12.65520639999994],[-39.21158299999996,-12.648674899999946],[-39.14116749999994,-12.723827999999969]]]}},{"id":"2191","type":"Feature","properties":{"COD_IBGE":"2929701","MUNICIPIO":"Sátiro Dias","UF":"BA"},"geometry":{"type":"Polygon","coordinates":[[[-38.56744589999994,-11.74054659999996],[-38.64803909999995,-11.690153299999963],[-38.67424079999995,-11.692908699999975],[-38.78179149999994,-11.36539149999993],[-38.77414649999997,-11.35635549999995],[-38.62196299999994,-11.411011199999962],[-38.643490199999974,-11.410180299999979],[-38.66453059999998,-11.430799999999977],[-38.57089709999997,-11.463732799999946],[-38.57085999999998,-11.491790299999934],[-38.55648409999998,-11.484610399999951],[-38.50469319999996,-11.488699399999973],[-38.452417999999966,-11.514966399999935],[-38.45589089999993,-11.523175999999978],[-38.42731169999996,-11.544506599999977],[-38.41662439999993,-11.534282599999926],[-38.40458689999997,-11.535920199999964],[-38.39752329999993,-11.557415299999946],[-38.42543569999998,-11.565823899999941],[-38.425006199999984,-11.593340699999942],[-38.44222599999995,-11.606883299999936],[-38.441246999999976,-11.633703699999955],[-38.42727689999998,-11.649642099999937],[-38.43474299999997,-11.724763099999961],[-38.542064299999936,-11.754533899999956],[-38.55795029999996,-11.737563099999932],[-38.56744589999994,-11.74054659999996]]]}},{"id":"2192","type":"Feature","properties":{"COD_IBGE":"2929750","MUNICIPIO":"Saubara","UF":"BA"},"geometry":{"type":"Polygon","coordinates":[[[-38.76693929999993,-12.71615689999993],[-38.687208399999975,-12.726539999999943],[-38.69856459999994,-12.800553399999956],[-38.792935599999964,-12.831788899999935],[-38.81469389999995,-12.849934399999938],[-38.834359699999936,-12.84933609999996],[-38.84577399999995,-12.83908539999993],[-38.831239299999936,-12.821244899999954],[-38.830051399999945,-12.79515189999995],[-38.81750429999994,-12.775295599999936],[-38.832563799999946,-12.752075899999966],[-38.836431999999945,-12.726638999999977],[-38.82047369999998,-12.718991899999935],[-38.78849539999993,-12.727096099999926],[-38.76693929999993,-12.71615689999993]]]}},{"id":"2193","type":"Feature","properties":{"COD_IBGE":"2929800","MUNICIPIO":"Saúde","UF":"BA"},"geometry":{"type":"Polygon","coordinates":[[[-40.389462599999945,-11.061726499999963],[-40.468109899999945,-11.057160499999952],[-40.481727199999966,-11.04939939999997],[-40.45760269999994,-10.958210999999949],[-40.46627569999998,-10.954109899999935],[-40.47239099999996,-10.96401469999995],[-40.49133379999995,-10.939298699999938],[-40.47547739999993,-10.922825299999943],[-40.46261469999996,-10.867814499999952],[-40.450229999999976,-10.854025499999977],[-40.45302319999996,-10.836134199999947],[-40.44443809999996,-10.83445759999995],[-40.44484649999998,-10.82489389999995],[-40.45957919999995,-10.82160209999995],[-40.461138999999946,-10.812666899999954],[-40.445399399999985,-10.752137599999969],[-40.401274299999955,-10.800434999999936],[-40.350054899999975,-10.807333899999946],[-40.338220999999976,-10.829512499999964],[-40.33324279999994,-10.813403499999936],[-40.31368469999995,-10.823969499999976],[-40.303873099999976,-10.814987299999927],[-40.29552929999994,-10.819906899999978],[-40.28561559999997,-10.813636999999972],[-40.28782199999995,-10.83579519999995],[-40.268101599999966,-10.841198199999951],[-40.260664099999985,-10.85338029999997],[-40.25408399999998,-10.84120489999998],[-40.24056809999996,-10.851849199999947],[-40.250179499999945,-10.913698999999951],[-40.327995699999974,-10.967279099999928],[-40.34836699999994,-10.964836099999957],[-40.36505439999996,-11.01723549999997],[-40.389462599999945,-11.061726499999963]]]}},{"id":"2194","type":"Feature","properties":{"COD_IBGE":"2929909","MUNICIPIO":"Seabra","UF":"BA"},"geometry":{"type":"Polygon","coordinates":[[[-41.742495099999985,-12.321389099999976],[-41.733810999999946,-12.36567279999997],[-41.66582609999995,-12.38265679999995],[-41.618420699999945,-12.380293499999937],[-41.54060999999996,-12.35699459999995],[-41.54279349999996,-12.364300799999967],[-41.564200599999936,-12.371636699999954],[-41.56486149999995,-12.388130699999977],[-41.58806439999995,-12.396758599999941],[-41.585036199999934,-12.427254199999936],[-41.60352979999993,-12.426473399999963],[-41.683510299999966,-12.532870599999967],[-41.674687999999946,-12.549810699999966],[-41.663178699999946,-12.552128299999936],[-41.65612249999998,-12.585048599999936],[-41.678377599999976,-12.628585599999951],[-41.66198239999994,-12.66835889999993],[-41.64875729999994,-12.679637299999968],[-41.845779999999934,-12.67638999999997],[-41.89746359999998,-12.68426599999998],[-42.02798979999994,-12.657577999999944],[-42.02993879999997,-12.61885559999996],[-41.98375699999997,-12.600894899999957],[-42.006758299999944,-12.568614699999955],[-42.014779799999985,-12.504856299999972],[-42.069884299999956,-12.431108799999947],[-42.07165699999996,-12.414615999999967],[-42.10375579999993,-12.395895999999937],[-42.14036829999998,-12.400797799999964],[-42.19515229999996,-12.37780209999994],[-42.24925229999997,-12.389569499999936],[-42.25895819999994,-12.344161099999951],[-42.27099439999995,-12.337969599999951],[-42.27024899999998,-12.311075999999957],[-42.12412079999996,-12.277679199999966],[-42.11036789999997,-12.307981499999926],[-42.098559999999964,-12.29156869999997],[-42.03981799999997,-12.291121699999962],[-42.05828119999995,-12.245108199999947],[-42.056266999999934,-12.22049839999994],[-42.031845799999985,-12.23028249999993],[-41.984872199999984,-12.291447199999936],[-41.96811229999997,-12.265894799999955],[-41.98905079999997,-12.231095299999936],[-41.966488099999935,-12.221805099999926],[-41.97152799999998,-12.204986799999972],[-41.96627099999995,-12.17889219999995],[-41.97736429999998,-12.153931499999942],[-41.96886009999997,-12.141263599999945],[-41.98329339999998,-12.125359599999967],[-41.97457529999997,-12.122137599999974],[-41.96978219999994,-12.092240299999958],[-41.96128059999995,-12.09151989999998],[-41.95206799999994,-12.10188869999996],[-41.94190699999996,-12.097871099999963],[-41.936019999999985,-12.111943799999949],[-41.915967199999955,-12.106383299999948],[-41.888415099999975,-12.12427539999993],[-41.78336449999995,-12.160604099999944],[-41.74280509999994,-12.23683049999994],[-41.765135199999975,-12.272595999999965],[-41.75634699999995,-12.308155799999952],[-41.742495099999985,-12.321389099999976]]]}},{"id":"2195","type":"Feature","properties":{"COD_IBGE":"2930006","MUNICIPIO":"Sebastião Laranjeiras","UF":"BA"},"geometry":{"type":"Polygon","coordinates":[[[-42.88928759999993,-14.501643399999978],[-42.870685099999946,-14.509525999999937],[-42.796128599999975,-14.604040999999938],[-42.79462109999997,-14.631414899999982],[-42.85446129999997,-14.765379099999961],[-42.88080019999995,-14.769290199999944],[-42.89996609999997,-14.755808199999933],[-42.905884699999945,-14.761045699999954],[-42.912197799999944,-14.744471899999951],[-42.927052999999944,-14.744140199999947],[-42.92497499999996,-14.733869499999969],[-42.93965869999994,-14.70762149999996],[-42.97732529999996,-14.698387099999934],[-43.01094729999994,-14.70166219999993],[-43.02681229999996,-14.69354889999994],[-43.02688949999998,-14.686019399999964],[-43.03830739999995,-14.682807899999943],[-43.05567149999996,-14.690940099999978],[-43.066389199999946,-14.680559199999948],[-43.083936499999936,-14.698272599999939],[-43.10397699999993,-14.673937099999932],[-43.11630409999998,-14.678854499999943],[-43.12749739999998,-14.665679999999952],[-43.151496399999985,-14.666334099999972],[-43.17634979999997,-14.65054379999998],[-43.18125969999994,-14.660912199999927],[-43.19869459999995,-14.649624899999935],[-43.20766459999993,-14.658354599999939],[-43.26608159999995,-14.661481599999945],[-43.288324399999965,-14.676112399999965],[-43.31122739999995,-14.669748099999936],[-43.34650369999997,-14.696069099999931],[-43.37897659999993,-14.701380699999959],[-43.41469109999997,-14.724232499999971],[-43.43488899999994,-14.723038299999928],[-43.46127219999994,-14.746228499999972],[-43.45625789999997,-14.757747399999971],[-43.46283859999994,-14.765886499999965],[-43.47529389999994,-14.76220909999995],[-43.48125429999993,-14.767897699999935],[-43.46969829999995,-14.78734849999995],[-43.51116289999993,-14.796574499999963],[-43.50975079999995,-14.807599799999934],[-43.52122629999997,-14.80590959999995],[-43.53079699999995,-14.81553409999998],[-43.42108719999993,-14.496653899999956],[-43.26302049999998,-14.456723499999953],[-43.250619599999936,-14.468915999999979],[-43.223711899999955,-14.464832699999931],[-43.180609999999945,-14.445800899999938],[-43.16102959999995,-14.428084299999966],[-43.136295899999936,-14.427431099999978],[-43.12022069999995,-14.400924299999929],[-43.10178209999998,-14.391436799999951],[-43.09615859999997,-14.374291099999937],[-43.04871499999996,-14.332471999999939],[-43.008289299999944,-14.349037299999964],[-42.996924099999944,-14.365918699999952],[-42.973986399999944,-14.37781979999994],[-42.97367479999997,-14.390569999999968],[-42.95573559999997,-14.39558489999996],[-42.929294099999936,-14.422731899999974],[-42.91999879999997,-14.457934699999953],[-42.88928759999993,-14.501643399999978]]]}},{"id":"2196","type":"Feature","properties":{"COD_IBGE":"2930105","MUNICIPIO":"Senhor do Bonfim","UF":"BA"},"geometry":{"type":"Polygon","coordinates":[[[-40.14257809999998,-10.638184299999978],[-40.248506299999974,-10.51338149999998],[-40.27155129999994,-10.51024209999997],[-40.27054569999996,-10.500585499999943],[-40.245195199999955,-10.483325899999954],[-40.23439969999998,-10.462793999999974],[-40.25116589999993,-10.436658999999963],[-40.24395119999997,-10.430420499999968],[-40.24869789999997,-10.37772259999997],[-40.23154599999998,-10.374397899999963],[-40.209858199999985,-10.323670799999945],[-40.20028709999997,-10.34337039999997],[-40.17125979999997,-10.358121499999982],[-40.135972599999945,-10.323921499999926],[-40.124369599999966,-10.343763399999943],[-40.09264809999996,-10.328683499999954],[-40.05781299999995,-10.323126699999932],[-40.04782449999993,-10.375265799999966],[-40.03742999999997,-10.375446899999929],[-40.017972199999974,-10.398283999999933],[-40.02423959999993,-10.423272499999939],[-40.01385289999996,-10.437116099999969],[-40.028974199999936,-10.446589999999958],[-40.00575089999995,-10.46278499999994],[-40.01079139999996,-10.488443099999927],[-39.97444379999996,-10.508590599999934],[-39.94795449999998,-10.549631199999965],[-40.01767499999994,-10.62082259999994],[-40.14257809999998,-10.638184299999978]]]}},{"id":"2197","type":"Feature","properties":{"COD_IBGE":"2930154","MUNICIPIO":"Serra do Ramalho","UF":"BA"},"geometry":{"type":"Polygon","coordinates":[[[-43.43047199999995,-13.428642399999944],[-43.46052329999998,-13.562178899999935],[-43.51853489999996,-13.58185519999995],[-43.55675679999996,-13.644506999999976],[-43.56027069999993,-13.66148389999995],[-43.54835409999998,-13.712217599999974],[-43.56246299999998,-13.742399899999953],[-43.59261289999995,-13.763275599999929],[-43.58662309999994,-13.806289299999946],[-43.93313619999998,-13.656276599999956],[-43.91676869999998,-13.634384199999943],[-43.88027169999998,-13.607798499999944],[-43.880501299999935,-13.587905899999953],[-43.867480299999954,-13.565215699999953],[-43.85866909999993,-13.564169299999946],[-43.86099219999994,-13.553558399999929],[-43.847186799999974,-13.544851299999948],[-43.83954019999993,-13.524471499999947],[-43.81471579999993,-13.525018699999976],[-43.80593279999994,-13.506815299999971],[-43.81527339999997,-13.486324699999955],[-43.83255139999994,-13.490439199999969],[-43.895236299999965,-13.473089699999946],[-43.908154699999955,-13.440850999999952],[-43.882878699999935,-13.336171099999945],[-43.864811799999984,-13.330552399999931],[-43.87068489999996,-13.321902099999932],[-43.85973279999996,-13.309123499999941],[-43.86129439999996,-13.299315699999966],[-43.85598939999994,-13.30066069999998],[-43.85600219999998,-13.277459999999962],[-43.86231649999996,-13.27570899999995],[-43.85717099999994,-13.262051799999938],[-43.804374999999936,-13.219890299999975],[-43.77614999999997,-13.220809199999962],[-43.75761139999997,-13.206460799999945],[-43.73082499999998,-13.206103199999973],[-43.73311289999998,-13.194273299999963],[-43.72238539999995,-13.182617599999958],[-43.70606799999996,-13.187841899999967],[-43.70501219999994,-13.289556599999969],[-43.62914799999993,-13.268223999999975],[-43.43234679999995,-13.25863899999996],[-43.46329879999996,-13.332477799999936],[-43.459092699999985,-13.37124099999994],[-43.43047199999995,-13.428642399999944]]]}},{"id":"2198","type":"Feature","properties":{"COD_IBGE":"2930204","MUNICIPIO":"Sento Sé","UF":"BA"},"geometry":{"type":"Polygon","coordinates":[[[-41.157629499999985,-10.156652299999962],[-41.17102539999996,-10.196853199999964],[-41.14409189999998,-10.222114999999974],[-41.14943489999996,-10.234790799999928],[-41.163635899999974,-10.24031709999997],[-41.18092299999995,-10.264237799999933],[-41.20563889999994,-10.274646899999937],[-41.21308929999998,-10.291873499999951],[-41.23858469999993,-10.30005609999995],[-41.242735799999934,-10.32325659999998],[-41.277861299999984,-10.347183899999948],[-41.28658809999996,-10.335698799999932],[-41.31387049999995,-10.344424999999944],[-41.32611869999994,-10.35404479999994],[-41.323710999999946,-10.364925299999982],[-41.33343189999994,-10.368983299999968],[-41.33296079999997,-10.377831399999934],[-41.36016579999995,-10.36913839999994],[-41.35431989999995,-10.387796999999978],[-41.37723609999995,-10.41654219999998],[-41.44570849999997,-10.441472899999951],[-41.449212399999965,-10.453329499999938],[-41.473194699999965,-10.461952499999938],[-41.45300279999998,-10.488272199999926],[-41.38152219999995,-10.518740499999979],[-41.39736689999995,-10.547576599999957],[-41.39176919999994,-10.56770229999995],[-41.42726729999998,-10.576280199999928],[-41.43035709999998,-10.589433699999972],[-41.45706659999996,-10.597690499999942],[-41.474098399999946,-10.62999579999996],[-41.48526309999994,-10.633710399999927],[-41.49565179999996,-10.618309099999976],[-41.506073999999956,-10.641748599999971],[-41.496320699999956,-10.653816699999936],[-41.511202999999966,-10.672109699999965],[-41.53297029999993,-10.679419499999938],[-41.546033499999965,-10.664571599999931],[-41.55940609999993,-10.70537939999997],[-41.590910099999974,-10.727341799999977],[-41.58698399999997,-10.74790029999997],[-41.571155799999985,-10.759954499999935],[-41.58880239999996,-10.800293999999951],[-41.603543499999944,-10.810043099999973],[-41.65943459999994,-10.806263199999933],[-41.66816609999995,-10.81209629999995],[-41.69524649999994,-10.793309999999963],[-41.713922199999956,-10.741527099999928],[-41.73859569999996,-10.707937999999956],[-41.76908169999996,-10.722152299999948],[-41.91592949999995,-10.642836399999965],[-42.00597839999995,-10.640403999999933],[-42.04828779999997,-10.544249699999966],[-42.065993499999934,-10.528980499999932],[-42.06914969999997,-10.494276199999945],[-42.089349599999935,-10.476717699999938],[-42.079542799999956,-10.457207099999948],[-42.08547009999995,-10.425712399999952],[-42.09905629999997,-10.414564999999982],[-42.09186239999997,-10.382000999999946],[-42.132518999999945,-10.346923999999944],[-42.132555999999965,-10.312968199999943],[-42.159659999999974,-10.257938299999978],[-42.405467199999975,-10.185120299999937],[-42.41765719999995,-10.150676699999963],[-42.43546919999994,-10.130305999999962],[-42.399769499999934,-10.05756759999997],[-42.355029499999944,-10.032236699999942],[-42.277959299999964,-10.054471299999932],[-42.257577399999946,-10.054228699999953],[-42.23014159999997,-10.035838799999965],[-42.205755899999986,-9.980681599999969],[-42.167661099999975,-9.947729599999946],[-42.149424299999964,-9.91122889999997],[-42.11915789999995,-9.888093599999934],[-42.095298799999966,-9.829482299999938],[-42.07682049999994,-9.811582999999928],[-42.08000469999996,-9.731106699999941],[-42.04113109999997,-9.67010849999997],[-41.99236499999995,-9.666457499999979],[-41.96345429999997,-9.68736999999993],[-41.92320239999998,-9.691502499999956],[-41.839567999999986,-9.732159099999933],[-41.76728689999993,-9.744884399999933],[-41.69304989999995,-9.770149799999956],[-41.680577899999946,-9.764930999999933],[-41.63715369999994,-9.715302699999938],[-41.55939399999994,-9.676286799999957],[-41.503769699999964,-9.665201999999965],[-41.41775859999996,-9.69232569999997],[-41.37904269999996,-9.693535499999939],[-41.24722219999995,-9.647091399999965],[-41.212685499999964,-9.622153099999935],[-41.188737799999956,-9.559959099999958],[-41.143538399999954,-9.49592789999997],[-41.11742039999996,-9.40359079999996],[-41.067318899999975,-9.403134799999975],[-41.01662829999998,-9.38394139999997],[-40.986032499999965,-9.38555759999997],[-40.95378279999994,-9.397914699999944],[-41.00741859999994,-9.467905099999939],[-41.004724299999964,-9.491735699999936],[-40.96444989999998,-9.552679699999942],[-40.984609999999975,-9.59021759999996],[-40.98157219999996,-9.608650199999943],[-40.97464839999998,-9.608091999999942],[-40.96762769999998,-9.737079799999947],[-40.99557699999997,-9.777204299999937],[-41.03425889999994,-9.806683699999951],[-41.02808029999994,-9.819770199999937],[-41.05791899999997,-9.852926899999943],[-41.066128599999956,-9.876015099999961],[-41.05056559999997,-9.905867799999953],[-41.08268009999995,-9.945285599999977],[-41.105520799999965,-9.943484599999977],[-41.103520799999956,-9.918029599999954],[-41.11268959999995,-9.906249799999955],[-41.12262769999995,-9.926298599999939],[-41.13081139999997,-9.929453699999954],[-41.13515669999998,-9.92191889999998],[-41.182168599999954,-9.955663999999956],[-41.21401849999995,-9.955663999999956],[-41.22028789999996,-9.922097999999949],[-41.225742399999945,-9.930164399999967],[-41.236524799999984,-9.926258299999972],[-41.23661509999994,-9.943513799999948],[-41.25376359999996,-9.944406499999957],[-41.24826639999998,-9.951605499999971],[-41.253150699999935,-9.979413199999954],[-41.16940429999994,-10.014034299999935],[-41.16900199999998,-10.031754099999944],[-41.19741309999995,-10.062466399999948],[-41.17952159999993,-10.103500499999939],[-41.15896389999995,-10.112951899999928],[-41.166948099999956,-10.129970299999968],[-41.157629499999985,-10.156652299999962]]]}},{"id":"2199","type":"Feature","properties":{"COD_IBGE":"2930303","MUNICIPIO":"Serra Dourada","UF":"BA"},"geometry":{"type":"Polygon","coordinates":[[[-43.982411499999955,-12.865108799999973],[-44.00511529999994,-12.852461199999937],[-44.04687789999997,-12.862461399999972],[-44.06561149999993,-12.87497639999998],[-44.09260479999995,-12.857576299999948],[-44.11329209999997,-12.857374799999945],[-44.123828199999934,-12.841423899999938],[-44.14468929999998,-12.852630799999929],[-44.171441899999934,-12.852392599999973],[-44.173883399999966,-12.82068879999997],[-44.153886299999954,-12.803593599999942],[-44.151856399999986,-12.776632499999948],[-44.170590499999946,-12.76587479999995],[-44.17916829999996,-12.741215599999975],[-44.08138169999995,-12.770151699999928],[-44.02269709999996,-12.755691999999954],[-43.94515039999993,-12.704830899999934],[-43.53642199999996,-12.636858699999948],[-43.549639499999955,-12.886597699999982],[-43.586256299999945,-12.926478599999939],[-43.62607419999995,-12.920701899999926],[-43.637302199999965,-12.928386399999965],[-43.64920089999998,-12.924949499999968],[-43.65972899999997,-12.937009599999953],[-43.691524699999945,-12.932119099999966],[-43.705853099999956,-12.943787999999927],[-43.71721039999994,-12.931415799999968],[-43.73189009999993,-12.949701999999945],[-43.781250899999975,-12.972507199999939],[-43.81807489999994,-12.976473399999975],[-43.829980699999965,-12.986619699999949],[-43.89072729999998,-12.965900499999975],[-43.88409559999997,-12.949483099999952],[-43.91308479999998,-12.923277699999971],[-43.916220099999975,-12.901418999999976],[-43.92583069999995,-12.892246199999931],[-43.976622299999974,-12.878168199999948],[-43.982411499999955,-12.865108799999973]]]}},{"id":"2200","type":"Feature","properties":{"COD_IBGE":"2930402","MUNICIPIO":"Serra Preta","UF":"BA"},"geometry":{"type":"Polygon","coordinates":[[[-39.248886899999945,-12.10670689999995],[-39.292866999999944,-12.187068599999975],[-39.34458209999997,-12.186129499999936],[-39.34099509999993,-12.198031799999967],[-39.37736189999998,-12.23043359999997],[-39.38120139999995,-12.247452899999928],[-39.408190099999956,-12.266046399999937],[-39.52205459999993,-12.036917999999957],[-39.59382009999996,-12.059984099999951],[-39.57690309999998,-12.039140399999951],[-39.412576599999966,-12.002953199999979],[-39.37307339999995,-11.981790399999966],[-39.36593409999995,-11.968488199999967],[-39.34011469999996,-11.965974999999958],[-39.29086419999993,-11.995281199999965],[-39.28740699999997,-12.02165309999998],[-39.27057249999996,-12.031158199999936],[-39.214665099999934,-12.095484099999965],[-39.248886899999945,-12.10670689999995]]]}},{"id":"2201","type":"Feature","properties":{"COD_IBGE":"2930501","MUNICIPIO":"Serrinha","UF":"BA"},"geometry":{"type":"Polygon","coordinates":[[[-38.88739599999997,-11.627879999999948],[-38.878569899999945,-11.637677799999949],[-38.87234879999994,-11.69889269999993],[-38.89017009999998,-11.696566099999927],[-38.89799579999993,-11.722388699999954],[-38.93029839999997,-11.72778429999994],[-38.935487199999955,-11.74041829999993],[-38.96474049999995,-11.74654819999995],[-38.967245299999945,-11.757077099999947],[-38.985964699999954,-11.753233699999953],[-38.97803709999994,-11.81566319999996],[-38.99777759999995,-11.805853699999943],[-39.01355499999994,-11.821293499999967],[-39.07650849999993,-11.828693699999974],[-39.060652699999935,-11.769818999999927],[-39.102219899999966,-11.704808599999978],[-39.15930509999998,-11.646535099999937],[-39.15812539999996,-11.63255369999996],[-39.133879899999954,-11.62936179999997],[-39.11103039999995,-11.615097999999932],[-39.072630799999956,-11.615573199999972],[-39.06830689999998,-11.604758299999958],[-39.032961599999965,-11.586971799999958],[-39.021023699999944,-11.55118159999995],[-38.98041439999997,-11.553134499999942],[-38.96429909999995,-11.562164199999927],[-38.92098989999994,-11.539939499999946],[-38.90329239999994,-11.543470299999967],[-38.88612109999997,-11.52385279999993],[-38.86546859999993,-11.544552199999941],[-38.86369029999997,-11.582580899999925],[-38.85342989999998,-11.605856999999958],[-38.88739599999997,-11.627879999999948]]]}},{"id":"2202","type":"Feature","properties":{"COD_IBGE":"2930600","MUNICIPIO":"Serrolândia","UF":"BA"},"geometry":{"type":"Polygon","coordinates":[[[-40.31168999999994,-11.433490499999948],[-40.383358199999975,-11.401233399999967],[-40.394127899999944,-11.384278499999937],[-40.31580789999998,-11.348461499999928],[-40.318274299999985,-11.33374079999993],[-40.20952029999995,-11.330848499999945],[-40.18819789999998,-11.338980999999933],[-40.20454989999996,-11.382940899999937],[-40.201176499999974,-11.41739089999993],[-40.18917369999997,-11.429437599999972],[-40.19776139999993,-11.494204499999967],[-40.16649509999996,-11.521770499999946],[-40.169473799999935,-11.527717199999927],[-40.20909429999995,-11.545857499999954],[-40.206731899999966,-11.551322299999981],[-40.22320339999993,-11.563498599999946],[-40.23387159999993,-11.561656099999936],[-40.23982509999996,-11.550105199999962],[-40.25370859999998,-11.549444299999948],[-40.25501069999996,-11.53622889999997],[-40.26845849999995,-11.531939499999964],[-40.29397239999997,-11.494342699999947],[-40.29559909999995,-11.453366699999947],[-40.31168999999994,-11.433490499999948]]]}},{"id":"2203","type":"Feature","properties":{"COD_IBGE":"2930709","MUNICIPIO":"Simões Filho","UF":"BA"},"geometry":{"type":"Polygon","coordinates":[[[-38.376022199999966,-12.674044399999957],[-38.32695549999994,-12.80342429999996],[-38.33227819999996,-12.812325599999951],[-38.34931199999994,-12.80994899999996],[-38.378893999999946,-12.822571399999958],[-38.39275459999993,-12.844018799999958],[-38.39048699999995,-12.855308599999944],[-38.40676959999996,-12.873538699999926],[-38.44074129999996,-12.839745899999969],[-38.45297649999998,-12.844428499999935],[-38.46637029999994,-12.81522149999995],[-38.41845319999993,-12.665240799999935],[-38.40393089999998,-12.658562699999948],[-38.376022199999966,-12.674044399999957]]]}},{"id":"2204","type":"Feature","properties":{"COD_IBGE":"2930758","MUNICIPIO":"Sítio do Mato","UF":"BA"},"geometry":{"type":"Polygon","coordinates":[[[-43.40506089999997,-12.905330799999945],[-43.400135399999954,-12.931992699999967],[-43.40968559999993,-12.980739299999982],[-43.40614579999993,-12.99789519999996],[-43.45112259999996,-13.035948299999973],[-43.45936999999998,-13.055382099999974],[-43.45399239999995,-13.149144699999965],[-43.463780199999974,-13.132326499999976],[-43.49089729999997,-13.136810899999944],[-43.51995139999997,-13.129125899999963],[-43.54538679999996,-13.151019399999939],[-43.56418309999998,-13.146032899999966],[-43.60966019999995,-13.151513399999942],[-43.61983879999997,-13.17642369999993],[-43.64024459999996,-13.18475129999996],[-43.63463839999997,-13.171156199999928],[-43.645601099999965,-13.138571499999955],[-43.68155489999998,-13.115880999999945],[-43.68635699999993,-12.933187099999941],[-43.65972899999997,-12.937009599999953],[-43.64920089999998,-12.924949499999968],[-43.637302199999965,-12.928386399999965],[-43.626008799999966,-12.92069609999993],[-43.586256299999945,-12.926478599999939],[-43.55755789999995,-12.899761499999954],[-43.549639499999955,-12.886597699999982],[-43.53642199999996,-12.636858699999948],[-43.44359769999994,-12.551435499999968],[-43.236848099999975,-12.63054219999998],[-43.22960349999994,-12.68510649999996],[-43.222141499999964,-12.690841199999966],[-43.26182219999998,-12.710609399999953],[-43.278142199999934,-12.741388799999982],[-43.33299089999997,-12.793256799999938],[-43.34829549999995,-12.824722799999961],[-43.34813449999996,-12.858839499999931],[-43.36050769999997,-12.868071799999939],[-43.39495199999993,-12.873149599999977],[-43.40506089999997,-12.905330799999945]]]}},{"id":"2205","type":"Feature","properties":{"COD_IBGE":"2930766","MUNICIPIO":"Sítio do Quinto","UF":"BA"},"geometry":{"type":"Polygon","coordinates":[[[-38.19169489999996,-10.432444699999962],[-38.24354079999995,-10.390521099999944],[-38.26366219999994,-10.347503599999982],[-38.25700309999996,-10.324471099999926],[-38.267826499999956,-10.307533399999954],[-38.291116099999954,-10.29940879999998],[-38.311306299999956,-10.304434499999957],[-38.311626599999954,-10.28770899999995],[-38.30279839999997,-10.25765139999993],[-38.28231809999994,-10.247234599999956],[-38.25598699999995,-10.24714199999994],[-38.237139499999955,-10.225258599999961],[-38.22039109999997,-10.220843599999967],[-38.192412299999944,-10.180333699999949],[-38.143200699999966,-10.193615099999931],[-38.15075889999997,-10.215092399999946],[-38.14157659999995,-10.22454289999996],[-38.12458729999997,-10.227027999999962],[-38.12201829999998,-10.217905599999938],[-38.106949499999985,-10.215589099999931],[-38.10450919999994,-10.223224699999946],[-38.08899059999993,-10.227081899999973],[-38.09822409999998,-10.237390799999957],[-38.09369819999995,-10.24589119999996],[-38.08333689999995,-10.229209099999935],[-38.064913599999954,-10.234624599999961],[-38.07246749999996,-10.245053999999982],[-38.061168899999984,-10.261875199999963],[-38.07061609999994,-10.275326199999938],[-38.05489249999994,-10.27633099999997],[-38.05379149999993,-10.28579949999994],[-38.06122319999997,-10.287946399999953],[-38.05091629999998,-10.294324199999949],[-38.058993699999974,-10.31101209999997],[-38.054734199999984,-10.32763289999997],[-38.03746639999997,-10.340623999999934],[-38.038303499999984,-10.378240399999981],[-38.03075839999997,-10.37211579999996],[-38.02010229999996,-10.384776699999975],[-38.017207499999984,-10.37646929999994],[-38.00117149999994,-10.375338299999953],[-37.98220259999994,-10.400074299999972],[-37.96675639999995,-10.393882899999937],[-37.95490859999995,-10.406682799999942],[-37.95430279999994,-10.397690299999965],[-37.93540809999996,-10.395333999999934],[-37.935280999999975,-10.410464199999979],[-37.92051309999994,-10.413075999999933],[-37.92204929999997,-10.422737199999972],[-37.90732799999995,-10.43352509999994],[-37.93747659999997,-10.447218199999952],[-37.996248899999955,-10.43286269999993],[-38.02557829999995,-10.451317999999958],[-38.05379289999996,-10.436006299999974],[-38.06461399999995,-10.440716799999961],[-38.07276369999994,-10.435491099999979],[-38.09567569999996,-10.44074919999997],[-38.106393999999966,-10.453963899999962],[-38.12233639999994,-10.44932979999993],[-38.14289609999997,-10.45863079999998],[-38.19169489999996,-10.432444699999962]]]}},{"id":"2206","type":"Feature","properties":{"COD_IBGE":"2930774","MUNICIPIO":"Sobradinho","UF":"BA"},"geometry":{"type":"Polygon","coordinates":[[[-40.77671619999995,-9.454444799999976],[-40.74531769999993,-9.443350599999974],[-40.715245299999935,-9.448806199999979],[-40.73078669999995,-9.457924499999933],[-40.74357629999997,-9.520172799999955],[-40.77001169999994,-9.56965159999993],[-40.768926499999964,-9.650420399999973],[-40.74064189999996,-9.70722139999998],[-40.74953729999993,-9.734374199999934],[-40.763800799999956,-9.749754099999961],[-40.76836049999997,-9.77829429999997],[-40.75530889999993,-9.798074399999962],[-40.76382929999994,-9.815853999999945],[-40.786740399999985,-9.850569699999937],[-40.81375129999998,-9.871369899999934],[-40.82369019999993,-9.836334999999963],[-40.83162799999997,-9.86447069999997],[-40.83990199999994,-9.861370799999975],[-40.853679899999975,-9.882112899999981],[-40.88227959999995,-9.895840499999963],[-40.89383239999995,-9.914821599999925],[-40.924420399999974,-9.896785299999976],[-40.94311579999993,-9.914665199999945],[-40.94456619999994,-9.881277999999952],[-40.98876819999998,-9.897753699999953],[-40.99679169999996,-9.886118199999942],[-41.013238599999966,-9.909127499999954],[-41.029597499999966,-9.912135299999932],[-41.04259269999994,-9.927509499999928],[-41.054909599999974,-9.91864449999997],[-41.05136219999997,-9.902466599999968],[-41.06633029999995,-9.878589499999975],[-41.05791899999997,-9.852926899999943],[-41.02808029999994,-9.819770199999937],[-41.03425889999994,-9.806683699999951],[-40.99557699999997,-9.777204299999937],[-40.96762769999998,-9.737079799999947],[-40.97464839999998,-9.608091999999942],[-40.98157219999996,-9.608650199999943],[-40.984609999999975,-9.59021759999996],[-40.96444989999998,-9.552679699999942],[-41.004724299999964,-9.491735699999936],[-41.00741859999994,-9.467905099999939],[-40.95378279999994,-9.397914699999944],[-40.93449999999996,-9.39396679999993],[-40.86311509999996,-9.394096599999955],[-40.83406149999996,-9.425483499999928],[-40.78517599999998,-9.449509699999965],[-40.767159299999946,-9.445411899999954],[-40.77671619999995,-9.454444799999976]]]}},{"id":"2207","type":"Feature","properties":{"COD_IBGE":"2930808","MUNICIPIO":"Souto Soares","UF":"BA"},"geometry":{"type":"Polygon","coordinates":[[[-41.48736149999996,-12.118102999999962],[-41.60438519999997,-12.144610199999931],[-41.77084119999995,-12.138358599999947],[-41.80993569999998,-12.153220499999975],[-41.888415099999975,-12.12427539999993],[-41.915967199999955,-12.106383299999948],[-41.936019999999985,-12.111943799999949],[-41.943191499999955,-12.09695869999996],[-41.95206799999994,-12.10188869999996],[-41.95982689999994,-12.091960099999937],[-41.96978219999994,-12.092240299999958],[-41.96324559999994,-12.084467299999972],[-41.95378599999998,-12.089594899999952],[-41.94448619999997,-12.076263799999936],[-41.982631399999946,-12.044406699999968],[-41.97928459999997,-12.02118859999996],[-41.95010909999996,-12.022454299999936],[-41.94411729999996,-12.013114499999972],[-41.96322619999995,-11.968415799999946],[-41.993677899999966,-11.974468899999977],[-41.997347599999955,-11.904398699999945],[-42.02620099999996,-11.888527199999942],[-42.02716749999996,-11.850618199999928],[-42.01867979999997,-11.851449699999932],[-42.00603229999996,-11.83526519999998],[-42.02170829999994,-11.815488999999957],[-41.681125399999985,-11.991200999999933],[-41.65173409999994,-12.013687499999946],[-41.63048699999996,-12.01249839999997],[-41.45390109999994,-12.099040799999955],[-41.48736149999996,-12.118102999999962]]]}},{"id":"2208","type":"Feature","properties":{"COD_IBGE":"2930907","MUNICIPIO":"Tabocas do Brejo Velho","UF":"BA"},"geometry":{"type":"Polygon","coordinates":[[[-44.08342399999998,-12.645267199999978],[-44.06794469999994,-12.697365799999943],[-44.016886099999965,-12.695135799999946],[-43.97494409999996,-12.668821199999968],[-43.95392969999995,-12.672882899999934],[-43.94515039999993,-12.704830899999934],[-44.02269709999996,-12.755691999999954],[-44.08138169999995,-12.770151699999928],[-44.17916829999996,-12.741215599999975],[-44.26521539999993,-12.634548499999937],[-44.233392599999945,-12.570624799999962],[-44.31490239999994,-12.523387299999968],[-44.33031649999998,-12.467022799999938],[-44.312599999999975,-12.306573999999955],[-44.290841899999975,-12.304169799999954],[-44.23165329999995,-12.259385299999963],[-44.20622709999998,-12.263757299999952],[-44.08109979999995,-12.25306089999998],[-44.06243329999995,-12.256203599999935],[-44.049787599999945,-12.27267519999998],[-43.95824389999996,-12.23826859999997],[-43.95598479999995,-12.266998999999942],[-43.98816999999997,-12.297462999999937],[-43.986900799999944,-12.335309699999982],[-44.00712349999998,-12.35114509999994],[-44.023316499999964,-12.414614799999981],[-44.07055649999995,-12.471255699999972],[-44.117196699999965,-12.485945299999969],[-44.100878499999965,-12.505553499999962],[-44.10380709999998,-12.51988979999993],[-44.09005899999994,-12.522372899999937],[-44.07356889999994,-12.544841099999928],[-44.084467899999936,-12.550455399999976],[-44.07312419999994,-12.565231599999947],[-44.07622289999995,-12.629179199999953],[-44.08342399999998,-12.645267199999978]]]}},{"id":"2209","type":"Feature","properties":{"COD_IBGE":"2931004","MUNICIPIO":"Tanhaçu","UF":"BA"},"geometry":{"type":"Polygon","coordinates":[[[-41.10754579999997,-14.367490799999928],[-41.295379399999945,-14.278996899999981],[-41.40252879999997,-14.261124099999961],[-41.368043899999975,-14.132296499999939],[-41.387517799999955,-14.12004479999996],[-41.387284499999964,-14.107691799999941],[-41.30498259999996,-14.08232819999995],[-41.29388259999996,-14.092030699999953],[-41.28017229999995,-14.075988099999961],[-41.294081699999936,-14.050874699999952],[-41.28513769999995,-14.039734599999974],[-41.29468449999996,-14.024690299999975],[-41.297131999999976,-13.997491799999978],[-41.28017879999993,-13.98331589999998],[-41.279690399999936,-13.920630899999935],[-41.266322299999956,-13.901989199999946],[-41.238513799999964,-13.891793999999948],[-41.18595819999996,-13.941970499999968],[-41.17463269999996,-13.939664299999947],[-41.17074299999996,-13.967313399999966],[-41.15158009999993,-13.966787799999963],[-41.141634099999976,-13.976697399999978],[-41.12131249999993,-14.035202399999946],[-41.06790769999998,-14.026371099999949],[-41.03013619999996,-14.04940449999998],[-41.00781559999996,-14.046622899999932],[-41.016020899999944,-14.055296599999963],[-41.00005699999997,-14.068587799999932],[-41.02170609999996,-14.071105199999977],[-41.014936199999966,-14.089722999999935],[-41.02602379999996,-14.09601559999993],[-41.02477799999997,-14.120274699999982],[-41.01478179999998,-14.132225999999946],[-41.024118999999985,-14.143197199999975],[-41.03965729999993,-14.143392799999958],[-41.04065019999996,-14.158078099999955],[-41.02091169999994,-14.164926399999956],[-41.01074129999995,-14.160035999999934],[-41.00035399999996,-14.17406939999995],[-41.018965899999955,-14.188537199999928],[-41.00721269999997,-14.21066529999996],[-41.01305139999994,-14.221011799999928],[-41.032815599999935,-14.219162599999947],[-41.04719499999993,-14.228383999999949],[-41.02713499999993,-14.237385399999937],[-41.025569099999984,-14.24709329999996],[-41.045731099999955,-14.247336399999938],[-41.09208079999996,-14.287244499999929],[-41.08900709999995,-14.309221799999932],[-41.103382899999986,-14.328955599999972],[-41.09093729999995,-14.34342049999998],[-41.10397999999998,-14.352424299999939],[-41.10754579999997,-14.367490799999928]]]}},{"id":"2210","type":"Feature","properties":{"COD_IBGE":"2931053","MUNICIPIO":"Tanque Novo","UF":"BA"},"geometry":{"type":"Polygon","coordinates":[[[-42.48128029999998,-13.677970399999936],[-42.54032139999998,-13.674185999999963],[-42.53535709999994,-13.655037799999945],[-42.54801349999997,-13.647836799999936],[-42.55849439999997,-13.653314399999942],[-42.57715289999993,-13.595282899999972],[-42.59230619999994,-13.611419599999977],[-42.60734919999993,-13.60269969999996],[-42.63375879999995,-13.611530699999946],[-42.63838449999997,-13.624865199999931],[-42.671460199999956,-13.627022199999942],[-42.69045099999994,-13.601623299999972],[-42.69982569999996,-13.565851399999929],[-42.719694499999946,-13.562737599999934],[-42.71860559999993,-13.535238599999957],[-42.70791049999997,-13.526822299999935],[-42.709429599999964,-13.497630499999957],[-42.69268379999994,-13.479609499999981],[-42.68056969999998,-13.481175899999926],[-42.62585819999998,-13.40477119999997],[-42.58339429999995,-13.440183799999943],[-42.579152499999964,-13.429523699999947],[-42.55913529999998,-13.435047899999972],[-42.54874539999997,-13.459871699999951],[-42.45141559999996,-13.441184299999975],[-42.45367219999997,-13.46795869999994],[-42.44464569999997,-13.472715899999969],[-42.43908149999993,-13.491015699999934],[-42.44023189999996,-13.51276189999993],[-42.41466799999995,-13.537562599999944],[-42.404834499999936,-13.581277899999975],[-42.364120999999955,-13.595398899999964],[-42.348873399999945,-13.663452899999982],[-42.35771219999998,-13.67185829999994],[-42.34668289999996,-13.69454369999994],[-42.38301619999993,-13.699253799999951],[-42.41406619999998,-13.668241399999943],[-42.45845339999994,-13.665414999999939],[-42.48128029999998,-13.677970399999936]]]}},{"id":"2211","type":"Feature","properties":{"COD_IBGE":"2931103","MUNICIPIO":"Tanquinho","UF":"BA"},"geometry":{"type":"Polygon","coordinates":[[[-39.08909069999993,-12.05544249999997],[-39.162150699999984,-12.027497099999948],[-39.17850089999996,-12.029445199999941],[-39.17505499999993,-11.971063199999946],[-39.16223929999995,-11.962580999999943],[-39.16398379999998,-11.950818199999958],[-39.118582799999956,-11.92304779999995],[-39.108704099999954,-11.890839099999937],[-39.096355399999936,-11.885442799999964],[-39.083115599999985,-11.859169399999928],[-39.08356519999995,-11.833865499999945],[-39.071898799999985,-11.828193899999974],[-39.026215399999955,-11.868726699999968],[-39.014388699999984,-11.912153399999966],[-39.043497499999944,-11.934265399999958],[-39.05887319999994,-11.97645749999998],[-39.05416769999994,-12.00466119999993],[-39.06387069999994,-12.017917599999976],[-39.05658939999995,-12.06287199999997],[-39.06714309999995,-12.070093499999928],[-39.094831899999974,-12.069866599999955],[-39.08909069999993,-12.05544249999997]]]}},{"id":"2212","type":"Feature","properties":{"COD_IBGE":"2931202","MUNICIPIO":"Taperoá","UF":"BA"},"geometry":{"type":"Polygon","coordinates":[[[-39.09298549999994,-13.53512969999997],[-39.07827969999994,-13.573045299999933],[-39.08628859999993,-13.601143799999932],[-39.11649349999993,-13.595727199999942],[-39.15114609999995,-13.604452699999968],[-39.16254589999994,-13.61637369999994],[-39.18273919999996,-13.617370899999969],[-39.18592339999998,-13.629110699999956],[-39.20605999999998,-13.63831209999995],[-39.215034799999955,-13.654845199999954],[-39.23198709999997,-13.653734699999973],[-39.23726769999996,-13.637314899999978],[-39.244546999999955,-13.637093299999947],[-39.25232769999997,-13.663343999999938],[-39.26005599999996,-13.665916299999935],[-39.263540499999976,-13.692381699999942],[-39.28727489999994,-13.681095299999981],[-39.28705329999997,-13.665802799999938],[-39.29442529999994,-13.675021399999935],[-39.35464319999994,-13.66820359999997],[-39.36023919999997,-13.624357999999972],[-39.35153399999996,-13.569655999999952],[-39.34280099999995,-13.56289229999993],[-39.34584239999998,-13.53887439999994],[-39.30285989999993,-13.485338399999932],[-39.27275129999998,-13.47888729999994],[-39.27222299999994,-13.497816099999966],[-39.260841599999935,-13.51296229999997],[-39.26585989999995,-13.521460799999943],[-39.249126099999955,-13.527285099999972],[-39.213457999999946,-13.52244049999996],[-39.212077299999976,-13.513757299999952],[-39.22004369999996,-13.509883499999944],[-39.210383099999945,-13.500579799999969],[-39.182005199999935,-13.513911399999927],[-39.15806749999996,-13.47675769999995],[-39.11652929999997,-13.484706999999958],[-39.09576459999994,-13.472769099999937],[-39.08421839999994,-13.486654199999975],[-39.07053089999994,-13.48793539999997],[-39.09298549999994,-13.53512969999997]]]}},{"id":"2213","type":"Feature","properties":{"COD_IBGE":"2931301","MUNICIPIO":"Tapiramutá","UF":"BA"},"geometry":{"type":"Polygon","coordinates":[[[-40.79419009999998,-11.963255699999934],[-40.853585899999985,-11.963599699999975],[-40.89707709999993,-11.990282199999967],[-40.93710239999996,-11.929425799999933],[-40.98092059999993,-11.885212199999955],[-40.96835749999997,-11.884269699999948],[-40.95971079999998,-11.84293299999996],[-40.94419659999994,-11.82027949999997],[-40.901590899999974,-11.810751299999936],[-40.88379489999994,-11.75710719999995],[-40.848513099999934,-11.776491599999929],[-40.80116739999994,-11.742921399999943],[-40.79787659999994,-11.763738299999943],[-40.78003199999995,-11.77502409999994],[-40.69880779999994,-11.797555899999963],[-40.665629199999955,-11.79519449999998],[-40.64917379999997,-11.836730199999977],[-40.612964999999974,-11.853152399999942],[-40.599131899999975,-11.884626699999956],[-40.57783859999995,-11.898256799999956],[-40.670709399999964,-11.93756849999994],[-40.73030679999994,-11.999828599999944],[-40.746823699999936,-12.000918299999967],[-40.75620189999995,-11.989918199999977],[-40.77187989999993,-11.993937599999981],[-40.79419009999998,-11.963255699999934]]]}},{"id":"2214","type":"Feature","properties":{"COD_IBGE":"2931350","MUNICIPIO":"Teixeira de Freitas","UF":"BA"},"geometry":{"type":"Polygon","coordinates":[[[-39.74137489999998,-17.279378399999928],[-39.699054099999955,-17.27117899999996],[-39.689342599999975,-17.284600499999954],[-39.67084969999996,-17.279381599999965],[-39.64737679999996,-17.311261099999967],[-39.63221599999997,-17.313264499999946],[-39.62940579999997,-17.35263939999993],[-39.60729999999995,-17.41108889999998],[-39.60463089999996,-17.557960999999978],[-39.76790999999997,-17.62735829999997],[-39.936738299999945,-17.47440409999996],[-39.93563489999997,-17.42681209999995],[-39.96961859999993,-17.38246399999997],[-39.999135499999966,-17.367035099999953],[-40.01736989999995,-17.325485499999957],[-40.02869999999996,-17.324922399999934],[-40.045833699999946,-17.30918889999998],[-40.06447419999995,-17.263073799999972],[-40.048759099999984,-17.26664329999994],[-40.05033449999996,-17.257286499999964],[-40.04025199999995,-17.25733239999994],[-40.03639049999998,-17.238819499999977],[-40.02329329999998,-17.23368709999994],[-40.017140799999936,-17.241864499999963],[-40.00684169999994,-17.23221549999994],[-40.000274599999955,-17.24984539999997],[-39.98997589999993,-17.24520309999997],[-39.945424799999955,-17.26635189999996],[-39.954078799999934,-17.30137129999997],[-39.947424499999954,-17.306124599999976],[-39.940494599999965,-17.348817999999937],[-39.91499399999998,-17.344078999999965],[-39.91325439999997,-17.354242399999976],[-39.89364169999993,-17.35545439999993],[-39.888504599999976,-17.364211999999952],[-39.857917999999984,-17.362738199999967],[-39.85790339999994,-17.338737899999956],[-39.83632719999997,-17.328614199999947],[-39.82809419999995,-17.302039799999932],[-39.83799829999998,-17.255486899999937],[-39.79654679999993,-17.261760399999957],[-39.77744749999994,-17.275283199999933],[-39.761275799999964,-17.266035599999952],[-39.74137489999998,-17.279378399999928]]]}},{"id":"2215","type":"Feature","properties":{"COD_IBGE":"2931400","MUNICIPIO":"Teodoro Sampaio","UF":"BA"},"geometry":{"type":"Polygon","coordinates":[[[-38.52080199999995,-12.259304399999962],[-38.532404499999984,-12.34285929999993],[-38.56293729999993,-12.331674299999975],[-38.570431499999984,-12.307930299999953],[-38.60140709999996,-12.32418569999993],[-38.62257299999993,-12.320289499999944],[-38.64251109999998,-12.361562099999958],[-38.657121899999936,-12.36133689999997],[-38.68029109999998,-12.33324749999997],[-38.67734029999997,-12.316926699999954],[-38.69843509999998,-12.279035999999962],[-38.678461099999936,-12.220686999999941],[-38.659357399999976,-12.205038299999956],[-38.654551899999944,-12.187780299999929],[-38.63218429999995,-12.170131799999979],[-38.61231289999995,-12.16640949999993],[-38.61510339999995,-12.176851499999941],[-38.59556329999998,-12.195645799999966],[-38.58666029999995,-12.193675399999961],[-38.549436499999956,-12.244772499999954],[-38.52080199999995,-12.259304399999962]]]}},{"id":"2216","type":"Feature","properties":{"COD_IBGE":"2931509","MUNICIPIO":"Teofilândia","UF":"BA"},"geometry":{"type":"Polygon","coordinates":[[[-38.96429909999995,-11.562164199999927],[-39.02846539999996,-11.552494099999933],[-39.06555229999998,-11.488152199999945],[-39.04918669999995,-11.444184699999937],[-39.07400749999994,-11.420840899999973],[-39.05379249999993,-11.398850099999947],[-38.98125709999994,-11.423376299999973],[-38.865052599999956,-11.382290499999954],[-38.827750299999934,-11.406159899999977],[-38.82256039999993,-11.41357819999996],[-38.861212499999965,-11.483983899999942],[-38.87000879999994,-11.537473099999943],[-38.88628149999994,-11.523860999999954],[-38.90329239999994,-11.543470299999967],[-38.92098989999994,-11.539939499999946],[-38.96429909999995,-11.562164199999927]]]}},{"id":"2217","type":"Feature","properties":{"COD_IBGE":"2931608","MUNICIPIO":"Teolândia","UF":"BA"},"geometry":{"type":"Polygon","coordinates":[[[-39.471239699999956,-13.61545929999994],[-39.497306899999955,-13.601397099999929],[-39.49950019999994,-13.585801599999968],[-39.62186609999998,-13.559752599999968],[-39.66859489999996,-13.536975899999959],[-39.62831739999996,-13.484355299999947],[-39.63233479999997,-13.471894799999973],[-39.622420499999976,-13.48260149999993],[-39.60407029999993,-13.465895199999977],[-39.58703299999996,-13.470109599999944],[-39.581769399999985,-13.480391999999938],[-39.56937579999993,-13.477318399999945],[-39.57544059999998,-13.503879899999959],[-39.550242399999945,-13.495232999999928],[-39.53941919999994,-13.513014999999939],[-39.527570899999944,-13.514213799999936],[-39.51265619999998,-13.503620199999943],[-39.509812599999975,-13.51563559999994],[-39.49573429999998,-13.519482799999935],[-39.50114249999996,-13.526926099999969],[-39.49551119999995,-13.531553899999949],[-39.469082399999934,-13.528654399999937],[-39.443629699999974,-13.510338799999943],[-39.40772769999995,-13.524313799999959],[-39.392064699999935,-13.540918199999965],[-39.37521869999995,-13.53205689999993],[-39.36943209999998,-13.55967789999994],[-39.379659499999946,-13.578282099999967],[-39.36377739999995,-13.583977199999936],[-39.34840929999996,-13.577021899999977],[-39.36023919999997,-13.624357999999972],[-39.35464319999994,-13.66820359999997],[-39.398578199999974,-13.64287349999995],[-39.392762999999945,-13.622955799999943],[-39.42502529999996,-13.60385199999996],[-39.42806189999993,-13.593977399999972],[-39.471239699999956,-13.61545929999994]]]}},{"id":"2218","type":"Feature","properties":{"COD_IBGE":"2931707","MUNICIPIO":"Terra Nova","UF":"BA"},"geometry":{"type":"Polygon","coordinates":[[[-38.529381899999976,-12.342460699999947],[-38.53558929999997,-12.408666299999936],[-38.52639319999997,-12.417147099999966],[-38.53836159999997,-12.42130229999998],[-38.54087629999998,-12.411493899999982],[-38.562199299999975,-12.422471299999927],[-38.61151169999994,-12.496789599999943],[-38.63740979999994,-12.47741499999995],[-38.67644569999993,-12.420433499999945],[-38.67079589999997,-12.402379099999962],[-38.65416219999997,-12.389415099999951],[-38.65798879999994,-12.362679799999967],[-38.64246819999994,-12.36151899999993],[-38.619998899999985,-12.318915899999979],[-38.60140709999996,-12.32418569999993],[-38.58951519999994,-12.312726299999952],[-38.56858669999997,-12.30832909999998],[-38.562775199999976,-12.331822299999942],[-38.529381899999976,-12.342460699999947]]]}},{"id":"2219","type":"Feature","properties":{"COD_IBGE":"2931806","MUNICIPIO":"Tremedal","UF":"BA"},"geometry":{"type":"Polygon","coordinates":[[[-41.329759699999954,-14.80851389999998],[-41.315896599999974,-14.78631839999997],[-41.32992459999997,-14.782825199999934],[-41.32991499999997,-14.77510099999995],[-41.26928349999997,-14.79820239999998],[-41.263199199999974,-14.806902499999978],[-41.258365099999935,-14.831603499999972],[-41.27289559999997,-14.855521899999928],[-41.26652939999997,-14.860471899999936],[-41.26828569999998,-14.87866669999994],[-41.254561499999966,-14.888684799999965],[-41.26209679999994,-14.893906099999981],[-41.26354719999995,-14.912403899999958],[-41.23931649999997,-14.931613599999935],[-41.244194799999946,-14.943395599999974],[-41.236626799999954,-14.940191899999945],[-41.238058799999976,-14.95551519999998],[-41.224193499999956,-14.965768499999967],[-41.218564199999946,-14.997727999999938],[-41.30216819999998,-15.023959299999945],[-41.28902389999996,-15.07141919999998],[-41.317210399999965,-15.09765699999997],[-41.318771599999934,-15.110481499999935],[-41.33313659999993,-15.126983699999982],[-41.34946739999998,-15.120837799999947],[-41.377052499999934,-15.163197599999933],[-41.41319379999993,-15.164686299999971],[-41.38512069999996,-15.277727199999958],[-41.389093299999956,-15.28423749999996],[-41.40851779999997,-15.283573599999954],[-41.423810499999945,-15.30719149999993],[-41.41571819999996,-15.331659699999932],[-41.436207199999956,-15.346256299999936],[-41.457799199999954,-15.381154999999978],[-41.45610439999996,-15.410335399999951],[-41.76001237299994,-15.137881102999927],[-41.73037689999995,-15.11323729999998],[-41.70344689999996,-15.115179999999953],[-41.68843789999994,-15.089762399999927],[-41.680299599999955,-15.100742599999933],[-41.651995899999974,-15.099588599999947],[-41.58690939999997,-15.041891199999952],[-41.581003599999974,-15.020115099999941],[-41.590292699999964,-14.99993909999995],[-41.60796559999994,-14.978998599999954],[-41.620088599999974,-14.973305399999958],[-41.624999799999955,-14.979472999999928],[-41.63261789999996,-14.971934799999929],[-41.63393469999994,-14.94901429999993],[-41.647729099999935,-14.93755479999993],[-41.63320689999995,-14.914120599999933],[-41.63203139999996,-14.892279299999927],[-41.62463729999996,-14.891460799999948],[-41.62946339999996,-14.86815439999998],[-41.61893559999993,-14.863716799999963],[-41.603936199999964,-14.873794499999974],[-41.574850599999934,-14.861548199999959],[-41.56768619999997,-14.83394329999993],[-41.532777299999964,-14.805651799999964],[-41.518847499999936,-14.805267999999955],[-41.52103059999996,-14.815390799999932],[-41.513762499999984,-14.810963299999969],[-41.51079679999998,-14.823463199999935],[-41.50269939999998,-14.82342609999995],[-41.48481419999996,-14.81125579999997],[-41.476842999999974,-14.794659099999933],[-41.46265669999997,-14.794526799999971],[-41.45326359999996,-14.805544599999962],[-41.44080879999996,-14.787118899999939],[-41.40537839999996,-14.802988899999946],[-41.391633799999966,-14.798815299999944],[-41.39281269999998,-14.815619899999945],[-41.37693429999996,-14.826595099999963],[-41.372732499999984,-14.815063399999929],[-41.351418499999966,-14.815432099999953],[-41.33989759999997,-14.796617999999967],[-41.329759699999954,-14.80851389999998]]]}},{"id":"2220","type":"Feature","properties":{"COD_IBGE":"2931905","MUNICIPIO":"Tucano","UF":"BA"},"geometry":{"type":"Polygon","coordinates":[[[-38.87190959999998,-11.346834999999942],[-38.94677299999995,-11.070120799999927],[-38.945564599999955,-11.05169479999995],[-38.972199699999976,-11.049281399999927],[-39.00230439999996,-11.057841999999937],[-39.01422189999994,-11.032730999999956],[-39.03457839999993,-11.030658899999935],[-39.04559869999997,-11.02054709999993],[-39.070414599999935,-11.04404059999996],[-39.079218399999945,-11.042905699999949],[-39.11511859999996,-11.017718899999977],[-38.96494289999998,-10.838817899999981],[-38.960554799999954,-10.81298389999995],[-38.97043839999998,-10.80489689999996],[-38.966515699999945,-10.79714649999994],[-38.97375069999998,-10.786310999999955],[-38.93858169999993,-10.773349699999926],[-38.91267689999995,-10.77862349999998],[-38.879781299999934,-10.745982999999967],[-38.78122389999993,-10.718401799999981],[-38.77862279999994,-10.743728399999952],[-38.767439699999954,-10.74720229999997],[-38.77499249999994,-10.775459699999942],[-38.71114179999995,-10.890044099999955],[-38.66761059999993,-10.899264399999936],[-38.625314999999944,-10.94022739999997],[-38.59395519999998,-10.988441799999976],[-38.59376679999997,-11.025509799999952],[-38.57666909999995,-11.061737999999934],[-38.55608609999996,-11.076157499999965],[-38.56915249999997,-11.096671399999934],[-38.558996099999945,-11.127548299999944],[-38.58205839999994,-11.143616799999961],[-38.60985069999998,-11.136018699999966],[-38.62910599999998,-11.191303499999947],[-38.77414649999997,-11.35635549999995],[-38.804866699999934,-11.346867199999963],[-38.83341239999993,-11.35418679999998],[-38.87190959999998,-11.346834999999942]]]}},{"id":"2221","type":"Feature","properties":{"COD_IBGE":"2932002","MUNICIPIO":"Uauá","UF":"BA"},"geometry":{"type":"Polygon","coordinates":[[[-39.45490019999994,-10.172366899999929],[-39.52574169999997,-10.188433199999963],[-39.53515139999996,-10.15567539999995],[-39.54091999999997,-10.148851399999955],[-39.554353599999956,-10.151844099999948],[-39.55364539999994,-10.137897299999963],[-39.56434019999995,-10.12174129999994],[-39.55970179999997,-10.106768199999976],[-39.58863319999995,-10.125064699999939],[-39.63656569999995,-10.12138479999993],[-39.653632699999946,-10.100069799999972],[-39.71594959999993,-10.06744679999997],[-39.737384599999984,-10.064388999999949],[-39.73429539999995,-10.089224599999966],[-39.75785829999995,-10.074014099999943],[-39.769038499999965,-10.000996399999963],[-39.75997289999998,-9.987858999999958],[-39.767111299999954,-9.97026999999997],[-39.74931179999993,-9.952447499999948],[-39.73829489999997,-9.901096399999972],[-39.759743499999956,-9.868008699999962],[-39.78031589999995,-9.870921199999941],[-39.79576469999995,-9.843810299999973],[-39.66281859999998,-9.750662999999975],[-39.65618969999997,-9.74055379999993],[-39.668921599999976,-9.72916859999998],[-39.64410209999994,-9.706828599999938],[-39.60006549999997,-9.699644599999942],[-39.359572699999944,-9.61569129999998],[-39.347572499999956,-9.600707899999975],[-39.33004289999997,-9.59446429999997],[-39.307530199999974,-9.607475399999942],[-39.28717599999993,-9.633957299999963],[-39.270330799999954,-9.630454899999961],[-39.263954299999966,-9.640701299999932],[-39.22370029999996,-9.634627999999964],[-39.211620299999936,-9.645685299999968],[-39.236162699999966,-9.718862999999942],[-39.213735199999974,-9.765286899999978],[-39.22161799999998,-9.792088299999932],[-39.199894599999936,-9.83314189999993],[-39.207510999999954,-9.852838299999974],[-39.202169699999956,-9.972778199999937],[-39.22055249999994,-10.024865699999964],[-39.23665259999996,-10.033407999999952],[-39.26340499999998,-10.08708219999994],[-39.25540889999996,-10.14692649999995],[-39.26683029999998,-10.19267689999998],[-39.32422969999993,-10.188130299999955],[-39.322257399999955,-10.196511899999962],[-39.37140929999998,-10.171775199999956],[-39.45490019999994,-10.172366899999929]]]}},{"id":"2222","type":"Feature","properties":{"COD_IBGE":"2932101","MUNICIPIO":"Ubaíra","UF":"BA"},"geometry":{"type":"Polygon","coordinates":[[[-39.59186009999996,-13.21878479999998],[-39.60212139999993,-13.226000899999974],[-39.58514289999994,-13.25073249999997],[-39.59771859999995,-13.263309899999967],[-39.612531299999944,-13.260265599999968],[-39.606441899999936,-13.297186299999964],[-39.62077859999994,-13.311895099999958],[-39.63670609999997,-13.351356899999928],[-39.62877219999996,-13.398706799999957],[-39.644246099999975,-13.420679599999971],[-39.63946329999993,-13.43778519999995],[-39.64894449999997,-13.435675099999969],[-39.64818489999993,-13.448841999999956],[-39.627815699999985,-13.463809399999946],[-39.62767759999997,-13.482773599999973],[-39.66859489999996,-13.536975899999959],[-39.70872399999996,-13.497503999999935],[-39.72943529999998,-13.48951889999995],[-39.710486799999956,-13.458259699999928],[-39.71518779999997,-13.42798369999997],[-39.72759639999998,-13.409527399999945],[-39.74208319999997,-13.413085899999942],[-39.740984399999945,-13.381191099999967],[-39.752875899999935,-13.369905999999958],[-39.72700839999993,-13.369498499999963],[-39.721388099999956,-13.34461529999993],[-39.72812129999994,-13.314413299999956],[-39.757244999999955,-13.268912499999942],[-39.75850539999993,-13.248089499999935],[-39.80608499999994,-13.232112799999982],[-39.82797109999996,-13.212831799999947],[-39.83846489999996,-13.190360599999963],[-39.82806329999994,-13.185961299999974],[-39.81209299999995,-13.193938399999979],[-39.809353399999964,-13.18599299999994],[-39.766107699999964,-13.178907099999947],[-39.743219299999964,-13.191894399999967],[-39.74377419999996,-13.159945299999947],[-39.76067159999997,-13.144281899999953],[-39.749036099999955,-13.12362429999996],[-39.73834449999998,-13.118633299999942],[-39.71088949999995,-13.132262699999956],[-39.698774999999955,-13.129659199999935],[-39.702656299999944,-13.112215699999979],[-39.65303729999994,-13.109113599999944],[-39.631902699999955,-13.095606299999929],[-39.598158799999965,-13.09706669999997],[-39.582907999999975,-13.146861399999977],[-39.56890809999993,-13.151953699999979],[-39.55264169999998,-13.140952999999968],[-39.536748099999954,-13.170591899999977],[-39.56884059999993,-13.189356799999928],[-39.61010849999997,-13.183935099999928],[-39.606907099999944,-13.208525599999973],[-39.59186009999996,-13.21878479999998]]]}},{"id":"2223","type":"Feature","properties":{"COD_IBGE":"2932200","MUNICIPIO":"Ubaitaba","UF":"BA"},"geometry":{"type":"Polygon","coordinates":[[[-39.27048909999996,-14.306006699999955],[-39.34522169999997,-14.313857699999971],[-39.362408699999946,-14.301225299999942],[-39.36646469999994,-14.278519199999948],[-39.40988479999993,-14.310035199999959],[-39.41621779999997,-14.294828999999936],[-39.43228069999998,-14.294088699999975],[-39.44349119999998,-14.304483499999947],[-39.582443799999965,-14.245060199999955],[-39.57581479999993,-14.233138099999962],[-39.56674409999994,-14.239801899999975],[-39.558432799999935,-14.23490309999994],[-39.547527799999955,-14.210927699999957],[-39.540507299999945,-14.210112699999968],[-39.49247019999996,-14.239684799999964],[-39.462950099999944,-14.228552099999945],[-39.44418809999996,-14.241539799999941],[-39.412987999999984,-14.236205299999938],[-39.32342699999998,-14.254577199999972],[-39.31813759999994,-14.278383399999939],[-39.30290659999997,-14.266628499999968],[-39.264824499999975,-14.290698299999974],[-39.27048909999996,-14.306006699999955]]]}},{"id":"2224","type":"Feature","properties":{"COD_IBGE":"2932309","MUNICIPIO":"Ubatã","UF":"BA"},"geometry":{"type":"Polygon","coordinates":[[[-39.51504569999997,-14.21606399999996],[-39.54632289999995,-14.210101699999939],[-39.56674409999994,-14.239801899999975],[-39.57842029999995,-14.212983399999928],[-39.56915819999995,-14.20211329999995],[-39.57312449999995,-14.181537499999934],[-39.561159499999974,-14.147320099999945],[-39.54712489999997,-14.144298799999945],[-39.54034439999998,-14.130654599999957],[-39.55416779999996,-14.11423149999996],[-39.54241779999995,-14.07541139999995],[-39.54667519999998,-14.063583299999948],[-39.52667359999998,-14.051681799999926],[-39.53156359999997,-14.04486929999996],[-39.51889149999994,-14.009375099999943],[-39.532480299999975,-14.005445899999927],[-39.54565939999998,-13.960080499999947],[-39.51998639999994,-13.965653199999963],[-39.50970629999995,-13.950329899999929],[-39.51648929999993,-13.933879699999977],[-39.49839419999995,-13.93221269999998],[-39.48779149999996,-13.934771399999931],[-39.49200039999994,-13.97043739999998],[-39.47925209999994,-13.982554099999959],[-39.49277099999995,-14.014171199999964],[-39.48616489999995,-14.027124799999967],[-39.50603789999997,-14.04178879999995],[-39.50463469999994,-14.053651799999955],[-39.48833979999995,-14.05619459999997],[-39.507767799999954,-14.092372499999954],[-39.49437489999997,-14.096264299999973],[-39.48626449999995,-14.086945599999979],[-39.47078159999995,-14.108074199999976],[-39.48696619999998,-14.119938099999956],[-39.51504569999997,-14.21606399999996]]]}},{"id":"2225","type":"Feature","properties":{"COD_IBGE":"2932408","MUNICIPIO":"Uibaí","UF":"BA"},"geometry":{"type":"Polygon","coordinates":[[[-42.02557909999996,-11.387460799999928],[-41.97824749999995,-11.427745499999958],[-42.007775599999945,-11.45705369999996],[-42.06778529999997,-11.595680399999935],[-42.08703299999996,-11.53955099999996],[-42.08594549999998,-11.522247599999957],[-42.117985199999964,-11.524804699999947],[-42.12622819999996,-11.494160299999976],[-42.164080299999966,-11.480226499999958],[-42.169510299999956,-11.455837499999973],[-42.15696249999996,-11.44355749999994],[-42.15965569999997,-11.40488229999994],[-42.17558359999998,-11.397190099999932],[-42.18075529999993,-11.345722499999965],[-42.19458139999995,-11.340722699999958],[-42.223860799999954,-11.304788299999927],[-42.24029079999997,-11.261230599999976],[-42.15832979999993,-11.24505789999995],[-42.15134709999995,-11.237006399999927],[-42.13694259999994,-11.245484199999964],[-42.10732539999998,-11.22178809999997],[-42.05428649999993,-11.233390999999926],[-42.05891619999994,-11.25853989999996],[-42.04903429999996,-11.331053999999938],[-42.02557909999996,-11.387460799999928]]]}},{"id":"2226","type":"Feature","properties":{"COD_IBGE":"2932457","MUNICIPIO":"Umburanas","UF":"BA"},"geometry":{"type":"Polygon","coordinates":[[[-41.112341699999945,-10.661777799999982],[-41.11352379999994,-10.675563499999953],[-41.08033029999996,-10.674611699999957],[-41.08556509999994,-10.701083199999971],[-41.10273379999995,-10.71528879999994],[-41.16575379999995,-10.725478899999928],[-41.18036959999995,-10.720481999999947],[-41.19545119999998,-10.696794799999964],[-41.18101189999993,-10.647994799999935],[-41.281016499999964,-10.64248109999994],[-41.30740879999996,-10.680707599999948],[-41.28075239999998,-10.738138399999968],[-41.443231699999956,-10.801866399999938],[-41.436393899999985,-10.795172299999933],[-41.44108159999996,-10.78574759999998],[-41.453502699999945,-10.790036499999928],[-41.478959299999985,-10.754699999999957],[-41.53538009999994,-10.734991999999977],[-41.57541989999993,-10.757180199999937],[-41.59076739999995,-10.73783519999995],[-41.589910799999984,-10.724343699999963],[-41.55738349999996,-10.702523999999926],[-41.56047679999995,-10.69467179999998],[-41.546033499999965,-10.664571599999931],[-41.53297029999993,-10.679419499999938],[-41.50389329999996,-10.665999299999953],[-41.496079899999984,-10.651506299999937],[-41.50581749999998,-10.640123899999935],[-41.49565179999996,-10.618309099999976],[-41.48526309999994,-10.633710399999927],[-41.474098399999946,-10.62999579999996],[-41.45706659999996,-10.597690499999942],[-41.43035709999998,-10.589433699999972],[-41.42726729999998,-10.576280199999928],[-41.39176919999994,-10.56770229999995],[-41.39736689999995,-10.547576599999957],[-41.38152219999995,-10.518740499999979],[-41.45300279999998,-10.488272199999926],[-41.473194699999965,-10.461952499999938],[-41.449212399999965,-10.453329499999938],[-41.44570849999997,-10.441472899999951],[-41.37723609999995,-10.41654219999998],[-41.35431989999995,-10.387796999999978],[-41.361463399999934,-10.369972099999927],[-41.33296079999997,-10.377831399999934],[-41.33343189999994,-10.368983299999968],[-41.323710999999946,-10.364925299999982],[-41.32611869999994,-10.35404479999994],[-41.28829099999996,-10.335744699999964],[-41.27891329999994,-10.347105899999974],[-41.259956099999954,-10.351684399999954],[-41.251009099999976,-10.427935799999943],[-41.23290069999996,-10.436413799999968],[-41.22202349999998,-10.45528859999996],[-41.212094399999955,-10.456843499999934],[-41.175207299999954,-10.430232099999955],[-41.10666169999996,-10.466664999999978],[-41.10031559999993,-10.459982099999934],[-41.03832619999997,-10.451399899999956],[-41.01871029999995,-10.43151219999993],[-41.00208959999998,-10.45128589999996],[-40.96716369999996,-10.451438899999971],[-40.966306299999985,-10.476286199999947],[-40.94604789999994,-10.486321499999974],[-40.94184109999998,-10.509300199999927],[-40.90045199999997,-10.517512899999929],[-40.883699899999954,-10.494435099999976],[-40.87243239999998,-10.500544699999978],[-40.87785569999994,-10.522650099999964],[-40.88722179999996,-10.520429499999977],[-40.88183159999994,-10.533874699999956],[-40.895902399999954,-10.540143799999953],[-40.89521279999997,-10.551047899999958],[-40.90391619999997,-10.544493399999965],[-40.904457099999945,-10.552236199999982],[-40.91306249999997,-10.54997949999995],[-40.91312809999994,-10.557036299999936],[-40.922105699999975,-10.558494099999962],[-40.915822799999944,-10.563329499999952],[-40.934265299999936,-10.605136399999935],[-40.940612999999985,-10.600954499999943],[-41.112341699999945,-10.661777799999982]]]}},{"id":"2227","type":"Feature","properties":{"COD_IBGE":"2932507","MUNICIPIO":"Una","UF":"BA"},"geometry":{"type":"Polygon","coordinates":[[[-39.08009729999998,-15.364492999999982],[-39.10256679999998,-15.370948599999963],[-39.11284519999998,-15.363578899999936],[-39.148929099999975,-15.37618969999994],[-39.23466589999998,-15.355176599999936],[-39.25371269999994,-15.341560399999935],[-39.25395589999994,-15.360306399999956],[-39.25996779999997,-15.349805599999968],[-39.27521019999995,-15.35058719999995],[-39.28620049999995,-15.341278799999941],[-39.29316049999994,-15.33085639999996],[-39.28782279999996,-15.316588999999965],[-39.300864599999954,-15.304154299999936],[-39.31484509999996,-15.308212599999933],[-39.319519499999956,-15.330262399999981],[-39.34023709999997,-15.319360699999947],[-39.333373999999935,-15.29117199999996],[-39.29845849999998,-15.277287099999967],[-39.31275119999998,-15.27496309999998],[-39.32021869999994,-15.263908699999945],[-39.30627909999998,-15.260638799999981],[-39.30875969999994,-15.235792499999945],[-39.29887979999995,-15.224781099999973],[-39.30844209999998,-15.21631039999994],[-39.29830199999998,-15.20341899999994],[-39.31460519999996,-15.15775009999993],[-39.33068089999995,-15.156089099999974],[-39.32431339999994,-15.143616099999974],[-39.329587199999935,-15.113089799999955],[-39.299724599999934,-15.093252899999982],[-39.29518269999994,-15.072800099999938],[-39.272297899999955,-15.083958399999972],[-39.23605809999998,-15.048412199999973],[-39.219403099999965,-15.055529799999931],[-39.20585169999998,-15.046820699999955],[-39.18804759999995,-15.05454439999994],[-39.17742119999997,-15.049608999999975],[-39.15883139999994,-15.058829699999933],[-39.13164949999998,-15.035801399999968],[-39.11930849999993,-15.057088499999963],[-39.08156679999996,-15.080056199999945],[-39.08260179999996,-15.096822399999951],[-39.06990229999997,-15.096342299999947],[-39.06299689999997,-15.11226389999996],[-39.04328899999996,-15.111640299999976],[-39.01909839999996,-15.089998799999933],[-39.00876199999993,-15.096386999999936],[-38.99632559999998,-15.085151899999971],[-38.99306199999995,-15.294155299999943],[-38.97321849999997,-15.38550239999995],[-38.98769649999997,-15.383739699999978],[-38.99162599999994,-15.391673199999957],[-39.00369959999995,-15.37151579999994],[-39.01660209999994,-15.390924999999982],[-39.08009729999998,-15.364492999999982]]]}},{"id":"2228","type":"Feature","properties":{"COD_IBGE":"2932606","MUNICIPIO":"Urandi","UF":"BA"},"geometry":{"type":"Polygon","coordinates":[[[-42.74881089999997,-14.863844599999936],[-42.75513779999994,-14.84642139999994],[-42.79099199999996,-14.839379099999974],[-42.82024719999998,-14.820628599999964],[-42.87239109999996,-14.775362899999948],[-42.86690909999993,-14.770615799999973],[-42.872032099999956,-14.764454599999965],[-42.85211419999996,-14.763864199999944],[-42.805238299999985,-14.656824799999981],[-42.78723999999994,-14.65627109999997],[-42.764886099999956,-14.613015899999937],[-42.74134939999993,-14.614810199999965],[-42.728134599999976,-14.59238709999994],[-42.65694549999995,-14.586091599999975],[-42.65550229999997,-14.576683599999967],[-42.64040109999996,-14.57158499999997],[-42.62846929999995,-14.540626699999962],[-42.60703659999996,-14.544820199999947],[-42.60089279999994,-14.536138299999948],[-42.586172199999965,-14.537051299999973],[-42.56970289999998,-14.513886799999966],[-42.557279499999936,-14.525620299999957],[-42.564665299999945,-14.543344099999956],[-42.58306179999994,-14.551843899999938],[-42.583518699999956,-14.588577199999975],[-42.57595689999994,-14.607248099999936],[-42.552329199999974,-14.616385399999956],[-42.581968899999936,-14.769468199999949],[-42.57061339999996,-14.77140849999995],[-42.57290359999996,-14.80127639999995],[-42.55445219999996,-14.836638499999935],[-42.57040009999997,-14.847428399999956],[-42.575107799999955,-14.87537629999997],[-42.58750539999994,-14.865632699999935],[-42.61008869999995,-14.890809099999956],[-42.62540939999997,-14.945019599999966],[-42.65521609999996,-14.924253399999941],[-42.65969359999997,-14.910438299999953],[-42.663797099999954,-14.916307099999926],[-42.69279719999997,-14.902490499999942],[-42.704163499999936,-14.882828299999971],[-42.72335979999997,-14.885612399999957],[-42.74881089999997,-14.863844599999936]]]}},{"id":"2229","type":"Feature","properties":{"COD_IBGE":"2932705","MUNICIPIO":"Uruçuca","UF":"BA"},"geometry":{"type":"Polygon","coordinates":[[[-39.04214189999993,-14.497608999999954],[-39.073647999999935,-14.520257299999969],[-39.145254199999954,-14.529895899999929],[-39.13935749999996,-14.541128999999955],[-39.17666469999995,-14.568731499999956],[-39.181256099999985,-14.593137199999944],[-39.19449799999995,-14.60993259999998],[-39.27214529999998,-14.638027399999942],[-39.35304949999994,-14.62574669999998],[-39.36463619999995,-14.609393499999953],[-39.360356199999956,-14.574267099999929],[-39.37876559999995,-14.559247299999981],[-39.40082289999998,-14.554910499999949],[-39.38137909999995,-14.514572099999953],[-39.39190359999998,-14.523064599999941],[-39.39937779999997,-14.51628379999994],[-39.38619629999994,-14.508210599999927],[-39.38209749999993,-14.498394599999926],[-39.390277399999945,-14.493781999999953],[-39.37207379999995,-14.478840699999978],[-39.36429259999994,-14.45018159999995],[-39.13170699999995,-14.488898899999981],[-39.12286819999997,-14.464302399999951],[-39.09496679999995,-14.450177699999927],[-39.093073499999946,-14.433350099999927],[-39.06160609999995,-14.418902799999955],[-39.04426429999995,-14.399955299999931],[-39.04235539999996,-14.420155699999953],[-39.01771239999994,-14.418452999999943],[-39.03433719999998,-14.515264699999932],[-39.04214189999993,-14.497608999999954]]]}},{"id":"2230","type":"Feature","properties":{"COD_IBGE":"2932804","MUNICIPIO":"Utinga","UF":"BA"},"geometry":{"type":"Polygon","coordinates":[[[-41.121186499999965,-12.113591999999926],[-41.229148099999975,-12.137398799999971],[-41.22478249999995,-12.124798699999928],[-41.23697359999994,-12.114010699999938],[-41.21777399999996,-12.083823699999925],[-41.22945349999998,-12.07773409999993],[-41.23129629999994,-12.040194799999938],[-41.21584269999994,-12.017981499999962],[-41.19559419999996,-12.01174659999998],[-41.19641349999995,-11.986018399999978],[-41.18838989999995,-11.971586899999977],[-41.19546679999996,-11.951412999999945],[-41.20540509999995,-11.950636499999973],[-41.21352559999997,-11.925612899999976],[-41.223329699999965,-11.918652799999961],[-41.09989879999995,-11.956813199999942],[-41.10938589999995,-11.944907199999932],[-41.08611609999997,-11.919183099999941],[-41.06352999999996,-11.931719599999951],[-41.048945499999945,-11.969819299999926],[-41.02488829999993,-12.002242099999933],[-40.97252539999994,-12.016416499999934],[-40.92052399999994,-12.014371899999958],[-40.89707709999993,-11.990282199999967],[-40.90896969999994,-12.059576499999935],[-40.87359349999997,-12.125741399999981],[-40.89401039999996,-12.154916599999979],[-40.97212149999996,-12.129050799999959],[-40.99726419999996,-12.148680799999966],[-41.04087819999995,-12.14760039999993],[-41.121186499999965,-12.113591999999926]]]}},{"id":"2231","type":"Feature","properties":{"COD_IBGE":"2932903","MUNICIPIO":"Valença","UF":"BA"},"geometry":{"type":"Polygon","coordinates":[[[-38.96726789999997,-13.339362599999959],[-38.95075349999996,-13.38991109999995],[-38.96797669999995,-13.38817709999995],[-38.98914279999997,-13.372093699999937],[-39.037863999999956,-13.383903699999962],[-39.07038389999997,-13.453942199999972],[-39.07053089999994,-13.48793539999997],[-39.08421839999994,-13.486654199999975],[-39.09631749999994,-13.472696499999927],[-39.11652929999997,-13.484706999999958],[-39.15806749999996,-13.47675769999995],[-39.182005199999935,-13.513911399999927],[-39.210383099999945,-13.500579799999969],[-39.22004369999996,-13.509883499999944],[-39.212077299999976,-13.513757299999952],[-39.21370069999995,-13.522583299999951],[-39.25683529999998,-13.526505199999974],[-39.26585989999995,-13.521460799999943],[-39.260841599999935,-13.51296229999997],[-39.27222299999994,-13.497816099999966],[-39.27275129999998,-13.47888729999994],[-39.30285989999993,-13.485338399999932],[-39.305604399999936,-13.464694699999939],[-39.324221199999954,-13.442555499999969],[-39.31743119999993,-13.403258999999935],[-39.30956699999996,-13.387909499999978],[-39.29510579999993,-13.382375699999955],[-39.297040299999935,-13.375233599999945],[-39.34527889999998,-13.371672099999955],[-39.36131839999996,-13.35588169999994],[-39.35206619999997,-13.338057799999945],[-39.38629959999997,-13.343257999999935],[-39.41077199999995,-13.327049199999976],[-39.428018399999985,-13.330352699999935],[-39.428333099999975,-13.345978099999968],[-39.43436409999998,-13.34495329999993],[-39.450266099999965,-13.37220869999993],[-39.46519089999998,-13.36768589999997],[-39.47998239999998,-13.33759299999997],[-39.46758569999997,-13.32953219999996],[-39.477815599999985,-13.297427199999959],[-39.45273729999997,-13.301774499999965],[-39.45342549999998,-13.29092049999997],[-39.44598039999994,-13.28779419999995],[-39.43460879999998,-13.30205639999997],[-39.42882529999997,-13.298245799999961],[-39.43311129999995,-13.271362999999951],[-39.42609879999998,-13.26591689999998],[-39.43681649999996,-13.23602569999997],[-39.41677539999995,-13.242702599999973],[-39.40972379999994,-13.237805099999946],[-39.41244629999994,-13.22992819999996],[-39.403985499999976,-13.22838829999995],[-39.39793079999998,-13.239639799999964],[-39.381222099999945,-13.232974299999967],[-39.36629209999995,-13.24788639999997],[-39.347850999999935,-13.252225599999974],[-39.334477299999946,-13.218074699999931],[-39.336684299999945,-13.198932799999966],[-39.29862849999995,-13.21729419999997],[-39.29010699999998,-13.247100699999976],[-39.28110879999997,-13.243827499999952],[-39.26885059999995,-13.263929399999938],[-39.24776909999997,-13.265987199999927],[-39.232470099999944,-13.291500399999961],[-39.21792469999997,-13.286604999999952],[-39.21039879999995,-13.295424199999957],[-39.20436119999994,-13.285065499999973],[-39.211973899999975,-13.265687599999978],[-39.22005319999994,-13.265572199999951],[-39.219352199999946,-13.239833199999964],[-39.207082499999956,-13.22243949999995],[-39.18297299999995,-13.24063149999995],[-39.14346599999993,-13.22400399999998],[-39.14337079999996,-13.23354089999998],[-39.11507249999994,-13.25350469999995],[-39.10242499999998,-13.258515699999975],[-39.09214579999997,-13.24800799999997],[-39.070718599999964,-13.25967369999995],[-39.07524909999995,-13.243769399999962],[-39.02665099999996,-13.244997199999943],[-39.00795679999993,-13.22598019999998],[-38.99924859999993,-13.250426199999936],[-38.99004959999996,-13.254799599999956],[-38.97365039999994,-13.234954899999934],[-38.96451319999994,-13.236615799999981],[-38.967149699999936,-13.225099199999931],[-38.957712699999945,-13.215992999999969],[-38.937725299999954,-13.20577789999993],[-38.918843799999934,-13.213578199999972],[-38.94291569999996,-13.23598519999996],[-38.96335499999998,-13.28754129999993],[-38.96726789999997,-13.339362599999959]]]}},{"id":"2232","type":"Feature","properties":{"COD_IBGE":"2933000","MUNICIPIO":"Valente","UF":"BA"},"geometry":{"type":"Polygon","coordinates":[[[-39.48988749999995,-11.44016629999993],[-39.563930899999946,-11.401346099999955],[-39.587419599999976,-11.369048299999974],[-39.59383569999994,-11.370686699999965],[-39.59901179999997,-11.350274099999979],[-39.60911649999997,-11.346085399999936],[-39.49949479999998,-11.290186399999982],[-39.33191169999998,-11.341503399999965],[-39.310924299999954,-11.367154399999947],[-39.27326579999993,-11.337041799999952],[-39.267610299999944,-11.378041499999938],[-39.27547809999993,-11.382845299999929],[-39.29064519999997,-11.371612899999946],[-39.399446599999976,-11.456999699999926],[-39.48954659999998,-11.476223699999935],[-39.48988749999995,-11.44016629999993]]]}},{"id":"2233","type":"Feature","properties":{"COD_IBGE":"2933059","MUNICIPIO":"Várzea da Roça","UF":"BA"},"geometry":{"type":"Polygon","coordinates":[[[-40.03879559999996,-11.697389199999975],[-40.07028129999998,-11.662909799999966],[-40.13758319999994,-11.642678499999931],[-40.177275399999985,-11.642536999999948],[-40.23425589999994,-11.602199199999973],[-40.225669799999935,-11.589535699999942],[-40.23064769999996,-11.568384899999955],[-40.20686079999996,-11.551458299999979],[-40.20909429999995,-11.545857499999954],[-40.17056149999996,-11.52889369999997],[-40.16466459999998,-11.514826599999935],[-40.14945949999998,-11.52507079999998],[-40.131447899999955,-11.51538899999997],[-40.10751589999995,-11.529064799999958],[-40.107380999999975,-11.53888139999998],[-40.09549539999995,-11.539029599999935],[-40.08018339999995,-11.527984899999979],[-40.028721099999984,-11.522609399999965],[-40.02898939999994,-11.51030929999996],[-40.019075499999985,-11.503236799999968],[-39.99267549999996,-11.503116399999954],[-39.98103919999994,-11.491295699999966],[-39.96858409999993,-11.490866899999958],[-39.958826399999964,-11.582802399999935],[-39.96239609999998,-11.624974599999973],[-39.95573009999998,-11.649867099999938],[-39.92769499999997,-11.66497579999998],[-39.91980319999993,-11.687518599999976],[-39.93588489999996,-11.697372899999948],[-40.00923869999997,-11.700599999999952],[-40.03879559999996,-11.697389199999975]]]}},{"id":"2234","type":"Feature","properties":{"COD_IBGE":"2933109","MUNICIPIO":"Várzea do Poço","UF":"BA"},"geometry":{"type":"Polygon","coordinates":[[[-40.29397239999997,-11.494342699999947],[-40.26855489999997,-11.53183189999993],[-40.254993999999954,-11.536254999999926],[-40.25370859999998,-11.549444299999948],[-40.23982509999996,-11.550105199999962],[-40.22638009999997,-11.56425669999993],[-40.231089199999985,-11.606645299999968],[-40.24290249999996,-11.612187499999948],[-40.25582349999996,-11.596522099999959],[-40.26786099999998,-11.608696499999951],[-40.32596899999993,-11.610930999999937],[-40.33708569999993,-11.587171399999932],[-40.341411499999936,-11.602579599999956],[-40.37067629999996,-11.616230299999927],[-40.38389689999997,-11.505290799999955],[-40.36873769999994,-11.481857499999933],[-40.308842099999936,-11.434773499999949],[-40.29559909999995,-11.453366699999947],[-40.29397239999997,-11.494342699999947]]]}},{"id":"2235","type":"Feature","properties":{"COD_IBGE":"2933158","MUNICIPIO":"Várzea Nova","UF":"BA"},"geometry":{"type":"Polygon","coordinates":[[[-40.946122499999944,-11.285125799999946],[-41.13355249999995,-11.153350499999931],[-41.24457359999997,-11.145578999999941],[-41.25521799999996,-11.138873599999954],[-41.259695499999964,-11.120837299999948],[-41.29469949999998,-11.115328899999952],[-41.31714479999994,-11.073068699999965],[-41.309648599999946,-11.026116399999978],[-41.29520809999997,-11.015590299999928],[-41.297949899999935,-11.00676459999994],[-41.28857489999996,-10.993836899999962],[-41.27699219999994,-10.98795519999993],[-41.24119179999997,-10.991556799999955],[-41.23069419999996,-10.968271099999981],[-41.233824399999946,-10.956704199999933],[-41.13405949999998,-10.995530999999971],[-41.10287559999995,-11.024737099999982],[-41.08866269999993,-11.01713049999995],[-40.916286499999956,-11.023412699999938],[-40.80066759999994,-11.112698999999964],[-40.72586639999997,-11.246302899999932],[-40.745704099999955,-11.266568799999959],[-40.86473479999995,-11.260809699999982],[-40.946122499999944,-11.285125799999946]]]}},{"id":"2236","type":"Feature","properties":{"COD_IBGE":"2933174","MUNICIPIO":"Varzedo","UF":"BA"},"geometry":{"type":"Polygon","coordinates":[[[-39.40164139999996,-12.996771299999978],[-39.44323309999993,-12.993249499999934],[-39.46411199999994,-12.96004019999998],[-39.46293239999994,-12.89131059999994],[-39.47885279999997,-12.859481599999981],[-39.45722459999996,-12.845513099999948],[-39.42692649999998,-12.883850399999972],[-39.37592499999994,-12.887597399999947],[-39.35112149999998,-12.901639099999954],[-39.35623949999996,-12.919262599999968],[-39.32298309999993,-12.99148189999994],[-39.31300639999995,-12.994863399999929],[-39.30953809999994,-13.02592169999997],[-39.32012489999994,-13.042019099999948],[-39.28761939999998,-13.049304799999959],[-39.284457499999974,-13.058880899999963],[-39.29942579999994,-13.065755099999933],[-39.31805949999995,-13.056414399999937],[-39.34211309999995,-13.060450099999969],[-39.35150599999997,-13.043775799999935],[-39.38181409999993,-13.02707289999995],[-39.40164139999996,-12.996771299999978]]]}},{"id":"2237","type":"Feature","properties":{"COD_IBGE":"2933208","MUNICIPIO":"Vera Cruz","UF":"BA"},"geometry":{"type":"Polygon","coordinates":[[[-38.72297149999997,-12.924386899999945],[-38.627596799999935,-12.940490999999952],[-38.61568319999998,-12.932570999999939],[-38.56112799999994,-12.932736099999943],[-38.561844399999984,-12.957883999999979],[-38.585585899999955,-13.012673199999938],[-38.64333869999996,-13.015313099999958],[-38.65721259999998,-13.033531399999958],[-38.71261809999993,-13.061102299999959],[-38.735539899999935,-13.089614499999982],[-38.74707029999996,-13.092457399999944],[-38.76227689999996,-13.118934299999978],[-38.79754349999996,-13.137472099999968],[-38.80490439999994,-13.121659399999942],[-38.801283799999965,-13.061535399999968],[-38.77414189999996,-12.994485299999951],[-38.73239449999994,-12.94807039999995],[-38.72297149999997,-12.924386899999945]]]}},{"id":"2238","type":"Feature","properties":{"COD_IBGE":"2933257","MUNICIPIO":"Vereda","UF":"BA"},"geometry":{"type":"Polygon","coordinates":[[[-40.10215869999996,-17.256537899999955],[-40.12867739999996,-17.254268699999955],[-40.13901149999998,-17.23295379999996],[-40.12614439999993,-17.187437399999965],[-40.13744909999997,-17.175894899999946],[-40.14797149999998,-17.18138749999997],[-40.153182699999945,-17.170287499999972],[-40.142007699999965,-17.16227829999997],[-40.15034879999996,-17.135900799999945],[-40.13254469999998,-17.115052799999944],[-40.119842699999936,-17.11161489999995],[-40.12515319999994,-17.105249799999967],[-40.11974639999994,-17.09550379999996],[-40.13218389999997,-17.102247199999965],[-40.14445329999995,-17.092947299999935],[-40.16066189999998,-17.107978799999955],[-40.164676199999974,-17.076057299999945],[-40.17046239999996,-17.070387899999957],[-40.18116039999995,-17.078503699999942],[-40.19381869999995,-17.069478299999957],[-40.21075989999997,-17.04186109999995],[-40.22507839999997,-17.035549899999978],[-40.22578569999996,-17.02070059999994],[-40.23328249999997,-17.025370299999963],[-40.25289749999996,-17.01556249999993],[-40.25749059999998,-17.003893999999946],[-40.26963479999995,-17.005107899999928],[-40.27492879999994,-16.995386999999937],[-40.29266039999993,-17.007578399999943],[-40.327979599999935,-16.999726099999975],[-40.33314379999996,-16.98293229999996],[-40.35407369999996,-16.987067199999956],[-40.36837619999994,-16.964023599999962],[-40.393003799999974,-16.96116799999993],[-40.41972419999996,-16.92109229999994],[-40.40132099999994,-16.890152899999975],[-40.404353199999946,-16.929672799999935],[-40.39754819999996,-16.943029699999954],[-40.322278799999935,-16.94892459999994],[-40.29170959999993,-16.963122299999952],[-40.22922099999994,-16.97271369999993],[-40.21334099999996,-16.98477379999997],[-40.211456099999964,-16.996186299999977],[-40.18269189999995,-17.015551899999934],[-40.176810099999955,-17.05438319999996],[-40.155691099999956,-17.077129299999967],[-40.11723059999997,-17.081932499999937],[-40.087968099999955,-17.062306199999966],[-40.08558799999997,-17.078710499999943],[-40.068470099999956,-17.08864699999998],[-40.056835999999976,-17.11371669999994],[-40.015979999999956,-17.131882099999928],[-40.01261889999995,-17.148612499999956],[-39.990488599999935,-17.15631259999998],[-39.993337199999985,-17.172738399999957],[-39.983545799999945,-17.18828609999997],[-39.96599399999997,-17.193312099999957],[-39.95554739999994,-17.209337199999936],[-39.93601589999997,-17.20091649999995],[-39.93084049999993,-17.209442899999942],[-39.90581839999993,-17.21265619999997],[-39.89757689999993,-17.23185369999993],[-39.88738069999994,-17.23368849999997],[-39.88286109999996,-17.226684599999942],[-39.857902499999966,-17.242358699999954],[-39.845712299999946,-17.235127899999952],[-39.835694899999964,-17.241928799999982],[-39.81189789999996,-17.22176989999997],[-39.80064999999996,-17.230416099999957],[-39.769584899999984,-17.22384399999993],[-39.74786519999998,-17.207360799999947],[-39.718484699999976,-17.207582499999944],[-39.71032029999998,-17.188289599999962],[-39.69822099999993,-17.186589199999958],[-39.69497409999997,-17.176194599999974],[-39.66009319999995,-17.182113499999957],[-39.622941099999935,-17.15943619999996],[-39.601633799999945,-17.157110899999964],[-39.59689449999996,-17.178371099999936],[-39.580367999999964,-17.18271119999997],[-39.619901099999936,-17.224640499999964],[-39.62078509999998,-17.247118899999975],[-39.63583209999996,-17.268642599999964],[-39.632343299999945,-17.313327399999935],[-39.64737679999996,-17.311261099999967],[-39.67084969999996,-17.279381599999965],[-39.689342599999975,-17.284600499999954],[-39.69399409999994,-17.272120599999937],[-39.732636199999945,-17.281162799999947],[-39.759695799999974,-17.266128599999945],[-39.77744749999994,-17.275283199999933],[-39.79654679999993,-17.261760399999957],[-39.83799829999998,-17.255486899999937],[-39.828277499999956,-17.303915399999937],[-39.83779359999994,-17.33102569999994],[-39.85790339999994,-17.338737899999956],[-39.857917999999984,-17.362738199999967],[-39.88964579999998,-17.36409999999995],[-39.89289619999994,-17.355843799999946],[-39.912054299999966,-17.354818199999954],[-39.91441969999994,-17.34441329999993],[-39.925296799999956,-17.342173899999977],[-39.940494599999965,-17.348817999999937],[-39.947424499999954,-17.306124599999976],[-39.954078799999934,-17.30137129999997],[-39.94269669999994,-17.269755999999973],[-39.98997589999993,-17.24520309999997],[-40.000274599999955,-17.24984539999997],[-40.00610649999993,-17.23230239999998],[-40.017140799999936,-17.241864499999963],[-40.02329329999998,-17.23368709999994],[-40.03639049999998,-17.238819499999977],[-40.03421339999994,-17.24674829999998],[-40.04025199999995,-17.25733239999994],[-40.05033449999996,-17.257286499999964],[-40.04985529999993,-17.267073899999957],[-40.076549599999964,-17.260024399999963],[-40.076717299999984,-17.273536199999967],[-40.10215869999996,-17.256537899999955]]]}},{"id":"2239","type":"Feature","properties":{"COD_IBGE":"2933307","MUNICIPIO":"Vitória da Conquista","UF":"BA"},"geometry":{"type":"Polygon","coordinates":[[[-40.676054499999964,-14.832529799999975],[-40.72359579999994,-14.899064299999964],[-40.71220539999996,-14.939469199999962],[-40.74023439999996,-15.000666399999943],[-40.70595469999995,-15.014449599999978],[-40.70013709999995,-15.026037199999962],[-40.71139299999993,-15.046773799999926],[-40.69719139999995,-15.069357799999977],[-40.819886199999985,-15.202675799999952],[-40.84757769999993,-15.269409999999937],[-40.817147699999964,-15.283487999999977],[-40.82497289999998,-15.291210499999977],[-40.818392899999935,-15.302277499999946],[-40.88215199999996,-15.29355449999997],[-40.932644599999946,-15.337188899999944],[-40.94139699999994,-15.358874599999979],[-40.92696449999994,-15.389930999999933],[-40.93323879999997,-15.393685499999947],[-40.92647679999993,-15.406465699999956],[-40.93383549999993,-15.418767199999934],[-40.92612479999997,-15.422748999999953],[-40.93549889999997,-15.444218499999977],[-40.94889189999998,-15.44914259999996],[-40.95860899999997,-15.467065399999967],[-41.00389289999998,-15.47822199999996],[-41.02005779999996,-15.47009799999995],[-41.042805699999974,-15.474402599999962],[-41.05605949999995,-15.459836099999961],[-41.081830399999944,-15.458073799999966],[-41.092480799999976,-15.42703169999993],[-41.14127099999996,-15.398519399999941],[-41.143024699999955,-15.385501399999953],[-41.13320319999997,-15.371689199999935],[-41.14480019999996,-15.345122999999944],[-41.14480019999996,-15.304340999999965],[-41.15840239999994,-15.31016459999995],[-41.15833699999996,-15.263945199999966],[-41.14782219999995,-15.232060499999932],[-41.163989399999934,-15.199416399999961],[-41.158401899999944,-15.18531859999996],[-41.12882419999994,-15.16628739999993],[-41.11727499999995,-15.133271999999977],[-41.09384279999995,-15.114107799999942],[-41.087249499999984,-15.044083799999953],[-41.12500479999994,-14.995159799999954],[-41.12732319999998,-14.973801899999955],[-41.140042999999935,-14.963567299999966],[-41.13577379999998,-14.934250099999929],[-41.150467499999934,-14.92043209999997],[-41.14554529999998,-14.912661499999956],[-41.151526299999944,-14.906173699999954],[-41.142358799999954,-14.88243319999998],[-41.15315119999997,-14.861709799999971],[-41.16953799999993,-14.862561099999937],[-41.172122599999966,-14.854219299999954],[-40.963661799999954,-14.788744299999962],[-40.95877219999994,-14.67428949999993],[-40.614615199999946,-14.670921599999929],[-40.525518999999974,-14.756354899999963],[-40.676054499999964,-14.832529799999975]]]}},{"id":"2240","type":"Feature","properties":{"COD_IBGE":"2933406","MUNICIPIO":"Wagner","UF":"BA"},"geometry":{"type":"Polygon","coordinates":[[[-41.163378799999975,-12.38614339999998],[-41.18105639999993,-12.386672799999928],[-41.17798529999993,-12.371930999999961],[-41.19954459999997,-12.359171499999945],[-41.22318509999997,-12.281358199999943],[-41.249046599999986,-12.239279199999942],[-41.27507629999997,-12.14871979999998],[-41.12080759999998,-12.113508499999966],[-41.04079329999996,-12.147656999999981],[-41.049068699999964,-12.18161669999995],[-41.04077149999995,-12.211148799999933],[-41.009000199999946,-12.248916699999938],[-40.98867319999994,-12.253348599999981],[-40.983489599999984,-12.262608099999966],[-41.06135299999994,-12.265315699999974],[-41.06275969999996,-12.284937699999944],[-41.163378799999975,-12.38614339999998]]]}},{"id":"2241","type":"Feature","properties":{"COD_IBGE":"2933455","MUNICIPIO":"Wanderley","UF":"BA"},"geometry":{"type":"Polygon","coordinates":[[[-44.006718699999965,-11.817256999999927],[-44.01977549999998,-11.803485999999964],[-44.03577549999994,-11.81102859999993],[-44.05025049999995,-11.761833399999944],[-44.06233679999997,-11.765317699999969],[-44.086058099999946,-11.752830199999948],[-44.10225719999994,-11.758741099999952],[-44.11291709999995,-11.755657499999927],[-44.11857329999998,-11.743406099999959],[-44.149237899999946,-11.736551899999938],[-44.156263699999954,-11.723185899999976],[-44.148821699999985,-11.719670699999938],[-44.14921399999997,-11.702104599999927],[-44.16407039999996,-11.706186799999955],[-44.16247219999997,-11.690238099999931],[-44.15516569999994,-11.687691899999948],[-44.167665099999965,-11.687212999999929],[-44.16327469999993,-11.674761099999955],[-44.17069859999998,-11.655317199999956],[-44.15606169999995,-11.610580899999945],[-44.13709739999996,-11.597327899999982],[-44.13269079999998,-11.607859399999938],[-44.13313849999997,-11.59772659999993],[-44.11825589999995,-11.584677299999953],[-44.115919099999985,-11.596607399999925],[-44.107026099999985,-11.592019799999946],[-44.11277719999998,-11.601157999999941],[-44.10707199999996,-11.616243399999973],[-44.09285169999998,-11.614639199999942],[-44.08264159999993,-11.590039099999956],[-44.095950899999934,-11.582191399999942],[-44.086408999999946,-11.571772299999964],[-44.09076259999995,-11.564674799999977],[-44.08237719999994,-11.56930989999995],[-44.08171179999994,-11.559057999999936],[-44.03864409999994,-11.554923499999973],[-44.030583399999955,-11.53998189999993],[-44.036738199999945,-11.532720499999925],[-44.02924919999998,-11.52771759999996],[-44.035697099999936,-11.50808429999995],[-44.02558189999996,-11.499629299999981],[-44.00517419999994,-11.502957599999945],[-44.00228949999996,-11.51058039999998],[-43.99015549999996,-11.50726979999996],[-43.994010199999934,-11.496357099999955],[-43.986535199999935,-11.491270199999974],[-43.986783199999934,-11.478570999999931],[-43.95288739999995,-11.452801799999975],[-43.957002899999964,-11.445155799999952],[-43.927856099999985,-11.438152099999968],[-43.92013559999998,-11.445617099999936],[-43.877108599999985,-11.449376799999982],[-43.86804369999993,-11.42845449999993],[-43.872094699999934,-11.400428599999941],[-43.84200759999993,-11.376886199999944],[-43.83875519999998,-11.35633249999995],[-43.829885899999965,-11.348971999999947],[-43.79342619999994,-11.469332899999927],[-43.762792599999955,-11.610636799999952],[-43.73821849999996,-11.675673399999937],[-43.68300419999997,-11.78296279999995],[-43.658915699999966,-11.860035399999958],[-43.71327239999994,-11.87499749999995],[-43.692523499999936,-11.90775149999996],[-43.717650599999956,-11.927548599999966],[-43.72520419999995,-11.944491099999937],[-43.73924309999995,-11.948417199999938],[-43.73959999999994,-11.971378999999956],[-43.748163499999976,-11.97041889999997],[-43.745117799999946,-11.979175299999952],[-43.760671299999956,-12.006927399999938],[-43.750006499999984,-12.014732099999947],[-43.72355169999997,-12.016064599999936],[-43.73174639999996,-12.048134599999969],[-43.794501099999934,-12.090324399999929],[-43.79766769999998,-12.111615899999947],[-43.823208799999975,-12.12195719999994],[-43.815241699999945,-12.137212699999964],[-43.82436979999994,-12.150502699999947],[-43.84579299999996,-12.16478479999995],[-43.866584399999965,-12.158668699999964],[-43.88755169999996,-12.171798299999978],[-43.88544419999994,-12.184727499999951],[-43.909410399999956,-12.202873499999953],[-43.903187799999955,-12.212941299999954],[-43.92890479999994,-12.243164199999967],[-43.935447099999976,-12.23236479999997],[-43.95646169999998,-12.239075899999932],[-43.97439559999998,-12.229300799999976],[-43.96071499999994,-12.186643799999956],[-43.96510949999998,-12.182469599999934],[-43.98957559999997,-12.189893999999981],[-43.98738599999996,-12.174403499999926],[-44.01035349999995,-12.171110799999951],[-44.043918599999984,-12.182171799999935],[-44.051809299999945,-12.159382199999982],[-44.07950239999997,-12.157729599999982],[-44.08008079999996,-12.127114899999981],[-44.05566299999998,-12.106660499999975],[-44.04641809999998,-12.078224299999931],[-44.08456389999998,-12.060754199999963],[-44.10343919999997,-12.061759399999971],[-44.11367819999998,-12.046396499999958],[-44.111951499999975,-12.032540299999937],[-44.072392899999954,-12.01827499999996],[-44.05027309999997,-11.99303059999994],[-44.048451899999975,-11.959162999999933],[-44.01378269999998,-11.897950499999979],[-44.00889619999998,-11.87437749999998],[-44.01633839999994,-11.844290099999967],[-44.006718699999965,-11.817256999999927]]]}},{"id":"2242","type":"Feature","properties":{"COD_IBGE":"2933505","MUNICIPIO":"Wenceslau Guimarães","UF":"BA"},"geometry":{"type":"Polygon","coordinates":[[[-39.64982569999995,-13.550198399999942],[-39.49950019999994,-13.585801599999968],[-39.497306899999955,-13.601397099999929],[-39.47154859999995,-13.615522899999974],[-39.42863459999995,-13.59376119999996],[-39.42502529999996,-13.60385199999996],[-39.39291519999995,-13.622756599999946],[-39.39881419999995,-13.642410199999972],[-39.391381499999966,-13.645764799999938],[-39.399233899999956,-13.648456799999963],[-39.39340669999996,-13.654513099999974],[-39.430156599999975,-13.653338499999961],[-39.42581209999997,-13.661700799999949],[-39.446773399999984,-13.689493399999947],[-39.43977359999997,-13.724474399999963],[-39.480470099999934,-13.710889699999939],[-39.55377029999994,-13.727102499999944],[-39.597840099999985,-13.71936729999993],[-39.60925619999995,-13.702764099999968],[-39.643797699999936,-13.691219899999965],[-39.651166599999954,-13.697150999999963],[-39.650652899999955,-13.688564499999927],[-39.678149099999985,-13.712279099999932],[-39.69650219999994,-13.714640599999939],[-39.69371669999998,-13.721576099999936],[-39.71184159999996,-13.734694599999955],[-39.72537259999996,-13.735858599999972],[-39.76504479999994,-13.64585059999996],[-39.75839539999998,-13.636703799999964],[-39.780414399999984,-13.610743199999945],[-39.77693859999994,-13.599185399999953],[-39.79365389999998,-13.592489599999965],[-39.79277109999998,-13.57927669999998],[-39.81358259999996,-13.563568199999963],[-39.784617899999944,-13.525093899999945],[-39.74830339999994,-13.504489699999965],[-39.72714049999996,-13.503035699999941],[-39.70660499999997,-13.520047699999964],[-39.695232199999964,-13.512513099999978],[-39.64982569999995,-13.550198399999942]]]}},{"id":"2243","type":"Feature","properties":{"COD_IBGE":"2933604","MUNICIPIO":"Xique-Xique","UF":"BA"},"geometry":{"type":"Polygon","coordinates":[[[-42.52304609999993,-10.903821799999946],[-42.53820049999996,-11.005028399999958],[-42.62010649999996,-11.087540099999956],[-42.63476609999998,-11.039810199999977],[-42.65759189999994,-11.031839899999966],[-42.67132109999994,-11.014607299999966],[-42.722666499999946,-11.003276599999936],[-42.75185729999998,-11.011360299999978],[-42.75502169999993,-11.002156399999933],[-42.76114699999994,-11.001756999999941],[-42.75428109999996,-11.039486799999963],[-42.79060009999995,-11.058312999999941],[-42.77071349999994,-11.076672299999927],[-42.76616429999996,-11.091966399999933],[-42.774238999999966,-11.106268499999942],[-42.78694409999997,-11.109644699999933],[-42.78623699999997,-11.119551999999942],[-42.802642299999945,-11.12604209999995],[-42.80431249999998,-11.141535099999942],[-42.82203039999996,-11.141103899999962],[-42.83837479999994,-11.156511499999965],[-42.83254009999996,-11.198503699999947],[-42.84350959999995,-11.214522399999964],[-42.836045199999944,-11.234772899999939],[-42.841907299999946,-11.251247199999966],[-42.834788199999934,-11.251809099999946],[-42.836834899999985,-11.273693899999955],[-42.813241999999946,-11.310789799999952],[-42.91261979999996,-11.277262599999972],[-42.83676849999995,-11.527337599999953],[-42.86145069999998,-11.541311699999937],[-42.86709209999998,-11.557375899999954],[-42.864464099999964,-11.599066099999959],[-42.854913299999964,-11.61195559999993],[-42.871046099999944,-11.613097799999935],[-42.88346689999997,-11.59903509999998],[-42.90266909999997,-11.59589429999994],[-42.930080499999974,-11.577191699999958],[-42.939003499999956,-11.58418729999994],[-42.94143049999997,-11.603032599999949],[-42.93449459999994,-11.628623599999969],[-42.95609049999996,-11.62365669999997],[-42.981105699999944,-11.596804899999938],[-43.00347259999995,-11.59704279999994],[-43.020009899999934,-11.570273899999961],[-43.039724699999965,-11.555478599999958],[-43.05497269999995,-11.560358999999949],[-43.05677119999996,-11.528529499999934],[-43.225174299999935,-11.498838999999975],[-43.26449569999994,-11.483298699999978],[-43.221486599999935,-11.36935109999996],[-43.201948399999935,-11.339139099999954],[-43.17256659999998,-11.320701799999938],[-43.18993709999995,-11.281803199999956],[-43.18677369999995,-11.26232749999997],[-43.19855469999993,-11.23184329999998],[-43.17919279999995,-11.188568299999929],[-43.14489359999993,-11.157309899999973],[-43.14273819999994,-11.135423799999955],[-43.131065199999966,-11.12143919999994],[-43.13181139999995,-11.10184769999995],[-43.12107139999995,-11.093868499999928],[-43.122122299999944,-11.079246299999966],[-43.09795929999996,-11.053422399999931],[-43.09656879999994,-11.028160299999968],[-43.05131879999993,-11.005772999999976],[-43.03710429999995,-10.966985699999952],[-42.98851309999998,-10.93970429999996],[-42.98828409999993,-10.90837879999998],[-42.97206819999997,-10.891348599999958],[-42.94341639999993,-10.88183399999997],[-42.93638429999993,-10.858689999999967],[-42.915599499999985,-10.845390399999928],[-42.875585299999955,-10.837090899999964],[-42.85960149999994,-10.808971799999938],[-42.837302799999975,-10.817979299999934],[-42.81938399999996,-10.81292129999997],[-42.78499429999994,-10.818826699999931],[-42.748339199999975,-10.78646729999997],[-42.70306919999996,-10.71468029999994],[-42.692511399999944,-10.67871539999993],[-42.69792039999993,-10.66778839999995],[-42.675022199999944,-10.612813999999958],[-42.66031179999993,-10.601502899999957],[-42.66130919999995,-10.588018499999976],[-42.62747219999994,-10.574540399999933],[-42.58719739999998,-10.545104199999969],[-42.56999929999995,-10.470351299999948],[-42.464486299999976,-10.382194399999946],[-42.45443609999995,-10.344260799999972],[-42.45625979999994,-10.300360199999943],[-42.43486709999996,-10.269343299999946],[-42.41648889999993,-10.264233599999955],[-42.40302459999998,-10.249108199999966],[-42.40546569999998,-10.18512549999997],[-42.39439779999998,-10.193421899999976],[-42.383741499999985,-10.23746749999998],[-42.373936999999955,-10.244639099999972],[-42.36683889999995,-10.26785499999994],[-42.38018409999995,-10.295487499999979],[-42.398873599999945,-10.31186589999993],[-42.37969869999995,-10.33351829999998],[-42.36288419999994,-10.338853699999959],[-42.36808449999995,-10.361751799999979],[-42.343676699999946,-10.37041899999997],[-42.35053799999997,-10.385608899999966],[-42.328597799999955,-10.396739599999933],[-42.333897699999966,-10.431487599999969],[-42.312800799999934,-10.444673099999932],[-42.33035939999996,-10.473880099999974],[-42.32573609999997,-10.479726299999982],[-42.34424699999994,-10.482873199999972],[-42.35834169999998,-10.511373799999944],[-42.35503569999997,-10.535156799999982],[-42.34023119999995,-10.548868299999981],[-42.34387179999993,-10.560780099999931],[-42.32988259999996,-10.584218299999975],[-42.33476219999994,-10.607084999999927],[-42.32458339999994,-10.62581119999993],[-42.33141859999995,-10.651450299999965],[-42.32213679999995,-10.65916649999997],[-42.32812089999993,-10.675134599999978],[-42.342593799999975,-10.68334079999994],[-42.34277339999994,-10.72635299999996],[-42.36446939999996,-10.77173259999995],[-42.37360679999995,-10.776639599999953],[-42.39162079999994,-10.765970899999957],[-42.423129899999935,-10.773856299999977],[-42.52304609999993,-10.903821799999946]]]}}]}