{"type":"FeatureCollection","features":[{"id":"5323","type":"Feature","properties":{"COD_IBGE":"5200050","MUNICIPIO":"Abadia de Goiás","UF":"GO"},"geometry":{"type":"Polygon","coordinates":[[[-49.390479599999935,-16.797171999999932],[-49.38413319999995,-16.831876399999942],[-49.43051839999998,-16.864985499999932],[-49.45388419999995,-16.86172149999993],[-49.46447059999997,-16.846221199999945],[-49.45793859999998,-16.81977779999994],[-49.474916399999984,-16.791942499999948],[-49.494584799999984,-16.792456499999957],[-49.502529899999956,-16.80017799999996],[-49.53033039999997,-16.77405159999995],[-49.54981269999996,-16.774595199999965],[-49.53707669999994,-16.768658399999936],[-49.541683199999966,-16.74894439999997],[-49.517942999999946,-16.740967499999954],[-49.49741319999998,-16.749230499999953],[-49.49069239999994,-16.73641559999993],[-49.472809799999936,-16.736274299999934],[-49.444323199999985,-16.71746779999995],[-49.42987759999994,-16.719307399999934],[-49.41240479999993,-16.74039929999998],[-49.390479599999935,-16.797171999999932]]]}},{"id":"5324","type":"Feature","properties":{"COD_IBGE":"5200100","MUNICIPIO":"Abadiânia","UF":"GO"},"geometry":{"type":"Polygon","coordinates":[[[-48.67245849999995,-16.28555609999995],[-48.690436999999974,-16.292329799999948],[-48.71884929999993,-16.28001299999994],[-48.75653519999997,-16.28527269999995],[-48.76637979999998,-16.293252999999936],[-48.770843199999945,-16.278475399999934],[-48.82392159999995,-16.254344299999957],[-48.82817929999993,-16.234271599999943],[-48.843335999999965,-16.228346099999953],[-48.897213499999964,-16.237141399999928],[-48.92475069999995,-16.21968329999993],[-48.942295799999954,-16.23555099999993],[-48.955155899999966,-16.23146879999996],[-48.95910539999994,-16.220432099999982],[-48.93352659999994,-16.19228389999995],[-48.92377399999998,-16.16357759999994],[-48.93986759999996,-16.134472099999982],[-48.902639299999976,-16.057745599999976],[-48.89776469999998,-16.03202689999995],[-48.913536499999964,-16.018231399999934],[-48.90824849999996,-15.990213099999949],[-48.79217289999997,-16.012836899999968],[-48.78444689999998,-16.038605299999972],[-48.75897279999998,-16.071018599999945],[-48.72209859999998,-16.095332799999937],[-48.70077709999998,-16.13381439999995],[-48.66690179999995,-16.15447219999993],[-48.650566699999956,-16.144604699999945],[-48.62372359999995,-16.150383099999942],[-48.61047739999998,-16.14235709999997],[-48.588849599999946,-16.148861499999953],[-48.56840099999994,-16.16768509999997],[-48.53356469999994,-16.173189799999932],[-48.51654569999994,-16.188130499999943],[-48.51763829999993,-16.19779699999998],[-48.48958389999996,-16.19567429999995],[-48.474692699999935,-16.20667499999996],[-48.46229589999996,-16.20013339999997],[-48.44287019999996,-16.206771699999933],[-48.434352599999954,-16.232404499999973],[-48.42196729999995,-16.24030879999998],[-48.42226039999997,-16.265180199999975],[-48.414250599999946,-16.26770579999993],[-48.41814769999996,-16.27303699999993],[-48.40930549999996,-16.283411599999965],[-48.41719789999996,-16.289922799999943],[-48.43669369999998,-16.282208699999956],[-48.44563789999995,-16.291984999999954],[-48.45647459999998,-16.283767999999952],[-48.46649439999993,-16.295938099999944],[-48.49130319999995,-16.295142899999973],[-48.48831699999994,-16.305476399999975],[-48.494757499999935,-16.305053199999975],[-48.503617099999985,-16.329750099999956],[-48.52082939999997,-16.333614099999977],[-48.51741029999994,-16.34077869999993],[-48.55109619999996,-16.34760659999995],[-48.557642999999985,-16.332959199999948],[-48.58739439999994,-16.332172299999968],[-48.59862089999996,-16.316696599999943],[-48.61875299999997,-16.30991219999993],[-48.61950559999997,-16.293603099999928],[-48.63070209999995,-16.281548699999973],[-48.65239849999995,-16.292340099999933],[-48.67245849999995,-16.28555609999995]]]}},{"id":"5325","type":"Feature","properties":{"COD_IBGE":"5200134","MUNICIPIO":"Acreúna","UF":"GO"},"geometry":{"type":"Polygon","coordinates":[[[-50.06720709999996,-17.481526199999962],[-50.06448179999995,-17.49514249999993],[-50.07675889999996,-17.505939599999977],[-50.070002399999964,-17.517569399999957],[-50.08071719999998,-17.52385419999996],[-50.07240359999997,-17.53011429999998],[-50.081259699999976,-17.54365569999993],[-50.09379389999998,-17.544500099999937],[-50.08941379999993,-17.556177099999957],[-50.10450649999996,-17.578932899999927],[-50.09948989999998,-17.59105569999997],[-50.111928399999954,-17.59072539999994],[-50.12779349999994,-17.605825899999957],[-50.144595599999946,-17.593974999999944],[-50.150475599999936,-17.600552499999935],[-50.15506239999996,-17.588985599999944],[-50.146551199999976,-17.58564869999998],[-50.15997179999994,-17.578879599999937],[-50.163534399999946,-17.56609659999998],[-50.20255819999994,-17.57394729999993],[-50.210887999999954,-17.564814399999932],[-50.231191799999976,-17.565030299999933],[-50.25651329999994,-17.579544899999973],[-50.266697599999986,-17.570833499999935],[-50.275688799999955,-17.579721399999983],[-50.27856439999994,-17.60401539999998],[-50.317296699999986,-17.61882929999996],[-50.32594349999994,-17.59350809999995],[-50.35337459999994,-17.605430399999932],[-50.377012699999966,-17.604424199999983],[-50.39483139999993,-17.61714919999997],[-50.43281659999997,-17.61747409999998],[-50.476914799999975,-17.659886399999948],[-50.483635499999934,-17.64936149999994],[-50.52003979999995,-17.647145199999954],[-50.54613539999997,-17.60549169999996],[-50.559560199999964,-17.596451899999977],[-50.54571709999993,-17.579904099999965],[-50.55843489999995,-17.542117299999973],[-50.549456599999985,-17.533828899999946],[-50.528612599999974,-17.534246999999937],[-50.51519069999995,-17.519667999999967],[-50.52528879999994,-17.49133749999993],[-50.521676199999945,-17.47833479999997],[-50.54341919999996,-17.47760939999995],[-50.52698529999998,-17.46637579999998],[-50.52725949999996,-17.409252099999946],[-50.51025469999996,-17.402480199999957],[-50.500351199999955,-17.374758399999962],[-50.515162299999986,-17.345472099999938],[-50.45810749999998,-17.330389599999933],[-50.45044889999997,-17.30742879999997],[-50.429868699999986,-17.28665099999995],[-50.42132979999997,-17.228089299999965],[-50.39203169999996,-17.188808999999935],[-50.35417309999997,-17.302458899999976],[-50.334670899999935,-17.298559199999943],[-50.31794019999995,-17.27494219999994],[-50.27678899999995,-17.249224099999935],[-50.254827399999954,-17.252942599999926],[-50.23743029999997,-17.28708809999995],[-50.223786099999984,-17.27900169999998],[-50.222035699999935,-17.29430549999995],[-50.210695499999986,-17.29198649999995],[-50.20695569999998,-17.298333799999966],[-50.199476499999946,-17.29599339999993],[-50.20043569999996,-17.266939599999944],[-50.184443499999986,-17.26918909999995],[-50.18714669999997,-17.300483799999938],[-50.17404319999997,-17.303282399999944],[-50.170970799999964,-17.311832299999935],[-50.19492569999994,-17.332708999999966],[-50.192323399999964,-17.343421499999977],[-50.19902769999993,-17.33900509999995],[-50.204820799999936,-17.34607959999994],[-50.205074699999955,-17.36303309999994],[-50.18520529999995,-17.350749699999938],[-50.16248129999997,-17.358217399999944],[-50.15641069999998,-17.342437099999927],[-50.14497239999997,-17.342200599999956],[-50.14097749999996,-17.366918299999952],[-50.131264499999986,-17.365531999999973],[-50.120873899999935,-17.378976799999975],[-50.129345299999954,-17.40652119999993],[-50.114981299999954,-17.40946159999993],[-50.125071599999956,-17.42589739999994],[-50.118014899999935,-17.426153799999952],[-50.11111469999997,-17.44554569999997],[-50.09979819999995,-17.437865699999975],[-50.085278399999936,-17.45490189999998],[-50.07521889999998,-17.45201499999996],[-50.07932889999995,-17.472529899999927],[-50.06720709999996,-17.481526199999962]]]}},{"id":"5326","type":"Feature","properties":{"COD_IBGE":"5200159","MUNICIPIO":"Adelândia","UF":"GO"},"geometry":{"type":"Polygon","coordinates":[[[-50.17382649999996,-16.439075099999968],[-50.19117209999996,-16.414994299999933],[-50.20678019999997,-16.418268199999943],[-50.218691099999944,-16.410387199999946],[-50.24496019999998,-16.421816199999967],[-50.23701379999994,-16.404403599999966],[-50.222365699999955,-16.399134999999944],[-50.22030569999998,-16.38480979999997],[-50.233803199999954,-16.372743399999933],[-50.22578509999994,-16.362120499999946],[-50.24758669999994,-16.350287799999933],[-50.213644099999954,-16.341691199999957],[-50.221918399999936,-16.313283399999932],[-50.20403799999997,-16.298585199999934],[-50.18650539999993,-16.299546499999963],[-50.16482549999995,-16.32102109999994],[-50.14084779999996,-16.32079939999994],[-50.13238309999997,-16.337939699999936],[-50.131171999999935,-16.368351399999938],[-50.150773399999935,-16.372553899999957],[-50.14704969999997,-16.386153599999943],[-50.15918129999994,-16.394690799999978],[-50.16470899999996,-16.429230299999972],[-50.14845769999994,-16.44330709999997],[-50.16148959999998,-16.46817189999996],[-50.17808349999996,-16.456266099999937],[-50.17382649999996,-16.439075099999968]]]}},{"id":"5327","type":"Feature","properties":{"COD_IBGE":"5200175","MUNICIPIO":"Água Fria de Goiás","UF":"GO"},"geometry":{"type":"Polygon","coordinates":[[[-47.647878599999956,-14.832813099999953],[-47.63482279999994,-14.830771099999936],[-47.61244169999998,-14.792189699999938],[-47.56538229999995,-14.755301299999928],[-47.55489629999994,-14.729993899999954],[-47.53409789999995,-14.737584899999945],[-47.52332119999994,-14.776557299999979],[-47.47339429999994,-14.805368499999929],[-47.490201999999954,-14.842606899999964],[-47.49907899999994,-14.907650899999965],[-47.51647609999998,-14.923410499999932],[-47.53809729999995,-14.931340999999975],[-47.54792189999995,-14.926019699999927],[-47.564022299999976,-14.937762199999952],[-47.57409519999993,-14.963539899999944],[-47.570872099999974,-15.047073299999965],[-47.67850469999996,-15.038925999999947],[-47.72098409999995,-15.016574599999956],[-47.72446599999995,-15.028448499999968],[-47.744079599999964,-15.033733299999938],[-47.74184379999997,-15.040734499999928],[-47.76133699999997,-15.04079349999995],[-47.778837299999964,-15.07047289999997],[-47.79792109999994,-15.075637699999959],[-47.82337709999996,-15.096955399999956],[-47.83978519999994,-15.090867999999944],[-47.85413509999995,-15.098929599999963],[-47.85639619999995,-15.088521799999967],[-47.879094899999984,-15.093042199999957],[-47.88457539999996,-15.085329899999977],[-47.90684019999998,-15.089780699999949],[-47.931904299999985,-15.072831299999962],[-47.93523369999997,-15.08551719999997],[-47.95074509999995,-15.084091299999955],[-47.95294169999994,-15.094460099999935],[-47.965754499999946,-15.094010599999933],[-47.96830879999993,-15.104889499999956],[-47.987556799999936,-15.102652499999976],[-47.99461119999995,-15.119647499999928],[-48.00576789999997,-15.11590179999996],[-48.002977199999975,-15.121165399999938],[-48.015867499999956,-15.133731599999976],[-48.03529959999997,-15.138864399999932],[-48.055627399999935,-15.13194969999995],[-48.07130339999998,-15.150738299999944],[-48.09115079999998,-15.135443799999962],[-48.08994289999998,-15.119247599999937],[-48.09732249999996,-15.112277499999948],[-48.085501599999986,-15.110513099999935],[-48.08568479999997,-15.09984309999993],[-48.072500899999966,-15.090802899999971],[-48.08283309999996,-15.083352799999943],[-48.056213499999956,-15.052380899999946],[-48.054686699999934,-15.031085899999937],[-48.062746499999946,-15.023554699999977],[-48.05910039999998,-14.990129499999966],[-48.04671989999997,-14.971912999999972],[-48.05100489999995,-14.962154599999963],[-48.035618699999986,-14.962193799999966],[-48.046561199999985,-14.92283219999996],[-48.057853799999975,-14.910323999999946],[-48.082672199999934,-14.903289299999926],[-48.068721299999936,-14.882743699999935],[-48.070976299999984,-14.875026399999967],[-48.05661919999994,-14.856545799999935],[-48.03962399999995,-14.857950699999947],[-48.033875499999965,-14.844785499999944],[-48.03973139999994,-14.837014599999975],[-48.003507499999955,-14.80482829999994],[-47.98801929999996,-14.822424799999965],[-47.95894709999993,-14.802229599999976],[-47.92199309999995,-14.793134299999963],[-47.90741129999998,-14.79827899999998],[-47.890121599999986,-14.77799989999994],[-47.86238879999996,-14.769898499999954],[-47.826322999999945,-14.729196299999955],[-47.81364149999996,-14.697914599999933],[-47.805534799999975,-14.691666899999973],[-47.791449599999964,-14.695416199999954],[-47.78431359999996,-14.687555299999929],[-47.77194999999995,-14.641630999999961],[-47.71794879999993,-14.65325919999998],[-47.70569879999994,-14.671379099999967],[-47.693516999999986,-14.743933999999967],[-47.659622499999955,-14.70647779999996],[-47.63211179999996,-14.743212299999982],[-47.64040589999996,-14.757419399999947],[-47.647878599999956,-14.832813099999953]]]}},{"id":"5328","type":"Feature","properties":{"COD_IBGE":"5200209","MUNICIPIO":"Água Limpa","UF":"GO"},"geometry":{"type":"Polygon","coordinates":[[[-48.777574899999934,-18.24039019999998],[-48.811406699999964,-18.234608399999956],[-48.80104279999995,-18.196797199999935],[-48.81631969999995,-18.20046169999995],[-48.83481079999996,-18.191840399999933],[-48.837269599999956,-18.185437599999943],[-48.826202199999955,-18.177990199999954],[-48.86528579999998,-18.153741099999934],[-48.85656289999997,-18.14299939999995],[-48.85839379999993,-18.13718629999994],[-48.873752499999966,-18.138497899999948],[-48.87680339999997,-18.130079499999965],[-48.86512709999994,-18.126160999999968],[-48.87824699999993,-18.108644199999958],[-48.87138159999995,-18.095613999999955],[-48.880846099999985,-18.09681759999995],[-48.87317919999998,-18.08655749999997],[-48.886901999999964,-18.088393399999973],[-48.871074799999974,-18.063706999999965],[-48.87718369999993,-18.054434799999967],[-48.86090479999996,-18.04588629999995],[-48.86617239999998,-18.033951999999942],[-48.85998799999993,-18.03272709999993],[-48.855962199999965,-17.99648469999994],[-48.864264599999956,-17.993231599999945],[-48.85072429999997,-17.98194719999998],[-48.85701089999998,-17.98066599999993],[-48.846398599999986,-17.943993899999953],[-48.83442709999997,-17.936387899999943],[-48.84915849999993,-17.925497399999927],[-48.846078999999975,-17.907513799999947],[-48.81311929999998,-17.92211409999993],[-48.79177489999995,-17.920883799999956],[-48.78273009999998,-17.935992299999953],[-48.76553469999993,-17.934320999999954],[-48.76112919999997,-17.955020399999967],[-48.73250239999993,-17.98409829999997],[-48.73972949999995,-17.99245989999997],[-48.73166139999995,-18.025517799999932],[-48.73666209999993,-18.030499599999928],[-48.71582069999994,-18.065877399999977],[-48.71854489999998,-18.076810999999964],[-48.69213259999998,-18.095182499999964],[-48.710638899999935,-18.11437639999997],[-48.71069539999996,-18.12458209999994],[-48.684337599999935,-18.12126569999998],[-48.70381459999993,-18.15179809999995],[-48.71437579999997,-18.141712299999938],[-48.73088599999994,-18.164592099999936],[-48.72923549999996,-18.17363759999995],[-48.71660319999995,-18.170791899999926],[-48.72805759999994,-18.190376499999957],[-48.713709499999936,-18.201099399999976],[-48.777574899999934,-18.24039019999998]]]}},{"id":"5329","type":"Feature","properties":{"COD_IBGE":"5200258","MUNICIPIO":"Águas Lindas de Goiás","UF":"GO"},"geometry":{"type":"Polygon","coordinates":[[[-48.210531999999944,-15.756529299999954],[-48.24103619999994,-15.799256299999968],[-48.266713799999934,-15.806862599999931],[-48.281871799999976,-15.830624399999977],[-48.313466999999946,-15.821793899999932],[-48.321794599999976,-15.83433999999994],[-48.33723999999995,-15.822801499999969],[-48.378462199999944,-15.819811499999958],[-48.35043349999995,-15.791952299999934],[-48.356817099999944,-15.775267199999973],[-48.34915559999996,-15.725689399999965],[-48.32718449999993,-15.713299499999948],[-48.31604699999997,-15.720113799999979],[-48.30702759999997,-15.706010899999967],[-48.299555399999974,-15.709525199999973],[-48.25202379999996,-15.659199399999977],[-48.23486459999998,-15.660037099999954],[-48.24122449999993,-15.705553399999928],[-48.20804169999997,-15.71793409999998],[-48.210531999999944,-15.756529299999954]]]}},{"id":"5330","type":"Feature","properties":{"COD_IBGE":"5200308","MUNICIPIO":"Alexânia","UF":"GO"},"geometry":{"type":"Polygon","coordinates":[[[-48.489179899999954,-16.195771299999933],[-48.51763829999993,-16.19779699999998],[-48.51654569999994,-16.188130499999943],[-48.53356469999994,-16.173189799999932],[-48.547297399999934,-16.166529899999944],[-48.56033979999995,-16.170906599999967],[-48.588849599999946,-16.148861499999953],[-48.62011279999996,-16.138931299999967],[-48.615027699999985,-16.058259799999973],[-48.62999639999998,-16.00919719999996],[-48.64940249999995,-15.987290499999972],[-48.65064929999994,-15.97405649999996],[-48.62866239999994,-15.94190889999993],[-48.62874679999993,-15.927854099999934],[-48.60832769999996,-15.939997499999947],[-48.590652199999965,-15.920555799999931],[-48.54209039999995,-15.913648799999976],[-48.52845929999995,-15.933083199999942],[-48.487946499999964,-15.935560499999951],[-48.426989599999956,-15.98715969999995],[-48.39887619999996,-15.974758999999949],[-48.37146009999998,-15.995446199999947],[-48.36503529999993,-16.027308499999947],[-48.36923369999994,-16.072171499999968],[-48.35098879999998,-16.111723799999936],[-48.350350299999945,-16.151904099999967],[-48.357064099999945,-16.17051129999993],[-48.35349889999998,-16.18680139999998],[-48.367022599999984,-16.18987999999996],[-48.375246699999934,-16.21456799999993],[-48.36322499999994,-16.24149189999997],[-48.34740369999997,-16.244041899999957],[-48.32570539999995,-16.264571099999955],[-48.319082599999945,-16.29936399999997],[-48.32678439999995,-16.326200099999937],[-48.357392199999936,-16.315097999999978],[-48.36655099999996,-16.323485699999935],[-48.379141199999935,-16.301164399999948],[-48.39687369999996,-16.302463199999977],[-48.39779199999998,-16.293095799999946],[-48.411574299999984,-16.286671299999966],[-48.414250599999946,-16.26770579999993],[-48.42226039999997,-16.265180199999975],[-48.42196729999995,-16.24030879999998],[-48.434352599999954,-16.232404499999973],[-48.44213819999993,-16.20736379999994],[-48.46229589999996,-16.20013339999997],[-48.474692699999935,-16.20667499999996],[-48.489179899999954,-16.195771299999933]]]}},{"id":"5331","type":"Feature","properties":{"COD_IBGE":"5200506","MUNICIPIO":"Aloândia","UF":"GO"},"geometry":{"type":"Polygon","coordinates":[[[-49.51168609999996,-17.74828999999994],[-49.509621799999934,-17.66273519999993],[-49.47488839999994,-17.652534999999943],[-49.46363939999998,-17.639615799999945],[-49.431993499999976,-17.635035999999957],[-49.42077429999995,-17.660357499999975],[-49.411858999999936,-17.655443599999955],[-49.40929179999995,-17.67052689999997],[-49.41896499999996,-17.67919009999997],[-49.41516329999996,-17.692234699999972],[-49.42339369999996,-17.698419899999976],[-49.42380239999994,-17.717867999999953],[-49.442391999999984,-17.710698599999944],[-49.44458659999998,-17.72810469999996],[-49.432073499999944,-17.739746599999933],[-49.45960519999994,-17.751125199999933],[-49.51168609999996,-17.74828999999994]]]}},{"id":"5332","type":"Feature","properties":{"COD_IBGE":"5200555","MUNICIPIO":"Alto Horizonte","UF":"GO"},"geometry":{"type":"Polygon","coordinates":[[[-49.482290699999965,-14.238616099999945],[-49.51702239999997,-14.21465109999997],[-49.56073169999996,-14.199362299999962],[-49.558811599999956,-14.180786399999931],[-49.55164389999993,-14.182113099999981],[-49.54477739999993,-14.167092999999966],[-49.54730009999997,-14.155336699999964],[-49.56729439999998,-14.152339499999982],[-49.56392139999997,-14.141749699999934],[-49.57278409999998,-14.128746199999966],[-49.59311809999997,-14.12625339999994],[-49.56757609999994,-14.096697399999982],[-49.55815519999993,-14.099402899999973],[-49.52101729999998,-14.08239679999997],[-49.445988399999976,-14.081075399999975],[-49.43582299999997,-14.06680659999995],[-49.38784549999997,-14.066822099999968],[-49.38932829999993,-14.084384899999975],[-49.36303719999995,-14.124785999999972],[-49.31419209999996,-14.133988199999976],[-49.31161659999998,-14.143358699999965],[-49.281025899999975,-14.164367699999957],[-49.27502199999998,-14.180111499999953],[-49.27867149999997,-14.22083379999998],[-49.319164599999965,-14.241977899999938],[-49.32865089999996,-14.259500399999979],[-49.36266059999997,-14.263561899999956],[-49.366602099999966,-14.250509699999952],[-49.37942229999993,-14.248189299999979],[-49.384236699999974,-14.257125499999972],[-49.40075359999997,-14.25597339999996],[-49.421354099999974,-14.268305099999964],[-49.428926599999954,-14.257676899999979],[-49.44395999999995,-14.272045899999966],[-49.441039699999976,-14.27997199999993],[-49.44971409999994,-14.27969829999995],[-49.448959799999955,-14.287770699999953],[-49.45850249999995,-14.292253699999947],[-49.470139899999936,-14.275310399999967],[-49.48366999999996,-14.27262909999996],[-49.47333569999995,-14.249989599999935],[-49.48381869999997,-14.248891199999946],[-49.482290699999965,-14.238616099999945]]]}},{"id":"5333","type":"Feature","properties":{"COD_IBGE":"5200605","MUNICIPIO":"Alto Paraíso de Goiás","UF":"GO"},"geometry":{"type":"Polygon","coordinates":[[[-47.143884699999944,-14.04344279999998],[-47.114819599999976,-14.100058299999944],[-47.131560099999945,-14.107725899999934],[-47.13575979999996,-14.118643499999962],[-47.15170279999995,-14.120322899999962],[-47.17345389999997,-14.148156299999982],[-47.19328889999997,-14.136353099999951],[-47.19918599999994,-14.150735099999963],[-47.24590619999998,-14.141704599999969],[-47.253462799999966,-14.148590599999977],[-47.27173589999995,-14.147317699999974],[-47.285974099999976,-14.159810999999934],[-47.32628319999998,-14.161668299999974],[-47.33223979999997,-14.14789769999993],[-47.36718519999994,-14.130025199999977],[-47.40191109999995,-14.147121399999946],[-47.41152039999997,-14.167566499999964],[-47.44275209999995,-14.160195299999941],[-47.44372189999996,-14.148922599999935],[-47.45423219999998,-14.146421799999928],[-47.44173779999994,-14.199856999999952],[-47.40317709999994,-14.223475299999961],[-47.40845609999997,-14.236320699999965],[-47.39370089999994,-14.25981829999995],[-47.38948489999996,-14.313793799999928],[-47.40126129999993,-14.322851999999955],[-47.42495759999997,-14.323034499999949],[-47.43394409999996,-14.34195649999998],[-47.45781989999995,-14.34510819999997],[-47.483578499999965,-14.420557299999928],[-47.51618179999997,-14.432231199999933],[-47.54929469999996,-14.424512599999957],[-47.554062399999964,-14.444133099999931],[-47.54702669999995,-14.448928599999931],[-47.57135169999998,-14.458992199999955],[-47.59090729999997,-14.429106499999932],[-47.61547189999993,-14.42676599999993],[-47.645642099999975,-14.436237199999937],[-47.66017109999996,-14.458682799999963],[-47.701305899999966,-14.46396169999997],[-47.728737799999976,-14.441085899999962],[-47.72267169999998,-14.431210599999929],[-47.73366209999995,-14.411772999999982],[-47.74370899999997,-14.406046199999935],[-47.76896489999996,-14.418010799999934],[-47.77145959999996,-14.406083999999964],[-47.77940319999993,-14.416196999999954],[-47.77807009999998,-14.400388199999952],[-47.80882159999993,-14.380149199999948],[-47.810087299999964,-14.35485529999994],[-47.82664049999994,-14.354252599999938],[-47.836954299999945,-14.342539999999929],[-47.833996199999945,-14.334187699999973],[-47.90299539999995,-14.235617199999979],[-47.93201979999998,-14.177054999999939],[-47.89317829999993,-14.168537399999934],[-47.89234019999998,-14.176219599999968],[-47.864417999999944,-14.174196199999926],[-47.86070939999996,-14.17981059999994],[-47.821748999999954,-14.144421299999976],[-47.80517199999997,-14.143805899999961],[-47.757390199999975,-14.094100899999944],[-47.72958399999993,-14.096799699999963],[-47.69684529999995,-14.067622799999981],[-47.666763499999945,-14.072494199999937],[-47.60893129999994,-14.046469999999943],[-47.59066549999994,-14.056020899999965],[-47.58040239999997,-14.038558399999943],[-47.572369099999946,-14.042216999999937],[-47.55199219999997,-14.028454299999964],[-47.544122899999934,-14.005502099999944],[-47.504938599999946,-13.960188499999958],[-47.26400199999995,-13.976852899999926],[-47.24203879999993,-13.942096599999957],[-47.23987959999994,-13.90638389999998],[-47.25051769999993,-13.898355399999957],[-47.242421999999976,-13.874857599999928],[-47.22795189999994,-13.879013999999927],[-47.19307889999993,-13.858564699999931],[-47.18765339999993,-13.872189699999979],[-47.19285049999996,-13.881346299999962],[-47.18268939999996,-13.882448999999951],[-47.18329959999994,-13.89812539999997],[-47.17141099999998,-13.91496399999994],[-47.17740159999994,-13.956333799999982],[-47.200034899999935,-13.96423859999993],[-47.14943569999997,-14.016050099999973],[-47.143884699999944,-14.04344279999998]]]}},{"id":"5334","type":"Feature","properties":{"COD_IBGE":"5200803","MUNICIPIO":"Alvorada do Norte","UF":"GO"},"geometry":{"type":"Polygon","coordinates":[[[-46.51384269999994,-14.475050499999952],[-46.502796099999955,-14.487696299999982],[-46.49324299999995,-14.47583549999996],[-46.482245499999976,-14.480229899999927],[-46.47648449999997,-14.469825499999956],[-46.46337719999997,-14.472209999999961],[-46.45415079999998,-14.484009599999979],[-46.43401189999997,-14.483656799999949],[-46.42915689999995,-14.492747299999962],[-46.420706199999984,-14.482106399999964],[-46.41213289999996,-14.487990299999979],[-46.39793279999998,-14.475984499999981],[-46.38326459999996,-14.481788199999926],[-46.37773529999998,-14.487939499999982],[-46.38575989999998,-14.50793109999995],[-46.37601879999994,-14.519159099999968],[-46.388249299999984,-14.540273899999931],[-46.37852099999998,-14.557714199999964],[-46.38076229999996,-14.569431699999939],[-46.36832899999996,-14.58092849999997],[-46.40437239999994,-14.604092799999933],[-46.420569899999975,-14.634370899999965],[-46.44302269999997,-14.635081299999968],[-46.45329409999994,-14.623710499999959],[-46.482444199999975,-14.639974999999936],[-46.49981699999995,-14.665854699999954],[-46.49610439999998,-14.676066599999956],[-46.51028179999997,-14.738260599999933],[-46.54419219999994,-14.753012399999932],[-46.543228099999965,-14.768673199999967],[-46.56589369999995,-14.786373599999934],[-46.56047959999995,-14.815014499999961],[-46.590021099999944,-14.812674699999945],[-46.611602199999936,-14.824416399999961],[-46.619709899999975,-14.818688699999939],[-46.619996699999945,-14.805721699999935],[-46.62885759999995,-14.805095199999982],[-46.62437209999996,-14.79785419999996],[-46.63516109999995,-14.771743699999945],[-46.65111159999998,-14.776724799999954],[-46.66660919999998,-14.766272799999967],[-46.66792339999995,-14.736102099999982],[-46.67524959999997,-14.727589399999943],[-46.66905429999997,-14.71987699999994],[-46.69002429999995,-14.67975999999993],[-46.68254539999998,-14.647665399999937],[-46.70410049999998,-14.622073899999975],[-46.699686499999984,-14.611875299999951],[-46.71915429999996,-14.595774499999948],[-46.73810449999996,-14.609670299999948],[-46.73626559999997,-14.596439999999973],[-46.748401799999954,-14.598307999999975],[-46.74480099999994,-14.588663199999928],[-46.762031399999955,-14.581029099999967],[-46.761557799999935,-14.568867499999953],[-46.774707399999954,-14.582536299999958],[-46.78883829999995,-14.56252459999996],[-46.81222969999993,-14.570180599999958],[-46.813995499999976,-14.558347099999935],[-46.833819999999946,-14.557739899999945],[-46.841774699999974,-14.552584799999977],[-46.83633629999997,-14.547959099999957],[-46.83719409999998,-14.54319369999996],[-46.84725599999996,-14.546307099999979],[-46.85574639999993,-14.537130799999943],[-46.84639349999998,-14.525312199999973],[-46.872173499999974,-14.51853189999997],[-46.86683939999995,-14.51036229999994],[-46.87259089999998,-14.50043949999997],[-46.851729999999975,-14.48963809999998],[-46.86425109999993,-14.470473499999969],[-46.85717099999994,-14.443660199999954],[-46.86988089999994,-14.435607999999945],[-46.88845199999997,-14.437977399999966],[-46.88581319999997,-14.419656499999974],[-46.89302699999996,-14.408220299999982],[-46.87156349999998,-14.405250799999976],[-46.88119659999995,-14.393048299999975],[-46.870228399999974,-14.388111399999957],[-46.88000139999997,-14.37783719999993],[-46.878967999999986,-14.36100259999995],[-46.88726339999994,-14.358830999999952],[-46.901333799999975,-14.33035899999993],[-46.882286499999964,-14.32337999999993],[-46.882294499999944,-14.316629299999931],[-46.870815499999935,-14.340037299999949],[-46.85334969999997,-14.333762499999978],[-46.85537459999995,-14.342732099999978],[-46.84711589999995,-14.339155799999958],[-46.84465789999996,-14.348105699999962],[-46.832180499999936,-14.352547999999956],[-46.83004479999994,-14.341772399999968],[-46.81664689999997,-14.343829599999935],[-46.80789899999996,-14.360586199999943],[-46.81393559999998,-14.376975199999947],[-46.79695149999998,-14.377117399999975],[-46.784000799999944,-14.391043899999943],[-46.77023429999997,-14.385463499999958],[-46.76032859999998,-14.390330999999946],[-46.75802659999994,-14.38283569999993],[-46.74735419999996,-14.382943999999952],[-46.74687159999996,-14.372748599999966],[-46.739350799999954,-14.37526269999995],[-46.729069799999934,-14.39816879999995],[-46.71571419999998,-14.39760769999998],[-46.71879309999997,-14.405647199999976],[-46.73223369999994,-14.408299399999976],[-46.71088729999997,-14.43018909999995],[-46.71653079999993,-14.433328399999937],[-46.710738299999946,-14.446759999999927],[-46.724458599999934,-14.46198759999993],[-46.69820439999995,-14.469823099999928],[-46.69607309999998,-14.496976999999958],[-46.67404149999993,-14.49040309999998],[-46.67091889999995,-14.501410199999953],[-46.650636099999986,-14.501660399999935],[-46.64385319999997,-14.51480349999997],[-46.61655629999996,-14.495522499999936],[-46.61432479999996,-14.486224899999968],[-46.601252099999954,-14.488426499999946],[-46.59768369999995,-14.479772999999966],[-46.581240599999944,-14.476920699999937],[-46.57249129999997,-14.484382499999981],[-46.57034839999994,-14.46395739999997],[-46.54396769999994,-14.486430199999973],[-46.51384269999994,-14.475050499999952]]]}},{"id":"5335","type":"Feature","properties":{"COD_IBGE":"5200829","MUNICIPIO":"Amaralina","UF":"GO"},"geometry":{"type":"Polygon","coordinates":[[[-49.32285009999998,-14.002491199999952],[-49.33004779999993,-13.984643499999947],[-49.34976859999995,-13.991201299999943],[-49.34853909999998,-13.982141099999978],[-49.36868549999997,-13.959253299999943],[-49.360024899999985,-13.94098329999997],[-49.372648899999945,-13.940959999999961],[-49.383414399999936,-13.961283599999945],[-49.41973449999995,-13.955420799999956],[-49.43690429999998,-13.978003299999955],[-49.45379349999996,-13.98604419999998],[-49.48226299999993,-13.975530299999946],[-49.52395689999997,-13.98577599999993],[-49.535164399999985,-13.969185699999969],[-49.608200299999964,-13.916585099999963],[-49.62459439999998,-13.88551289999998],[-49.671603999999945,-13.83833199999998],[-49.70103689999996,-13.856310899999926],[-49.73119649999995,-13.861622099999977],[-49.75982419999997,-13.84803809999994],[-49.78017169999998,-13.847588199999961],[-49.78155119999997,-13.871385999999973],[-49.82521699999995,-13.910317799999973],[-49.84377889999996,-13.896683499999938],[-49.85047479999997,-13.913889499999982],[-49.86604739999996,-13.913714299999981],[-49.87263619999993,-13.897327699999948],[-49.906457699999976,-13.901531599999942],[-49.923090499999944,-13.885662099999934],[-49.93918809999997,-13.88408469999996],[-49.955044199999975,-13.89087909999995],[-49.950391199999956,-13.901015399999949],[-49.94529879999993,-13.891537599999936],[-49.93604929999998,-13.896749399999976],[-49.94221799999997,-13.913966099999982],[-49.94998639999994,-13.914661899999942],[-49.97491379999997,-13.883239499999945],[-49.961117799999954,-13.867612399999928],[-49.959671399999934,-13.847606699999972],[-49.93946529999994,-13.83064829999995],[-49.958371599999964,-13.815027099999952],[-49.94235999999995,-13.81428939999995],[-49.94037049999997,-13.797324999999944],[-49.92716819999998,-13.797270799999978],[-49.93157689999998,-13.787174099999959],[-49.92105609999993,-13.760080399999936],[-49.93623139999994,-13.746683799999971],[-49.946439099999964,-13.753497099999947],[-49.960219999999936,-13.743668299999968],[-49.95580249999995,-13.72786039999994],[-49.96404689999997,-13.702597599999933],[-49.949717299999975,-13.704546999999934],[-49.95066909999997,-13.694911899999965],[-49.93435819999996,-13.696196899999961],[-49.92708559999994,-13.68408809999994],[-49.91518179999997,-13.690210599999943],[-49.909677199999976,-13.680902799999956],[-49.88604579999998,-13.69474189999994],[-49.87581039999998,-13.690597599999933],[-49.877035099999944,-13.696133299999929],[-49.85631699999993,-13.688691099999971],[-49.84428419999995,-13.699866699999973],[-49.83454679999994,-13.686124899999982],[-49.830134499999986,-13.694813999999951],[-49.82595319999996,-13.687925399999926],[-49.812595399999964,-13.697614399999964],[-49.82062119999995,-13.70161459999997],[-49.81827649999997,-13.707911999999965],[-49.81021929999997,-13.703070699999955],[-49.79593239999997,-13.709424699999943],[-49.78395429999995,-13.726748499999928],[-49.77641419999998,-13.728468599999928],[-49.77334049999996,-13.720031799999958],[-49.76463989999996,-13.730948499999954],[-49.76123089999993,-13.721477099999959],[-49.73440019999998,-13.717298899999946],[-49.69981889999997,-13.753402299999948],[-49.69500419999997,-13.745327399999951],[-49.68311629999994,-13.750083999999958],[-49.67898429999997,-13.73138419999998],[-49.656727399999966,-13.72382209999995],[-49.63928039999996,-13.740139799999952],[-49.62813819999997,-13.738911799999926],[-49.62819379999996,-13.750075899999956],[-49.618872599999975,-13.754882299999963],[-49.60747739999994,-13.754647099999943],[-49.60866169999997,-13.746878599999945],[-49.59503399999994,-13.739500499999963],[-49.59239359999998,-13.765066199999978],[-49.58016769999995,-13.759364199999936],[-49.57433669999995,-13.76413539999993],[-49.58873909999994,-13.782785699999977],[-49.56330249999996,-13.781680499999936],[-49.55708099999998,-13.802162199999941],[-49.543638699999974,-13.804715399999964],[-49.54363019999994,-13.819305099999951],[-49.52127829999995,-13.837117499999977],[-49.50843009999994,-13.826672199999962],[-49.47172509999996,-13.825532899999928],[-49.45792179999995,-13.812101799999937],[-49.44218159999997,-13.823303099999976],[-49.43073679999998,-13.815692799999965],[-49.41136809999995,-13.818081499999948],[-49.39873479999994,-13.79193609999993],[-49.374648399999955,-13.791577699999948],[-49.35063259999998,-13.767996099999948],[-49.323896299999944,-13.767446199999938],[-49.29535819999995,-13.786432299999944],[-49.296065099999964,-13.814300899999978],[-49.31441309999997,-13.831205099999977],[-49.32066249999997,-13.858750999999927],[-49.33412709999993,-13.870163399999967],[-49.22434449999997,-13.86593929999998],[-49.25802159999995,-13.89930069999997],[-49.25159149999996,-13.908107099999938],[-49.26420189999993,-13.961932499999932],[-49.28503499999994,-13.974175199999934],[-49.29512239999997,-13.992832199999953],[-49.312657599999966,-13.993338799999947],[-49.32285009999998,-14.002491199999952]]]}},{"id":"5336","type":"Feature","properties":{"COD_IBGE":"5200852","MUNICIPIO":"Americano do Brasil","UF":"GO"},"geometry":{"type":"Polygon","coordinates":[[[-49.975148899999965,-16.238927699999977],[-49.946510699999976,-16.22321489999996],[-49.92496149999994,-16.225205199999948],[-49.91722949999996,-16.218510899999956],[-49.901224799999966,-16.231683799999928],[-49.86889009999993,-16.232001699999955],[-49.864231899999936,-16.258599199999935],[-49.870565899999974,-16.266073499999948],[-49.88172499999996,-16.256614399999933],[-49.918149899999946,-16.26209069999993],[-49.93553129999998,-16.24368409999994],[-49.94458539999994,-16.244536599999947],[-49.96855579999993,-16.28184619999996],[-49.97740229999994,-16.28013029999994],[-49.986063599999966,-16.292825999999934],[-49.981853899999976,-16.331274399999927],[-50.00999129999997,-16.333047199999953],[-50.00865619999996,-16.321946599999933],[-50.03106779999996,-16.30109609999994],[-50.03075379999996,-16.251894499999935],[-50.05029019999995,-16.261699999999962],[-50.06339299999996,-16.290543899999932],[-50.10049259999994,-16.28272329999993],[-50.09541859999996,-16.266425599999934],[-50.10701579999994,-16.24901399999993],[-50.089012099999934,-16.222201799999937],[-50.04722379999998,-16.225500299999965],[-50.00135529999994,-16.24071429999998],[-49.991237799999965,-16.234368699999948],[-49.975148899999965,-16.238927699999977]]]}},{"id":"5337","type":"Feature","properties":{"COD_IBGE":"5200902","MUNICIPIO":"Amorinópolis","UF":"GO"},"geometry":{"type":"Polygon","coordinates":[[[-51.137239499999964,-16.63317449999994],[-51.15776489999996,-16.63202569999993],[-51.18201069999998,-16.64532049999997],[-51.19183489999995,-16.63688529999996],[-51.21508189999997,-16.56611709999993],[-51.23300349999994,-16.56237269999997],[-51.24513879999995,-16.549496999999974],[-51.23173419999995,-16.50520219999993],[-51.22103759999993,-16.504110899999944],[-51.20665089999994,-16.520281299999965],[-51.18338069999999,-16.53040699999997],[-51.14896669999996,-16.511074099999973],[-51.08171589999995,-16.515624299999956],[-51.065304899999944,-16.531826699999954],[-51.06423129999996,-16.549074599999926],[-51.02487049999996,-16.569107799999927],[-51.031799699999965,-16.625280199999963],[-51.01079999999996,-16.636581599999943],[-50.99819729999996,-16.633077999999955],[-50.99841539999994,-16.640943499999935],[-51.019623699999954,-16.65308829999998],[-51.03397769999998,-16.650632799999983],[-51.037765699999966,-16.659871299999963],[-51.02502939999994,-16.69566439999994],[-51.04938819999995,-16.748622599999976],[-51.047252699999945,-16.79807219999998],[-51.062904799999956,-16.82188489999993],[-51.07410199999998,-16.800173799999982],[-51.09735239999998,-16.793261599999937],[-51.089070499999934,-16.783903599999974],[-51.10576819999994,-16.764832399999932],[-51.106242399999985,-16.742280999999934],[-51.099492399999974,-16.734724299999982],[-51.11808499999995,-16.729230599999937],[-51.11284279999995,-16.71355139999997],[-51.12395139999995,-16.695458599999938],[-51.123720599999956,-16.670032899999967],[-51.134739699999955,-16.662262399999975],[-51.137239499999964,-16.63317449999994]]]}},{"id":"5338","type":"Feature","properties":{"COD_IBGE":"5201108","MUNICIPIO":"Anápolis","UF":"GO"},"geometry":{"type":"Polygon","coordinates":[[[-48.997063399999945,-16.485986999999966],[-48.98105859999998,-16.399719199999936],[-49.00979399999994,-16.397617399999945],[-49.021119099999964,-16.414020799999946],[-49.041360199999986,-16.39777859999998],[-49.04930139999993,-16.37489379999994],[-49.05738409999998,-16.374236999999937],[-49.07505499999996,-16.387091099999964],[-49.09210889999997,-16.380748299999937],[-49.10086949999993,-16.38554799999997],[-49.096622399999944,-16.41575309999996],[-49.11460299999993,-16.42692839999995],[-49.17753559999994,-16.360600099999942],[-49.17789819999996,-16.34758009999996],[-49.193443299999956,-16.346416099999942],[-49.18380709999997,-16.324675799999966],[-49.16505379999995,-16.314291499999968],[-49.16270989999998,-16.329844299999934],[-49.15162669999995,-16.334786599999973],[-49.11319339999994,-16.34291829999995],[-49.10047469999995,-16.324398199999962],[-49.056216699999936,-16.348544199999935],[-49.03530049999995,-16.344534099999976],[-49.03144779999997,-16.326071699999943],[-49.05272209999998,-16.310954099999947],[-49.042233099999976,-16.302891399999965],[-49.04224999999997,-16.28494519999998],[-49.016706699999986,-16.270808199999976],[-49.02392999999995,-16.25752119999993],[-49.04178449999995,-16.26058489999997],[-49.110019499999964,-16.22353419999996],[-49.152862899999946,-16.21843999999993],[-49.15529049999998,-16.193395599999974],[-49.16641149999998,-16.19034899999997],[-49.18791599999997,-16.141021399999943],[-49.148683999999946,-16.13297129999995],[-49.14567529999994,-16.12470469999994],[-49.10206439999996,-16.146748799999955],[-49.09694399999995,-16.13449769999994],[-49.06522759999996,-16.13700499999993],[-49.057590999999945,-16.12703769999996],[-49.01702259999996,-16.14289359999998],[-48.98995019999995,-16.127656799999954],[-48.941803499999935,-16.129400199999964],[-48.92377399999998,-16.16357759999994],[-48.93352659999994,-16.19228389999995],[-48.95910539999994,-16.220432099999982],[-48.955155899999966,-16.23146879999996],[-48.942295799999954,-16.23555099999993],[-48.92475069999995,-16.21968329999993],[-48.897213499999964,-16.237141399999928],[-48.87227759999996,-16.237312299999928],[-48.848442999999975,-16.22693869999995],[-48.82817929999993,-16.234271599999943],[-48.82392159999995,-16.254344299999957],[-48.80339289999995,-16.268486699999983],[-48.77064939999997,-16.278718599999934],[-48.766981499999986,-16.307048299999963],[-48.75168629999996,-16.330645199999935],[-48.76404969999993,-16.359110199999975],[-48.75024429999996,-16.37541249999998],[-48.760497199999975,-16.38549009999997],[-48.799720699999966,-16.38434179999996],[-48.82345249999997,-16.400275199999953],[-48.85710389999997,-16.40426739999998],[-48.86530439999996,-16.39399999999995],[-48.997063399999945,-16.485986999999966]]]}},{"id":"5339","type":"Feature","properties":{"COD_IBGE":"5201207","MUNICIPIO":"Anhanguera","UF":"GO"},"geometry":{"type":"Polygon","coordinates":[[[-48.227351399999975,-18.345805999999982],[-48.25677749999994,-18.342976999999962],[-48.27217239999993,-18.32544489999998],[-48.26393329999996,-18.291767799999946],[-48.226812999999936,-18.27048599999995],[-48.22620789999996,-18.27987989999997],[-48.21452549999998,-18.286013799999978],[-48.19676789999994,-18.280178199999966],[-48.17133309999997,-18.325357199999928],[-48.20709089999997,-18.33246299999996],[-48.20692379999997,-18.341238699999963],[-48.21366629999994,-18.33753349999995],[-48.227351399999975,-18.345805999999982]]]}},{"id":"5340","type":"Feature","properties":{"COD_IBGE":"5201306","MUNICIPIO":"Anicuns","UF":"GO"},"geometry":{"type":"Polygon","coordinates":[[[-49.976534999999956,-16.56194249999993],[-50.013872499999934,-16.506505299999958],[-50.03305779999994,-16.50942189999995],[-50.04516449999994,-16.520871099999965],[-50.059605799999986,-16.502975499999934],[-50.070926499999985,-16.498329799999965],[-50.08106529999998,-16.503815199999963],[-50.085303899999985,-16.49149559999995],[-50.09803359999995,-16.492378499999973],[-50.10809869999997,-16.50457149999994],[-50.11734899999993,-16.496289299999944],[-50.14854369999995,-16.498801399999934],[-50.17206159999995,-16.483113699999933],[-50.14862369999997,-16.44529749999998],[-50.16554469999994,-16.424288899999965],[-50.158502099999964,-16.41577079999996],[-50.15918129999994,-16.394690799999978],[-50.14704969999997,-16.386153599999943],[-50.15271279999996,-16.375220499999955],[-50.130204799999944,-16.365716499999962],[-50.13902779999995,-16.33014309999993],[-50.129922599999986,-16.304552099999967],[-50.10127909999994,-16.28248609999997],[-50.06339299999996,-16.290543899999932],[-50.05029019999995,-16.261699999999962],[-50.03075379999996,-16.251894499999935],[-50.03106779999996,-16.30109609999994],[-50.00865619999996,-16.321946599999933],[-50.00999129999997,-16.333047199999953],[-49.98165279999995,-16.331211399999972],[-49.986063599999966,-16.292825999999934],[-49.97740229999994,-16.28013029999994],[-49.96855579999993,-16.28184619999996],[-49.94458539999994,-16.244536599999947],[-49.93569949999994,-16.24358909999995],[-49.918149899999946,-16.26209069999993],[-49.880012799999975,-16.257239399999946],[-49.870565899999974,-16.266073499999948],[-49.878008499999964,-16.27696469999995],[-49.87330849999995,-16.285814399999936],[-49.86399759999995,-16.278389699999934],[-49.844111699999985,-16.28265529999993],[-49.82021249999997,-16.274643899999944],[-49.797475299999974,-16.29945779999997],[-49.776111699999944,-16.301438099999928],[-49.75558829999994,-16.319755099999952],[-49.744411999999954,-16.365743099999975],[-49.77271579999996,-16.371869999999944],[-49.79986789999998,-16.362535199999968],[-49.81681179999998,-16.381174699999974],[-49.81817629999995,-16.422513899999956],[-49.82994949999994,-16.44472159999998],[-49.81196859999994,-16.46271859999996],[-49.831096199999934,-16.469134999999937],[-49.84631669999993,-16.492000899999937],[-49.83036789999994,-16.51942299999996],[-49.84223279999998,-16.51420489999998],[-49.89347829999997,-16.51931989999997],[-49.90125889999996,-16.532655099999943],[-49.91326029999993,-16.525566899999944],[-49.976534999999956,-16.56194249999993]]]}},{"id":"5341","type":"Feature","properties":{"COD_IBGE":"5201405","MUNICIPIO":"Aparecida de Goiânia","UF":"GO"},"geometry":{"type":"Polygon","coordinates":[[[-49.26157789999996,-16.725675399999943],[-49.219921099999965,-16.738005699999974],[-49.18741579999994,-16.764339099999972],[-49.18265729999996,-16.780955999999946],[-49.158907899999974,-16.790757999999983],[-49.16369979999996,-16.807210599999962],[-49.157761499999935,-16.817101799999932],[-49.16455739999998,-16.812690199999963],[-49.171564099999955,-16.818545299999982],[-49.16099409999998,-16.83140579999997],[-49.154151199999944,-16.824099599999954],[-49.15757759999997,-16.839214099999936],[-49.14832679999995,-16.837872999999945],[-49.14526839999996,-16.849466999999947],[-49.15332489999997,-16.86361279999994],[-49.148469399999954,-16.861751999999967],[-49.13738519999998,-16.88691709999995],[-49.14546299999995,-16.88115289999996],[-49.16761879999996,-16.88976059999993],[-49.18772519999993,-16.866953099999932],[-49.23291709999995,-16.856412699999964],[-49.23920469999996,-16.860802199999966],[-49.25828539999998,-16.84535889999995],[-49.30437619999998,-16.867773799999952],[-49.324291899999935,-16.861719999999934],[-49.319860999999946,-16.850365299999964],[-49.33603709999994,-16.85256329999993],[-49.350557599999945,-16.861582299999952],[-49.36743169999994,-16.891390499999943],[-49.37647339999995,-16.864436799999964],[-49.38364809999996,-16.861857699999973],[-49.377907799999946,-16.839861999999982],[-49.385802299999966,-16.834984299999974],[-49.365344499999935,-16.818034999999952],[-49.349626099999966,-16.764216099999942],[-49.33185649999996,-16.749471399999948],[-49.28809979999994,-16.74826489999998],[-49.26649669999995,-16.736565799999937],[-49.26157789999996,-16.725675399999943]]]}},{"id":"5342","type":"Feature","properties":{"COD_IBGE":"5201454","MUNICIPIO":"Aparecida do Rio Doce","UF":"GO"},"geometry":{"type":"Polygon","coordinates":[[[-51.12469719999996,-18.279230299999938],[-51.15551009999996,-18.303868299999976],[-51.18023629999993,-18.296339699999976],[-51.197974199999976,-18.32439489999996],[-51.203373099999965,-18.31903479999994],[-51.21696829999996,-18.328363499999966],[-51.22659939999994,-18.34891159999995],[-51.249325099999965,-18.356773799999928],[-51.26053429999996,-18.332161199999973],[-51.27187199999997,-18.334862699999974],[-51.271378099999936,-18.316353799999945],[-51.28269769999997,-18.323233999999957],[-51.301243099999965,-18.30392459999996],[-51.33674019999995,-18.298933499999976],[-51.392863199999965,-18.25808859999995],[-51.41086279999996,-18.25904509999998],[-51.41612799999996,-18.244768299999976],[-51.43718809999996,-18.242522899999926],[-51.45588719999995,-18.22148729999998],[-51.439221499999974,-18.183183799999938],[-51.450590699999964,-18.18142439999997],[-51.45115059999995,-18.174829899999963],[-51.433374424999954,-18.16114984999996],[-51.39971159999993,-18.17192069999993],[-51.37578739999998,-18.19530919999994],[-51.328940899999964,-18.199351599999943],[-51.32404489999993,-18.133879199999967],[-51.30833219999994,-18.12243479999995],[-51.30006199999997,-18.09570149999996],[-51.28604199999995,-18.08166069999993],[-51.238513599999976,-18.082234699999958],[-51.22689779999996,-18.10249099999993],[-51.201173799999935,-18.102948699999956],[-51.19671589999996,-18.118044399999974],[-51.16024779999998,-18.12767139999994],[-51.14557479999996,-18.13997439999997],[-51.147582599999964,-18.15204769999997],[-51.13777849999997,-18.152537799999948],[-51.13981929999994,-18.170504799999946],[-51.12981419999994,-18.164271799999938],[-51.13135919999996,-18.179551699999934],[-51.123100499999964,-18.18005119999998],[-51.12374599999998,-18.197740499999952],[-51.113571399999955,-18.204840799999943],[-51.12722739999998,-18.215326499999946],[-51.12129599999997,-18.24069149999997],[-51.13154979999996,-18.236387099999945],[-51.137462599999935,-18.24451449999998],[-51.137408799999946,-18.26128449999993],[-51.126439199999936,-18.260811799999942],[-51.12469719999996,-18.279230299999938]]]}},{"id":"5343","type":"Feature","properties":{"COD_IBGE":"5201504","MUNICIPIO":"Aporé","UF":"GO"},"geometry":{"type":"Polygon","coordinates":[[[-51.74222059999994,-19.087967299999946],[-51.79108239999994,-19.079831199999944],[-51.79631199999994,-19.066431799999975],[-51.816881799999976,-19.054720799999927],[-51.843275999999946,-19.05644949999993],[-51.83507279999998,-19.045858799999962],[-51.84342899999996,-19.041998399999954],[-51.85768159999998,-19.050531299999932],[-51.89066429999997,-19.017768599999954],[-51.89678089999995,-18.99470199999996],[-51.926003099999946,-18.98492269999997],[-51.92559899999998,-18.97661409999995],[-51.94000769999997,-18.968471999999963],[-51.950994299999934,-18.981137699999977],[-51.968786499999965,-18.967061299999955],[-51.96762129999996,-18.976710899999944],[-51.97713679999998,-18.981724699999972],[-51.98094999999995,-18.972353599999963],[-51.99566159999995,-18.97423459999993],[-52.00028109999994,-18.967439699999943],[-52.015551699999946,-18.982637299999965],[-52.017587799999944,-18.964273099999957],[-52.04046139999997,-18.960661199999947],[-52.04363909999995,-18.95068779999997],[-52.079994399999975,-18.950849199999936],[-52.092911199999946,-18.94228899999996],[-52.08815049999998,-18.935442699999953],[-52.10579269999994,-18.92592979999995],[-52.110806399999944,-18.89870179999997],[-52.153034599999955,-18.891675599999928],[-52.18308739999998,-18.84763529999998],[-52.237437899999975,-18.843291299999976],[-52.25610399999994,-18.838663199999928],[-52.263230299999975,-18.828224399999954],[-52.29335379999998,-18.82924509999998],[-52.30514069999998,-18.840439799999956],[-52.33349289999995,-18.82933419999995],[-52.354053799999974,-18.814047399999936],[-52.35390079999996,-18.80020339999993],[-52.36847709999995,-18.800367799999947],[-52.367182499999956,-18.79416189999995],[-52.40969389999998,-18.754864399999974],[-52.41239319999994,-18.73975409999997],[-52.424351799999954,-18.732983099999956],[-52.44802559999994,-18.691966499999978],[-52.50194949999997,-18.675914699999964],[-52.428121799999985,-18.635023399999966],[-52.381925999999964,-18.576750199999935],[-52.29066659999995,-18.615270299999963],[-52.28849409999998,-18.590720199999964],[-52.32577379999998,-18.563037599999973],[-52.33212889999999,-18.542732499999943],[-52.32436029999997,-18.508307799999955],[-52.29902299999998,-18.49344629999996],[-52.284661599999936,-18.503212299999973],[-52.26264189999995,-18.49914569999993],[-52.258956299999966,-18.511743199999955],[-52.23973129999996,-18.504081499999927],[-52.220519699999954,-18.50824099999994],[-52.21561729999996,-18.50070549999998],[-52.19886119999995,-18.508455499999968],[-52.19132319999994,-18.497075499999937],[-52.177791199999945,-18.50607839999998],[-52.15955989999998,-18.494763199999966],[-52.13376669999997,-18.518361699999957],[-52.11075539999996,-18.526837499999942],[-52.08253399999995,-18.506793399999935],[-52.053520599999956,-18.514802799999927],[-52.04881859999995,-18.527824599999974],[-52.03452079999994,-18.530490199999974],[-52.03176499999995,-18.544276799999977],[-52.02359519999993,-18.54626449999995],[-52.02672529999995,-18.559239699999978],[-51.998445799999956,-18.57188229999997],[-51.99168769999994,-18.56809279999993],[-51.986132199999986,-18.585747399999946],[-51.95757349999997,-18.593300899999974],[-51.94101269999993,-18.616818099999932],[-51.89263569999997,-18.633545199999958],[-51.89341809999996,-18.65090209999994],[-51.88780879999996,-18.647766199999978],[-51.88335879999994,-18.668148299999928],[-51.85753799999998,-18.67914559999997],[-51.85597919999998,-18.69247239999993],[-51.83118399999995,-18.700471499999935],[-51.826304799999946,-18.714676699999927],[-51.80021179999994,-18.724502299999926],[-51.795996199999934,-18.742936199999974],[-51.78035239999997,-18.744224499999973],[-51.76817189999997,-18.76276139999993],[-51.74904029999993,-18.76368629999996],[-51.729327499999954,-18.752363599999967],[-51.694100599999956,-18.76846319999993],[-51.67978899999997,-18.761075499999947],[-51.66521149999994,-18.766805999999974],[-51.66529619999994,-18.78364399999998],[-51.72402639999996,-18.833689999999933],[-51.69343299999997,-19.067314299999964],[-51.68680729999994,-19.074340399999983],[-51.69211799999994,-19.118042699999933],[-51.709797899999955,-19.11170919999995],[-51.705474599999945,-19.10673799999995],[-51.71165109999998,-19.103038899999945],[-51.72754139999995,-19.107760199999973],[-51.731834299999946,-19.099531999999954],[-51.74186149999997,-19.100569999999948],[-51.74843889999994,-19.091877599999975],[-51.74222059999994,-19.087967299999946]]]}},{"id":"5344","type":"Feature","properties":{"COD_IBGE":"5201603","MUNICIPIO":"Araçu","UF":"GO"},"geometry":{"type":"Polygon","coordinates":[[[-49.71398799999997,-16.420824799999934],[-49.727273699999955,-16.407693199999926],[-49.72476289999997,-16.387160199999983],[-49.73574659999997,-16.386907099999974],[-49.73721119999993,-16.376080499999944],[-49.72415139999998,-16.361878399999966],[-49.729882499999974,-16.343637799999954],[-49.72348049999994,-16.33668309999996],[-49.73900329999998,-16.29797209999998],[-49.73579259999997,-16.268683599999974],[-49.72783569999996,-16.259699799999964],[-49.71250889999993,-16.258584199999973],[-49.68778229999998,-16.27220219999998],[-49.68749969999993,-16.28407059999995],[-49.669048799999985,-16.307485199999974],[-49.66776329999993,-16.327126799999974],[-49.65260889999996,-16.331209499999943],[-49.65790339999995,-16.39232919999995],[-49.66591859999994,-16.40673279999993],[-49.65510569999998,-16.42613579999994],[-49.66943909999998,-16.430494599999975],[-49.68330959999997,-16.424810099999945],[-49.68458799999996,-16.43943289999993],[-49.695023599999956,-16.44683559999993],[-49.68924839999994,-16.45747289999997],[-49.69599989999995,-16.47101829999997],[-49.72504479999998,-16.47379939999996],[-49.73818159999996,-16.467279899999937],[-49.74276149999997,-16.453838299999973],[-49.77459109999995,-16.44400349999995],[-49.770722699999965,-16.43429029999993],[-49.72146339999995,-16.44188379999997],[-49.71398799999997,-16.420824799999934]]]}},{"id":"5345","type":"Feature","properties":{"COD_IBGE":"5201702","MUNICIPIO":"Aragarças","UF":"GO"},"geometry":{"type":"Polygon","coordinates":[[[-52.25413969999994,-15.893266599999947],[-52.19266539999995,-15.880841999999973],[-52.13138209999994,-15.895498499999974],[-52.109638899999936,-15.882652999999948],[-52.09918539999995,-15.88910199999998],[-52.080152099999964,-15.88096319999994],[-52.01169379999993,-15.88650819999998],[-51.98130409999993,-15.84250419999995],[-51.95488569999998,-15.838651399999947],[-51.955911699999945,-15.81854149999998],[-51.948454899999945,-15.810098399999958],[-51.91291129999996,-15.813233599999933],[-51.88981209999997,-15.831940699999961],[-51.865560699999946,-15.817381299999965],[-51.87796919999994,-15.839857999999936],[-51.86821029999993,-15.858429299999955],[-51.85222649999997,-15.86292919999994],[-51.84399369999994,-15.85140709999996],[-51.83155379999994,-15.867151399999955],[-51.851462099999935,-15.884356199999957],[-51.850860799999964,-15.90570109999993],[-51.86552659999995,-15.911747799999944],[-52.036174899999935,-15.915311499999973],[-52.30187109999997,-16.166060999999956],[-52.319678899999985,-16.14868359999997],[-52.331128999999976,-16.14975419999996],[-52.344037699999944,-16.13046029999998],[-52.35667089999998,-16.130364699999973],[-52.36143059999995,-16.082262799999967],[-52.35035269999997,-16.084053799999936],[-52.32849829999998,-16.070403399999975],[-52.32404269999995,-16.03781429999998],[-52.31081579999994,-16.00703649999997],[-52.290183999999954,-15.983430999999939],[-52.29033949999996,-15.965547199999946],[-52.25689529999994,-15.930884699999979],[-52.25413969999994,-15.893266599999947]]]}},{"id":"5346","type":"Feature","properties":{"COD_IBGE":"5201801","MUNICIPIO":"Aragoiânia","UF":"GO"},"geometry":{"type":"Polygon","coordinates":[[[-49.443866499999956,-17.036495599999967],[-49.45710409999998,-17.040939699999967],[-49.47672149999994,-17.02035099999995],[-49.48471999999998,-17.021087199999954],[-49.468492899999944,-16.993541999999934],[-49.479173199999934,-16.981231899999955],[-49.48230789999997,-16.929743499999972],[-49.46849679999997,-16.912976799999967],[-49.47081029999998,-16.898013399999968],[-49.44689189999997,-16.901100199999973],[-49.43447139999995,-16.869868699999927],[-49.43753519999996,-16.86014659999995],[-49.43051839999998,-16.864985499999932],[-49.38413319999995,-16.831876399999942],[-49.37747699999994,-16.849078499999962],[-49.38364809999996,-16.861857699999973],[-49.359691699999985,-16.897920299999953],[-49.36719859999994,-16.91704199999998],[-49.361140499999976,-16.92373299999997],[-49.36638339999996,-16.924069199999963],[-49.36085549999996,-16.93844789999997],[-49.368641199999956,-16.956020199999955],[-49.363747699999976,-16.96632599999998],[-49.373761599999966,-16.98417029999996],[-49.36834309999995,-17.004469299999982],[-49.37504029999997,-17.029885399999955],[-49.36581309999997,-17.03648929999997],[-49.384372499999984,-17.04089339999996],[-49.39751659999996,-17.032987799999944],[-49.42323189999996,-17.04714409999997],[-49.443866499999956,-17.036495599999967]]]}},{"id":"5347","type":"Feature","properties":{"COD_IBGE":"5202155","MUNICIPIO":"Araguapaz","UF":"GO"},"geometry":{"type":"Polygon","coordinates":[[[-50.53733589999996,-15.309346999999946],[-50.56084389999995,-15.274753699999962],[-50.58030779999996,-15.283253799999954],[-50.58388379999997,-15.272014399999932],[-50.59429179999995,-15.277071699999965],[-50.60073199999994,-15.259282399999961],[-50.61436729999997,-15.265040299999953],[-50.64797069999997,-15.244255499999952],[-50.65163159999997,-15.251399399999968],[-50.67743019999995,-15.25020139999998],[-50.69631179999993,-15.27142299999997],[-50.71447439999997,-15.268931299999963],[-50.73073309999995,-15.255952799999932],[-50.73714049999995,-15.238292399999978],[-50.730964599999936,-15.22769139999997],[-50.740084399999944,-15.222632999999973],[-50.73792149999997,-15.203312599999947],[-50.74772139999993,-15.181811799999934],[-50.71685379999997,-15.149440199999958],[-50.71236589999995,-15.12923939999996],[-50.71759389999994,-15.121761699999979],[-50.711365299999954,-15.118051999999977],[-50.72143339999997,-15.116341199999965],[-50.72458729999994,-15.10629259999996],[-50.723499499999946,-15.083659499999953],[-50.71724629999994,-15.081289499999968],[-50.733021399999984,-15.072243699999945],[-50.73220289999995,-15.062313999999958],[-50.751148299999954,-15.059967399999948],[-50.74830689999993,-15.047608199999956],[-50.76903829999998,-15.042585199999962],[-50.765335799999946,-15.036312299999963],[-50.77495719999996,-15.038404499999956],[-50.773818699999936,-15.029175599999974],[-50.786672299999964,-15.021731799999941],[-50.79754099999997,-15.025050699999952],[-50.79819549999996,-15.014126199999964],[-50.80442709999994,-15.01750329999993],[-50.82226549999996,-14.998822599999926],[-50.81638019999997,-14.96867919999994],[-50.832253399999956,-14.958302899999978],[-50.83120679999996,-14.938103699999942],[-50.82214159999995,-14.921871599999974],[-50.81215129999998,-14.918986999999959],[-50.817929499999934,-14.915833199999952],[-50.812140899999974,-14.907081199999936],[-50.80017509999993,-14.902534599999967],[-50.79883909999995,-14.927201299999979],[-50.79016279999996,-14.92791829999993],[-50.76955779999997,-14.95826029999995],[-50.715557899999965,-14.950226699999973],[-50.662679099999934,-14.96765819999996],[-50.64834449999995,-14.983809299999962],[-50.595305199999984,-14.990176399999939],[-50.580392899999936,-15.005293399999971],[-50.57652369999994,-15.021537099999932],[-50.549622899999974,-15.045078199999978],[-50.51349789999995,-15.05547139999993],[-50.48689929999995,-15.04511309999998],[-50.47881659999996,-15.051562399999966],[-50.450071599999944,-15.046352999999954],[-50.40128749999997,-15.027605299999948],[-50.31105269999995,-14.939708999999937],[-50.281251399999974,-14.946236599999963],[-50.26881169999996,-14.961245799999972],[-50.24422009999995,-14.967486999999949],[-50.23718919999993,-15.013769299999979],[-50.20244809999997,-15.022448999999938],[-50.20868359999997,-15.03239069999995],[-50.18476419999996,-15.03783089999996],[-50.188534199999935,-15.048795699999971],[-50.20006889999996,-15.049957699999936],[-50.19290479999995,-15.059389899999928],[-50.173325999999975,-15.058408699999973],[-50.152725499999974,-15.08187659999993],[-50.127778699999965,-15.080825499999946],[-50.12394249999994,-15.093218399999955],[-50.11315499999995,-15.097404099999949],[-50.12018469999998,-15.112800499999935],[-50.11342939999997,-15.121704399999942],[-50.10256339999995,-15.119727299999965],[-50.078498199999956,-15.13781709999995],[-50.063699499999984,-15.134758499999975],[-50.05391509999998,-15.123022099999957],[-50.03614309999995,-15.148012699999981],[-50.05120939999995,-15.16362369999996],[-50.056224199999974,-15.182574399999964],[-50.03808139999995,-15.200324099999932],[-50.08296799999994,-15.24711979999995],[-50.14332749999994,-15.240116799999953],[-50.17448539999998,-15.250473099999965],[-50.25683789999994,-15.235438899999963],[-50.26302289999995,-15.247137799999962],[-50.288529799999935,-15.247095999999942],[-50.294451899999956,-15.263636899999938],[-50.30502039999993,-15.264966899999934],[-50.30781269999994,-15.27579789999993],[-50.32034839999994,-15.27445849999998],[-50.321302799999955,-15.284842699999956],[-50.334878999999944,-15.295704499999943],[-50.35269129999995,-15.293479399999967],[-50.357262599999956,-15.315445099999977],[-50.39405229999994,-15.333104999999932],[-50.41571979999998,-15.357637499999953],[-50.43938849999995,-15.370125299999927],[-50.44756549999994,-15.36807159999995],[-50.448128699999984,-15.349979899999937],[-50.46558879999998,-15.340854699999966],[-50.47906889999996,-15.347061999999937],[-50.49777259999996,-15.337000199999977],[-50.51836579999997,-15.30436659999998],[-50.53733589999996,-15.309346999999946]]]}},{"id":"5348","type":"Feature","properties":{"COD_IBGE":"5202353","MUNICIPIO":"Arenópolis","UF":"GO"},"geometry":{"type":"Polygon","coordinates":[[[-51.66268249999996,-16.454470499999957],[-51.66511219999995,-16.43077969999996],[-51.67561899999998,-16.41661149999993],[-51.61519929999997,-16.396920499999965],[-51.63633429999993,-16.386544899999933],[-51.650427699999966,-16.364770999999962],[-51.64824159999995,-16.34997519999996],[-51.665830599999936,-16.343016399999954],[-51.67449899999997,-16.32573949999994],[-51.66613899999993,-16.280202299999928],[-51.67757009999997,-16.270885299999975],[-51.671910999999966,-16.256041799999934],[-51.708713399999965,-16.22741019999995],[-51.732862299999965,-16.22566839999996],[-51.733687499999974,-16.197712399999944],[-51.75512869999994,-16.185927799999945],[-51.762286899999935,-16.17217409999995],[-51.77031959999994,-16.17330419999996],[-51.79277469999994,-16.12988189999993],[-51.796866199999954,-16.092834299999936],[-51.81803339999993,-16.085005999999964],[-51.82889419999998,-16.09103289999996],[-51.83875949999998,-16.071489999999926],[-51.824377399999946,-16.04272659999998],[-51.815114999999935,-16.041854199999932],[-51.82075109999994,-16.034212899999943],[-51.79827519999998,-16.029751699999963],[-51.75722209999998,-16.08871769999996],[-51.721669299999974,-16.079749299999946],[-51.717791199999965,-16.094741299999953],[-51.701086499999974,-16.10332989999995],[-51.70103599999993,-16.110597299999938],[-51.691024099999936,-16.109307199999932],[-51.690160799999944,-16.118945399999973],[-51.64298089999994,-16.13872299999997],[-51.64489169999996,-16.161197999999956],[-51.63165339999995,-16.179150899999968],[-51.616088299999944,-16.18445429999997],[-51.601205499999935,-16.226849899999934],[-51.55427709999998,-16.22773049999995],[-51.55184189999994,-16.24464519999998],[-51.53694919999998,-16.25998409999994],[-51.543558099999984,-16.276062699999954],[-51.49784569999997,-16.298650299999963],[-51.470271399999945,-16.30250419999993],[-51.46243909999998,-16.327120699999966],[-51.44416119999994,-16.325285899999926],[-51.438120599999934,-16.315887799999928],[-51.43003599999997,-16.320060199999944],[-51.44030219999996,-16.34854279999996],[-51.411939099999984,-16.372659599999963],[-51.417252099999985,-16.39232389999995],[-51.40109759999996,-16.40555269999993],[-51.39687719999995,-16.446012499999938],[-51.374900199999956,-16.447894299999973],[-51.37839279999997,-16.465322199999946],[-51.40149789999998,-16.468322799999953],[-51.421939899999984,-16.48279409999998],[-51.41739469999993,-16.493242899999927],[-51.444943499999965,-16.52212149999997],[-51.49032689999996,-16.541979199999957],[-51.50629829999997,-16.536891199999957],[-51.50650989999997,-16.57874389999995],[-51.52623529999994,-16.601063599999975],[-51.53990749999997,-16.604813599999943],[-51.54005499999994,-16.623012399999936],[-51.552828199999965,-16.628369599999928],[-51.55130619999994,-16.642593199999965],[-51.56891289999999,-16.649920299999962],[-51.57550349999997,-16.662626699999976],[-51.58128019999998,-16.632563499999947],[-51.602277199999946,-16.60235719999997],[-51.57369419999998,-16.574146499999927],[-51.56925289999998,-16.552959099999953],[-51.609022799999934,-16.54369749999995],[-51.63750309999995,-16.50597709999994],[-51.63896699999998,-16.48043439999998],[-51.65435279999997,-16.47666909999998],[-51.651944999999955,-16.46341179999996],[-51.66268249999996,-16.454470499999957]]]}},{"id":"5349","type":"Feature","properties":{"COD_IBGE":"5202502","MUNICIPIO":"Aruanã","UF":"GO"},"geometry":{"type":"Polygon","coordinates":[[[-51.09407909999993,-14.93514369999997],[-51.08431329999996,-14.912561099999948],[-51.09300029999997,-14.893543799999975],[-51.08963749999998,-14.840180499999974],[-51.070709499999964,-14.809963399999958],[-51.04482129999997,-14.792838599999982],[-51.05824489999998,-14.751669999999933],[-51.02923299999998,-14.707408399999963],[-51.02665859999996,-14.659358099999963],[-51.01000719999996,-14.645733899999982],[-50.992835499999956,-14.612457899999981],[-50.996249399999954,-14.574610899999982],[-50.962720599999955,-14.523907299999962],[-50.97314769999997,-14.505175999999949],[-50.96946619999994,-14.475259599999958],[-50.98896509999997,-14.453571599999975],[-50.98491489999998,-14.431917099999964],[-50.997830599999986,-14.415674699999954],[-50.98448319999994,-14.376444599999957],[-50.98820049999995,-14.359968199999969],[-50.966117199999985,-14.327116799999942],[-50.97817329999998,-14.297243599999945],[-50.95488889999996,-14.233214499999974],[-50.91372259999997,-14.168509699999959],[-50.910027499999956,-14.148418999999933],[-50.91796859999994,-14.11609169999997],[-50.90370079999997,-14.110223499999961],[-50.887778399999945,-14.132533999999964],[-50.87111939999994,-14.117929999999944],[-50.85180889999998,-14.117625699999962],[-50.84150489999996,-14.104325099999926],[-50.84878269999996,-14.122412199999928],[-50.82724369999994,-14.137929499999927],[-50.828700399999946,-14.146414299999947],[-50.80683399999998,-14.168057099999942],[-50.799846799999955,-14.20217729999996],[-50.79418789999994,-14.199498999999946],[-50.78968179999998,-14.222054199999945],[-50.78302689999998,-14.220249399999943],[-50.791151799999966,-14.242246199999954],[-50.77198109999995,-14.24527519999998],[-50.769181799999956,-14.29401329999996],[-50.75910509999994,-14.293087799999967],[-50.76611529999997,-14.305516199999943],[-50.759033699999975,-14.316949099999931],[-50.77809979999995,-14.354186199999958],[-50.795793999999944,-14.35029929999996],[-50.79661509999994,-14.358231499999931],[-50.788056799999936,-14.358825999999965],[-50.79653739999998,-14.38185999999996],[-50.80451359999995,-14.38177399999995],[-50.798749199999975,-14.39408949999995],[-50.81149149999993,-14.403189299999951],[-50.82071959999996,-14.397572099999934],[-50.81788949999998,-14.407926799999927],[-50.83980759999997,-14.423510199999953],[-50.84367129999998,-14.446619899999973],[-50.83810159999996,-14.455845199999942],[-50.84979569999996,-14.46131349999996],[-50.839981999999964,-14.468504399999972],[-50.85431619999997,-14.479753699999947],[-50.85432979999996,-14.515761999999938],[-50.863028499999984,-14.520135299999936],[-50.854472499999986,-14.522794099999942],[-50.86566369999997,-14.551777099999981],[-50.859807699999976,-14.557698499999958],[-50.87321639999993,-14.56222409999998],[-50.86940739999994,-14.571819199999936],[-50.87745679999995,-14.576792199999943],[-50.87234569999998,-14.584780899999942],[-50.879583999999966,-14.586239099999943],[-50.880924499999935,-14.599482899999941],[-50.86419119999994,-14.609813499999973],[-50.86300689999996,-14.622031399999969],[-50.85440479999994,-14.617326599999956],[-50.84120989999997,-14.626295299999981],[-50.84753449999994,-14.635373899999934],[-50.85767949999996,-14.630965799999956],[-50.880826199999944,-14.666438599999935],[-50.85839549999997,-14.67352109999996],[-50.86029929999995,-14.689206199999944],[-50.85270849999995,-14.688444499999946],[-50.841234199999974,-14.712028799999928],[-50.835391699999946,-14.711207099999967],[-50.843770699999936,-14.723995799999955],[-50.83196159999994,-14.733305099999939],[-50.84080979999993,-14.75740879999995],[-50.82665019999996,-14.771675899999934],[-50.82383089999996,-14.806768899999952],[-50.830219399999976,-14.821309199999973],[-50.817376699999954,-14.84758979999998],[-50.803444499999955,-14.85676019999994],[-50.808000499999935,-14.872987699999953],[-50.800275599999964,-14.90227939999994],[-50.81538299999994,-14.90991349999996],[-50.81215129999998,-14.918986999999959],[-50.82214159999995,-14.921871599999974],[-50.83120679999996,-14.938103699999942],[-50.832253399999956,-14.958302899999978],[-50.81638019999997,-14.96867919999994],[-50.82231239999993,-14.998686199999952],[-50.80442709999994,-15.01750329999993],[-50.79808479999997,-15.014265399999942],[-50.79092609999998,-15.042925599999933],[-50.77809799999994,-15.043612399999972],[-50.76239929999997,-15.059490399999959],[-50.76672159999998,-15.068729599999926],[-50.74181779999998,-15.091430399999979],[-50.740058199999964,-15.110875299999975],[-50.77586169999995,-15.175361799999962],[-50.79428539999998,-15.186268699999971],[-50.80065129999997,-15.202655799999945],[-50.87042479999997,-15.19599059999996],[-50.89859379999996,-15.227539799999931],[-50.91322009999993,-15.204488399999946],[-50.915318999999954,-15.225329999999929],[-50.903384899999935,-15.258690999999942],[-50.90874459999998,-15.320451099999957],[-50.92297329999997,-15.310657399999968],[-50.94055879999996,-15.310802499999966],[-51.00216369999998,-15.328070599999933],[-51.05232509999996,-15.254552599999954],[-51.05630129999997,-15.26430309999995],[-51.069893099999945,-15.257925799999953],[-51.06419409999995,-15.249553699999979],[-51.078610399999945,-15.233748999999932],[-51.10561349999995,-15.229362199999969],[-51.11444979999993,-15.217299499999967],[-51.123852699999986,-15.222559699999977],[-51.13406999999995,-15.214091899999971],[-51.14235999999994,-15.222199299999943],[-51.15164189999996,-15.206483399999968],[-51.16034479999996,-15.22133619999994],[-51.16963819999995,-15.221474799999953],[-51.176184399999954,-15.193055699999945],[-51.167386299999976,-15.193815599999937],[-51.16970269999996,-15.199355499999967],[-51.16168579999999,-15.188443899999982],[-51.16652449999998,-15.180923599999971],[-51.15678809999997,-15.174236899999926],[-51.160364699999946,-15.165077599999961],[-51.15336929999995,-15.166120099999944],[-51.15652849999998,-15.15684529999993],[-51.14564749999994,-15.15323509999996],[-51.148962799999936,-15.127258799999936],[-51.13807039999995,-15.120925599999964],[-51.12944829999998,-15.125456099999951],[-51.13075369999996,-15.113973699999974],[-51.119726499999956,-15.107958999999937],[-51.12560369999994,-15.103092499999946],[-51.11581989999996,-15.100576399999966],[-51.12187579999994,-15.076308599999948],[-51.10905399999996,-15.072726399999965],[-51.11538509999997,-15.065858899999967],[-51.11232699999994,-15.050825199999963],[-51.123681999999974,-15.053260999999964],[-51.12580589999993,-15.038641499999926],[-51.14072409999994,-15.030494399999952],[-51.143844599999966,-15.035044199999959],[-51.14735419999994,-15.022175199999936],[-51.12387119999994,-14.989323799999966],[-51.115089499999954,-14.970010299999956],[-51.11985159999995,-14.959330999999963],[-51.108164099999954,-14.95089859999996],[-51.111879199999976,-14.944818299999952],[-51.09407909999993,-14.93514369999997]]]}},{"id":"5350","type":"Feature","properties":{"COD_IBGE":"5202601","MUNICIPIO":"Aurilândia","UF":"GO"},"geometry":{"type":"Polygon","coordinates":[[[-50.36173519999994,-16.699723399999982],[-50.38143999999994,-16.726197199999945],[-50.405898899999954,-16.715314399999954],[-50.407087899999965,-16.73159359999994],[-50.42932739999998,-16.753821699999946],[-50.451840499999946,-16.799106999999935],[-50.48256909999998,-16.79745889999998],[-50.50511659999995,-16.81260979999996],[-50.537098399999934,-16.814290299999982],[-50.54927599999996,-16.82838929999997],[-50.571563699999956,-16.832424999999944],[-50.575680999999975,-16.84801239999996],[-50.64102049999997,-16.835019599999953],[-50.63183729999997,-16.808410799999933],[-50.64730689999993,-16.801411899999948],[-50.61380639999993,-16.780437399999983],[-50.60639409999993,-16.72603369999996],[-50.58282159999993,-16.71113349999996],[-50.60633359999997,-16.675999899999965],[-50.60617989999997,-16.635933399999942],[-50.649906999999985,-16.62161439999994],[-50.66216879999996,-16.610259699999972],[-50.65289359999997,-16.59293669999994],[-50.617106399999955,-16.591548599999953],[-50.60174619999998,-16.506464999999935],[-50.58366739999997,-16.505960999999957],[-50.571685299999956,-16.517288399999927],[-50.56858429999994,-16.51057549999996],[-50.563066799999945,-16.51382979999994],[-50.56295289999997,-16.552910399999973],[-50.54806589999998,-16.549977299999966],[-50.53640049999996,-16.561607699999968],[-50.53610899999995,-16.577231799999936],[-50.51291799999996,-16.592159799999934],[-50.51905319999997,-16.60336099999995],[-50.51348569999993,-16.60500929999995],[-50.52301649999998,-16.609689199999934],[-50.484884499999964,-16.63627729999996],[-50.49290579999996,-16.657789999999977],[-50.47812339999996,-16.673200599999973],[-50.43809889999994,-16.65596899999997],[-50.429231899999934,-16.63552379999993],[-50.41603189999995,-16.628300599999932],[-50.41228829999994,-16.63678649999997],[-50.39154019999995,-16.629444199999966],[-50.386069299999974,-16.637748899999963],[-50.368735999999956,-16.63884939999997],[-50.36375339999995,-16.65716489999994],[-50.37129629999998,-16.69047349999994],[-50.36173519999994,-16.699723399999982]]]}},{"id":"5351","type":"Feature","properties":{"COD_IBGE":"5202809","MUNICIPIO":"Avelinópolis","UF":"GO"},"geometry":{"type":"Polygon","coordinates":[[[-49.82242549999995,-16.520475199999964],[-49.84631669999993,-16.492000899999937],[-49.831096199999934,-16.469134999999937],[-49.81196859999994,-16.46271859999996],[-49.82994949999994,-16.44472159999998],[-49.81457839999996,-16.397613999999976],[-49.773425299999985,-16.421779699999945],[-49.77459109999995,-16.44400349999995],[-49.74276149999997,-16.453838299999973],[-49.73818159999996,-16.467279899999937],[-49.72504479999998,-16.47379939999996],[-49.69699779999996,-16.47019229999995],[-49.696000099999935,-16.50025999999997],[-49.688764799999944,-16.509223899999938],[-49.729823899999985,-16.580062399999974],[-49.76706539999998,-16.561045699999966],[-49.796653299999946,-16.517448099999967],[-49.82242549999995,-16.520475199999964]]]}},{"id":"5352","type":"Feature","properties":{"COD_IBGE":"5203104","MUNICIPIO":"Baliza","UF":"GO"},"geometry":{"type":"Polygon","coordinates":[[[-52.51524959999995,-16.548301299999935],[-52.547069299999976,-16.552458999999942],[-52.54919239999998,-16.544086899999968],[-52.56371089999993,-16.546983799999964],[-52.57943489999997,-16.536479199999974],[-52.564004299999965,-16.517672499999946],[-52.58348579999995,-16.52163489999998],[-52.593268999999964,-16.535122199999932],[-52.60880529999997,-16.513582199999973],[-52.63450359999996,-16.513343799999973],[-52.63502319999998,-16.500780599999928],[-52.61231159999994,-16.501061499999935],[-52.60607829999998,-16.486024199999974],[-52.61322229999996,-16.46884629999994],[-52.60474489999996,-16.463454299999967],[-52.61330229999999,-16.45759359999994],[-52.62075619999996,-16.465333099999953],[-52.61724129999993,-16.448972399999946],[-52.63867779999998,-16.437558699999954],[-52.643870799999945,-16.412011999999947],[-52.67454879999997,-16.412404099999947],[-52.68741199999994,-16.399000499999943],[-52.67759369999993,-16.38099649999998],[-52.69278699999995,-16.367152399999952],[-52.693287099999964,-16.350084799999934],[-52.68257999999997,-16.344129599999974],[-52.68321369999995,-16.303246899999976],[-52.657966699999974,-16.28007539999993],[-52.62469269999997,-16.28680429999997],[-52.61039549999998,-16.271746699999937],[-52.58919479999997,-16.269496999999944],[-52.577682299999935,-16.24963699999995],[-52.562480799999946,-16.265151499999945],[-52.54661559999994,-16.260879299999942],[-52.56962039999996,-16.228606199999945],[-52.545271999999954,-16.22261039999995],[-52.549165899999934,-16.164995499999975],[-52.52644989999993,-16.15539389999998],[-52.52595889999998,-16.14106399999997],[-52.516074999999944,-16.133905899999945],[-52.498567399999956,-16.142139199999974],[-52.48813599999994,-16.130430899999965],[-52.46057289999993,-16.12771829999997],[-52.439540799999975,-16.110084099999938],[-52.398879299999976,-16.093342399999926],[-52.372893999999974,-16.098129899999947],[-52.361021999999934,-16.08159539999997],[-52.35667089999998,-16.130364699999973],[-52.333969999999965,-16.137427599999967],[-52.33041229999998,-16.150269899999955],[-52.316255299999966,-16.150862099999927],[-52.29475669999994,-16.17253349999993],[-52.29340829999995,-16.18944529999993],[-52.27061889999993,-16.198116999999968],[-52.27059419999995,-16.207096999999976],[-52.30643009999994,-16.248877999999934],[-52.297425299999986,-16.27243109999995],[-52.31137869999998,-16.28749209999995],[-52.301540899999964,-16.295943299999976],[-52.32019329999997,-16.302431399999932],[-52.31584359999994,-16.32208819999994],[-52.28338789999998,-16.32290329999995],[-52.27490849999998,-16.33728199999996],[-52.25734669999997,-16.344706799999926],[-52.220595999999944,-16.33913389999998],[-52.23637139999994,-16.352485199999933],[-52.23394129999997,-16.374984299999937],[-52.23807739999995,-16.385905199999968],[-52.254358399999944,-16.392692599999975],[-52.25021379999998,-16.406706199999974],[-52.265623999999946,-16.433825299999967],[-52.24560629999996,-16.452253499999927],[-52.21947449999993,-16.453207799999973],[-52.217499299999986,-16.461468999999965],[-52.19663579999997,-16.464453899999967],[-52.19947569999994,-16.479164599999933],[-52.258952799999975,-16.599161299999935],[-52.32143339999993,-16.566462299999955],[-52.327107799999965,-16.574209999999937],[-52.338959399999965,-16.544469099999958],[-52.36345269999998,-16.535035999999934],[-52.406781499999965,-16.554970899999944],[-52.41842799999995,-16.54077259999997],[-52.43118039999996,-16.545366099999967],[-52.434716899999955,-16.53575369999993],[-52.456836099999975,-16.55731439999994],[-52.47766309999997,-16.554968799999926],[-52.492286099999944,-16.56433899999996],[-52.50747219999994,-16.54072259999998],[-52.51524959999995,-16.548301299999935]]]}},{"id":"5353","type":"Feature","properties":{"COD_IBGE":"5203203","MUNICIPIO":"Barro Alto","UF":"GO"},"geometry":{"type":"Polygon","coordinates":[[[-48.99612059999998,-15.049181999999973],[-48.99839979999996,-15.031030899999962],[-49.016301099999964,-15.02848339999997],[-49.02776039999998,-15.00794419999994],[-49.046808099999964,-15.00107319999995],[-49.04291009999997,-14.976201699999933],[-49.03096879999998,-14.969316299999946],[-49.03243009999994,-14.95347479999998],[-49.02354959999997,-14.953957999999943],[-49.002610499999946,-14.92616099999998],[-48.986418999999955,-14.918323699999974],[-48.99167939999995,-14.91218699999996],[-48.97281479999998,-14.907395999999949],[-48.97715709999994,-14.88936289999998],[-48.94830829999995,-14.864913699999931],[-48.94571049999996,-14.853872399999943],[-48.91282769999998,-14.833892399999968],[-48.89384609999996,-14.78216169999996],[-48.898567999999955,-14.762164299999938],[-48.89184889999996,-14.74410389999997],[-48.91193929999997,-14.73567289999994],[-48.921200399999975,-14.710377199999982],[-48.94767619999993,-14.696833999999967],[-48.95001579999996,-14.681236999999953],[-48.90536069999996,-14.67172389999996],[-48.881011599999965,-14.680246999999952],[-48.883891999999946,-14.69035329999997],[-48.87156089999996,-14.695244399999979],[-48.83570959999997,-14.682588899999928],[-48.82630889999996,-14.68599839999996],[-48.81540439999998,-14.664232599999934],[-48.799308199999984,-14.660787399999947],[-48.78186419999997,-14.667618799999957],[-48.77350999999993,-14.644031199999972],[-48.75722739999998,-14.647239899999931],[-48.75873229999996,-14.654872599999976],[-48.73992039999996,-14.666975699999966],[-48.737963899999954,-14.677216299999941],[-48.72665509999996,-14.67564589999995],[-48.73128959999997,-14.709501599999953],[-48.71244709999996,-14.727175099999954],[-48.721717499999954,-14.754944899999941],[-48.71157419999997,-14.764802599999939],[-48.72783339999995,-14.780154699999969],[-48.722407299999986,-14.799218399999972],[-48.713023799999974,-14.803165099999944],[-48.73994659999994,-14.812580899999944],[-48.740616699999975,-14.82771669999994],[-48.750711999999965,-14.836570499999937],[-48.745007699999974,-14.84358949999995],[-48.76131209999994,-14.847683099999927],[-48.757345999999984,-14.862805899999955],[-48.770176299999946,-14.87967709999998],[-48.759487899999954,-14.890298599999937],[-48.772207599999945,-14.90767489999996],[-48.79426119999994,-14.919647999999938],[-48.79312919999995,-14.936401699999976],[-48.80716149999995,-14.95139729999994],[-48.80684099999996,-15.004928499999949],[-48.83032959999997,-15.023475399999938],[-48.83046059999998,-15.040126499999928],[-48.84000969999994,-15.04882159999994],[-48.845318299999974,-15.045042999999964],[-48.85490249999998,-15.064501699999937],[-48.85107289999996,-15.088090099999931],[-48.86750529999995,-15.097650899999962],[-48.86929889999993,-15.111586099999954],[-48.88424569999995,-15.12316089999996],[-48.88435499999997,-15.143264299999942],[-48.90775329999997,-15.166547899999955],[-48.92210099999994,-15.158885299999952],[-48.96939949999995,-15.161330799999973],[-48.975548999999944,-15.136007899999981],[-49.00145279999998,-15.136618799999951],[-49.00663559999998,-15.115453499999944],[-49.021964399999945,-15.130641699999956],[-49.04275279999996,-15.133725499999969],[-49.052322499999946,-15.146205799999962],[-49.06714309999995,-15.143175799999938],[-49.08152679999995,-15.150549199999944],[-49.071998399999984,-15.126786299999935],[-49.04673429999997,-15.111982399999931],[-49.026666999999975,-15.078408299999978],[-49.005140799999936,-15.074111399999936],[-48.99612059999998,-15.049181999999973]]]}},{"id":"5354","type":"Feature","properties":{"COD_IBGE":"5203302","MUNICIPIO":"Bela Vista de Goiás","UF":"GO"},"geometry":{"type":"Polygon","coordinates":[[[-48.960492699999975,-17.07452799999993],[-48.96254179999994,-17.086089899999934],[-48.98235329999994,-17.092387599999938],[-49.01390219999996,-17.06757669999996],[-49.03540339999995,-17.066691599999956],[-49.04256669999995,-17.05309969999996],[-49.074688299999934,-17.062348699999973],[-49.09907819999995,-17.053197099999977],[-49.081107799999984,-17.04700159999993],[-49.09294819999997,-17.036442199999954],[-49.091825599999936,-17.02586109999993],[-49.080795199999955,-17.025065599999948],[-49.08690299999995,-17.018153199999972],[-49.07800549999996,-17.01132199999995],[-49.081351799999936,-17.006190199999935],[-49.06896469999998,-17.00741979999998],[-49.07308809999995,-16.997594599999957],[-49.06468929999994,-16.996147599999972],[-49.05706849999996,-16.977506699999935],[-49.07390789999994,-16.95667119999996],[-49.09451059999998,-16.95817599999998],[-49.09629369999993,-16.94945839999997],[-49.08587339999997,-16.950193599999977],[-49.090859799999976,-16.940845599999932],[-49.10527019999995,-16.95197559999997],[-49.112899599999935,-16.948614499999962],[-49.12190849999996,-16.931154499999934],[-49.11308729999996,-16.91476369999998],[-49.12805999999995,-16.91704429999993],[-49.127741999999955,-16.905301899999927],[-49.144471599999974,-16.901886399999967],[-49.13667259999994,-16.88109849999995],[-49.15332489999997,-16.86361279999994],[-49.14526839999996,-16.849466999999947],[-49.14832679999995,-16.837872999999945],[-49.15747179999994,-16.83947009999997],[-49.15678769999994,-16.82722119999994],[-49.13444139999996,-16.827583799999957],[-49.12150459999998,-16.810019499999953],[-49.12764249999998,-16.799845799999957],[-49.10798099999994,-16.79027549999995],[-49.096162299999946,-16.773250099999927],[-49.07253929999996,-16.778614999999945],[-49.053057699999954,-16.797153599999945],[-49.067048099999965,-16.814762499999972],[-49.06576599999994,-16.82629019999996],[-49.05585479999996,-16.827407999999934],[-49.04444779999994,-16.81440319999996],[-49.01371229999995,-16.826518499999963],[-48.97398839999994,-16.791235099999938],[-48.93741909999994,-16.79439169999995],[-48.92795279999996,-16.787749599999927],[-48.88950479999994,-16.79623339999995],[-48.854052199999956,-16.75128639999997],[-48.82964019999997,-16.76620399999996],[-48.824697699999945,-16.778917999999976],[-48.837459799999976,-16.787342399999943],[-48.827386399999966,-16.797197799999935],[-48.80179569999996,-16.79678769999998],[-48.78946579999996,-16.810271499999942],[-48.78787559999995,-16.83681729999995],[-48.80464919999997,-16.915846899999963],[-48.78675469999996,-16.916251899999963],[-48.766630299999974,-16.94190839999993],[-48.78010469999998,-16.973418899999956],[-48.76619139999997,-16.992650099999935],[-48.776543999999944,-17.007130899999936],[-48.71362239999996,-17.041997899999956],[-48.70919159999994,-17.077737499999955],[-48.67917579999994,-17.102847999999938],[-48.68048029999994,-17.120509899999945],[-48.63999249999995,-17.129902499999957],[-48.63932259999996,-17.140504999999962],[-48.64871169999998,-17.148640599999965],[-48.63782029999993,-17.165197099999943],[-48.64038519999997,-17.177012899999966],[-48.64709919999996,-17.185585999999944],[-48.67460229999995,-17.16402779999993],[-48.72334109999997,-17.15853919999995],[-48.735007199999984,-17.169104499999946],[-48.76452739999996,-17.16997989999993],[-48.79443969999994,-17.19536489999996],[-48.84865839999998,-17.056112199999973],[-48.88369769999997,-17.047353999999928],[-48.90921049999997,-17.064379799999926],[-48.92354979999993,-17.059001699999953],[-48.94063539999996,-17.078398899999968],[-48.960492699999975,-17.07452799999993]]]}},{"id":"5355","type":"Feature","properties":{"COD_IBGE":"5203401","MUNICIPIO":"Bom Jardim de Goiás","UF":"GO"},"geometry":{"type":"Polygon","coordinates":[[[-51.96235789999997,-16.283102799999938],[-51.975175699999966,-16.300247399999932],[-51.988814099999956,-16.295766199999946],[-52.002961099999936,-16.312207099999966],[-52.01982799999996,-16.312487199999964],[-52.041196499999955,-16.362063599999942],[-52.09419499999996,-16.39954229999995],[-52.12025909999994,-16.42185369999993],[-52.118777199999954,-16.428016899999932],[-52.13726339999994,-16.433085699999936],[-52.140797299999974,-16.44748429999993],[-52.126327199999935,-16.472076499999957],[-52.160107299999936,-16.46905739999994],[-52.173041299999966,-16.47797509999998],[-52.17764409999995,-16.46136269999994],[-52.19564729999996,-16.464881399999967],[-52.217499299999986,-16.461468999999965],[-52.21947449999993,-16.453207799999973],[-52.24560629999996,-16.452253499999927],[-52.265623999999946,-16.433825299999967],[-52.25021379999998,-16.406706199999974],[-52.254358399999944,-16.392692599999975],[-52.23807739999995,-16.385905199999968],[-52.23394129999997,-16.374984299999937],[-52.23637139999994,-16.352485199999933],[-52.220551599999965,-16.339207099999953],[-52.25734669999997,-16.344706799999926],[-52.27490849999998,-16.33728199999996],[-52.28338789999998,-16.32290329999995],[-52.31584359999994,-16.32208819999994],[-52.32019329999997,-16.302431399999932],[-52.301540899999964,-16.295943299999976],[-52.31137869999998,-16.28749209999995],[-52.297425299999986,-16.27243109999995],[-52.30643009999994,-16.248877999999934],[-52.26965599999994,-16.20544659999996],[-52.27152529999995,-16.196518199999957],[-52.29340829999995,-16.18944529999993],[-52.30167049999994,-16.165997299999958],[-52.036174899999935,-15.915311499999973],[-51.82940629999996,-15.916959199999951],[-51.822368799999936,-15.923431499999936],[-51.84143259999996,-15.957278999999971],[-51.84664939999993,-15.952688099999932],[-51.83804279999998,-15.93991189999997],[-51.84372829999995,-15.937597299999936],[-51.86293029999996,-15.966880099999969],[-51.83288639999995,-15.985323599999958],[-51.81993309999996,-16.00988069999994],[-51.829481199999975,-16.023679999999956],[-51.815114999999935,-16.041854199999932],[-51.824377399999946,-16.04272659999998],[-51.83875949999998,-16.071489999999926],[-51.829075099999955,-16.08159029999996],[-51.85716709999997,-16.091564699999935],[-51.865702899999974,-16.08619939999994],[-51.87211149999996,-16.10543249999995],[-51.89476309999998,-16.112758999999926],[-51.90328669999997,-16.12377369999996],[-51.895718399999964,-16.137927599999955],[-51.90382319999998,-16.163485599999944],[-51.901068399999986,-16.17166839999993],[-51.883947399999954,-16.17690589999995],[-51.89139899999998,-16.19714719999996],[-51.885040499999945,-16.202575599999932],[-51.90692699999994,-16.220438799999954],[-51.90542719999996,-16.236267699999928],[-51.91688149999993,-16.237452299999973],[-51.932016799999985,-16.253576299999963],[-51.961587099999974,-16.259330099999943],[-51.96235789999997,-16.283102799999938]]]}},{"id":"5356","type":"Feature","properties":{"COD_IBGE":"5203500","MUNICIPIO":"Bom Jesus de Goiás","UF":"GO"},"geometry":{"type":"Polygon","coordinates":[[[-49.70195649999994,-18.244179499999973],[-49.753278999999964,-18.21277299999997],[-49.79976209999995,-18.23284069999994],[-49.80890069999998,-18.22709279999998],[-49.817366499999935,-18.239463499999943],[-49.86695009999994,-18.267340599999955],[-49.87766229999994,-18.289435599999933],[-49.90579219999995,-18.29857519999996],[-49.914450399999964,-18.29329359999997],[-49.91216339999994,-18.30167659999995],[-49.921488099999976,-18.309816699999942],[-49.92942289999996,-18.303348399999948],[-49.94353549999994,-18.31038419999993],[-49.937090799999964,-18.327878899999973],[-49.96497979999998,-18.33960879999995],[-49.96380519999997,-18.349171199999944],[-49.97578569999996,-18.349628999999936],[-49.978050199999984,-18.36445189999995],[-50.00948529999994,-18.372878899999932],[-50.01904629999996,-18.381962999999928],[-50.014459999999985,-18.39191539999996],[-50.025527599999975,-18.395852799999943],[-50.02991019999996,-18.38693959999995],[-50.045992799999965,-18.384640599999955],[-50.05576659999997,-18.36111879999993],[-50.07542559999996,-18.360343399999977],[-50.092166599999985,-18.334727199999975],[-50.10643539999995,-18.330775999999958],[-50.115670199999954,-18.31675439999998],[-50.09466029999993,-18.253272299999935],[-50.09753569999998,-18.24672449999997],[-50.126804799999945,-18.24205379999995],[-50.11633159999997,-18.181298699999957],[-50.13015309999997,-18.185883899999965],[-50.141600799999935,-18.202788399999974],[-50.16585489999994,-18.20106199999998],[-50.154778299999975,-18.165051499999947],[-50.17982239999998,-18.149647499999958],[-50.187928899999974,-18.13178199999993],[-50.18072999999998,-18.118225699999982],[-50.16292439999995,-18.122349499999928],[-50.14146269999998,-18.10521129999995],[-50.13398149999995,-18.11276849999996],[-50.13611479999997,-18.12342549999994],[-50.09503909999995,-18.107317399999943],[-50.09162879999997,-18.123946199999978],[-50.08339719999998,-18.127735599999937],[-50.070811499999934,-18.116200299999946],[-50.07510369999994,-18.104187899999943],[-50.068082699999934,-18.10880069999996],[-50.06668589999998,-18.102033399999982],[-50.037825699999985,-18.09312179999995],[-50.04221719999998,-18.10580249999998],[-50.00305849999995,-18.120615399999963],[-50.003198699999984,-18.101489499999957],[-49.97407049999998,-18.106118599999945],[-49.97969539999997,-18.092051999999967],[-49.95967729999995,-18.08811979999996],[-49.958821899999975,-18.07502089999997],[-49.93572029999996,-18.07311409999994],[-49.936457099999984,-18.063605999999936],[-49.92577339999997,-18.064391399999977],[-49.92730819999997,-18.05581109999997],[-49.908581099999935,-18.03473409999998],[-49.89979679999993,-18.036746599999958],[-49.900566699999956,-18.02680309999994],[-49.89319189999998,-18.033671099999935],[-49.87972759999997,-18.031663099999946],[-49.872042599999986,-18.010331399999927],[-49.86188579999998,-18.014958699999966],[-49.866206199999965,-18.006295499999965],[-49.847094399999946,-18.00024879999995],[-49.84247809999994,-18.00665989999993],[-49.83527019999997,-18.003134099999954],[-49.82988979999993,-18.022815599999944],[-49.83879439999998,-18.03508759999994],[-49.80260599999997,-18.07084219999996],[-49.78504369999996,-18.06171999999998],[-49.72240229999994,-18.09058189999996],[-49.71673509999994,-18.082688599999926],[-49.700235299999974,-18.090021399999955],[-49.695691299999964,-18.08152519999993],[-49.667553399999974,-18.074477899999977],[-49.66695039999996,-18.081187499999942],[-49.621466199999986,-18.098815899999977],[-49.583627399999955,-18.14516009999994],[-49.580421799999954,-18.155211299999962],[-49.586986499999966,-18.161771699999974],[-49.57915769999994,-18.185826899999938],[-49.542923299999984,-18.212261499999954],[-49.56494339999995,-18.224492099999964],[-49.562404999999956,-18.262967799999956],[-49.578931299999965,-18.26898799999998],[-49.568366699999956,-18.28535549999998],[-49.57890839999993,-18.281747699999983],[-49.576935799999944,-18.294160099999942],[-49.58533879999993,-18.28408109999998],[-49.59556799999996,-18.288864899999965],[-49.581064899999944,-18.302065399999947],[-49.59870019999994,-18.29240379999993],[-49.603853999999956,-18.303637599999945],[-49.64348329999996,-18.273730599999965],[-49.69994289999994,-18.26147869999994],[-49.70195649999994,-18.244179499999973]]]}},{"id":"5357","type":"Feature","properties":{"COD_IBGE":"5203559","MUNICIPIO":"Bonfinópolis","UF":"GO"},"geometry":{"type":"Polygon","coordinates":[[[-48.946851299999935,-16.605445799999927],[-48.91790439999994,-16.622885399999973],[-48.92525279999995,-16.634891899999957],[-48.949769999999944,-16.628564899999958],[-48.979718899999966,-16.65123559999995],[-49.00427799999994,-16.63580719999993],[-49.00452969999998,-16.650136699999962],[-49.01412519999997,-16.660063399999956],[-49.04400969999995,-16.63451759999998],[-49.07275529999998,-16.63738399999994],[-49.06508809999997,-16.62462729999993],[-49.07636279999997,-16.616925599999945],[-49.068874799999946,-16.598707899999965],[-49.07801889999996,-16.593485099999953],[-49.06675379999996,-16.591510699999958],[-49.056745399999954,-16.561458399999935],[-49.01598539999998,-16.53683189999998],[-49.01883369999996,-16.52123759999995],[-48.996259399999985,-16.532092099999943],[-49.00890449999997,-16.555777499999976],[-48.99271909999993,-16.57909139999998],[-48.994550199999935,-16.58823039999993],[-48.97380449999997,-16.566204899999946],[-48.964624999999955,-16.56639359999997],[-48.946851299999935,-16.605445799999927]]]}},{"id":"5358","type":"Feature","properties":{"COD_IBGE":"5203575","MUNICIPIO":"Bonópolis","UF":"GO"},"geometry":{"type":"Polygon","coordinates":[[[-49.92552189999998,-13.684974499999953],[-49.93435819999996,-13.696196899999961],[-49.95066909999997,-13.694911899999965],[-49.95532469999995,-13.706379699999957],[-49.972991699999966,-13.688846799999965],[-50.021027199999935,-13.686760899999967],[-50.03200839999994,-13.67853789999998],[-50.054738999999984,-13.705460199999948],[-50.06645159999994,-13.684503499999948],[-50.07557099999997,-13.67881019999993],[-50.08419459999993,-13.686824499999943],[-50.10466439999993,-13.657740399999966],[-50.11499599999996,-13.662317299999927],[-50.115057999999976,-13.687810299999967],[-50.13646309999996,-13.680957699999965],[-50.14550049999997,-13.647559999999942],[-50.15034959999997,-13.64383909999998],[-50.14929559999996,-13.659113399999967],[-50.189493899999945,-13.640119099999936],[-50.20095159999994,-13.655956999999944],[-50.21426829999996,-13.634878899999933],[-50.21573619999998,-13.650289499999928],[-50.233178399999986,-13.645674199999974],[-50.237270999999964,-13.654180599999961],[-50.243516899999975,-13.641973999999948],[-50.23441759999997,-13.620071699999926],[-50.24518969999997,-13.579678999999942],[-50.25987679999997,-13.568393199999946],[-50.267385299999944,-13.581400499999972],[-50.275703299999975,-13.574979699999972],[-50.259952099999964,-13.560837799999945],[-50.255586999999935,-13.545438499999932],[-50.25249519999994,-13.55594949999994],[-50.23682599999995,-13.557358299999976],[-50.22651429999996,-13.537774399999932],[-50.203129399999966,-13.53304369999995],[-50.168947799999955,-13.552524999999946],[-50.16161639999996,-13.531208999999933],[-50.14244889999998,-13.535668599999951],[-50.13809519999995,-13.522679599999947],[-50.124836399999936,-13.521642799999938],[-50.11898209999998,-13.508311299999946],[-50.08865259999993,-13.517071099999953],[-50.08313169999997,-13.512577699999952],[-50.05850299999997,-13.524738699999943],[-50.04900449999997,-13.509032699999977],[-50.037016999999935,-13.516748899999982],[-50.03527409999998,-13.500189999999975],[-50.02424649999995,-13.503313099999957],[-50.020018799999946,-13.495663699999966],[-50.010586399999966,-13.50136299999997],[-49.999460699999986,-13.486016799999959],[-49.99739979999998,-13.491193099999975],[-49.97931579999994,-13.487206899999933],[-49.97796569999997,-13.497313499999962],[-49.938333299999954,-13.491262399999982],[-49.91258719999996,-13.507124699999963],[-49.88516159999995,-13.491672999999935],[-49.87253019999997,-13.505018699999937],[-49.84895729999994,-13.495183599999962],[-49.842732299999966,-13.474143099999935],[-49.82259579999993,-13.45193999999998],[-49.81135829999994,-13.46298889999997],[-49.80027889999997,-13.46142889999993],[-49.77906809999996,-13.450283299999967],[-49.77993759999998,-13.439260099999956],[-49.773365799999965,-13.433488099999977],[-49.76800259999993,-13.43932289999998],[-49.76537639999998,-13.427852199999961],[-49.732128699999976,-13.428158199999928],[-49.705922999999984,-13.405620099999965],[-49.69709389999997,-13.408540699999946],[-49.68079339999997,-13.378175799999951],[-49.65692919999998,-13.371334999999931],[-49.64816049999996,-13.351146599999936],[-49.63833639999996,-13.370473499999946],[-49.61572399999994,-13.369335599999943],[-49.59984089999995,-13.403487599999949],[-49.60202439999995,-13.415714599999944],[-49.61957679999995,-13.432837499999948],[-49.59277229999998,-13.460061399999972],[-49.57164729999994,-13.467262199999936],[-49.568318999999974,-13.489634499999966],[-49.55176449999993,-13.49146849999994],[-49.552250699999945,-13.502488299999982],[-49.54139989999993,-13.500318199999981],[-49.53499869999996,-13.528850699999964],[-49.58760369999993,-13.562354199999959],[-49.59418459999995,-13.570175199999937],[-49.58412299999998,-13.572909099999947],[-49.58967519999993,-13.58612729999993],[-49.619239999999934,-13.599810499999933],[-49.64055399999995,-13.625429599999961],[-49.64889109999996,-13.65767169999998],[-49.663287999999966,-13.661525499999982],[-49.66396959999997,-13.671329999999955],[-49.688457599999936,-13.672822099999962],[-49.70407729999994,-13.71871219999997],[-49.71997609999994,-13.728439299999934],[-49.74554729999994,-13.716385299999956],[-49.76164979999999,-13.721761199999946],[-49.76463989999996,-13.730948499999954],[-49.77334049999996,-13.720031799999958],[-49.77654979999994,-13.728517799999963],[-49.79050159999997,-13.723678999999947],[-49.79506169999996,-13.710259399999927],[-49.80736969999998,-13.703650899999957],[-49.81816009999994,-13.707996999999978],[-49.82062119999995,-13.70161459999997],[-49.81194469999997,-13.699162599999966],[-49.825620999999956,-13.687979799999937],[-49.829577599999936,-13.694949999999949],[-49.83861049999996,-13.686069299999929],[-49.84428419999995,-13.699866699999973],[-49.85631699999993,-13.688691099999971],[-49.877035099999944,-13.696133299999929],[-49.87581039999998,-13.690597599999933],[-49.88604579999998,-13.69474189999994],[-49.90945439999996,-13.68093129999994],[-49.91873889999994,-13.691131699999971],[-49.92552189999998,-13.684974499999953]]]}},{"id":"5359","type":"Feature","properties":{"COD_IBGE":"5203609","MUNICIPIO":"Brazabrantes","UF":"GO"},"geometry":{"type":"Polygon","coordinates":[[[-49.39186509999996,-16.436169399999926],[-49.418997599999955,-16.404922299999953],[-49.429029999999955,-16.404851099999973],[-49.45448909999993,-16.38340889999995],[-49.43896959999995,-16.377777799999933],[-49.413901299999964,-16.34312669999997],[-49.37975009999997,-16.31542589999998],[-49.37984239999997,-16.306048799999928],[-49.352392899999984,-16.305290699999944],[-49.33336579999997,-16.28708809999995],[-49.34308469999996,-16.323311399999966],[-49.363247599999966,-16.334060699999952],[-49.35868069999998,-16.341706099999953],[-49.367776299999946,-16.374590099999978],[-49.362685899999974,-16.38492649999995],[-49.334176699999944,-16.388763899999958],[-49.334241599999984,-16.40605389999996],[-49.29813789999997,-16.437231899999972],[-49.32341329999997,-16.43775489999996],[-49.354498099999944,-16.455231699999956],[-49.38534329999993,-16.456281599999954],[-49.38968209999996,-16.44439239999997],[-49.396452099999976,-16.445552199999952],[-49.39186509999996,-16.436169399999926]]]}},{"id":"5360","type":"Feature","properties":{"COD_IBGE":"5203807","MUNICIPIO":"Britânia","UF":"GO"},"geometry":{"type":"Polygon","coordinates":[[[-51.069789699999944,-15.254009199999928],[-51.06377709999998,-15.28540259999994],[-51.05407739999998,-15.287003199999958],[-51.051776099999984,-15.299211199999945],[-51.042146799999955,-15.303827799999965],[-51.04749549999997,-15.311814699999957],[-51.034793399999955,-15.32347509999994],[-51.03316369999993,-15.344834599999956],[-51.00246069999997,-15.347671499999933],[-51.00041109999995,-15.365788099999975],[-50.98046889999995,-15.353092899999979],[-50.97538739999993,-15.356920499999944],[-50.964603299999965,-15.371035099999972],[-50.959339099999966,-15.423609299999953],[-50.95512579999996,-15.420781599999941],[-50.94926049999998,-15.434301199999936],[-50.937132599999984,-15.428881099999955],[-50.92479549999996,-15.441026699999952],[-50.926864499999965,-15.449304299999937],[-51.119572699999935,-15.436900799999933],[-51.11642759999995,-15.429933399999982],[-51.12800499999997,-15.431009599999982],[-51.12325149999998,-15.419358599999953],[-51.13486599999993,-15.41651319999994],[-51.14428049999998,-15.418205199999932],[-51.143972099999985,-15.433397699999944],[-51.17409639999994,-15.441198099999951],[-51.23430289999993,-15.488581599999975],[-51.25855649999994,-15.488363399999969],[-51.287494899999956,-15.470884499999954],[-51.31144919999997,-15.480605099999934],[-51.31574009999997,-15.41193949999996],[-51.301881299999934,-15.41101169999996],[-51.306769799999984,-15.323423899999966],[-51.21327059999993,-15.30802929999993],[-51.23077289999998,-15.270752199999947],[-51.27240919999997,-15.275820799999963],[-51.382133899999985,-15.243819899999949],[-51.38759169999997,-15.200972699999966],[-51.38046589999993,-15.179645199999982],[-51.40995099999998,-15.117217099999948],[-51.40544559999995,-15.078028599999982],[-51.39476819999993,-15.06982679999993],[-51.39569499999993,-15.036752099999944],[-51.35633039999993,-15.012752099999943],[-51.34159109999996,-14.994427299999927],[-51.338748599999974,-14.975101999999936],[-51.329030899999964,-14.969617299999982],[-51.304287099999954,-14.984483799999964],[-51.29504199999997,-15.030248599999936],[-51.26760869999998,-15.044412999999963],[-51.21900879999998,-15.024701599999958],[-51.19839889999997,-15.002775199999974],[-51.15704999999997,-14.985610999999949],[-51.144918099999984,-14.943410599999936],[-51.08710979999995,-14.921348699999953],[-51.09847139999994,-14.940724399999965],[-51.111879199999976,-14.944818299999952],[-51.108164099999954,-14.95089859999996],[-51.11985159999995,-14.959330999999963],[-51.115089499999954,-14.970010299999956],[-51.12387119999994,-14.989323799999966],[-51.14735419999994,-15.022175199999936],[-51.143844599999966,-15.035044199999959],[-51.14072409999994,-15.030494399999952],[-51.12580589999993,-15.038641499999926],[-51.123681999999974,-15.053260999999964],[-51.112180499999965,-15.05102009999996],[-51.11538509999997,-15.065858899999967],[-51.10905399999996,-15.072726399999965],[-51.12203619999997,-15.077072699999974],[-51.11588569999998,-15.100923199999954],[-51.12560369999994,-15.103092499999946],[-51.119726499999956,-15.107958999999937],[-51.13075369999996,-15.113973699999974],[-51.129639399999974,-15.125710499999968],[-51.13807039999995,-15.120925599999964],[-51.148962799999936,-15.127258799999936],[-51.14679959999995,-15.156595399999958],[-51.15637669999995,-15.156599999999969],[-51.15249049999994,-15.164809499999933],[-51.160188699999935,-15.164763299999947],[-51.15678809999997,-15.174236899999926],[-51.16642129999997,-15.180137499999944],[-51.161504399999956,-15.188061599999969],[-51.16970269999996,-15.199355499999967],[-51.167386299999976,-15.193815599999937],[-51.17601179999997,-15.192850699999951],[-51.17131869999997,-15.20123289999998],[-51.17781069999995,-15.203889899999979],[-51.16764859999995,-15.208687299999951],[-51.16895949999997,-15.222086799999943],[-51.16034479999996,-15.22133619999994],[-51.15164189999996,-15.206483399999968],[-51.14235999999994,-15.222199299999943],[-51.13406999999995,-15.214091899999971],[-51.123852699999986,-15.222559699999977],[-51.11444979999993,-15.217299499999967],[-51.10561349999995,-15.229362199999969],[-51.078610399999945,-15.233748999999932],[-51.06412349999994,-15.249755199999981],[-51.069789699999944,-15.254009199999928]]]}},{"id":"5361","type":"Feature","properties":{"COD_IBGE":"5203906","MUNICIPIO":"Buriti Alegre","UF":"GO"},"geometry":{"type":"Polygon","coordinates":[[[-48.98564029999994,-18.267392599999937],[-49.01151649999997,-18.207145499999967],[-49.02032639999993,-18.210711699999933],[-49.07774889999996,-18.186757899999975],[-49.093079399999965,-18.155335399999956],[-49.10171269999995,-18.106191099999933],[-49.12602149999998,-18.107789999999966],[-49.13379489999994,-18.120618499999978],[-49.156327499999975,-18.125690299999974],[-49.18439549999994,-18.168689599999936],[-49.22512399999994,-18.176394099999982],[-49.24804819999997,-18.168250799999953],[-49.24408299999993,-18.156568299999947],[-49.23227179999998,-18.15767989999995],[-49.23722909999998,-18.14880599999998],[-49.22577249999995,-18.141588599999977],[-49.22184989999994,-18.12218649999994],[-49.209727199999975,-18.11738379999997],[-49.21746749999994,-18.108456199999978],[-49.20911899999993,-18.108248699999933],[-49.20280969999993,-18.091005499999937],[-49.183768999999984,-18.07913499999995],[-49.178590499999984,-18.046403899999973],[-49.171685999999966,-18.041409699999974],[-49.17605659999998,-18.034419399999933],[-49.16454399999998,-18.02407459999995],[-49.17902589999994,-18.021982299999934],[-49.17500719999998,-17.987226499999963],[-49.15310109999996,-17.968737399999952],[-49.131894099999954,-17.983672199999944],[-49.11700859999996,-17.984300599999926],[-49.08705409999993,-17.955540699999972],[-49.07089169999995,-17.960270399999956],[-49.061847899999975,-17.948789199999965],[-49.04399149999995,-17.95919129999993],[-49.03896179999998,-17.974842899999942],[-49.02839559999995,-17.969349499999964],[-48.99895689999994,-17.988976699999967],[-48.98184379999998,-17.977851999999928],[-48.973711899999955,-17.99150629999997],[-48.95869499999998,-17.984701799999982],[-48.94846239999998,-18.01984249999998],[-48.93966739999996,-18.01370959999997],[-48.928674299999955,-18.02003579999996],[-48.93494629999998,-18.031274399999973],[-48.92739659999995,-18.04523389999997],[-48.941151099999956,-18.05336129999995],[-48.92099259999998,-18.05808449999995],[-48.92353299999996,-18.069235899999967],[-48.90884799999998,-18.081114599999978],[-48.913976599999955,-18.092171999999948],[-48.89933929999995,-18.08676739999993],[-48.893631599999935,-18.09489549999995],[-48.87343329999993,-18.086302299999943],[-48.880846099999985,-18.09681759999995],[-48.87138159999995,-18.095613999999955],[-48.87824699999993,-18.108644199999958],[-48.86512709999994,-18.126160999999968],[-48.87680339999997,-18.130079499999965],[-48.873752499999966,-18.138497899999948],[-48.85839379999993,-18.13718629999994],[-48.85656289999997,-18.14299939999995],[-48.86528579999998,-18.153741099999934],[-48.826202199999955,-18.177990199999954],[-48.837269599999956,-18.185437599999943],[-48.83481079999996,-18.191840399999933],[-48.81631969999995,-18.20046169999995],[-48.80053079999993,-18.197839899999963],[-48.811000399999955,-18.234169099999974],[-48.823184699999956,-18.241746899999953],[-48.82266789999994,-18.264504899999963],[-48.84549819999995,-18.272733199999948],[-48.847334699999976,-18.289382899999964],[-48.85928329999996,-18.299722299999928],[-48.87597019999998,-18.272935599999983],[-48.89675969999996,-18.26910849999996],[-48.90408089999994,-18.276485799999932],[-48.89610789999995,-18.291943199999935],[-48.90032329999997,-18.30478039999997],[-48.93677379999997,-18.306207599999937],[-48.959502199999974,-18.32347889999994],[-48.98366829999998,-18.291541699999982],[-48.985010999999986,-18.27650289999997],[-48.99286509999996,-18.277077899999938],[-48.98564029999994,-18.267392599999937]]]}},{"id":"5362","type":"Feature","properties":{"COD_IBGE":"5203939","MUNICIPIO":"Buriti de Goiás","UF":"GO"},"geometry":{"type":"Polygon","coordinates":[[[-50.51756469999998,-16.17592339999993],[-50.47832139999997,-16.120149699999956],[-50.439971699999944,-16.113974499999927],[-50.44195579999996,-16.10201479999995],[-50.43064459999994,-16.09224169999993],[-50.40598509999995,-16.09109099999995],[-50.39834289999993,-16.081095999999945],[-50.365282099999945,-16.074442999999974],[-50.35499619999996,-16.078221799999938],[-50.36813519999998,-16.08282369999995],[-50.37910729999993,-16.101090099999965],[-50.366784199999984,-16.13493059999996],[-50.37663319999996,-16.15421539999994],[-50.39411009999998,-16.156156299999964],[-50.38903449999998,-16.163884399999972],[-50.40098819999997,-16.18561269999998],[-50.39225619999996,-16.19725829999993],[-50.401094099999966,-16.20198849999997],[-50.404464099999984,-16.192195699999957],[-50.412540399999955,-16.194754699999976],[-50.41481109999995,-16.211808899999937],[-50.43054979999994,-16.227433299999973],[-50.43787609999998,-16.223605599999928],[-50.46498989999998,-16.23698489999998],[-50.46723319999995,-16.246472799999935],[-50.45768639999994,-16.253791499999977],[-50.46304249999997,-16.261554599999954],[-50.49469659999994,-16.248983599999974],[-50.505570499999976,-16.22836079999996],[-50.531242599999985,-16.236930899999948],[-50.55846999999994,-16.200044099999957],[-50.53952259999994,-16.17557329999994],[-50.51756469999998,-16.17592339999993]]]}},{"id":"5363","type":"Feature","properties":{"COD_IBGE":"5203962","MUNICIPIO":"Buritinópolis","UF":"GO"},"geometry":{"type":"Polygon","coordinates":[[[-46.281775299999936,-14.372105999999974],[-46.243858899999964,-14.343245699999954],[-46.21878829999997,-14.311961599999961],[-46.19565739999996,-14.302106199999969],[-46.18096509999998,-14.304668399999969],[-46.202620499999966,-14.38989209999994],[-46.200255599999934,-14.403763099999935],[-46.169944699999974,-14.437417599999947],[-46.20061649999997,-14.454562199999941],[-46.22160719999994,-14.450578599999972],[-46.225843199999986,-14.439048399999933],[-46.252981499999976,-14.444663599999956],[-46.27554349999997,-14.432871299999931],[-46.33393099999995,-14.453275499999961],[-46.36111519999997,-14.440584999999942],[-46.382011199999965,-14.445526799999982],[-46.38980779999997,-14.457266699999934],[-46.38595509999993,-14.472963099999959],[-46.41213289999996,-14.487990299999979],[-46.420706199999984,-14.482106399999964],[-46.42915689999995,-14.492747299999962],[-46.43401189999997,-14.483656799999949],[-46.457833799999946,-14.478411599999959],[-46.43750979999993,-14.457008599999938],[-46.43262649999997,-14.423228599999959],[-46.425626299999976,-14.426808999999935],[-46.41341959999994,-14.410084599999948],[-46.408099799999945,-14.41421239999994],[-46.39527179999993,-14.402822399999934],[-46.36745159999998,-14.39893909999995],[-46.36399959999994,-14.382284999999968],[-46.34806119999996,-14.37247119999995],[-46.281775299999936,-14.372105999999974]]]}},{"id":"5364","type":"Feature","properties":{"COD_IBGE":"5204003","MUNICIPIO":"Cabeceiras","UF":"GO"},"geometry":{"type":"Polygon","coordinates":[[[-46.81140629999993,-15.88582729999996],[-47.05293429999995,-15.936467999999934],[-47.08864449999993,-15.961129299999982],[-47.12601579999995,-15.944443399999955],[-47.13517399999995,-15.949243999999965],[-47.13647359999993,-15.921642599999927],[-47.124858899999936,-15.92068999999998],[-47.11534419999998,-15.89943349999993],[-47.11250759999996,-15.876415299999962],[-47.11942309999995,-15.867083099999945],[-47.11104459999996,-15.863372099999935],[-47.113282599999934,-15.85274329999993],[-47.11695739999993,-15.85729509999993],[-47.123674499999936,-15.85046879999993],[-47.120648399999936,-15.808686399999942],[-47.10242279999994,-15.73965549999997],[-47.114990199999966,-15.73098269999997],[-47.13014689999994,-15.670862299999953],[-47.16138029999996,-15.650379099999952],[-47.18126579999995,-15.600788099999932],[-47.13086109999995,-15.588413999999943],[-47.10304499999995,-15.558696999999938],[-47.07123009999998,-15.555455399999971],[-47.046865999999966,-15.53604729999995],[-47.019631499999946,-15.545894099999941],[-47.013570699999946,-15.62796579999997],[-46.99761739999997,-15.653979299999946],[-46.97600129999995,-15.649457999999981],[-46.97160619999994,-15.663336699999945],[-46.96425369999997,-15.656853799999965],[-46.95964419999996,-15.664018899999974],[-46.94414649999993,-15.645153299999947],[-46.933964799999956,-15.651261099999942],[-46.914284899999984,-15.624079399999971],[-46.88836969999994,-15.617011199999979],[-46.88545879999998,-15.60957389999993],[-46.85488349999997,-15.618300499999975],[-46.85570269999994,-15.683124499999963],[-46.84245329999993,-15.714670999999953],[-46.82714749999997,-15.729971199999966],[-46.82747019999994,-15.751249199999961],[-46.81314899999995,-15.787204299999928],[-46.82450789999996,-15.812326199999973],[-46.805501799999945,-15.859394799999961],[-46.81140629999993,-15.88582729999996]]]}},{"id":"5365","type":"Feature","properties":{"COD_IBGE":"5204102","MUNICIPIO":"Cachoeira Alta","UF":"GO"},"geometry":{"type":"Polygon","coordinates":[[[-50.98257199999995,-18.77520069999997],[-51.00632759999996,-18.717362899999955],[-51.057933799999944,-18.64260939999997],[-51.081078599999955,-18.626873199999977],[-51.07908429999998,-18.608428199999935],[-51.103711199999964,-18.584161199999983],[-51.11182269999995,-18.563479099999938],[-51.14291799999995,-18.54430149999996],[-51.151237099999946,-18.52215469999993],[-51.17052279999996,-18.507753599999944],[-51.17054959999996,-18.490337499999953],[-51.18723879999993,-18.487024299999973],[-51.21122409999998,-18.450744199999974],[-51.20674679999996,-18.43768099999994],[-51.215498199999956,-18.430272899999977],[-51.20586139999995,-18.417020999999977],[-51.22356689999998,-18.40889619999996],[-51.22224909999994,-18.371029999999962],[-51.237861399999986,-18.370229499999937],[-51.23820989999996,-18.35691369999995],[-51.216733999999974,-18.328092999999967],[-51.20258289999998,-18.318729899999937],[-51.197974199999976,-18.32439489999996],[-51.18023629999993,-18.296339699999976],[-51.14599359999994,-18.300434399999972],[-51.128372799999966,-18.32732519999996],[-51.10003539999997,-18.346164099999953],[-51.051647799999955,-18.324063899999942],[-51.013574699999936,-18.332557899999927],[-50.985973799999954,-18.325562399999967],[-50.97749349999998,-18.316072899999938],[-50.986134799999945,-18.291096599999946],[-50.97757859999996,-18.27972429999994],[-50.96468649999997,-18.298534399999937],[-50.938514699999985,-18.31463489999993],[-50.886418599999956,-18.319824299999937],[-50.85375529999993,-18.298944999999947],[-50.84641159999995,-18.33350759999996],[-50.831418499999984,-18.351562399999978],[-50.823481399999935,-18.350959699999976],[-50.82456419999994,-18.359715199999982],[-50.809632799999974,-18.357160499999964],[-50.77278419999993,-18.37475889999996],[-50.774003499999935,-18.38519139999994],[-50.76304229999994,-18.390233399999943],[-50.75612669999998,-18.406393999999977],[-50.75323119999996,-18.418503699999974],[-50.77734009999995,-18.425750599999958],[-50.79064299999993,-18.42057209999996],[-50.80707419999993,-18.434119299999963],[-50.85896309999998,-18.453308499999935],[-50.89181309999998,-18.448076699999945],[-50.90310539999996,-18.48158509999996],[-50.96595839999998,-18.51340369999997],[-50.96073719999998,-18.530772599999978],[-50.92450749999995,-18.562143599999956],[-50.902805099999966,-18.568681099999935],[-50.871514899999966,-18.593264699999963],[-50.86387099999996,-18.603902199999936],[-50.867717899999946,-18.61725089999993],[-50.865773899999965,-18.621820899999932],[-50.85749759999993,-18.62006969999993],[-50.82657509999996,-18.64816339999993],[-50.791065199999935,-18.644853999999953],[-50.78379879999994,-18.65345609999997],[-50.839624699999945,-18.744962999999927],[-50.818366899999944,-18.869450599999936],[-50.83103149999994,-18.88337439999998],[-50.83202249999994,-18.91317319999996],[-50.84228849999994,-18.91208469999998],[-50.85038539999994,-18.92280649999998],[-50.86895919999995,-18.912087499999927],[-50.87507469999997,-18.895582499999932],[-50.88793489999995,-18.899123799999927],[-50.90016459999998,-18.88475479999994],[-50.91092599999996,-18.88145339999994],[-50.91753689999996,-18.88955569999996],[-50.93837529999996,-18.878605499999935],[-50.94426919999995,-18.849099299999978],[-50.938820299999975,-18.841111699999942],[-50.985117799999955,-18.792687599999965],[-50.98257199999995,-18.77520069999997]]]}},{"id":"5366","type":"Feature","properties":{"COD_IBGE":"5204201","MUNICIPIO":"Cachoeira de Goiás","UF":"GO"},"geometry":{"type":"Polygon","coordinates":[[[-50.708138099999985,-16.80839549999996],[-50.73504409999998,-16.805865899999958],[-50.797919899999954,-16.82133129999994],[-50.790372099999956,-16.793372499999975],[-50.80626769999998,-16.753818199999955],[-50.80256559999998,-16.737739199999965],[-50.81862879999994,-16.722026899999946],[-50.806115999999975,-16.687454899999977],[-50.78250269999995,-16.693205399999954],[-50.76737899999995,-16.68172009999995],[-50.730849999999975,-16.58615119999996],[-50.717232199999955,-16.59365159999993],[-50.71693019999998,-16.60587069999997],[-50.69988579999995,-16.62097239999997],[-50.65877039999998,-16.610964399999943],[-50.649906999999985,-16.62161439999994],[-50.608968499999946,-16.633173899999974],[-50.60633359999997,-16.675999899999965],[-50.58363039999995,-16.702827699999943],[-50.58282159999993,-16.71113349999996],[-50.60639409999993,-16.72603369999996],[-50.61380639999993,-16.780437399999983],[-50.64730689999993,-16.801411899999948],[-50.63183729999997,-16.808410799999933],[-50.637899199999936,-16.833586899999943],[-50.654607399999975,-16.839014299999974],[-50.708138099999985,-16.80839549999996]]]}},{"id":"5367","type":"Feature","properties":{"COD_IBGE":"5204250","MUNICIPIO":"Cachoeira Dourada","UF":"GO"},"geometry":{"type":"Polygon","coordinates":[[[-49.48696479999995,-18.505200499999944],[-49.49916939999997,-18.491203799999937],[-49.53530639999997,-18.49180709999996],[-49.54646719999994,-18.50112789999997],[-49.54203299999995,-18.529723799999942],[-49.552377699999965,-18.544116499999973],[-49.60428749999994,-18.546430999999927],[-49.64678319999996,-18.557730799999945],[-49.65365029999998,-18.570569999999975],[-49.63503769999994,-18.592101799999966],[-49.64269699999994,-18.601334599999973],[-49.68205439999997,-18.58884749999993],[-49.705584399999964,-18.59540439999995],[-49.73282629999994,-18.616022999999927],[-49.75770309999996,-18.60970939999993],[-49.75432609999996,-18.587914999999953],[-49.74043759999995,-18.585541699999965],[-49.74489619999997,-18.565724099999954],[-49.760101299999974,-18.55721559999995],[-49.76342379999994,-18.535299099999975],[-49.75491069999998,-18.523284899999965],[-49.755352699999946,-18.503603599999963],[-49.77187289999995,-18.49767769999994],[-49.77007109999994,-18.466389299999946],[-49.77934359999995,-18.44715649999995],[-49.75844999999998,-18.424482299999966],[-49.760306199999945,-18.399703299999942],[-49.74108439999998,-18.346177499999953],[-49.70688689999997,-18.414747899999952],[-49.62705599999998,-18.452638099999945],[-49.60957909999996,-18.438605499999937],[-49.604475899999954,-18.44895859999997],[-49.59772699999996,-18.44008189999994],[-49.58626859999998,-18.444702099999972],[-49.58041899999995,-18.435962099999927],[-49.57150509999997,-18.437319799999955],[-49.563376699999935,-18.42190919999996],[-49.547046999999964,-18.426355399999977],[-49.53181609999996,-18.410900399999946],[-49.506669699999975,-18.40643149999994],[-49.42126049999996,-18.446681999999953],[-49.42425659999998,-18.52844609999994],[-49.44445349999995,-18.54304879999995],[-49.46663209999997,-18.541403699999933],[-49.486188399999946,-18.532267599999955],[-49.48696479999995,-18.505200499999944]]]}},{"id":"5368","type":"Feature","properties":{"COD_IBGE":"5204300","MUNICIPIO":"Caçu","UF":"GO"},"geometry":{"type":"Polygon","coordinates":[[[-51.22873279999993,-18.743070599999953],[-51.26704499999994,-18.728917799999977],[-51.320402899999976,-18.67406879999993],[-51.333014599999956,-18.679011499999945],[-51.331101899999965,-18.667824499999938],[-51.35072089999994,-18.653173299999935],[-51.35540539999994,-18.63590839999995],[-51.370182599999964,-18.643137699999954],[-51.387012599999935,-18.620994399999972],[-51.39803749999999,-18.62466429999995],[-51.40480439999993,-18.612860999999953],[-51.41151989999997,-18.620228999999938],[-51.42086219999993,-18.61037589999995],[-51.43428479999994,-18.61128969999993],[-51.43833459999996,-18.604373899999928],[-51.43195099999997,-18.59550269999994],[-51.507169799999986,-18.564593999999943],[-51.50614969999998,-18.55159699999996],[-51.52978479999996,-18.53836179999996],[-51.52120049999996,-18.52159649999993],[-51.50503539999994,-18.51310559999996],[-51.50289849999996,-18.494856399999946],[-51.38233349999996,-18.361598499999957],[-51.38385109999996,-18.32120489999994],[-51.36639229999997,-18.280560099999946],[-51.33674019999995,-18.298933499999976],[-51.301243099999965,-18.30392459999996],[-51.28269769999997,-18.323233999999957],[-51.271378099999936,-18.316353799999945],[-51.27120069999995,-18.335805299999947],[-51.26053429999996,-18.332161199999973],[-51.253083999999944,-18.353929199999982],[-51.23820989999996,-18.35691369999995],[-51.237050299999964,-18.37081399999994],[-51.223476199999936,-18.368887299999926],[-51.22376179999998,-18.408526499999937],[-51.20586139999995,-18.417020999999977],[-51.21556149999998,-18.430838299999948],[-51.20674679999996,-18.43768099999994],[-51.208872499999984,-18.455366699999956],[-51.18723879999993,-18.487024299999973],[-51.17054959999996,-18.490337499999953],[-51.17052279999996,-18.507753599999944],[-51.151237099999946,-18.52215469999993],[-51.14291799999995,-18.54430149999996],[-51.11182269999995,-18.563479099999938],[-51.103711199999964,-18.584161199999983],[-51.07908429999998,-18.608428199999935],[-51.081078599999955,-18.626873199999977],[-51.057933799999944,-18.64260939999997],[-51.00632759999996,-18.717362899999955],[-51.00379529999998,-18.732497299999977],[-50.99031929999995,-18.74440539999995],[-50.98557189999997,-18.791935999999964],[-50.938820299999975,-18.841111699999942],[-50.94426919999995,-18.849099299999978],[-50.93837529999996,-18.878605499999935],[-50.91753689999996,-18.88955569999996],[-50.91092599999996,-18.88145339999994],[-50.90016459999998,-18.88475479999994],[-50.88793489999995,-18.899123799999927],[-50.87507469999997,-18.895582499999932],[-50.86895919999995,-18.912087499999927],[-50.85038539999994,-18.92280649999998],[-50.83935719999994,-18.911969299999953],[-50.814823299999944,-18.940879999999936],[-50.787079699999936,-18.940153799999962],[-50.76684019999993,-18.96459219999997],[-50.73848399999997,-18.971680299999946],[-50.702621299999976,-19.005519499999934],[-50.68638149999998,-19.008685299999968],[-50.67764889999995,-19.019461599999943],[-50.68067989999997,-19.03280609999996],[-50.66393939999995,-19.047636499999953],[-50.670381099999986,-19.061841899999934],[-50.66491449999995,-19.07820499999997],[-50.650262699999985,-19.08122599999996],[-50.65514909999996,-19.107446799999934],[-50.64020839999995,-19.121635699999956],[-50.64567819999996,-19.134783099999936],[-50.67686669999995,-19.137985799999967],[-50.67175699999996,-19.16271329999995],[-50.67796169999997,-19.173069699999928],[-50.73306739999998,-19.18702989999997],[-50.726386299999945,-19.163038299999982],[-50.73711009999994,-19.160472699999957],[-50.75035249999996,-19.14119969999996],[-50.76286829999998,-19.14968989999994],[-50.769302599999946,-19.14490139999998],[-50.765101399999935,-19.12185949999997],[-50.777847399999985,-19.125306199999955],[-50.78567359999994,-19.09247979999998],[-50.81762179999998,-19.072528499999976],[-50.84827969999998,-19.067412899999965],[-50.86711879999996,-19.04448009999993],[-50.887788299999954,-19.055930699999976],[-50.89486939999995,-19.05010589999995],[-50.875832799999955,-19.04364329999993],[-50.87991949999997,-19.029440299999976],[-50.88963529999995,-19.025449899999956],[-50.90291119999995,-19.033730299999945],[-50.91275509999997,-19.01994179999997],[-50.929310499999985,-19.017677099999958],[-50.92145809999994,-18.998335899999972],[-50.94026299999996,-19.005547999999976],[-50.93517889999998,-18.977023799999927],[-50.96126949999996,-18.973730899999964],[-50.964373199999955,-18.946822399999974],[-50.99068289999997,-18.906183099999964],[-51.00693629999995,-18.90845969999998],[-51.01987329999997,-18.897545299999933],[-51.03988309999994,-18.90596709999994],[-51.044276999999965,-18.887333699999942],[-51.07607379999996,-18.87074119999994],[-51.083899299999985,-18.877674699999943],[-51.094326499999966,-18.869101199999932],[-51.122533199999964,-18.874540799999977],[-51.120339299999955,-18.85619689999993],[-51.14341459999997,-18.83549759999994],[-51.15561299999996,-18.809905699999945],[-51.16357319999997,-18.817929599999957],[-51.17421879999995,-18.80847929999993],[-51.184204299999976,-18.81042969999993],[-51.18114379999997,-18.78575189999998],[-51.21099009999995,-18.783704299999954],[-51.22873279999993,-18.743070599999953]]]}},{"id":"5369","type":"Feature","properties":{"COD_IBGE":"5204409","MUNICIPIO":"Caiapônia","UF":"GO"},"geometry":{"type":"Polygon","coordinates":[[[-51.76798619999994,-16.601443899999936],[-51.748942699999986,-16.60044629999993],[-51.743389699999966,-16.62154709999993],[-51.70754759999994,-16.64346949999998],[-51.68943749999994,-16.63342419999998],[-51.67446789999997,-16.636536899999953],[-51.66938139999996,-16.59973659999997],[-51.63398829999994,-16.59440349999994],[-51.595302999999944,-16.60450069999996],[-51.58128019999998,-16.632563499999947],[-51.57682229999995,-16.662566699999957],[-51.605733499999985,-16.66914049999997],[-51.606199799999956,-16.681713899999977],[-51.61615349999994,-16.68506789999998],[-51.59843299999994,-16.70259169999997],[-51.599688699999945,-16.722873899999968],[-51.588294099999985,-16.74031259999998],[-51.601536599999974,-16.756220999999982],[-51.63270529999994,-16.757324899999958],[-51.63451689999994,-16.772133399999973],[-51.66049899999996,-16.796923999999933],[-51.65452069999998,-16.82111599999996],[-51.66246629999995,-16.822392799999932],[-51.67100979999998,-16.841931899999963],[-51.65700819999995,-16.866599599999972],[-51.65843709999996,-16.897106599999972],[-51.650715799999944,-16.89897099999996],[-51.65915849999993,-16.92183339999997],[-51.63392019999998,-16.925593299999946],[-51.611244599999964,-16.888305699999933],[-51.57659369999993,-16.87480329999994],[-51.54894929999995,-16.89442809999997],[-51.53906399999994,-16.88650279999996],[-51.52872009999999,-16.89297279999994],[-51.50338919999996,-16.884782799999982],[-51.483614099999954,-16.88928459999994],[-51.48056279999997,-16.879050099999972],[-51.46316429999996,-16.87541649999997],[-51.45517539999997,-16.863684099999944],[-51.417749699999945,-16.855274299999962],[-51.41756809999998,-16.82778019999995],[-51.407178199999976,-16.822243499999956],[-51.38424799999996,-16.815931099999943],[-51.36449859999993,-16.827592799999934],[-51.35011429999997,-16.80208669999996],[-51.32273669999995,-16.803456899999958],[-51.32035019999995,-16.79383059999998],[-51.298581799999965,-16.783389799999952],[-51.257303699999966,-16.783004799999958],[-51.235947299999964,-16.739180699999963],[-51.221894599999985,-16.72949109999996],[-51.216154899999935,-16.736170499999957],[-51.22786119999995,-16.759678599999972],[-51.224738799999955,-16.814860799999963],[-51.208150399999965,-16.809306799999945],[-51.19745089999998,-16.839169199999958],[-51.178719899999976,-16.84305699999993],[-51.17034799999993,-16.86682209999998],[-51.15380289999996,-16.86684749999995],[-51.15022709999994,-16.892458499999975],[-51.10588169999994,-16.894888899999955],[-51.078517799999986,-16.92929239999995],[-51.080177599999956,-16.94113049999993],[-51.055694399999936,-16.954561399999932],[-51.06496729999998,-16.964724299999943],[-51.074654599999974,-16.959841299999937],[-51.10780059999996,-16.969137299999943],[-51.09044189999997,-16.992484399999967],[-51.08673969999995,-17.01586539999994],[-51.09818869999998,-17.032906099999934],[-51.09804349999996,-17.059824799999944],[-51.11768809999995,-17.069657099999972],[-51.117208199999936,-17.08285799999993],[-51.14113009999994,-17.086928499999942],[-51.134020299999975,-17.112611199999947],[-51.15373699999998,-17.12428499999993],[-51.23569279999998,-17.13245829999994],[-51.240478199999984,-17.14593229999997],[-51.272506799999974,-17.16149329999996],[-51.264736899999946,-17.181922999999927],[-51.27042759999995,-17.192955799999936],[-51.292723499999965,-17.184428599999933],[-51.29136049999994,-17.211730399999965],[-51.28188179999995,-17.219799399999943],[-51.295869599999946,-17.22349319999995],[-51.29855199999997,-17.243648599999972],[-51.313080499999955,-17.246618199999943],[-51.32370059999994,-17.269929899999966],[-51.33852489999998,-17.26896839999995],[-51.34490269999998,-17.278408199999944],[-51.34919759999997,-17.27420529999995],[-51.38682449999993,-17.28950139999995],[-51.43126529999995,-17.339285399999937],[-51.476153299999964,-17.346625899999935],[-51.513668199999984,-17.333194599999956],[-51.526580499999966,-17.350029699999936],[-51.54751679999998,-17.32400339999998],[-51.69608379999994,-17.26764339999994],[-51.71218509999994,-17.27868209999997],[-51.75841499999996,-17.284722399999964],[-51.779259699999955,-17.318708799999968],[-51.81308139999993,-17.31298069999997],[-51.84608949999995,-17.29610789999998],[-51.847869799999955,-17.323045499999978],[-51.863824499999964,-17.334104399999944],[-51.874977599999966,-17.331849399999953],[-51.88235449999996,-17.37107249999997],[-51.89392359999994,-17.362242699999967],[-51.95490609999996,-17.358291299999962],[-51.961024899999984,-17.390377299999955],[-51.94817429999995,-17.40194249999996],[-51.96032369999995,-17.431686999999954],[-51.995812599999965,-17.488372699999957],[-52.02845169999995,-17.49053159999994],[-52.03442739999997,-17.47565839999993],[-52.044656299999986,-17.47582099999994],[-52.03791929999994,-17.468425999999965],[-52.042121099999974,-17.46167719999994],[-52.06492769999994,-17.471330799999976],[-52.07050849999996,-17.467281899999932],[-52.07045919999996,-17.45143589999998],[-52.06313439999997,-17.45010489999993],[-52.070365899999956,-17.436825399999975],[-52.098580899999945,-17.43198339999998],[-52.09414359999994,-17.424122299999965],[-52.10861879999993,-17.388490099999956],[-52.105093099999976,-17.381653899999947],[-52.14593609999997,-17.35578879999997],[-52.15832789999996,-17.31493269999993],[-52.17452509999998,-17.306938599999967],[-52.20598219999994,-17.321130099999948],[-52.24593269999997,-17.316349799999955],[-52.262850199999946,-17.327372399999945],[-52.29464199999995,-17.30114519999995],[-52.33733829999994,-17.293112599999972],[-52.349915399999986,-17.30287069999997],[-52.375838399999964,-17.28018609999998],[-52.37794789999998,-17.26803659999996],[-52.39257279999998,-17.257632299999955],[-52.406128199999955,-17.261023499999965],[-52.39102789999998,-17.221321599999953],[-52.396981799999935,-17.204108799999972],[-52.41300049999995,-17.193251999999973],[-52.40618349999994,-17.18402969999994],[-52.417767899999944,-17.172023399999944],[-52.40970459999994,-17.172914099999957],[-52.40356339999994,-17.150636799999972],[-52.384290599999986,-17.134786599999927],[-52.401613399999974,-17.11677629999997],[-52.39584759999997,-17.11581469999993],[-52.40225639999994,-17.104252799999927],[-52.395223499999986,-17.091578999999967],[-52.409589299999936,-17.08461269999998],[-52.40422199999995,-17.070313399999975],[-52.41274079999994,-17.049098999999956],[-52.42278479999993,-17.044806499999936],[-52.41147449999994,-17.033541999999954],[-52.41465479999994,-17.020596599999976],[-52.43174789999995,-17.00888509999993],[-52.42372599999993,-16.98688599999997],[-52.42948039999993,-16.984653599999945],[-52.41565529999997,-16.98220809999998],[-52.41315799999995,-16.974350899999934],[-52.42062569999996,-16.94468429999995],[-52.40811649999995,-16.943219299999953],[-52.41096449999998,-16.93300299999993],[-52.40504669999996,-16.931243499999937],[-52.41701489999997,-16.92929399999997],[-52.410120699999936,-16.92448939999997],[-52.414714699999934,-16.917514599999947],[-52.40922189999998,-16.908797499999935],[-52.40378529999998,-16.925463999999977],[-52.38794189999993,-16.93138259999995],[-52.383045899999956,-16.94831259999995],[-52.299226499999975,-16.932411899999977],[-52.29055539999996,-16.908520099999976],[-52.279441599999984,-16.900862399999937],[-52.27488759999994,-16.878449199999977],[-52.259201099999984,-16.867922999999962],[-52.25349319999998,-16.830263699999932],[-52.22900579999998,-16.814877399999943],[-52.221785899999986,-16.819062499999973],[-52.209467899999936,-16.80633339999997],[-52.16795229999997,-16.80267189999995],[-52.17891709999998,-16.774193099999934],[-52.15115059999994,-16.765875799999947],[-52.15720399999998,-16.75607279999997],[-52.14131679999997,-16.753463799999963],[-52.14821169999993,-16.740187099999957],[-52.13601339999997,-16.73716639999998],[-52.14635189999996,-16.72927939999994],[-52.13209669999998,-16.723266499999966],[-52.13091919999994,-16.71445989999995],[-52.13884379999996,-16.71004879999998],[-52.12786859999994,-16.70834039999994],[-52.14599869999995,-16.673452699999928],[-52.14002029999995,-16.660903299999973],[-52.147176799999954,-16.650851199999977],[-52.130039599999975,-16.644600599999933],[-52.13281719999998,-16.636420699999974],[-52.14114689999997,-16.641461099999958],[-52.14604559999998,-16.634270999999956],[-52.14011579999993,-16.621468799999946],[-52.171594599999935,-16.619464499999935],[-52.19191779999994,-16.594546099999945],[-52.207388899999955,-16.597381799999937],[-52.22174729999995,-16.578484899999978],[-52.24558669999993,-16.577135599999963],[-52.19663579999997,-16.464453899999967],[-52.17668059999994,-16.461839399999974],[-52.173041299999966,-16.47797509999998],[-52.160107299999936,-16.46905739999994],[-52.11536599999994,-16.472162399999945],[-52.11048679999993,-16.478261499999974],[-52.09423409999994,-16.47315029999993],[-52.052309399999956,-16.49014029999995],[-52.046230399999956,-16.545555899999954],[-52.024337499999945,-16.54643139999996],[-52.01445609999996,-16.569069199999944],[-52.004490499999974,-16.56599209999996],[-51.99605489999993,-16.581975599999964],[-52.00143239999994,-16.59292819999996],[-51.98630069999996,-16.60409409999994],[-51.97495509999993,-16.62773629999998],[-51.96105719999997,-16.624691199999972],[-51.91767329999993,-16.65004609999994],[-51.89949739999997,-16.63415599999996],[-51.867038399999956,-16.658580599999937],[-51.76798619999994,-16.601443899999936]]]}},{"id":"5370","type":"Feature","properties":{"COD_IBGE":"5204508","MUNICIPIO":"Caldas Novas","UF":"GO"},"geometry":{"type":"Polygon","coordinates":[[[-48.703039599999954,-17.863536099999976],[-48.73295929999995,-17.831987999999967],[-48.733815799999945,-17.815179599999965],[-48.74822229999995,-17.795314099999928],[-48.73846999999995,-17.75088519999997],[-48.779104899999936,-17.71545649999996],[-48.81408939999994,-17.725441599999954],[-48.83843109999998,-17.721270799999957],[-48.84849799999995,-17.680224799999962],[-48.859068599999944,-17.671811099999957],[-48.86669729999994,-17.67491179999996],[-48.87107109999994,-17.665398399999958],[-48.88395299999996,-17.66619099999997],[-48.891444099999944,-17.634340599999973],[-48.91239019999995,-17.62602329999993],[-48.91369929999996,-17.610594499999934],[-48.92586449999993,-17.606878199999983],[-48.92754789999998,-17.59322359999993],[-48.920711799999935,-17.589128999999957],[-48.92708779999998,-17.56612279999996],[-48.91982269999994,-17.566419399999972],[-48.91247729999998,-17.55589559999993],[-48.91584209999996,-17.54698099999996],[-48.903171199999974,-17.54524559999993],[-48.90704509999995,-17.53753889999996],[-48.89692949999994,-17.531592299999943],[-48.85582479999994,-17.560130399999935],[-48.801733799999965,-17.57366769999993],[-48.75970069999994,-17.57083599999993],[-48.72806259999993,-17.534485899999936],[-48.70789499999995,-17.540416599999958],[-48.69931129999998,-17.533509599999945],[-48.700926899999956,-17.49429349999997],[-48.61582019999997,-17.475013799999942],[-48.59926749999994,-17.483557099999928],[-48.58257699999996,-17.47585289999995],[-48.522862499999974,-17.479453599999943],[-48.50011239999998,-17.494794799999966],[-48.51081549999998,-17.50042049999996],[-48.50662579999994,-17.515478299999927],[-48.51801999999998,-17.51522149999994],[-48.50426299999998,-17.522991099999956],[-48.49773419999997,-17.55083979999995],[-48.51070699999997,-17.568842699999948],[-48.49583699999994,-17.574635299999954],[-48.48570569999998,-17.59167709999997],[-48.46762279999996,-17.589362199999982],[-48.45716569999996,-17.617682599999966],[-48.47767299999998,-17.621895699999982],[-48.47637069999996,-17.63066079999993],[-48.451369099999965,-17.631657299999972],[-48.47239109999998,-17.658046699999943],[-48.453747599999986,-17.685728299999937],[-48.45872869999994,-17.700931499999967],[-48.46736489999995,-17.701950299999964],[-48.46083859999993,-17.713547799999958],[-48.49876219999993,-17.714824299999975],[-48.49897649999997,-17.74029479999996],[-48.520920899999965,-17.754332099999942],[-48.51283739999997,-17.764006499999937],[-48.52327849999995,-17.76506809999995],[-48.51077649999996,-17.786082299999975],[-48.54470319999996,-17.793963299999973],[-48.54527429999996,-17.809094399999935],[-48.55961679999996,-17.81725899999998],[-48.53433559999996,-17.83729119999998],[-48.53324749999996,-17.846184499999936],[-48.51280559999998,-17.85091259999996],[-48.51531199999994,-17.87697869999994],[-48.50661979999995,-17.900600999999938],[-48.510954899999945,-17.915313599999934],[-48.52633419999995,-17.923974399999963],[-48.51859579999996,-17.93204359999993],[-48.519096599999955,-17.981857599999955],[-48.544527899999935,-17.993484799999976],[-48.54026609999994,-18.011158699999953],[-48.54677979999997,-18.02149469999995],[-48.537821399999984,-18.03274629999993],[-48.55804729999994,-18.05084279999994],[-48.57745239999997,-18.05954829999996],[-48.58864339999997,-18.055970699999932],[-48.60395429999994,-18.067315399999927],[-48.615872499999966,-18.06669919999996],[-48.62120249999998,-18.057244399999945],[-48.63864689999997,-18.062864099999956],[-48.62664929999994,-18.04251849999997],[-48.63127289999994,-18.033135699999946],[-48.622352699999965,-18.03045099999997],[-48.63182299999994,-18.013405199999966],[-48.624180999999965,-18.01562999999993],[-48.619305699999984,-18.007035599999938],[-48.634250099999974,-17.946025799999973],[-48.68752699999993,-17.888429299999927],[-48.685571299999935,-17.870827799999972],[-48.703039599999954,-17.863536099999976]]]}},{"id":"5371","type":"Feature","properties":{"COD_IBGE":"5204557","MUNICIPIO":"Caldazinha","UF":"GO"},"geometry":{"type":"Polygon","coordinates":[[[-49.05585479999996,-16.827407999999934],[-49.067048099999965,-16.814762499999972],[-49.053057699999954,-16.797153599999945],[-49.064313399999946,-16.791390999999976],[-49.056858199999965,-16.755894299999966],[-49.06881469999996,-16.742308699999967],[-49.054395899999975,-16.73209909999997],[-49.052483999999936,-16.713315199999954],[-49.022860899999955,-16.683095299999934],[-49.01231649999994,-16.66006939999994],[-48.97538659999998,-16.69291949999996],[-48.920030699999984,-16.69236449999994],[-48.87641439999993,-16.639353099999937],[-48.85844049999997,-16.630949999999928],[-48.84907979999997,-16.635322499999972],[-48.85290859999998,-16.65806759999998],[-48.87215649999996,-16.65679119999993],[-48.90446209999993,-16.714346699999965],[-48.91589329999994,-16.719915899999933],[-48.91344209999994,-16.732861199999945],[-48.890343299999984,-16.73438969999995],[-48.86396979999995,-16.757704099999955],[-48.88950479999994,-16.79623339999995],[-48.92795279999996,-16.787749599999927],[-48.93741909999994,-16.79439169999995],[-48.97398839999994,-16.791235099999938],[-49.01350209999998,-16.826471199999958],[-49.04444779999994,-16.81440319999996],[-49.05585479999996,-16.827407999999934]]]}},{"id":"5372","type":"Feature","properties":{"COD_IBGE":"5204607","MUNICIPIO":"Campestre de Goiás","UF":"GO"},"geometry":{"type":"Polygon","coordinates":[[[-49.75324409999996,-16.850946499999964],[-49.75611889999993,-16.825905099999943],[-49.76532599999996,-16.824635099999966],[-49.75889079999996,-16.81474499999996],[-49.76817299999993,-16.800679299999956],[-49.77511849999996,-16.80178989999996],[-49.781717699999945,-16.78435019999995],[-49.779552999999964,-16.76528929999995],[-49.76164159999996,-16.74882269999995],[-49.764952799999946,-16.730552399999965],[-49.74572839999996,-16.70147069999996],[-49.730800999999985,-16.692453599999965],[-49.73567809999997,-16.67942759999994],[-49.72604929999994,-16.670024099999978],[-49.71575679999995,-16.674273899999946],[-49.707210299999986,-16.66328509999994],[-49.69174719999995,-16.666936299999975],[-49.689880899999935,-16.69207849999998],[-49.67167649999993,-16.713820399999975],[-49.67595579999994,-16.725753899999972],[-49.65838259999998,-16.728494099999978],[-49.65117189999995,-16.762048899999968],[-49.61746189999997,-16.77927029999995],[-49.639937799999984,-16.78619809999998],[-49.63488989999996,-16.81184959999996],[-49.599801199999945,-16.802093499999955],[-49.596775399999956,-16.815398499999958],[-49.61170159999995,-16.84334519999993],[-49.627391699999976,-16.84589049999994],[-49.66445129999994,-16.875854999999945],[-49.71315299999998,-16.88036809999994],[-49.73277869999998,-16.902177999999935],[-49.739714299999946,-16.883446499999934],[-49.72776189999996,-16.872454699999935],[-49.75324409999996,-16.850946499999964]]]}},{"id":"5373","type":"Feature","properties":{"COD_IBGE":"5204656","MUNICIPIO":"Campinaçu","UF":"GO"},"geometry":{"type":"Polygon","coordinates":[[[-48.559253499999954,-13.601443999999958],[-48.53316529999995,-13.596146099999942],[-48.51163049999997,-13.614532999999938],[-48.454926599999965,-13.607770399999936],[-48.46202279999994,-13.616734999999949],[-48.45935049999997,-13.64993949999996],[-48.466947199999936,-13.663702399999977],[-48.445344199999965,-13.698069699999962],[-48.42879919999996,-13.701129499999979],[-48.45529419999997,-13.708973799999967],[-48.43373799999995,-13.728578299999981],[-48.438140199999964,-13.742524099999969],[-48.431258799999966,-13.748015799999962],[-48.43791059999995,-13.759125499999982],[-48.41580989999994,-13.768295699999953],[-48.41946909999996,-13.776512299999979],[-48.40487509999997,-13.778290699999957],[-48.402097099999935,-13.790357399999948],[-48.37678029999995,-13.80309109999996],[-48.385185099999944,-13.82117169999998],[-48.36914529999996,-13.823452799999927],[-48.37115879999993,-13.830114599999945],[-48.35949629999993,-13.83630409999995],[-48.36146659999997,-13.848662899999965],[-48.32756619999998,-13.901047499999947],[-48.31739049999993,-13.974442299999964],[-48.35764349999994,-13.975444599999946],[-48.39479579999994,-14.003829399999972],[-48.424730899999986,-14.010891399999934],[-48.43230849999998,-14.02227279999994],[-48.447389999999984,-14.01397339999994],[-48.47280829999994,-14.018209799999966],[-48.48469729999994,-14.06465049999997],[-48.50266159999995,-14.07093139999995],[-48.49480259999996,-14.081132399999944],[-48.50071249999996,-14.108485599999938],[-48.524458599999946,-14.125910099999942],[-48.54188499999998,-14.11532649999998],[-48.54951139999997,-14.128684599999929],[-48.56570409999995,-14.132920799999965],[-48.58224119999994,-14.164931499999966],[-48.59724609999995,-14.168977799999936],[-48.601928499999985,-14.187080299999934],[-48.61497149999997,-14.178904399999965],[-48.67211359999993,-14.172056399999974],[-48.69327099999998,-14.15066939999997],[-48.70789979999995,-14.161337599999968],[-48.718863899999974,-14.148586699999953],[-48.72227849999996,-14.126609999999971],[-48.71037999999999,-14.126143299999967],[-48.70154209999998,-14.10673689999993],[-48.716223199999945,-14.08771379999996],[-48.71099719999995,-14.076500899999928],[-48.724041899999975,-14.03844829999997],[-48.71138659999997,-14.025527199999942],[-48.720019699999966,-14.003777199999945],[-48.73381189999998,-13.994293199999959],[-48.73496189999997,-13.973455999999942],[-48.72645669999997,-13.960738699999979],[-48.739074899999935,-13.955045499999926],[-48.73278739999995,-13.942440999999974],[-48.75085829999995,-13.935069099999964],[-48.768843499999946,-13.912789799999928],[-48.781515199999944,-13.875882099999956],[-48.76775399999997,-13.843857599999978],[-48.78562469999997,-13.818317999999977],[-48.773199999999974,-13.80966159999997],[-48.777642999999955,-13.805777299999932],[-48.749450499999966,-13.795980799999938],[-48.74914719999998,-13.787595599999975],[-48.73975589999998,-13.788315799999964],[-48.72683299999994,-13.774921799999959],[-48.70609349999995,-13.716564699999935],[-48.70927689999996,-13.708972099999926],[-48.69352589999994,-13.704798399999959],[-48.673198999999954,-13.682355799999982],[-48.668468099999984,-13.685764999999947],[-48.65749169999998,-13.655912899999976],[-48.66532969999997,-13.636837199999945],[-48.657259599999975,-13.62545259999996],[-48.63780069999996,-13.618884799999933],[-48.61569459999998,-13.634562199999948],[-48.59145189999998,-13.62994939999993],[-48.57981959999995,-13.626041399999963],[-48.58191169999998,-13.610292899999934],[-48.571363599999984,-13.594884599999943],[-48.55620139999996,-13.59165429999996],[-48.559253499999954,-13.601443999999958]]]}},{"id":"5374","type":"Feature","properties":{"COD_IBGE":"5204706","MUNICIPIO":"Campinorte","UF":"GO"},"geometry":{"type":"Polygon","coordinates":[[[-49.18800349999998,-14.180770199999927],[-49.18700409999997,-14.15971339999993],[-49.174571699999944,-14.154728999999975],[-49.182294199999944,-14.138919599999952],[-49.165490999999975,-14.104036199999939],[-49.17870709999994,-14.093428499999959],[-49.176697299999944,-14.026084699999956],[-49.15334009999998,-14.019402299999967],[-49.126439999999945,-14.023711599999956],[-49.108357499999954,-14.004611299999965],[-49.090914199999986,-14.011187899999982],[-49.08782219999995,-14.019767899999977],[-49.08522199999993,-14.011879499999964],[-49.039200999999935,-14.018414999999948],[-49.02544459999996,-14.011722299999974],[-49.015030999999965,-14.014690499999972],[-49.013926399999946,-14.025297399999943],[-48.96565019999997,-14.034997999999973],[-48.952940299999966,-14.02802349999996],[-48.955114099999946,-14.010951899999952],[-48.93875769999994,-14.016396999999927],[-48.916354299999966,-14.007967399999927],[-48.91529579999997,-13.985027699999932],[-48.92900049999997,-13.965630099999942],[-48.90184599999998,-13.957855499999937],[-48.881177399999956,-13.932637599999964],[-48.888460899999984,-13.925135799999964],[-48.86932909999996,-13.903734399999962],[-48.869679599999984,-13.863698399999976],[-48.84873299999998,-13.85127239999997],[-48.84558679999998,-13.840551699999935],[-48.83445199999994,-13.83997949999997],[-48.82294129999997,-13.821272799999974],[-48.80074769999993,-13.82324959999994],[-48.78553839999995,-13.808741299999951],[-48.79154519999997,-13.78161289999997],[-48.80690079999994,-13.771413999999936],[-48.781147499999975,-13.729433399999948],[-48.78868609999995,-13.710851899999966],[-48.78273759999996,-13.697867299999928],[-48.77147219999995,-13.701553699999977],[-48.761630399999945,-13.688620699999944],[-48.74264119999998,-13.683118999999976],[-48.72548989999996,-13.667063399999961],[-48.71672849999993,-13.643387699999948],[-48.67510719999996,-13.637567099999956],[-48.66416449999997,-13.642970799999944],[-48.65750879999996,-13.656104099999936],[-48.668468099999984,-13.685764999999947],[-48.673198999999954,-13.682355799999982],[-48.69352589999994,-13.704798399999959],[-48.70927689999996,-13.708972099999926],[-48.70609349999995,-13.716564699999935],[-48.72683299999994,-13.774921799999959],[-48.78510559999995,-13.816377199999977],[-48.767749899999956,-13.843994499999951],[-48.781515199999944,-13.875882099999956],[-48.799004699999955,-14.06141359999998],[-49.00886799999995,-14.091374299999927],[-49.07801159999997,-14.303092999999933],[-49.079021599999976,-14.327833399999975],[-49.13559499999997,-14.374070999999958],[-49.14654349999995,-14.368622699999946],[-49.159572899999944,-14.379271599999981],[-49.192762399999935,-14.386248299999977],[-49.18671059999997,-14.337104199999942],[-49.17112089999995,-14.322166599999946],[-49.17392929999994,-14.303342399999963],[-49.15980459999997,-14.27701019999995],[-49.171642599999984,-14.267832899999974],[-49.16038279999998,-14.212481899999943],[-49.177662699999985,-14.198756099999969],[-49.179146199999934,-14.181467599999962],[-49.18800349999998,-14.180770199999927]]]}},{"id":"5375","type":"Feature","properties":{"COD_IBGE":"5204805","MUNICIPIO":"Campo Alegre de Goiás","UF":"GO"},"geometry":{"type":"Polygon","coordinates":[[[-47.559424399999955,-17.353881999999942],[-47.54968489999993,-17.38523619999995],[-47.52461789999995,-17.411915199999953],[-47.537375199999985,-17.41183239999998],[-47.52162459999994,-17.425862699999982],[-47.52982719999994,-17.44276949999994],[-47.541189799999984,-17.446086899999955],[-47.53759039999994,-17.46531959999993],[-47.54874639999997,-17.475851399999954],[-47.540414099999964,-17.480633499999954],[-47.54269759999994,-17.488239799999974],[-47.55682369999994,-17.48824869999993],[-47.550377899999944,-17.497491999999966],[-47.56292419999994,-17.51079599999997],[-47.55180439999998,-17.524284799999975],[-47.55880129999997,-17.528513799999928],[-47.55819829999996,-17.541327299999978],[-47.56435499999998,-17.537368399999934],[-47.59445949999997,-17.548654099999965],[-47.58875139999998,-17.56038769999998],[-47.60001319999998,-17.558149999999955],[-47.59431689999997,-17.568893699999933],[-47.60182809999998,-17.57571619999993],[-47.58919339999994,-17.591665999999975],[-47.60821359999994,-17.597756499999946],[-47.615247899999986,-17.593092199999944],[-47.617704199999935,-17.61289359999995],[-47.61132169999996,-17.620284099999935],[-47.627327399999956,-17.62397839999994],[-47.63398889999996,-17.61737979999998],[-47.63003779999997,-17.62752059999997],[-47.64167749999996,-17.649518799999953],[-47.631497999999965,-17.649863299999936],[-47.63852029999998,-17.664125699999943],[-47.62209009999998,-17.68286429999995],[-47.62483949999995,-17.721452299999953],[-47.61071119999997,-17.744559599999945],[-47.62995889999996,-17.751668199999926],[-47.62150909999997,-17.770103399999982],[-47.63371319999993,-17.769172699999956],[-47.634419299999934,-17.778454199999942],[-47.62424269999997,-17.78297859999998],[-47.63602849999995,-17.788350999999977],[-47.64370919999993,-17.78230259999998],[-47.65161759999995,-17.791813599999955],[-47.64361779999996,-17.797378099999946],[-47.65032569999994,-17.808931799999982],[-47.643593899999985,-17.817034999999976],[-47.66457189999994,-17.820898399999976],[-47.65550429999996,-17.836040599999933],[-47.73419919999998,-17.83916199999993],[-47.74479349999996,-17.83024199999994],[-47.75277399999993,-17.803647199999943],[-47.75240869999993,-17.77548889999997],[-47.765382099999954,-17.79281549999996],[-47.77315109999995,-17.83172069999995],[-47.78829929999995,-17.842331899999976],[-47.81458729999997,-17.84554899999995],[-47.80258909999998,-17.856725499999982],[-47.80049249999996,-17.87115019999993],[-47.842763299999945,-17.889914199999964],[-47.86242919999995,-17.908720399999936],[-47.861555299999964,-17.916974299999936],[-47.89169689999994,-17.909647399999926],[-47.89740819999997,-17.91568129999996],[-47.90703199999996,-17.909173299999964],[-47.91877359999995,-17.91323449999993],[-47.92398369999995,-17.901445099999933],[-47.93326369999994,-17.90391219999998],[-47.93964269999998,-17.894320599999958],[-47.98231679999998,-17.898230799999965],[-47.95249009999998,-17.83605549999993],[-47.95733469999993,-17.81048199999998],[-47.943667699999935,-17.815169999999966],[-47.940940299999966,-17.797877899999946],[-47.95174829999996,-17.793331399999943],[-47.94025889999995,-17.787159299999928],[-47.94314419999995,-17.77485299999995],[-47.93696319999998,-17.776868299999933],[-47.926181499999984,-17.740574099999947],[-47.939691299999936,-17.713041799999928],[-47.94301489999998,-17.65292779999993],[-47.963613599999974,-17.625440099999935],[-47.96584919999998,-17.55364499999996],[-47.94426839999994,-17.533250599999974],[-47.93998449999998,-17.47331779999996],[-47.91167999999993,-17.431415499999957],[-47.91241389999993,-17.405565199999955],[-47.888760599999955,-17.380424999999946],[-47.88413469999995,-17.263088299999936],[-47.84837609999994,-17.26023129999993],[-47.79052089999993,-17.213490199999967],[-47.737099099999966,-17.190091499999937],[-47.722569799999974,-17.17196679999995],[-47.718151699999964,-17.14959289999996],[-47.68776849999995,-17.19092699999993],[-47.67654259999995,-17.230918499999973],[-47.68990389999993,-17.26379399999996],[-47.65715749999998,-17.297263099999952],[-47.559424399999955,-17.353881999999942]]]}},{"id":"5376","type":"Feature","properties":{"COD_IBGE":"5204854","MUNICIPIO":"Campo Limpo de Goiás","UF":"GO"},"geometry":{"type":"Polygon","coordinates":[[[-49.10027269999995,-16.32447159999998],[-49.11319339999994,-16.34291829999995],[-49.162875499999984,-16.32949659999997],[-49.17844519999994,-16.263735399999973],[-49.152955099999986,-16.25034279999994],[-49.143573499999945,-16.222931899999935],[-49.110019499999964,-16.22353419999996],[-49.04178449999995,-16.26058489999997],[-49.02392999999995,-16.25752119999993],[-49.016706699999986,-16.270808199999976],[-49.04224999999997,-16.28494519999998],[-49.042233099999976,-16.302891399999965],[-49.05272209999998,-16.310954099999947],[-49.03144779999997,-16.326071699999943],[-49.03530049999995,-16.344534099999976],[-49.056216699999936,-16.348544199999935],[-49.10027269999995,-16.32447159999998]]]}},{"id":"5377","type":"Feature","properties":{"COD_IBGE":"5204904","MUNICIPIO":"Campos Belos","UF":"GO"},"geometry":{"type":"Polygon","coordinates":[[[-46.750610999999935,-12.969154999999944],[-46.454649899999936,-12.971152599999982],[-46.44592589999996,-12.935767799999951],[-46.432568799999956,-12.930640799999935],[-46.41798479999994,-12.822436699999969],[-46.411121299999934,-12.84112349999998],[-46.406042699999944,-12.839638999999977],[-46.409118099999944,-12.845592799999963],[-46.375188399999956,-12.849810299999945],[-46.36576429999997,-12.863353999999958],[-46.367855099999986,-12.888408999999967],[-46.36076449999996,-12.890038499999946],[-46.36840079999996,-12.902589899999953],[-46.360123399999964,-12.908565199999941],[-46.376981299999954,-12.963501999999949],[-46.36800809999994,-12.972112699999968],[-46.372855899999934,-12.985471999999959],[-46.36440389999996,-12.99074289999993],[-46.24348799999996,-12.96031359999995],[-46.19590199999993,-12.956976999999938],[-46.17773179999995,-12.939377299999933],[-46.150994699999956,-12.937736099999938],[-46.112964999999974,-12.918010399999957],[-46.10464399999995,-12.924925499999972],[-46.12466359999996,-12.959820399999955],[-46.193811799999935,-12.996752399999934],[-46.27553379999995,-13.020213299999966],[-46.28156289999998,-13.045135799999969],[-46.29872709999995,-13.063778999999954],[-46.453540299999986,-13.054435499999954],[-46.448566599999936,-13.037805399999968],[-46.45874679999997,-13.034372699999949],[-46.45420489999998,-13.019499399999972],[-46.501571799999965,-13.004728299999954],[-46.55647219999997,-13.025907999999959],[-46.57654749999995,-13.042829599999948],[-46.60509079999997,-13.039508199999943],[-46.62205809999995,-13.067743899999982],[-46.672447999999974,-13.060718099999974],[-46.70657149999994,-13.080363499999976],[-46.72028819999997,-13.105814599999974],[-46.73169629999995,-13.102399099999957],[-46.736168299999974,-13.108371699999964],[-46.764128899999946,-13.09045889999993],[-46.803155199999935,-13.085406599999942],[-46.82232069999998,-13.05743259999997],[-46.82950089999997,-13.070039799999961],[-46.83298469999994,-13.064598899999964],[-46.83748259999993,-13.07116469999994],[-46.85434859999998,-13.06872839999994],[-46.85619619999994,-13.057871399999954],[-46.84455729999996,-13.049809099999948],[-46.84238559999994,-13.036176299999966],[-46.818612299999984,-13.013865299999964],[-46.81989749999997,-13.001686599999971],[-46.750610999999935,-12.969154999999944]]]}},{"id":"5378","type":"Feature","properties":{"COD_IBGE":"5204953","MUNICIPIO":"Campos Verdes","UF":"GO"},"geometry":{"type":"Polygon","coordinates":[[[-49.64058989999995,-14.116357299999947],[-49.62456769999994,-14.107281999999941],[-49.620243899999934,-14.129948599999977],[-49.594967699999984,-14.13515289999998],[-49.588478099999975,-14.122598799999935],[-49.57268159999995,-14.128852199999926],[-49.56392139999997,-14.141749699999934],[-49.56709269999993,-14.152520299999935],[-49.54804739999997,-14.15377929999994],[-49.54477739999993,-14.167092999999966],[-49.562814199999934,-14.192068099999972],[-49.55615949999998,-14.238533399999938],[-49.56213409999998,-14.272091699999976],[-49.58350909999996,-14.291907599999945],[-49.66347179999997,-14.300594899999965],[-49.67881169999998,-14.316595599999971],[-49.68561159999996,-14.344448499999942],[-49.70063929999998,-14.334284999999966],[-49.710090599999944,-14.337000599999953],[-49.70299719999997,-14.304872199999977],[-49.750644199999954,-14.288561699999946],[-49.75108809999995,-14.270477399999947],[-49.76763719999997,-14.268728599999974],[-49.77402909999995,-14.251176999999927],[-49.75268209999996,-14.250052499999981],[-49.740247899999986,-14.23128399999996],[-49.70517499999994,-14.211441699999966],[-49.75114439999993,-14.164269399999966],[-49.74473709999995,-14.129359499999964],[-49.73207449999995,-14.109969699999965],[-49.73410889999997,-14.078014999999937],[-49.74434439999993,-14.080244099999959],[-49.74575719999996,-14.069769899999926],[-49.72710779999994,-14.073203999999976],[-49.710022899999956,-14.05561629999994],[-49.67971819999997,-14.059132899999952],[-49.68285759999998,-14.07390799999996],[-49.64646329999994,-14.09191329999993],[-49.65824219999996,-14.10662009999993],[-49.64417649999996,-14.106905099999949],[-49.64058989999995,-14.116357299999947]]]}},{"id":"5379","type":"Feature","properties":{"COD_IBGE":"5205000","MUNICIPIO":"Carmo do Rio Verde","UF":"GO"},"geometry":{"type":"Polygon","coordinates":[[[-49.683318499999984,-15.482844299999954],[-49.704433999999935,-15.509408299999961],[-49.709384599999964,-15.50111759999993],[-49.71942029999997,-15.509408099999973],[-49.73125209999995,-15.505424299999959],[-49.73242759999994,-15.526665799999932],[-49.77085509999995,-15.546406199999979],[-49.778966999999966,-15.533928299999957],[-49.787693599999955,-15.541384499999936],[-49.810374999999965,-15.532347999999956],[-49.828812899999946,-15.538901199999941],[-49.83883799999995,-15.530472999999972],[-49.85737599999993,-15.532178199999976],[-49.88866839999997,-15.508024199999966],[-49.886279499999944,-15.478791699999931],[-49.86024189999995,-15.449603299999978],[-49.84341159999997,-15.44048799999996],[-49.79951909999994,-15.447959699999956],[-49.79153899999994,-15.42219799999998],[-49.78097109999993,-15.41877059999996],[-49.785348099999965,-15.40017789999996],[-49.77647559999997,-15.375609399999973],[-49.78666759999993,-15.365444499999967],[-49.785785299999986,-15.346643699999959],[-49.77769479999995,-15.337649599999963],[-49.75676199999998,-15.338976499999944],[-49.759136299999966,-15.302188099999967],[-49.74820569999997,-15.29375159999995],[-49.71877469999998,-15.293623299999979],[-49.70996089999994,-15.301747899999953],[-49.67469139999997,-15.306838899999946],[-49.661456199999975,-15.341260999999975],[-49.65369009999995,-15.340003399999944],[-49.63983549999995,-15.354868499999952],[-49.61418839999993,-15.353853799999968],[-49.607926299999974,-15.362333599999943],[-49.59668399999998,-15.352939299999946],[-49.586653799999965,-15.362960199999975],[-49.590718799999934,-15.383647899999971],[-49.598932099999956,-15.39015029999996],[-49.60489629999995,-15.385302099999933],[-49.61124449999994,-15.413693499999965],[-49.624758199999974,-15.417661099999975],[-49.625715499999956,-15.407721699999968],[-49.63540279999995,-15.409933199999955],[-49.63799089999998,-15.402216799999962],[-49.650037699999984,-15.413511999999969],[-49.657902099999944,-15.405363099999931],[-49.67060959999998,-15.418114099999968],[-49.692786499999954,-15.418366099999957],[-49.69556679999994,-15.428826499999957],[-49.70195019999994,-15.42788459999997],[-49.68502939999996,-15.459371399999952],[-49.683318499999984,-15.482844299999954]]]}},{"id":"5380","type":"Feature","properties":{"COD_IBGE":"5205059","MUNICIPIO":"Castelândia","UF":"GO"},"geometry":{"type":"Polygon","coordinates":[[[-50.36928009999997,-18.17375379999993],[-50.36519229999993,-18.158870899999954],[-50.351891199999955,-18.157832799999937],[-50.340707399999985,-18.129362999999955],[-50.32630069999993,-18.116178499999933],[-50.31126969999997,-18.11420849999996],[-50.299747399999944,-18.099762299999952],[-50.30325669999996,-18.09292819999996],[-50.28164879999997,-18.078820699999937],[-50.25944739999994,-18.078488899999968],[-50.25294619999994,-18.070186499999977],[-50.223501099999964,-18.07911969999998],[-50.188365999999974,-18.06011069999994],[-50.16148899999996,-18.08941539999995],[-50.16097169999995,-18.12065739999997],[-50.18072999999998,-18.118225699999982],[-50.18580129999998,-18.139972599999965],[-50.20136569999994,-18.137431799999945],[-50.20786979999997,-18.14715499999994],[-50.234266899999966,-18.138134399999956],[-50.25219229999993,-18.169001899999955],[-50.276229599999965,-18.177766899999938],[-50.288806799999975,-18.19830639999998],[-50.31792349999995,-18.211383499999954],[-50.34295309999993,-18.202568699999972],[-50.37127039999996,-18.230918299999928],[-50.37900119999995,-18.249505399999975],[-50.40295749999996,-18.243474799999944],[-50.40951309999997,-18.233269099999973],[-50.44746329999998,-18.229997099999935],[-50.456097099999965,-18.221133099999975],[-50.46833019999997,-18.225193399999966],[-50.48188849999997,-18.21430479999998],[-50.51317459999996,-18.215069699999958],[-50.520654399999955,-18.174967599999945],[-50.54313339999993,-18.18020649999994],[-50.56323099999997,-18.168132999999955],[-50.56749039999994,-18.150915099999963],[-50.58922279999996,-18.135901899999965],[-50.58357599999994,-18.121946099999946],[-50.523469199999965,-18.159506999999962],[-50.50890599999997,-18.154997799999933],[-50.48874689999997,-18.16083649999996],[-50.481559499999946,-18.17478319999998],[-50.46206459999996,-18.178496699999982],[-50.455065299999944,-18.190147199999956],[-50.437433099999964,-18.18857459999998],[-50.43014739999995,-18.199385699999937],[-50.427957799999945,-18.18878019999994],[-50.386148599999956,-18.190232899999955],[-50.38628109999996,-18.18164189999993],[-50.36928009999997,-18.17375379999993]]]}},{"id":"5381","type":"Feature","properties":{"COD_IBGE":"5205109","MUNICIPIO":"Catalão","UF":"GO"},"geometry":{"type":"Polygon","coordinates":[[[-47.94018239999997,-18.326040099999943],[-47.962895799999956,-18.315091499999937],[-47.97331609999998,-18.28644769999994],[-47.99953499999998,-18.286951899999963],[-48.01719469999995,-18.303333899999927],[-48.030081199999984,-18.294452899999953],[-48.04379269999998,-18.30035609999993],[-48.05904709999993,-18.295405699999947],[-48.055112099999974,-18.280679299999974],[-48.062296199999935,-18.26423559999995],[-48.04629159999996,-18.245047299999953],[-48.046809199999984,-18.223245799999972],[-48.008316899999954,-18.18342279999996],[-48.02230259999993,-18.160053199999936],[-48.02743339999995,-18.165876599999933],[-48.053878699999984,-18.14636749999994],[-48.02860149999998,-18.13901469999996],[-48.02142879999997,-18.092990099999952],[-48.03330219999998,-18.062926999999945],[-48.05618339999995,-18.06134629999997],[-48.070043399999975,-18.04446829999995],[-48.07360769999997,-18.048372599999936],[-48.07199479999997,-18.03564069999993],[-48.086428299999966,-18.033974499999943],[-48.08665109999998,-18.026081199999965],[-48.075634699999966,-18.020343799999978],[-48.08594789999995,-18.017752499999972],[-48.09453899999994,-17.995002399999976],[-48.117219499999976,-17.99046059999995],[-48.124958299999946,-17.975495499999965],[-48.161334599999975,-17.98175939999993],[-48.17358859999996,-17.973252499999944],[-48.166783899999984,-17.957104899999933],[-48.142564999999934,-17.951217699999972],[-48.142796199999964,-17.94235079999993],[-48.12620429999998,-17.945791799999938],[-48.129399999999976,-17.937429299999962],[-48.11954509999998,-17.920180699999946],[-48.11912199999995,-17.929615799999965],[-48.11213079999993,-17.923105199999952],[-48.10886039999997,-17.93239959999994],[-48.08623949999998,-17.91271459999996],[-48.073968099999945,-17.920626099999936],[-48.05624499999993,-17.913169799999935],[-48.02711659999994,-17.924748699999952],[-47.98822389999998,-17.892808799999955],[-47.97079169999995,-17.90162959999998],[-47.93950149999995,-17.894345699999974],[-47.93326369999994,-17.90391219999998],[-47.92398369999995,-17.901445099999933],[-47.91877359999995,-17.91323449999993],[-47.90703199999996,-17.909173299999964],[-47.89740819999997,-17.91568129999996],[-47.89169689999994,-17.909647399999926],[-47.86442359999995,-17.918430799999953],[-47.842763299999945,-17.889914199999964],[-47.80049249999996,-17.87115019999993],[-47.80258909999998,-17.856725499999982],[-47.81458729999997,-17.84554899999995],[-47.78829929999995,-17.842331899999976],[-47.77315109999995,-17.83172069999995],[-47.765382099999954,-17.79281549999996],[-47.75240869999993,-17.77548889999997],[-47.75277399999993,-17.803647199999943],[-47.74479349999996,-17.83024199999994],[-47.73419919999998,-17.83916199999993],[-47.65550429999996,-17.836040599999933],[-47.66457189999994,-17.820898399999976],[-47.643593899999985,-17.817034999999976],[-47.65032569999994,-17.808931799999982],[-47.64361779999996,-17.797378099999946],[-47.65161759999995,-17.791813599999955],[-47.64370919999993,-17.78230259999998],[-47.63602849999995,-17.788350999999977],[-47.62424269999997,-17.78297859999998],[-47.634419299999934,-17.778454199999942],[-47.63371319999993,-17.769172699999956],[-47.62150909999997,-17.770103399999982],[-47.62995889999996,-17.751668199999926],[-47.61071119999997,-17.744559599999945],[-47.62483949999995,-17.721452299999953],[-47.61903209999997,-17.694304299999942],[-47.63827439999994,-17.66509949999994],[-47.631497999999965,-17.649863299999936],[-47.64118629999996,-17.650570399999935],[-47.64132459999996,-17.64040179999995],[-47.63027779999993,-17.628322999999966],[-47.633245099999954,-17.616088899999966],[-47.627327399999956,-17.62397839999994],[-47.61059309999996,-17.619095699999946],[-47.617704199999935,-17.61289359999995],[-47.61491109999997,-17.59271709999996],[-47.60821359999994,-17.597756499999946],[-47.58919339999994,-17.591665999999975],[-47.60182809999998,-17.57571619999993],[-47.59431689999997,-17.568893699999933],[-47.60001319999998,-17.558149999999955],[-47.58875139999998,-17.56038769999998],[-47.59445949999997,-17.548654099999965],[-47.56435499999998,-17.537368399999934],[-47.55819829999996,-17.541327299999978],[-47.55880129999997,-17.528513799999928],[-47.55180439999998,-17.524284799999975],[-47.56292419999994,-17.51079599999997],[-47.550581499999964,-17.49866469999995],[-47.55682369999994,-17.48824869999993],[-47.54269759999994,-17.488239799999974],[-47.540414099999964,-17.480633499999954],[-47.54868419999997,-17.474855099999957],[-47.53664719999995,-17.45707459999994],[-47.51463899999993,-17.460998099999927],[-47.512356599999976,-17.47693959999998],[-47.50302409999995,-17.483906099999956],[-47.50471659999994,-17.50919319999997],[-47.49117409999997,-17.518777899999975],[-47.477283599999964,-17.512784799999963],[-47.45472569999998,-17.541785999999945],[-47.44928599999997,-17.53161769999997],[-47.40044869999997,-17.51181749999995],[-47.385105899999985,-17.512518799999953],[-47.37444829999998,-17.523595099999966],[-47.325414499999965,-17.52380059999996],[-47.26480379999998,-17.611389199999962],[-47.26889309999996,-17.636284099999955],[-47.28079969999993,-17.64763069999998],[-47.270015299999955,-17.674230199999954],[-47.29838229999996,-17.68328459999998],[-47.313702199999966,-17.698962999999935],[-47.31695049999996,-17.725243199999966],[-47.34169819999994,-17.74384539999994],[-47.33179459999997,-17.765548499999966],[-47.35433229999995,-17.78605479999993],[-47.346708199999966,-17.796451299999944],[-47.35782169999993,-17.805485499999975],[-47.350747299999966,-17.813946099999953],[-47.36214759999996,-17.81547569999998],[-47.37261579999995,-17.829791899999975],[-47.35497819999995,-17.859850999999935],[-47.35669839999997,-17.896544699999936],[-47.342860299999984,-17.898623999999927],[-47.33786519999995,-17.91243819999994],[-47.344628899999975,-17.92302589999997],[-47.338390999999945,-17.925965599999927],[-47.34092439999995,-17.93669669999997],[-47.33368269999994,-17.938728199999957],[-47.333539299999984,-17.950654399999962],[-47.312961299999984,-17.961887399999966],[-47.31298519999996,-17.975844999999936],[-47.323008399999935,-17.983156699999938],[-47.31971159999995,-17.995837999999935],[-47.311824599999966,-18.006287399999962],[-47.29698899999994,-18.009109199999955],[-47.300729599999954,-18.02717839999997],[-47.28339909999994,-18.04077289999998],[-47.28386829999994,-18.05839279999998],[-47.305876599999976,-18.06308819999998],[-47.30428779999994,-18.07459769999997],[-47.321448499999974,-18.068866699999944],[-47.34651659999997,-18.088198399999953],[-47.35763179999998,-18.08523329999997],[-47.36160309999997,-18.096674899999982],[-47.35413059999996,-18.095504499999947],[-47.35539259999996,-18.10466589999993],[-47.37003979999997,-18.11601459999997],[-47.39476879999995,-18.116893999999945],[-47.395725899999945,-18.12698599999993],[-47.40773489999998,-18.132265599999982],[-47.395875399999966,-18.140901999999983],[-47.40790619999996,-18.141872199999966],[-47.440832899999975,-18.10083889999993],[-47.47851479999997,-18.077207699999974],[-47.49200199999996,-18.05832719999995],[-47.49772309999997,-18.027948699999968],[-47.566732299999956,-17.982277299999964],[-47.59324369999996,-17.99703889999995],[-47.60827919999997,-18.016481399999975],[-47.60517559999994,-18.028690899999958],[-47.616422099999966,-18.03286609999998],[-47.61651019999994,-18.043524899999966],[-47.634024299999965,-18.05995779999995],[-47.66918529999998,-18.041282899999942],[-47.67505189999997,-18.045136699999944],[-47.667119199999945,-18.057857999999953],[-47.67356159999997,-18.068687799999964],[-47.664256499999965,-18.075524899999948],[-47.67584109999996,-18.098819299999946],[-47.69044299999996,-18.09925069999997],[-47.694289399999946,-18.108220399999936],[-47.68529749999993,-18.118043399999976],[-47.69445609999997,-18.12484299999994],[-47.70782899999995,-18.121097499999962],[-47.71315229999993,-18.13200699999993],[-47.72288279999998,-18.12444009999996],[-47.74700269999994,-18.12742079999998],[-47.758041299999945,-18.117096599999968],[-47.790878099999986,-18.121597899999927],[-47.83843399999995,-18.15304409999993],[-47.85052439999998,-18.18766679999993],[-47.86168539999994,-18.19648849999993],[-47.86126299999995,-18.21653219999996],[-47.87554929999993,-18.223476199999936],[-47.86940359999994,-18.229269599999952],[-47.87873209999998,-18.240769299999954],[-47.87272479999996,-18.25271779999997],[-47.87716579999994,-18.294379999999933],[-47.915467099999944,-18.338912299999947],[-47.87047679999995,-18.344004299999938],[-47.865471499999956,-18.357159499999966],[-47.85209099999997,-18.361020999999937],[-47.86215619999996,-18.38071249999996],[-47.85693149999997,-18.39338269999996],[-47.86608199999995,-18.403228399999932],[-47.855208699999935,-18.421175699999935],[-47.864576099999965,-18.452296899999965],[-47.87365289999997,-18.459150299999976],[-47.863243299999965,-18.46974369999998],[-47.875487599999985,-18.475670599999944],[-47.88557769999994,-18.468511499999977],[-47.88791209999994,-18.47721919999998],[-47.91427399999998,-18.466577799999982],[-47.925437199999976,-18.471235999999976],[-47.92954929999996,-18.48784319999993],[-47.95691119999998,-18.50020999999998],[-47.96495969999995,-18.477356999999927],[-47.979212099999984,-18.475963599999943],[-47.98091029999995,-18.44286119999998],[-48.00830249999996,-18.453096699999946],[-48.02705309999993,-18.429409299999975],[-47.99802159999996,-18.403179999999963],[-47.98410639999997,-18.40510889999996],[-47.97671969999993,-18.383584799999937],[-47.938208299999985,-18.37935319999997],[-47.945712999999955,-18.363628199999937],[-47.936641099999974,-18.357038699999976],[-47.94018239999997,-18.326040099999943]]]}},{"id":"5382","type":"Feature","properties":{"COD_IBGE":"5205208","MUNICIPIO":"Caturaí","UF":"GO"},"geometry":{"type":"Polygon","coordinates":[[[-49.47942839999996,-16.425538949999975],[-49.464992999999936,-16.413580599999932],[-49.463509699999975,-16.427451299999973],[-49.44766029999994,-16.43782619999996],[-49.44439739999996,-16.45374899999996],[-49.48368389999996,-16.458444199999974],[-49.51530759999997,-16.497471099999927],[-49.55484709999996,-16.503578499999946],[-49.57725849999997,-16.497071799999958],[-49.58418739999996,-16.48288109999993],[-49.595993799999974,-16.492942899999946],[-49.618950799999936,-16.488083999999958],[-49.63451029999993,-16.49364309999993],[-49.657423999999935,-16.510679599999946],[-49.66544299999998,-16.498733999999956],[-49.69018049999994,-16.507740099999978],[-49.695478099999946,-16.502315899999928],[-49.697092199999986,-16.47232299999996],[-49.68924839999994,-16.45747289999997],[-49.69615879999998,-16.452475499999935],[-49.68458799999996,-16.43943289999993],[-49.68337879999996,-16.42489039999998],[-49.64809619999994,-16.427802999999926],[-49.64713079999996,-16.421327799999972],[-49.634518499999956,-16.420690299999933],[-49.63716429999994,-16.409813499999927],[-49.62847449999998,-16.398774499999945],[-49.55541109999996,-16.408671199999958],[-49.544888499999956,-16.428470499999946],[-49.50294789999998,-16.428156299999955],[-49.49089939999993,-16.41393469999997],[-49.47942839999996,-16.425538949999975]]]}},{"id":"5383","type":"Feature","properties":{"COD_IBGE":"5205307","MUNICIPIO":"Cavalcante","UF":"GO"},"geometry":{"type":"Polygon","coordinates":[[[-47.42457219999994,-13.289064899999971],[-47.41858109999998,-13.27228969999993],[-47.40006569999997,-13.262017899999933],[-47.37503829999997,-13.268003299999975],[-47.372843899999964,-13.294339099999945],[-47.34686709999994,-13.316949999999963],[-47.35215849999997,-13.347267199999976],[-47.327500499999985,-13.360158999999953],[-47.33045889999994,-13.38047869999997],[-47.322209499999985,-13.381842399999982],[-47.311207999999965,-13.40487369999994],[-47.27246219999995,-13.432188699999926],[-47.271956699999976,-13.455603899999971],[-47.259326699999974,-13.480579199999966],[-47.250180099999966,-13.483813999999938],[-47.26940039999994,-13.554820399999926],[-47.29244179999995,-13.57846079999996],[-47.29170039999997,-13.590152599999954],[-47.32417769999995,-13.632136999999943],[-47.307070899999985,-13.663568699999928],[-47.33421869999995,-13.707541399999968],[-47.32653349999998,-13.719218999999953],[-47.331506599999955,-13.731891299999972],[-47.30090949999993,-13.734610799999928],[-47.27885009999994,-13.727372299999956],[-47.28618039999998,-13.742411799999957],[-47.30567709999997,-13.746432399999946],[-47.31676409999994,-13.772279499999968],[-47.33975149999998,-13.785904799999969],[-47.35424469999998,-13.806069599999944],[-47.348270199999945,-13.820145499999967],[-47.326440599999955,-13.826026599999977],[-47.31416679999995,-13.838203799999974],[-47.30891909999997,-13.86536469999993],[-47.30965839999993,-13.891966699999955],[-47.33652859999995,-13.93568289999996],[-47.31861559999993,-13.946946899999944],[-47.30819709999997,-13.939701699999944],[-47.29789359999995,-13.948230999999964],[-47.290430199999946,-13.944340099999977],[-47.278381199999956,-13.953867099999968],[-47.27802329999997,-13.96793189999994],[-47.26400199999995,-13.976852899999926],[-47.504938599999946,-13.960188499999958],[-47.544122899999934,-14.005502099999944],[-47.55199219999997,-14.028454299999964],[-47.572369099999946,-14.042216999999937],[-47.58040239999997,-14.038558399999943],[-47.59066549999994,-14.056020899999965],[-47.60893129999994,-14.046469999999943],[-47.666763499999945,-14.072494199999937],[-47.69684529999995,-14.067622799999981],[-47.72958399999993,-14.096799699999963],[-47.76641639999997,-14.098775899999964],[-47.80517199999997,-14.143805899999961],[-47.821748999999954,-14.144421299999976],[-47.859489199999985,-14.179152699999975],[-47.89353239999997,-14.175713499999972],[-47.89190389999993,-14.169300999999962],[-47.89968559999994,-14.170120399999973],[-47.89609449999995,-14.165804399999956],[-47.91668089999996,-14.14915549999995],[-47.909220999999945,-14.129957799999943],[-47.91341589999996,-14.119784999999979],[-47.903340399999934,-14.112201599999935],[-47.91874389999998,-14.101577299999974],[-47.89251509999997,-14.086295199999938],[-47.90092059999995,-14.063817599999936],[-47.89811229999998,-14.047000899999944],[-47.926663099999985,-14.035180999999966],[-47.90808259999994,-14.013574699999936],[-47.92876179999996,-13.990962599999932],[-47.922515499999975,-13.981586299999947],[-47.92348679999998,-13.971714799999972],[-47.93506139999994,-13.965970999999968],[-47.93014809999994,-13.95661999999993],[-47.95893879999994,-13.940763499999946],[-47.963980499999934,-13.92906469999997],[-47.957258699999954,-13.917267699999968],[-47.96604979999995,-13.900885499999958],[-47.94754709999995,-13.887056099999938],[-47.95614509999996,-13.859160799999927],[-47.99829569999997,-13.83399769999994],[-48.00959579999994,-13.81666619999993],[-48.02845769999993,-13.817352099999937],[-48.01555229999997,-13.782562699999971],[-48.03056019999997,-13.776578399999948],[-48.034716199999934,-13.76373579999995],[-48.02426609999998,-13.764292399999931],[-48.02862989999994,-13.75101589999997],[-48.01912949999996,-13.73849169999994],[-48.02714089999995,-13.736281499999961],[-48.026682499999936,-13.743678699999975],[-48.037702999999965,-13.746484399999929],[-48.04124369999994,-13.734671899999967],[-48.05417349999993,-13.739210999999955],[-48.05984349999994,-13.733463099999938],[-48.05156599999998,-13.72298369999993],[-48.05785989999998,-13.70179939999997],[-48.06527339999997,-13.702334299999961],[-48.08065149999993,-13.681353399999978],[-48.09574689999994,-13.68491629999994],[-48.09311059999993,-13.659283699999946],[-48.12031899999994,-13.628445599999964],[-48.11117749999994,-13.617195699999968],[-48.109448199999974,-13.563792499999977],[-48.09381559999997,-13.556559299999947],[-48.091927099999964,-13.547899599999937],[-48.11974989999993,-13.540129699999966],[-48.14066289999994,-13.548402799999963],[-48.13054459999995,-13.505105199999946],[-48.15646309999994,-13.497113899999931],[-48.16339199999993,-13.476737399999934],[-48.17897929999998,-13.481880899999965],[-48.19877189999994,-13.47106999999994],[-48.18968679999995,-13.455859399999952],[-48.18758369999995,-13.42187279999996],[-48.17986769999993,-13.420273899999927],[-48.17042569999995,-13.447935899999948],[-48.15961699999997,-13.44865859999993],[-48.14618589999998,-13.434966199999963],[-48.14726879999995,-13.380872799999963],[-48.17103799999995,-13.367802499999982],[-48.164069799999936,-13.335233999999957],[-48.17015079999993,-13.300524099999961],[-48.15684109999995,-13.311016499999937],[-48.15548869999998,-13.303282699999954],[-48.14309949999995,-13.306155099999955],[-48.11784419999998,-13.291279599999939],[-48.08247979999993,-13.289557199999933],[-48.072018999999955,-13.267361899999969],[-48.07915389999994,-13.24264089999997],[-48.062455899999975,-13.235721199999944],[-48.05415029999995,-13.239587299999926],[-48.05222629999997,-13.25672179999998],[-48.03067679999998,-13.257206499999938],[-48.03328419999997,-13.274017899999933],[-48.02525129999998,-13.27983359999996],[-47.99804009999997,-13.27433549999995],[-47.98348499999997,-13.279084999999952],[-47.96670429999995,-13.315080699999953],[-47.94182019999994,-13.30576869999993],[-47.93630439999998,-13.289855199999977],[-47.90649819999993,-13.299123299999962],[-47.90221219999995,-13.311714799999947],[-47.893088699999964,-13.30629149999993],[-47.88442769999995,-13.320721399999968],[-47.82021439999994,-13.312523399999975],[-47.79822819999998,-13.328984099999957],[-47.67974839999994,-13.468174799999929],[-47.67099029999997,-13.441269099999943],[-47.65563539999994,-13.428675599999963],[-47.65450579999998,-13.415443599999946],[-47.63770109999996,-13.38982249999998],[-47.62675489999998,-13.385550099999932],[-47.622293199999945,-13.369191999999941],[-47.63765999999998,-13.364973799999973],[-47.65007349999996,-13.34918259999995],[-47.65365749999995,-13.313464299999964],[-47.661469599999975,-13.302776699999981],[-47.65592239999995,-13.276447399999938],[-47.63966099999993,-13.264292599999976],[-47.64631979999996,-13.241360199999974],[-47.65680279999998,-13.234271899999953],[-47.65429809999995,-13.219268399999976],[-47.665214299999946,-13.218367599999965],[-47.66759969999998,-13.210882699999956],[-47.660199399999954,-13.207313399999975],[-47.66455719999993,-13.195240599999977],[-47.656977799999936,-13.193607199999974],[-47.65422909999995,-13.177094199999942],[-47.66899119999994,-13.16683729999994],[-47.643704199999945,-13.149552699999958],[-47.64975149999998,-13.132349899999952],[-47.63405629999994,-13.11325119999998],[-47.633644999999945,-13.101179899999977],[-47.62823619999995,-13.109003099999939],[-47.61561469999998,-13.10368509999995],[-47.563795599999935,-13.119050999999956],[-47.56887599999993,-13.148707099999967],[-47.56525949999997,-13.17966199999995],[-47.55780119999997,-13.186850299999946],[-47.541029299999934,-13.191798099999971],[-47.524301599999944,-13.182404799999972],[-47.508844299999964,-13.190033899999946],[-47.478380399999935,-13.184957599999962],[-47.48641379999998,-13.219733599999927],[-47.46519069999994,-13.227157999999974],[-47.43800589999995,-13.224852699999929],[-47.431543999999974,-13.237234099999966],[-47.45025359999994,-13.241912699999943],[-47.454422199999954,-13.250527599999941],[-47.436445499999934,-13.266782899999953],[-47.43258909999997,-13.288629299999968],[-47.42457219999994,-13.289064899999971]]]}},{"id":"5384","type":"Feature","properties":{"COD_IBGE":"5205406","MUNICIPIO":"Ceres","UF":"GO"},"geometry":{"type":"Polygon","coordinates":[[[-49.60760989999994,-15.362307999999928],[-49.63983549999995,-15.354868499999952],[-49.65369009999995,-15.340003399999944],[-49.66163859999995,-15.341092499999945],[-49.67044439999995,-15.30886449999997],[-49.70996089999994,-15.301747899999953],[-49.71877469999998,-15.293623299999979],[-49.76088899999996,-15.295023899999933],[-49.770399199999986,-15.28814879999993],[-49.768827699999974,-15.277174199999934],[-49.74834999999996,-15.270259799999963],[-49.75517149999996,-15.26273059999994],[-49.745482799999934,-15.25224929999996],[-49.74667999999997,-15.240195099999937],[-49.714916899999935,-15.255052999999975],[-49.69251989999998,-15.250550699999962],[-49.68488569999994,-15.239213499999948],[-49.650710999999944,-15.25293229999994],[-49.63235949999995,-15.232712999999933],[-49.60571299999998,-15.222574799999961],[-49.58549399999998,-15.190392299999928],[-49.54942109999996,-15.184059599999955],[-49.547784999999976,-15.20402299999995],[-49.564565699999946,-15.239521899999943],[-49.55073489999995,-15.25864439999998],[-49.55309799999998,-15.27578399999993],[-49.56701899999996,-15.281515499999955],[-49.57240529999996,-15.301575899999932],[-49.58950629999998,-15.312440799999933],[-49.57482859999993,-15.337950999999975],[-49.59405909999998,-15.342400099999963],[-49.59121219999997,-15.354490899999973],[-49.60760989999994,-15.362307999999928]]]}},{"id":"5385","type":"Feature","properties":{"COD_IBGE":"5205455","MUNICIPIO":"Cezarina","UF":"GO"},"geometry":{"type":"Polygon","coordinates":[[[-49.75838399999998,-17.13635809999994],[-49.816785299999935,-17.16415489999997],[-49.830253599999935,-17.15761779999997],[-49.843588799999964,-17.164103099999977],[-49.851577599999985,-17.14684219999998],[-49.85002749999995,-17.122605799999974],[-49.823846199999934,-17.098343299999954],[-49.82167949999996,-17.066669599999955],[-49.830205399999954,-17.049349699999937],[-49.853233999999986,-17.040973299999962],[-49.844141699999966,-17.02356119999996],[-49.81927659999997,-17.011166499999945],[-49.85305299999993,-17.00926069999997],[-49.85465789999995,-16.99015689999993],[-49.88040289999998,-16.974206599999945],[-49.85495549999996,-16.943932099999927],[-49.837381999999934,-16.957872899999927],[-49.82015839999997,-16.952554599999928],[-49.82331799999997,-16.922403999999972],[-49.80164999999994,-16.902705399999945],[-49.77887569999996,-16.90758479999994],[-49.77683449999995,-16.922432699999945],[-49.74264479999994,-16.948869099999968],[-49.73946499999994,-16.968843999999933],[-49.74783249999996,-16.979783699999928],[-49.75089479999997,-17.01113429999998],[-49.738481399999955,-17.022091899999964],[-49.725832399999945,-17.070227599999953],[-49.73147689999996,-17.07280579999997],[-49.72480589999998,-17.077096499999982],[-49.71673139999996,-17.068571799999972],[-49.705376799999954,-17.07545129999994],[-49.71941769999995,-17.082361799999944],[-49.70061819999995,-17.085844599999973],[-49.69776669999993,-17.10815999999994],[-49.684231899999986,-17.112589899999932],[-49.687365599999964,-17.132801599999937],[-49.679094299999974,-17.14412169999997],[-49.67036499999995,-17.140236399999935],[-49.651542699999936,-17.15048239999993],[-49.66253229999995,-17.156519499999945],[-49.654907399999956,-17.170438399999966],[-49.66532749999993,-17.17770239999993],[-49.64252469999997,-17.182389299999954],[-49.64487569999994,-17.197899199999938],[-49.631221799999935,-17.202528099999938],[-49.63185619999996,-17.22587699999997],[-49.61854239999997,-17.22915389999997],[-49.61448389999998,-17.24159819999994],[-49.62715529999997,-17.244061399999964],[-49.61345389999997,-17.25759499999998],[-49.61323489999995,-17.276855799999964],[-49.62647629999998,-17.28002769999995],[-49.629380099999935,-17.288350199999968],[-49.61867829999994,-17.291389599999945],[-49.63313969999996,-17.29568869999997],[-49.636035799999945,-17.306013399999927],[-49.65278069999994,-17.288134499999956],[-49.65852929999994,-17.25428919999996],[-49.67063319999994,-17.250877899999978],[-49.68061269999998,-17.224819499999967],[-49.70550939999998,-17.207578499999954],[-49.71013229999994,-17.191245599999945],[-49.72318119999994,-17.18728569999996],[-49.73170909999993,-17.154405399999973],[-49.742697599999985,-17.15321679999994],[-49.75838399999998,-17.13635809999994]]]}},{"id":"5386","type":"Feature","properties":{"COD_IBGE":"5205471","MUNICIPIO":"Chapadão do Céu","UF":"GO"},"geometry":{"type":"Polygon","coordinates":[[[-52.71958539999997,-18.691447099999948],[-52.748103999999955,-18.69205569999997],[-52.809101199999986,-18.667214999999942],[-52.825431099999946,-18.672399799999937],[-52.846468699999946,-18.666952999999978],[-52.87340599999993,-18.645865899999933],[-52.83848599999993,-18.42363249999994],[-52.79851259999998,-18.414861299999927],[-52.78606769999993,-18.390309099999968],[-52.75887319999998,-18.363140399999963],[-52.75931959999997,-18.348070899999982],[-52.77590329999998,-18.328753399999982],[-52.82079079999994,-18.31072489999997],[-52.78256909999993,-18.07044469999994],[-52.776989999999955,-18.09141909999994],[-52.74679749999996,-18.129308399999957],[-52.70889329999994,-18.15380049999993],[-52.70835969999996,-18.165920299999982],[-52.69976359999998,-18.16536869999993],[-52.69739729999998,-18.17408199999994],[-52.69277459999995,-18.16823599999998],[-52.67238359999993,-18.181027399999948],[-52.667331099999956,-18.200209899999948],[-52.649626499999954,-18.21106999999995],[-52.64386529999996,-18.22761909999997],[-52.63324789999996,-18.221262199999956],[-52.62071929999996,-18.23873229999998],[-52.60567089999995,-18.238765299999955],[-52.58160399999997,-18.28407409999994],[-52.54553089999996,-18.313473699999975],[-52.53233259999996,-18.31230949999997],[-52.52149869999994,-18.330151199999932],[-52.526157799999964,-18.341336799999965],[-52.500476799999944,-18.348253399999976],[-52.49343539999995,-18.34340469999995],[-52.47674069999994,-18.358774599999947],[-52.47787159999996,-18.37217119999997],[-52.46615419999995,-18.384518399999934],[-52.47176969999998,-18.395916899999975],[-52.467732799999965,-18.39486919999996],[-52.46163399999995,-18.400610299999983],[-52.46871769999996,-18.40466349999997],[-52.46472829999993,-18.40965259999996],[-52.45113969999994,-18.411965899999927],[-52.432329799999934,-18.435251799999946],[-52.39905109999995,-18.44851589999996],[-52.40113979999995,-18.456034299999942],[-52.39073019999995,-18.454324199999974],[-52.389205699999934,-18.461523799999952],[-52.36913019999997,-18.46930009999994],[-52.33655319999997,-18.469355099999973],[-52.31930849999998,-18.483272299999953],[-52.30812359999993,-18.500832699999933],[-52.32542859999995,-18.51058329999995],[-52.32982019999997,-18.55451679999993],[-52.28849409999998,-18.590720199999964],[-52.29066659999995,-18.615270299999963],[-52.381925999999964,-18.576750199999935],[-52.428121799999985,-18.635023399999966],[-52.50194949999997,-18.675914699999964],[-52.53154929999994,-18.65748069999995],[-52.54649039999998,-18.656596999999977],[-52.592440599999975,-18.68902049999997],[-52.62123709999997,-18.688432399999954],[-52.63241199999993,-18.695589799999937],[-52.68394379999995,-18.677612199999942],[-52.71958539999997,-18.691447099999948]]]}},{"id":"5387","type":"Feature","properties":{"COD_IBGE":"5205497","MUNICIPIO":"Cidade Ocidental","UF":"GO"},"geometry":{"type":"Polygon","coordinates":[[[-47.94737729999997,-16.127180599999974],[-47.964268499999946,-16.097483599999975],[-47.93864599999995,-16.04985149999993],[-47.68363729999993,-16.049848399999973],[-47.68830129999998,-16.05904069999997],[-47.675994799999955,-16.06863029999994],[-47.68679979999996,-16.07064409999998],[-47.69201069999997,-16.084117999999933],[-47.72441349999997,-16.09353969999995],[-47.71944649999995,-16.102111199999968],[-47.72947519999997,-16.12581849999998],[-47.72530469999998,-16.150960599999962],[-47.73528879999998,-16.179999899999927],[-47.77439099999998,-16.230955999999935],[-47.789075999999966,-16.230380499999967],[-47.78214249999996,-16.24249109999994],[-47.787958199999935,-16.25788099999994],[-47.83804269999996,-16.231611999999927],[-47.85349639999998,-16.205816899999945],[-47.86401929999994,-16.15668489999996],[-47.91971859999995,-16.13091259999993],[-47.94737729999997,-16.127180599999974]]]}},{"id":"5388","type":"Feature","properties":{"COD_IBGE":"5205513","MUNICIPIO":"Cocalzinho de Goiás","UF":"GO"},"geometry":{"type":"Polygon","coordinates":[[[-48.552328099999954,-15.780827699999975],[-48.576193399999966,-15.763929799999971],[-48.62299049999996,-15.753055299999971],[-48.666934899999944,-15.76798199999996],[-48.69969009999994,-15.807390699999928],[-48.67956179999993,-15.822388799999942],[-48.682534799999985,-15.830088199999977],[-48.66940319999998,-15.835903599999938],[-48.66263349999997,-15.84951639999997],[-48.67458069999998,-15.862048399999935],[-48.709801099999936,-15.853912599999944],[-48.71854459999997,-15.865425199999947],[-48.745303399999955,-15.861788699999977],[-48.76240329999996,-15.855038399999955],[-48.78323139999998,-15.819610499999953],[-48.83569669999997,-15.83242649999994],[-48.85693719999995,-15.811134899999956],[-48.85640119999994,-15.801595599999928],[-48.83020349999998,-15.79753409999995],[-48.83195329999995,-15.784817499999974],[-48.81668039999994,-15.750003099999958],[-48.836338799999965,-15.725762799999927],[-48.824298399999975,-15.718721199999948],[-48.83249089999998,-15.710235099999977],[-48.83266669999995,-15.689597999999933],[-48.82374919999995,-15.689510999999982],[-48.808462599999984,-15.667398599999956],[-48.81410669999997,-15.653152299999931],[-48.808487999999954,-15.635005599999943],[-48.82898369999998,-15.624768599999982],[-48.79183469999998,-15.585393899999929],[-48.803993899999966,-15.57462959999998],[-48.79210569999998,-15.554701999999963],[-48.809608999999966,-15.54540389999994],[-48.82344199999994,-15.548690799999974],[-48.82842539999996,-15.537206899999944],[-48.79806589999998,-15.499215099999958],[-48.76423169999998,-15.486114099999952],[-48.741222999999934,-15.492734999999982],[-48.74780509999994,-15.472735899999975],[-48.730187599999965,-15.463914899999963],[-48.70816979999995,-15.391160199999945],[-48.68926369999997,-15.399956699999962],[-48.66076239999995,-15.370397999999966],[-48.61973479999995,-15.358827499999961],[-48.59359969999997,-15.364297199999953],[-48.57700179999995,-15.376794399999937],[-48.57347759999993,-15.371793999999966],[-48.56448339999997,-15.38747849999993],[-48.570514499999945,-15.39409089999998],[-48.55943629999996,-15.399541799999952],[-48.56531899999993,-15.41086409999997],[-48.55818339999996,-15.418367699999976],[-48.56486369999993,-15.420977599999958],[-48.56016059999996,-15.431955399999936],[-48.570970099999954,-15.435487799999976],[-48.55309999999997,-15.460331699999927],[-48.55663819999995,-15.46972999999997],[-48.58003899999994,-15.48135469999994],[-48.58009589999995,-15.509088099999929],[-48.59060089999997,-15.51411239999993],[-48.590513199999975,-15.529596099999935],[-48.59841019999993,-15.533765199999948],[-48.59137909999998,-15.540913599999953],[-48.58680399999997,-15.535944599999937],[-48.58277319999996,-15.554372399999977],[-48.56131959999993,-15.569366399999979],[-48.56661449999996,-15.572794299999941],[-48.55955389999997,-15.583964299999934],[-48.54478169999993,-15.583276199999943],[-48.54587559999993,-15.606911799999978],[-48.52482519999995,-15.605521899999928],[-48.52519529999995,-15.616041399999972],[-48.51769159999998,-15.61033249999997],[-48.48041319999993,-15.619818299999963],[-48.40896849999996,-15.655248799999981],[-48.391264399999955,-15.644756299999926],[-48.38140629999998,-15.622576599999945],[-48.38438039999994,-15.611078499999962],[-48.34941159999994,-15.636025099999927],[-48.30828079999998,-15.621474399999954],[-48.25148619999993,-15.651853399999936],[-48.299555399999974,-15.709525199999973],[-48.30702759999997,-15.706010899999967],[-48.31604699999997,-15.720113799999979],[-48.32718449999993,-15.713299499999948],[-48.34915559999996,-15.725689399999965],[-48.356817099999944,-15.775267199999973],[-48.35049789999994,-15.792141399999934],[-48.37795259999996,-15.81493219999993],[-48.386559199999965,-15.853980299999932],[-48.40658819999993,-15.877247099999977],[-48.41786289999993,-15.913366399999973],[-48.456795899999975,-15.888620499999945],[-48.461906399999975,-15.82972639999997],[-48.494091699999956,-15.82904149999996],[-48.511126899999965,-15.813422099999968],[-48.53038789999994,-15.811114799999928],[-48.552328099999954,-15.780827699999975]]]}},{"id":"5389","type":"Feature","properties":{"COD_IBGE":"5205521","MUNICIPIO":"Colinas do Sul","UF":"GO"},"geometry":{"type":"Polygon","coordinates":[[[-48.08686359999996,-14.190676199999928],[-48.12619339999998,-14.171331099999975],[-48.11801469999995,-14.158289199999956],[-48.13719239999995,-14.14092979999998],[-48.13933229999998,-14.125608399999976],[-48.14803219999993,-14.130099099999939],[-48.16313839999998,-14.11864769999994],[-48.15884719999997,-14.110464499999978],[-48.174766799999986,-14.089112799999953],[-48.170921299999975,-14.067772899999966],[-48.184432699999945,-14.059217499999932],[-48.18076479999996,-14.046278099999938],[-48.19468049999995,-14.031564499999945],[-48.19358059999996,-14.02219219999995],[-48.21850489999997,-14.018047199999955],[-48.215806499999985,-13.999694399999953],[-48.24539859999993,-13.993591799999933],[-48.25429479999997,-13.978047899999979],[-48.25120849999996,-13.961027099999967],[-48.27669139999995,-13.94878129999995],[-48.281055599999945,-13.939217999999926],[-48.28914179999998,-13.943997699999954],[-48.30215049999998,-13.93689569999998],[-48.31131389999996,-13.944886099999962],[-48.32714679999998,-13.928944299999955],[-48.32594709999995,-13.906338299999959],[-48.34060949999997,-13.888510799999949],[-48.346652699999936,-13.86238039999995],[-48.33588179999998,-13.836711999999977],[-48.320167899999944,-13.84581819999994],[-48.29207169999995,-13.831157799999971],[-48.247941899999944,-13.85837179999993],[-48.20763809999994,-13.82215969999993],[-48.18830729999996,-13.78248739999998],[-48.18034929999993,-13.783429399999932],[-48.17236789999998,-13.772557099999972],[-48.15275329999997,-13.77209149999993],[-48.13745809999995,-13.75353599999994],[-48.147451099999955,-13.703299699999945],[-48.140862099999936,-13.68603429999996],[-48.14462759999998,-13.658364499999948],[-48.12031899999994,-13.628445599999964],[-48.09311059999993,-13.659283699999946],[-48.09574689999994,-13.68491629999994],[-48.08065149999993,-13.681353399999978],[-48.06527339999997,-13.702334299999961],[-48.05771279999993,-13.702045099999964],[-48.05156599999998,-13.72298369999993],[-48.05977789999997,-13.73364479999998],[-48.04675199999997,-13.741671099999962],[-48.04124369999994,-13.734671899999967],[-48.03823229999995,-13.746455899999944],[-48.026682499999936,-13.743678699999975],[-48.02714089999995,-13.736281499999961],[-48.01912949999996,-13.73849169999994],[-48.02862989999994,-13.75101589999997],[-48.02426609999998,-13.764292399999931],[-48.034716199999934,-13.76373579999995],[-48.03056019999997,-13.776578399999948],[-48.01555229999997,-13.782562699999971],[-48.02845769999993,-13.817352099999937],[-48.009416399999964,-13.816771999999958],[-47.99829569999997,-13.83399769999994],[-47.96145949999993,-13.851387099999954],[-47.95522699999998,-13.861449599999958],[-47.94754709999995,-13.887056099999938],[-47.96604979999995,-13.900885499999958],[-47.957258699999954,-13.917267699999968],[-47.963980499999934,-13.92906469999997],[-47.95893879999994,-13.940763499999946],[-47.93014809999994,-13.95661999999993],[-47.93506139999994,-13.965970999999968],[-47.92348679999998,-13.971714799999972],[-47.922515499999975,-13.981586299999947],[-47.92876179999996,-13.990962599999932],[-47.90808259999994,-14.013574699999936],[-47.926663099999985,-14.035180999999966],[-47.91326729999997,-14.045928199999935],[-47.90453229999997,-14.039427299999943],[-47.899224499999946,-14.045255699999927],[-47.89808709999994,-14.08159939999996],[-47.892060199999946,-14.083996099999979],[-47.908987699999955,-14.099037199999941],[-47.918623999999966,-14.097002499999974],[-47.903340399999934,-14.112201599999935],[-47.91341589999996,-14.119784999999979],[-47.909220999999945,-14.129957799999943],[-47.91668089999996,-14.14915549999995],[-47.89608089999996,-14.16695139999996],[-47.93201979999998,-14.177054999999939],[-47.83987029999997,-14.33638499999995],[-47.86672489999995,-14.338030599999968],[-47.86474219999997,-14.348551199999974],[-47.87289679999998,-14.35293459999997],[-47.891887699999984,-14.333884099999977],[-47.90773349999995,-14.338877999999966],[-47.92678919999997,-14.300957899999958],[-47.91157119999997,-14.297573199999931],[-47.908883499999945,-14.281627399999934],[-47.92234899999994,-14.275262899999973],[-47.950629499999934,-14.285105899999962],[-47.968717599999934,-14.260977599999933],[-47.978319899999974,-14.263119199999949],[-47.981741399999976,-14.255997699999966],[-47.99434199999996,-14.256636299999968],[-48.003051899999946,-14.267692599999975],[-48.00504749999993,-14.243021699999929],[-48.02025229999998,-14.241904199999965],[-48.02842529999998,-14.231762899999978],[-48.045186299999955,-14.234196699999927],[-48.049977499999954,-14.213158199999953],[-48.06576659999996,-14.214655999999934],[-48.08686359999996,-14.190676199999928]]]}},{"id":"5390","type":"Feature","properties":{"COD_IBGE":"5205703","MUNICIPIO":"Córrego do Ouro","UF":"GO"},"geometry":{"type":"Polygon","coordinates":[[[-50.487143799999956,-16.29299359999993],[-50.48455979999994,-16.329791899999975],[-50.504051199999935,-16.33889769999996],[-50.50189089999998,-16.35738589999994],[-50.520462899999984,-16.366650899999968],[-50.52226889999997,-16.39534279999998],[-50.54216299999996,-16.39132639999997],[-50.533232699999985,-16.408869299999935],[-50.547999499999946,-16.401710399999956],[-50.54685329999995,-16.41786959999996],[-50.53978259999997,-16.423313899999982],[-50.536421099999984,-16.41640899999993],[-50.52918989999995,-16.427175399999953],[-50.54139279999998,-16.443888799999968],[-50.551680999999974,-16.443425699999977],[-50.540515899999946,-16.456508199999973],[-50.54631129999996,-16.46234979999997],[-50.54214099999996,-16.47193999999996],[-50.52857259999996,-16.485149699999965],[-50.53899809999996,-16.491515799999945],[-50.53900299999998,-16.508899699999972],[-50.55352559999994,-16.510257199999955],[-50.56065389999998,-16.521703799999955],[-50.56710349999997,-16.51038989999995],[-50.571685299999956,-16.517288399999927],[-50.58366739999997,-16.505960999999957],[-50.60174619999998,-16.506464999999935],[-50.60584019999993,-16.49338769999997],[-50.619370799999956,-16.496784299999945],[-50.61465679999998,-16.510183799999936],[-50.62410749999998,-16.50921059999996],[-50.631257199999936,-16.494236499999943],[-50.63515789999997,-16.50330789999998],[-50.62830889999998,-16.510900499999934],[-50.64583689999995,-16.50736379999995],[-50.64369349999998,-16.497288699999956],[-50.65892679999996,-16.48937829999994],[-50.659985699999936,-16.44903789999995],[-50.682416699999976,-16.450247499999932],[-50.675553099999945,-16.44636369999995],[-50.67355999999995,-16.41010229999995],[-50.68638809999993,-16.388026399999944],[-50.67917099999994,-16.33389269999998],[-50.66644599999995,-16.33404299999995],[-50.649152999999956,-16.319077899999968],[-50.609250799999984,-16.32103799999993],[-50.60054509999998,-16.307263499999976],[-50.610140799999954,-16.274081699999954],[-50.59963849999997,-16.237062799999933],[-50.55846999999994,-16.200044099999957],[-50.531242599999985,-16.236930899999948],[-50.505570499999976,-16.22836079999996],[-50.49469659999994,-16.248983599999974],[-50.46320909999997,-16.259195399999953],[-50.487143799999956,-16.29299359999993]]]}},{"id":"5391","type":"Feature","properties":{"COD_IBGE":"5205802","MUNICIPIO":"Corumbá de Goiás","UF":"GO"},"geometry":{"type":"Polygon","coordinates":[[[-48.79217289999997,-16.012836899999968],[-48.90673829999997,-15.989411899999936],[-48.88991439999995,-15.958606699999962],[-48.901638799999944,-15.94967749999995],[-48.90148879999998,-15.884595399999967],[-48.89570999999995,-15.876257099999975],[-48.86843639999995,-15.874063699999965],[-48.86959919999998,-15.846877999999947],[-48.84339509999995,-15.843361399999935],[-48.862304999999935,-15.812255799999946],[-48.85821599999997,-15.802293499999962],[-48.836007999999936,-15.83237029999998],[-48.78323139999998,-15.819610499999953],[-48.75627449999996,-15.858316099999968],[-48.71854459999997,-15.865425199999947],[-48.709801099999936,-15.853912599999944],[-48.67458069999998,-15.862048399999935],[-48.66263349999997,-15.84951639999997],[-48.66940319999998,-15.835903599999938],[-48.682534799999985,-15.830088199999977],[-48.67956179999993,-15.822388799999942],[-48.69969009999994,-15.807390699999928],[-48.66744659999995,-15.768402099999946],[-48.64383779999997,-15.764760299999978],[-48.63983399999995,-15.754944399999943],[-48.57598619999993,-15.76401599999997],[-48.552328099999954,-15.780827699999975],[-48.53038789999994,-15.811114799999928],[-48.511126899999965,-15.813422099999968],[-48.494091699999956,-15.82904149999996],[-48.461906399999975,-15.82972639999997],[-48.456795899999975,-15.888620499999945],[-48.43587709999997,-15.897865699999954],[-48.43720489999998,-15.904146199999957],[-48.414084799999955,-15.921520199999975],[-48.42251609999994,-15.948152299999947],[-48.40815429999998,-15.977109999999982],[-48.423922999999945,-15.987670799999933],[-48.487946499999964,-15.935560499999951],[-48.52845929999995,-15.933083199999942],[-48.54209039999995,-15.913648799999976],[-48.590652199999965,-15.920555799999931],[-48.60832769999996,-15.939997499999947],[-48.62874679999993,-15.927854099999934],[-48.62866239999994,-15.94190889999993],[-48.65064929999994,-15.97405649999996],[-48.64940249999995,-15.987290499999972],[-48.62999639999998,-16.00919719999996],[-48.615027699999985,-16.058259799999973],[-48.622828099999936,-16.12722139999994],[-48.61223369999993,-16.145368599999927],[-48.62361599999997,-16.150374399999976],[-48.650566699999956,-16.144604699999945],[-48.66681099999994,-16.15450119999997],[-48.68342579999995,-16.14669509999993],[-48.71304799999996,-16.120518799999957],[-48.72209859999998,-16.095332799999937],[-48.75897279999998,-16.071018599999945],[-48.78444689999998,-16.038605299999972],[-48.79217289999997,-16.012836899999968]]]}},{"id":"5392","type":"Feature","properties":{"COD_IBGE":"5205901","MUNICIPIO":"Corumbaíba","UF":"GO"},"geometry":{"type":"Polygon","coordinates":[[[-48.56394899999998,-18.324585199999945],[-48.597272499999974,-18.334811099999968],[-48.63382489999998,-18.32764839999993],[-48.64716969999995,-18.343890599999952],[-48.697746999999936,-18.350166299999955],[-48.736946099999955,-18.354081899999983],[-48.757723399999975,-18.34476109999997],[-48.77141379999995,-18.358242299999972],[-48.78716849999995,-18.353201399999932],[-48.79827999999998,-18.358555899999942],[-48.81636159999994,-18.37966119999993],[-48.828024899999946,-18.37524879999995],[-48.83713469999998,-18.341480799999943],[-48.872751499999936,-18.33284679999997],[-48.882893199999955,-18.31885139999997],[-48.90711419999997,-18.31634589999993],[-48.91774469999996,-18.30587939999998],[-48.897409799999934,-18.30141509999993],[-48.89979669999997,-18.270304599999974],[-48.87833419999998,-18.271320899999978],[-48.86621289999994,-18.296365899999955],[-48.85673779999996,-18.29898369999995],[-48.84549819999995,-18.272733199999948],[-48.82266789999994,-18.264504899999963],[-48.819528899999966,-18.23732739999997],[-48.78038389999995,-18.241666299999963],[-48.713709499999936,-18.201099399999976],[-48.72805759999994,-18.190376499999957],[-48.71660319999995,-18.170791899999926],[-48.72923549999996,-18.17363759999995],[-48.73088599999994,-18.164592099999936],[-48.71437579999997,-18.141712299999938],[-48.70381459999993,-18.15179809999995],[-48.68421429999995,-18.123063399999978],[-48.69013649999994,-18.118484799999976],[-48.709230599999955,-18.125683399999957],[-48.710638899999935,-18.11437639999997],[-48.69099659999995,-18.09265499999998],[-48.65645829999994,-18.088065299999982],[-48.65921909999997,-18.066169599999967],[-48.647105899999985,-18.061981899999978],[-48.643037299999946,-18.050239099999942],[-48.634618699999976,-18.04916369999995],[-48.637443099999984,-18.06378289999998],[-48.62120249999998,-18.057244399999945],[-48.615872499999966,-18.06669919999996],[-48.60395429999994,-18.067315399999927],[-48.58864339999997,-18.055970699999932],[-48.562293299999965,-18.053447799999958],[-48.53825569999998,-18.03334449999994],[-48.54677979999997,-18.02149469999995],[-48.54026609999994,-18.011158699999953],[-48.54495089999995,-17.994354899999962],[-48.519096599999955,-17.981857599999955],[-48.51859579999996,-17.93204359999993],[-48.52633419999995,-17.923974399999963],[-48.51011889999995,-17.91338799999994],[-48.51202579999995,-17.87854999999996],[-48.493942199999935,-17.86581089999993],[-48.482379599999945,-17.871103799999958],[-48.47194319999994,-17.86608609999996],[-48.45106879999997,-17.846359099999972],[-48.45207489999996,-17.83857729999994],[-48.431455899999946,-17.86086419999998],[-48.42280199999993,-17.852905799999974],[-48.412021799999934,-17.856067699999983],[-48.40702909999993,-17.91461469999996],[-48.39559159999993,-17.91576699999996],[-48.38759239999996,-17.93946989999995],[-48.37272029999997,-17.946712099999957],[-48.34687679999996,-17.945757399999934],[-48.333183099999985,-17.93573699999996],[-48.31419569999997,-17.943128599999966],[-48.308655199999976,-17.96798339999998],[-48.31910549999998,-17.985883199999932],[-48.297335499999974,-18.035123599999963],[-48.32326989999996,-18.05514859999994],[-48.33379569999994,-18.078617299999962],[-48.36736309999998,-18.08832259999997],[-48.36898189999994,-18.10766559999996],[-48.39682359999995,-18.129466799999932],[-48.39599359999994,-18.144468699999948],[-48.37721259999995,-18.151498499999946],[-48.375938599999984,-18.17367809999996],[-48.35919609999996,-18.171714599999973],[-48.33773219999995,-18.201931999999942],[-48.32098589999998,-18.25441559999996],[-48.30852489999995,-18.25933539999994],[-48.31383389999996,-18.26900089999998],[-48.301004199999966,-18.28120309999997],[-48.33407439999996,-18.28707909999997],[-48.323969199999965,-18.300942799999973],[-48.32622569999995,-18.311621599999967],[-48.33992189999998,-18.311904599999934],[-48.339606199999935,-18.326381599999934],[-48.356024299999945,-18.321420199999977],[-48.356573999999966,-18.340804499999933],[-48.34283209999995,-18.342575799999963],[-48.34640559999997,-18.35668579999998],[-48.331836399999986,-18.355646099999944],[-48.34183539999998,-18.370777499999974],[-48.40001289999998,-18.37280889999994],[-48.408497599999976,-18.358004299999948],[-48.436573899999985,-18.365305899999953],[-48.44566089999995,-18.355301399999973],[-48.48123519999996,-18.380138699999975],[-48.484806499999934,-18.353631999999948],[-48.515649199999984,-18.366415899999936],[-48.53111149999995,-18.35107449999998],[-48.55099659999996,-18.35009089999994],[-48.55374679999994,-18.33139579999994],[-48.56394899999998,-18.324585199999945]]]}},{"id":"5393","type":"Feature","properties":{"COD_IBGE":"5206206","MUNICIPIO":"Cristalina","UF":"GO"},"geometry":{"type":"Polygon","coordinates":[[[-47.57066819999994,-17.211338499999954],[-47.597979399999986,-17.16590659999997],[-47.63973189999996,-17.145154499999933],[-47.641821999999934,-17.129659299999958],[-47.658621299999936,-17.107684199999937],[-47.65563849999995,-17.092583399999967],[-47.69380079999996,-17.078437099999974],[-47.69602669999995,-17.065410999999926],[-47.712670199999934,-17.053044799999952],[-47.708862299999964,-17.044603199999926],[-47.71911579999994,-17.032427799999937],[-47.69903409999995,-16.99991579999994],[-47.69627989999998,-16.95946809999998],[-47.68389579999996,-16.942209299999945],[-47.68994989999993,-16.89916729999993],[-47.69702559999996,-16.912769199999957],[-47.73330219999997,-16.92915979999998],[-47.77177909999995,-16.91831469999994],[-47.788759599999935,-16.927822999999933],[-47.806991799999935,-16.91683359999996],[-47.86251169999997,-16.925938799999926],[-47.88211299999995,-16.926125799999966],[-47.89246749999995,-16.918129199999953],[-47.894572799999935,-16.91020539999994],[-47.885874299999955,-16.90529879999997],[-47.89629559999997,-16.89801049999994],[-47.88497429999995,-16.88278319999995],[-47.895060299999955,-16.88137839999996],[-47.88752119999998,-16.876350199999933],[-47.89313199999998,-16.861382599999956],[-47.882298599999956,-16.845525899999927],[-47.89851379999993,-16.82963589999997],[-47.88938079999997,-16.820043299999952],[-47.902535099999966,-16.813018599999964],[-47.897594899999945,-16.80262749999997],[-47.87984129999995,-16.80264159999996],[-47.88660649999997,-16.785447399999953],[-47.87761809999995,-16.783348699999976],[-47.88789699999995,-16.75320039999997],[-47.88269839999998,-16.744838399999935],[-47.891417099999956,-16.74374329999995],[-47.886920499999974,-16.72597819999993],[-47.87376169999993,-16.717993399999955],[-47.88031589999997,-16.704500999999937],[-47.86730579999994,-16.68016579999994],[-47.85916979999996,-16.68110889999997],[-47.86204249999997,-16.672495999999967],[-47.84318019999995,-16.659028399999954],[-47.83942099999996,-16.64510269999994],[-47.832118399999956,-16.647070999999983],[-47.81980579999998,-16.63491879999998],[-47.82199989999998,-16.61545659999996],[-47.804283399999974,-16.600733799999944],[-47.809135899999944,-16.58463329999995],[-47.800104999999974,-16.564734399999963],[-47.80880899999994,-16.559649499999978],[-47.80225749999994,-16.555101199999967],[-47.80827799999997,-16.550017099999934],[-47.79775979999994,-16.54630149999997],[-47.80302299999994,-16.539060399999983],[-47.79412929999995,-16.529979599999933],[-47.80070839999996,-16.530880099999933],[-47.80187629999995,-16.527898599999958],[-47.794348799999966,-16.52278389999998],[-47.77813629999997,-16.53278679999994],[-47.77778399999994,-16.564491499999974],[-47.769645899999944,-16.57052249999998],[-47.758218899999974,-16.55740629999997],[-47.727819299999965,-16.544662199999948],[-47.71679119999993,-16.52122829999996],[-47.717384299999935,-16.46756679999993],[-47.64946759999998,-16.37995449999994],[-47.653426499999966,-16.322711699999957],[-47.641072399999985,-16.282441999999946],[-47.66496529999995,-16.239224099999944],[-47.65499319999998,-16.17708529999993],[-47.65816099999995,-16.167039899999963],[-47.73240339999995,-16.166222999999945],[-47.72530469999998,-16.150960599999962],[-47.72947519999997,-16.12581849999998],[-47.71944649999995,-16.102111199999968],[-47.723326499999985,-16.09205099999997],[-47.69201069999997,-16.084117999999933],[-47.68679979999996,-16.07064409999998],[-47.67616599999997,-16.06901149999993],[-47.68830129999998,-16.05904069999997],[-47.68363729999993,-16.049848399999973],[-47.308504099999936,-16.049971399999947],[-47.304796899999985,-16.060962399999937],[-47.31576039999993,-16.067328499999974],[-47.30822359999996,-16.07481669999993],[-47.316096699999946,-16.080044199999975],[-47.311344599999984,-16.08813269999996],[-47.33291109999993,-16.08673159999995],[-47.33806139999996,-16.128383499999927],[-47.352732199999934,-16.132830299999966],[-47.350374699999975,-16.14812829999994],[-47.342447499999935,-16.14857189999998],[-47.34862599999997,-16.155103999999938],[-47.34032429999996,-16.158175299999982],[-47.34501229999995,-16.164066799999944],[-47.33195669999998,-16.171739199999934],[-47.34051119999998,-16.185256599999946],[-47.32995919999996,-16.184948599999927],[-47.33632289999997,-16.201587599999982],[-47.32211979999994,-16.208775199999934],[-47.33019139999993,-16.214347199999963],[-47.32198109999996,-16.231425599999966],[-47.327144299999986,-16.248641299999974],[-47.333821099999966,-16.248477899999955],[-47.33428799999996,-16.25858649999998],[-47.351608399999975,-16.275413399999934],[-47.352421499999934,-16.30667619999997],[-47.36548879999998,-16.329881099999966],[-47.426609499999984,-16.393249899999944],[-47.42250869999998,-16.412518999999975],[-47.43361659999994,-16.43952349999995],[-47.42912149999995,-16.442661199999975],[-47.44616989999997,-16.450146399999937],[-47.44827479999998,-16.464252699999975],[-47.45436749999993,-16.464611399999967],[-47.45952459999995,-16.504125899999963],[-47.44600499999996,-16.517366899999956],[-47.44422979999996,-16.539302599999928],[-47.43045289999998,-16.539989399999968],[-47.42905499999995,-16.550951699999928],[-47.414472899999964,-16.54634509999994],[-47.405463699999984,-16.555248399999982],[-47.40607229999995,-16.557825099999945],[-47.41038359999993,-16.556512399999974],[-47.41279279999998,-16.559386899999936],[-47.413223899999934,-16.574171899999953],[-47.39691099999993,-16.571097099999974],[-47.38609489999993,-16.587545999999975],[-47.38664019999993,-16.577714499999956],[-47.37726959999998,-16.578565199999957],[-47.37643269999995,-16.599679799999933],[-47.357577499999934,-16.586889799999938],[-47.34315389999995,-16.591410399999972],[-47.33635099999998,-16.615506599999947],[-47.319296399999985,-16.602018999999927],[-47.321255399999984,-16.61687349999994],[-47.30576039999994,-16.62300339999996],[-47.30808079999997,-16.63093729999997],[-47.298703899999964,-16.624370299999953],[-47.295667099999946,-16.635207799999932],[-47.287970299999984,-16.632632099999967],[-47.27759159999994,-16.659207399999957],[-47.26425219999993,-16.660470699999962],[-47.26082859999997,-16.653764999999964],[-47.25423499999994,-16.662608699999964],[-47.26057499999996,-16.666265099999976],[-47.25086209999995,-16.664807399999972],[-47.249327799999946,-16.67512039999997],[-47.25928159999995,-16.677634699999942],[-47.25707529999994,-16.68552989999995],[-47.24587879999996,-16.683537899999976],[-47.252428099999975,-16.703942599999948],[-47.242169899999965,-16.70284959999998],[-47.222883499999966,-16.724077999999963],[-47.23648919999994,-16.755345399999953],[-47.233141699999976,-16.76470649999993],[-47.22434169999997,-16.76105199999995],[-47.23068179999996,-16.77579099999997],[-47.218001699999945,-16.781387699999982],[-47.22118439999997,-16.807766199999946],[-47.207921099999965,-16.81903019999993],[-47.21381729999996,-16.827574999999968],[-47.19456889999998,-16.824589199999934],[-47.206437499999936,-16.83838879999996],[-47.20206289999993,-16.86281779999996],[-47.21033029999995,-16.86528119999997],[-47.208897399999955,-16.874636799999962],[-47.194213899999966,-16.88243879999993],[-47.203723999999966,-16.889318499999945],[-47.194353399999954,-16.896852999999965],[-47.19884209999998,-16.908063199999958],[-47.18187619999998,-16.90132989999995],[-47.174724699999956,-16.917416699999933],[-47.16064979999993,-16.91973379999996],[-47.174382299999934,-16.931367199999954],[-47.15795529999997,-16.939852299999927],[-47.16743999999994,-16.951314699999955],[-47.15349189999995,-16.953412999999955],[-47.159045799999944,-16.96300679999996],[-47.14438759999996,-16.96305529999995],[-47.142992799999945,-16.97173909999998],[-47.128309299999955,-16.97593519999998],[-47.13104819999995,-16.987783499999978],[-47.151539199999945,-16.997739299999978],[-47.13992419999994,-16.998782199999937],[-47.14382969999997,-17.010628999999938],[-47.13168219999994,-17.01007119999997],[-47.148369199999934,-17.02488779999993],[-47.146631999999954,-17.032325999999955],[-47.16208259999996,-17.031216599999937],[-47.16523999999998,-17.04754689999993],[-47.183613399999956,-17.036914799999977],[-47.18205369999998,-17.053268799999955],[-47.17494019999998,-17.054687199999933],[-47.18037099999998,-17.06280799999996],[-47.19587789999997,-17.060381699999937],[-47.19184379999996,-17.06956839999998],[-47.207809199999986,-17.067335999999955],[-47.20768059999995,-17.080355099999963],[-47.22442059999997,-17.076304499999935],[-47.22378619999995,-17.082544499999926],[-47.233731699999964,-17.08238149999994],[-47.22231759999994,-17.085526699999946],[-47.229733899999985,-17.089651199999935],[-47.246677799999986,-17.082036399999936],[-47.24817619999993,-17.098556599999938],[-47.26409989999996,-17.09822409999998],[-47.26593349999996,-17.11360849999994],[-47.27485909999996,-17.105834999999956],[-47.281957499999976,-17.114893199999926],[-47.275148599999966,-17.117830999999967],[-47.282172199999934,-17.12276079999998],[-47.27634889999996,-17.12740309999998],[-47.28342379999998,-17.130578199999945],[-47.282710099999974,-17.144099599999947],[-47.29581879999995,-17.13862299999994],[-47.307375399999955,-17.15901279999997],[-47.31104179999994,-17.14631829999996],[-47.32368199999996,-17.15562989999995],[-47.32767999999993,-17.14833589999995],[-47.333904899999936,-17.16529309999993],[-47.35198749999995,-17.166499399999964],[-47.35165949999998,-17.181963499999938],[-47.34017729999994,-17.187387099999967],[-47.361848099999975,-17.185081699999955],[-47.34989479999996,-17.20232889999994],[-47.360845799999936,-17.204619699999967],[-47.36264629999994,-17.222708499999953],[-47.37598079999998,-17.217155099999957],[-47.385318799999936,-17.227049199999954],[-47.37901459999995,-17.23627749999997],[-47.38725849999997,-17.239136799999926],[-47.384227299999964,-17.247782899999947],[-47.407815599999935,-17.245956099999944],[-47.40767589999996,-17.25643789999998],[-47.42290669999994,-17.260564399999964],[-47.41784819999998,-17.270462899999927],[-47.434459199999935,-17.27621849999997],[-47.419204099999945,-17.295447499999966],[-47.42937109999997,-17.308037599999977],[-47.42286619999993,-17.323089299999936],[-47.43537709999998,-17.31700529999995],[-47.45487749999995,-17.32973889999994],[-47.441562199999964,-17.348383999999953],[-47.46004369999997,-17.344150499999955],[-47.45746389999994,-17.353178699999944],[-47.46529359999994,-17.355853499999967],[-47.472225899999955,-17.34521469999993],[-47.487954799999955,-17.349506299999973],[-47.51036799999997,-17.332488999999953],[-47.50101089999998,-17.319032799999945],[-47.50007889999995,-17.296186999999975],[-47.509745099999975,-17.285112199999958],[-47.521690199999966,-17.286500699999976],[-47.53077739999998,-17.24308469999994],[-47.57066819999994,-17.211338499999954]]]}},{"id":"5394","type":"Feature","properties":{"COD_IBGE":"5206305","MUNICIPIO":"Cristianópolis","UF":"GO"},"geometry":{"type":"Polygon","coordinates":[[[-48.735007199999984,-17.169104499999946],[-48.72334109999997,-17.15853919999995],[-48.67460229999995,-17.16402779999993],[-48.646795699999984,-17.185606899999982],[-48.63705399999998,-17.16343729999994],[-48.625036499999965,-17.161125699999957],[-48.60232169999995,-17.13086199999998],[-48.603784099999984,-17.115692499999966],[-48.571569899999986,-17.130395499999963],[-48.58216589999995,-17.15152409999996],[-48.577694099999974,-17.161855499999945],[-48.589526199999966,-17.17285229999993],[-48.59053709999995,-17.202144399999952],[-48.60214079999997,-17.200823899999932],[-48.607356599999946,-17.22198819999994],[-48.70431849999994,-17.237567199999944],[-48.75460899999996,-17.27915109999998],[-48.79464279999996,-17.353739099999927],[-48.793002599999966,-17.34134369999998],[-48.80601459999997,-17.31518909999994],[-48.78398709999993,-17.288430799999958],[-48.799987999999985,-17.235709399999962],[-48.81064139999995,-17.225032099999964],[-48.800178399999936,-17.216395999999975],[-48.805241199999955,-17.18380979999995],[-48.800408699999934,-17.17985509999994],[-48.79184019999997,-17.195041699999933],[-48.76452739999996,-17.16997989999993],[-48.735007199999984,-17.169104499999946]]]}},{"id":"5395","type":"Feature","properties":{"COD_IBGE":"5206404","MUNICIPIO":"Crixás","UF":"GO"},"geometry":{"type":"Polygon","coordinates":[[[-49.82060739999997,-14.549056099999973],[-49.82442869999994,-14.567554499999972],[-49.80647739999995,-14.57740659999996],[-49.82039729999997,-14.582781199999943],[-49.820726399999955,-14.607888699999933],[-49.812445999999966,-14.607415499999945],[-49.81211739999998,-14.619123799999954],[-49.80156199999993,-14.61389319999995],[-49.78354989999997,-14.619547199999943],[-49.76837489999997,-14.645487199999934],[-49.776440899999955,-14.655487199999982],[-49.762580499999956,-14.65576249999998],[-49.75536459999995,-14.64725169999997],[-49.753413199999954,-14.658748099999968],[-49.743413499999974,-14.65774319999997],[-49.74545089999998,-14.672232099999974],[-49.73320369999993,-14.67423249999996],[-49.738223999999946,-14.686087099999952],[-49.73074509999998,-14.693387299999927],[-49.76373209999997,-14.71946689999993],[-49.76076329999995,-14.729333999999938],[-49.780568899999935,-14.762253899999962],[-49.81305469999995,-14.767900599999962],[-49.82437699999997,-14.782251199999962],[-49.82498439999995,-14.78908169999994],[-49.81392869999996,-14.792497699999956],[-49.82925419999998,-14.804378099999951],[-49.832897299999956,-14.841896599999927],[-49.842469999999935,-14.852879299999927],[-49.83714759999998,-14.876798299999962],[-49.847673199999974,-14.882525699999974],[-49.84240829999993,-14.893940199999975],[-49.850348699999984,-14.901107199999956],[-49.84202009999996,-14.906547499999931],[-49.849469399999975,-14.909347499999967],[-49.843336799999975,-14.918144899999959],[-49.85002849999995,-14.935763799999961],[-49.83738219999998,-14.965629899999954],[-49.85096459999994,-14.982862799999964],[-49.87484789999996,-14.98005539999997],[-49.87943469999993,-14.988149999999962],[-49.903458099999966,-14.982069599999932],[-49.91150309999995,-14.96567779999998],[-49.930843599999946,-14.986473099999955],[-49.964445799999964,-14.999608099999932],[-49.96894959999997,-15.020899499999928],[-49.99426089999997,-15.017499099999952],[-49.99261439999998,-15.02308039999997],[-50.05023539999996,-15.06557829999997],[-50.05984749999993,-15.106965799999955],[-50.05391509999998,-15.123022099999957],[-50.06617619999997,-15.135538599999961],[-50.078498199999956,-15.13781709999995],[-50.10256339999995,-15.119727299999965],[-50.11350239999996,-15.121659999999963],[-50.12018469999998,-15.112800499999935],[-50.11315499999995,-15.097404099999949],[-50.13179709999997,-15.077886899999953],[-50.152725499999974,-15.08187659999993],[-50.173325999999975,-15.058408699999973],[-50.19290479999995,-15.059389899999928],[-50.20006889999996,-15.049957699999936],[-50.188534199999935,-15.048795699999971],[-50.18476419999996,-15.03783089999996],[-50.20868359999997,-15.03239069999995],[-50.20244809999997,-15.022448999999938],[-50.23738179999998,-15.01358259999995],[-50.24448179999996,-14.96710509999997],[-50.26881169999996,-14.961245799999972],[-50.281251399999974,-14.946236599999963],[-50.32148479999995,-14.939607099999932],[-50.30663899999996,-14.925791999999944],[-50.314360299999976,-14.909523999999976],[-50.30380659999997,-14.897956799999974],[-50.32064749999995,-14.888280799999961],[-50.31978159999994,-14.876574699999935],[-50.334258999999975,-14.87304649999993],[-50.34079109999993,-14.849342599999943],[-50.35150769999996,-14.850756699999977],[-50.34037349999994,-14.83621979999998],[-50.359204999999974,-14.827771299999938],[-50.35746679999994,-14.811173399999973],[-50.380389899999955,-14.812611799999956],[-50.387451699999986,-14.790732699999978],[-50.40731479999994,-14.801381999999933],[-50.41587449999997,-14.797304499999939],[-50.421083899999985,-14.765971999999977],[-50.43377629999998,-14.763464799999952],[-50.437559799999974,-14.747728799999948],[-50.44854699999996,-14.740332899999942],[-50.44525189999996,-14.724208099999942],[-50.42374289999998,-14.73572889999997],[-50.41161519999997,-14.727640899999926],[-50.352645199999984,-14.724211499999967],[-50.325109699999985,-14.725133899999946],[-50.30263269999995,-14.739278499999955],[-50.27460039999994,-14.73205889999997],[-50.23470119999996,-14.649235199999964],[-50.24123909999997,-14.64622079999998],[-50.239077399999985,-14.618768599999953],[-50.294987299999946,-14.581631699999946],[-50.28768829999996,-14.555859599999962],[-50.26635379999993,-14.537428999999975],[-50.28119689999994,-14.520871199999931],[-50.277508799999964,-14.511668799999939],[-50.307209099999966,-14.492672099999936],[-50.29787569999996,-14.465650599999947],[-50.30073859999993,-14.443771499999968],[-50.31209219999994,-14.438729099999932],[-50.33018199999998,-14.392628599999966],[-50.33887409999994,-14.389944999999955],[-50.33790759999994,-14.370668999999964],[-50.35466729999996,-14.353592999999933],[-50.14351689999995,-14.125757299999975],[-50.12553839999998,-14.136306299999944],[-50.119658999999956,-14.177565099999981],[-50.12593439999995,-14.19811249999998],[-50.12011229999996,-14.19837769999998],[-50.117848899999956,-14.221903099999963],[-50.07188309999998,-14.22948759999997],[-50.069426599999986,-14.242915799999935],[-50.06120419999996,-14.241777399999933],[-50.02852279999996,-14.274616899999955],[-50.03596769999996,-14.299157699999967],[-50.02759569999995,-14.310104799999976],[-50.01455929999997,-14.305101199999967],[-50.012306499999966,-14.31419649999998],[-49.92751519999996,-14.388552999999945],[-49.92060759999998,-14.380118699999969],[-49.92765549999996,-14.374491099999943],[-49.91867339999993,-14.37465549999996],[-49.92346659999998,-14.36433169999998],[-49.915405799999974,-14.35988089999995],[-49.92040399999996,-14.348084299999982],[-49.909677999999985,-14.34917299999995],[-49.90205219999996,-14.33855189999997],[-49.890648399999975,-14.343003299999964],[-49.873769299999935,-14.333375099999955],[-49.83939769999995,-14.343694899999946],[-49.83199199999996,-14.332541099999958],[-49.82164439999997,-14.336199399999941],[-49.80255139999997,-14.303548099999944],[-49.79075329999995,-14.30864639999993],[-49.800201699999946,-14.329183799999953],[-49.77407429999994,-14.325175299999955],[-49.78451309999997,-14.340174999999931],[-49.784246199999984,-14.348032799999942],[-49.775216299999954,-14.34926459999997],[-49.774825599999986,-14.38115579999993],[-49.782011799999964,-14.38792369999993],[-49.756116099999986,-14.392211299999929],[-49.765059399999984,-14.415438699999982],[-49.74112399999996,-14.411020399999927],[-49.728114699999935,-14.425375299999928],[-49.73890929999993,-14.42775389999997],[-49.73341629999993,-14.449694399999942],[-49.72083719999995,-14.450838899999951],[-49.71053649999993,-14.440264599999978],[-49.71272719999996,-14.453519899999947],[-49.69448609999995,-14.467110099999957],[-49.700238499999955,-14.474821899999938],[-49.71494889999997,-14.464278999999976],[-49.72547769999994,-14.485089099999982],[-49.74836079999994,-14.47317389999995],[-49.77048479999996,-14.47656059999997],[-49.77088139999995,-14.482665099999963],[-49.75375599999995,-14.482760399999961],[-49.75405989999996,-14.531014099999936],[-49.76106549999997,-14.533345699999927],[-49.763865099999975,-14.511756099999957],[-49.771360999999956,-14.506592399999931],[-49.78104069999995,-14.521707999999933],[-49.77883869999994,-14.540151899999955],[-49.79432689999993,-14.532390599999928],[-49.82060739999997,-14.549056099999973]]]}},{"id":"5396","type":"Feature","properties":{"COD_IBGE":"5206503","MUNICIPIO":"Cromínia","UF":"GO"},"geometry":{"type":"Polygon","coordinates":[[[-49.351218899999935,-17.31904229999998],[-49.42800139999997,-17.304912499999944],[-49.45165429999997,-17.31245949999993],[-49.47620269999993,-17.290197199999966],[-49.47384909999994,-17.27613059999993],[-49.488972399999966,-17.259570399999973],[-49.46996679999995,-17.256582899999955],[-49.46602269999994,-17.24195949999995],[-49.445556899999985,-17.24027149999995],[-49.40621659999994,-17.20249739999997],[-49.408911099999955,-17.18599779999994],[-49.437309099999936,-17.165943899999945],[-49.44431199999997,-17.14566579999996],[-49.45696769999995,-17.150241299999948],[-49.450283499999955,-17.143263399999967],[-49.43524649999995,-17.14363389999994],[-49.43058179999997,-17.16034819999993],[-49.40725429999998,-17.16101629999997],[-49.32033229999996,-17.129474199999947],[-49.317573599999946,-17.13863939999993],[-49.298768199999984,-17.140823799999964],[-49.274791499999935,-17.16098759999994],[-49.27211179999995,-17.18182479999996],[-49.25640379999993,-17.20077349999997],[-49.269260799999984,-17.21322779999997],[-49.26046739999998,-17.23786249999995],[-49.27732999999995,-17.25220669999993],[-49.27956219999993,-17.277578999999946],[-49.295367699999986,-17.295183299999962],[-49.29180699999995,-17.303117199999974],[-49.30635859999995,-17.311941799999943],[-49.29432399999996,-17.318532799999957],[-49.29349829999995,-17.33510229999996],[-49.28734239999994,-17.336774799999944],[-49.30001809999993,-17.345505599999967],[-49.29083549999996,-17.36106469999993],[-49.29991329999996,-17.372886799999947],[-49.343584299999975,-17.344038299999966],[-49.351218899999935,-17.31904229999998]]]}},{"id":"5397","type":"Feature","properties":{"COD_IBGE":"5206602","MUNICIPIO":"Cumari","UF":"GO"},"geometry":{"type":"Polygon","coordinates":[[[-48.066751599999975,-18.42472909999998],[-48.11078759999998,-18.428593999999975],[-48.14653329999993,-18.40954449999998],[-48.16182619999995,-18.371885299999974],[-48.22497599999997,-18.36037989999994],[-48.22722679999998,-18.345973899999933],[-48.21366629999994,-18.33753349999995],[-48.20692379999997,-18.341238699999963],[-48.20709089999997,-18.33246299999996],[-48.17133309999997,-18.325357199999928],[-48.19676789999994,-18.280178199999966],[-48.21452549999998,-18.286013799999978],[-48.22620789999996,-18.27987989999997],[-48.226812999999936,-18.27048599999995],[-48.26393329999996,-18.291767799999946],[-48.271768899999984,-18.329353399999945],[-48.316272399999946,-18.36437529999995],[-48.30569719999994,-18.384976799999947],[-48.32738009999997,-18.380789299999947],[-48.34183539999998,-18.370777499999974],[-48.331836399999986,-18.355646099999944],[-48.34640559999997,-18.35668579999998],[-48.342953499999965,-18.342220399999974],[-48.356331799999964,-18.34112529999993],[-48.357567899999935,-18.33000549999997],[-48.35441969999994,-18.31980089999996],[-48.340040999999985,-18.326508399999966],[-48.33992189999998,-18.311904599999934],[-48.32622569999995,-18.311621599999967],[-48.323969199999965,-18.300942799999973],[-48.335401599999955,-18.288090199999942],[-48.301004199999966,-18.28120309999997],[-48.31383389999996,-18.26900089999998],[-48.30852489999995,-18.25933539999994],[-48.32044769999993,-18.250076599999943],[-48.28905359999993,-18.244685199999935],[-48.295283799999936,-18.23061229999996],[-48.27852429999996,-18.236347399999943],[-48.27774379999994,-18.220874399999957],[-48.266389699999934,-18.224927099999945],[-48.22539589999997,-18.19695829999995],[-48.192890999999975,-18.22179399999993],[-48.13106699999997,-18.230525899999975],[-48.062296199999935,-18.26423559999995],[-48.05474159999994,-18.29919959999995],[-48.030081199999984,-18.294452899999953],[-48.01667719999995,-18.303258899999946],[-47.99953499999998,-18.286951899999963],[-47.972667899999976,-18.286735799999974],[-47.962895799999956,-18.315091499999937],[-47.93841159999994,-18.32854709999998],[-47.936641099999974,-18.357038699999976],[-47.945712999999955,-18.363628199999937],[-47.937881199999936,-18.37889679999995],[-47.97671969999993,-18.383584799999937],[-47.98410639999997,-18.40510889999996],[-47.99888219999997,-18.40376139999995],[-48.00229029999997,-18.412704299999973],[-48.02450349999998,-18.423197399999935],[-48.02700159999995,-18.43606099999994],[-48.03807229999995,-18.434712299999944],[-48.05560579999997,-18.41330769999996],[-48.066751599999975,-18.42472909999998]]]}},{"id":"5398","type":"Feature","properties":{"COD_IBGE":"5206701","MUNICIPIO":"Damianópolis","UF":"GO"},"geometry":{"type":"Polygon","coordinates":[[[-46.283498399999985,-14.551771199999962],[-46.31898199999995,-14.52341309999997],[-46.31739079999994,-14.494724099999928],[-46.33393099999995,-14.453275499999961],[-46.27599309999994,-14.432907799999953],[-46.252981499999976,-14.444663599999956],[-46.22562019999998,-14.439120799999955],[-46.22160719999994,-14.450578599999972],[-46.197587899999974,-14.454038899999944],[-46.18525299999993,-14.48380659999998],[-46.15065989999994,-14.50076359999997],[-46.13404939999998,-14.528170799999941],[-46.124272099999985,-14.529541699999982],[-46.11103179999998,-14.562577199999964],[-46.12252769999998,-14.58688959999995],[-46.099571899999944,-14.620310999999958],[-46.06578419999994,-14.610426999999959],[-46.015462699999944,-14.64514509999998],[-46.01492939999997,-14.660600699999975],[-46.025076799999965,-14.678127399999937],[-46.16263419999996,-14.667281199999934],[-46.198514999999986,-14.616349199999945],[-46.25565119999993,-14.60355489999995],[-46.262103399999944,-14.58177999999998],[-46.28085199999998,-14.568807599999957],[-46.283498399999985,-14.551771199999962]]]}},{"id":"5399","type":"Feature","properties":{"COD_IBGE":"5206800","MUNICIPIO":"Damolândia","UF":"GO"},"geometry":{"type":"Polygon","coordinates":[[[-49.37766899999997,-16.30577399999993],[-49.36959959999996,-16.205948599999942],[-49.382592699999975,-16.19788109999996],[-49.397280799999976,-16.20404439999993],[-49.40295569999995,-16.194410199999936],[-49.38565049999994,-16.187258199999974],[-49.37991359999995,-16.19593999999995],[-49.34555809999995,-16.207165999999972],[-49.33989049999997,-16.21788209999994],[-49.31994439999994,-16.21472769999997],[-49.30938659999998,-16.233009299999935],[-49.290668299999936,-16.231054399999948],[-49.27546829999994,-16.267106099999978],[-49.312436599999955,-16.314161299999967],[-49.32021169999996,-16.310066699999936],[-49.316489899999965,-16.28175589999995],[-49.344388599999945,-16.26963479999995],[-49.33336579999997,-16.28708809999995],[-49.352392899999984,-16.305290699999944],[-49.37766899999997,-16.30577399999993]]]}},{"id":"5400","type":"Feature","properties":{"COD_IBGE":"5206909","MUNICIPIO":"Davinópolis","UF":"GO"},"geometry":{"type":"Polygon","coordinates":[[[-47.49772309999997,-18.027948699999968],[-47.47683499999994,-18.07895499999995],[-47.440832899999975,-18.10083889999993],[-47.425193099999944,-18.12650179999997],[-47.414107899999976,-18.130651299999954],[-47.41091199999994,-18.14778769999998],[-47.428640299999984,-18.139917599999933],[-47.43520499999994,-18.150463899999977],[-47.42713509999993,-18.161233599999946],[-47.43157249999996,-18.166855299999952],[-47.450080199999945,-18.15889679999998],[-47.46298729999995,-18.17669109999997],[-47.48060579999998,-18.178320699999972],[-47.48451319999998,-18.19350499999996],[-47.516619799999944,-18.198256899999933],[-47.51657269999998,-18.209906599999954],[-47.52951889999997,-18.21755349999995],[-47.532437699999946,-18.231325899999945],[-47.538981399999955,-18.225065899999947],[-47.54014659999996,-18.193516199999976],[-47.558636099999944,-18.209135199999935],[-47.56827519999996,-18.20371289999997],[-47.570644699999946,-18.22089569999997],[-47.588230299999964,-18.226431799999943],[-47.58143849999993,-18.23624239999998],[-47.608238599999936,-18.246483699999942],[-47.63613469999996,-18.24051079999998],[-47.62657909999996,-18.224884999999972],[-47.641531499999985,-18.221577499999967],[-47.63076829999994,-18.220085899999958],[-47.62806969999997,-18.21156549999995],[-47.65345579999996,-18.213185899999928],[-47.637198799999965,-18.195072099999948],[-47.63973629999998,-18.173414999999977],[-47.652588399999956,-18.18454669999994],[-47.66501949999997,-18.157200399999965],[-47.68891419999994,-18.170135699999946],[-47.67677869999994,-18.156021599999974],[-47.68840769999997,-18.148148499999934],[-47.68833179999996,-18.133496899999955],[-47.712552899999935,-18.129592599999967],[-47.70782899999995,-18.121097499999962],[-47.69741749999997,-18.125637499999982],[-47.68555809999998,-18.118467799999962],[-47.69441219999993,-18.106351699999948],[-47.68974509999998,-18.09875919999996],[-47.67584109999996,-18.098819299999946],[-47.664256499999965,-18.075524899999948],[-47.67356159999997,-18.068687799999964],[-47.667119199999945,-18.057857999999953],[-47.67505189999997,-18.045136699999944],[-47.66918529999998,-18.041282899999942],[-47.634024299999965,-18.05995779999995],[-47.61651019999994,-18.043524899999966],[-47.616422099999966,-18.03286609999998],[-47.60517559999994,-18.028690899999958],[-47.60827919999997,-18.016481399999975],[-47.59324369999996,-17.99703889999995],[-47.564724299999966,-17.982325499999945],[-47.49772309999997,-18.027948699999968]]]}},{"id":"5401","type":"Feature","properties":{"COD_IBGE":"5207105","MUNICIPIO":"Diorama","UF":"GO"},"geometry":{"type":"Polygon","coordinates":[[[-51.162757399999975,-16.162420399999974],[-51.172346999999945,-16.18973639999996],[-51.15261259999994,-16.200091999999927],[-51.136716699999965,-16.224559799999952],[-51.13212159999995,-16.256538099999943],[-51.12159589999993,-16.26620749999995],[-51.12431189999995,-16.29686319999996],[-51.117988999999966,-16.306561399999964],[-51.368877399999974,-16.28468289999995],[-51.38870309999999,-16.28120679999995],[-51.40208529999995,-16.265747199999964],[-51.413549399999965,-16.27903699999996],[-51.40976139999998,-16.301423399999976],[-51.41588009999998,-16.310459299999934],[-51.45569769999997,-16.327650699999936],[-51.466255899999965,-16.325104799999963],[-51.470271399999945,-16.30250419999993],[-51.49784569999997,-16.298650299999963],[-51.543558099999984,-16.276062699999954],[-51.53694919999998,-16.25998409999994],[-51.55184189999994,-16.24464519999998],[-51.554648199999974,-16.22737399999994],[-51.59761949999995,-16.230262099999948],[-51.601888299999985,-16.21374389999994],[-51.61237689999996,-16.20799299999993],[-51.616088299999944,-16.18445429999997],[-51.58994289999998,-16.18927579999996],[-51.57861669999994,-16.18205779999994],[-51.57918049999995,-16.171273699999972],[-51.54828189999995,-16.169820399999935],[-51.54589359999994,-16.158116999999947],[-51.53536049999997,-16.155852599999946],[-51.54317119999996,-16.140536399999974],[-51.52601599999997,-16.150588899999946],[-51.509973299999956,-16.149351299999978],[-51.49798879999997,-16.14203729999997],[-51.49773509999994,-16.12691159999997],[-51.48627639999995,-16.12708699999996],[-51.484580999999935,-16.114070899999945],[-51.47528959999994,-16.11101549999995],[-51.470250299999975,-16.12434909999996],[-51.46223869999994,-16.123045099999956],[-51.44042659999997,-16.144314399999928],[-51.44246409999994,-16.157015499999943],[-51.42375709999993,-16.165652299999977],[-51.446065799999985,-16.186223299999938],[-51.43476969999995,-16.207313299999953],[-51.432057199999974,-16.20045879999998],[-51.42660369999993,-16.207253299999934],[-51.404652899999974,-16.206911799999943],[-51.38919189999996,-16.18850139999995],[-51.379854999999964,-16.188055599999927],[-51.370675699999936,-16.18986629999995],[-51.36245139999994,-16.210553199999936],[-51.323092299999985,-16.19466719999997],[-51.308018199999935,-16.212026699999967],[-51.29904479999993,-16.186788299999932],[-51.280616899999984,-16.166539799999953],[-51.26938699999994,-16.169126199999937],[-51.257860999999934,-16.184797599999968],[-51.226766199999986,-16.130401399999982],[-51.233734599999934,-16.12072829999994],[-51.22808569999995,-16.092352199999937],[-51.203155599999945,-16.069788199999948],[-51.19257659999994,-16.090458599999977],[-51.19673369999998,-16.10083489999994],[-51.17183789999996,-16.125880699999982],[-51.177615499999945,-16.14824239999996],[-51.162757399999975,-16.162420399999974]]]}},{"id":"5402","type":"Feature","properties":{"COD_IBGE":"5207253","MUNICIPIO":"Doverlândia","UF":"GO"},"geometry":{"type":"Polygon","coordinates":[[[-52.20918039999998,-16.806310699999926],[-52.221785899999986,-16.819062499999973],[-52.22900579999998,-16.814877399999943],[-52.25395519999995,-16.830851999999936],[-52.259201099999984,-16.867922999999962],[-52.27488759999994,-16.878449199999977],[-52.279441599999984,-16.900862399999937],[-52.29055539999996,-16.908520099999976],[-52.299226499999975,-16.932411899999977],[-52.38332749999995,-16.948267399999963],[-52.38794189999993,-16.93138259999995],[-52.40378529999998,-16.925463999999977],[-52.41251079999995,-16.910969499999965],[-52.410120699999936,-16.92448939999997],[-52.41720139999995,-16.92886619999996],[-52.40504669999996,-16.931243499999937],[-52.41096449999998,-16.93300299999993],[-52.40811649999995,-16.943219299999953],[-52.42062569999996,-16.94468429999995],[-52.41315799999995,-16.974350899999934],[-52.41565529999997,-16.98220809999998],[-52.42948039999993,-16.984653599999945],[-52.42372599999993,-16.98688599999997],[-52.43174789999995,-17.00888509999993],[-52.41465479999994,-17.020596599999976],[-52.41147449999994,-17.033541999999954],[-52.42278479999993,-17.044806499999936],[-52.41274079999994,-17.049098999999956],[-52.40422199999995,-17.070313399999975],[-52.409589299999936,-17.08461269999998],[-52.395223499999986,-17.091578999999967],[-52.40225639999994,-17.104252799999927],[-52.39584759999997,-17.11581469999993],[-52.401613399999974,-17.11677629999997],[-52.38429129999997,-17.134892199999967],[-52.40356339999994,-17.150636799999972],[-52.40970459999994,-17.172914099999957],[-52.41772179999998,-17.17183179999995],[-52.40618349999994,-17.18402969999994],[-52.41300049999995,-17.193251999999973],[-52.396981799999935,-17.204108799999972],[-52.39097749999996,-17.221816299999944],[-52.41542279999993,-17.28095979999995],[-52.423287899999934,-17.284463199999948],[-52.44452049999995,-17.283278999999936],[-52.448503899999935,-17.25954889999997],[-52.468647499999975,-17.246967299999937],[-52.48008799999997,-17.246362499999975],[-52.48695289999995,-17.262359499999945],[-52.49788939999996,-17.25298689999994],[-52.49887759999996,-17.22748669999993],[-52.51129359999993,-17.209170899999947],[-52.50002459999996,-17.16913619999997],[-52.50687919999996,-17.14294469999993],[-52.518277299999966,-17.131709599999965],[-52.51105239999998,-17.12746009999995],[-52.52442309999998,-17.108057299999928],[-52.52116939999996,-17.10109069999993],[-52.55107199999998,-17.083284299999946],[-52.54561339999998,-17.06510529999997],[-52.56958229999998,-17.05003279999994],[-52.57737359999993,-17.05230249999994],[-52.58628489999995,-17.040877499999965],[-52.60444339999998,-17.045828299999982],[-52.620434699999976,-17.026066999999955],[-52.613660299999935,-17.02153579999998],[-52.62309039999997,-17.021819299999947],[-52.64255739999999,-17.00260049999997],[-52.61783389999994,-16.992999699999928],[-52.609630799999934,-16.97528429999994],[-52.61876709999996,-16.965929999999958],[-52.630679199999975,-16.971606599999973],[-52.63195849999994,-16.964654699999926],[-52.69370399999997,-16.96895319999993],[-52.71519239999998,-16.959248499999944],[-52.72240399999998,-16.96560839999995],[-52.72976559999995,-16.952957699999956],[-52.74380229999997,-16.961342999999943],[-52.75305539999994,-16.950971299999935],[-52.74663849999996,-16.94262269999996],[-52.76253609999998,-16.93853839999997],[-52.78733579999994,-16.905841799999962],[-52.80142369999999,-16.907160199999964],[-52.824859499999945,-16.89505719999994],[-52.820865599999934,-16.886979099999962],[-52.82896199999993,-16.87863699999997],[-52.815313499999945,-16.863332199999945],[-52.82992019999995,-16.848397999999975],[-52.82148029999996,-16.82212459999994],[-52.82935439999994,-16.81158419999997],[-52.83744989999997,-16.815492499999948],[-52.82896539999996,-16.798295699999926],[-52.833733999999936,-16.78320229999997],[-52.82610429999994,-16.776197599999932],[-52.83291099999997,-16.775075799999968],[-52.830503599999986,-16.760274899999956],[-52.80765249999996,-16.74194269999998],[-52.80067759999997,-16.748952999999972],[-52.78666489999995,-16.742728099999965],[-52.785658499999954,-16.71444699999995],[-52.75990889999997,-16.704601799999978],[-52.763379199999974,-16.68723319999998],[-52.75511899999998,-16.672283299999947],[-52.77146509999994,-16.67014819999997],[-52.74036209999997,-16.657506799999965],[-52.74619179999996,-16.63069889999997],[-52.73394259999998,-16.63317569999998],[-52.724185999999975,-16.64697719999998],[-52.71548219999994,-16.640016799999955],[-52.72602159999997,-16.61449659999994],[-52.74104639999996,-16.61069159999994],[-52.730804199999966,-16.598213899999962],[-52.740084699999954,-16.58995729999998],[-52.72758529999999,-16.586346599999956],[-52.70521619999994,-16.599267099999963],[-52.704067099999975,-16.571172399999966],[-52.69010229999998,-16.58460519999994],[-52.67190729999999,-16.584146799999928],[-52.67292729999997,-16.569626399999947],[-52.65964599999995,-16.57095069999997],[-52.67027479999996,-16.558682999999974],[-52.66795749999994,-16.551069199999972],[-52.651498199999935,-16.561994999999968],[-52.64895429999996,-16.54731959999998],[-52.63582169999995,-16.551987399999973],[-52.625726199999974,-16.532209099999932],[-52.62933909999998,-16.517606799999953],[-52.61403059999998,-16.512792299999944],[-52.593268999999964,-16.535122199999932],[-52.58348579999995,-16.52163489999998],[-52.56340439999997,-16.517982699999948],[-52.57978519999995,-16.53601299999997],[-52.56371089999993,-16.546983799999964],[-52.54919239999998,-16.544086899999968],[-52.547069299999976,-16.552458999999942],[-52.51524959999995,-16.548301299999935],[-52.50747219999994,-16.54072259999998],[-52.49311789999996,-16.56433519999996],[-52.47766309999997,-16.554968799999926],[-52.456836099999975,-16.55731439999994],[-52.434716899999955,-16.53575369999993],[-52.43118039999996,-16.545366099999967],[-52.41842799999995,-16.54077259999997],[-52.406781499999965,-16.554970899999944],[-52.36345269999998,-16.535035999999934],[-52.338959399999965,-16.544469099999958],[-52.327107799999965,-16.574209999999937],[-52.32143339999993,-16.566462299999955],[-52.258952799999975,-16.599161299999935],[-52.24087569999995,-16.57696429999993],[-52.22174729999995,-16.578484899999978],[-52.208209599999975,-16.59698309999993],[-52.19166939999997,-16.594695099999967],[-52.171594599999935,-16.619464499999935],[-52.14039059999993,-16.62115799999998],[-52.14604559999998,-16.634270999999956],[-52.14114689999997,-16.641461099999958],[-52.13281719999998,-16.636420699999974],[-52.130039599999975,-16.644600599999933],[-52.147176799999954,-16.650851199999977],[-52.14002029999995,-16.660903299999973],[-52.14599869999995,-16.673452699999928],[-52.12786859999994,-16.70834039999994],[-52.13884379999996,-16.71004879999998],[-52.13091919999994,-16.71445989999995],[-52.13209669999998,-16.723266499999966],[-52.14635189999996,-16.72927939999994],[-52.13601339999997,-16.73716639999998],[-52.14821169999993,-16.740187099999957],[-52.14131679999997,-16.753463799999963],[-52.15720399999998,-16.75607279999997],[-52.15115059999994,-16.765875799999947],[-52.17891709999998,-16.774193099999934],[-52.16795229999997,-16.80267189999995],[-52.20918039999998,-16.806310699999926]]]}},{"id":"5403","type":"Feature","properties":{"COD_IBGE":"5207352","MUNICIPIO":"Edealina","UF":"GO"},"geometry":{"type":"Polygon","coordinates":[[[-49.64637329999994,-17.43252259999997],[-49.64728239999994,-17.457002699999975],[-49.63840389999996,-17.46181059999998],[-49.64638379999997,-17.476439599999935],[-49.62762319999996,-17.483310899999935],[-49.64005519999995,-17.483399799999972],[-49.646870999999976,-17.49397349999998],[-49.66425559999993,-17.489934499999947],[-49.66822429999996,-17.503639499999963],[-49.64883349999997,-17.51817699999998],[-49.668336599999975,-17.519519499999944],[-49.68092589999998,-17.53139099999993],[-49.67845639999996,-17.53824839999993],[-49.68403159999997,-17.536315499999944],[-49.68326849999994,-17.546812399999965],[-49.708748499999956,-17.555976999999928],[-49.71720009999996,-17.549985099999958],[-49.73217529999994,-17.56538839999996],[-49.73733639999995,-17.559253599999977],[-49.74519719999995,-17.578568299999972],[-49.761393199999986,-17.586002399999927],[-49.78132109999996,-17.577264499999956],[-49.80288839999997,-17.587476899999956],[-49.81324089999998,-17.577060399999937],[-49.82564569999994,-17.585087199999975],[-49.84964999999994,-17.576753399999973],[-49.86240479999998,-17.59162299999997],[-49.86265799999995,-17.60844179999998],[-49.878897999999936,-17.603969999999947],[-49.88394279999994,-17.617427299999974],[-49.887427199999934,-17.609151099999963],[-49.895286099999964,-17.612438899999972],[-49.899762099999975,-17.595934599999964],[-49.90650539999996,-17.613804999999957],[-49.924733999999944,-17.605916299999933],[-49.895635899999945,-17.569338499999958],[-49.883327099999974,-17.519523599999957],[-49.85234129999998,-17.499213899999972],[-49.79910659999996,-17.48486809999997],[-49.78450849999996,-17.46972969999996],[-49.78808739999994,-17.459243899999933],[-49.77574489999995,-17.45664389999996],[-49.77488249999993,-17.46654129999996],[-49.76817599999998,-17.467256599999928],[-49.73364669999995,-17.453552599999966],[-49.72692749999993,-17.461627499999963],[-49.70993809999993,-17.45902129999996],[-49.70917339999994,-17.452307599999926],[-49.73341329999994,-17.44163229999998],[-49.73122049999995,-17.413115799999957],[-49.76661479999996,-17.40826599999997],[-49.763472399999955,-17.38508429999996],[-49.747226499999954,-17.37785729999996],[-49.740620099999944,-17.34055989999996],[-49.74577849999997,-17.32599639999995],[-49.75351109999997,-17.319907299999954],[-49.79734169999995,-17.32015619999993],[-49.786138499999936,-17.294229599999937],[-49.79408379999995,-17.258155199999976],[-49.77034249999997,-17.22442449999994],[-49.72289569999998,-17.20531429999994],[-49.714947999999936,-17.192876399999932],[-49.69619679999994,-17.215889799999957],[-49.68694789999995,-17.215973899999938],[-49.67063319999994,-17.250877899999978],[-49.65852929999994,-17.25428919999996],[-49.65278069999994,-17.288134499999956],[-49.644606599999975,-17.29584209999996],[-49.65266639999993,-17.30890379999994],[-49.638178799999935,-17.37212459999995],[-49.65126349999997,-17.379444399999954],[-49.64655609999994,-17.388607099999945],[-49.65551819999996,-17.390498699999966],[-49.63295769999996,-17.395555999999942],[-49.63088479999993,-17.401543599999968],[-49.643987599999946,-17.40605979999998],[-49.63760519999994,-17.416682399999956],[-49.62263819999998,-17.418542299999956],[-49.63469759999998,-17.443458499999963],[-49.64637329999994,-17.43252259999997]]]}},{"id":"5404","type":"Feature","properties":{"COD_IBGE":"5207402","MUNICIPIO":"Edéia","UF":"GO"},"geometry":{"type":"Polygon","coordinates":[[[-49.76327729999997,-17.384864899999968],[-49.76661479999996,-17.40826599999997],[-49.73122049999995,-17.413115799999957],[-49.73341329999994,-17.44163229999998],[-49.70917339999994,-17.452307599999926],[-49.710946399999955,-17.460393499999952],[-49.72692749999993,-17.461627499999963],[-49.73364669999995,-17.453552599999966],[-49.76817599999998,-17.467256599999928],[-49.77488249999993,-17.46654129999996],[-49.77574489999995,-17.45664389999996],[-49.78808739999994,-17.459243899999933],[-49.78450849999996,-17.46972969999996],[-49.79910659999996,-17.48486809999997],[-49.85234129999998,-17.499213899999972],[-49.883327099999974,-17.519523599999957],[-49.88701129999998,-17.54924539999996],[-49.90622769999993,-17.587317799999937],[-49.924733999999944,-17.605916299999933],[-49.94429699999995,-17.59877979999993],[-49.949464699999965,-17.600789799999973],[-49.92307469999997,-17.616799699999945],[-49.93172789999994,-17.643930499999954],[-49.94523859999998,-17.641316099999926],[-49.94331469999997,-17.628076499999963],[-49.95612239999997,-17.627385299999958],[-49.97462889999997,-17.66292509999994],[-50.008599999999944,-17.655407699999955],[-50.014350099999945,-17.662307299999952],[-50.01131289999995,-17.68206829999997],[-50.03471119999995,-17.677332499999977],[-50.03783969999995,-17.689764699999955],[-50.023815199999945,-17.703311999999983],[-50.02967589999997,-17.714795299999935],[-50.057273099999975,-17.718562599999927],[-50.06161609999998,-17.727061299999946],[-50.06696629999993,-17.716468299999974],[-50.07892499999997,-17.715583799999933],[-50.06571039999994,-17.732047199999954],[-50.072720499999946,-17.75969619999995],[-50.06694459999994,-17.756692899999962],[-50.06952039999993,-17.76315859999994],[-50.060074199999974,-17.768402799999933],[-50.06984479999994,-17.77765789999995],[-50.08415619999994,-17.77338659999998],[-50.09178509999998,-17.789611499999978],[-50.10265309999994,-17.790107199999966],[-50.11013499999996,-17.785762899999952],[-50.107316999999966,-17.776258799999937],[-50.113329299999975,-17.777848399999982],[-50.12497039999994,-17.79035399999998],[-50.13539949999995,-17.78817559999993],[-50.132917599999985,-17.79895609999994],[-50.14873959999994,-17.807616199999927],[-50.18060879999996,-17.779035299999975],[-50.209274499999935,-17.775137099999938],[-50.19023309999994,-17.76433849999995],[-50.210185999999965,-17.74659159999993],[-50.18232459999996,-17.732974399999932],[-50.204145799999935,-17.71807999999993],[-50.205075799999975,-17.700394699999947],[-50.18499559999998,-17.69234979999993],[-50.18966229999995,-17.675374999999974],[-50.15708909999995,-17.663987499999962],[-50.160820599999965,-17.65302259999993],[-50.17465379999993,-17.64652579999995],[-50.17176109999997,-17.636967999999968],[-50.147173599999974,-17.612001799999973],[-50.14564079999997,-17.59405899999996],[-50.12779349999994,-17.605825899999957],[-50.111928399999954,-17.59072539999994],[-50.09962389999998,-17.591241699999955],[-50.10450649999996,-17.578932899999927],[-50.08941379999993,-17.556177099999957],[-50.09379389999998,-17.544500099999937],[-50.081259699999976,-17.54365569999993],[-50.07240359999997,-17.53011429999998],[-50.080715199999986,-17.524517299999957],[-50.070002399999964,-17.517569399999957],[-50.07653659999994,-17.50448149999994],[-50.06439919999997,-17.493969499999935],[-50.07933929999996,-17.472320399999944],[-50.07694299999997,-17.463332199999968],[-50.06158419999997,-17.46106439999994],[-50.05485619999996,-17.443533099999968],[-50.05306619999993,-17.373450299999945],[-50.01482629999998,-17.349089999999933],[-50.00837759999996,-17.320664499999964],[-49.99263789999998,-17.321807699999965],[-50.02142909999998,-17.266151199999968],[-50.01382799999993,-17.22751439999996],[-49.995093699999984,-17.235180999999955],[-49.917835099999934,-17.206353399999955],[-49.891775999999936,-17.20496419999995],[-49.854910899999936,-17.20513449999993],[-49.850156899999945,-17.217132899999967],[-49.827341399999966,-17.22081879999996],[-49.818579399999976,-17.26787059999998],[-49.79487429999995,-17.267917099999977],[-49.78593529999995,-17.287777999999946],[-49.79534989999996,-17.32361709999998],[-49.753255499999966,-17.319965899999943],[-49.74130089999994,-17.336227299999962],[-49.747226499999954,-17.37785729999996],[-49.76327729999997,-17.384864899999968]]]}},{"id":"5405","type":"Feature","properties":{"COD_IBGE":"5207501","MUNICIPIO":"Estrela do Norte","UF":"GO"},"geometry":{"type":"Polygon","coordinates":[[[-49.15890449999995,-13.834904699999981],[-49.15863319999994,-13.782272099999943],[-49.18210719999996,-13.768557399999963],[-49.17621349999996,-13.759981699999969],[-49.179791199999954,-13.725582499999973],[-49.17446839999997,-13.713980099999958],[-49.16210639999997,-13.712842899999941],[-49.16034879999995,-13.697422899999935],[-49.12913309999993,-13.680432499999938],[-49.126666299999954,-13.695653499999935],[-49.13891769999998,-13.721579299999974],[-49.116968499999984,-13.771982799999932],[-49.07847389999995,-13.737745599999926],[-49.05703219999998,-13.744602799999939],[-49.05078739999993,-13.76517339999998],[-49.00317169999994,-13.75930969999996],[-48.99077429999994,-13.741475299999934],[-48.97730619999993,-13.754725099999973],[-48.97742789999995,-13.768156799999929],[-49.003435499999966,-13.788754499999982],[-48.99240969999994,-13.80017479999998],[-48.995622999999966,-13.818801599999972],[-49.01448089999997,-13.847127199999932],[-49.02538029999994,-13.851203899999973],[-49.02383219999996,-13.88983559999997],[-49.101243299999965,-13.942164699999978],[-49.11495159999998,-13.931551299999967],[-49.108672199999944,-13.921915399999932],[-49.11040079999998,-13.886757799999941],[-49.13856709999993,-13.866386099999943],[-49.141837099999975,-13.850995699999942],[-49.15890449999995,-13.834904699999981]]]}},{"id":"5406","type":"Feature","properties":{"COD_IBGE":"5207535","MUNICIPIO":"Faina","UF":"GO"},"geometry":{"type":"Polygon","coordinates":[[[-50.347829099999956,-15.62464929999993],[-50.36224439999995,-15.620940299999972],[-50.359308899999974,-15.634731199999976],[-50.36545929999994,-15.631448599999942],[-50.37377879999997,-15.646284099999946],[-50.36931049999998,-15.652170699999942],[-50.37568269999997,-15.653379599999937],[-50.38011979999993,-15.646186299999954],[-50.39493289999996,-15.647064899999975],[-50.40202879999998,-15.634078299999942],[-50.424301699999944,-15.635503899999946],[-50.42633149999995,-15.643756799999949],[-50.44313359999995,-15.632055799999932],[-50.45969139999994,-15.641815599999973],[-50.46991269999995,-15.631727999999953],[-50.48521589999996,-15.637757399999941],[-50.49880099999996,-15.606496599999957],[-50.49504889999997,-15.593318799999963],[-50.51188419999994,-15.585247599999946],[-50.51457929999998,-15.57037779999996],[-50.52982049999997,-15.569181399999934],[-50.517137599999955,-15.538506799999936],[-50.53660019999995,-15.458520199999953],[-50.52840269999996,-15.454605499999957],[-50.51875199999995,-15.426066399999968],[-50.530655199999956,-15.41731939999994],[-50.55786429999995,-15.469096099999945],[-50.579917499999965,-15.475070599999981],[-50.60931759999994,-15.46605489999996],[-50.61767149999997,-15.45051239999998],[-50.656669299999976,-15.42552999999998],[-50.673306699999955,-15.392302099999938],[-50.685274299999946,-15.385022999999933],[-50.70785499999994,-15.319604499999969],[-50.72337139999996,-15.317512799999975],[-50.731609799999944,-15.303410799999938],[-50.725501099999974,-15.300422699999956],[-50.732136699999955,-15.292347499999948],[-50.71974489999997,-15.282273399999951],[-50.73270689999998,-15.257587999999942],[-50.69586229999993,-15.271357899999941],[-50.67743019999995,-15.25020139999998],[-50.65163159999997,-15.251399399999968],[-50.64797069999997,-15.244255499999952],[-50.61436729999997,-15.265040299999953],[-50.60073199999994,-15.259282399999961],[-50.59429179999995,-15.277071699999965],[-50.58388379999997,-15.272014399999932],[-50.58030779999996,-15.283253799999954],[-50.55679269999996,-15.276415499999928],[-50.55545159999997,-15.290718599999934],[-50.53733589999996,-15.309346999999946],[-50.518038399999966,-15.304573499999947],[-50.49777259999996,-15.337000199999977],[-50.484061199999985,-15.345502299999964],[-50.47220239999996,-15.347792499999969],[-50.46558879999998,-15.340854699999966],[-50.44790769999997,-15.350115099999982],[-50.44756549999994,-15.36807159999995],[-50.43938849999995,-15.370125299999927],[-50.41571979999998,-15.357637499999953],[-50.39405229999994,-15.333104999999932],[-50.357262599999956,-15.315445099999977],[-50.35269129999995,-15.293479399999967],[-50.334878999999944,-15.295704499999943],[-50.321302799999955,-15.284842699999956],[-50.32034839999994,-15.27445849999998],[-50.30781269999994,-15.27579789999993],[-50.30502039999993,-15.264966899999934],[-50.294451899999956,-15.263636899999938],[-50.288529799999935,-15.247095999999942],[-50.26302289999995,-15.247137799999962],[-50.25683789999994,-15.235438899999963],[-50.17448539999998,-15.250473099999965],[-50.14332749999994,-15.240116799999953],[-50.13331629999993,-15.245711399999948],[-50.09462679999996,-15.241346999999962],[-50.086208699999986,-15.247670399999947],[-50.084222799999964,-15.261347399999977],[-50.10585969999994,-15.285821299999952],[-50.10252499999996,-15.315799599999934],[-50.133880999999974,-15.342164399999945],[-50.120798599999944,-15.360648699999956],[-50.133726999999965,-15.380833099999961],[-50.13224649999995,-15.396251499999948],[-50.16031069999997,-15.417911199999935],[-50.160091199999954,-15.438574499999959],[-50.16842479999997,-15.44932769999997],[-50.154109999999946,-15.46837839999995],[-50.15919089999994,-15.478822499999978],[-50.153855299999975,-15.49476169999997],[-50.16578659999993,-15.51895559999997],[-50.16553469999997,-15.524864199999968],[-50.156246099999976,-15.519368699999973],[-50.15276729999994,-15.53139669999996],[-50.161244099999976,-15.544861099999935],[-50.152697899999964,-15.550125699999967],[-50.15719009999998,-15.559445399999959],[-50.13128089999998,-15.580674299999941],[-50.13581749999997,-15.595988899999952],[-50.124202399999945,-15.616963299999952],[-50.12442839999994,-15.648322399999927],[-50.14680539999995,-15.630658799999935],[-50.171209199999964,-15.62546459999993],[-50.20048979999996,-15.630489699999941],[-50.21692839999997,-15.64227349999993],[-50.22244439999997,-15.634608599999979],[-50.23948789999997,-15.642453899999964],[-50.26077529999998,-15.629824299999939],[-50.27533669999997,-15.635607299999947],[-50.27845959999996,-15.648191499999939],[-50.29579149999995,-15.643914799999948],[-50.30700369999994,-15.658520799999962],[-50.31294299999996,-15.641615799999954],[-50.330272399999956,-15.645479799999976],[-50.34042909999994,-15.633560699999975],[-50.34353489999995,-15.639592099999959],[-50.35181979999993,-15.632626199999947],[-50.347829099999956,-15.62464929999993]]]}},{"id":"5407","type":"Feature","properties":{"COD_IBGE":"5207600","MUNICIPIO":"Fazenda Nova","UF":"GO"},"geometry":{"type":"Polygon","coordinates":[[[-50.83559109999993,-16.259798899999964],[-50.83535679999994,-16.229297799999927],[-50.85787049999993,-16.22406639999997],[-50.86616529999998,-16.20525859999998],[-50.90724229999995,-16.202485499999966],[-50.91040549999997,-16.184354499999927],[-50.98366469999996,-16.163493199999948],[-50.99071259999994,-16.140657199999964],[-50.996709899999985,-16.130712099999982],[-51.00410499999998,-16.133616899999936],[-51.008128099999965,-16.121147599999972],[-51.05116749999996,-16.119847499999935],[-51.07832899999994,-16.102942199999973],[-51.09455889999998,-16.10334679999994],[-51.124008199999935,-16.06316849999996],[-51.143755699999986,-16.06567389999998],[-51.16769849999997,-16.050252499999942],[-51.17482129999996,-16.029845399999942],[-51.216638099999955,-16.030249499999968],[-51.20788449999998,-16.00256559999997],[-51.236287999999945,-15.993213099999934],[-51.23851069999995,-15.963375799999937],[-51.25790009999997,-15.969423899999981],[-51.258673699999974,-15.962310699999932],[-51.22142299999996,-15.940566299999944],[-51.199473599999976,-15.965383599999939],[-51.17858709999996,-15.953389499999957],[-51.16192109999997,-15.959661299999937],[-51.15250359999993,-15.952144699999963],[-51.132151599999986,-15.96516889999998],[-51.11489709999995,-15.961378099999934],[-51.10506979999997,-15.97032669999993],[-51.09167649999995,-15.969102899999939],[-51.08209459999995,-15.978940899999941],[-51.065038699999945,-15.968299399999978],[-51.034113599999955,-15.987538899999947],[-51.00867499999998,-16.019543399999975],[-50.98650849999996,-16.03015879999998],[-50.95820039999995,-16.013705699999946],[-50.927534099999946,-16.027335599999958],[-50.92392029999996,-16.047658599999977],[-50.91414789999993,-16.053184699999974],[-50.886430099999984,-16.041710699999953],[-50.87338549999998,-16.012087899999926],[-50.85170279999994,-16.015999799999975],[-50.836724199999935,-16.00992109999993],[-50.81428529999994,-16.02279109999995],[-50.79627099999993,-16.001010099999974],[-50.790935899999965,-16.005682599999943],[-50.79778219999997,-16.027872099999968],[-50.82371999999998,-16.070213199999955],[-50.808124599999985,-16.088892699999974],[-50.67936309999993,-16.11249049999998],[-50.65407619999996,-16.10847949999993],[-50.63149159999995,-16.14246049999997],[-50.63112909999995,-16.158454399999982],[-50.62148089999994,-16.146123099999954],[-50.60707679999996,-16.148173399999962],[-50.61893319999996,-16.17602569999997],[-50.59888689999997,-16.19878689999996],[-50.59510779999994,-16.232896899999957],[-50.610140799999954,-16.274081699999954],[-50.60054509999998,-16.307263499999976],[-50.61203189999998,-16.322626399999933],[-50.622614399999975,-16.31636919999994],[-50.649152999999956,-16.319077899999968],[-50.66644599999995,-16.33404299999995],[-50.67905879999995,-16.333741799999927],[-50.682818399999974,-16.41626279999997],[-50.710572199999945,-16.412504699999943],[-50.71072189999995,-16.403471399999944],[-50.726153599999975,-16.396893099999943],[-50.75363039999996,-16.401873299999977],[-50.75556309999996,-16.343909399999973],[-50.779599099999984,-16.348801599999945],[-50.790513299999986,-16.33845999999994],[-50.790733899999964,-16.32406659999998],[-50.812049799999954,-16.317659999999933],[-50.81769819999994,-16.30621919999993],[-50.813598799999966,-16.280923899999948],[-50.83559109999993,-16.259798899999964]]]}},{"id":"5408","type":"Feature","properties":{"COD_IBGE":"5207808","MUNICIPIO":"Firminópolis","UF":"GO"},"geometry":{"type":"Polygon","coordinates":[[[-50.28502359999993,-16.76615309999994],[-50.359351999999944,-16.74047459999997],[-50.35054229999997,-16.726989899999978],[-50.354171399999984,-16.70585189999997],[-50.37121879999995,-16.690858099999957],[-50.36375339999995,-16.65716489999994],[-50.37025399999993,-16.637559099999976],[-50.386069299999974,-16.637748899999963],[-50.39154019999995,-16.629444199999966],[-50.41128209999994,-16.63700369999998],[-50.41603189999995,-16.628300599999932],[-50.429231899999934,-16.63552379999993],[-50.43615699999998,-16.654563499999938],[-50.47647669999998,-16.673371999999972],[-50.49284549999993,-16.65795209999993],[-50.488779299999976,-16.64359719999993],[-50.463996399999985,-16.63128409999996],[-50.444746099999975,-16.594383499999935],[-50.429915499999936,-16.58621439999996],[-50.39963609999995,-16.593058499999927],[-50.37550489999995,-16.57518289999996],[-50.34711299999998,-16.577353099999982],[-50.34069819999996,-16.56458809999998],[-50.303205899999966,-16.558627299999955],[-50.28316929999994,-16.528227899999933],[-50.28221229999997,-16.50716159999996],[-50.26711609999995,-16.495220599999982],[-50.26390219999996,-16.47147549999994],[-50.245061799999974,-16.45011349999993],[-50.22812399999998,-16.45130169999993],[-50.24335339999993,-16.489655599999935],[-50.23216789999998,-16.515446099999963],[-50.247227599999974,-16.548969299999953],[-50.241317599999945,-16.600367499999948],[-50.232916099999954,-16.610263199999963],[-50.240824799999984,-16.63604239999995],[-50.22938809999994,-16.66382219999997],[-50.21873539999996,-16.666006399999958],[-50.20816099999996,-16.68421399999994],[-50.213883899999985,-16.706991099999982],[-50.254162399999984,-16.73319609999993],[-50.25539519999995,-16.763651799999934],[-50.260414399999945,-16.76154649999995],[-50.26132919999998,-16.780403599999943],[-50.27443479999994,-16.801508499999954],[-50.27897649999994,-16.796750499999973],[-50.28381019999995,-16.804268499999978],[-50.28792919999995,-16.79669199999995],[-50.28502359999993,-16.76615309999994]]]}},{"id":"5409","type":"Feature","properties":{"COD_IBGE":"5207907","MUNICIPIO":"Flores de Goiás","UF":"GO"},"geometry":{"type":"Polygon","coordinates":[[[-46.92506009999994,-15.057505499999934],[-46.98434469999995,-14.910572999999943],[-47.05375769999995,-14.90297449999997],[-47.06929519999994,-14.854548999999963],[-47.07267489999998,-14.811814399999946],[-47.08339909999995,-14.800508899999954],[-47.098239399999954,-14.804664399999979],[-47.11541699999998,-14.779975899999954],[-47.09313989999998,-14.752927399999976],[-47.099756499999955,-14.741665999999952],[-47.09510889999996,-14.720390399999928],[-47.11080679999998,-14.716960699999959],[-47.11245759999997,-14.70736979999998],[-47.09997599999997,-14.696545899999933],[-47.10652259999995,-14.685460999999975],[-47.101418199999955,-14.682306499999981],[-47.11088399999994,-14.676926899999955],[-47.09851389999994,-14.66455069999995],[-47.10269219999998,-14.649775699999964],[-47.08642729999997,-14.646789799999965],[-47.08809199999996,-14.631814599999927],[-47.09844829999997,-14.63605309999997],[-47.10135349999996,-14.628429299999937],[-47.07976729999996,-14.616659199999958],[-47.08698929999997,-14.599558799999954],[-47.07719229999998,-14.604223499999932],[-47.072563299999956,-14.596444099999928],[-47.09003709999996,-14.582706199999961],[-47.08086049999997,-14.574418099999946],[-47.08384079999996,-14.565147399999944],[-47.096365799999944,-14.563568199999963],[-47.093559099999936,-14.54557619999997],[-47.10537399999998,-14.538984999999968],[-47.10806269999995,-14.546759699999939],[-47.145636499999966,-14.53957859999997],[-47.15232009999994,-14.531945099999973],[-47.15655409999994,-14.467664899999932],[-47.18308429999996,-14.439764199999956],[-47.19103949999993,-14.369825599999956],[-47.18190159999995,-14.350250499999959],[-47.18916829999995,-14.330347899999936],[-47.17436819999995,-14.303550299999927],[-47.17262359999995,-14.269385099999965],[-47.139503599999955,-14.254177099999936],[-47.128932099999986,-14.200519199999974],[-47.08795699999996,-14.17338209999997],[-47.08249639999997,-14.140526499999964],[-47.05237569999997,-14.102970099999936],[-47.03102249999995,-14.088696499999969],[-47.00621109999997,-14.089803899999936],[-46.99467159999995,-14.081240699999967],[-46.99235589999995,-14.091907999999933],[-46.98399029999996,-14.094117599999947],[-46.984171499999945,-14.088353899999959],[-46.97726449999993,-14.09759409999998],[-46.97702829999997,-14.08906449999995],[-46.96882759999994,-14.095746599999927],[-46.95490859999995,-14.090309099999956],[-46.93027079999996,-14.116578699999934],[-46.94569269999994,-14.134422599999937],[-46.94375609999997,-14.143886699999939],[-46.96681959999995,-14.149186899999961],[-46.95888129999997,-14.155911899999978],[-46.98209549999996,-14.177258499999937],[-46.97680049999997,-14.19539919999994],[-46.98564879999998,-14.18855689999998],[-46.99165889999995,-14.19467839999993],[-46.975620299999946,-14.210810999999978],[-46.97595719999998,-14.225050899999928],[-46.95689439999995,-14.232876399999952],[-46.95705209999994,-14.249828999999977],[-46.94411759999997,-14.253267799999946],[-46.93949379999998,-14.261910899999975],[-46.945610199999976,-14.269704599999955],[-46.93213089999995,-14.272870599999976],[-46.93804369999998,-14.287708299999963],[-46.928632999999934,-14.29657119999996],[-46.933141399999954,-14.305272299999956],[-46.897145799999976,-14.330381299999942],[-46.887644199999954,-14.358293999999944],[-46.878967999999986,-14.36100259999995],[-46.88000139999997,-14.37783719999993],[-46.870159299999955,-14.388762999999926],[-46.88114009999998,-14.393574299999955],[-46.871275399999945,-14.404455299999938],[-46.89295539999995,-14.408038799999929],[-46.88581319999997,-14.419656499999974],[-46.89041139999995,-14.429929099999981],[-46.88805469999994,-14.438220699999931],[-46.85788919999993,-14.440863999999976],[-46.86425109999993,-14.470473499999969],[-46.85172479999994,-14.489075499999956],[-46.87259089999998,-14.50043949999997],[-46.86683939999995,-14.51036229999994],[-46.872269899999935,-14.518362599999932],[-46.84639349999998,-14.525312199999973],[-46.85574639999993,-14.537130799999943],[-46.84725599999996,-14.546307099999979],[-46.83719409999998,-14.54319369999996],[-46.841774699999974,-14.552584799999977],[-46.833819999999946,-14.557739899999945],[-46.813995499999976,-14.558347099999935],[-46.81222969999993,-14.570180599999958],[-46.78883829999995,-14.56252459999996],[-46.774707399999954,-14.582536299999958],[-46.761557799999935,-14.568867499999953],[-46.762031399999955,-14.581029099999967],[-46.74480099999994,-14.588663199999928],[-46.748401799999954,-14.598307999999975],[-46.73626559999997,-14.596439999999973],[-46.73810449999996,-14.609670299999948],[-46.71915429999996,-14.595774499999948],[-46.699686499999984,-14.611875299999951],[-46.70410049999998,-14.622073899999975],[-46.68254539999998,-14.647665399999937],[-46.69002429999995,-14.67975999999993],[-46.66905429999997,-14.71987699999994],[-46.67524959999997,-14.727589399999943],[-46.66792339999995,-14.736102099999982],[-46.66660919999998,-14.766272799999967],[-46.65111159999998,-14.776724799999954],[-46.63567789999996,-14.771270799999968],[-46.63089309999998,-14.78029289999995],[-46.62437209999996,-14.79785419999996],[-46.62885759999995,-14.805095199999982],[-46.61845439999996,-14.810000699999932],[-46.620686999999975,-14.830419499999948],[-46.60962869999997,-14.836880999999948],[-46.61502349999995,-14.851455599999952],[-46.60562269999997,-14.857952499999953],[-46.60135409999998,-14.891981099999953],[-46.59173839999994,-14.899818899999957],[-46.59469059999998,-14.912467499999934],[-46.56727079999996,-14.975015799999937],[-46.57004959999995,-15.001259999999945],[-46.557510899999954,-15.029341099999954],[-46.52613459999998,-15.05636839999994],[-46.551319699999965,-15.06387559999996],[-46.57530839999998,-15.083631899999943],[-46.64101939999995,-15.087587399999961],[-46.726477099999954,-15.038415499999928],[-46.78185689999998,-15.019321399999967],[-46.84434199999998,-15.009081699999967],[-46.85689899999994,-15.010265999999945],[-46.92506009999994,-15.057505499999934]]]}},{"id":"5410","type":"Feature","properties":{"COD_IBGE":"5208004","MUNICIPIO":"Formosa","UF":"GO"},"geometry":{"type":"Polygon","coordinates":[[[-47.32074339999997,-15.586632599999973],[-47.37651669999997,-15.57666759999995],[-47.402765099999954,-15.54745639999993],[-47.41840689999998,-15.545657099999971],[-47.41840689999998,-15.50181989999993],[-47.49274819999994,-15.501921099999947],[-47.48686379999998,-15.422052899999926],[-47.48038139999994,-15.397046899999964],[-47.46190739999997,-15.373690899999929],[-47.47337829999998,-15.36644309999997],[-47.473811599999976,-15.331156799999974],[-47.485379999999964,-15.299052199999949],[-47.499985899999956,-15.29124289999993],[-47.539610299999936,-15.290230399999928],[-47.51083139999997,-15.267670499999952],[-47.505190899999945,-15.247135199999946],[-47.52751579999995,-15.208244199999967],[-47.52644729999997,-15.172802799999943],[-47.56939969999996,-15.074376899999947],[-47.57409519999993,-14.963539899999944],[-47.564022299999976,-14.937762199999952],[-47.54792189999995,-14.926019699999927],[-47.53809729999995,-14.931340999999975],[-47.51647609999998,-14.923410499999932],[-47.49907899999994,-14.907650899999965],[-47.490201999999954,-14.842606899999964],[-47.477486399999975,-14.817010399999958],[-47.45233209999998,-14.817028799999946],[-47.42300669999997,-14.830393899999933],[-47.36465359999994,-14.806636899999944],[-47.355763699999954,-14.792638299999965],[-47.357102699999984,-14.77588179999998],[-47.33900689999996,-14.773381099999938],[-47.33463869999997,-14.765579299999956],[-47.324933999999985,-14.773572699999932],[-47.32303559999997,-14.763051799999971],[-47.31480499999998,-14.76715459999997],[-47.31074229999996,-14.760271299999943],[-47.32311219999997,-14.75334319999996],[-47.318794699999955,-14.741217399999982],[-47.308294699999976,-14.75192839999994],[-47.297901399999944,-14.713285699999972],[-47.28290729999998,-14.694729699999982],[-47.262331899999936,-14.701943399999948],[-47.24122199999994,-14.695604199999934],[-47.23021929999993,-14.680381599999976],[-47.236834499999986,-14.673945299999957],[-47.22889779999997,-14.673319799999945],[-47.23411429999993,-14.646037899999953],[-47.22442449999994,-14.634364499999947],[-47.230547799999954,-14.631313499999976],[-47.215949499999965,-14.628642599999978],[-47.21923009999995,-14.604218699999933],[-47.203842899999984,-14.60700259999993],[-47.20256999999998,-14.580919699999981],[-47.19201929999997,-14.579429599999969],[-47.19819689999997,-14.57085989999996],[-47.18585489999998,-14.560686499999974],[-47.19100499999996,-14.556387599999937],[-47.18357729999997,-14.553262399999937],[-47.18467609999993,-14.543842499999982],[-47.169204099999945,-14.539439399999935],[-47.171195299999965,-14.547796299999959],[-47.15857659999995,-14.551349799999969],[-47.141161299999965,-14.536027899999965],[-47.10806269999995,-14.546759699999939],[-47.10537399999998,-14.538984999999968],[-47.09250869999994,-14.547081399999968],[-47.096191199999964,-14.563854799999945],[-47.08208769999993,-14.567005799999947],[-47.08105969999997,-14.579488199999957],[-47.08931039999993,-14.58415679999996],[-47.072528699999964,-14.596721399999979],[-47.07719229999998,-14.604223499999932],[-47.08698929999997,-14.599558799999954],[-47.07976729999996,-14.616659199999958],[-47.101257799999985,-14.628119699999957],[-47.09844829999997,-14.63605309999997],[-47.08886479999995,-14.630876299999954],[-47.085645599999964,-14.639752299999941],[-47.088518499999964,-14.649582899999928],[-47.10269219999998,-14.649775699999964],[-47.09868659999995,-14.665007599999967],[-47.10884859999993,-14.667822899999976],[-47.10741169999994,-14.67063429999996],[-47.11152299999998,-14.678023399999972],[-47.10998049999995,-14.671947899999964],[-47.119162899999935,-14.673124499999972],[-47.124847399999965,-14.684305299999949],[-47.13243849999998,-14.678754199999958],[-47.13065599999993,-14.689362999999958],[-47.14724659999996,-14.695784899999978],[-47.148132499999974,-14.711703299999954],[-47.16969329999995,-14.729437299999972],[-47.17969339999996,-14.757940799999972],[-47.194248699999946,-14.762756499999966],[-47.19265369999994,-14.777486099999976],[-47.216584299999965,-14.794680899999946],[-47.21770419999996,-14.818770399999948],[-47.20920479999995,-14.82557909999997],[-47.218845199999976,-14.838931699999932],[-47.20273869999994,-14.845712299999946],[-47.217281699999944,-14.854470899999967],[-47.213401799999986,-14.871321499999965],[-47.22756099999998,-14.877384199999938],[-47.23473769999998,-14.899028699999974],[-47.20986339999996,-14.902456099999938],[-47.215851999999984,-14.957437499999969],[-47.17528169999997,-14.972755799999959],[-47.16901839999997,-14.981713699999943],[-47.18661549999996,-14.998725899999954],[-47.186642699999936,-15.011747499999956],[-47.171190399999944,-15.031741899999929],[-47.156656199999986,-15.074104999999975],[-47.148406199999954,-15.075864599999932],[-47.13103819999998,-15.122698399999933],[-47.07570069999997,-15.062662599999953],[-47.05853799999994,-15.08520219999997],[-47.04662889999997,-15.087152999999944],[-47.039390099999935,-15.106714099999976],[-47.04743069999995,-15.117531399999962],[-47.031443699999954,-15.12710379999993],[-47.030120599999975,-15.148958099999959],[-47.00852189999995,-15.170983999999976],[-47.01878339999996,-15.197435299999938],[-46.999441899999965,-15.221892599999933],[-46.99962889999995,-15.247945499999958],[-46.96976049999995,-15.269383799999957],[-46.94539139999995,-15.311033899999927],[-46.91522189999995,-15.307490799999982],[-46.874428199999954,-15.285183999999958],[-46.83567579999993,-15.325127699999939],[-46.84795699999995,-15.346760399999937],[-46.869480299999964,-15.361474199999975],[-46.84947839999995,-15.373163999999974],[-46.917861899999934,-15.419501199999956],[-46.93046929999997,-15.44308899999993],[-46.93243049999995,-15.483171699999957],[-46.94421459999995,-15.518186899999932],[-46.947637499999985,-15.560765899999979],[-46.917747599999984,-15.590007799999967],[-46.89453249999997,-15.595386899999937],[-46.88257689999995,-15.61008419999996],[-46.88836969999994,-15.617011199999979],[-46.91018199999996,-15.62134199999997],[-46.93140559999995,-15.649426699999935],[-46.943968799999936,-15.645058399999982],[-46.959510799999975,-15.663978699999973],[-46.96425369999997,-15.656853799999965],[-46.97160619999994,-15.663336699999945],[-46.97600129999995,-15.649457999999981],[-46.99761739999997,-15.653979299999946],[-47.013570699999946,-15.62796579999997],[-47.019631499999946,-15.545894099999941],[-47.046865999999966,-15.53604729999995],[-47.07123009999998,-15.555455399999971],[-47.10304499999995,-15.558696999999938],[-47.13086109999995,-15.588413999999943],[-47.18126579999995,-15.600788099999932],[-47.16138029999996,-15.650379099999952],[-47.13014689999994,-15.670862299999953],[-47.114990199999966,-15.73098269999997],[-47.10242279999994,-15.73965549999997],[-47.120648399999936,-15.808686399999942],[-47.123674499999936,-15.85046879999993],[-47.11695739999993,-15.85729509999993],[-47.113282599999934,-15.85274329999993],[-47.11104459999996,-15.863372099999935],[-47.11942309999995,-15.867083099999945],[-47.11250759999996,-15.876415299999962],[-47.11534419999998,-15.89943349999993],[-47.124858899999936,-15.92068999999998],[-47.133361399999956,-15.917289399999959],[-47.142859999999985,-15.935715399999935],[-47.15175139999997,-15.934599499999933],[-47.149409799999944,-15.940694299999961],[-47.17143599999997,-15.953688099999965],[-47.170645699999966,-15.973676699999942],[-47.178767499999935,-15.977698499999974],[-47.18792099999996,-15.971248899999978],[-47.18464949999998,-15.983551199999965],[-47.19267899999994,-15.977915799999948],[-47.19781379999995,-15.98734769999993],[-47.20865829999997,-15.98733649999997],[-47.217276599999934,-16.014420299999927],[-47.254080199999976,-16.019623499999966],[-47.279530799999975,-16.012360099999967],[-47.27739619999994,-16.00686969999998],[-47.30036739999997,-16.017245699999933],[-47.310006199999975,-16.036273499999936],[-47.34060739999995,-16.019436199999973],[-47.34859849999998,-16.00621689999997],[-47.369272499999965,-16.00308089999993],[-47.379069999999956,-15.977815999999962],[-47.368474499999934,-15.947070099999962],[-47.37348369999995,-15.936789099999942],[-47.361206599999946,-15.925819099999956],[-47.369083899999964,-15.920556399999953],[-47.36552349999994,-15.909464299999968],[-47.374881899999934,-15.906919499999958],[-47.380700599999955,-15.881246699999963],[-47.371988699999974,-15.874079499999937],[-47.36741619999998,-15.828573499999948],[-47.35540549999996,-15.82344969999997],[-47.31303609999998,-15.742001199999947],[-47.32101679999994,-15.721261699999957],[-47.312489599999935,-15.697287099999926],[-47.33147199999996,-15.68350449999997],[-47.326603199999965,-15.652617999999961],[-47.33392939999993,-15.629582899999946],[-47.31556429999995,-15.594918399999926],[-47.32074339999997,-15.586632599999973]]]}},{"id":"5411","type":"Feature","properties":{"COD_IBGE":"5208103","MUNICIPIO":"Formoso","UF":"GO"},"geometry":{"type":"Polygon","coordinates":[[[-48.91760649999998,-13.633744399999955],[-48.92288709999997,-13.621189199999947],[-48.908019199999956,-13.609105499999941],[-48.89538639999995,-13.609259599999973],[-48.89703309999993,-13.599756399999933],[-48.88520429999994,-13.60024969999995],[-48.880498099999954,-13.582970199999977],[-48.86187069999994,-13.572262699999953],[-48.84874309999998,-13.549161399999946],[-48.83236369999997,-13.54525549999994],[-48.839818099999945,-13.529236199999957],[-48.82456519999994,-13.499353399999961],[-48.833529399999975,-13.479262499999948],[-48.80906569999996,-13.468596199999979],[-48.78730479999996,-13.47458219999993],[-48.77563969999994,-13.528707499999939],[-48.74451329999994,-13.562273699999935],[-48.747135999999955,-13.57149979999997],[-48.731208899999956,-13.573485799999958],[-48.73077999999998,-13.601236599999936],[-48.707991499999935,-13.61715229999993],[-48.700571999999966,-13.63453469999996],[-48.72150869999996,-13.646805299999926],[-48.72548989999996,-13.667063399999961],[-48.74264119999998,-13.683118999999976],[-48.761630399999945,-13.688620699999944],[-48.77147219999995,-13.701553699999977],[-48.78273759999996,-13.697867299999928],[-48.78868609999995,-13.710851899999966],[-48.781147499999975,-13.729433399999948],[-48.80690079999994,-13.771413999999936],[-48.79154519999997,-13.78161289999997],[-48.78553839999995,-13.808741299999951],[-48.80074769999993,-13.82324959999994],[-48.82267249999995,-13.82109859999997],[-48.83445199999994,-13.83997949999997],[-48.84558679999998,-13.840551699999935],[-48.84873299999998,-13.85127239999997],[-48.86174609999995,-13.855572399999971],[-48.87120079999994,-13.86634289999995],[-48.86577809999994,-13.880169599999931],[-48.87012219999997,-13.906065999999953],[-48.88822189999996,-13.924114299999928],[-48.88139689999997,-13.93180209999997],[-48.91878889999998,-13.942263799999978],[-48.93599169999993,-13.936300199999948],[-48.97123339999996,-13.904434199999969],[-48.98791149999994,-13.908731699999976],[-49.022276499999975,-13.896606099999929],[-49.027295599999945,-13.874546399999929],[-49.02534289999994,-13.85110439999994],[-49.01448089999997,-13.847127199999932],[-48.99137299999995,-13.809082299999943],[-49.003357999999935,-13.788565699999936],[-48.976728899999955,-13.766318299999966],[-48.979732199999944,-13.746634899999947],[-48.990950399999974,-13.734049299999981],[-48.97163879999994,-13.724738499999944],[-48.96876969999994,-13.686279599999978],[-48.92697319999996,-13.667322899999931],[-48.91760649999998,-13.633744399999955]]]}},{"id":"5412","type":"Feature","properties":{"COD_IBGE":"5208152","MUNICIPIO":"Gameleira de Goiás","UF":"GO"},"geometry":{"type":"Polygon","coordinates":[[[-48.66063409999998,-16.50555959999997],[-48.682456499999944,-16.50840379999994],[-48.68512119999997,-16.496502799999973],[-48.698201799999936,-16.492970499999956],[-48.72161879999993,-16.49811059999996],[-48.74173269999994,-16.49188819999995],[-48.75356849999997,-16.500486299999977],[-48.767349399999944,-16.479291899999964],[-48.77847459999998,-16.478553099999942],[-48.77710519999994,-16.468687399999965],[-48.78803529999993,-16.45583679999993],[-48.79662459999997,-16.46064679999995],[-48.82231279999996,-16.434684499999946],[-48.87179349999997,-16.419719099999952],[-48.87390369999997,-16.408251099999973],[-48.86640399999993,-16.40481189999997],[-48.87469119999997,-16.400553599999967],[-48.86530439999996,-16.39399999999995],[-48.85710389999997,-16.40426739999998],[-48.82345249999997,-16.400275199999953],[-48.799720699999966,-16.38434179999996],[-48.760497199999975,-16.38549009999997],[-48.75024429999996,-16.37541249999998],[-48.76374249999998,-16.36082209999995],[-48.75168629999996,-16.330645199999935],[-48.770009899999934,-16.289443199999937],[-48.71647319999994,-16.27994579999995],[-48.70008829999995,-16.291078999999968],[-48.67613629999994,-16.28527109999993],[-48.65239849999995,-16.292340099999933],[-48.63074369999998,-16.281534799999974],[-48.61950559999997,-16.293603099999928],[-48.618812899999966,-16.30984719999998],[-48.59862089999996,-16.316696599999943],[-48.58739439999994,-16.332172299999968],[-48.56534819999996,-16.32905139999997],[-48.55118649999997,-16.347603799999945],[-48.516049599999974,-16.33935749999995],[-48.522402599999964,-16.39387979999998],[-48.53792199999998,-16.41450439999994],[-48.577949599999954,-16.418402799999967],[-48.604963699999985,-16.44467389999994],[-48.59445969999996,-16.462219999999945],[-48.55910389999997,-16.471042999999952],[-48.54160289999993,-16.49810789999998],[-48.54443209999994,-16.50440939999993],[-48.586864599999956,-16.512153199999943],[-48.60710409999996,-16.538094199999932],[-48.66063409999998,-16.50555959999997]]]}},{"id":"5413","type":"Feature","properties":{"COD_IBGE":"5208301","MUNICIPIO":"Divinópolis de Goiás","UF":"GO"},"geometry":{"type":"Polygon","coordinates":[[[-46.382349799999986,-13.281287299999974],[-46.39526109999997,-13.311560799999938],[-46.38362549999994,-13.331998699999929],[-46.389001399999984,-13.35275919999998],[-46.383347699999945,-13.38260269999995],[-46.71535359999996,-13.385439399999939],[-46.705055399999935,-13.38028559999998],[-46.69596799999994,-13.353721399999927],[-46.70977639999995,-13.326076299999954],[-46.70363169999996,-13.298414399999956],[-46.68943169999994,-13.29783219999996],[-46.67653819999998,-13.284059799999966],[-46.68605229999997,-13.260745099999951],[-46.678544699999975,-13.252541299999962],[-46.682740199999955,-13.242551299999946],[-46.64698699999997,-13.237063999999975],[-46.629030899999975,-13.220461599999965],[-46.61606509999996,-13.224887599999931],[-46.606524699999966,-13.212287299999957],[-46.58955929999996,-13.21362389999996],[-46.53111379999996,-13.155407699999955],[-46.50646419999998,-13.097085799999945],[-46.46105279999995,-13.073341699999958],[-46.45285249999995,-13.054248599999937],[-46.442380399999934,-13.065738799999963],[-46.44210459999994,-13.081994899999927],[-46.42634239999995,-13.086412499999938],[-46.42403649999994,-13.10170409999995],[-46.41000189999994,-13.10816589999996],[-46.412256799999966,-13.121619899999928],[-46.40260059999997,-13.130604099999971],[-46.37650999999994,-13.217719399999964],[-46.38593259999993,-13.238195099999928],[-46.382349799999986,-13.281287299999974]]]}},{"id":"5414","type":"Feature","properties":{"COD_IBGE":"5208400","MUNICIPIO":"Goianápolis","UF":"GO"},"geometry":{"type":"Polygon","coordinates":[[[-48.982104799999945,-16.405358699999965],[-49.00320229999994,-16.501074899999935],[-48.99421619999998,-16.529573899999946],[-49.01883369999996,-16.52123759999995],[-49.01598539999998,-16.53683189999998],[-49.05716649999994,-16.561880799999926],[-49.07059339999995,-16.59353429999993],[-49.09584179999996,-16.58917809999997],[-49.09300229999997,-16.568559599999958],[-49.10285429999993,-16.56256049999996],[-49.119496899999945,-16.56514169999997],[-49.123677199999975,-16.57673029999995],[-49.16369419999995,-16.57808129999995],[-49.16949959999994,-16.557877899999937],[-49.187296499999945,-16.550999499999932],[-49.18250079999996,-16.540801199999976],[-49.15274619999997,-16.532429999999977],[-49.15050459999998,-16.52065289999996],[-49.14073349999995,-16.525873299999944],[-49.12730119999998,-16.513607899999954],[-49.11310519999995,-16.53686319999997],[-49.080277699999954,-16.500909499999977],[-49.06877049999997,-16.467615499999965],[-49.04934309999993,-16.45082679999996],[-49.02168649999993,-16.447235699999965],[-49.00797149999994,-16.414699799999937],[-48.982104799999945,-16.405358699999965]]]}},{"id":"5415","type":"Feature","properties":{"COD_IBGE":"5208509","MUNICIPIO":"Goiandira","UF":"GO"},"geometry":{"type":"Polygon","coordinates":[[[-48.06223769999997,-18.26425329999995],[-48.13106699999997,-18.230525899999975],[-48.192890999999975,-18.22179399999993],[-48.225253099999975,-18.196974299999965],[-48.266389699999934,-18.224927099999945],[-48.275364399999944,-18.216362599999968],[-48.27565679999998,-18.210275799999977],[-48.26427849999993,-18.211107699999957],[-48.27487039999994,-18.199409599999967],[-48.269111399999986,-18.19412619999997],[-48.27793349999996,-18.18243179999996],[-48.272079099999985,-18.17479549999996],[-48.276378199999954,-18.147388199999966],[-48.266876699999955,-18.142792999999926],[-48.26298589999993,-18.125125099999934],[-48.24956609999998,-18.11885989999996],[-48.24602589999995,-18.12504759999996],[-48.23235039999997,-18.123541199999977],[-48.235661499999935,-18.083239899999967],[-48.20765009999997,-18.07052649999997],[-48.223959899999954,-18.03748429999996],[-48.23358239999993,-18.033299299999953],[-48.20990249999994,-18.01425569999998],[-48.20092859999994,-18.017192699999953],[-48.20955509999993,-17.996276199999954],[-48.19905719999997,-18.00170799999995],[-48.20371329999995,-17.99075819999996],[-48.18709949999993,-17.983525199999974],[-48.18976029999993,-17.974307799999963],[-48.17517209999994,-17.969990499999938],[-48.15974499999993,-17.982191099999966],[-48.124958299999946,-17.975495499999965],[-48.117219499999976,-17.99046059999995],[-48.09593069999994,-17.993759199999943],[-48.08594789999995,-18.017752499999972],[-48.075634699999966,-18.020343799999978],[-48.08665109999998,-18.026081199999965],[-48.086428299999966,-18.033974499999943],[-48.07199479999997,-18.03564069999993],[-48.07360769999997,-18.048372599999936],[-48.070043399999975,-18.04446829999995],[-48.05618339999995,-18.06134629999997],[-48.03330219999998,-18.062926999999945],[-48.02142879999997,-18.092990099999952],[-48.02860149999998,-18.13901469999996],[-48.053878699999984,-18.14636749999994],[-48.02743339999995,-18.165876599999933],[-48.02230259999993,-18.160053199999936],[-48.00837509999997,-18.183569899999952],[-48.046667499999955,-18.222999199999947],[-48.04629159999996,-18.245047299999953],[-48.06223769999997,-18.26425329999995]]]}},{"id":"5416","type":"Feature","properties":{"COD_IBGE":"5208608","MUNICIPIO":"Goianésia","UF":"GO"},"geometry":{"type":"Polygon","coordinates":[[[-49.140324299999975,-15.162693699999977],[-49.12493729999994,-15.156443099999933],[-49.08477669999996,-15.160158399999943],[-49.08151269999996,-15.150549199999944],[-49.06714309999995,-15.143175799999938],[-49.052322499999946,-15.146205799999962],[-49.04275279999996,-15.133725499999969],[-49.021964399999945,-15.130641699999956],[-49.00663559999998,-15.115453499999944],[-49.00145279999998,-15.136618799999951],[-48.975548999999944,-15.136007899999981],[-48.96982179999998,-15.16107969999996],[-48.92137809999997,-15.15901109999993],[-48.90745799999996,-15.176594099999932],[-48.92095269999993,-15.217028899999946],[-48.91855849999996,-15.241876999999931],[-48.926567199999965,-15.251889999999946],[-48.94058609999996,-15.260754799999972],[-48.99935459999995,-15.265525299999979],[-49.01200369999998,-15.28384159999996],[-49.02636009999998,-15.27782979999995],[-49.04312269999997,-15.304711399999974],[-49.060717599999975,-15.30713609999998],[-49.08577879999996,-15.381214299999954],[-49.07050629999998,-15.395546499999966],[-49.07600739999998,-15.407496699999967],[-49.06661619999994,-15.426410099999941],[-49.07870079999998,-15.444976199999928],[-49.06539909999998,-15.447520399999974],[-49.09192079999997,-15.47084929999994],[-49.091259899999955,-15.481960299999969],[-49.07921419999997,-15.488388499999928],[-49.08077679999997,-15.515087199999982],[-49.09376379999998,-15.524644599999931],[-49.11659129999998,-15.525475699999959],[-49.08721299999996,-15.53787699999998],[-49.10186779999998,-15.537950899999942],[-49.14581629999998,-15.58600569999993],[-49.188331699999935,-15.602317099999937],[-49.211553099999946,-15.56724209999993],[-49.22600109999996,-15.572426199999938],[-49.23824319999994,-15.559477299999969],[-49.22555509999995,-15.542756899999972],[-49.23229379999998,-15.52795459999993],[-49.224442099999976,-15.523897599999941],[-49.23400219999996,-15.512929699999972],[-49.224608399999966,-15.509784399999944],[-49.22833819999994,-15.498542099999952],[-49.21756709999994,-15.487157699999955],[-49.22683009999997,-15.465560499999981],[-49.232677699999954,-15.466014799999982],[-49.233862999999985,-15.455078399999934],[-49.25155349999994,-15.459299599999952],[-49.26779669999996,-15.449063699999954],[-49.26775029999993,-15.441508399999975],[-49.291314399999976,-15.43319299999996],[-49.29756249999997,-15.410037999999929],[-49.27488209999996,-15.388548299999968],[-49.285266999999976,-15.368929999999978],[-49.25775669999996,-15.35236059999994],[-49.26162839999995,-15.338423299999931],[-49.27704499999993,-15.33933479999996],[-49.281747999999936,-15.328830899999957],[-49.295824799999934,-15.32683019999996],[-49.31420499999996,-15.341904399999976],[-49.35384589999995,-15.34004109999995],[-49.34307439999998,-15.276364299999955],[-49.32219329999998,-15.235162999999943],[-49.31859179999998,-15.188638099999935],[-49.307068999999956,-15.170034699999974],[-49.31333079999996,-15.127256899999963],[-49.309048099999984,-15.104122699999948],[-49.30197389999995,-15.102132299999937],[-49.31322519999998,-15.077561899999978],[-49.30700959999996,-15.07936479999995],[-49.292066199999965,-15.03607889999995],[-49.29033709999993,-14.990753999999981],[-49.134581399999945,-14.998836799999935],[-49.142344599999944,-15.00303359999998],[-49.14266189999995,-15.01546559999997],[-49.15230839999998,-15.01799909999994],[-49.15240469999998,-15.041389799999934],[-49.17436819999995,-15.079039799999975],[-49.17443279999998,-15.113554199999953],[-49.19263589999997,-15.130041199999937],[-49.165819699999986,-15.139461499999982],[-49.15878259999994,-15.158851999999968],[-49.140324299999975,-15.162693699999977]]]}},{"id":"5417","type":"Feature","properties":{"COD_IBGE":"5208707","MUNICIPIO":"Goiânia","UF":"GO"},"geometry":{"type":"Polygon","coordinates":[[[-49.19479409999997,-16.694315999999958],[-49.17638899999997,-16.712004199999967],[-49.17711699999995,-16.724711499999955],[-49.157403199999976,-16.71494279999996],[-49.15450819999995,-16.73010709999994],[-49.142359899999974,-16.739155299999936],[-49.149235499999975,-16.74473789999996],[-49.139034599999945,-16.74917199999993],[-49.15407669999996,-16.748661199999958],[-49.158907899999974,-16.790757999999983],[-49.18265729999996,-16.780955999999946],[-49.18741579999994,-16.764339099999972],[-49.219921099999965,-16.738005699999974],[-49.26157789999996,-16.725675399999943],[-49.26649669999995,-16.736565799999937],[-49.28831539999993,-16.748350899999934],[-49.33819719999997,-16.753676799999937],[-49.349626099999966,-16.764216099999942],[-49.365344499999935,-16.818034999999952],[-49.38413319999995,-16.831876399999942],[-49.41240479999993,-16.74039929999998],[-49.42987759999994,-16.719307399999934],[-49.44691179999995,-16.716445499999963],[-49.43995109999997,-16.69556369999998],[-49.44565909999994,-16.673126099999934],[-49.40149309999998,-16.643050899999935],[-49.38722359999997,-16.645742299999938],[-49.38015969999998,-16.629229799999962],[-49.39184069999993,-16.614279499999952],[-49.39182029999995,-16.597797899999932],[-49.37618589999994,-16.57942639999993],[-49.35310149999998,-16.56447479999997],[-49.32976519999994,-16.570341799999937],[-49.32667079999993,-16.549194799999952],[-49.311262899999974,-16.530523099999982],[-49.27957289999995,-16.52915269999994],[-49.21347719999994,-16.453746099999933],[-49.17370299999993,-16.467105799999956],[-49.17210679999994,-16.480190599999958],[-49.19521579999997,-16.491257299999972],[-49.19493539999996,-16.518472199999962],[-49.176915099999974,-16.533708399999966],[-49.17484589999998,-16.540572999999938],[-49.187296499999945,-16.550999499999932],[-49.16949959999994,-16.557877899999937],[-49.16591479999994,-16.57619349999993],[-49.134311199999956,-16.579403699999943],[-49.11870649999997,-16.57423549999993],[-49.119496899999945,-16.56514169999997],[-49.10285429999993,-16.56256049999996],[-49.09300229999997,-16.568559599999958],[-49.09584179999996,-16.58917809999997],[-49.07801889999996,-16.593485099999953],[-49.14631119999996,-16.646613599999966],[-49.16655719999994,-16.65090159999994],[-49.19479409999997,-16.694315999999958]]]}},{"id":"5418","type":"Feature","properties":{"COD_IBGE":"5208806","MUNICIPIO":"Goianira","UF":"GO"},"geometry":{"type":"Polygon","coordinates":[[[-49.42007819999998,-16.559328799999946],[-49.41744879999993,-16.53988959999998],[-49.45491969999995,-16.535878099999934],[-49.45887579999993,-16.493819499999972],[-49.594106299999964,-16.527999299999976],[-49.62011249999995,-16.48970529999997],[-49.595993799999974,-16.492942899999946],[-49.58418739999996,-16.48288109999993],[-49.57725849999997,-16.497071799999958],[-49.55484709999996,-16.503578499999946],[-49.51530759999997,-16.497471099999927],[-49.48368389999996,-16.458444199999974],[-49.44439739999996,-16.45374899999996],[-49.44604339999995,-16.42920239999995],[-49.421059499999956,-16.404409199999975],[-49.398447199999964,-16.42540239999994],[-49.391226899999936,-16.439907999999946],[-49.396452099999976,-16.445552199999952],[-49.38968209999996,-16.44439239999997],[-49.38633559999994,-16.456096999999943],[-49.354498099999944,-16.455231699999956],[-49.32223799999997,-16.437524499999938],[-49.34168519999997,-16.47205859999997],[-49.361697799999945,-16.483117299999947],[-49.37010319999996,-16.500844299999926],[-49.339549199999965,-16.520668099999966],[-49.34111859999996,-16.547329699999977],[-49.32819969999997,-16.555727599999955],[-49.32883059999995,-16.569357099999934],[-49.353141499999936,-16.564490099999944],[-49.39182029999995,-16.597797899999932],[-49.39231909999995,-16.58386059999998],[-49.42007819999998,-16.559328799999946]]]}},{"id":"5419","type":"Feature","properties":{"COD_IBGE":"5208905","MUNICIPIO":"Goiás","UF":"GO"},"geometry":{"type":"Polygon","coordinates":[[[-50.121932399999935,-15.660467899999958],[-50.06749049999996,-15.704987899999935],[-50.06266999999997,-15.723975199999927],[-50.08687229999998,-15.766264199999966],[-50.06929749999995,-15.788874199999952],[-50.048132899999985,-15.772458799999981],[-50.02006129999995,-15.781337899999926],[-49.99488139999994,-15.775485699999933],[-49.97966269999995,-15.761700599999926],[-49.96667329999997,-15.76595679999997],[-49.938616499999966,-15.749328099999957],[-49.92892029999996,-15.757509599999935],[-49.93383359999996,-15.765577699999938],[-49.91700259999993,-15.754389999999944],[-49.90906159999997,-15.772563899999966],[-49.902801899999986,-15.760178199999928],[-49.892501299999935,-15.762324199999966],[-49.88309469999996,-15.753565099999946],[-49.85136849999998,-15.777541299999939],[-49.85371139999995,-15.786081899999942],[-49.84440949999998,-15.781382399999927],[-49.83911379999995,-15.801210399999945],[-49.80855789999998,-15.823801199999934],[-49.81243479999995,-15.846769399999971],[-49.793517399999985,-15.868257099999937],[-49.79500699999994,-15.88555249999996],[-49.81559159999995,-15.893386299999975],[-49.81364419999994,-15.907646499999942],[-49.83937599999996,-15.905931399999929],[-49.831435399999975,-15.926370199999951],[-49.83515849999998,-15.942801799999927],[-49.85438749999997,-15.95980039999995],[-49.863895199999945,-15.98695159999994],[-49.87647339999995,-15.980725699999937],[-49.88099119999998,-15.986586799999941],[-49.89281289999997,-15.974253499999975],[-49.90290299999998,-15.980529599999954],[-49.92309919999997,-15.967718599999955],[-49.93633159999996,-15.974761699999931],[-49.94248189999996,-15.966459799999939],[-49.94879619999995,-15.974155799999949],[-49.96400289999997,-15.973651099999927],[-49.96288389999995,-15.985114099999976],[-49.97409429999993,-15.98318699999993],[-49.97700819999994,-15.994184999999959],[-49.99279839999997,-15.999081899999965],[-50.00394229999995,-16.01370129999998],[-50.02209929999998,-16.012714199999948],[-50.04286509999997,-16.029761599999972],[-50.06401559999995,-16.02927649999998],[-50.08559699999995,-16.045411099999967],[-50.097482999999954,-16.033651299999974],[-50.10779059999993,-16.03519369999998],[-50.138791899999944,-16.05446079999996],[-50.19637069999993,-16.075059799999963],[-50.22657379999998,-16.076586599999928],[-50.25696629999993,-16.093555899999956],[-50.29605499999997,-16.08281139999997],[-50.33556239999996,-16.09160079999998],[-50.365282099999945,-16.074442999999974],[-50.43391319999995,-16.09378929999997],[-50.44232069999998,-16.114937399999974],[-50.48143449999998,-16.119743599999936],[-50.474827999999945,-16.110072699999932],[-50.475873099999944,-16.06891399999995],[-50.489320099999986,-16.04142779999995],[-50.51571179999996,-16.03006279999994],[-50.50346349999995,-16.02103649999998],[-50.506422999999984,-16.00708469999995],[-50.49875549999996,-15.98890369999998],[-50.48704879999997,-15.983719299999962],[-50.48900119999996,-15.970711199999982],[-50.46726759999996,-15.955645199999935],[-50.46379189999993,-15.941564599999936],[-50.480122999999935,-15.915061099999946],[-50.491647899999975,-15.913352299999929],[-50.497163099999966,-15.89875539999997],[-50.48939739999997,-15.891273399999932],[-50.51499839999997,-15.875129099999981],[-50.50438829999996,-15.813477999999975],[-50.523793299999966,-15.78282189999993],[-50.56829899999997,-15.763607299999933],[-50.57931959999996,-15.73297249999996],[-50.619964299999936,-15.726370699999961],[-50.61019699999997,-15.69747689999997],[-50.62940149999997,-15.68681829999997],[-50.61212349999994,-15.685688199999959],[-50.61459409999998,-15.667948599999932],[-50.59904469999998,-15.664495299999942],[-50.60063149999996,-15.64356209999994],[-50.61723649999993,-15.645376699999929],[-50.622717499999965,-15.61410989999996],[-50.64665819999993,-15.604754799999967],[-50.63659099999995,-15.595774999999946],[-50.61761829999995,-15.59803729999993],[-50.58859559999996,-15.569789599999979],[-50.562746499999946,-15.577439399999946],[-50.55632529999997,-15.564877299999978],[-50.548199299999965,-15.568363499999975],[-50.52691889999994,-15.557554299999936],[-50.52975599999996,-15.569274699999937],[-50.51572589999995,-15.569583199999954],[-50.51188419999994,-15.585247599999946],[-50.49504889999997,-15.593318799999963],[-50.49806639999997,-15.609309699999926],[-50.479845599999976,-15.640144199999952],[-50.47260049999994,-15.63206219999995],[-50.45969139999994,-15.641815599999973],[-50.44313359999995,-15.632055799999932],[-50.42633149999995,-15.643756799999949],[-50.424301699999944,-15.635503899999946],[-50.40219519999994,-15.63405599999993],[-50.39493289999996,-15.647064899999975],[-50.38011979999993,-15.646186299999954],[-50.37568269999997,-15.653379599999937],[-50.36931049999998,-15.652170699999942],[-50.37377879999997,-15.646284099999946],[-50.36545929999994,-15.631448599999942],[-50.359308899999974,-15.634731199999976],[-50.362642999999935,-15.621412199999952],[-50.35167499999994,-15.61979169999995],[-50.346249899999975,-15.626197399999967],[-50.35173789999993,-15.632830399999932],[-50.34332079999996,-15.639657499999942],[-50.334573399999954,-15.636170099999958],[-50.330272399999956,-15.645479799999976],[-50.31294299999996,-15.641615799999954],[-50.306766599999946,-15.65851749999996],[-50.29579149999995,-15.643914799999948],[-50.27845959999996,-15.648191499999939],[-50.27533669999997,-15.635607299999947],[-50.26102119999996,-15.629848699999968],[-50.23948789999997,-15.642453899999964],[-50.22244439999997,-15.634608599999979],[-50.21692839999997,-15.64227349999993],[-50.20048979999996,-15.630489699999941],[-50.171209199999964,-15.62546459999993],[-50.14662729999998,-15.630775599999936],[-50.12442839999994,-15.648322399999927],[-50.121932399999935,-15.660467899999958]]]}},{"id":"5420","type":"Feature","properties":{"COD_IBGE":"5209101","MUNICIPIO":"Goiatuba","UF":"GO"},"geometry":{"type":"Polygon","coordinates":[[[-49.28453699999994,-17.947961299999974],[-49.17451369999998,-17.988399899999933],[-49.17902589999994,-18.021982299999934],[-49.16473359999998,-18.02256639999996],[-49.17605659999998,-18.034419399999933],[-49.171685999999966,-18.041409699999974],[-49.178590499999984,-18.046403899999973],[-49.184342199999946,-18.08021619999994],[-49.20280969999993,-18.091005499999937],[-49.20911899999993,-18.108248699999933],[-49.21746749999994,-18.108456199999978],[-49.209727199999975,-18.11738379999997],[-49.222006499999964,-18.12239909999994],[-49.22577249999995,-18.141588599999977],[-49.23722909999998,-18.14880599999998],[-49.23227179999998,-18.15767989999995],[-49.24408299999993,-18.156568299999947],[-49.25250289999997,-18.17914799999994],[-49.28973909999996,-18.14470069999993],[-49.31335279999996,-18.157546799999977],[-49.31869489999997,-18.17082789999995],[-49.332552799999974,-18.17037449999998],[-49.350789599999985,-18.182227099999977],[-49.37453279999994,-18.137477599999954],[-49.38279869999997,-18.145231899999942],[-49.413090299999965,-18.139971999999943],[-49.42229409999993,-18.12190259999994],[-49.44926799999996,-18.110175999999967],[-49.45739309999993,-18.092267299999946],[-49.492363599999976,-18.087742399999968],[-49.497783599999934,-18.078360199999963],[-49.51297959999994,-18.091836199999932],[-49.491659099999936,-18.110993699999938],[-49.51229399999994,-18.116165799999976],[-49.50878739999996,-18.130697399999974],[-49.52008399999994,-18.138856699999963],[-49.510712499999954,-18.14754679999993],[-49.52582739999997,-18.155284499999937],[-49.51295179999994,-18.16160549999995],[-49.52679009999997,-18.17796089999996],[-49.541105399999935,-18.17637449999995],[-49.53739939999997,-18.19331489999996],[-49.55644619999998,-18.205560499999933],[-49.57915769999994,-18.185826899999938],[-49.586986499999966,-18.161771699999974],[-49.580421799999954,-18.155211299999962],[-49.583627399999955,-18.14516009999994],[-49.621466199999986,-18.098815899999977],[-49.66695039999996,-18.081187499999942],[-49.667553399999974,-18.074477899999977],[-49.695691299999964,-18.08152519999993],[-49.700235299999974,-18.090021399999955],[-49.71673509999994,-18.082688599999926],[-49.72240229999994,-18.09058189999996],[-49.78504369999996,-18.06171999999998],[-49.80260599999997,-18.07084219999996],[-49.83879439999998,-18.03508759999994],[-49.82988979999993,-18.022815599999944],[-49.83527019999997,-18.003134099999954],[-49.84247809999994,-18.00665989999993],[-49.847094399999946,-18.00024879999995],[-49.866206199999965,-18.006295499999965],[-49.86188579999998,-18.014958699999966],[-49.872042599999986,-18.010331399999927],[-49.87972759999997,-18.031663099999946],[-49.89319189999998,-18.033671099999935],[-49.900566699999956,-18.02680309999994],[-49.89979679999993,-18.036746599999958],[-49.908581099999935,-18.03473409999998],[-49.92730819999997,-18.05581109999997],[-49.92577339999997,-18.064391399999977],[-49.936457099999984,-18.063605999999936],[-49.93572029999996,-18.07311409999994],[-49.958821899999975,-18.07502089999997],[-49.95967729999995,-18.08811979999996],[-49.97969539999997,-18.092051999999967],[-49.97407049999998,-18.106118599999945],[-50.003198699999984,-18.101489499999957],[-50.00305849999995,-18.120615399999963],[-50.04221719999998,-18.10580249999998],[-50.037825699999985,-18.09312179999995],[-50.06668589999998,-18.102033399999982],[-50.068082699999934,-18.10880069999996],[-50.07510369999994,-18.104187899999943],[-50.070811499999934,-18.116200299999946],[-50.08339719999998,-18.127735599999937],[-50.09162879999997,-18.123946199999978],[-50.09503909999995,-18.107317399999943],[-50.135814299999936,-18.123511699999938],[-50.134056199999975,-18.112518399999942],[-50.142159499999934,-18.105304699999976],[-50.16136609999995,-18.12130769999993],[-50.16094429999998,-18.091418399999952],[-50.16920699999997,-18.07424869999994],[-50.15296809999995,-18.05951529999993],[-50.15027769999995,-18.049942999999928],[-50.16166979999997,-18.035190899999975],[-50.14389459999995,-18.026377999999966],[-50.13846969999997,-17.998812199999975],[-50.11956299999997,-17.984965599999953],[-50.10118669999997,-17.98336729999994],[-50.09849389999994,-17.971075199999973],[-50.07621409999996,-17.96104399999996],[-50.073306299999956,-17.946312999999975],[-50.04641689999994,-17.94231659999997],[-50.01653079999994,-17.954335199999946],[-49.99582559999993,-17.931988799999942],[-49.98047909999997,-17.92648829999996],[-49.97178409999998,-17.897881299999938],[-49.98133819999998,-17.90179329999995],[-49.99430659999996,-17.894894299999976],[-50.000010799999984,-17.862693599999943],[-50.02223309999994,-17.831948999999952],[-50.054800599999965,-17.82535619999993],[-50.07178229999994,-17.806513799999948],[-50.071410999999955,-17.79761629999996],[-50.01676279999998,-17.794610399999954],[-50.01439239999996,-17.78010899999998],[-49.98445609999993,-17.78260649999993],[-49.97610229999998,-17.77423619999996],[-49.94341499999996,-17.79728709999995],[-49.916659299999935,-17.795305499999927],[-49.88971529999998,-17.811502299999972],[-49.88802099999998,-17.832109299999956],[-49.87244099999998,-17.85238369999996],[-49.857282699999985,-17.863044099999968],[-49.84428929999996,-17.847644999999943],[-49.820677599999954,-17.85004559999993],[-49.80520249999995,-17.88347639999995],[-49.78485829999994,-17.899710399999947],[-49.78411319999998,-17.88643179999997],[-49.76006959999995,-17.867641399999968],[-49.67970279999997,-17.859997499999963],[-49.65772769999995,-17.884865799999943],[-49.64482039999996,-17.867680699999937],[-49.594794099999945,-17.83989909999997],[-49.56252139999998,-17.832962099999975],[-49.554385399999944,-17.843945099999928],[-49.54393029999994,-17.83928069999996],[-49.53025059999993,-17.855412199999932],[-49.51818289999994,-17.85567949999995],[-49.49681819999995,-17.83211929999993],[-49.487558699999965,-17.84111869999998],[-49.458492699999965,-17.844523899999956],[-49.45057929999996,-17.857245399999954],[-49.46102469999994,-17.872820399999966],[-49.451866999999936,-17.869403499999976],[-49.446870399999966,-17.880403499999943],[-49.45605869999997,-17.89593059999993],[-49.44512199999997,-17.895979999999952],[-49.43610849999993,-17.91580349999998],[-49.39689219999997,-17.91415479999995],[-49.39194299999997,-17.933747299999936],[-49.38273359999994,-17.93374849999998],[-49.363017799999966,-17.959298299999944],[-49.28453699999994,-17.947961299999974]]]}},{"id":"5421","type":"Feature","properties":{"COD_IBGE":"5209150","MUNICIPIO":"Gouvelândia","UF":"GO"},"geometry":{"type":"Polygon","coordinates":[[[-50.06267779999996,-18.433064199999933],[-50.047184899999934,-18.448161699999957],[-50.03704799999997,-18.48520979999995],[-50.04446959999996,-18.518418099999963],[-50.029733299999975,-18.54012759999995],[-50.05222859999998,-18.563764599999956],[-50.04980879999994,-18.579155699999944],[-50.027770299999986,-18.594425899999976],[-50.05020509999997,-18.64354179999998],[-50.08203229999998,-18.67261529999996],[-50.16428799999994,-18.66435249999995],[-50.19887689999996,-18.679079899999977],[-50.26995989999995,-18.684172299999943],[-50.26666469999998,-18.66445269999997],[-50.24099639999997,-18.626235399999928],[-50.263454499999966,-18.602809799999932],[-50.25763449999994,-18.595553499999937],[-50.26858279999993,-18.575006799999983],[-50.27209269999997,-18.53096199999993],[-50.28700219999996,-18.529421799999966],[-50.290952699999934,-18.520473099999947],[-50.27012389999993,-18.515953599999932],[-50.265776899999935,-18.476408799999945],[-50.27214509999993,-18.45653249999998],[-50.25617459999995,-18.438424899999973],[-50.25826179999996,-18.40656389999998],[-50.27051449999993,-18.390616299999976],[-50.306336399999964,-18.378557599999965],[-50.24922699999996,-18.373161099999948],[-50.23474189999996,-18.361009299999978],[-50.16451929999994,-18.34241389999994],[-50.159284999999954,-18.33531739999995],[-50.14800089999994,-18.338573999999937],[-50.13523339999995,-18.32576549999993],[-50.12202819999993,-18.333906399999933],[-50.09732719999994,-18.33174029999998],[-50.07542559999996,-18.360343399999977],[-50.05630069999995,-18.36078269999996],[-50.04832639999995,-18.375870299999974],[-50.04515719999995,-18.399044999999944],[-50.06161059999994,-18.41779699999995],[-50.06267779999996,-18.433064199999933]]]}},{"id":"5422","type":"Feature","properties":{"COD_IBGE":"5209200","MUNICIPIO":"Guapó","UF":"GO"},"geometry":{"type":"Polygon","coordinates":[[[-49.46447059999997,-16.846221199999945],[-49.45388419999995,-16.86172149999993],[-49.43753519999996,-16.86014659999995],[-49.43447139999995,-16.869868699999927],[-49.44689189999997,-16.901100199999973],[-49.470974299999966,-16.898387599999978],[-49.46849679999997,-16.912976799999967],[-49.48230789999997,-16.929743499999972],[-49.479173199999934,-16.981231899999955],[-49.49092809999996,-16.98092209999993],[-49.502409599999964,-16.997967999999958],[-49.51844719999997,-16.998964399999977],[-49.52198109999995,-17.020797899999934],[-49.53619829999997,-17.025504199999943],[-49.54081129999997,-17.04360989999998],[-49.566943099999946,-17.034195599999975],[-49.603446599999984,-17.065840599999945],[-49.60637179999998,-17.054374799999948],[-49.618642299999976,-17.04935299999994],[-49.63257669999996,-17.010734199999945],[-49.593741799999975,-16.95226649999995],[-49.671965299999954,-16.957817899999952],[-49.69203189999996,-16.952482199999963],[-49.699658099999965,-16.941408799999977],[-49.71810149999993,-16.954200899999933],[-49.742039999999974,-16.95684259999996],[-49.74873269999995,-16.945663899999943],[-49.73753789999995,-16.946027699999945],[-49.725329699999975,-16.933285199999943],[-49.73664139999994,-16.911913599999934],[-49.71341989999996,-16.88050819999995],[-49.66445129999994,-16.875854999999945],[-49.627391699999976,-16.84589049999994],[-49.60951289999997,-16.84186029999995],[-49.59316069999994,-16.785140299999966],[-49.58183719999994,-16.772791299999938],[-49.54424259999996,-16.79947439999995],[-49.54300459999996,-16.812929999999938],[-49.50589669999994,-16.804173599999956],[-49.494584799999984,-16.792456499999957],[-49.474916399999984,-16.791942499999948],[-49.45793859999998,-16.81977779999994],[-49.46447059999997,-16.846221199999945]]]}},{"id":"5423","type":"Feature","properties":{"COD_IBGE":"5209291","MUNICIPIO":"Guaraíta","UF":"GO"},"geometry":{"type":"Polygon","coordinates":[[[-50.020525299999974,-15.587118199999964],[-49.98951649999998,-15.640769399999954],[-50.00641879999995,-15.70835459999995],[-49.997209099999964,-15.738897899999927],[-50.02334529999996,-15.780856299999982],[-50.048132899999985,-15.772458799999981],[-50.06929749999995,-15.788874199999952],[-50.08687229999998,-15.766264199999966],[-50.06243059999997,-15.730949099999975],[-50.06749049999996,-15.704987899999935],[-50.09943789999994,-15.669779399999982],[-50.12204159999993,-15.660348899999974],[-50.124202399999945,-15.616963299999952],[-50.13579039999996,-15.59552059999993],[-50.131343399999935,-15.583869299999947],[-50.129300899999976,-15.604035999999951],[-50.115120599999955,-15.614487499999939],[-50.098362399999985,-15.599648199999933],[-50.064675299999976,-15.597496199999966],[-50.036010499999975,-15.575841499999967],[-50.020525299999974,-15.587118199999964]]]}},{"id":"5424","type":"Feature","properties":{"COD_IBGE":"5209408","MUNICIPIO":"Guarani de Goiás","UF":"GO"},"geometry":{"type":"Polygon","coordinates":[[[-46.504935899999964,-14.011356599999942],[-46.53684109999995,-14.018414699999937],[-46.548216099999934,-14.00059529999993],[-46.55621419999994,-14.002363299999956],[-46.56980129999994,-13.987627499999974],[-46.580394499999954,-13.947865199999967],[-46.61884599999996,-13.945625499999949],[-46.63178199999993,-13.932212499999935],[-46.65686009999996,-13.931755499999952],[-46.66135859999997,-13.918543399999976],[-46.70384629999995,-13.904265299999963],[-46.72037289999997,-13.869588599999929],[-46.73222739999994,-13.85996289999997],[-46.74473849999998,-13.861950399999955],[-46.74219739999995,-13.850804599999947],[-46.758579699999984,-13.837334699999928],[-46.753834799999936,-13.829628899999932],[-46.759187199999985,-13.824421599999937],[-46.73822089999993,-13.822934299999929],[-46.730358199999955,-13.835404299999936],[-46.689450299999976,-13.813158999999928],[-46.65876969999994,-13.818108999999936],[-46.651747899999975,-13.805867699999965],[-46.63208819999994,-13.818731299999968],[-46.61916669999994,-13.819596799999943],[-46.61575049999993,-13.811477599999932],[-46.60163669999997,-13.821709299999952],[-46.58513999999997,-13.807508799999937],[-46.54831389999998,-13.803262699999948],[-46.540945799999974,-13.79309939999996],[-46.52253159999998,-13.801026999999976],[-46.51484829999998,-13.813343199999963],[-46.465822799999955,-13.811027399999944],[-46.433038099999976,-13.789535599999965],[-46.435202799999956,-13.781687399999953],[-46.42881289999997,-13.783609699999943],[-46.42532829999993,-13.773961499999928],[-46.406498399999975,-13.77674589999998],[-46.34165849999994,-13.720361899999943],[-46.31564049999997,-13.717939299999955],[-46.30121609999998,-13.700178899999969],[-46.26765759999995,-13.711558799999978],[-46.23573689999995,-13.708145599999966],[-46.262857199999985,-13.734817299999975],[-46.25103119999994,-13.73686639999994],[-46.22293679999996,-13.76540289999997],[-46.28149549999995,-13.795109499999967],[-46.26390369999996,-13.807395799999938],[-46.273630999999966,-13.828779699999927],[-46.249767299999974,-13.829625699999951],[-46.232474699999955,-13.848607399999935],[-46.26211639999997,-13.88931789999998],[-46.25715509999998,-13.895942799999943],[-46.26698899999997,-13.917497799999978],[-46.26419029999994,-13.94743509999995],[-46.253026699999964,-13.96953259999998],[-46.220065999999974,-13.975422799999933],[-46.22426049999996,-14.003607099999954],[-46.20815169999997,-14.016136199999949],[-46.227047599999935,-14.048996099999954],[-46.26944049999997,-14.057468599999936],[-46.28452239999996,-14.05244879999998],[-46.29234279999997,-14.026055399999962],[-46.30821969999994,-14.01969859999997],[-46.37655669999998,-14.025733199999934],[-46.41728509999996,-14.04579629999995],[-46.433933999999965,-14.035303599999963],[-46.43591369999996,-14.008154199999979],[-46.444758899999954,-13.995440499999972],[-46.455662099999984,-14.001733299999955],[-46.460614299999975,-13.994630399999949],[-46.476446299999964,-13.994767799999977],[-46.504935899999964,-14.011356599999942]]]}},{"id":"5425","type":"Feature","properties":{"COD_IBGE":"5209457","MUNICIPIO":"Guarinos","UF":"GO"},"geometry":{"type":"Polygon","coordinates":[[[-49.754066499999965,-14.53005109999998],[-49.75375599999995,-14.482760399999961],[-49.77088139999995,-14.482665099999963],[-49.77048479999996,-14.47656059999997],[-49.74836079999994,-14.47317389999995],[-49.72547769999994,-14.485089099999982],[-49.71434849999997,-14.464059099999929],[-49.700238499999955,-14.474821899999938],[-49.693958399999985,-14.465804799999944],[-49.68268139999998,-14.480701499999952],[-49.660445299999935,-14.481446199999937],[-49.66279509999998,-14.529964699999937],[-49.63444009999995,-14.565618599999937],[-49.63357519999994,-14.57751479999996],[-49.69750299999998,-14.602395599999966],[-49.70395329999997,-14.595320299999969],[-49.73587689999994,-14.60722149999998],[-49.718863699999986,-14.631623799999943],[-49.70111719999994,-14.64086999999995],[-49.66310939999994,-14.70908389999994],[-49.64565419999997,-14.841025899999977],[-49.67147269999998,-14.834456099999954],[-49.66694189999998,-14.842897799999946],[-49.67429039999996,-14.860209199999929],[-49.687962599999935,-14.85634129999994],[-49.70137959999994,-14.863796099999945],[-49.70491939999994,-14.879415299999948],[-49.737079499999936,-14.913459399999965],[-49.754843799999946,-14.907293299999935],[-49.769477999999935,-14.918190399999958],[-49.76759069999997,-14.937070499999948],[-49.786954899999955,-14.927206799999965],[-49.813092799999936,-14.940548299999932],[-49.81906619999995,-14.932708999999932],[-49.806870199999935,-14.897275199999967],[-49.814833299999975,-14.868373599999927],[-49.80865799999998,-14.844652799999949],[-49.81512339999995,-14.842621099999974],[-49.80116659999993,-14.834393499999976],[-49.80635849999993,-14.827282699999955],[-49.792159899999945,-14.808190599999932],[-49.79826959999997,-14.789062399999978],[-49.77633179999998,-14.783391699999981],[-49.77078749999998,-14.759830299999976],[-49.77574009999995,-14.750634499999933],[-49.76076329999995,-14.729333999999938],[-49.76384159999998,-14.71966219999996],[-49.730624199999966,-14.688566299999934],[-49.73819619999995,-14.686221699999976],[-49.73320369999993,-14.67423249999996],[-49.74545089999998,-14.672232099999974],[-49.743413499999974,-14.65774319999997],[-49.753413199999954,-14.658748099999968],[-49.75536459999995,-14.64725169999997],[-49.762580499999956,-14.65576249999998],[-49.776440899999955,-14.655487199999982],[-49.76837489999997,-14.645487199999934],[-49.78354989999997,-14.619547199999943],[-49.80156199999993,-14.61389319999995],[-49.81211739999998,-14.619123799999954],[-49.812445999999966,-14.607415499999945],[-49.820726399999955,-14.607888699999933],[-49.82039729999997,-14.582781199999943],[-49.80647739999995,-14.57740659999996],[-49.825525099999936,-14.561850999999933],[-49.802527399999974,-14.534938999999952],[-49.788944199999946,-14.53257439999993],[-49.77883869999994,-14.540151899999955],[-49.78104069999995,-14.521707999999933],[-49.771360999999956,-14.506592399999931],[-49.763865099999975,-14.511756099999957],[-49.76106549999997,-14.533345699999927],[-49.754066499999965,-14.53005109999998]]]}},{"id":"5426","type":"Feature","properties":{"COD_IBGE":"5209606","MUNICIPIO":"Heitoraí","UF":"GO"},"geometry":{"type":"Polygon","coordinates":[[[-49.82135109999996,-15.809041399999956],[-49.845911899999976,-15.790798299999949],[-49.84440949999998,-15.781382399999927],[-49.85371139999995,-15.786081899999942],[-49.85136849999998,-15.777541299999939],[-49.88286249999993,-15.75363939999994],[-49.892501299999935,-15.762324199999966],[-49.902801899999986,-15.760178199999928],[-49.90906159999997,-15.772563899999966],[-49.91700259999993,-15.754389999999944],[-49.93383359999996,-15.765577699999938],[-49.92892029999996,-15.757509599999935],[-49.93767859999997,-15.747249899999929],[-49.91787539999996,-15.739964899999961],[-49.89736359999995,-15.753158499999927],[-49.891876099999934,-15.742195999999979],[-49.90164469999996,-15.738283099999933],[-49.90196199999997,-15.729081899999926],[-49.88768239999996,-15.73742599999997],[-49.87113999999997,-15.73228249999994],[-49.87754589999997,-15.722477599999934],[-49.85469459999996,-15.701060199999972],[-49.85747169999996,-15.715259099999969],[-49.84880659999993,-15.722164799999973],[-49.843353399999955,-15.706862899999976],[-49.81728849999996,-15.712339699999973],[-49.80821299999997,-15.692985999999962],[-49.76513829999993,-15.66795209999998],[-49.765306899999985,-15.660614099999975],[-49.74857799999995,-15.65715599999993],[-49.74828739999998,-15.67479499999996],[-49.71863309999998,-15.690057399999944],[-49.69589399999995,-15.722458299999971],[-49.70226229999997,-15.738708499999973],[-49.685113299999955,-15.75152909999997],[-49.68447969999994,-15.760642399999938],[-49.698231299999975,-15.790111299999978],[-49.693036699999936,-15.806102199999941],[-49.797420199999976,-15.788050899999973],[-49.82135109999996,-15.809041399999956]]]}},{"id":"5427","type":"Feature","properties":{"COD_IBGE":"5209705","MUNICIPIO":"Hidrolândia","UF":"GO"},"geometry":{"type":"Polygon","coordinates":[[[-49.12190879999997,-16.930903199999932],[-49.10527019999995,-16.95197559999997],[-49.090859799999976,-16.940845599999932],[-49.08587339999997,-16.950193599999977],[-49.09629369999993,-16.94945839999997],[-49.09451059999998,-16.95817599999998],[-49.07390789999994,-16.95667119999996],[-49.05704559999998,-16.977695799999935],[-49.06468929999994,-16.996147599999972],[-49.07308809999995,-16.997594599999957],[-49.06896469999998,-17.00741979999998],[-49.081351799999936,-17.006190199999935],[-49.07800549999996,-17.01132199999995],[-49.08690299999995,-17.018153199999972],[-49.080795199999955,-17.025065599999948],[-49.091825599999936,-17.02586109999993],[-49.09294819999997,-17.036442199999954],[-49.081070299999965,-17.04681679999993],[-49.09949069999993,-17.05195679999997],[-49.08366319999993,-17.061516799999936],[-49.08965509999996,-17.077882899999963],[-49.092535199999986,-17.072272099999964],[-49.107800699999984,-17.077769399999966],[-49.10805779999998,-17.09445519999997],[-49.11913879999997,-17.09617099999997],[-49.119614799999965,-17.11807299999998],[-49.10779189999994,-17.12463859999997],[-49.109648499999935,-17.135512399999982],[-49.17502069999995,-17.11948769999998],[-49.192357399999935,-17.136555099999953],[-49.21797649999996,-17.088212299999952],[-49.23524679999997,-17.08271639999998],[-49.29520209999998,-17.10903129999997],[-49.31752019999993,-17.128680999999972],[-49.36859839999994,-17.142004399999962],[-49.39065139999997,-17.156452999999942],[-49.43058179999997,-17.16034819999993],[-49.44104939999994,-17.13993899999997],[-49.45590639999995,-17.146937199999968],[-49.46204209999996,-17.16672879999993],[-49.489629699999966,-17.160986199999968],[-49.48067619999995,-17.13295169999998],[-49.496951699999954,-17.122534499999972],[-49.47512329999995,-17.10895389999996],[-49.47330839999995,-17.094621699999948],[-49.493921099999966,-17.05959059999998],[-49.482324699999936,-17.047226699999953],[-49.48377599999998,-17.022951099999943],[-49.47672149999994,-17.02035099999995],[-49.45710409999998,-17.040939699999967],[-49.440120699999966,-17.03561689999998],[-49.42323189999996,-17.04714409999997],[-49.39751659999996,-17.032987799999944],[-49.384372499999984,-17.04089339999996],[-49.367497699999944,-17.038983599999938],[-49.375206799999944,-17.024408199999982],[-49.36840189999998,-17.006313899999952],[-49.37312399999996,-16.978665399999954],[-49.363747699999976,-16.96632599999998],[-49.368641199999956,-16.956020199999955],[-49.36085549999996,-16.93844789999997],[-49.365791299999955,-16.88645349999996],[-49.33616399999994,-16.852618199999938],[-49.319860999999946,-16.850365299999964],[-49.324291899999935,-16.861719999999934],[-49.30437619999998,-16.867773799999952],[-49.25685519999996,-16.845395699999926],[-49.23920469999996,-16.860802199999966],[-49.23291709999995,-16.856412699999964],[-49.18772519999993,-16.866953099999932],[-49.16761879999996,-16.88976059999993],[-49.14533519999998,-16.881174999999928],[-49.13972249999995,-16.88891119999994],[-49.144471599999974,-16.901886399999967],[-49.127741999999955,-16.905301899999927],[-49.12805999999995,-16.91704429999993],[-49.11308729999996,-16.91476369999998],[-49.12190879999997,-16.930903199999932]]]}},{"id":"5428","type":"Feature","properties":{"COD_IBGE":"5209804","MUNICIPIO":"Hidrolina","UF":"GO"},"geometry":{"type":"Polygon","coordinates":[[[-49.513366099999985,-14.72088249999996],[-49.50934099999995,-14.695691899999929],[-49.494353899999965,-14.695818299999928],[-49.48185029999996,-14.682882499999948],[-49.484635699999956,-14.667826099999957],[-49.46198579999998,-14.662394099999972],[-49.46224479999995,-14.635221499999943],[-49.43577279999994,-14.619512799999939],[-49.39241309999994,-14.637558299999966],[-49.384452599999975,-14.623513299999956],[-49.37502399999994,-14.624067899999943],[-49.357606299999986,-14.607612699999947],[-49.324243199999955,-14.639625899999942],[-49.31792159999998,-14.67173299999996],[-49.28586199999995,-14.67688099999998],[-49.276426399999934,-14.707048199999974],[-49.19800279999998,-14.746501199999955],[-49.19269469999995,-14.760390899999948],[-49.198707199999944,-14.779499199999975],[-49.18455159999996,-14.79789809999994],[-49.16490929999998,-14.80169479999995],[-49.20880239999997,-14.815933799999982],[-49.213618199999985,-14.832055999999966],[-49.206082299999935,-14.84645009999997],[-49.23575169999998,-14.865883999999937],[-49.249353499999984,-14.821624699999973],[-49.31855639999998,-14.813580699999932],[-49.32518289999996,-14.822477099999958],[-49.34612119999997,-14.807675699999947],[-49.36532139999997,-14.821582899999953],[-49.38525709999993,-14.823482699999943],[-49.41131079999997,-14.84852959999995],[-49.44223999999997,-14.805698899999982],[-49.451548799999955,-14.806745199999966],[-49.456451699999946,-14.79728069999993],[-49.47050029999997,-14.800168299999939],[-49.493739699999935,-14.777758799999958],[-49.514727999999934,-14.782096899999942],[-49.527922599999954,-14.776316799999961],[-49.524023099999965,-14.760536999999943],[-49.531655899999976,-14.751885199999947],[-49.53138279999996,-14.731105799999966],[-49.513366099999985,-14.72088249999996]]]}},{"id":"5429","type":"Feature","properties":{"COD_IBGE":"5209903","MUNICIPIO":"Iaciara","UF":"GO"},"geometry":{"type":"Polygon","coordinates":[[[-46.64143859999996,-13.927629699999954],[-46.61884599999996,-13.945625499999949],[-46.580394499999954,-13.947865199999967],[-46.56980129999994,-13.987627499999974],[-46.55621419999994,-14.002363299999956],[-46.548216099999934,-14.00059529999993],[-46.53684109999995,-14.018414699999937],[-46.52860529999998,-14.012055099999941],[-46.50671989999995,-14.015278899999942],[-46.476446299999964,-13.994767799999977],[-46.460614299999975,-13.994630399999949],[-46.455662099999984,-14.001733299999955],[-46.44465779999996,-13.995473699999934],[-46.431084699999985,-14.04341549999998],[-46.43941739999997,-14.048352499999964],[-46.446510399999966,-14.040274999999951],[-46.50087789999998,-14.063138299999935],[-46.51906699999995,-14.051247799999942],[-46.51789439999993,-14.07027869999996],[-46.487762299999986,-14.092627299999947],[-46.49423959999996,-14.105609999999956],[-46.51839279999996,-14.114253299999973],[-46.580840199999955,-14.107969199999957],[-46.59298469999993,-14.124818399999981],[-46.632075999999984,-14.12729539999998],[-46.64575689999998,-14.143666499999938],[-46.66775869999998,-14.145614499999965],[-46.69670009999993,-14.161763099999973],[-46.72409279999994,-14.195889799999975],[-46.720083199999976,-14.208437299999957],[-46.72748649999994,-14.21773479999996],[-46.724198299999955,-14.230044799999973],[-46.73990249999997,-14.248291699999982],[-46.74088169999993,-14.287713099999962],[-46.77198389999995,-14.303836499999932],[-46.769210999999984,-14.332256499999971],[-46.78525679999996,-14.35782299999994],[-46.80034009999997,-14.351128099999926],[-46.805179099999975,-14.355635899999982],[-46.825854299999946,-14.341282899999953],[-46.83150529999995,-14.352425299999936],[-46.83834379999996,-14.350838899999928],[-46.84711589999995,-14.339155799999958],[-46.85537459999995,-14.342732099999978],[-46.85188709999994,-14.33547909999993],[-46.85818779999994,-14.33274549999993],[-46.870815499999935,-14.340037299999949],[-46.88181309999993,-14.316731299999958],[-46.882286499999964,-14.32337999999993],[-46.900769999999966,-14.330430399999955],[-46.91971799999993,-14.318981099999974],[-46.93798819999995,-14.288626199999953],[-46.93213089999995,-14.272870599999976],[-46.945610199999976,-14.269704599999955],[-46.93949379999998,-14.261910899999975],[-46.94411759999997,-14.253267799999946],[-46.95705209999994,-14.249828999999977],[-46.95689439999995,-14.232876399999952],[-46.97595719999998,-14.225050899999928],[-46.975620299999946,-14.210810999999978],[-46.99167929999993,-14.193302399999936],[-46.98564879999998,-14.18855689999998],[-46.97642579999996,-14.194762999999966],[-46.98209549999996,-14.177258499999937],[-46.95921839999994,-14.157074799999975],[-46.96617799999996,-14.148441299999945],[-46.94266189999996,-14.142716999999948],[-46.94569269999994,-14.134422599999937],[-46.930319699999984,-14.118197299999963],[-46.937563799999964,-14.103028199999926],[-46.92262519999997,-14.089909999999975],[-46.923311499999954,-14.077285099999926],[-46.90025719999994,-14.078567799999973],[-46.887770899999964,-14.070237899999938],[-46.88406799999996,-14.042491199999972],[-46.875407199999984,-14.033200999999963],[-46.85455769999993,-14.034779599999979],[-46.84414309999994,-14.048528899999951],[-46.826224399999944,-14.029965299999958],[-46.83198719999996,-14.007165399999963],[-46.851036299999976,-13.986598499999957],[-46.83769819999998,-13.968430199999943],[-46.837220799999955,-13.910657599999979],[-46.84476739999997,-13.898190399999976],[-46.86184489999994,-13.896213799999941],[-46.86630909999997,-13.879898499999967],[-46.830052199999955,-13.857938299999944],[-46.816904799999975,-13.82949739999998],[-46.80174409999995,-13.83223959999998],[-46.79197949999997,-13.820344499999976],[-46.77006549999993,-13.813776799999971],[-46.754112599999985,-13.828596299999958],[-46.754076699999985,-13.84428749999995],[-46.742552399999965,-13.84998349999995],[-46.74473849999998,-13.861950399999955],[-46.73222739999994,-13.85996289999997],[-46.72037289999997,-13.869588599999929],[-46.70384629999995,-13.904265299999963],[-46.66135859999997,-13.918543399999976],[-46.65686009999996,-13.931755499999952],[-46.64143859999996,-13.927629699999954]]]}},{"id":"5430","type":"Feature","properties":{"COD_IBGE":"5209937","MUNICIPIO":"Inaciolândia","UF":"GO"},"geometry":{"type":"Polygon","coordinates":[[[-50.037066799999934,-18.485762699999952],[-50.04760539999995,-18.447268399999928],[-50.064954399999976,-18.42830269999996],[-50.045680999999945,-18.400506099999973],[-50.045992799999965,-18.384640599999955],[-50.02325739999998,-18.395568099999934],[-50.014459999999985,-18.39191539999996],[-50.01904629999996,-18.381962999999928],[-50.009137899999985,-18.372627999999963],[-49.951949999999954,-18.353321499999936],[-49.92115119999994,-18.366286999999943],[-49.851980099999935,-18.42210239999997],[-49.82410409999994,-18.495171999999968],[-49.75641979999995,-18.50123039999994],[-49.760101299999974,-18.55721559999995],[-49.74489619999997,-18.565724099999954],[-49.74051399999996,-18.586511899999948],[-49.75424929999997,-18.58782249999996],[-49.753804799999955,-18.607886899999983],[-49.77219919999993,-18.61326459999998],[-49.77848239999997,-18.634081699999967],[-49.792869199999984,-18.64381489999994],[-49.81979289999998,-18.632577199999957],[-49.836153499999966,-18.636689599999954],[-49.88009559999995,-18.60956029999994],[-49.93165149999993,-18.62399309999995],[-49.97381629999995,-18.614319699999953],[-49.98145469999997,-18.60464539999998],[-50.02876299999997,-18.601466399999936],[-50.02897589999998,-18.590849399999968],[-50.048247199999935,-18.580753899999934],[-50.05272259999998,-18.569415799999945],[-50.029733299999975,-18.54012759999995],[-50.04446959999996,-18.518418099999963],[-50.037066799999934,-18.485762699999952]]]}},{"id":"5431","type":"Feature","properties":{"COD_IBGE":"5209952","MUNICIPIO":"Indiara","UF":"GO"},"geometry":{"type":"Polygon","coordinates":[[[-49.80199909999993,-17.161474599999963],[-49.76989779999997,-17.137722099999962],[-49.75113459999994,-17.13777049999993],[-49.742697599999985,-17.15321679999994],[-49.73170909999993,-17.154405399999973],[-49.72318119999994,-17.18728569999996],[-49.710028499999964,-17.19271329999998],[-49.72289569999998,-17.20531429999994],[-49.77034249999997,-17.22442449999994],[-49.79487429999995,-17.267917099999977],[-49.818579399999976,-17.26787059999998],[-49.82412259999995,-17.225633099999982],[-49.850156899999945,-17.217132899999967],[-49.854910899999936,-17.20513449999993],[-49.917227999999966,-17.206198299999983],[-49.995093699999984,-17.235180999999955],[-50.013311199999976,-17.227127499999938],[-50.02142909999998,-17.266151199999968],[-49.99263789999998,-17.321807699999965],[-50.00837759999996,-17.320664499999964],[-50.01482629999998,-17.349089999999933],[-50.05306619999993,-17.373450299999945],[-50.05082609999994,-17.42022099999997],[-50.06138149999998,-17.460733999999945],[-50.07496359999993,-17.463012799999944],[-50.076917299999934,-17.450886399999945],[-50.08439409999994,-17.455287399999975],[-50.09958759999995,-17.43793839999995],[-50.11094499999996,-17.44557659999998],[-50.11791889999995,-17.438290199999926],[-50.11526969999994,-17.430538399999932],[-50.12555549999996,-17.42452119999996],[-50.11513679999996,-17.40846279999994],[-50.129345299999954,-17.40652119999993],[-50.120873899999935,-17.378976799999975],[-50.131264499999986,-17.365531999999973],[-50.14097749999996,-17.366918299999952],[-50.139065399999936,-17.348472899999933],[-50.147807599999965,-17.341632299999958],[-50.13766849999996,-17.31421839999996],[-50.14777259999994,-17.30193209999993],[-50.10622409999996,-17.24411719999995],[-50.10721569999998,-17.19389089999993],[-50.09886549999993,-17.180290199999945],[-50.10857749999997,-17.16519059999996],[-50.097027399999945,-17.137550999999974],[-50.10076859999998,-17.128494099999955],[-50.06587899999994,-17.07932539999996],[-50.04047949999995,-17.081521799999962],[-50.02524129999995,-17.068928899999946],[-49.97517719999996,-17.052336099999934],[-49.95131909999998,-17.032824499999947],[-49.94390409999994,-17.016764799999976],[-49.95021889999998,-17.005080499999963],[-49.94443299999995,-16.991962299999955],[-49.931718399999966,-16.987337499999967],[-49.927474899999936,-16.960550499999954],[-49.899773299999936,-16.954111499999954],[-49.85465789999995,-16.99015689999993],[-49.85305299999993,-17.00926069999997],[-49.81927659999997,-17.011166499999945],[-49.844141699999966,-17.02356119999996],[-49.853233999999986,-17.040973299999962],[-49.830205399999954,-17.049349699999937],[-49.82167949999996,-17.066669599999955],[-49.823846199999934,-17.098343299999954],[-49.85002749999995,-17.122605799999974],[-49.851577599999985,-17.14684219999998],[-49.843588799999964,-17.164103099999977],[-49.830253599999935,-17.15761779999997],[-49.80199909999993,-17.161474599999963]]]}},{"id":"5432","type":"Feature","properties":{"COD_IBGE":"5210000","MUNICIPIO":"Inhumas","UF":"GO"},"geometry":{"type":"Polygon","coordinates":[[[-49.464992999999936,-16.413580599999932],[-49.479957999999954,-16.426069199999972],[-49.49089939999993,-16.41393469999997],[-49.50294789999998,-16.428156299999955],[-49.544888499999956,-16.428470499999946],[-49.55541109999996,-16.408671199999958],[-49.628456599999936,-16.39877169999994],[-49.63716429999994,-16.409813499999927],[-49.635019399999976,-16.421179499999937],[-49.65915819999998,-16.42802089999998],[-49.65473659999998,-16.42379909999994],[-49.66591859999994,-16.40673279999993],[-49.65790339999995,-16.39232919999995],[-49.65292889999995,-16.330979799999966],[-49.63551849999993,-16.31370959999998],[-49.628265099999965,-16.31607939999998],[-49.621435099999985,-16.289569099999937],[-49.64155119999998,-16.23539939999995],[-49.655229299999974,-16.221589999999935],[-49.618987499999946,-16.232152699999972],[-49.593708799999945,-16.22628919999994],[-49.54766669999998,-16.181111099999953],[-49.45666049999994,-16.212878199999977],[-49.45473339999995,-16.22566519999998],[-49.40295569999995,-16.194410199999936],[-49.397280799999976,-16.20404439999993],[-49.382592699999975,-16.19788109999996],[-49.370505099999946,-16.204681799999946],[-49.37975009999997,-16.31542589999998],[-49.413901299999964,-16.34312669999997],[-49.43896959999995,-16.377777799999933],[-49.45452599999993,-16.383526599999982],[-49.422672999999975,-16.40348649999993],[-49.424596099999974,-16.41471219999994],[-49.443163099999936,-16.426056899999935],[-49.44766029999994,-16.43782619999996],[-49.459051999999986,-16.43438219999996],[-49.464992999999936,-16.413580599999932]]]}},{"id":"5433","type":"Feature","properties":{"COD_IBGE":"5210109","MUNICIPIO":"Ipameri","UF":"GO"},"geometry":{"type":"Polygon","coordinates":[[[-48.12465449999996,-17.54552089999993],[-48.113868999999966,-17.54278379999994],[-48.10637639999993,-17.518071599999928],[-48.10685289999998,-17.472605399999964],[-48.11930099999995,-17.458958499999937],[-48.11247579999997,-17.446936799999946],[-48.081668399999955,-17.42725699999994],[-48.04425629999997,-17.42232329999996],[-48.04485009999996,-17.39591919999998],[-48.07563619999996,-17.366339899999957],[-48.082046599999956,-17.34942069999994],[-48.08851249999998,-17.29226479999994],[-48.119331999999986,-17.27380549999998],[-48.11979089999994,-17.26585739999996],[-48.09635909999997,-17.259445899999946],[-48.08608859999998,-17.248159899999962],[-48.08860529999998,-17.23530649999998],[-48.07433199999997,-17.228619999999978],[-48.07212579999998,-17.210163299999977],[-48.055227499999944,-17.21399159999993],[-48.060769999999934,-17.20100739999998],[-48.03228439999998,-17.195823599999926],[-48.03263679999998,-17.185138799999947],[-48.01917529999997,-17.175948699999935],[-48.02379709999997,-17.164948399999957],[-48.00231299999996,-17.146979999999928],[-48.00569999999993,-17.131536899999958],[-47.998125399999935,-17.12484569999998],[-47.99505469999997,-17.09907379999993],[-47.988169099999936,-17.09717029999996],[-47.98951519999997,-17.084772199999975],[-47.97864539999995,-17.085960599999964],[-47.98192739999996,-17.07795269999997],[-47.973987199999954,-17.066085099999952],[-47.936593399999936,-17.03616139999997],[-47.936815199999955,-17.021145199999978],[-47.92883699999993,-17.024364299999945],[-47.928427399999975,-17.01475949999997],[-47.918273399999975,-17.010991499999932],[-47.921536199999935,-16.98281259999993],[-47.899217299999975,-16.95079839999994],[-47.91027839999998,-16.92480059999997],[-47.900414499999954,-16.915089699999953],[-47.881913699999984,-16.926160099999947],[-47.83331499999997,-16.92516489999997],[-47.806991799999935,-16.91683359999996],[-47.78894789999998,-16.92781149999996],[-47.77204619999998,-16.918307899999945],[-47.73330219999997,-16.92915979999998],[-47.69702559999996,-16.912769199999957],[-47.68994989999993,-16.89916729999993],[-47.68458319999996,-16.94590889999995],[-47.69625479999996,-16.959373099999937],[-47.69903409999995,-16.99991579999994],[-47.718862899999976,-17.034139799999934],[-47.69380079999996,-17.078437099999974],[-47.65490799999998,-17.09342529999998],[-47.658621299999936,-17.107684199999937],[-47.641821999999934,-17.129659299999958],[-47.63973189999996,-17.145154499999933],[-47.597979399999986,-17.16590659999997],[-47.58925709999994,-17.186126899999977],[-47.57202289999998,-17.199324699999977],[-47.57066819999994,-17.211338499999954],[-47.53856739999998,-17.232028199999945],[-47.522033299999975,-17.28602109999997],[-47.509745099999975,-17.285112199999958],[-47.50007889999995,-17.296186999999975],[-47.50104479999993,-17.319137299999966],[-47.51374619999996,-17.329286899999943],[-47.50468979999994,-17.339680199999975],[-47.52232899999996,-17.353704299999947],[-47.51461889999996,-17.35706689999995],[-47.51450669999997,-17.37495229999996],[-47.525669799999946,-17.383347999999955],[-47.53249479999994,-17.37873099999996],[-47.52986459999994,-17.38968689999996],[-47.53981229999994,-17.38839669999993],[-47.52461789999995,-17.411915199999953],[-47.54968489999993,-17.38523619999995],[-47.55479719999994,-17.35629629999994],[-47.65715749999998,-17.297263099999952],[-47.68990389999993,-17.26379399999996],[-47.67654259999995,-17.230918499999973],[-47.68776849999995,-17.19092699999993],[-47.718151699999964,-17.14959289999996],[-47.722569799999974,-17.17196679999995],[-47.737099099999966,-17.190091499999937],[-47.79052089999993,-17.213490199999967],[-47.84837609999994,-17.26023129999993],[-47.88413469999995,-17.263088299999936],[-47.888760599999955,-17.380424999999946],[-47.91241389999993,-17.405565199999955],[-47.91167999999993,-17.431415499999957],[-47.93998449999998,-17.47331779999996],[-47.94426839999994,-17.533250599999974],[-47.96584919999998,-17.55364499999996],[-47.963613599999974,-17.625440099999935],[-47.94301489999998,-17.65292779999993],[-47.939691299999936,-17.713041799999928],[-47.926181499999984,-17.740574099999947],[-47.93696319999998,-17.776868299999933],[-47.94314419999995,-17.77485299999995],[-47.94025889999995,-17.787159299999928],[-47.942840099999955,-17.79022539999994],[-47.94880009999997,-17.79065559999998],[-47.95174829999996,-17.793331399999943],[-47.940940299999966,-17.797877899999946],[-47.943667699999935,-17.815169999999966],[-47.95733469999993,-17.81048199999998],[-47.95249009999998,-17.83605549999993],[-47.98231679999998,-17.898230799999965],[-47.99330869999994,-17.89421429999993],[-48.02711659999994,-17.924748699999952],[-48.05624499999993,-17.913169799999935],[-48.073968099999945,-17.920626099999936],[-48.08623949999998,-17.91271459999996],[-48.10886039999997,-17.93239959999994],[-48.11213079999993,-17.923105199999952],[-48.11912199999995,-17.929615799999965],[-48.11954509999998,-17.920180699999946],[-48.129399999999976,-17.937429299999962],[-48.12620429999998,-17.945791799999938],[-48.142796199999964,-17.94235079999993],[-48.142564999999934,-17.951217699999972],[-48.16230539999998,-17.95226269999995],[-48.16547719999994,-17.965997499999958],[-48.18976029999993,-17.974307799999963],[-48.18709949999993,-17.983525199999974],[-48.20371329999995,-17.99075819999996],[-48.199429099999975,-18.00195619999994],[-48.21411049999995,-17.992890699999975],[-48.22554749999995,-17.99921889999996],[-48.231904199999974,-17.991265599999963],[-48.25467429999998,-17.997841799999946],[-48.27088029999993,-17.97453669999993],[-48.30250369999993,-17.953658099999927],[-48.289081299999964,-17.917772699999944],[-48.31426689999995,-17.94297629999994],[-48.333183099999985,-17.93573699999996],[-48.34687679999996,-17.945757399999934],[-48.37272029999997,-17.946712099999957],[-48.38759239999996,-17.93946989999995],[-48.39559159999993,-17.91576699999996],[-48.40702909999993,-17.91461469999996],[-48.412021799999934,-17.856067699999983],[-48.42280199999993,-17.852905799999974],[-48.431455899999946,-17.86086419999998],[-48.45252659999994,-17.838530599999956],[-48.45106879999997,-17.846359099999972],[-48.47194319999994,-17.86608609999996],[-48.482379599999945,-17.871103799999958],[-48.493942199999935,-17.86581089999993],[-48.512336999999945,-17.880538199999933],[-48.513073099999986,-17.850540199999955],[-48.53324749999996,-17.846184499999936],[-48.53433559999996,-17.83729119999998],[-48.55926269999998,-17.82040159999997],[-48.54527429999996,-17.809094399999935],[-48.54470319999996,-17.793963299999973],[-48.51077649999996,-17.786082299999975],[-48.52327849999995,-17.76506809999995],[-48.51283739999997,-17.764006499999937],[-48.520920899999965,-17.754332099999942],[-48.49897649999997,-17.74029479999996],[-48.49788399999994,-17.71377899999993],[-48.460423299999945,-17.713214599999958],[-48.46736489999995,-17.701950299999964],[-48.45846659999995,-17.700515199999927],[-48.45460179999998,-17.67836319999998],[-48.47239109999998,-17.658046699999943],[-48.45115069999997,-17.632406599999968],[-48.472437799999966,-17.63297119999993],[-48.47872149999995,-17.62341559999993],[-48.45736499999998,-17.618375499999956],[-48.46481759999995,-17.598322199999927],[-48.45487439999994,-17.596586999999943],[-48.44494309999993,-17.61432599999995],[-48.41355489999995,-17.58282479999997],[-48.39689869999995,-17.58553269999993],[-48.41377159999996,-17.57200359999996],[-48.403579599999944,-17.566701099999932],[-48.39239799999996,-17.573667099999966],[-48.38252449999993,-17.55100189999996],[-48.37459119999994,-17.54850239999996],[-48.37591999999995,-17.535887699999932],[-48.38842599999998,-17.53321079999995],[-48.386195499999985,-17.51946659999993],[-48.36433359999995,-17.524196899999936],[-48.36291139999997,-17.512941699999942],[-48.337391699999955,-17.528745499999957],[-48.302517199999954,-17.526182499999948],[-48.29356029999997,-17.54298579999994],[-48.25939219999998,-17.54247049999998],[-48.222244899999964,-17.594023299999947],[-48.21601179999993,-17.577161899999965],[-48.16829859999996,-17.553566399999966],[-48.15920529999994,-17.529481699999963],[-48.12465449999996,-17.54552089999993]]]}},{"id":"5434","type":"Feature","properties":{"COD_IBGE":"5210158","MUNICIPIO":"Ipiranga de Goiás","UF":"GO"},"geometry":{"type":"Polygon","coordinates":[[[-49.77381049999997,-15.235603999999967],[-49.66481219999997,-15.065575199999955],[-49.671659699999964,-15.061019899999962],[-49.63499889999997,-15.04193689999994],[-49.61005319999998,-15.038523399999974],[-49.624707599999965,-15.060433299999943],[-49.620176699999945,-15.073752499999955],[-49.62751029999998,-15.093223099999932],[-49.63688799999994,-15.098253599999964],[-49.62926289999996,-15.122231599999964],[-49.60440719999997,-15.145531999999946],[-49.60520729999996,-15.15616499999993],[-49.59242029999996,-15.16957439999993],[-49.60032189999998,-15.181996699999956],[-49.593569799999955,-15.17863989999995],[-49.58394419999996,-15.189959399999964],[-49.60571299999998,-15.222574799999961],[-49.63235949999995,-15.232712999999933],[-49.651999699999976,-15.253160699999967],[-49.68488569999994,-15.239213499999948],[-49.69251989999998,-15.250550699999962],[-49.714916899999935,-15.255052999999975],[-49.74959119999994,-15.236179399999969],[-49.77381049999997,-15.235603999999967]]]}},{"id":"5435","type":"Feature","properties":{"COD_IBGE":"5210208","MUNICIPIO":"Iporá","UF":"GO"},"geometry":{"type":"Polygon","coordinates":[[[-51.07275599999997,-16.51954459999996],[-51.14896669999996,-16.511074099999973],[-51.18338069999999,-16.53040699999997],[-51.19658629999998,-16.526457999999934],[-51.22103759999993,-16.504110899999944],[-51.23440449999998,-16.504718899999943],[-51.23843379999994,-16.488827199999946],[-51.24981329999997,-16.48795439999998],[-51.249991799999975,-16.47990139999996],[-51.26895579999996,-16.47394859999997],[-51.26213169999994,-16.466587799999957],[-51.27840939999999,-16.44740189999993],[-51.28550939999997,-16.457023599999957],[-51.301197599999966,-16.45540859999994],[-51.30387099999996,-16.464602199999945],[-51.315111499999944,-16.459833199999935],[-51.31831079999995,-16.47501589999996],[-51.34113309999998,-16.473074399999973],[-51.374242899999956,-16.432033499999932],[-51.37378729999995,-16.423183199999983],[-51.388897199999974,-16.426254899999947],[-51.402148299999965,-16.403551299999947],[-51.41397919999997,-16.399640999999974],[-51.41837929999997,-16.379786499999966],[-51.41088709999997,-16.380081299999972],[-51.411939099999984,-16.372659599999963],[-51.44030219999996,-16.34854279999996],[-51.430470499999956,-16.311507699999936],[-51.42038969999993,-16.31464269999998],[-51.409928599999944,-16.302733299999943],[-51.413558999999964,-16.279122899999948],[-51.40706409999996,-16.269313499999953],[-51.40190769999998,-16.265784199999928],[-51.38870309999999,-16.28120679999995],[-51.368877399999974,-16.28468289999995],[-51.06626499999993,-16.30651699999993],[-51.06836579999998,-16.334253399999966],[-51.051403799999946,-16.35409539999995],[-51.029670099999976,-16.362652699999956],[-51.03116929999993,-16.40462059999993],[-51.01908849999995,-16.404739199999938],[-51.006781399999966,-16.417186199999946],[-50.98689479999996,-16.41556559999998],[-50.988079599999935,-16.421563499999934],[-50.97605189999996,-16.41698169999995],[-50.97581949999994,-16.40385809999998],[-50.96575479999996,-16.40839569999997],[-50.94692299999997,-16.397897299999954],[-50.96488409999995,-16.420146399999965],[-50.96405439999995,-16.445064199999933],[-50.96873549999998,-16.45980149999997],[-50.98013659999998,-16.465753399999926],[-50.97773209999997,-16.47789419999998],[-50.996730699999944,-16.48627129999994],[-50.993300499999975,-16.495676699999933],[-51.00184409999997,-16.502525499999933],[-50.988649899999984,-16.529305999999963],[-50.96297299999998,-16.533330899999953],[-50.97399079999997,-16.571367599999974],[-50.95900139999998,-16.571118599999977],[-50.94645779999996,-16.58548559999997],[-50.96264899999994,-16.62103989999997],[-51.01079999999996,-16.636581599999943],[-51.03004839999994,-16.627588299999957],[-51.02487049999996,-16.569107799999927],[-51.06444359999995,-16.54887139999994],[-51.061322099999984,-16.539900099999954],[-51.075343499999974,-16.52877449999994],[-51.07275599999997,-16.51954459999996]]]}},{"id":"5436","type":"Feature","properties":{"COD_IBGE":"5210307","MUNICIPIO":"Israelândia","UF":"GO"},"geometry":{"type":"Polygon","coordinates":[[[-50.92816749999997,-16.39588159999994],[-50.953753699999936,-16.39813829999997],[-50.96575479999996,-16.40839569999997],[-50.975666899999965,-16.403791499999954],[-50.97605189999996,-16.41698169999995],[-50.988079599999935,-16.421563499999934],[-50.98689479999996,-16.41556559999998],[-51.006781399999966,-16.417186199999946],[-51.01908849999995,-16.404739199999938],[-51.03116929999993,-16.40462059999993],[-51.03508629999993,-16.379387299999962],[-51.02898079999994,-16.364603299999942],[-51.051403799999946,-16.35409539999995],[-51.06836579999998,-16.334253399999966],[-51.06582519999995,-16.304737099999954],[-51.02383549999996,-16.273435099999972],[-51.01142979999997,-16.27803389999997],[-50.99592279999996,-16.27054119999997],[-50.98137649999995,-16.293849199999954],[-50.937005099999965,-16.313716599999964],[-50.92670739999994,-16.278593599999965],[-50.90054639999994,-16.24397639999995],[-50.90824829999997,-16.232578199999978],[-50.897473299999945,-16.216700699999933],[-50.90979759999993,-16.20144579999993],[-50.86680899999993,-16.205094299999928],[-50.85787049999993,-16.22406639999997],[-50.83535679999994,-16.229297799999927],[-50.83559109999993,-16.259798899999964],[-50.813598799999966,-16.280923899999948],[-50.81769819999994,-16.30621919999993],[-50.812049799999954,-16.317659999999933],[-50.790733899999964,-16.32406659999998],[-50.790513299999986,-16.33845999999994],[-50.779599099999984,-16.348801599999945],[-50.75556309999996,-16.343909399999973],[-50.75363039999996,-16.401873299999977],[-50.732913199999984,-16.39646819999996],[-50.71107719999998,-16.40318709999997],[-50.71114979999993,-16.41213239999996],[-50.70271649999995,-16.414170299999967],[-50.70304509999994,-16.439247699999953],[-50.756068899999946,-16.458414199999936],[-50.77741649999996,-16.498559599999965],[-50.77203059999994,-16.510180599999956],[-50.79382789999994,-16.50179849999995],[-50.82875269999994,-16.470141299999966],[-50.842057899999986,-16.47282089999993],[-50.85594459999999,-16.44307129999993],[-50.87844779999995,-16.43481289999994],[-50.92816749999997,-16.39588159999994]]]}},{"id":"5437","type":"Feature","properties":{"COD_IBGE":"5210406","MUNICIPIO":"Itaberaí","UF":"GO"},"geometry":{"type":"Polygon","coordinates":[[[-49.755168399999945,-16.32041829999997],[-49.776111699999944,-16.301438099999928],[-49.79954749999996,-16.29799739999993],[-49.82021249999997,-16.274643899999944],[-49.844111699999985,-16.28265529999993],[-49.86399759999995,-16.278389699999934],[-49.87352789999994,-16.28573419999998],[-49.87735139999995,-16.273007399999926],[-49.864231899999936,-16.258599199999935],[-49.86889009999993,-16.232001699999955],[-49.901224799999966,-16.231683799999928],[-49.91722949999996,-16.218510899999956],[-49.925604599999986,-16.22530749999993],[-49.96007949999995,-16.220054799999957],[-49.97147689999997,-16.200669499999947],[-50.01825029999998,-16.19353519999993],[-50.031713699999955,-16.18412539999997],[-50.039094199999965,-16.14312659999996],[-50.032779699999935,-16.10167219999994],[-50.03807109999997,-16.086796899999968],[-50.02929309999996,-16.06565039999998],[-50.04227519999995,-16.03518939999998],[-50.03680229999998,-16.018866499999945],[-50.00394229999995,-16.01370129999998],[-49.99279839999997,-15.999081899999965],[-49.97700819999994,-15.994184999999959],[-49.97409429999993,-15.98318699999993],[-49.96288389999995,-15.985114099999976],[-49.96400289999997,-15.973651099999927],[-49.94879619999995,-15.974155799999949],[-49.94248189999996,-15.966459799999939],[-49.93633159999996,-15.974761699999931],[-49.92309919999997,-15.967718599999955],[-49.90290299999998,-15.980529599999954],[-49.89281289999997,-15.974253499999975],[-49.88099119999998,-15.986586799999941],[-49.87647339999995,-15.980725699999937],[-49.86724579999998,-15.988548499999979],[-49.863895199999945,-15.98695159999994],[-49.85438749999997,-15.95980039999995],[-49.83515849999998,-15.942801799999927],[-49.831435399999975,-15.926370199999951],[-49.83937599999996,-15.905931399999929],[-49.81364419999994,-15.907646499999942],[-49.81559159999995,-15.893386299999975],[-49.79500699999994,-15.88555249999996],[-49.793517399999985,-15.868257099999937],[-49.81243479999995,-15.846769399999971],[-49.808446799999956,-15.823971899999947],[-49.825486299999966,-15.808952999999974],[-49.797420199999976,-15.788050899999973],[-49.693036699999936,-15.806102199999941],[-49.69659269999994,-15.826104399999963],[-49.688638699999956,-15.828133099999945],[-49.67927119999996,-15.848191499999928],[-49.68686569999994,-15.859284299999956],[-49.67624209999997,-15.877988899999934],[-49.683561399999974,-15.901901599999974],[-49.66984659999997,-15.917922899999951],[-49.68241729999994,-15.939616099999967],[-49.684497799999974,-16.007168099999944],[-49.63717859999997,-16.020949499999972],[-49.644304199999965,-16.031941999999958],[-49.68053979999996,-16.041188499999976],[-49.65235349999995,-16.077619999999968],[-49.65964719999994,-16.10085379999998],[-49.641706099999965,-16.115143299999943],[-49.734878899999956,-16.192083099999934],[-49.75751999999994,-16.232637799999964],[-49.74756139999994,-16.262616299999934],[-49.75346039999994,-16.27545429999998],[-49.73367239999993,-16.290051999999946],[-49.738999699999965,-16.297789299999977],[-49.731323499999974,-16.307438899999966],[-49.73460129999995,-16.32002929999993],[-49.72406989999996,-16.330344799999978],[-49.729882499999974,-16.343637799999954],[-49.72415139999998,-16.361878399999966],[-49.73724679999998,-16.37645589999994],[-49.735623799999985,-16.38709369999998],[-49.72468989999993,-16.38727849999998],[-49.72187199999996,-16.41970589999994],[-49.713014999999984,-16.421562999999935],[-49.72166159999995,-16.441955699999937],[-49.770722699999965,-16.43429029999993],[-49.773425299999985,-16.421779699999945],[-49.81106569999997,-16.40188889999996],[-49.81826899999999,-16.390130299999953],[-49.79986789999998,-16.362535199999968],[-49.77271579999996,-16.371869999999944],[-49.743591099999946,-16.364875499999982],[-49.74736429999996,-16.33825509999997],[-49.75402459999998,-16.338434699999937],[-49.755168399999945,-16.32041829999997]]]}},{"id":"5438","type":"Feature","properties":{"COD_IBGE":"5210562","MUNICIPIO":"Itaguari","UF":"GO"},"geometry":{"type":"Polygon","coordinates":[[[-49.60193099999998,-15.882064199999945],[-49.58958209999997,-15.901518799999963],[-49.59726899999998,-15.909340199999974],[-49.582311499999946,-15.922581099999945],[-49.54420299999998,-15.922164099999975],[-49.540688399999965,-15.938825999999949],[-49.55027089999993,-15.968916999999976],[-49.65105159999996,-15.98411109999995],[-49.65457089999995,-15.99829909999994],[-49.684497799999974,-16.007168099999944],[-49.68241729999994,-15.939616099999967],[-49.66984659999997,-15.917922899999951],[-49.683561399999974,-15.901901599999974],[-49.676315699999975,-15.882939199999953],[-49.68206909999998,-15.866025499999978],[-49.67265789999993,-15.868910899999946],[-49.66394849999995,-15.889772599999958],[-49.624451799999974,-15.86709419999994],[-49.620360699999935,-15.881497899999943],[-49.60193099999998,-15.882064199999945]]]}},{"id":"5439","type":"Feature","properties":{"COD_IBGE":"5210604","MUNICIPIO":"Itaguaru","UF":"GO"},"geometry":{"type":"Polygon","coordinates":[[[-49.55326549999995,-15.752101799999934],[-49.55923269999994,-15.781588899999974],[-49.57830219999994,-15.790531299999941],[-49.58365759999998,-15.842881599999941],[-49.60731969999995,-15.885252299999934],[-49.620360699999935,-15.881497899999943],[-49.624451799999974,-15.86709419999994],[-49.66394849999995,-15.889772599999958],[-49.67265789999993,-15.868910899999946],[-49.68647129999994,-15.860352899999953],[-49.67902529999998,-15.850172899999961],[-49.68950479999995,-15.827094599999953],[-49.675589499999944,-15.799461999999949],[-49.67844579999996,-15.777617799999973],[-49.647775699999954,-15.757710299999928],[-49.645717299999944,-15.71039849999994],[-49.63493649999998,-15.695303699999954],[-49.63955329999993,-15.68259009999997],[-49.60617929999995,-15.69868379999997],[-49.599816499999974,-15.674831899999958],[-49.55519609999993,-15.636917399999959],[-49.54932189999994,-15.674034399999982],[-49.55517329999998,-15.692134599999974],[-49.53457559999998,-15.716066599999976],[-49.543075699999974,-15.732308399999965],[-49.53676079999997,-15.73697459999994],[-49.54506199999997,-15.743565099999955],[-49.54186359999994,-15.751259499999946],[-49.54552719999998,-15.757071899999971],[-49.55326549999995,-15.752101799999934]]]}},{"id":"5440","type":"Feature","properties":{"COD_IBGE":"5210802","MUNICIPIO":"Itajá","UF":"GO"},"geometry":{"type":"Polygon","coordinates":[[[-51.32841819999993,-19.07581339999996],[-51.43578659999997,-19.065930899999955],[-51.46150679999994,-19.12304599999993],[-51.45812109999997,-19.150826499999937],[-51.44835009999997,-19.160400899999956],[-51.45804089999996,-19.16785049999993],[-51.47349019999996,-19.153858599999978],[-51.49764789999995,-19.161401099999978],[-51.50173749999993,-19.14701999999994],[-51.51385019999998,-19.150398799999948],[-51.527102799999966,-19.13892199999998],[-51.549069799999984,-19.14174639999993],[-51.55442629999993,-19.132433899999967],[-51.56956599999995,-19.134541599999977],[-51.57677239999998,-19.12618989999993],[-51.59221199999996,-19.126787399999955],[-51.60897749999998,-19.14104489999994],[-51.63838599999997,-19.12636649999996],[-51.65765049999993,-19.137741699999935],[-51.68970449999995,-19.12013159999998],[-51.68680729999994,-19.074340399999983],[-51.69343299999997,-19.067314299999964],[-51.72402639999996,-18.833689999999933],[-51.66419479999996,-18.78212009999993],[-51.64874089999995,-18.79481899999996],[-51.64088789999994,-18.78788069999996],[-51.63384659999997,-18.79428139999993],[-51.630840399999954,-18.787332899999967],[-51.61354959999994,-18.790587199999948],[-51.617271399999936,-18.799099699999942],[-51.61070929999994,-18.80699649999997],[-51.59603739999994,-18.794903199999965],[-51.59555289999997,-18.807279999999935],[-51.58002609999994,-18.819131999999968],[-51.587287199999935,-18.825229499999978],[-51.563820299999975,-18.83408689999993],[-51.552712199999974,-18.82795349999998],[-51.54337319999996,-18.844349699999952],[-51.53145449999994,-18.843015799999932],[-51.53334429999995,-18.852407899999946],[-51.52316479999996,-18.85212269999994],[-51.525481999999954,-18.859897099999955],[-51.50339489999993,-18.859260499999948],[-51.49542189999994,-18.880919699999936],[-51.488337799999954,-18.87631769999996],[-51.479836699999964,-18.882564799999955],[-51.46975089999995,-18.872489799999983],[-51.45324429999994,-18.88736609999995],[-51.43122029999995,-18.89187849999996],[-51.43842799999993,-18.917767499999968],[-51.42247439999994,-18.905662999999947],[-51.40581039999995,-18.910042999999973],[-51.37959099999995,-18.92101729999996],[-51.380224099999964,-18.941151799999943],[-51.358582799999965,-18.934253499999954],[-51.34944319999994,-18.95495139999997],[-51.32963019999994,-18.951575599999956],[-51.32405929999993,-18.968463699999973],[-51.31189699999993,-18.962635899999952],[-51.30020699999994,-18.984149899999977],[-51.31048999999996,-19.007776499999977],[-51.292024399999946,-19.00482489999996],[-51.29506249999997,-19.017344599999944],[-51.27759869999994,-19.014831499999957],[-51.28177089999997,-19.022306399999934],[-51.27567689999995,-19.028961599999946],[-51.27028259999997,-19.018464199999983],[-51.25513159999997,-19.025615999999957],[-51.254422799999986,-19.033757999999978],[-51.242765099999986,-19.02691169999997],[-51.23724439999995,-19.045708399999967],[-51.225870499999985,-19.033926399999928],[-51.21152919999997,-19.043613499999935],[-51.21034249999997,-19.05652559999993],[-51.20397959999997,-19.05139459999998],[-51.20468789999995,-19.067142299999944],[-51.18675699999994,-19.06154129999993],[-51.188008699999955,-19.07197309999998],[-51.17344719999994,-19.062347399999965],[-51.16410429999996,-19.072625199999948],[-51.15291659999997,-19.069248699999946],[-51.14195499999994,-19.097469599999954],[-51.147382499999935,-19.10359509999995],[-51.125164799999936,-19.096704699999975],[-51.12140359999995,-19.115943399999935],[-51.10386119999998,-19.126562199999967],[-51.08731889999996,-19.115874299999973],[-51.07961629999994,-19.13236029999996],[-51.05561499999993,-19.129844399999968],[-51.053773099999944,-19.15157309999995],[-51.04193689999994,-19.150217399999974],[-51.03089289999997,-19.17053329999993],[-51.00931949999995,-19.157502799999975],[-51.01257689999994,-19.174214399999983],[-51.00473109999996,-19.17803329999998],[-50.99270939999997,-19.16626739999998],[-50.96521029999997,-19.188912999999957],[-50.95278179999997,-19.17332769999996],[-50.95760629999995,-19.202096499999982],[-50.932763799999975,-19.20231549999994],[-50.928378599999974,-19.216285699999958],[-50.940360099999964,-19.216291199999944],[-50.93310759999997,-19.224024699999973],[-50.90503879999994,-19.222977999999955],[-50.898430099999985,-19.25698669999997],[-50.877120899999966,-19.272192599999983],[-50.88597999999996,-19.28293569999994],[-50.87111569999996,-19.277901499999928],[-50.84793389999993,-19.311184499999968],[-50.827964899999984,-19.31080479999997],[-50.85303729999998,-19.377721699999938],[-50.875972099999956,-19.41503469999998],[-50.86858399999994,-19.43392289999997],[-50.82904419999994,-19.467034999999953],[-50.826691299999936,-19.487468299999932],[-50.849386899999956,-19.498136699999975],[-50.93433259999995,-19.468099699999982],[-50.95213149999995,-19.442633499999943],[-50.98530219999998,-19.431382799999938],[-50.98862279999997,-19.407933999999955],[-51.00144869999997,-19.41533069999997],[-51.00534739999995,-19.400828699999977],[-51.02575209999998,-19.398715399999958],[-51.020505199999945,-19.38228229999993],[-51.045537399999944,-19.343367599999965],[-51.092391099999986,-19.30699069999997],[-51.08937999999995,-19.26318079999993],[-51.102611199999956,-19.215142399999934],[-51.15670699999998,-19.20525109999994],[-51.167056199999934,-19.189982499999928],[-51.203323599999976,-19.182770199999936],[-51.22134589999996,-19.152215299999966],[-51.26465989999997,-19.14250999999996],[-51.27183659999997,-19.120563799999957],[-51.32082539999993,-19.100775899999974],[-51.32841819999993,-19.07581339999996]]]}},{"id":"5441","type":"Feature","properties":{"COD_IBGE":"5210901","MUNICIPIO":"Itapaci","UF":"GO"},"geometry":{"type":"Polygon","coordinates":[[[-49.59225929999997,-14.802361299999973],[-49.54545179999997,-14.821778199999926],[-49.52837859999994,-14.814820699999927],[-49.515939799999956,-14.835498199999961],[-49.48683059999996,-14.83869569999996],[-49.47489249999995,-14.863239599999929],[-49.45534379999998,-14.872181799999964],[-49.44523069999997,-14.871998899999937],[-49.43120649999997,-14.848041599999931],[-49.40904889999996,-14.848577699999964],[-49.41780449999993,-14.87883249999993],[-49.442145299999936,-14.885732099999927],[-49.418076499999984,-14.903038899999956],[-49.43783849999994,-15.001107699999977],[-49.45060119999994,-14.998521299999936],[-49.45724599999994,-15.006389199999944],[-49.459959699999956,-14.99926899999997],[-49.502963199999954,-14.99604329999994],[-49.52279189999996,-15.002304799999933],[-49.52833319999996,-14.990049399999975],[-49.54055409999995,-14.986112499999933],[-49.54181639999996,-14.994455099999982],[-49.55619839999997,-14.993801899999937],[-49.560505699999965,-15.008960099999967],[-49.58044929999994,-15.018018299999937],[-49.58920039999998,-15.039138799999932],[-49.64839449999994,-15.047469499999977],[-49.67169199999995,-15.061062399999969],[-49.66506449999997,-15.065810099999965],[-49.67588989999996,-15.071914999999933],[-49.68248399999993,-15.067479499999934],[-49.684871499999986,-15.080133299999943],[-49.690819999999974,-15.066334499999982],[-49.70429249999995,-15.061164399999939],[-49.706862299999955,-15.067482599999948],[-49.72977439999994,-15.066866199999936],[-49.751644399999975,-15.08441849999997],[-49.76456939999997,-15.069365199999936],[-49.79178729999995,-15.083518599999934],[-49.795879999999954,-15.07600679999996],[-49.819668399999955,-15.086314699999946],[-49.83566659999997,-15.059445299999936],[-49.850472999999965,-15.05540689999998],[-49.851395999999966,-15.025815799999975],[-49.83708539999998,-15.003885599999933],[-49.85532129999996,-14.998418499999957],[-49.85895439999996,-14.988654899999972],[-49.83735569999993,-14.965456199999949],[-49.85002849999995,-14.935763799999961],[-49.843336799999975,-14.918144899999959],[-49.849469399999975,-14.909347499999967],[-49.84202009999996,-14.906547499999931],[-49.850348699999984,-14.901107199999956],[-49.84240829999993,-14.893940199999975],[-49.847673199999974,-14.882525699999974],[-49.83714759999998,-14.876798299999962],[-49.842469999999935,-14.852879299999927],[-49.832897299999956,-14.841896599999927],[-49.82925419999998,-14.804378099999951],[-49.81392869999996,-14.792497699999956],[-49.825066499999934,-14.78888969999997],[-49.815733199999954,-14.769310699999949],[-49.79851619999994,-14.769599599999935],[-49.774513499999955,-14.755093399999964],[-49.77079619999995,-14.759615999999937],[-49.77712269999995,-14.784446899999978],[-49.798226099999965,-14.788955999999928],[-49.792159899999945,-14.808190599999932],[-49.80635849999993,-14.827282699999955],[-49.80116659999993,-14.834393499999976],[-49.81512339999995,-14.842621099999974],[-49.80865799999998,-14.844652799999949],[-49.814833299999975,-14.868373599999927],[-49.806870199999935,-14.897275199999967],[-49.81906619999995,-14.932708999999932],[-49.813092799999936,-14.940548299999932],[-49.786954899999955,-14.927206799999965],[-49.76759069999997,-14.937070499999948],[-49.769477999999935,-14.918190399999958],[-49.754843799999946,-14.907293299999935],[-49.737079499999936,-14.913459399999965],[-49.70491939999994,-14.879415299999948],[-49.70137959999994,-14.863796099999945],[-49.687962599999935,-14.85634129999994],[-49.67429039999996,-14.860209199999929],[-49.670338999999956,-14.83382389999997],[-49.64733839999997,-14.842326799999967],[-49.63981019999994,-14.823522599999933],[-49.61358789999997,-14.80754049999996],[-49.59920839999995,-14.812532099999942],[-49.59225929999997,-14.802361299999973]]]}},{"id":"5442","type":"Feature","properties":{"COD_IBGE":"5211008","MUNICIPIO":"Itapirapuã","UF":"GO"},"geometry":{"type":"Polygon","coordinates":[[[-50.62045109999997,-15.724241399999983],[-50.57931959999996,-15.73297249999996],[-50.56829899999997,-15.763607299999933],[-50.52470329999994,-15.782135899999957],[-50.50828179999996,-15.80450339999993],[-50.50325189999995,-15.820807999999943],[-50.511446199999966,-15.830386199999964],[-50.508072399999946,-15.855068499999959],[-50.51499839999997,-15.875129099999981],[-50.48939739999997,-15.891273399999932],[-50.497163099999966,-15.89875539999997],[-50.491647899999975,-15.913352299999929],[-50.480122999999935,-15.915061099999946],[-50.46379189999993,-15.941564599999936],[-50.46726759999996,-15.955645199999935],[-50.48900119999996,-15.970711199999982],[-50.48704879999997,-15.983719299999962],[-50.49875549999996,-15.98890369999998],[-50.50516849999997,-16.006011499999943],[-50.57380379999995,-16.042789099999936],[-50.58806929999997,-16.036201699999935],[-50.591412299999945,-16.00996109999994],[-50.60439859999997,-15.99897429999993],[-50.61982349999994,-15.962525899999946],[-50.68343159999995,-15.952116799999942],[-50.68264449999998,-15.904121999999973],[-50.71112969999996,-15.899916399999938],[-50.71879759999996,-15.87789319999996],[-50.74224009999995,-15.899901399999976],[-50.74314089999996,-15.91884779999998],[-50.77022469999997,-15.92826059999993],[-50.76451399999996,-15.895219999999938],[-50.784330299999965,-15.868692799999963],[-50.787057999999945,-15.829598699999963],[-50.811820799999964,-15.797850799999935],[-50.83114049999995,-15.78865819999993],[-50.88632689999997,-15.785648699999967],[-50.893466099999955,-15.771917999999971],[-50.91401559999997,-15.770739799999944],[-50.913199599999984,-15.758177599999954],[-50.945572399999946,-15.73358079999997],[-50.94352459999993,-15.725730799999951],[-50.971647099999984,-15.717795199999955],[-50.99059079999995,-15.720905799999969],[-51.01370309999999,-15.703518499999973],[-51.021253799999954,-15.675370499999929],[-51.01440459999998,-15.67072879999995],[-51.02812319999998,-15.651473099999976],[-51.02015019999993,-15.641304399999967],[-51.03070369999995,-15.615627699999948],[-51.02381889999998,-15.614637899999934],[-51.03689899999995,-15.605829899999947],[-51.04848219999997,-15.579881099999966],[-51.043065499999955,-15.569239699999969],[-51.05451489999996,-15.564428999999961],[-51.04517939999994,-15.553793399999961],[-51.053945399999975,-15.548172799999975],[-51.060456199999976,-15.525317899999948],[-51.05313129999996,-15.51906109999993],[-51.06391179999997,-15.50312249999996],[-51.07315349999993,-15.505284199999949],[-51.07411349999995,-15.497674899999936],[-51.086063199999955,-15.494715499999927],[-51.08208479999996,-15.485135499999956],[-51.095793199999946,-15.472255399999938],[-51.098531299999934,-15.454970499999945],[-51.118619699999954,-15.44568049999998],[-51.119572699999935,-15.436900799999933],[-50.92126079999997,-15.449516899999935],[-50.90848579999994,-15.473636699999929],[-50.88942979999996,-15.467172999999946],[-50.892025099999955,-15.471475599999962],[-50.88917479999998,-15.47308049999998],[-50.879796699999986,-15.47181919999997],[-50.87138229999994,-15.483820999999978],[-50.873410099999944,-15.496893899999975],[-50.86386609999994,-15.49364769999994],[-50.852156899999954,-15.503505099999927],[-50.841934599999945,-15.496337099999948],[-50.84161149999994,-15.483273399999973],[-50.81578549999995,-15.471796199999972],[-50.81765799999994,-15.466589099999965],[-50.80290809999997,-15.48409259999994],[-50.78765599999997,-15.486825599999975],[-50.78082469999998,-15.479820599999982],[-50.76654359999998,-15.492205699999943],[-50.73653669999993,-15.493545899999958],[-50.68000979999994,-15.574036699999965],[-50.65569969999996,-15.57579069999997],[-50.64968739999995,-15.593724699999939],[-50.63659099999995,-15.595774999999946],[-50.64771229999997,-15.608321399999966],[-50.622717499999965,-15.61410989999996],[-50.61735749999997,-15.645273699999962],[-50.60068839999997,-15.643397499999935],[-50.59898759999999,-15.664303299999972],[-50.61459409999998,-15.667948599999932],[-50.61212349999994,-15.685688199999959],[-50.62940149999997,-15.68681829999997],[-50.61019699999997,-15.69747689999997],[-50.62045109999997,-15.724241399999983]]]}},{"id":"5443","type":"Feature","properties":{"COD_IBGE":"5211206","MUNICIPIO":"Itapuranga","UF":"GO"},"geometry":{"type":"Polygon","coordinates":[[[-50.00641879999995,-15.70835459999995],[-49.98951649999998,-15.640769399999954],[-50.02895059999997,-15.57706109999998],[-50.051898499999936,-15.583375799999942],[-50.069374799999935,-15.599296299999935],[-50.099256999999966,-15.599991799999941],[-50.11531229999997,-15.614470199999971],[-50.13115529999993,-15.600309799999934],[-50.13608979999998,-15.571342399999935],[-50.15739329999997,-15.559166399999981],[-50.152697899999964,-15.550125699999967],[-50.16132789999995,-15.544449799999938],[-50.152890199999945,-15.525926199999958],[-50.156246099999976,-15.519368699999973],[-50.16553469999997,-15.524864199999968],[-50.16578659999993,-15.51895559999997],[-50.153855299999975,-15.49476169999997],[-50.15919089999994,-15.478822499999978],[-50.154109999999946,-15.46837839999995],[-50.16847969999998,-15.454539999999952],[-50.160091199999954,-15.438574499999959],[-50.16337439999995,-15.427440399999966],[-50.112653799999975,-15.37003939999994],[-50.05309369999998,-15.367346399999974],[-50.04259449999995,-15.35848139999996],[-50.01723879999997,-15.359669199999928],[-50.01279169999998,-15.374703499999953],[-49.98535609999993,-15.364515499999982],[-49.978474699999936,-15.37260759999998],[-49.93769619999995,-15.357448699999964],[-49.933648999999946,-15.366819799999973],[-49.91350369999998,-15.366356999999937],[-49.90786149999997,-15.369631899999945],[-49.915178999999966,-15.383183199999962],[-49.88496239999995,-15.40054989999993],[-49.85929459999994,-15.393652699999961],[-49.85940059999996,-15.453212899999926],[-49.886279499999944,-15.478791699999931],[-49.88866839999997,-15.508024199999966],[-49.88199579999997,-15.51766129999993],[-49.85366049999993,-15.533314899999937],[-49.83883799999995,-15.530472999999972],[-49.83542679999994,-15.538560299999972],[-49.81055119999996,-15.53232479999997],[-49.787693599999955,-15.541384499999936],[-49.778966999999966,-15.533928299999957],[-49.77156499999995,-15.546423999999945],[-49.721775899999955,-15.523603299999934],[-49.727124199999935,-15.534830599999964],[-49.70462829999997,-15.535960899999964],[-49.69257249999998,-15.554140099999927],[-49.705625199999986,-15.59844389999995],[-49.70010359999998,-15.614032599999973],[-49.72659519999996,-15.65215109999997],[-49.740684199999976,-15.643812399999945],[-49.744304399999976,-15.66419609999997],[-49.74894279999995,-15.657023299999935],[-49.765306899999985,-15.660614099999975],[-49.76513829999993,-15.66795209999998],[-49.80882819999994,-15.693563599999948],[-49.817452499999945,-15.712410599999941],[-49.843353399999955,-15.706862899999976],[-49.84880659999993,-15.722164799999973],[-49.85747169999996,-15.715259099999969],[-49.85481589999995,-15.701126299999942],[-49.87754589999997,-15.722477599999934],[-49.87113999999997,-15.73228249999994],[-49.88768239999996,-15.73742599999997],[-49.90196199999997,-15.729081899999926],[-49.90164469999996,-15.738283099999933],[-49.891876099999934,-15.742195999999979],[-49.89736359999995,-15.753158499999927],[-49.916398999999956,-15.740295999999944],[-49.931458299999974,-15.741648599999962],[-49.92613959999994,-15.746291499999927],[-49.96667329999997,-15.76595679999997],[-49.97966269999995,-15.761700599999926],[-49.99488139999994,-15.775485699999933],[-50.02334529999996,-15.780856299999982],[-49.997209099999964,-15.738897899999927],[-50.00641879999995,-15.70835459999995]]]}},{"id":"5444","type":"Feature","properties":{"COD_IBGE":"5211305","MUNICIPIO":"Itarumã","UF":"GO"},"geometry":{"type":"Polygon","coordinates":[[[-51.02147709999997,-18.89765449999993],[-51.00693629999995,-18.90845969999998],[-50.992083099999945,-18.905104499999936],[-50.97153339999994,-18.93192609999994],[-50.95909249999994,-18.96124919999994],[-50.96126949999996,-18.973730899999964],[-50.93564649999996,-18.976364299999943],[-50.94026299999996,-19.005547999999976],[-50.92128409999998,-18.999114899999938],[-50.929310499999985,-19.017677099999958],[-50.91275509999997,-19.01994179999997],[-50.90291119999995,-19.033730299999945],[-50.88963529999995,-19.025449899999956],[-50.87919899999997,-19.030188599999974],[-50.875832799999955,-19.04364329999993],[-50.894570999999985,-19.05190399999998],[-50.87973429999994,-19.056584999999927],[-50.86711879999996,-19.04448009999993],[-50.84827969999998,-19.067412899999965],[-50.840360299999986,-19.064073599999972],[-50.82740639999997,-19.07558849999998],[-50.804323099999976,-19.078531599999963],[-50.78524379999993,-19.092858899999953],[-50.777847399999985,-19.125306199999955],[-50.76611909999997,-19.11932829999995],[-50.769302599999946,-19.14490139999998],[-50.76286829999998,-19.14968989999994],[-50.75035249999996,-19.14119969999996],[-50.73711009999994,-19.160472699999957],[-50.726386299999945,-19.163038299999982],[-50.74082979999997,-19.19693039999993],[-50.74566579999998,-19.23876649999994],[-50.81346129999997,-19.286031599999944],[-50.827964899999984,-19.31080479999997],[-50.84793389999993,-19.311184499999968],[-50.87111569999996,-19.277901499999928],[-50.88597999999996,-19.28293569999994],[-50.877120899999966,-19.272192599999983],[-50.898430099999985,-19.25698669999997],[-50.90503879999994,-19.222977999999955],[-50.93310759999997,-19.224024699999973],[-50.940360099999964,-19.216291199999944],[-50.928378599999974,-19.216285699999958],[-50.932763799999975,-19.20231549999994],[-50.95760629999995,-19.202096499999982],[-50.95278179999997,-19.17332769999996],[-50.96521029999997,-19.188912999999957],[-50.99270939999997,-19.16626739999998],[-51.00473109999996,-19.17803329999998],[-51.01257689999994,-19.174214399999983],[-51.00931949999995,-19.157502799999975],[-51.03089289999997,-19.17053329999993],[-51.04193689999994,-19.150217399999974],[-51.053773099999944,-19.15157309999995],[-51.05561499999993,-19.129844399999968],[-51.07961629999994,-19.13236029999996],[-51.08731889999996,-19.115874299999973],[-51.10386119999998,-19.126562199999967],[-51.12140359999995,-19.115943399999935],[-51.125164799999936,-19.096704699999975],[-51.147382499999935,-19.10359509999995],[-51.14195499999994,-19.097469599999954],[-51.15291659999997,-19.069248699999946],[-51.16410429999996,-19.072625199999948],[-51.17344719999994,-19.062347399999965],[-51.188008699999955,-19.07197309999998],[-51.18675699999994,-19.06154129999993],[-51.20468789999995,-19.067142299999944],[-51.20397959999997,-19.05139459999998],[-51.21034249999997,-19.05652559999993],[-51.21152919999997,-19.043613499999935],[-51.225870499999985,-19.033926399999928],[-51.23724439999995,-19.045708399999967],[-51.242765099999986,-19.02691169999997],[-51.254422799999986,-19.033757999999978],[-51.25513159999997,-19.025615999999957],[-51.26985609999997,-19.01854149999997],[-51.27567689999995,-19.028961599999946],[-51.28177089999997,-19.022306399999934],[-51.27759869999994,-19.014831499999957],[-51.29412599999995,-19.018077699999935],[-51.29168949999996,-19.00509539999996],[-51.30980999999997,-19.00834409999993],[-51.31226039999996,-19.00100729999997],[-51.30020699999994,-18.984149899999977],[-51.30498149999994,-18.968206599999974],[-51.31447719999994,-18.962046999999927],[-51.324829499999964,-18.96809909999996],[-51.33002669999996,-18.951399799999933],[-51.349847299999965,-18.954702999999938],[-51.358582799999965,-18.934253499999954],[-51.380224099999964,-18.941151799999943],[-51.37995719999998,-18.920732699999974],[-51.42247439999994,-18.905662999999947],[-51.43842799999993,-18.917767499999968],[-51.43122029999995,-18.89187849999996],[-51.45324429999994,-18.88736609999995],[-51.46975089999995,-18.872489799999983],[-51.479836699999964,-18.882564799999955],[-51.488337799999954,-18.87631769999996],[-51.49542189999994,-18.880919699999936],[-51.50339489999993,-18.859260499999948],[-51.525481999999954,-18.859897099999955],[-51.52316479999996,-18.85212269999994],[-51.53334429999995,-18.852407899999946],[-51.53145449999994,-18.843015799999932],[-51.54337319999996,-18.844349699999952],[-51.552712199999974,-18.82795349999998],[-51.563820299999975,-18.83408689999993],[-51.587287199999935,-18.825229499999978],[-51.58002609999994,-18.819131999999968],[-51.59555289999997,-18.807279999999935],[-51.59603739999994,-18.794903199999965],[-51.61011609999997,-18.807047599999976],[-51.617271399999936,-18.799099699999942],[-51.61354959999994,-18.790587199999948],[-51.630840399999954,-18.787332899999967],[-51.63384659999997,-18.79428139999993],[-51.64088789999994,-18.78788069999996],[-51.64874089999995,-18.79481899999996],[-51.66996709999995,-18.777843099999927],[-51.666501299999936,-18.765947299999937],[-51.67978899999997,-18.761075499999947],[-51.694100599999956,-18.76846319999993],[-51.729327499999954,-18.752363599999967],[-51.74904029999993,-18.76368629999996],[-51.76817189999997,-18.76276139999993],[-51.78035239999997,-18.744224499999973],[-51.795996199999934,-18.742936199999974],[-51.80021179999994,-18.724502299999926],[-51.826304799999946,-18.714676699999927],[-51.83118399999995,-18.700471499999935],[-51.85597919999998,-18.69247239999993],[-51.85753799999998,-18.67914559999997],[-51.88335879999994,-18.668148299999928],[-51.88780879999996,-18.647766199999978],[-51.89470559999995,-18.645648799999947],[-51.901287099999934,-18.585937199999933],[-51.926651299999946,-18.539698999999928],[-51.845180099999936,-18.571257999999943],[-51.83319129999995,-18.56944859999993],[-51.798627899999985,-18.54075739999996],[-51.80171679999995,-18.527369799999974],[-51.79216079999998,-18.509735499999977],[-51.79807409999995,-18.48917149999994],[-51.75213469999994,-18.469870999999955],[-51.75111579999998,-18.480308999999977],[-51.73700139999994,-18.48155019999996],[-51.72707989999998,-18.47282009999998],[-51.72659139999996,-18.47977409999993],[-51.709964699999944,-18.47678499999995],[-51.691678999999965,-18.492101499999933],[-51.686504799999966,-18.48134179999994],[-51.66274199999998,-18.49653159999997],[-51.59054469999995,-18.49934799999994],[-51.58649369999995,-18.513100599999973],[-51.572404699999936,-18.51185709999993],[-51.570899699999984,-18.526849699999957],[-51.552778099999955,-18.52471019999996],[-51.510947199999976,-18.54699729999993],[-51.507169799999986,-18.564593999999943],[-51.43195099999997,-18.59550269999994],[-51.43833459999996,-18.604373899999928],[-51.43428479999994,-18.61128969999993],[-51.42086219999993,-18.61037589999995],[-51.41151989999997,-18.620228999999938],[-51.40480439999993,-18.612860999999953],[-51.39803749999999,-18.62466429999995],[-51.387012599999935,-18.620994399999972],[-51.370182599999964,-18.643137699999954],[-51.35540539999994,-18.63590839999995],[-51.35072089999994,-18.653173299999935],[-51.331101899999965,-18.667824499999938],[-51.333014599999956,-18.679011499999945],[-51.320402899999976,-18.67406879999993],[-51.26704499999994,-18.728917799999977],[-51.250115799999946,-18.728652299999965],[-51.22873279999993,-18.743070599999953],[-51.21099009999995,-18.783704299999954],[-51.18114379999997,-18.78575189999998],[-51.184204299999976,-18.81042969999993],[-51.17421879999995,-18.80847929999993],[-51.16357319999997,-18.817929599999957],[-51.15561299999996,-18.809905699999945],[-51.14341459999997,-18.83549759999994],[-51.120339299999955,-18.85619689999993],[-51.122533199999964,-18.874540799999977],[-51.094326499999966,-18.869101199999932],[-51.083899299999985,-18.877674699999943],[-51.07607379999996,-18.87074119999994],[-51.044276999999965,-18.887333699999942],[-51.03988309999994,-18.90596709999994],[-51.02147709999997,-18.89765449999993]]]}},{"id":"5445","type":"Feature","properties":{"COD_IBGE":"5211404","MUNICIPIO":"Itauçu","UF":"GO"},"geometry":{"type":"Polygon","coordinates":[[[-49.734878899999956,-16.192083099999934],[-49.63919789999994,-16.11332619999996],[-49.63498119999997,-16.122055599999953],[-49.61333519999994,-16.120081599999935],[-49.60580779999998,-16.10743569999994],[-49.576914099999954,-16.101658499999928],[-49.564712499999985,-16.105855899999938],[-49.56645789999993,-16.115482399999962],[-49.55176749999998,-16.127890399999956],[-49.52504269999997,-16.114247099999943],[-49.51247669999998,-16.127864599999953],[-49.486608099999955,-16.13054539999996],[-49.47406349999994,-16.153106699999967],[-49.45186729999995,-16.167842399999927],[-49.426229099999944,-16.16645269999998],[-49.41129129999996,-16.174406499999975],[-49.403579599999944,-16.19697969999993],[-49.45468719999997,-16.225670699999966],[-49.45666049999994,-16.212878199999977],[-49.54766669999998,-16.181111099999953],[-49.593708799999945,-16.22628919999994],[-49.618987499999946,-16.232152699999972],[-49.655229299999974,-16.221589999999935],[-49.64155119999998,-16.23539939999995],[-49.62163049999998,-16.292189699999938],[-49.628265099999965,-16.31607939999998],[-49.641539799999975,-16.317529499999978],[-49.64968879999998,-16.33057139999994],[-49.665583099999935,-16.330265999999938],[-49.672860499999956,-16.297540199999958],[-49.68737749999997,-16.284275599999944],[-49.689446299999986,-16.270523499999967],[-49.71221479999997,-16.258621799999958],[-49.72740999999996,-16.259616299999948],[-49.73585579999997,-16.268779799999947],[-49.73444779999994,-16.283069299999966],[-49.75346039999994,-16.27545429999998],[-49.74756139999994,-16.262616299999934],[-49.75751999999994,-16.232637799999964],[-49.734878899999956,-16.192083099999934]]]}},{"id":"5446","type":"Feature","properties":{"COD_IBGE":"5211503","MUNICIPIO":"Itumbiara","UF":"GO"},"geometry":{"type":"Polygon","coordinates":[[[-49.16075809999995,-18.417858899999942],[-49.21203899999995,-18.41690019999993],[-49.19258549999995,-18.449721599999975],[-49.229318199999966,-18.480378599999938],[-49.248042199999986,-18.521439999999927],[-49.28563529999997,-18.536311999999953],[-49.29462979999994,-18.565592699999968],[-49.32749729999995,-18.562200299999972],[-49.34388409999997,-18.597865599999977],[-49.375280499999974,-18.63807509999998],[-49.40116879999994,-18.646750399999974],[-49.48544769999995,-18.551804299999958],[-49.486188399999946,-18.532267599999955],[-49.446078399999976,-18.54344169999996],[-49.42225029999997,-18.525371699999937],[-49.42126049999996,-18.446681999999953],[-49.46654859999995,-18.429813399999944],[-49.47455139999994,-18.41853659999998],[-49.50624609999994,-18.40648669999996],[-49.527976499999966,-18.409438999999963],[-49.547046999999964,-18.426355399999977],[-49.563376699999935,-18.42190919999996],[-49.58205669999995,-18.44287829999996],[-49.59772699999996,-18.44008189999994],[-49.604147799999964,-18.44901679999998],[-49.60957909999996,-18.438605499999937],[-49.62705599999998,-18.452638099999945],[-49.70688689999997,-18.414747899999952],[-49.74108439999998,-18.346177499999953],[-49.760306199999945,-18.399703299999942],[-49.75844999999998,-18.424482299999966],[-49.77934359999995,-18.44715649999995],[-49.77007109999994,-18.466389299999946],[-49.77258759999995,-18.495782299999973],[-49.80940919999995,-18.500740899999983],[-49.82440669999994,-18.494937799999946],[-49.851980099999935,-18.42210239999997],[-49.886317599999984,-18.39215239999993],[-49.951949999999954,-18.353321499999936],[-49.97457069999996,-18.364115699999957],[-49.979304999999954,-18.355913699999974],[-49.97198869999994,-18.34688989999995],[-49.96380519999997,-18.349171199999944],[-49.96568929999995,-18.340564599999936],[-49.95208039999994,-18.329866099999947],[-49.937090799999964,-18.327878899999973],[-49.94147799999996,-18.30889989999997],[-49.92922839999994,-18.30334849999997],[-49.921488099999976,-18.309816699999942],[-49.91216339999994,-18.30167659999995],[-49.914450399999964,-18.29329359999997],[-49.90579219999995,-18.29857519999996],[-49.87766229999994,-18.289435599999933],[-49.86695009999994,-18.267340599999955],[-49.817366499999935,-18.239463499999943],[-49.80792589999999,-18.226580599999977],[-49.79976209999995,-18.23284069999994],[-49.753278999999964,-18.21277299999997],[-49.70195649999994,-18.244179499999973],[-49.69994289999994,-18.26147869999994],[-49.64348329999996,-18.273730599999965],[-49.603853999999956,-18.303637599999945],[-49.59870019999994,-18.29240379999993],[-49.57929369999994,-18.30182069999995],[-49.59571569999997,-18.291092599999956],[-49.59193229999994,-18.283977499999935],[-49.578358899999955,-18.29419809999996],[-49.57890839999993,-18.281747699999983],[-49.56791479999998,-18.284469999999942],[-49.578931299999965,-18.26898799999998],[-49.562404999999956,-18.262967799999956],[-49.56457919999997,-18.22402519999997],[-49.55341649999997,-18.21693579999993],[-49.53838459999997,-18.22227229999993],[-49.52517759999995,-18.210171299999956],[-49.509391499999936,-18.213553499999932],[-49.48690739999995,-18.24119639999998],[-49.47578249999998,-18.272482599999933],[-49.41631249999995,-18.290438199999983],[-49.411539699999935,-18.31458669999995],[-49.416674899999975,-18.327762699999937],[-49.40638349999995,-18.34140059999993],[-49.38448059999996,-18.325234199999954],[-49.38806549999998,-18.31500929999993],[-49.37617239999997,-18.31158419999997],[-49.36650679999997,-18.29202559999993],[-49.33072469999996,-18.280925699999955],[-49.32757959999998,-18.26706269999994],[-49.29612519999995,-18.245692599999927],[-49.28479979999997,-18.228814099999965],[-49.25450659999996,-18.23068569999998],[-49.23787009999995,-18.223230499999943],[-49.238672099999974,-18.204705699999977],[-49.259064999999964,-18.189198499999975],[-49.251851399999964,-18.18411519999995],[-49.252011799999934,-18.169476499999973],[-49.22489059999998,-18.17639429999997],[-49.18439549999994,-18.168689599999936],[-49.156327499999975,-18.125690299999974],[-49.13379489999994,-18.120618499999978],[-49.12602149999998,-18.107789999999966],[-49.10171269999995,-18.106191099999933],[-49.093079399999965,-18.155335399999956],[-49.07774889999996,-18.186757899999975],[-49.02032639999993,-18.210711699999933],[-49.011420499999986,-18.207230299999935],[-48.99580339999994,-18.239370399999927],[-48.99497689999998,-18.261896999999976],[-48.98579399999994,-18.266553899999963],[-48.99286509999996,-18.277077899999938],[-48.985010999999986,-18.27650289999997],[-48.98366829999998,-18.291541699999982],[-48.959502199999974,-18.32347889999994],[-48.984195399999976,-18.341412499999933],[-48.98150119999997,-18.356374199999948],[-48.99599669999998,-18.370940299999972],[-49.03627369999998,-18.37221999999997],[-49.04870049999994,-18.39749889999996],[-49.07703989999993,-18.416780399999936],[-49.112854599999935,-18.399693199999945],[-49.108254999999986,-18.386877599999934],[-49.12631289999996,-18.38431429999997],[-49.15484749999996,-18.404889599999933],[-49.16075809999995,-18.417858899999942]]]}},{"id":"5447","type":"Feature","properties":{"COD_IBGE":"5211602","MUNICIPIO":"Ivolândia","UF":"GO"},"geometry":{"type":"Polygon","coordinates":[[[-50.80975069999994,-16.565383699999927],[-50.80009949999993,-16.577442599999927],[-50.79463919999995,-16.571506899999974],[-50.77952179999994,-16.591111599999977],[-50.762935099999936,-16.584098299999937],[-50.730849999999975,-16.58615119999996],[-50.76737899999995,-16.68172009999995],[-50.782144399999936,-16.69310329999996],[-50.80560479999997,-16.68730199999993],[-50.811809799999935,-16.695183399999962],[-50.819020799999976,-16.670965499999966],[-50.852318699999955,-16.728922599999976],[-50.897464699999944,-16.75490489999993],[-50.92429889999994,-16.783250299999963],[-50.96808549999997,-16.791954999999973],[-50.97308319999996,-16.808865799999978],[-51.003356199999985,-16.84469249999995],[-51.057112899999936,-16.860440799999935],[-51.051572799999974,-16.87017979999996],[-51.05991439999997,-16.883653599999946],[-51.055694399999936,-16.954561399999932],[-51.080177599999956,-16.94113049999993],[-51.078517799999986,-16.92929239999995],[-51.10588169999994,-16.894888899999955],[-51.15022709999994,-16.892458499999975],[-51.15380289999996,-16.86684749999995],[-51.17034799999993,-16.86682209999998],[-51.178719899999976,-16.84305699999993],[-51.19745089999998,-16.839169199999958],[-51.208150399999965,-16.809306799999945],[-51.22506709999993,-16.814395699999977],[-51.22786119999995,-16.759678599999972],[-51.216154899999935,-16.736170499999957],[-51.22984309999998,-16.71009269999996],[-51.22118709999995,-16.695646599999975],[-51.22958659999995,-16.69465349999996],[-51.242637599999966,-16.66073069999993],[-51.262522099999956,-16.646735599999943],[-51.25511329999995,-16.636450099999934],[-51.257714299999975,-16.616321399999947],[-51.27371889999995,-16.614976299999967],[-51.309184699999946,-16.56498709999994],[-51.28870519999998,-16.554636099999982],[-51.30039969999996,-16.550260699999967],[-51.31208589999994,-16.525712899999974],[-51.30704829999996,-16.51927399999994],[-51.31883389999996,-16.522655999999927],[-51.32830169999994,-16.51277559999994],[-51.32411639999998,-16.507991799999957],[-51.33958279999996,-16.509073499999943],[-51.33706099999995,-16.498124299999972],[-51.34945769999996,-16.492388499999947],[-51.34486549999997,-16.478163999999936],[-51.355377799999985,-16.483593199999973],[-51.37789799999996,-16.464760499999954],[-51.37519669999995,-16.445941499999947],[-51.39598229999996,-16.447101799999928],[-51.39341159999998,-16.431801899999982],[-51.40044419999998,-16.42439269999994],[-51.37561649999998,-16.421630599999958],[-51.33496229999997,-16.477863299999967],[-51.318149699999935,-16.474891699999944],[-51.31495869999998,-16.45974259999997],[-51.30387099999996,-16.464602199999945],[-51.301197599999966,-16.45540859999994],[-51.28550939999997,-16.457023599999957],[-51.27840939999999,-16.44740189999993],[-51.26213169999994,-16.466587799999957],[-51.26895579999996,-16.47394859999997],[-51.23843379999994,-16.488827199999946],[-51.23167069999994,-16.506162899999936],[-51.243763299999955,-16.53127399999994],[-51.24353989999997,-16.55415849999997],[-51.21508189999997,-16.56611709999993],[-51.18507779999993,-16.64489249999997],[-51.15776489999996,-16.63202569999993],[-51.13716419999997,-16.633209999999963],[-51.134739699999955,-16.662262399999975],[-51.123720599999956,-16.670032899999967],[-51.12395139999995,-16.695458599999938],[-51.11284279999995,-16.71355139999997],[-51.11808499999995,-16.729230599999937],[-51.099492399999974,-16.734724299999982],[-51.106242399999985,-16.742280999999934],[-51.10576819999994,-16.764832399999932],[-51.089070499999934,-16.783903599999974],[-51.09735239999998,-16.793261599999937],[-51.07288649999998,-16.801213599999926],[-51.06515219999994,-16.82251109999993],[-51.047252699999945,-16.79807219999998],[-51.04938819999995,-16.748622599999976],[-51.02502939999994,-16.69566439999994],[-51.037765699999966,-16.659871299999963],[-51.03445919999996,-16.651130299999977],[-51.019623699999954,-16.65308829999998],[-50.98737289999997,-16.626210399999934],[-50.96264899999994,-16.62103989999997],[-50.94661159999998,-16.58710389999993],[-50.95900139999998,-16.571118599999977],[-50.97399079999997,-16.571367599999974],[-50.96292299999993,-16.533500599999968],[-50.98898939999998,-16.52900589999996],[-51.00181289999995,-16.503385099999946],[-50.993300499999975,-16.495676699999933],[-50.996730699999944,-16.48627129999994],[-50.97757679999995,-16.47727629999997],[-50.96988079999994,-16.501589499999966],[-50.94105979999995,-16.50422659999998],[-50.91858689999998,-16.526702299999954],[-50.887525799999935,-16.528485299999943],[-50.87638499999997,-16.526102699999967],[-50.86000909999996,-16.482654499999967],[-50.84677599999998,-16.511026399999935],[-50.818330799999956,-16.509097699999927],[-50.798594899999955,-16.53201919999998],[-50.799663599999974,-16.556978699999945],[-50.80975069999994,-16.565383699999927]]]}},{"id":"5448","type":"Feature","properties":{"COD_IBGE":"5211701","MUNICIPIO":"Jandaia","UF":"GO"},"geometry":{"type":"Polygon","coordinates":[[[-50.13769499999995,-17.31413559999993],[-50.139517799999965,-17.332141899999954],[-50.15641069999998,-17.342437099999927],[-50.16211879999997,-17.358069899999975],[-50.18520529999995,-17.350749699999938],[-50.20416209999996,-17.36415119999998],[-50.204820799999936,-17.34607959999994],[-50.19902769999993,-17.33900509999995],[-50.192323399999964,-17.343421499999977],[-50.19492569999994,-17.332708999999966],[-50.170970799999964,-17.311832299999935],[-50.17404319999997,-17.303282399999944],[-50.18730249999993,-17.299976899999933],[-50.18061019999993,-17.276107099999933],[-50.20043569999996,-17.266939599999944],[-50.199476499999946,-17.29599339999993],[-50.20644619999996,-17.298282299999983],[-50.210695499999986,-17.29198649999995],[-50.222035699999935,-17.29430549999995],[-50.223786099999984,-17.27900169999998],[-50.236932699999954,-17.287500499999965],[-50.24511589999997,-17.27216519999996],[-50.22914599999996,-17.25990809999996],[-50.23830819999995,-17.255201799999952],[-50.23296919999996,-17.237289799999928],[-50.25068089999996,-17.235856399999932],[-50.247153099999935,-17.225539199999957],[-50.25965089999994,-17.225703099999976],[-50.25794479999996,-17.20993519999996],[-50.29686389999995,-17.180745299999955],[-50.270316299999934,-17.155825999999934],[-50.27778719999998,-17.14233109999998],[-50.29715229999994,-17.13418829999995],[-50.27424369999994,-17.118497599999955],[-50.287483899999984,-17.108408099999963],[-50.28344699999997,-17.10097559999997],[-50.29936049999998,-17.10470449999997],[-50.29788989999997,-17.08851519999996],[-50.29164209999993,-17.09010369999993],[-50.287873299999944,-17.077890499999967],[-50.300477599999965,-17.082510599999978],[-50.308688899999936,-17.071268999999972],[-50.28661349999993,-17.04897029999995],[-50.297311699999966,-17.041244699999936],[-50.28935899999993,-17.032582799999943],[-50.299233999999956,-17.020911599999977],[-50.29014149999995,-17.008730199999945],[-50.29647129999995,-16.992980699999976],[-50.273740499999974,-16.97961349999997],[-50.282684899999936,-16.97023839999997],[-50.27810649999998,-16.96608379999998],[-50.28558559999993,-16.964924699999926],[-50.27674479999996,-16.946189299999958],[-50.28060969999996,-16.920940899999948],[-50.29177129999994,-16.90610179999993],[-50.286013399999945,-16.89596199999994],[-50.277432499999975,-16.900394199999937],[-50.26064179999997,-16.892929799999933],[-50.21485919999998,-16.921898099999964],[-50.19146129999996,-16.920175899999947],[-50.17829739999996,-16.933720199999982],[-50.155736899999965,-16.939427699999953],[-50.141467499999976,-16.933126799999968],[-50.10731649999997,-16.952468599999975],[-50.08799949999997,-16.936872999999935],[-50.08868899999993,-16.919754099999977],[-50.07075009999994,-16.91696049999996],[-50.03707149999997,-16.93591319999996],[-50.03295809999997,-16.96076489999996],[-50.05884119999996,-16.993852199999935],[-50.064044499999966,-17.025773799999968],[-50.07021619999995,-17.02547569999996],[-50.08136119999995,-17.04793019999994],[-50.073652599999946,-17.066060799999946],[-50.079921799999966,-17.076047399999936],[-50.06888369999996,-17.083568699999944],[-50.10615439999998,-17.14734009999995],[-50.108527899999956,-17.165625699999964],[-50.09886549999993,-17.180290199999945],[-50.10721569999998,-17.19389089999993],[-50.10622409999996,-17.24411719999995],[-50.14771689999998,-17.30179849999996],[-50.13769499999995,-17.31413559999993]]]}},{"id":"5449","type":"Feature","properties":{"COD_IBGE":"5211800","MUNICIPIO":"Jaraguá","UF":"GO"},"geometry":{"type":"Polygon","coordinates":[[[-49.127225399999986,-15.624547699999937],[-49.21618459999996,-15.856493799999953],[-49.222852099999955,-15.843578999999977],[-49.248566799999935,-15.835466199999928],[-49.252861199999984,-15.815824299999974],[-49.28050259999998,-15.833406899999943],[-49.30713069999996,-15.82660919999995],[-49.34017989999995,-15.856976799999927],[-49.33108779999998,-15.872998499999937],[-49.34417819999993,-15.901553999999976],[-49.358356999999955,-15.897605699999929],[-49.38372919999995,-15.913915599999939],[-49.39326939999995,-15.888613299999975],[-49.39938019999994,-15.89095919999994],[-49.392754199999956,-15.905907099999979],[-49.467484499999955,-15.942776299999935],[-49.473192799999936,-15.96542039999997],[-49.46589339999997,-15.96949589999997],[-49.47072909999997,-15.982278599999972],[-49.46521689999997,-16.004596999999933],[-49.509401699999955,-15.972875599999952],[-49.51723059999995,-15.979814199999964],[-49.548978699999964,-15.976676899999973],[-49.54420299999998,-15.922164099999975],[-49.56709019999994,-15.917722899999944],[-49.573859899999945,-15.926027699999963],[-49.59726899999998,-15.909340199999974],[-49.589602799999966,-15.901399099999935],[-49.60802279999996,-15.87946409999995],[-49.59383819999994,-15.868753399999946],[-49.59402729999994,-15.852093399999944],[-49.58365759999998,-15.842881599999941],[-49.57830219999994,-15.790531299999941],[-49.55916939999997,-15.781495099999972],[-49.55369449999995,-15.75269529999997],[-49.54552719999998,-15.757071899999971],[-49.54186359999994,-15.751259499999946],[-49.54506199999997,-15.743565099999955],[-49.53676079999997,-15.73697459999994],[-49.543075699999974,-15.732308399999965],[-49.53457559999998,-15.716066599999976],[-49.54735519999997,-15.708294599999931],[-49.556816699999956,-15.683801199999948],[-49.54932189999994,-15.674034399999982],[-49.55465989999993,-15.668878399999926],[-49.55064319999997,-15.642150699999945],[-49.56274429999996,-15.598485099999948],[-49.555755199999965,-15.579884599999957],[-49.56279479999995,-15.577035499999965],[-49.55679639999994,-15.547247599999935],[-49.54956169999997,-15.544648399999971],[-49.57458789999998,-15.515671099999963],[-49.56882449999995,-15.47778939999995],[-49.554799799999955,-15.46779859999998],[-49.54424199999994,-15.468025499999953],[-49.53505699999994,-15.481778899999938],[-49.52747509999995,-15.47261629999997],[-49.52275849999995,-15.476292299999955],[-49.51874669999995,-15.505440799999974],[-49.511455499999954,-15.497298299999954],[-49.50107109999993,-15.502468199999953],[-49.50661629999996,-15.515639799999974],[-49.48649139999998,-15.512947599999961],[-49.454836899999975,-15.533911299999943],[-49.434373499999936,-15.519388999999933],[-49.43142999999998,-15.494979199999932],[-49.39622029999998,-15.503288299999952],[-49.37831509999995,-15.495127499999967],[-49.35197029999995,-15.500323899999955],[-49.338247499999966,-15.498616099999936],[-49.33071659999996,-15.483713299999977],[-49.31433569999996,-15.493452999999931],[-49.309271699999954,-15.465916599999957],[-49.30084389999996,-15.46754489999995],[-49.28043669999994,-15.436639899999932],[-49.25155349999994,-15.459299599999952],[-49.23375009999995,-15.45514339999994],[-49.21756709999994,-15.487157699999955],[-49.22833819999994,-15.498542099999952],[-49.224608399999966,-15.509784399999944],[-49.23400219999996,-15.512929699999972],[-49.224442099999976,-15.523897599999941],[-49.23229379999998,-15.52795459999993],[-49.22555509999995,-15.542756899999972],[-49.23800579999994,-15.559865099999968],[-49.22600109999996,-15.572426199999938],[-49.211553099999946,-15.56724209999993],[-49.16976179999995,-15.626880099999937],[-49.15949859999995,-15.62177859999997],[-49.15364429999994,-15.627827999999965],[-49.14769699999994,-15.615788899999927],[-49.14175499999993,-15.624022799999977],[-49.127225399999986,-15.624547699999937]]]}},{"id":"5450","type":"Feature","properties":{"COD_IBGE":"5211909","MUNICIPIO":"Jataí","UF":"GO"},"geometry":{"type":"Polygon","coordinates":[[[-51.732947999999965,-18.244214799999952],[-51.76250299999998,-18.249815299999966],[-51.788242399999945,-18.26988259999996],[-51.790948399999934,-18.226376699999946],[-51.80148269999995,-18.211406299999965],[-51.82787669999993,-18.21165209999998],[-51.84420159999996,-18.160700599999927],[-51.841687099999945,-18.14862519999997],[-51.85609489999996,-18.13429569999994],[-51.899347999999975,-18.135703099999944],[-51.922180999999966,-18.157084699999928],[-51.93392879999993,-18.158912199999975],[-51.96572219999996,-18.154435499999977],[-51.98127029999995,-18.160191399999974],[-52.00942139999995,-18.151948699999934],[-52.01852059999993,-18.139350299999933],[-52.02977789999994,-18.13910329999993],[-52.021372499999984,-18.114628099999948],[-52.03937019999995,-18.07396209999996],[-52.080385999999976,-18.04562429999993],[-52.13998689999994,-18.02686719999997],[-52.15584099999995,-18.01353819999997],[-52.164374099999975,-18.001997399999937],[-52.15941739999994,-17.97763999999995],[-52.20265909999995,-17.940241699999945],[-52.19350119999996,-17.924746699999957],[-52.20191459999995,-17.88869889999995],[-52.192988699999944,-17.87576269999994],[-52.191997399999934,-17.826732899999968],[-52.21925719999996,-17.816115699999955],[-52.22569649999997,-17.803882999999928],[-52.243393099999935,-17.80462069999993],[-52.27528079999996,-17.789486099999976],[-52.27508979999993,-17.774896999999953],[-52.230731799999944,-17.777338399999962],[-52.21928509999998,-17.760016699999937],[-52.243621099999984,-17.72748779999995],[-52.23095239999998,-17.715432299999975],[-52.23642049999995,-17.70193379999995],[-52.21309359999998,-17.68424509999994],[-52.21389709999994,-17.676510699999938],[-52.24594369999994,-17.653336799999977],[-52.25318999999996,-17.638384299999927],[-52.30123499999996,-17.612017999999978],[-52.30760769999995,-17.585990299999935],[-52.23399889999996,-17.638562399999955],[-52.16051239999996,-17.643001999999967],[-52.14483539999998,-17.636730499999942],[-52.09572179999998,-17.650420399999973],[-52.06653319999998,-17.64860029999994],[-52.05294679999997,-17.64354449999996],[-52.05277129999996,-17.634829199999956],[-52.038796599999955,-17.633160199999963],[-52.00977299999994,-17.641151399999956],[-52.00882339999998,-17.653224399999942],[-51.99263019999995,-17.644125499999973],[-51.992812199999946,-17.624845299999947],[-52.006045599999936,-17.617834999999957],[-52.006749999999954,-17.59760319999998],[-51.989182599999936,-17.55872519999997],[-51.99882729999996,-17.557038499999976],[-52.003809899999965,-17.545875399999943],[-51.995651099999975,-17.539251699999966],[-52.01896119999998,-17.513252999999963],[-52.00669529999993,-17.502056399999958],[-52.02478629999996,-17.501266899999962],[-52.02613829999996,-17.491000999999926],[-51.995812599999965,-17.488372699999957],[-51.96032369999995,-17.431686999999954],[-51.94817429999995,-17.40194249999996],[-51.961024899999984,-17.390377299999955],[-51.95544679999995,-17.358950799999946],[-51.89392359999994,-17.362242699999967],[-51.88235449999996,-17.37107249999997],[-51.874977599999966,-17.331849399999953],[-51.863824499999964,-17.334104399999944],[-51.847869799999955,-17.323045499999978],[-51.84796879999993,-17.296921899999973],[-51.779259699999955,-17.318708799999968],[-51.75841499999996,-17.284722399999964],[-51.71218509999994,-17.27868209999997],[-51.69608379999994,-17.26764339999994],[-51.68620059999995,-17.274559099999976],[-51.713345999999945,-17.320237299999974],[-51.715380299999936,-17.360678999999948],[-51.73022629999997,-17.371726399999943],[-51.71833299999997,-17.414639299999976],[-51.72771019999993,-17.46448929999997],[-51.721968699999934,-17.47902369999997],[-51.694429799999966,-17.495619399999953],[-51.69367479999994,-17.51106589999995],[-51.70375759999996,-17.523589899999934],[-51.687794199999985,-17.547630999999967],[-51.66267749999997,-17.559265299999936],[-51.658048099999974,-17.57147759999998],[-51.62517829999996,-17.59598989999995],[-51.60684209999994,-17.60176809999996],[-51.638153399999965,-17.66111989999996],[-51.58240099999995,-17.68706999999995],[-51.585500999999965,-17.695554899999934],[-51.57704649999994,-17.695056499999964],[-51.56520819999997,-17.720566099999928],[-51.55271159999995,-17.72061259999998],[-51.55274819999994,-17.727959599999963],[-51.51476939999998,-17.735275899999976],[-51.51353549999993,-17.748376599999972],[-51.478750899999966,-17.749778599999956],[-51.47133649999995,-17.76826719999997],[-51.45863859999997,-17.768431799999973],[-51.46242929999994,-17.77877719999998],[-51.454697099999976,-17.784479199999964],[-51.452255099999945,-17.80999859999997],[-51.43308879999995,-17.81913359999993],[-51.43075879999998,-17.828620599999965],[-51.42672209999995,-17.82070299999998],[-51.41985109999996,-17.845226099999934],[-51.40302029999998,-17.84688269999998],[-51.38892299999998,-17.866852199999983],[-51.37844729999995,-17.868147299999976],[-51.376979699999936,-17.861711399999933],[-51.35017709999994,-17.87587499999995],[-51.32531409999996,-17.86082129999994],[-51.289850599999966,-17.860730299999943],[-51.27956109999997,-17.889365599999962],[-51.25843749999996,-17.881012299999952],[-51.24178039999998,-17.88563469999997],[-51.230883999999946,-17.902169499999957],[-51.242055799999946,-17.908582199999955],[-51.22883959999996,-17.912967299999934],[-51.23277609999997,-17.94395579999997],[-51.22277379999997,-17.946504299999958],[-51.22404039999998,-17.95967369999994],[-51.20572559999994,-17.976123299999927],[-51.21213609999995,-17.97698749999995],[-51.208012199999985,-17.985269899999935],[-51.21742619999998,-17.98715409999994],[-51.210922799999935,-17.993088299999954],[-51.213587099999984,-18.008668499999942],[-51.203493099999946,-18.00748139999996],[-51.20178619999996,-18.029384799999946],[-51.19124969999996,-18.028947999999957],[-51.19001369999995,-18.053705299999933],[-51.16614199999998,-18.070425599999965],[-51.17307999999997,-18.081803899999954],[-51.16344449999997,-18.08463809999995],[-51.15544259999996,-18.10154719999997],[-51.16402169999998,-18.10985469999997],[-51.15553539999996,-18.13151309999995],[-51.19627729999996,-18.11833349999995],[-51.201173799999935,-18.102948699999956],[-51.22619479999997,-18.102924799999982],[-51.238513599999976,-18.082234699999958],[-51.28604199999995,-18.08166069999993],[-51.30574779999995,-18.105211899999972],[-51.30833219999994,-18.12243479999995],[-51.32404489999993,-18.133879199999967],[-51.328940899999964,-18.199351599999943],[-51.37458469999996,-18.195708199999956],[-51.400769099999934,-18.171383799999944],[-51.433374424999954,-18.16114984999996],[-51.44340989999995,-18.165065999999968],[-51.45090219999997,-18.18080199999997],[-51.439221499999974,-18.183183799999938],[-51.455785799999944,-18.221692599999926],[-51.436927999999966,-18.242734799999937],[-51.41612799999996,-18.244768299999976],[-51.41030049999995,-18.259385099999974],[-51.39175549999993,-18.258703799999978],[-51.36488399999996,-18.28446379999997],[-51.38385109999996,-18.32120489999994],[-51.37979349999995,-18.354894599999966],[-51.50289849999996,-18.494856399999946],[-51.50503539999994,-18.51310559999996],[-51.52120049999996,-18.52159649999993],[-51.52978479999996,-18.53836179999996],[-51.55346289999994,-18.524414699999966],[-51.57155519999998,-18.52644129999993],[-51.572404699999936,-18.51185709999993],[-51.58649369999995,-18.513100599999973],[-51.59121139999996,-18.49911089999995],[-51.63952989999996,-18.500120899999956],[-51.63044249999996,-18.472340799999927],[-51.65189099999998,-18.42962289999997],[-51.64838039999995,-18.39144829999998],[-51.66467729999994,-18.370788999999945],[-51.693520699999965,-18.36216559999997],[-51.674841699999945,-18.355068999999958],[-51.665675599999986,-18.33938619999998],[-51.63890999999995,-18.332466199999942],[-51.65121519999997,-18.29043669999993],[-51.681967199999974,-18.27013759999994],[-51.68059949999997,-18.26312299999995],[-51.70534509999993,-18.26240219999994],[-51.71260569999998,-18.25007499999998],[-51.732947999999965,-18.244214799999952]]]}},{"id":"5451","type":"Feature","properties":{"COD_IBGE":"5212006","MUNICIPIO":"Jaupaci","UF":"GO"},"geometry":{"type":"Polygon","coordinates":[[[-50.980954199999985,-16.29410759999996],[-50.99592279999996,-16.27054119999997],[-51.01142979999997,-16.27803389999997],[-51.02383549999996,-16.273435099999972],[-51.06626499999993,-16.30651699999993],[-51.11841999999996,-16.30621039999994],[-51.12431189999995,-16.29686319999996],[-51.12159589999993,-16.26620749999995],[-51.13212159999995,-16.256538099999943],[-51.13679129999997,-16.224391199999957],[-51.15261259999994,-16.200091999999927],[-51.172346999999945,-16.18973639999996],[-51.162757399999975,-16.162420399999974],[-51.177615499999945,-16.14824239999996],[-51.17183789999996,-16.125880699999982],[-51.19673369999998,-16.10083489999994],[-51.19257659999994,-16.090458599999977],[-51.20237929999996,-16.079867099999944],[-51.21306099999998,-16.030810199999962],[-51.17482129999996,-16.029845399999942],[-51.16769849999997,-16.050252499999942],[-51.143755699999986,-16.06567389999998],[-51.124008199999935,-16.06316849999996],[-51.09488929999998,-16.103197299999977],[-51.07832899999994,-16.102942199999973],[-51.05116749999996,-16.119847499999935],[-51.00907319999993,-16.120628199999942],[-51.00410499999998,-16.133616899999936],[-50.99622879999998,-16.131249599999933],[-50.98366469999996,-16.163493199999948],[-50.90982649999995,-16.184762699999965],[-50.911938599999985,-16.198259699999937],[-50.897473299999945,-16.216700699999933],[-50.90824829999997,-16.232578199999978],[-50.90054639999994,-16.24397639999995],[-50.92670739999994,-16.278593599999965],[-50.93374209999996,-16.31039629999998],[-50.941858199999956,-16.31566289999995],[-50.980954199999985,-16.29410759999996]]]}},{"id":"5452","type":"Feature","properties":{"COD_IBGE":"5212055","MUNICIPIO":"Jesúpolis","UF":"GO"},"geometry":{"type":"Polygon","coordinates":[[[-49.46531399999998,-16.00445129999997],[-49.467484499999955,-15.942776299999935],[-49.392754199999956,-15.905907099999979],[-49.39938019999994,-15.89095919999994],[-49.39326939999995,-15.888613299999975],[-49.38372919999995,-15.913915599999939],[-49.361320699999965,-15.903827499999977],[-49.360152599999935,-15.91882929999997],[-49.344362899999965,-15.936490099999958],[-49.36216109999998,-15.94751139999994],[-49.35560159999994,-15.975581499999976],[-49.36633309999996,-16.00696419999997],[-49.38012199999997,-15.99252759999996],[-49.385586599999954,-16.002255699999978],[-49.399286899999936,-16.003530699999942],[-49.40143449999994,-16.01547439999996],[-49.44663959999997,-16.015525899999943],[-49.45595139999995,-16.00385449999993],[-49.46531399999998,-16.00445129999997]]]}},{"id":"5453","type":"Feature","properties":{"COD_IBGE":"5212105","MUNICIPIO":"Joviânia","UF":"GO"},"geometry":{"type":"Polygon","coordinates":[[[-49.61149389999997,-17.753260599999976],[-49.600525199999936,-17.751283199999932],[-49.56356549999998,-17.784240799999964],[-49.56217359999994,-17.74066309999995],[-49.547124199999985,-17.70798949999994],[-49.53785659999994,-17.705848999999944],[-49.52932139999996,-17.710333099999957],[-49.53806069999996,-17.73219819999997],[-49.514846199999965,-17.750903999999935],[-49.46985099999995,-17.747590799999955],[-49.44945779999995,-17.75764309999994],[-49.444636199999934,-17.749364699999944],[-49.42835169999995,-17.74790539999998],[-49.42483839999994,-17.77019809999996],[-49.44290139999998,-17.77713719999997],[-49.427063199999964,-17.776652299999967],[-49.42416349999996,-17.78778079999995],[-49.45565719999996,-17.78609289999997],[-49.43863429999993,-17.810463999999968],[-49.43840839999996,-17.82798889999998],[-49.45199139999994,-17.85033519999996],[-49.49681819999995,-17.83211929999993],[-49.51755039999995,-17.85543599999994],[-49.53025059999993,-17.855412199999932],[-49.54393029999994,-17.83928069999996],[-49.55374029999996,-17.84422189999998],[-49.56936939999997,-17.832909599999937],[-49.64445959999995,-17.86744429999993],[-49.65772769999995,-17.884865799999943],[-49.67970279999997,-17.859997499999963],[-49.76006959999995,-17.867641399999968],[-49.78259289999994,-17.886210499999947],[-49.784632699999975,-17.841971899999976],[-49.77132369999998,-17.826088999999968],[-49.78429229999995,-17.80068209999996],[-49.783925299999964,-17.78009449999996],[-49.77858059999994,-17.77582739999997],[-49.68385779999994,-17.80675539999993],[-49.73222489999995,-17.762944999999945],[-49.73708489999996,-17.745432799999946],[-49.72826709999998,-17.719417499999963],[-49.710378299999945,-17.709853099999975],[-49.69379559999993,-17.68649019999998],[-49.66527549999995,-17.705318399999953],[-49.65697389999997,-17.703655899999944],[-49.65429659999995,-17.724611799999934],[-49.64551199999994,-17.72277689999993],[-49.61149389999997,-17.753260599999976]]]}},{"id":"5454","type":"Feature","properties":{"COD_IBGE":"5212204","MUNICIPIO":"Jussara","UF":"GO"},"geometry":{"type":"Polygon","coordinates":[[[-50.921447299999954,-16.05078119999996],[-50.927534099999946,-16.027335599999958],[-50.962679399999956,-16.013342199999954],[-50.98435159999997,-16.029794299999935],[-50.99439679999995,-16.027408299999934],[-51.03000059999994,-15.999080799999945],[-51.036838399999965,-15.98522749999995],[-51.065038699999945,-15.968299399999978],[-51.08209459999995,-15.978940899999941],[-51.09167649999995,-15.969102899999939],[-51.10506979999997,-15.97032669999993],[-51.11489709999995,-15.961378099999934],[-51.132151599999986,-15.96516889999998],[-51.15250359999993,-15.952144699999963],[-51.16192109999997,-15.959661299999937],[-51.17858709999996,-15.953389499999957],[-51.199473599999976,-15.965383599999939],[-51.22142299999996,-15.940566299999944],[-51.267889999999966,-15.97491569999994],[-51.28630769999995,-15.956668399999955],[-51.30244529999993,-15.959135199999935],[-51.304038599999956,-15.944217299999934],[-51.31268899999998,-15.950289099999964],[-51.30876669999998,-15.937687599999947],[-51.32749269999994,-15.93731239999994],[-51.33098159999997,-15.924720299999933],[-51.36029449999995,-15.939683199999934],[-51.38760279999997,-15.919716499999936],[-51.38502109999996,-15.902282799999966],[-51.39834419999994,-15.91021969999997],[-51.40563849999995,-15.903642099999956],[-51.39785569999998,-15.89907409999995],[-51.40822399999996,-15.898310099999946],[-51.41986899999995,-15.876148099999966],[-51.432560199999955,-15.87740279999997],[-51.424432199999956,-15.857386499999961],[-51.43260269999996,-15.851860599999952],[-51.42904469999996,-15.846943099999976],[-51.439437399999974,-15.843744999999956],[-51.44265889999997,-15.85157369999996],[-51.462962199999936,-15.853156799999965],[-51.46756449999998,-15.833867099999964],[-51.482191099999966,-15.819616099999962],[-51.49764449999998,-15.809897499999977],[-51.529295899999966,-15.81017909999997],[-51.53591799999998,-15.789266899999973],[-51.52084039999994,-15.779868999999962],[-51.52826849999997,-15.772156199999927],[-51.54164089999995,-15.772055899999941],[-51.536743799999954,-15.780974999999955],[-51.54285539999995,-15.77753999999993],[-51.54588819999998,-15.769888199999968],[-51.53668739999995,-15.758146199999942],[-51.548460999999975,-15.752800799999932],[-51.53512909999995,-15.750808099999972],[-51.52916159999995,-15.72614079999994],[-51.53485099999995,-15.71718919999995],[-51.577142099999946,-15.701822099999958],[-51.57681219999995,-15.68608649999993],[-51.55921409999996,-15.68164429999996],[-51.570077099999935,-15.668738099999928],[-51.56354269999997,-15.650168699999938],[-51.58192379999997,-15.647295699999972],[-51.57396909999994,-15.640615399999945],[-51.583070599999985,-15.632853299999965],[-51.578040199999975,-15.622102199999972],[-51.58412049999998,-15.61765889999998],[-51.57558899999998,-15.611011499999961],[-51.583479299999965,-15.597443899999973],[-51.58616159999997,-15.607320099999981],[-51.591732699999966,-15.60583749999995],[-51.58870449999995,-15.582065399999976],[-51.598828699999956,-15.575466799999958],[-51.61602239999996,-15.58696729999997],[-51.63470499999994,-15.561629099999948],[-51.65289579999995,-15.559895099999949],[-51.638742099999945,-15.544621899999981],[-51.63697879999995,-15.522165299999926],[-51.64890019999996,-15.507867099999942],[-51.697006499999986,-15.48701879999993],[-51.70945949999998,-15.459491799999967],[-51.69128319999999,-15.430895299999975],[-51.696001799999976,-15.40594909999993],[-51.66953099999995,-15.374420999999927],[-51.67349309999997,-15.357650699999965],[-51.68794389999994,-15.344833599999959],[-51.68598209999993,-15.304010799999958],[-51.677248099999986,-15.287587599999938],[-51.64565509999994,-15.264995299999953],[-51.64713089999998,-15.256591999999955],[-51.66879299999994,-15.254615099999967],[-51.67196259999997,-15.24780919999995],[-51.65071819999997,-15.20330389999998],[-51.65115799999995,-15.177254799999957],[-51.59534179999997,-15.155184499999962],[-51.58295709999993,-15.128358599999956],[-51.54689069999995,-15.100465099999951],[-51.527331799999956,-15.059150099999954],[-51.46200289999996,-15.047979699999928],[-51.421331899999984,-15.005903599999954],[-51.36824189999999,-15.009573099999955],[-51.336968799999966,-14.97614539999995],[-51.35633039999993,-15.012752099999943],[-51.39569499999993,-15.036752099999944],[-51.39476819999993,-15.06982679999993],[-51.40748499999995,-15.087136099999952],[-51.402886499999966,-15.142327299999977],[-51.38046589999993,-15.179645199999982],[-51.38759169999997,-15.200972699999966],[-51.382133899999985,-15.243819899999949],[-51.27240919999997,-15.275820799999963],[-51.23077289999998,-15.270752199999947],[-51.21327059999993,-15.30802929999993],[-51.306769799999984,-15.323423899999966],[-51.301881299999934,-15.41101169999996],[-51.31574009999997,-15.41193949999996],[-51.31144919999997,-15.480605099999934],[-51.287494899999956,-15.470884499999954],[-51.25855649999994,-15.488363399999969],[-51.23192519999998,-15.484615299999973],[-51.24360359999997,-15.542658899999935],[-51.21915979999994,-15.604211799999973],[-51.178575799999976,-15.646394199999975],[-51.24577629999993,-15.676982399999929],[-51.322765999999945,-15.622334299999977],[-51.372738099999935,-15.597942699999976],[-51.38442059999994,-15.606925699999977],[-51.38733089999994,-15.631452199999956],[-51.416184999999984,-15.613904899999966],[-51.44195639999998,-15.60924179999995],[-51.43035579999997,-15.670105399999954],[-51.39998749999995,-15.688245499999937],[-51.38373699999994,-15.72417749999994],[-51.34029669999995,-15.73325639999996],[-51.307075199999986,-15.768764699999963],[-51.242943699999955,-15.807999299999949],[-51.21590659999998,-15.799415799999963],[-51.188702399999954,-15.804613999999958],[-51.15615599999995,-15.798172299999976],[-51.154324299999985,-15.822333299999968],[-51.12731949999994,-15.85256469999996],[-51.13287959999997,-15.862015999999926],[-51.12409029999998,-15.87010239999995],[-51.12441929999994,-15.90321599999993],[-51.11585329999997,-15.906691099999932],[-51.08861579999996,-15.887973299999942],[-51.05486589999998,-15.88494899999995],[-51.04921969999998,-15.866451799999936],[-51.058128599999975,-15.846280999999976],[-51.054948999999965,-15.824845799999935],[-51.04549089999995,-15.799657099999934],[-51.00291469999996,-15.776192099999946],[-50.991636899999946,-15.73701129999995],[-50.998091699999975,-15.714194499999962],[-50.98379369999998,-15.722802899999976],[-50.97677399999998,-15.717419999999947],[-50.943631799999935,-15.725661999999943],[-50.945572399999946,-15.73358079999997],[-50.913199599999984,-15.758177599999954],[-50.91401559999997,-15.770739799999944],[-50.893466099999955,-15.771917999999971],[-50.88632689999997,-15.785648699999967],[-50.83114049999995,-15.78865819999993],[-50.811820799999964,-15.797850799999935],[-50.787057999999945,-15.829598699999963],[-50.784330299999965,-15.868692799999963],[-50.76451399999996,-15.895219999999938],[-50.77380569999997,-15.936723399999948],[-50.792339099999936,-15.942920699999945],[-50.78238539999995,-15.957946099999958],[-50.78451519999993,-15.999755799999946],[-50.79501669999996,-15.999876899999947],[-50.81428529999994,-16.02279109999995],[-50.836724199999935,-16.00992109999993],[-50.85170279999994,-16.015999799999975],[-50.87236759999996,-16.01166619999998],[-50.886430099999984,-16.041710699999953],[-50.921447299999954,-16.05078119999996]]]}},{"id":"5455","type":"Feature","properties":{"COD_IBGE":"5212253","MUNICIPIO":"Lagoa Santa","UF":"GO"},"geometry":{"type":"Polygon","coordinates":[[[-51.37011839999997,-19.199587099999974],[-51.41143589999996,-19.18065649999994],[-51.405757999999935,-19.175146199999972],[-51.42451879999993,-19.16529989999998],[-51.43938519999995,-19.17109339999996],[-51.45812109999997,-19.150826499999937],[-51.46150679999994,-19.12304599999993],[-51.43578659999997,-19.065930899999955],[-51.33200649999998,-19.074045199999944],[-51.32082539999993,-19.100775899999974],[-51.27183659999997,-19.120563799999957],[-51.26465989999997,-19.14250999999996],[-51.22134589999996,-19.152215299999966],[-51.203323599999976,-19.182770199999936],[-51.167056199999934,-19.189982499999928],[-51.15670699999998,-19.20525109999994],[-51.102611199999956,-19.215142399999934],[-51.08937999999995,-19.26318079999993],[-51.09200119999997,-19.307626599999935],[-51.12653689999996,-19.303286799999967],[-51.14322509999994,-19.287072399999943],[-51.18020869999998,-19.28291859999996],[-51.20352829999996,-19.260546199999965],[-51.20801009999997,-19.266193999999928],[-51.22549989999993,-19.25897939999993],[-51.251297299999976,-19.273699999999963],[-51.27597319999995,-19.261126399999966],[-51.27970399999998,-19.248915599999975],[-51.28647139999998,-19.252404499999955],[-51.29788759999997,-19.23860389999993],[-51.30680539999997,-19.239127499999938],[-51.307096899999976,-19.218081499999982],[-51.337033599999984,-19.22228739999997],[-51.344867499999964,-19.21390679999996],[-51.36877019999997,-19.221631499999944],[-51.37011839999997,-19.199587099999974]]]}},{"id":"5456","type":"Feature","properties":{"COD_IBGE":"5212303","MUNICIPIO":"Leopoldo de Bulhões","UF":"GO"},"geometry":{"type":"Polygon","coordinates":[[[-48.82750839999994,-16.52255169999995],[-48.810703099999955,-16.55665609999994],[-48.80354369999998,-16.56248309999995],[-48.795048399999985,-16.558303199999955],[-48.783064999999965,-16.59077639999998],[-48.75512299999997,-16.605650699999956],[-48.72528409999995,-16.603832999999952],[-48.71670549999993,-16.624880899999937],[-48.72239509999997,-16.686346999999955],[-48.79216749999995,-16.629570599999965],[-48.83228079999998,-16.658656899999983],[-48.852193599999964,-16.656832399999928],[-48.85374899999994,-16.632869399999947],[-48.87641439999993,-16.639353099999937],[-48.920030699999984,-16.69236449999994],[-48.97538659999998,-16.69291949999996],[-49.01231649999994,-16.66006939999994],[-49.00427799999994,-16.63580719999993],[-48.979718899999966,-16.65123559999995],[-48.95017659999996,-16.62871789999997],[-48.92525279999995,-16.634891899999957],[-48.91790439999994,-16.622885399999973],[-48.943794399999945,-16.60974249999998],[-48.964624999999955,-16.56639359999997],[-48.97380449999997,-16.566204899999946],[-48.99459139999993,-16.588168399999972],[-48.99271909999993,-16.57909139999998],[-49.00890449999997,-16.555777499999976],[-48.99418269999995,-16.529468899999927],[-49.00320229999994,-16.501074899999935],[-48.997275299999956,-16.486112499999933],[-48.90052179999998,-16.41859429999994],[-48.88279129999995,-16.441861099999926],[-48.862345199999936,-16.45226539999993],[-48.862660999999946,-16.48796999999996],[-48.83810349999993,-16.504064899999946],[-48.83893189999998,-16.521689599999945],[-48.82750839999994,-16.52255169999995]]]}},{"id":"5457","type":"Feature","properties":{"COD_IBGE":"5212501","MUNICIPIO":"Luziânia","UF":"GO"},"geometry":{"type":"Polygon","coordinates":[[[-47.85349639999998,-16.205816899999945],[-47.810902399999975,-16.250856299999953],[-47.787958199999935,-16.25788099999994],[-47.78214249999996,-16.24249109999994],[-47.78912569999994,-16.23045559999997],[-47.77458599999994,-16.231102799999974],[-47.75089189999994,-16.20745869999996],[-47.73231369999996,-16.166157599999963],[-47.65816099999995,-16.167039899999963],[-47.65627189999998,-16.216568499999937],[-47.66437149999996,-16.245203499999946],[-47.641072399999985,-16.282441999999946],[-47.653426499999966,-16.322711699999957],[-47.64792639999996,-16.371944999999982],[-47.66700229999998,-16.409609299999943],[-47.68729019999995,-16.424989799999935],[-47.717384299999935,-16.46756679999993],[-47.71679119999993,-16.52122829999996],[-47.727819299999965,-16.544662199999948],[-47.758218899999974,-16.55740629999997],[-47.769645899999944,-16.57052249999998],[-47.77778399999994,-16.564491499999974],[-47.77813629999997,-16.53278679999994],[-47.794348799999966,-16.52278389999998],[-47.80187629999995,-16.527898599999958],[-47.79412929999995,-16.529979599999933],[-47.80302299999994,-16.539060399999983],[-47.79775979999994,-16.54630149999997],[-47.80827799999997,-16.550017099999934],[-47.80225749999994,-16.555101199999967],[-47.80880899999994,-16.559649499999978],[-47.800104999999974,-16.564734399999963],[-47.809135899999944,-16.58463329999995],[-47.804283399999974,-16.600733799999944],[-47.82199989999998,-16.61545659999996],[-47.81959589999997,-16.634652999999958],[-47.832118399999956,-16.647070999999983],[-47.83942099999996,-16.64510269999994],[-47.880258599999934,-16.704359299999965],[-47.87376169999993,-16.717993399999955],[-47.886920499999974,-16.72597819999993],[-47.89143459999997,-16.743835799999943],[-47.88269839999998,-16.744838399999935],[-47.88789699999995,-16.75320039999997],[-47.87762329999998,-16.78345379999996],[-47.88691269999998,-16.791802099999927],[-47.878029699999956,-16.79870879999993],[-47.897819899999945,-16.80274499999996],[-47.902535099999966,-16.813018599999964],[-47.88938079999997,-16.820043299999952],[-47.89851379999993,-16.82963589999997],[-47.882298599999956,-16.845525899999927],[-47.88932029999995,-16.847321199999953],[-47.88752119999998,-16.876350199999933],[-47.89514819999994,-16.880851099999973],[-47.885135599999956,-16.88201859999998],[-47.88715179999997,-16.892941899999983],[-47.89629559999997,-16.89801049999994],[-47.88585349999994,-16.90596389999996],[-47.894572799999935,-16.91020539999994],[-47.89223879999997,-16.91796279999994],[-47.90087379999994,-16.915184599999975],[-47.91054809999997,-16.925336699999946],[-47.899217299999975,-16.95079839999994],[-47.921536199999935,-16.98281259999993],[-47.92074299999996,-17.003621599999974],[-48.00182259999997,-16.95160139999996],[-48.016216199999974,-16.928339499999936],[-48.030672799999934,-16.922166299999958],[-48.07502969999996,-16.930662499999983],[-48.07824139999997,-16.906949699999927],[-48.08912799999996,-16.89160279999993],[-48.07685299999997,-16.88062089999994],[-48.08777719999995,-16.85715099999993],[-48.07712769999995,-16.845766399999945],[-48.08303749999993,-16.83320139999995],[-48.07376839999995,-16.80294509999993],[-48.08135209999995,-16.797158499999966],[-48.077397099999985,-16.785925299999974],[-48.08775869999994,-16.769184399999972],[-48.10498339999998,-16.765895899999975],[-48.098986699999955,-16.76334339999994],[-48.10551689999994,-16.747299699999928],[-48.14537509999997,-16.74199049999993],[-48.15103499999998,-16.731529199999954],[-48.15526879999993,-16.737951299999963],[-48.171905799999934,-16.731222899999977],[-48.19100899999995,-16.73841729999998],[-48.19728629999997,-16.732388899999933],[-48.185099599999944,-16.707717199999934],[-48.194286699999964,-16.66688979999998],[-48.189727999999945,-16.65538289999995],[-48.240715499999965,-16.57719849999995],[-48.269880299999954,-16.48924059999996],[-48.28740259999995,-16.483287399999938],[-48.305796999999984,-16.453153999999927],[-48.32771519999994,-16.45314899999994],[-48.341607099999976,-16.444148299999938],[-48.35866139999996,-16.401549099999954],[-48.375400799999966,-16.40080299999994],[-48.401152999999965,-16.384143199999926],[-48.39648009999996,-16.35819349999997],[-48.402443699999935,-16.335598699999935],[-48.399157499999944,-16.321705899999927],[-48.37471879999998,-16.30880499999995],[-48.36622189999997,-16.323578099999963],[-48.357392199999936,-16.315097999999978],[-48.327963899999986,-16.326895399999955],[-48.32396099999994,-16.318304599999976],[-48.30635909999995,-16.32261879999993],[-48.296930799999984,-16.31299789999997],[-48.27281499999998,-16.318248299999937],[-48.26858699999997,-16.32575819999994],[-48.255953999999974,-16.313459199999954],[-48.24011939999997,-16.32567309999996],[-48.21988419999997,-16.323465299999953],[-48.20019309999998,-16.31121059999998],[-48.204629799999964,-16.295155199999954],[-48.19384209999998,-16.280542399999945],[-48.18871109999998,-16.250566299999946],[-48.17733659999993,-16.242307099999948],[-48.17456869999995,-16.21324809999993],[-48.14060989999996,-16.169242999999938],[-48.02795099999997,-16.203560799999934],[-48.001851399999964,-16.136421199999972],[-47.962856099999954,-16.122784799999977],[-47.969172399999934,-16.111641799999973],[-47.96362439999996,-16.104700799999932],[-47.93973269999998,-16.132745799999952],[-47.91976779999993,-16.13089629999996],[-47.86252849999994,-16.15807369999993],[-47.85349639999998,-16.205816899999945]]]}},{"id":"5458","type":"Feature","properties":{"COD_IBGE":"5212600","MUNICIPIO":"Mairipotaba","UF":"GO"},"geometry":{"type":"Polygon","coordinates":[[[-49.59626229999998,-17.29487709999995],[-49.615165299999944,-17.29736809999997],[-49.62950289999998,-17.288149999999973],[-49.61233059999995,-17.271473499999956],[-49.614686699999936,-17.25505819999995],[-49.62715529999997,-17.244061399999964],[-49.61436409999993,-17.241320299999927],[-49.62067889999997,-17.228790799999956],[-49.59967089999998,-17.227758199999982],[-49.58226609999997,-17.205955999999958],[-49.56411229999998,-17.203947399999947],[-49.53352609999996,-17.16481589999995],[-49.50800439999995,-17.151305999999977],[-49.46204209999996,-17.16672879999993],[-49.45696769999995,-17.150241299999948],[-49.44459909999995,-17.14542689999996],[-49.437309099999936,-17.165943899999945],[-49.408911099999955,-17.18599779999994],[-49.40621659999994,-17.20249739999997],[-49.43976299999997,-17.228464799999927],[-49.44025789999995,-17.236296799999934],[-49.46602269999994,-17.24195949999995],[-49.46996679999995,-17.256582899999955],[-49.488972399999966,-17.259570399999973],[-49.48853729999996,-17.26594259999996],[-49.47954109999995,-17.26838669999995],[-49.47620269999993,-17.290197199999966],[-49.45354459999999,-17.312003499999946],[-49.42800139999997,-17.304912499999944],[-49.35121479999998,-17.319042699999954],[-49.343584299999975,-17.344038299999966],[-49.29991329999996,-17.372886799999947],[-49.29244499999999,-17.397305999999958],[-49.30397089999997,-17.41172309999996],[-49.295101099999954,-17.42065279999997],[-49.30582039999996,-17.433784499999945],[-49.29092749999995,-17.441421699999978],[-49.29488119999996,-17.45488709999995],[-49.27652939999996,-17.472968599999945],[-49.290974699999936,-17.50722389999993],[-49.31237259999995,-17.49757299999993],[-49.445609599999955,-17.32913309999998],[-49.45320039999996,-17.32502349999993],[-49.51291749999996,-17.353811399999927],[-49.51532149999997,-17.346127499999966],[-49.55873339999994,-17.328846599999963],[-49.56221599999998,-17.31544109999993],[-49.57128669999997,-17.317060999999967],[-49.57657729999994,-17.304427799999928],[-49.58940719999998,-17.30388759999994],[-49.59626229999998,-17.29487709999995]]]}},{"id":"5459","type":"Feature","properties":{"COD_IBGE":"5212709","MUNICIPIO":"Mambaí","UF":"GO"},"geometry":{"type":"Polygon","coordinates":[[[-46.18525299999993,-14.48380659999998],[-46.197947899999974,-14.45278019999995],[-46.169944699999974,-14.437417599999947],[-46.200255599999934,-14.403763099999935],[-46.20263099999994,-14.389430599999969],[-46.18096509999998,-14.304668399999969],[-46.19565739999996,-14.302106199999969],[-46.19577949999996,-14.291586999999936],[-46.183857899999964,-14.274702799999943],[-46.161019599999975,-14.274313699999936],[-46.13941239999997,-14.25937179999994],[-46.10206759999994,-14.270109899999966],[-46.08634829999994,-14.267416499999968],[-46.06009119999993,-14.23191799999995],[-46.05293649999993,-14.244790999999964],[-46.03099089999995,-14.249407099999928],[-46.026408499999945,-14.260908299999926],[-46.004521799999964,-14.254202999999961],[-45.991548199999954,-14.25915729999997],[-45.99756229999997,-14.277755799999966],[-45.98184039999995,-14.273508799999945],[-45.96255649999995,-14.286036499999966],[-45.95705119999997,-14.321398599999952],[-45.94221459999994,-14.343254999999942],[-45.932808199999954,-14.342360999999926],[-45.92823219999997,-14.35028959999994],[-45.915143299999954,-14.344644799999969],[-45.90715529999994,-14.355189799999948],[-45.93264289999996,-14.409859299999937],[-45.975806399999954,-14.434247999999968],[-46.01018369999997,-14.425695699999949],[-46.00007339999996,-14.446622199999979],[-46.01900309999996,-14.47207119999996],[-45.99608499999994,-14.48840599999994],[-46.000136199999986,-14.522742299999948],[-45.97530829999994,-14.538929799999949],[-45.991277199999956,-14.55478299999993],[-45.98525509999996,-14.578132599999947],[-45.997888399999965,-14.60357769999996],[-45.984398699999986,-14.621878699999968],[-45.99481429999997,-14.639656899999977],[-45.98951499999998,-14.658844999999928],[-45.99808779999995,-14.665407799999969],[-46.01051639999997,-14.662189999999953],[-46.02095259999993,-14.669918999999936],[-46.01538459999995,-14.645230899999945],[-46.06592529999995,-14.610362099999975],[-46.099571899999944,-14.620310999999958],[-46.12252769999998,-14.58688959999995],[-46.11103179999998,-14.562577199999964],[-46.123986499999944,-14.529998599999942],[-46.14367839999994,-14.517620299999976],[-46.15065989999994,-14.50076359999997],[-46.18525299999993,-14.48380659999998]]]}},{"id":"5460","type":"Feature","properties":{"COD_IBGE":"5212808","MUNICIPIO":"Mara Rosa","UF":"GO"},"geometry":{"type":"Polygon","coordinates":[[[-49.26012479999997,-13.948699099999942],[-49.25153719999997,-13.906841099999951],[-49.25802159999995,-13.89930069999997],[-49.23390639999997,-13.87098839999993],[-49.14102109999993,-13.860517499999958],[-49.11040079999998,-13.886757799999941],[-49.10989499999994,-13.940302599999939],[-49.09945779999998,-13.94139139999993],[-49.02383219999996,-13.88983559999997],[-48.99951159999995,-13.906231999999932],[-48.97123339999996,-13.904434199999969],[-48.93599169999993,-13.936300199999948],[-48.91891799999996,-13.942248999999947],[-48.881177399999956,-13.932637599999964],[-48.90184599999998,-13.957855499999937],[-48.92900049999997,-13.965630099999942],[-48.91529579999997,-13.985027699999932],[-48.915228499999955,-14.006848699999978],[-48.93875769999994,-14.016396999999927],[-48.955114099999946,-14.010951899999952],[-48.952940299999966,-14.02802349999996],[-48.96565019999997,-14.034997999999973],[-49.013926399999946,-14.025297399999943],[-49.015030999999965,-14.014690499999972],[-49.02544459999996,-14.011722299999974],[-49.039200999999935,-14.018414999999948],[-49.08522199999993,-14.011879499999964],[-49.08782219999995,-14.019767899999977],[-49.090914199999986,-14.011187899999982],[-49.108357499999954,-14.004611299999965],[-49.126439999999945,-14.023711599999956],[-49.137274299999945,-14.018724299999974],[-49.17458519999997,-14.024414799999931],[-49.18062679999997,-14.037325899999928],[-49.17310759999998,-14.050997999999936],[-49.17870709999994,-14.093428499999959],[-49.165490999999975,-14.104036199999939],[-49.175350899999955,-14.13093779999997],[-49.20318849999995,-14.097335699999974],[-49.21634149999994,-14.10396739999993],[-49.22755099999995,-14.126432999999963],[-49.21995799999996,-14.13977959999994],[-49.240902699999936,-14.15048889999997],[-49.23751189999996,-14.181102799999962],[-49.262652499999945,-14.213172399999962],[-49.27867149999997,-14.22083379999998],[-49.274845099999936,-14.183758699999942],[-49.281025899999975,-14.164367699999957],[-49.319424599999934,-14.131300299999964],[-49.36303719999995,-14.124785999999972],[-49.38932829999993,-14.084384899999975],[-49.38784549999997,-14.066822099999968],[-49.43582299999997,-14.06680659999995],[-49.445988399999976,-14.081075399999975],[-49.52101729999998,-14.08239679999997],[-49.55815519999993,-14.099402899999973],[-49.56633449999998,-14.096245299999964],[-49.572479999999985,-14.107646899999963],[-49.58391369999998,-14.109225299999935],[-49.59422909999995,-14.134707499999934],[-49.605445299999985,-14.137455399999965],[-49.62125889999999,-14.129005399999926],[-49.62456769999994,-14.107281999999941],[-49.63823709999997,-14.117908599999964],[-49.64417649999996,-14.106905099999949],[-49.65801389999996,-14.10730419999993],[-49.64548729999996,-14.093092899999931],[-49.68277479999995,-14.07402449999995],[-49.67971819999997,-14.059132899999952],[-49.710265499999934,-14.05568349999993],[-49.72678789999998,-14.073051599999928],[-49.744421399999965,-14.068707599999982],[-49.74401339999997,-14.082822799999974],[-49.75633309999995,-14.083102599999961],[-49.753058099999976,-14.070374799999968],[-49.75929919999993,-14.068160699999964],[-49.74499199999997,-14.04654789999995],[-49.769556799999975,-14.028945399999941],[-49.77283959999994,-14.012696099999971],[-49.78328659999994,-14.016058899999962],[-49.787320799999975,-14.001013799999953],[-49.79711269999996,-14.01708659999997],[-49.808581699999934,-14.008062799999948],[-49.79954099999998,-13.99214619999998],[-49.81154699999996,-13.986169999999959],[-49.79598359999994,-13.968618599999957],[-49.818173299999955,-13.95039399999996],[-49.834890299999984,-13.90357169999993],[-49.82567749999998,-13.910382199999958],[-49.811931899999934,-13.904867099999933],[-49.80496259999995,-13.88565019999993],[-49.77675689999995,-13.864659899999936],[-49.78017169999998,-13.847588199999961],[-49.75982419999997,-13.84803809999994],[-49.73119649999995,-13.861622099999977],[-49.70103689999996,-13.856310899999926],[-49.671603999999945,-13.83833199999998],[-49.62459439999998,-13.88551289999998],[-49.608200299999964,-13.916585099999963],[-49.52069129999995,-13.986885599999937],[-49.48226299999993,-13.975530299999946],[-49.45379349999996,-13.98604419999998],[-49.43690429999998,-13.978003299999955],[-49.41973449999995,-13.955420799999956],[-49.383414399999936,-13.961283599999945],[-49.372648899999945,-13.940959999999961],[-49.360024899999985,-13.94098329999997],[-49.36650019999996,-13.964042399999926],[-49.34853909999998,-13.982141099999978],[-49.34971989999997,-13.991248299999938],[-49.32992369999994,-13.98469149999994],[-49.32269409999998,-14.002469399999939],[-49.312657599999966,-13.993338799999947],[-49.29380579999997,-13.991872799999953],[-49.26012479999997,-13.948699099999942]]]}},{"id":"5461","type":"Feature","properties":{"COD_IBGE":"5212907","MUNICIPIO":"Marzagão","UF":"GO"},"geometry":{"type":"Polygon","coordinates":[[[-48.642884899999956,-17.93196919999997],[-48.619305699999984,-18.007035599999938],[-48.624180999999965,-18.01562999999993],[-48.631850499999985,-18.01350309999998],[-48.622352699999965,-18.03045099999997],[-48.63131789999994,-18.033245699999952],[-48.62671469999998,-18.04276699999997],[-48.65921909999997,-18.066169599999967],[-48.65475249999997,-18.086342499999944],[-48.69213259999998,-18.095182499999964],[-48.710159199999964,-18.086968199999944],[-48.736564499999986,-18.031101899999953],[-48.73166139999995,-18.025517799999932],[-48.73972949999995,-17.99245989999997],[-48.73250239999993,-17.98409829999997],[-48.76112919999997,-17.955020399999967],[-48.76553469999993,-17.934320999999954],[-48.743375499999956,-17.92155859999997],[-48.73436519999996,-17.92407899999995],[-48.70905799999997,-17.90170699999993],[-48.716728099999955,-17.851727299999936],[-48.685571299999935,-17.870827799999972],[-48.68752699999993,-17.888429299999927],[-48.642884899999956,-17.93196919999997]]]}},{"id":"5462","type":"Feature","properties":{"COD_IBGE":"5212956","MUNICIPIO":"Matrinchã","UF":"GO"},"geometry":{"type":"Polygon","coordinates":[[[-50.73650379999998,-15.493626899999981],[-50.76654359999998,-15.492205699999943],[-50.78082469999998,-15.479820599999982],[-50.78765599999997,-15.486825599999975],[-50.80290809999997,-15.48409259999994],[-50.81733839999998,-15.466567099999963],[-50.81578549999995,-15.471796199999972],[-50.84161149999994,-15.483273399999973],[-50.848416499999985,-15.502738699999952],[-50.86405399999995,-15.493595899999946],[-50.87283759999997,-15.497394199999974],[-50.879796699999986,-15.47181919999997],[-50.88917479999998,-15.47308049999998],[-50.88942979999996,-15.467172999999946],[-50.90848579999994,-15.473636699999929],[-50.92699699999997,-15.449065899999937],[-50.92632329999998,-15.439227899999935],[-50.93739709999994,-15.428750399999956],[-50.949564099999975,-15.434207799999967],[-50.95512579999996,-15.420781599999941],[-50.95917369999995,-15.42388879999993],[-50.964603299999965,-15.371035099999972],[-50.97538739999993,-15.356920499999944],[-50.98046889999995,-15.353092899999979],[-51.00041109999995,-15.365788099999975],[-51.00246069999997,-15.347671499999933],[-51.03316369999993,-15.344834599999956],[-51.034793399999955,-15.32347509999994],[-51.04749549999997,-15.311814699999957],[-51.042146799999955,-15.303827799999965],[-51.07062609999997,-15.271139799999958],[-51.06291509999994,-15.260775499999966],[-51.05489799999998,-15.26378909999994],[-51.05232509999996,-15.254552599999954],[-51.00216369999998,-15.328070599999933],[-50.94055879999996,-15.310802499999966],[-50.90718419999996,-15.31949069999996],[-50.903384899999935,-15.258690999999942],[-50.915318999999954,-15.225329999999929],[-50.912922099999946,-15.204120699999976],[-50.89859379999996,-15.227539799999931],[-50.87042479999997,-15.19599059999996],[-50.80104659999995,-15.202862399999958],[-50.74119349999995,-15.117289999999969],[-50.74181779999998,-15.091430399999979],[-50.76297509999995,-15.073959699999932],[-50.76227589999996,-15.059679599999981],[-50.77361399999995,-15.047910799999954],[-50.794658599999934,-15.038287199999957],[-50.79754099999997,-15.025050699999952],[-50.790926799999966,-15.021488499999975],[-50.77458859999996,-15.028252699999939],[-50.77470619999997,-15.038571399999967],[-50.765335799999946,-15.036312299999963],[-50.76903829999998,-15.042585199999962],[-50.74830689999993,-15.047608199999956],[-50.751148299999954,-15.059967399999948],[-50.73220289999995,-15.062313999999958],[-50.733021399999984,-15.072243699999945],[-50.71724629999994,-15.081289499999968],[-50.723499499999946,-15.083659499999953],[-50.72458729999994,-15.10629259999996],[-50.72143339999997,-15.116341199999965],[-50.711365299999954,-15.118051999999977],[-50.71759389999994,-15.121761699999979],[-50.71236589999995,-15.12923939999996],[-50.71685379999997,-15.149440199999958],[-50.74772139999993,-15.181811799999934],[-50.73792149999997,-15.203312599999947],[-50.740084399999944,-15.222632999999973],[-50.730964599999936,-15.22769139999997],[-50.73714049999995,-15.238292399999978],[-50.72912139999994,-15.25017029999998],[-50.732938899999965,-15.258963199999982],[-50.71974489999997,-15.282273399999951],[-50.732136699999955,-15.292347499999948],[-50.725501099999974,-15.300422699999956],[-50.73145199999993,-15.303746299999943],[-50.72337139999996,-15.317512799999975],[-50.70785499999994,-15.319604499999969],[-50.69082259999993,-15.373437099999933],[-50.66276879999998,-15.418362499999944],[-50.61767149999997,-15.45051239999998],[-50.60931759999994,-15.46605489999996],[-50.579917499999965,-15.475070599999981],[-50.55786429999995,-15.469096099999945],[-50.530655199999956,-15.41731939999994],[-50.51875199999995,-15.426066399999968],[-50.52840269999996,-15.454605499999957],[-50.53660019999995,-15.458520199999953],[-50.51698289999996,-15.545144899999968],[-50.53509789999998,-15.561909199999945],[-50.55642549999993,-15.56494609999993],[-50.562746499999946,-15.577439399999946],[-50.588723899999934,-15.56984129999995],[-50.61845809999994,-15.59849209999993],[-50.64932179999994,-15.594034999999963],[-50.65569969999996,-15.57579069999997],[-50.68000979999994,-15.574036699999965],[-50.73650379999998,-15.493626899999981]]]}},{"id":"5463","type":"Feature","properties":{"COD_IBGE":"5213004","MUNICIPIO":"Maurilândia","UF":"GO"},"geometry":{"type":"Polygon","coordinates":[[[-50.34437649999995,-17.942487299999982],[-50.32455739999995,-17.986776799999973],[-50.30789669999996,-17.990703999999937],[-50.30708119999997,-18.009484199999974],[-50.29660869999998,-17.99904239999995],[-50.28330719999997,-18.003248799999938],[-50.293728399999964,-18.014850099999933],[-50.290881999999954,-18.03012899999993],[-50.251010099999974,-18.031646999999964],[-50.22677689999995,-18.013890699999934],[-50.188365999999974,-18.06011069999994],[-50.223501099999964,-18.07911969999998],[-50.25294619999994,-18.070186499999977],[-50.25944739999994,-18.078488899999968],[-50.28164879999997,-18.078820699999937],[-50.30325669999996,-18.09292819999996],[-50.299747399999944,-18.099762299999952],[-50.31126969999997,-18.11420849999996],[-50.32630069999993,-18.116178499999933],[-50.340707399999985,-18.129362999999955],[-50.351891199999955,-18.157832799999937],[-50.35711239999995,-18.15958379999995],[-50.378183999999976,-18.154831499999943],[-50.39835759999994,-18.128470799999945],[-50.408087499999965,-18.12776619999994],[-50.435228999999936,-18.074309099999937],[-50.437901099999976,-18.05106449999994],[-50.50696359999995,-18.01834999999994],[-50.47908109999997,-17.998689999999954],[-50.468692499999975,-17.97606129999997],[-50.46815729999997,-17.95130419999998],[-50.44074669999998,-17.94128029999996],[-50.42020189999994,-17.946578399999964],[-50.40077689999998,-17.92771239999996],[-50.38549949999998,-17.93679149999997],[-50.37214819999997,-17.93224189999995],[-50.36024939999999,-17.947414999999978],[-50.34437649999995,-17.942487299999982]]]}},{"id":"5464","type":"Feature","properties":{"COD_IBGE":"5213053","MUNICIPIO":"Mimoso de Goiás","UF":"GO"},"geometry":{"type":"Polygon","coordinates":[[[-48.05778499999997,-14.911408499999936],[-48.04527079999997,-14.924803399999973],[-48.04470809999998,-14.948056099999974],[-48.035493299999985,-14.959430999999938],[-48.039982899999984,-14.966301299999941],[-48.05100489999995,-14.962154599999963],[-48.04841479999993,-14.98030719999997],[-48.05910039999998,-14.990129499999966],[-48.062746499999946,-15.023554699999977],[-48.054686699999934,-15.031085899999937],[-48.056213499999956,-15.052380899999946],[-48.08283309999996,-15.083352799999943],[-48.072500899999966,-15.090802899999971],[-48.08568479999997,-15.09984309999993],[-48.085501599999986,-15.110513099999935],[-48.09732249999996,-15.112277499999948],[-48.08994289999998,-15.119247599999937],[-48.09019299999994,-15.136289399999953],[-48.11372149999994,-15.153504999999939],[-48.13020659999995,-15.136019999999974],[-48.146182299999964,-15.143084999999928],[-48.15335309999995,-15.135263399999928],[-48.16221029999997,-15.14627239999993],[-48.169028099999935,-15.139567899999975],[-48.18187939999996,-15.14182089999997],[-48.19887649999998,-15.126216299999953],[-48.21254749999997,-15.125225099999966],[-48.21464529999997,-15.112678999999957],[-48.219136799999944,-15.121783599999958],[-48.23185639999997,-15.119510099999957],[-48.22702869999995,-15.126705999999956],[-48.24685359999995,-15.127654699999937],[-48.27231999999998,-15.107387199999948],[-48.286531199999956,-15.100583299999983],[-48.28617459999998,-15.112044199999957],[-48.305115899999976,-15.095814799999971],[-48.30543049999994,-15.112581499999976],[-48.31603469999993,-15.10270479999997],[-48.322091299999954,-15.112841499999945],[-48.32795029999994,-15.102118099999927],[-48.33938929999994,-15.10722629999998],[-48.33867799999996,-15.095921699999963],[-48.35545459999997,-15.105899499999964],[-48.35427729999998,-15.096417999999971],[-48.360529199999974,-15.099567099999945],[-48.365629299999966,-15.090048299999978],[-48.400442199999986,-15.098372599999948],[-48.40539849999993,-15.105898499999967],[-48.422229699999946,-15.086348199999975],[-48.42815889999997,-15.097040599999957],[-48.48673169999995,-15.116752499999961],[-48.487390999999946,-15.12885689999996],[-48.505595599999936,-15.143398199999979],[-48.49894819999997,-15.151816599999961],[-48.51201529999997,-15.161473099999967],[-48.51427219999994,-15.155363999999963],[-48.531936299999984,-15.162334199999975],[-48.54482219999994,-15.175099399999965],[-48.547239299999944,-15.166233699999964],[-48.556885799999975,-15.172671299999934],[-48.55614819999994,-15.165456399999982],[-48.56169349999993,-15.168111499999952],[-48.57000149999993,-15.157686399999932],[-48.57181049999997,-15.17071539999995],[-48.58686669999997,-15.153376899999955],[-48.60654679999993,-15.150131199999976],[-48.61274989999998,-15.155991899999947],[-48.630753399999946,-15.10890379999995],[-48.63830079999997,-15.110382899999934],[-48.643183599999986,-15.097522199999958],[-48.646446099999935,-15.10535249999998],[-48.654082399999936,-15.10034769999993],[-48.643061999999986,-15.08873879999993],[-48.657136299999934,-15.044904699999961],[-48.63525439999995,-15.04100539999996],[-48.64409969999997,-15.030451899999946],[-48.63794089999993,-15.02384479999995],[-48.632473199999936,-15.03138389999998],[-48.624028399999986,-15.022003499999983],[-48.612288399999954,-15.025643299999956],[-48.614254899999935,-15.017308599999978],[-48.60703579999995,-15.01904559999997],[-48.59789109999997,-15.007044299999961],[-48.61102269999998,-15.002398899999946],[-48.60651119999994,-14.992244299999982],[-48.58841449999994,-14.999776499999939],[-48.57476099999997,-14.994912799999952],[-48.57238099999995,-15.00786469999997],[-48.555196999999964,-15.01574359999995],[-48.54722529999998,-15.00573479999997],[-48.52058129999995,-15.01667569999995],[-48.50286099999994,-15.002124099999946],[-48.498468299999956,-14.983588899999972],[-48.48009149999996,-14.986939199999938],[-48.47505879999994,-14.96461789999995],[-48.428311399999984,-14.94831709999994],[-48.42251269999997,-14.93417119999998],[-48.38018949999997,-14.94519589999993],[-48.35454639999995,-14.907425699999976],[-48.33732209999994,-14.912107599999956],[-48.32513769999997,-14.897732499999961],[-48.293037399999946,-14.903516899999943],[-48.25582549999996,-14.874824199999978],[-48.23628899999994,-14.882061799999974],[-48.18331639999997,-14.848280699999975],[-48.14681509999997,-14.853869999999972],[-48.13760419999994,-14.846797799999933],[-48.100019299999985,-14.848993599999972],[-48.08099869999995,-14.862995299999966],[-48.08444919999994,-14.879149999999981],[-48.093399799999986,-14.883268899999962],[-48.08100589999998,-14.893378199999972],[-48.08241559999993,-14.903674299999977],[-48.05778499999997,-14.911408499999936]]]}},{"id":"5465","type":"Feature","properties":{"COD_IBGE":"5213087","MUNICIPIO":"Minaçu","UF":"GO"},"geometry":{"type":"Polygon","coordinates":[[[-48.18319459999998,-13.480149199999971],[-48.16339199999993,-13.476737399999934],[-48.15646309999994,-13.497113899999931],[-48.13054459999995,-13.505105199999946],[-48.14066289999994,-13.548402799999963],[-48.10752709999997,-13.540357099999937],[-48.09119419999996,-13.552524399999982],[-48.109448199999974,-13.563792499999977],[-48.11117749999994,-13.617195699999968],[-48.14462759999998,-13.658364499999948],[-48.140862099999936,-13.68603429999996],[-48.147451099999955,-13.703299699999945],[-48.13788869999996,-13.754738699999962],[-48.155015499999934,-13.773503399999981],[-48.17236789999998,-13.772557099999972],[-48.18034929999993,-13.783429399999932],[-48.18830729999996,-13.78248739999998],[-48.20763809999994,-13.82215969999993],[-48.247941899999944,-13.85837179999993],[-48.29207169999995,-13.831157799999971],[-48.320167899999944,-13.84581819999994],[-48.33588179999998,-13.836711999999977],[-48.33757899999995,-13.853142499999933],[-48.34861889999996,-13.862266599999941],[-48.361559099999965,-13.84846959999993],[-48.35949629999993,-13.83630409999995],[-48.37309349999998,-13.827057499999967],[-48.36901059999997,-13.823568499999965],[-48.385227499999985,-13.821084699999972],[-48.37744709999998,-13.80201569999997],[-48.39186879999994,-13.798663499999975],[-48.40446369999995,-13.778593199999932],[-48.41946909999996,-13.776512299999979],[-48.41580989999994,-13.768295699999953],[-48.43772779999995,-13.759410499999944],[-48.43373799999995,-13.728578299999981],[-48.45529419999997,-13.708973799999967],[-48.42879919999996,-13.701129499999979],[-48.445344199999965,-13.698069699999962],[-48.466947199999936,-13.663702399999977],[-48.45625839999997,-13.606930099999943],[-48.51163049999997,-13.614532999999938],[-48.533338199999946,-13.596059999999966],[-48.55942079999994,-13.60143389999996],[-48.555906999999934,-13.592117899999948],[-48.56282229999994,-13.591879799999958],[-48.581883199999936,-13.610191199999974],[-48.580161799999985,-13.626242899999966],[-48.61569459999998,-13.634562199999948],[-48.62899189999996,-13.619763199999966],[-48.643409099999985,-13.618586799999946],[-48.66259889999998,-13.632073599999956],[-48.66193389999995,-13.645704399999943],[-48.67510719999996,-13.637567099999956],[-48.70141589999997,-13.63854619999995],[-48.687129599999935,-13.59442919999998],[-48.66822209999998,-13.59315719999995],[-48.64666429999994,-13.57758089999993],[-48.62690939999993,-13.535338799999977],[-48.61129909999994,-13.532658999999967],[-48.587113099999954,-13.511671699999965],[-48.56943899999993,-13.45786419999996],[-48.53910929999995,-13.454867999999976],[-48.546846699999946,-13.435213099999942],[-48.56472569999994,-13.432666499999982],[-48.56844879999994,-13.41858549999995],[-48.57977559999995,-13.421852299999955],[-48.58196849999996,-13.413475799999958],[-48.559398199999976,-13.390716399999974],[-48.569659599999966,-13.326961599999947],[-48.58007999999995,-13.313260399999933],[-48.57024339999998,-13.302219499999978],[-48.55359249999998,-13.302633399999934],[-48.55375209999994,-13.203545099999928],[-48.529958299999976,-13.191895899999963],[-48.516783499999974,-13.139115699999934],[-48.49465379999998,-13.136882499999956],[-48.47979269999996,-13.15267289999997],[-48.47719839999996,-13.139695299999971],[-48.469964699999935,-13.137309799999969],[-48.47822069999995,-13.193927999999971],[-48.47177919999996,-13.205810399999962],[-48.47554569999994,-13.234960099999967],[-48.456849799999986,-13.24806929999994],[-48.460099699999944,-13.281273099999964],[-48.446132199999965,-13.283492499999966],[-48.44190889999993,-13.29234219999995],[-48.430046999999945,-13.27117759999993],[-48.41698279999997,-13.275388199999952],[-48.40798259999997,-13.267222199999935],[-48.39062779999995,-13.26818899999995],[-48.38974459999997,-13.26091649999995],[-48.385484099999985,-13.266282199999978],[-48.36211489999994,-13.24295049999995],[-48.340112499999975,-13.248257799999976],[-48.34226259999997,-13.228202599999975],[-48.31744269999996,-13.228903899999978],[-48.30795359999996,-13.23722209999994],[-48.30915859999993,-13.227275899999938],[-48.28857709999994,-13.216278799999941],[-48.288040199999955,-13.20481019999994],[-48.276570299999946,-13.19994639999993],[-48.27940199999995,-13.207691699999941],[-48.265337699999975,-13.206251099999974],[-48.262545399999965,-13.197636199999977],[-48.25014209999995,-13.196939099999952],[-48.231622399999935,-13.169156399999963],[-48.19360399999994,-13.173034299999927],[-48.19639269999993,-13.162339999999972],[-48.18728889999994,-13.15355059999996],[-48.172993099999985,-13.148016199999972],[-48.16452519999996,-13.158275899999978],[-48.143659199999945,-13.15247249999993],[-48.16592369999995,-13.189299799999958],[-48.152688799999964,-13.217974699999957],[-48.16890119999994,-13.239878799999929],[-48.157196099999965,-13.250005899999962],[-48.15321449999993,-13.278311299999928],[-48.17085089999995,-13.312299499999938],[-48.164069799999936,-13.335233999999957],[-48.17103799999995,-13.367802499999982],[-48.14726879999995,-13.380872799999963],[-48.14618589999998,-13.434966199999963],[-48.15961699999997,-13.44865859999993],[-48.17042569999995,-13.447935899999948],[-48.17986769999993,-13.420273899999927],[-48.18804739999996,-13.42235089999997],[-48.18968679999995,-13.455859399999952],[-48.19877189999994,-13.47106999999994],[-48.18319459999998,-13.480149199999971]]]}},{"id":"5466","type":"Feature","properties":{"COD_IBGE":"5213103","MUNICIPIO":"Mineiros","UF":"GO"},"geometry":{"type":"MultiPolygon","coordinates":[[[[-52.53300309999997,-17.09051359999995],[-52.50004119999994,-17.16903439999993],[-52.51129359999993,-17.209170899999947],[-52.49887759999996,-17.22748669999993],[-52.49187649999993,-17.26220239999998],[-52.48008799999997,-17.246362499999975],[-52.468647499999975,-17.246967299999937],[-52.448503899999935,-17.25954889999997],[-52.44452049999995,-17.283278999999936],[-52.423287899999934,-17.284463199999948],[-52.40940959999995,-17.262864699999966],[-52.39227089999997,-17.257716499999958],[-52.349915399999986,-17.30287069999997],[-52.33733829999994,-17.293112599999972],[-52.29464199999995,-17.30114519999995],[-52.262850199999946,-17.327372399999945],[-52.24593269999997,-17.316349799999955],[-52.20598219999994,-17.321130099999948],[-52.17441649999995,-17.30696309999996],[-52.151202499999954,-17.32229069999994],[-52.14593609999997,-17.35578879999997],[-52.105093099999976,-17.381653899999947],[-52.10861879999993,-17.388490099999956],[-52.098482299999944,-17.400778599999967],[-52.10607189999996,-17.418033299999934],[-52.116205099999945,-17.411743299999955],[-52.131728899999985,-17.416451699999982],[-52.13575679999997,-17.427141199999937],[-52.15612439999995,-17.427476199999944],[-52.16119859999998,-17.438017699999932],[-52.187634799999955,-17.431353399999978],[-52.19509769999996,-17.440782199999944],[-52.205938199999935,-17.421715399999982],[-52.219149699999946,-17.416856399999972],[-52.21096669999997,-17.406011399999954],[-52.22019259999996,-17.40561669999994],[-52.22423969999994,-17.391620099999955],[-52.26314559999997,-17.40199649999994],[-52.26927899999998,-17.386644399999966],[-52.28859139999997,-17.374938699999973],[-52.28353979999997,-17.363113299999952],[-52.29000019999995,-17.361879899999963],[-52.29445029999994,-17.34279609999993],[-52.30368409999994,-17.348405199999945],[-52.32746389999994,-17.333064299999933],[-52.38030289999995,-17.327500199999974],[-52.39962439999994,-17.33472089999998],[-52.42933829999998,-17.322928599999955],[-52.45350029999997,-17.32778879999995],[-52.473836999999946,-17.32229019999994],[-52.48788609999997,-17.338371699999982],[-52.51370379999997,-17.34943089999996],[-52.52852519999993,-17.369997799999965],[-52.485366099999965,-17.396621799999934],[-52.48045099999996,-17.40944829999995],[-52.455955899999935,-17.404656399999965],[-52.43092309999997,-17.420172999999977],[-52.36673719999993,-17.425338099999976],[-52.36587449999996,-17.45301079999996],[-52.37912229999995,-17.482537499999978],[-52.36980399999993,-17.515023799999938],[-52.34396829999997,-17.52691989999994],[-52.30834489999995,-17.56377989999993],[-52.30123499999996,-17.612017999999978],[-52.25318999999996,-17.638384299999927],[-52.24594369999994,-17.653336799999977],[-52.21389709999994,-17.676510699999938],[-52.21309359999998,-17.68424509999994],[-52.23642049999995,-17.70193379999995],[-52.23095239999998,-17.715432299999975],[-52.243621099999984,-17.72748779999995],[-52.23614749999996,-17.74353259999998],[-52.22042189999996,-17.753677799999934],[-52.22722649999997,-17.774343399999964],[-52.27575509999997,-17.77544469999998],[-52.26706779999995,-17.797192699999982],[-52.22569649999997,-17.803882999999928],[-52.22368209999996,-17.812764799999968],[-52.23788639999998,-17.817503099999954],[-52.26191849999998,-17.84416099999993],[-52.314376599999946,-17.83068019999996],[-52.35204259999995,-17.855124599999954],[-52.36094099999997,-17.855611599999975],[-52.36418159999994,-17.841000299999962],[-52.37404369999996,-17.84270719999995],[-52.373181399999964,-17.830595899999935],[-52.38587129999996,-17.838682999999946],[-52.38635499999998,-17.824512099999936],[-52.428845999999965,-17.871228299999927],[-52.46701299999995,-17.88034769999996],[-52.50090419999998,-17.917022799999927],[-52.54085639999994,-17.905263499999933],[-52.58036849999996,-17.913458899999966],[-52.59325599999994,-17.931105999999943],[-52.65869779999997,-17.958330799999942],[-52.66593839999996,-17.97873569999996],[-52.68277139999998,-17.969983399999933],[-52.71182739999995,-17.97146379999998],[-52.78256909999993,-18.07044469999994],[-52.82079079999994,-18.31072489999997],[-52.87320669999997,-18.314833499999963],[-52.95417539999994,-18.296578499999953],[-53.013938199999984,-18.326139099999978],[-53.02482209999994,-18.35060489999995],[-53.06993579999994,-18.342879799999935],[-53.10115239999993,-18.310831099999973],[-53.11018759999996,-18.219563299999948],[-53.12973809999994,-18.160702499999957],[-53.143239999999935,-18.08183669999994],[-53.12365169999998,-18.05882829999996],[-53.07571139999993,-18.05079539999997],[-53.06474939999998,-17.984536599999956],[-53.08756029999995,-17.943523699999957],[-53.12656769999995,-17.915421099999946],[-53.12272489999998,-17.898274699999945],[-53.13865499999997,-17.863963599999977],[-53.13161279999997,-17.83552629999997],[-53.15989399999995,-17.79603119999996],[-53.15537159999997,-17.785218199999974],[-53.164126599999975,-17.765537799999947],[-53.17243079999997,-17.76537159999998],[-53.172068999999965,-17.756931099999974],[-53.19734489999996,-17.72924299999994],[-53.23514749999998,-17.713576099999955],[-53.23550319999998,-17.69359609999998],[-53.24427989999998,-17.689949499999955],[-53.236927099999946,-17.667327299999954],[-53.24763709999996,-17.648042799999928],[-53.24716539999997,-17.60506639999994],[-53.239715399999966,-17.599999599999933],[-53.22336569999993,-17.61236619999994],[-53.195334199999934,-17.61084699999998],[-53.16989119999994,-17.628769099999943],[-53.16261289999994,-17.644593999999927],[-53.12903339999997,-17.647283499999958],[-53.11364359999993,-17.66273929999994],[-53.06774169999994,-17.66510859999994],[-53.179472499999974,-17.550886699999978],[-53.17574959999996,-17.523624799999936],[-53.16068949999993,-17.50612949999993],[-53.14625739999997,-17.500669999999957],[-53.133703899999944,-17.505470799999955],[-53.101928199999975,-17.45380899999998],[-53.09797179999998,-17.41690449999993],[-53.07773949999995,-17.38640479999998],[-53.086527599999954,-17.37623709999997],[-53.08911999999998,-17.38174859999998],[-53.09654409999996,-17.379281999999932],[-53.090039899999965,-17.365214699999967],[-53.07012539999994,-17.37116919999994],[-53.04793579999995,-17.366164499999968],[-53.036969399999975,-17.348445599999934],[-52.97702259999994,-17.32072439999996],[-52.96683329999996,-17.30773549999998],[-52.93284059999996,-17.30695529999997],[-52.886441899999966,-17.28246379999996],[-52.893340799999976,-17.25445919999993],[-52.91495709999998,-17.240423499999963],[-52.92757769999997,-17.216978799999936],[-52.915213499999936,-17.19089249999996],[-52.92281499999996,-17.151918399999943],[-52.94722879999995,-17.130282999999963],[-52.942657699999984,-17.11733709999993],[-52.95218229999995,-17.118802399999936],[-52.972240099999965,-17.074270199999944],[-52.96613679999996,-17.069950199999937],[-52.969805099999974,-17.053072999999927],[-52.951513699999964,-17.025010599999973],[-52.961072599999966,-16.970906199999945],[-52.94635199999993,-16.96196059999994],[-52.94700119999993,-16.947456099999954],[-52.91927049999998,-16.947189299999934],[-52.90775209999998,-16.93263449999995],[-52.92863169999998,-16.88228479999998],[-52.91406269999993,-16.855953399999976],[-52.92122029999996,-16.83347269999996],[-52.93109359999994,-16.836975699999982],[-52.92912309999997,-16.82714089999996],[-52.94453459999994,-16.812319099999968],[-52.932784099999935,-16.803082099999926],[-52.92619039999994,-16.80573709999993],[-52.927006699999936,-16.81882559999997],[-52.90850549999993,-16.810899499999948],[-52.90687779999996,-16.79855189999995],[-52.88935719999995,-16.789579599999968],[-52.89383699999996,-16.78450339999995],[-52.88064349999996,-16.77559569999994],[-52.86658659999995,-16.780933699999935],[-52.861929499999974,-16.768803399999967],[-52.826588399999935,-16.774427999999943],[-52.83744989999997,-16.815492499999948],[-52.82935439999994,-16.81158419999997],[-52.82148029999996,-16.82212459999994],[-52.82992019999995,-16.848397999999975],[-52.815313499999945,-16.863332199999945],[-52.82896199999993,-16.87863699999997],[-52.820865599999934,-16.886979099999962],[-52.82456659999997,-16.895494799999938],[-52.80142369999999,-16.907160199999964],[-52.78733579999994,-16.905841799999962],[-52.76253609999998,-16.93853839999997],[-52.74663849999996,-16.94262269999996],[-52.75305539999994,-16.950971299999935],[-52.743562699999984,-16.961458799999946],[-52.72976559999995,-16.952957699999956],[-52.72240399999998,-16.96560839999995],[-52.71519239999998,-16.959248499999944],[-52.69370399999997,-16.96895319999993],[-52.669375799999955,-16.968866999999932],[-52.66825229999995,-16.96240709999995],[-52.63108059999996,-16.96480299999996],[-52.63031749999993,-16.971703299999945],[-52.617619899999966,-16.966571899999963],[-52.60946569999999,-16.975535899999954],[-52.61438549999997,-16.989755299999956],[-52.633977899999934,-17.002746799999954],[-52.641043199999956,-16.99938609999998],[-52.637819699999966,-17.01029189999997],[-52.613660299999935,-17.02153579999998],[-52.620434699999976,-17.026066999999955],[-52.60444339999998,-17.045828299999982],[-52.58628489999995,-17.040877499999965],[-52.57737359999993,-17.05230249999994],[-52.56958229999998,-17.05003279999994],[-52.54561339999998,-17.06510529999997],[-52.55107199999998,-17.083284299999946],[-52.53300309999997,-17.09051359999995]],[[-52.52210149999996,-17.342558699999927],[-52.60958009999996,-17.32836939999993],[-52.62174769999996,-17.311981799999955],[-52.61911639999994,-17.29937119999994],[-52.634357199999954,-17.292290799999932],[-52.63418059999998,-17.26828439999997],[-52.64970859999994,-17.25098829999996],[-52.64609859999996,-17.244054499999947],[-52.65734249999997,-17.24111469999997],[-52.68388449999998,-17.20073069999995],[-52.69081859999994,-17.202810899999974],[-52.69782219999996,-17.21678499999996],[-52.72745599999996,-17.22053219999998],[-52.742219999999975,-17.23471139999998],[-52.74299099999996,-17.24611679999998],[-52.77058669999997,-17.261589799999967],[-52.77853619999996,-17.278365599999972],[-52.81184829999995,-17.288167999999928],[-52.81605099999996,-17.29782149999994],[-52.80254099999996,-17.317979699999967],[-52.806249299999934,-17.343973799999958],[-52.86294179999993,-17.39924819999993],[-52.89208199999996,-17.41135639999993],[-52.88502259999996,-17.47689379999997],[-52.847978499999954,-17.430182099999968],[-52.76839629999995,-17.41998639999997],[-52.734546999999964,-17.424019999999928],[-52.72764459999996,-17.43327949999997],[-52.67332529999993,-17.450821899999937],[-52.65569199999993,-17.433048999999983],[-52.64137109999996,-17.465909499999952],[-52.63047789999996,-17.464120299999934],[-52.62477459999997,-17.44865599999997],[-52.60188229999994,-17.43045909999995],[-52.59788669999995,-17.409108999999944],[-52.554319299999975,-17.403845199999978],[-52.52210149999996,-17.342558699999927]]],[[[-52.91276749999997,-18.641979799999945],[-52.91765749999996,-18.615240899999947],[-52.93987109999995,-18.613262599999928],[-52.93445359999998,-18.59911219999998],[-52.96492719999998,-18.550028899999973],[-52.96235139999993,-18.54081969999993],[-52.94251099999997,-18.517030699999964],[-52.915760499999976,-18.508902899999953],[-52.906784399999935,-18.48551299999997],[-52.88095729999998,-18.46549269999997],[-52.87329369999998,-18.426791599999945],[-52.83848599999993,-18.42363249999994],[-52.87340599999993,-18.645865899999933],[-52.91276749999997,-18.641979799999945]]]]}},{"id":"5467","type":"Feature","properties":{"COD_IBGE":"5213400","MUNICIPIO":"Moiporá","UF":"GO"},"geometry":{"type":"Polygon","coordinates":[[[-50.74454549999996,-16.588801299999943],[-50.77952179999994,-16.591111599999977],[-50.79463919999995,-16.571506899999974],[-50.80260279999993,-16.57594679999994],[-50.810167099999944,-16.56383889999995],[-50.799663599999974,-16.556978699999945],[-50.798594899999955,-16.53201919999998],[-50.818330799999956,-16.509097699999927],[-50.84677599999998,-16.511026399999935],[-50.86000909999996,-16.482654499999967],[-50.87638499999997,-16.526102699999967],[-50.883613699999955,-16.528215599999953],[-50.91858689999998,-16.526702299999954],[-50.94105979999995,-16.50422659999998],[-50.97001499999993,-16.501476699999955],[-50.98013659999998,-16.465753399999926],[-50.96846309999995,-16.459403899999927],[-50.96488409999995,-16.420146399999965],[-50.94721069999997,-16.398172199999976],[-50.92023909999995,-16.399273599999958],[-50.87844779999995,-16.43481289999994],[-50.85594459999999,-16.44307129999993],[-50.842057899999986,-16.47282089999993],[-50.82875269999994,-16.470141299999966],[-50.79382789999994,-16.50179849999995],[-50.77203059999994,-16.510180599999956],[-50.77741649999996,-16.498559599999965],[-50.756068899999946,-16.458414199999936],[-50.70632279999995,-16.444725499999947],[-50.70271649999995,-16.414170299999967],[-50.682818399999974,-16.41626279999997],[-50.681569499999966,-16.40667819999993],[-50.674361999999974,-16.407786999999928],[-50.675553099999945,-16.44636369999995],[-50.68223859999995,-16.450886499999967],[-50.659985699999936,-16.44903789999995],[-50.659005399999955,-16.48905089999994],[-50.64369349999998,-16.497288699999956],[-50.64632309999996,-16.50699439999994],[-50.62830889999998,-16.510900499999934],[-50.63515789999997,-16.50330789999998],[-50.631257199999936,-16.494236499999943],[-50.62410749999998,-16.50921059999996],[-50.61465679999998,-16.510183799999936],[-50.619370799999956,-16.496784299999945],[-50.60542689999994,-16.493480099999942],[-50.601799599999936,-16.520892999999944],[-50.613234199999965,-16.584361999999942],[-50.61941559999997,-16.592783999999938],[-50.65289359999997,-16.59293669999994],[-50.65994539999997,-16.614511999999934],[-50.69976349999996,-16.62097959999994],[-50.71693019999998,-16.60587069999997],[-50.717885499999966,-16.59317479999993],[-50.739082199999984,-16.582986499999947],[-50.74454549999996,-16.588801299999943]]]}},{"id":"5468","type":"Feature","properties":{"COD_IBGE":"5213509","MUNICIPIO":"Monte Alegre de Goiás","UF":"GO"},"geometry":{"type":"Polygon","coordinates":[[[-46.948225699999966,-13.560608899999977],[-46.96855819999996,-13.554692099999954],[-46.98014829999994,-13.560300499999926],[-46.987469199999964,-13.549545199999955],[-47.02662789999994,-13.541758699999946],[-47.03569349999998,-13.52864539999996],[-47.05094279999997,-13.526150599999937],[-47.08407459999995,-13.48630479999997],[-47.06977479999995,-13.467175299999951],[-47.076120999999944,-13.457310699999937],[-47.06697699999995,-13.446687699999927],[-47.10135749999995,-13.431644999999946],[-47.12673309999997,-13.439804099999947],[-47.15035629999994,-13.411726399999964],[-47.19737399999997,-13.452481999999975],[-47.259815999999944,-13.449370199999976],[-47.33045889999994,-13.38047869999997],[-47.327500499999985,-13.360158999999953],[-47.35242039999997,-13.346549099999947],[-47.346996399999966,-13.316515799999934],[-47.372843899999964,-13.294339099999945],[-47.37724039999995,-13.282564099999945],[-47.371330599999965,-13.273423299999934],[-47.39294049999995,-13.26240329999996],[-47.39449899999994,-13.246266499999933],[-47.37253489999995,-13.228500699999927],[-47.35314409999995,-13.249278299999958],[-47.33818519999994,-13.246350899999982],[-47.32370169999996,-13.258259499999951],[-47.29580859999993,-13.248501999999974],[-47.28183599999994,-13.265029199999958],[-47.267550599999936,-13.24794129999998],[-47.26839789999997,-13.237447599999939],[-47.24859399999997,-13.229520399999956],[-47.25237929999997,-13.212608799999941],[-47.23377859999994,-13.205154999999934],[-47.22961379999998,-13.194738399999949],[-47.18374099999994,-13.187446799999975],[-47.175450499999954,-13.19472849999994],[-47.184366599999976,-13.204025099999967],[-47.16925699999996,-13.210733599999969],[-47.13696769999996,-13.204812699999934],[-47.133804699999985,-13.189039199999968],[-47.14077619999995,-13.187049099999967],[-47.13246949999996,-13.178052399999956],[-47.10848749999997,-13.171822299999974],[-47.105433999999946,-13.181124699999941],[-47.09746359999997,-13.17129099999994],[-47.08791949999994,-13.18183229999994],[-47.07995469999997,-13.177219999999977],[-47.085403499999984,-13.171733599999982],[-47.08029359999995,-13.16187599999995],[-47.06922229999998,-13.155662499999949],[-47.055132199999946,-13.159572699999956],[-47.023176199999966,-13.141586699999948],[-47.019451699999934,-13.145917699999927],[-47.007839299999944,-13.138636599999927],[-47.002098899999964,-13.121684799999969],[-46.98782939999995,-13.12163419999996],[-46.979015699999934,-13.131767199999956],[-46.978351499999974,-13.12117399999994],[-46.92874439999997,-13.093457299999955],[-46.928623899999934,-13.082348199999956],[-46.87953219999997,-13.048857899999973],[-46.877797199999975,-13.061994399999946],[-46.84965729999993,-13.07170039999994],[-46.83298469999994,-13.064598899999964],[-46.82834079999998,-13.069569699999931],[-46.82232069999998,-13.05743259999997],[-46.80324079999997,-13.085360799999933],[-46.764128899999946,-13.09045889999993],[-46.73559199999994,-13.108375799999976],[-46.73169629999995,-13.102399099999957],[-46.71536749999996,-13.104734099999973],[-46.70663319999994,-13.08042359999996],[-46.672447999999974,-13.060718099999974],[-46.62205809999995,-13.067743899999982],[-46.60509079999997,-13.039508199999943],[-46.57654749999995,-13.042829599999948],[-46.55647219999997,-13.025907999999959],[-46.502399399999945,-13.004916499999979],[-46.45420489999998,-13.019499399999972],[-46.45874679999997,-13.034372699999949],[-46.44856649999997,-13.037876599999947],[-46.454474999999945,-13.066650099999947],[-46.50646419999998,-13.097085799999945],[-46.524339699999985,-13.143895799999939],[-46.52889879999998,-13.14017229999996],[-46.53111379999996,-13.155407699999955],[-46.557709999999986,-13.185514099999978],[-46.589948799999945,-13.213835399999937],[-46.606524699999966,-13.212287299999957],[-46.61606509999996,-13.224887599999931],[-46.629030899999975,-13.220461599999965],[-46.64698699999997,-13.237063999999975],[-46.682817899999975,-13.242659999999944],[-46.678544699999975,-13.252541299999962],[-46.68605229999997,-13.260745099999951],[-46.67653819999998,-13.284059799999966],[-46.68943169999994,-13.29783219999996],[-46.703544799999975,-13.29821279999993],[-46.70977639999995,-13.326076299999954],[-46.69596799999994,-13.353721399999927],[-46.69919079999994,-13.369571899999926],[-46.715635099999986,-13.387911599999939],[-46.734001999999975,-13.386376999999982],[-46.73129839999996,-13.396972499999947],[-46.750500099999954,-13.410941199999968],[-46.74592819999998,-13.425763699999948],[-46.76163599999995,-13.43606589999996],[-46.76260479999996,-13.44801659999996],[-46.77015699999998,-13.446451199999956],[-46.76256349999994,-13.466054099999951],[-46.77206819999998,-13.47889559999993],[-46.762081799999976,-13.481177999999943],[-46.769849299999976,-13.487752799999953],[-46.765800799999965,-13.497239599999943],[-46.77958829999994,-13.497364799999957],[-46.783843899999965,-13.508418899999981],[-46.77623129999995,-13.520183199999963],[-46.78318779999995,-13.531951299999946],[-46.773583299999984,-13.52816619999993],[-46.772006199999964,-13.53863709999996],[-46.78817049999998,-13.549864699999944],[-46.78102499999994,-13.565442099999927],[-46.791700599999956,-13.591259399999956],[-46.81571629999996,-13.586878199999944],[-46.82155839999996,-13.59393719999997],[-46.83426499999996,-13.587751899999944],[-46.84581819999994,-13.613276799999937],[-46.86142789999997,-13.613508899999943],[-46.86522579999996,-13.602771399999938],[-46.88485509999998,-13.604630699999973],[-46.90530719999998,-13.585173699999928],[-46.92792769999994,-13.59122709999997],[-46.948225699999966,-13.560608899999977]]]}},{"id":"5469","type":"Feature","properties":{"COD_IBGE":"5213707","MUNICIPIO":"Montes Claros de Goiás","UF":"GO"},"geometry":{"type":"Polygon","coordinates":[[[-51.30446509999996,-15.956734899999958],[-51.28630769999995,-15.956668399999955],[-51.267889999999966,-15.97491569999994],[-51.23851069999995,-15.963375799999937],[-51.236287999999945,-15.993213099999934],[-51.20788449999998,-16.00256559999997],[-51.21837849999997,-16.02732839999993],[-51.20178699999997,-16.06573629999997],[-51.22808569999995,-16.092352199999937],[-51.233734599999934,-16.12072829999994],[-51.226766199999986,-16.130401399999982],[-51.257860999999934,-16.184797599999968],[-51.26938699999994,-16.169126199999937],[-51.280616899999984,-16.166539799999953],[-51.29904479999993,-16.186788299999932],[-51.30825159999995,-16.212072599999942],[-51.323092299999985,-16.19466719999997],[-51.36245139999994,-16.210553199999936],[-51.370675699999936,-16.18986629999995],[-51.379854999999964,-16.188055599999927],[-51.38919189999996,-16.18850139999995],[-51.404652899999974,-16.206911799999943],[-51.42660369999993,-16.207253299999934],[-51.432057199999974,-16.20045879999998],[-51.43476969999995,-16.207313299999953],[-51.446065799999985,-16.186223299999938],[-51.42375709999993,-16.165652299999977],[-51.44246409999994,-16.157015499999943],[-51.44042659999997,-16.144314399999928],[-51.46223869999994,-16.123045099999956],[-51.470250299999975,-16.12434909999996],[-51.47528959999994,-16.11101549999995],[-51.484580999999935,-16.114070899999945],[-51.48627639999995,-16.12708699999996],[-51.49773509999994,-16.12691159999997],[-51.49798879999997,-16.14203729999997],[-51.509973299999956,-16.149351299999978],[-51.52601599999997,-16.150588899999946],[-51.54317119999996,-16.140536399999974],[-51.53536049999997,-16.155852599999946],[-51.54589359999994,-16.158116999999947],[-51.54828189999995,-16.169820399999935],[-51.57918049999995,-16.171273699999972],[-51.57861669999994,-16.18205779999994],[-51.58994289999998,-16.18927579999996],[-51.62561059999996,-16.18351329999996],[-51.64489169999996,-16.161197999999956],[-51.64298089999994,-16.13872299999997],[-51.690160799999944,-16.118945399999973],[-51.691024099999936,-16.109307199999932],[-51.70103599999993,-16.110597299999938],[-51.701086499999974,-16.10332989999995],[-51.717791199999965,-16.094741299999953],[-51.721669299999974,-16.079749299999946],[-51.75722209999998,-16.08871769999996],[-51.79827519999998,-16.029751699999963],[-51.82469899999995,-16.032545399999947],[-51.829139199999986,-16.01947089999993],[-51.819803099999945,-16.010700199999974],[-51.82969879999996,-15.988702599999954],[-51.86293029999996,-15.966880099999969],[-51.84372829999995,-15.937597299999936],[-51.83804279999998,-15.93991189999997],[-51.84664939999993,-15.952688099999932],[-51.84143259999996,-15.957278999999971],[-51.82206959999996,-15.922234599999967],[-51.86552659999995,-15.911747799999944],[-51.850860799999964,-15.90570109999993],[-51.851462099999935,-15.884356199999957],[-51.83155379999994,-15.867151399999955],[-51.84571669999997,-15.851017299999967],[-51.85222649999997,-15.86292919999994],[-51.86768859999995,-15.859113299999933],[-51.87796919999994,-15.839857999999936],[-51.86439819999998,-15.818617099999926],[-51.874046799999974,-15.828246199999967],[-51.880344599999944,-15.824275799999953],[-51.87631019999998,-15.802054699999928],[-51.859247299999936,-15.787464299999954],[-51.83451949999994,-15.743831599999965],[-51.80379379999994,-15.723705799999948],[-51.802598899999964,-15.704335399999934],[-51.75713209999998,-15.633446499999934],[-51.75423499999994,-15.61243589999998],[-51.779851399999984,-15.555421499999966],[-51.77513079999994,-15.532267799999943],[-51.758801999999946,-15.532058499999948],[-51.75716139999997,-15.554334499999982],[-51.74678729999994,-15.561724799999979],[-51.72602489999997,-15.547095499999955],[-51.73718029999998,-15.526796499999932],[-51.734454899999946,-15.50729569999993],[-51.70573019999995,-15.497562399999936],[-51.69896669999997,-15.484929199999954],[-51.64839999999998,-15.508245999999929],[-51.63697879999995,-15.522165299999926],[-51.636623499999985,-15.537451099999942],[-51.65289579999995,-15.559895099999949],[-51.63470499999994,-15.561629099999948],[-51.61602239999996,-15.58696729999997],[-51.59751719999997,-15.575758999999948],[-51.58860899999996,-15.582494699999927],[-51.594782599999974,-15.591299399999969],[-51.59156479999996,-15.606162499999982],[-51.58377269999994,-15.597356399999967],[-51.575689599999976,-15.610497799999962],[-51.58412049999998,-15.61765889999998],[-51.578040199999975,-15.622102199999972],[-51.583070599999985,-15.632853299999965],[-51.57396909999994,-15.640615399999945],[-51.58192379999997,-15.647295699999972],[-51.56354269999997,-15.650168699999938],[-51.570077099999935,-15.668738099999928],[-51.55921409999996,-15.68164429999996],[-51.57681219999995,-15.68608649999993],[-51.57691829999993,-15.702247899999975],[-51.53485099999995,-15.71718919999995],[-51.52933349999995,-15.725697599999933],[-51.53512909999995,-15.750808099999972],[-51.548460999999975,-15.752800799999932],[-51.53668739999995,-15.758146199999942],[-51.54588819999998,-15.769888199999968],[-51.54285539999995,-15.77753999999993],[-51.536743799999954,-15.780974999999955],[-51.54164089999995,-15.772055899999941],[-51.52826849999997,-15.772156199999927],[-51.52084039999994,-15.779868999999962],[-51.53591799999998,-15.789266899999973],[-51.52897439999998,-15.810644599999932],[-51.49764449999998,-15.809897499999977],[-51.482191099999966,-15.819616099999962],[-51.46756449999998,-15.833867099999964],[-51.462962199999936,-15.853156799999965],[-51.44265889999997,-15.85157369999996],[-51.439437399999974,-15.843744999999956],[-51.42904469999996,-15.846943099999976],[-51.43260269999996,-15.851860599999952],[-51.424432199999956,-15.857386499999961],[-51.43275529999994,-15.877092999999945],[-51.41986899999995,-15.876148099999966],[-51.40822399999996,-15.898310099999946],[-51.39785569999998,-15.89907409999995],[-51.40563849999995,-15.903642099999956],[-51.39834419999994,-15.91021969999997],[-51.38502109999996,-15.902282799999966],[-51.38777859999993,-15.919414599999982],[-51.37699959999998,-15.931554499999947],[-51.35911989999994,-15.93971399999998],[-51.33098159999997,-15.924720299999933],[-51.32749269999994,-15.93731239999994],[-51.30876669999998,-15.937687599999947],[-51.31268899999998,-15.950289099999964],[-51.304038599999956,-15.944217299999934],[-51.30446509999996,-15.956734899999958]]]}},{"id":"5470","type":"Feature","properties":{"COD_IBGE":"5213756","MUNICIPIO":"Montividiu","UF":"GO"},"geometry":{"type":"Polygon","coordinates":[[[-51.15348409999996,-17.12418699999995],[-51.13311909999993,-17.111153799999954],[-51.14113009999994,-17.086928499999942],[-51.117208199999936,-17.08285799999993],[-51.11768809999995,-17.069657099999972],[-51.09748959999996,-17.05864349999996],[-51.087965199999985,-16.999179899999945],[-51.10780059999996,-16.969137299999943],[-51.074654599999974,-16.959841299999937],[-51.06496729999998,-16.964724299999943],[-51.055694399999936,-16.954561399999932],[-51.03132149999993,-16.970625499999926],[-51.002502499999935,-17.022577099999978],[-50.94828259999997,-17.07375449999995],[-50.94860059999996,-17.09567809999993],[-50.98755479999994,-17.101125899999943],[-51.011136499999964,-17.12592049999995],[-51.01351469999997,-17.162878399999954],[-51.022708799999975,-17.174413699999945],[-51.091739099999984,-17.190358699999933],[-51.12764929999997,-17.21911209999996],[-51.116968499999984,-17.23548859999994],[-51.12406789999994,-17.271543299999962],[-51.116002099999946,-17.28796069999993],[-51.09361459999997,-17.28359169999993],[-51.07136189999994,-17.29424709999995],[-51.04543589999997,-17.28787079999995],[-51.030429599999934,-17.29808419999995],[-51.01264979999996,-17.328151399999967],[-51.00340579999994,-17.32312639999998],[-51.00561209999995,-17.316509999999937],[-50.99601629999995,-17.323707699999943],[-50.988210299999935,-17.315648499999952],[-50.97243869999994,-17.318970499999978],[-50.96934879999998,-17.330416299999968],[-50.985019199999954,-17.35146709999998],[-50.987914699999976,-17.37365609999995],[-50.97786139999994,-17.397703599999943],[-50.96048379999996,-17.389295699999934],[-50.93816829999997,-17.413121099999955],[-50.949337999999955,-17.428623499999958],[-51.02095749999995,-17.49729279999997],[-51.059207399999934,-17.52374279999998],[-51.08109609999997,-17.52935949999994],[-51.154984999999954,-17.51816329999997],[-51.18183609999994,-17.529750199999967],[-51.21706029999996,-17.52669499999996],[-51.240806299999974,-17.533215199999972],[-51.264220999999964,-17.519254599999954],[-51.34282729999995,-17.508608099999947],[-51.45784029999999,-17.470472899999947],[-51.43187789999996,-17.440777899999944],[-51.44968279999995,-17.430449499999952],[-51.45059229999998,-17.409396499999957],[-51.473006199999986,-17.392643199999952],[-51.53732309999998,-17.378800599999977],[-51.522005699999966,-17.337723299999936],[-51.509076799999946,-17.333362799999975],[-51.476153299999964,-17.346625899999935],[-51.423339399999975,-17.33485929999995],[-51.407526099999984,-17.306105799999955],[-51.38682449999993,-17.28950139999995],[-51.34919759999997,-17.27420529999995],[-51.34490269999998,-17.278408199999944],[-51.33852489999998,-17.26896839999995],[-51.32370059999994,-17.269929899999966],[-51.313080499999955,-17.246618199999943],[-51.29855199999997,-17.243648599999972],[-51.295869599999946,-17.22349319999995],[-51.28188179999995,-17.219799399999943],[-51.29136049999994,-17.211730399999965],[-51.292723499999965,-17.184428599999933],[-51.27042759999995,-17.192955799999936],[-51.264736899999946,-17.181922999999927],[-51.27348759999995,-17.165084999999976],[-51.26635219999997,-17.15592419999996],[-51.240478199999984,-17.14593229999997],[-51.228246499999955,-17.12898439999998],[-51.15348409999996,-17.12418699999995]]]}},{"id":"5471","type":"Feature","properties":{"COD_IBGE":"5213772","MUNICIPIO":"Montividiu do Norte","UF":"GO"},"geometry":{"type":"Polygon","coordinates":[[[-48.63577379999998,-13.407618299999967],[-48.717259199999944,-13.365915499999971],[-48.71548769999998,-13.355983599999945],[-48.730051799999956,-13.354922199999976],[-48.73438859999993,-13.347459399999934],[-48.74810359999998,-13.344024699999977],[-48.764215399999955,-13.355680699999937],[-48.81820639999995,-13.330832699999974],[-48.824212099999954,-13.31928019999998],[-48.76335389999997,-13.292249499999969],[-48.77011339999996,-13.292522099999928],[-48.79670249999998,-13.257516799999962],[-48.79487729999994,-13.239866199999938],[-48.835604599999954,-13.216767799999957],[-48.855093099999976,-13.21924789999997],[-48.874780499999986,-13.198603299999945],[-48.86811359999996,-13.191017299999942],[-48.88500549999998,-13.19205409999995],[-48.91720179999993,-13.14886789999997],[-48.901981199999966,-13.140399499999944],[-48.88994519999994,-13.15085659999994],[-48.889562299999966,-13.136411399999929],[-48.88026739999998,-13.130109799999957],[-48.880645999999956,-13.11948209999997],[-48.89288959999993,-13.109963099999959],[-48.87681219999996,-13.103497199999936],[-48.877327099999945,-13.093585899999937],[-48.899575599999935,-13.068453099999942],[-48.86961689999998,-13.06708709999998],[-48.880451499999936,-13.03785629999993],[-48.87477169999994,-13.021697999999958],[-48.85910639999997,-13.013407499999971],[-48.87144069999994,-13.001458799999966],[-48.87015039999994,-12.987467399999957],[-48.85370689999996,-12.988835699999981],[-48.83687239999995,-12.953937099999962],[-48.81939629999994,-12.94745899999998],[-48.839613499999984,-12.935276299999941],[-48.83284749999996,-12.918214499999976],[-48.85931429999994,-12.913686999999982],[-48.860573099999954,-12.902541199999973],[-48.844900199999984,-12.898021699999958],[-48.850593999999944,-12.887983499999962],[-48.841147999999976,-12.879962599999942],[-48.86198399999995,-12.871463199999937],[-48.87903419999998,-12.835555899999974],[-48.87976459999993,-12.817061099999933],[-48.870312199999944,-12.803261799999973],[-48.84642739999998,-12.809288699999968],[-48.84282589999998,-12.842506799999967],[-48.82004879999994,-12.843423299999927],[-48.81428239999997,-12.863536299999964],[-48.73513419999995,-12.921073899999953],[-48.73388019999993,-12.979438399999935],[-48.717216399999984,-13.001622099999963],[-48.70709659999994,-13.004417099999955],[-48.69503309999993,-12.995027999999934],[-48.687595199999976,-13.002206699999931],[-48.68548679999998,-12.993853799999954],[-48.674913699999934,-12.992755599999953],[-48.65610789999994,-13.011773299999959],[-48.63863239999995,-13.01346639999997],[-48.62709369999993,-13.051859099999945],[-48.60053469999997,-13.058853499999941],[-48.60222959999993,-13.077267699999936],[-48.59544619999997,-13.077663599999937],[-48.588024099999984,-13.097589599999935],[-48.59567389999995,-13.10647769999997],[-48.58393579999995,-13.104656199999965],[-48.57594089999998,-13.12392639999996],[-48.581840099999965,-13.14102939999998],[-48.59735279999995,-13.15210389999993],[-48.58449499999995,-13.159147899999937],[-48.577084499999955,-13.187177499999962],[-48.584434199999976,-13.227054799999962],[-48.59994519999998,-13.238660599999946],[-48.58719599999995,-13.254069799999968],[-48.59988489999995,-13.293149599999936],[-48.58608979999997,-13.321600499999931],[-48.58007999999995,-13.313260399999933],[-48.570820899999944,-13.323678099999938],[-48.56025859999994,-13.387576899999942],[-48.59272899999996,-13.395743299999936],[-48.60813439999998,-13.391717099999937],[-48.63577379999998,-13.407618299999967]]]}},{"id":"5472","type":"Feature","properties":{"COD_IBGE":"5213806","MUNICIPIO":"Morrinhos","UF":"GO"},"geometry":{"type":"Polygon","coordinates":[[[-49.11700859999996,-17.984300599999926],[-49.15310109999996,-17.968737399999952],[-49.17495839999998,-17.98825809999994],[-49.29246619999998,-17.945978099999934],[-49.36245809999997,-17.959548199999972],[-49.38273359999994,-17.93374849999998],[-49.39194299999997,-17.933747299999936],[-49.39689219999997,-17.91415479999995],[-49.43411229999998,-17.91664309999993],[-49.44512199999997,-17.895979999999952],[-49.45605869999997,-17.89593059999993],[-49.44735719999994,-17.873618299999976],[-49.460815199999956,-17.870285499999966],[-49.43830559999998,-17.82729999999998],[-49.44129739999994,-17.802094099999977],[-49.45565719999996,-17.78609289999997],[-49.42480029999996,-17.78859079999995],[-49.426644099999976,-17.776906999999937],[-49.44288739999996,-17.77633839999993],[-49.42328119999996,-17.765870999999947],[-49.42869459999997,-17.74772329999996],[-49.444636199999934,-17.749364699999944],[-49.44945779999995,-17.75764309999994],[-49.459290299999964,-17.749372199999982],[-49.432073499999944,-17.739746599999933],[-49.44458659999998,-17.72810469999996],[-49.44215299999996,-17.710320599999932],[-49.42985089999996,-17.71788769999995],[-49.41939919999993,-17.712176599999964],[-49.423585799999955,-17.69901779999998],[-49.40929179999995,-17.67052689999997],[-49.408285199999966,-17.632131799999968],[-49.382126899999946,-17.61247919999994],[-49.363531799999976,-17.608479399999965],[-49.36765499999996,-17.598530799999935],[-49.35322959999996,-17.59754019999997],[-49.34871259999994,-17.583163399999933],[-49.329013499999974,-17.583463999999935],[-49.32498419999996,-17.592898899999966],[-49.318430399999954,-17.571090599999934],[-49.30122479999994,-17.56886359999993],[-49.31213539999993,-17.53115269999995],[-49.29766549999994,-17.525833999999975],[-49.30195239999995,-17.507019999999955],[-49.257894799999974,-17.51882409999996],[-49.25062639999993,-17.508896599999957],[-49.227067799999986,-17.505294499999934],[-49.205956999999955,-17.528547499999945],[-49.19201709999993,-17.53516339999993],[-49.17950629999996,-17.53147629999995],[-49.17383849999993,-17.54206949999997],[-49.15784759999997,-17.54526149999998],[-49.12501819999994,-17.53013809999993],[-49.10775389999998,-17.54406169999993],[-49.08984659999993,-17.543862799999943],[-49.07633339999995,-17.521570899999972],[-49.02721849999995,-17.559604199999967],[-48.98332529999993,-17.56597549999998],[-48.97752589999993,-17.572978699999965],[-48.962306299999966,-17.56924399999997],[-48.95831979999997,-17.578320899999937],[-48.94826429999995,-17.57888889999998],[-48.92459459999998,-17.60810699999996],[-48.91369929999996,-17.610594499999934],[-48.91239019999995,-17.62602329999993],[-48.891444099999944,-17.634340599999973],[-48.88395299999996,-17.66619099999997],[-48.858875599999976,-17.67190819999996],[-48.83877949999993,-17.699395099999947],[-48.84491729999996,-17.704930099999956],[-48.83657679999993,-17.708495699999958],[-48.83388419999994,-17.739566199999956],[-48.84674099999995,-17.745288199999948],[-48.82687279999993,-17.78477739999994],[-48.81996479999998,-17.786142299999938],[-48.82119719999997,-17.79796559999994],[-48.828660999999954,-17.799423899999965],[-48.81442599999997,-17.814736099999948],[-48.83098359999997,-17.824485899999956],[-48.84914299999997,-17.85608919999993],[-48.83171289999996,-17.858488799999975],[-48.83297269999997,-17.87295759999995],[-48.85040879999997,-17.876638699999944],[-48.85391389999995,-17.88925249999994],[-48.84116599999993,-17.898143699999935],[-48.84915849999993,-17.925497399999927],[-48.83442709999997,-17.936387899999943],[-48.846398599999986,-17.943993899999953],[-48.85701089999998,-17.98066599999993],[-48.85072429999997,-17.98194719999998],[-48.864264599999956,-17.993231599999945],[-48.855962199999965,-17.99648469999994],[-48.85998799999993,-18.03272709999993],[-48.86617239999998,-18.033951999999942],[-48.86090479999996,-18.04588629999995],[-48.87718369999993,-18.054434799999967],[-48.871074799999974,-18.063706999999965],[-48.889439599999946,-18.09335779999998],[-48.89933929999995,-18.08676739999993],[-48.913976599999955,-18.092171999999948],[-48.90884799999998,-18.081114599999978],[-48.92353299999996,-18.069235899999967],[-48.92099259999998,-18.05808449999995],[-48.94072559999995,-18.05434269999995],[-48.92739659999995,-18.04523389999997],[-48.93494629999998,-18.031274399999973],[-48.92860209999998,-18.02026509999996],[-48.93966739999996,-18.01370959999997],[-48.94846239999998,-18.01984249999998],[-48.95869499999998,-17.984701799999982],[-48.973711899999955,-17.99150629999997],[-48.98184379999998,-17.977851999999928],[-48.99895689999994,-17.988976699999967],[-49.02839559999995,-17.969349499999964],[-49.03896179999998,-17.974842899999942],[-49.04399149999995,-17.95919129999993],[-49.061847899999975,-17.948789199999965],[-49.07089169999995,-17.960270399999956],[-49.08705409999993,-17.955540699999972],[-49.11700859999996,-17.984300599999926]]]}},{"id":"5473","type":"Feature","properties":{"COD_IBGE":"5213855","MUNICIPIO":"Morro Agudo de Goiás","UF":"GO"},"geometry":{"type":"Polygon","coordinates":[[[-50.040508999999986,-15.23766809999995],[-49.98762209999995,-15.272612599999945],[-49.958173099999954,-15.256007299999965],[-49.938068499999986,-15.259082399999954],[-49.92483919999995,-15.246231099999932],[-49.90461849999997,-15.25263979999994],[-49.918650699999944,-15.27619679999998],[-49.909834699999976,-15.292032499999948],[-49.91467659999995,-15.299608899999953],[-49.89617219999997,-15.326015499999926],[-49.901467999999966,-15.350798399999974],[-49.88967799999995,-15.366668599999969],[-49.933648999999946,-15.366819799999973],[-49.93761209999997,-15.357442799999944],[-49.978474699999936,-15.37260759999998],[-49.98535609999993,-15.364515499999982],[-50.01279169999998,-15.374703499999953],[-50.017304999999965,-15.359638699999948],[-50.04880399999996,-15.358666699999958],[-50.05309369999998,-15.367346399999974],[-50.112653799999975,-15.37003939999994],[-50.12549339999998,-15.379264099999943],[-50.12857239999994,-15.393627299999935],[-50.13182809999995,-15.398404699999958],[-50.13507539999995,-15.398048999999958],[-50.120798599999944,-15.360648699999956],[-50.133880999999974,-15.342164399999945],[-50.10252499999996,-15.315799599999934],[-50.10585969999994,-15.285821299999952],[-50.084222799999964,-15.261347399999977],[-50.080813999999975,-15.239826199999982],[-50.04771309999995,-15.22150709999994],[-50.040508999999986,-15.23766809999995]]]}},{"id":"5474","type":"Feature","properties":{"COD_IBGE":"5213905","MUNICIPIO":"Mossâmedes","UF":"GO"},"geometry":{"type":"Polygon","coordinates":[[[-50.20076329999995,-16.26424849999995],[-50.24543139999997,-16.19974929999995],[-50.258752899999934,-16.193048999999974],[-50.26052189999996,-16.17019769999996],[-50.273578499999985,-16.170445599999937],[-50.279036099999985,-16.158380699999952],[-50.312426699999946,-16.15990119999998],[-50.33843779999995,-16.145831399999963],[-50.344640899999945,-16.154682199999968],[-50.366592399999945,-16.15802599999995],[-50.36320269999993,-16.14746409999998],[-50.37379459999994,-16.129363799999965],[-50.366682999999966,-16.126471299999935],[-50.37905809999995,-16.105582699999957],[-50.36813519999998,-16.08282369999995],[-50.35499619999996,-16.078221799999938],[-50.34787629999994,-16.088459099999966],[-50.33265899999998,-16.091688399999953],[-50.29605499999997,-16.08281139999997],[-50.25696629999993,-16.093555899999956],[-50.22657379999998,-16.076586599999928],[-50.19637069999993,-16.075059799999963],[-50.138791899999944,-16.05446079999996],[-50.10779059999993,-16.03519369999998],[-50.097482999999954,-16.033651299999974],[-50.08584019999995,-16.045453599999973],[-50.06401559999995,-16.02927649999998],[-50.04286509999997,-16.029761599999972],[-50.02929309999996,-16.06565039999998],[-50.03807109999997,-16.086796899999968],[-50.032779699999935,-16.10167219999994],[-50.03958759999995,-16.13029309999996],[-50.03154749999993,-16.184454099999982],[-50.00070299999993,-16.20062969999998],[-49.97147689999997,-16.200669499999947],[-49.96427149999994,-16.218375699999967],[-49.94853819999997,-16.21691679999998],[-49.94069269999994,-16.223909899999967],[-49.966564999999946,-16.237923499999965],[-49.991237799999965,-16.234368699999948],[-50.00135529999994,-16.24071429999998],[-50.04722379999998,-16.225500299999965],[-50.089012099999934,-16.222201799999937],[-50.10701579999994,-16.24901399999993],[-50.09491719999994,-16.273123299999952],[-50.115097599999956,-16.298216799999977],[-50.13562399999995,-16.310023399999977],[-50.138603899999964,-16.32801569999998],[-50.14084779999996,-16.32079939999994],[-50.16541069999994,-16.320697499999937],[-50.18650539999993,-16.299546499999963],[-50.21956199999994,-16.30660249999994],[-50.228521299999954,-16.301027199999965],[-50.22720479999998,-16.283352799999932],[-50.20076329999995,-16.26424849999995]]]}},{"id":"5475","type":"Feature","properties":{"COD_IBGE":"5214002","MUNICIPIO":"Mozarlândia","UF":"GO"},"geometry":{"type":"Polygon","coordinates":[[[-50.54734899999994,-15.045994099999973],[-50.595305199999984,-14.990176399999939],[-50.64834449999995,-14.983809299999962],[-50.662679099999934,-14.96765819999996],[-50.715557899999965,-14.950226699999973],[-50.769497899999976,-14.958285499999931],[-50.79016279999996,-14.92791829999993],[-50.798788299999956,-14.92728649999998],[-50.808000499999935,-14.872987699999953],[-50.803444499999955,-14.85676019999994],[-50.817376699999954,-14.84758979999998],[-50.830290599999955,-14.82095499999997],[-50.82383089999996,-14.806768899999952],[-50.82665019999996,-14.771675899999934],[-50.84080979999993,-14.75740879999995],[-50.83196159999994,-14.733305099999939],[-50.843770699999936,-14.723995799999955],[-50.83529839999994,-14.711456899999973],[-50.841234199999974,-14.712028799999928],[-50.85270849999995,-14.688444499999946],[-50.86029929999995,-14.689206199999944],[-50.85839549999997,-14.67352109999996],[-50.880826199999944,-14.666438599999935],[-50.85767949999996,-14.630965799999956],[-50.84753449999994,-14.635373899999934],[-50.84134869999997,-14.626664699999935],[-50.85004219999996,-14.615974999999935],[-50.845821899999976,-14.60986349999996],[-50.82483679999996,-14.610108599999933],[-50.803895299999965,-14.626806899999963],[-50.78371669999996,-14.628502699999956],[-50.779241799999966,-14.671449699999982],[-50.786078799999984,-14.68178789999996],[-50.77986149999998,-14.688127599999973],[-50.77282989999998,-14.68329019999993],[-50.771078999999986,-14.690061999999955],[-50.762847799999975,-14.685601899999938],[-50.74762409999994,-14.70955639999994],[-50.733326199999965,-14.706481799999949],[-50.73229799999996,-14.719199799999956],[-50.71835089999996,-14.721149999999966],[-50.716399199999955,-14.709341399999971],[-50.70115569999996,-14.71390809999997],[-50.691339599999935,-14.69917399999997],[-50.66505919999997,-14.705680899999948],[-50.66155599999996,-14.687324699999976],[-50.648419599999954,-14.690453099999957],[-50.640494899999965,-14.671584499999938],[-50.61814489999995,-14.68261689999997],[-50.60556249999996,-14.674127899999974],[-50.58853919999996,-14.67750559999996],[-50.59008869999997,-14.670613999999944],[-50.57544089999993,-14.665845899999965],[-50.570122099999935,-14.65407099999993],[-50.581340299999965,-14.656242499999962],[-50.571358499999974,-14.648788199999956],[-50.57245229999995,-14.630546599999946],[-50.56423279999996,-14.629854699999953],[-50.559483599999965,-14.616367199999956],[-50.55213629999997,-14.618670699999939],[-50.554465999999934,-14.613455899999963],[-50.55242109999995,-14.611541599999953],[-50.54396049999997,-14.623725799999931],[-50.545168599999954,-14.642162999999982],[-50.53784859999996,-14.650444099999959],[-50.51996759999997,-14.649509199999954],[-50.50446569999997,-14.665949999999953],[-50.51181559999998,-14.677305899999965],[-50.507735999999966,-14.683771599999943],[-50.49846489999993,-14.681164599999931],[-50.48654009999996,-14.691190799999958],[-50.488009999999974,-14.70299069999993],[-50.50444269999997,-14.719699699999978],[-50.484563599999944,-14.719066899999973],[-50.469120299999986,-14.731934699999954],[-50.461341999999945,-14.721907599999952],[-50.44563509999995,-14.723589899999979],[-50.44854699999996,-14.740332899999942],[-50.437559799999974,-14.747728799999948],[-50.43377629999998,-14.763464799999952],[-50.421083899999985,-14.765971999999977],[-50.41587449999997,-14.797304499999939],[-50.40731479999994,-14.801381999999933],[-50.387451699999986,-14.790732699999978],[-50.38007849999997,-14.81285379999997],[-50.35746679999994,-14.811173399999973],[-50.359204999999974,-14.827771299999938],[-50.34037349999994,-14.83621979999998],[-50.35150769999996,-14.850756699999977],[-50.34079109999993,-14.849342599999943],[-50.334258999999975,-14.87304649999993],[-50.31978159999994,-14.876574699999935],[-50.32064749999995,-14.888280799999961],[-50.30380659999997,-14.897956799999974],[-50.314360299999976,-14.909523999999976],[-50.30663899999996,-14.925791999999944],[-50.32168869999998,-14.937403099999926],[-50.31476619999995,-14.944096099999967],[-50.40128749999997,-15.027605299999948],[-50.450071599999944,-15.046352999999954],[-50.47881659999996,-15.051562399999966],[-50.48689929999995,-15.04511309999998],[-50.51349789999995,-15.05547139999993],[-50.54734899999994,-15.045994099999973]]]}},{"id":"5476","type":"Feature","properties":{"COD_IBGE":"5214051","MUNICIPIO":"Mundo Novo","UF":"GO"},"geometry":{"type":"Polygon","coordinates":[[[-49.95104299999997,-14.021818099999962],[-50.28561829999995,-13.994218899999964],[-50.32373759999996,-13.98348859999993],[-50.344577699999945,-13.967717999999934],[-50.383897899999965,-13.879649799999981],[-50.371054999999956,-13.851464199999953],[-50.422977199999934,-13.824614599999961],[-50.44117269999998,-13.771570499999939],[-50.461568899999975,-13.753895099999966],[-50.48503759999994,-13.748768899999959],[-50.46682679999998,-13.736919999999941],[-50.46735259999997,-13.716139099999964],[-50.47477719999995,-13.71056219999997],[-50.45844089999997,-13.694866299999944],[-50.47716829999996,-13.671865999999966],[-50.45972139999998,-13.655728999999951],[-50.46600719999998,-13.648334499999976],[-50.459699299999954,-13.63983289999993],[-50.47058599999997,-13.626225199999965],[-50.46927439999996,-13.619403699999964],[-50.46098809999995,-13.621058799999958],[-50.45884659999996,-13.607624699999974],[-50.46888379999996,-13.562799299999938],[-50.452411799999936,-13.561779899999976],[-50.45711189999997,-13.55772479999996],[-50.44414299999994,-13.54424169999993],[-50.42600669999996,-13.552158899999938],[-50.41487239999998,-13.542166899999927],[-50.38011819999997,-13.576025199999947],[-50.37430019999994,-13.558526799999981],[-50.36115609999996,-13.552837299999965],[-50.30911869999994,-13.551386299999933],[-50.27339839999996,-13.53437189999994],[-50.25851199999994,-13.537217899999973],[-50.25975729999993,-13.560541999999941],[-50.27580249999994,-13.576914299999942],[-50.267385299999944,-13.581400499999972],[-50.26018229999994,-13.56836329999993],[-50.24518969999997,-13.579678999999942],[-50.23438989999994,-13.620333699999946],[-50.243516899999975,-13.641973999999948],[-50.23773159999996,-13.65400029999995],[-50.233178399999986,-13.645674199999974],[-50.21573619999998,-13.650289499999928],[-50.21426829999996,-13.634878899999933],[-50.20095159999994,-13.655956999999944],[-50.189493899999945,-13.640119099999936],[-50.14929559999996,-13.659113399999967],[-50.15034959999997,-13.64383909999998],[-50.13646309999996,-13.680957699999965],[-50.115057999999976,-13.687810299999967],[-50.11499599999996,-13.662317299999927],[-50.10466439999993,-13.657740399999966],[-50.08419459999993,-13.686824499999943],[-50.07557099999997,-13.67881019999993],[-50.06645159999994,-13.684503499999948],[-50.05511139999993,-13.705415199999948],[-50.03165359999997,-13.678488099999981],[-50.02259359999994,-13.68646979999994],[-49.996576699999935,-13.684171599999956],[-49.96644059999994,-13.694536199999959],[-49.95580249999995,-13.72786039999994],[-49.960219999999936,-13.743668299999968],[-49.946439099999964,-13.753497099999947],[-49.93623139999994,-13.746683799999971],[-49.920969999999954,-13.76492799999994],[-49.93157689999998,-13.787174099999959],[-49.92716819999998,-13.797270799999978],[-49.94037049999997,-13.797324999999944],[-49.94235999999995,-13.81428939999995],[-49.958371599999964,-13.815027099999952],[-49.93946529999994,-13.83064829999995],[-49.959671399999934,-13.847606699999972],[-49.961117799999954,-13.867612399999928],[-49.97495029999993,-13.88368319999995],[-49.950602999999944,-13.914304199999947],[-49.91926059999997,-13.936301899999933],[-49.92529989999997,-13.962460199999953],[-49.93638199999998,-13.975028399999928],[-49.939081499999986,-14.006537199999968],[-49.95104299999997,-14.021818099999962]]]}},{"id":"5477","type":"Feature","properties":{"COD_IBGE":"5214101","MUNICIPIO":"Mutunópolis","UF":"GO"},"geometry":{"type":"Polygon","coordinates":[[[-49.17572219999994,-13.717547399999944],[-49.18210719999996,-13.768557399999963],[-49.15863319999994,-13.782272099999943],[-49.15938479999994,-13.833295699999951],[-49.14102109999993,-13.860517499999958],[-49.33412709999993,-13.870163399999967],[-49.32066249999997,-13.858750999999927],[-49.31441309999997,-13.831205099999977],[-49.29634619999996,-13.814864899999975],[-49.29487739999996,-13.800775599999952],[-49.29969559999995,-13.780516399999954],[-49.33089119999994,-13.765332199999932],[-49.35962759999995,-13.771529099999952],[-49.375062199999945,-13.79174729999994],[-49.39873479999994,-13.79193609999993],[-49.41136809999995,-13.818081499999948],[-49.43073679999998,-13.815692799999965],[-49.44218159999997,-13.823303099999976],[-49.45792179999995,-13.812101799999937],[-49.47172509999996,-13.825532899999928],[-49.50843009999994,-13.826672199999962],[-49.52096089999998,-13.837138599999946],[-49.54363019999994,-13.819305099999951],[-49.543638699999974,-13.804715399999964],[-49.55708099999998,-13.802162199999941],[-49.56330249999996,-13.781680499999936],[-49.58165219999995,-13.780064399999958],[-49.58403529999998,-13.786415399999953],[-49.591174999999964,-13.778489799999932],[-49.57466789999995,-13.766640099999961],[-49.550571299999945,-13.764987899999937],[-49.540067499999964,-13.751343299999974],[-49.54983899999996,-13.739985099999956],[-49.53674369999993,-13.713285699999972],[-49.52503589999998,-13.719628399999976],[-49.51296989999997,-13.69676949999996],[-49.488406199999986,-13.680928699999981],[-49.47118219999993,-13.684764299999927],[-49.45381949999995,-13.667133099999944],[-49.42997939999998,-13.665039099999944],[-49.390945699999975,-13.700258099999928],[-49.37271009999995,-13.69427769999993],[-49.34608869999994,-13.713528599999961],[-49.317854299999965,-13.692743199999938],[-49.30790129999997,-13.697129999999959],[-49.363377499999956,-13.569163999999944],[-49.35636119999998,-13.563831499999935],[-49.32868039999994,-13.57521719999994],[-49.30031139999994,-13.562990299999967],[-49.28124699999995,-13.569057799999939],[-49.26721599999996,-13.563717699999927],[-49.25483939999998,-13.587050899999952],[-49.240521299999955,-13.592261699999938],[-49.21379239999993,-13.58166639999996],[-49.17896939999997,-13.58847389999994],[-49.155278299999964,-13.577942999999948],[-49.14724949999993,-13.58478109999993],[-49.120342499999936,-13.55770769999998],[-49.08971849999995,-13.563441199999943],[-49.07579059999995,-13.555485099999942],[-49.08571389999997,-13.604878499999927],[-49.10158599999994,-13.619580799999937],[-49.11906739999995,-13.620126699999958],[-49.11402769999995,-13.649806199999944],[-49.11948079999996,-13.660832899999946],[-49.10845849999998,-13.667346899999927],[-49.16034879999995,-13.697422899999935],[-49.16210639999997,-13.712842899999941],[-49.17572219999994,-13.717547399999944]]]}},{"id":"5478","type":"Feature","properties":{"COD_IBGE":"5214408","MUNICIPIO":"Nazário","UF":"GO"},"geometry":{"type":"Polygon","coordinates":[[[-49.985670099999936,-16.566846399999974],[-49.91326029999993,-16.525566899999944],[-49.90125889999996,-16.532655099999943],[-49.89347829999997,-16.51931989999997],[-49.79781459999998,-16.51710399999996],[-49.76706539999998,-16.561045699999966],[-49.729823899999985,-16.580062399999974],[-49.72728019999994,-16.601015099999927],[-49.73746259999996,-16.60791379999995],[-49.72909149999998,-16.612025899999935],[-49.73315679999996,-16.62811869999996],[-49.72682549999996,-16.63348949999994],[-49.749855199999956,-16.65367059999994],[-49.77809609999997,-16.638169199999936],[-49.88394029999995,-16.641273699999942],[-49.90387979999997,-16.617471399999943],[-49.91915289999997,-16.61866809999998],[-49.92432059999993,-16.628869299999963],[-49.94596829999995,-16.600936899999965],[-49.973749199999986,-16.58955199999997],[-50.00669259999995,-16.620584699999938],[-49.985670099999936,-16.566846399999974]]]}},{"id":"5479","type":"Feature","properties":{"COD_IBGE":"5214507","MUNICIPIO":"Nerópolis","UF":"GO"},"geometry":{"type":"Polygon","coordinates":[[[-49.21423629999998,-16.449620599999946],[-49.28037919999997,-16.398966899999948],[-49.25754489999997,-16.40306309999994],[-49.251629599999944,-16.39529049999993],[-49.25633639999995,-16.372341699999936],[-49.24995979999994,-16.351274699999976],[-49.26103679999994,-16.338050099999975],[-49.24249109999994,-16.32617799999997],[-49.23562799999996,-16.33055319999994],[-49.228011899999956,-16.31965839999998],[-49.21183579999996,-16.341164599999956],[-49.17789819999996,-16.34758009999996],[-49.17753559999994,-16.360600099999942],[-49.15356909999997,-16.39031659999995],[-49.10782819999997,-16.43112949999994],[-49.11724209999994,-16.443242099999964],[-49.111953599999936,-16.47268749999995],[-49.12173819999998,-16.485332299999982],[-49.121020699999974,-16.511061799999936],[-49.14073349999995,-16.525873299999944],[-49.15007799999995,-16.52042369999998],[-49.15274619999997,-16.532429999999977],[-49.17548389999996,-16.539494699999977],[-49.19398989999996,-16.52079489999994],[-49.19600209999993,-16.494406199999958],[-49.17210679999994,-16.480190599999958],[-49.17370299999993,-16.467105799999956],[-49.21423629999998,-16.449620599999946]]]}},{"id":"5480","type":"Feature","properties":{"COD_IBGE":"5214606","MUNICIPIO":"Niquelândia","UF":"GO"},"geometry":{"type":"Polygon","coordinates":[[[-48.43465319999996,-14.022815199999968],[-48.35764349999994,-13.975444599999946],[-48.31898789999997,-13.977079799999956],[-48.32458279999997,-13.95014459999993],[-48.318654299999935,-13.939180699999952],[-48.30992249999997,-13.945087999999942],[-48.30215049999998,-13.93689569999998],[-48.28914179999998,-13.943997699999954],[-48.28187719999994,-13.938818499999968],[-48.27669139999995,-13.94878129999995],[-48.25249739999998,-13.959774899999957],[-48.25429479999997,-13.978047899999979],[-48.24539859999993,-13.993591799999933],[-48.215806499999985,-13.999694399999953],[-48.21850489999997,-14.018047199999955],[-48.19358059999996,-14.02219219999995],[-48.19468049999995,-14.031564499999945],[-48.18076479999996,-14.046278099999938],[-48.184432699999945,-14.059217499999932],[-48.170921299999975,-14.067772899999966],[-48.174766799999986,-14.089112799999953],[-48.15884719999997,-14.110464499999978],[-48.16313839999998,-14.11864769999994],[-48.14803219999993,-14.130099099999939],[-48.13933229999998,-14.125608399999976],[-48.13719239999995,-14.14092979999998],[-48.11852449999998,-14.15680279999998],[-48.12619339999998,-14.171331099999975],[-48.08404479999996,-14.192005699999982],[-48.06576659999996,-14.214655999999934],[-48.049977499999954,-14.213158199999953],[-48.045186299999955,-14.234196699999927],[-48.02842529999998,-14.231762899999978],[-48.02025229999998,-14.241904199999965],[-48.00504749999993,-14.243021699999929],[-48.003051899999946,-14.267692599999975],[-47.99434199999996,-14.256636299999968],[-47.981741399999976,-14.255997699999966],[-47.978319899999974,-14.263119199999949],[-47.968717599999934,-14.260977599999933],[-47.950629499999934,-14.285105899999962],[-47.92234899999994,-14.275262899999973],[-47.91805599999998,-14.28277959999997],[-47.90926929999995,-14.28130989999994],[-47.91157119999997,-14.297573199999931],[-47.92678919999997,-14.300957899999958],[-47.90773349999995,-14.338877999999966],[-47.891887699999984,-14.333884099999977],[-47.87289679999998,-14.35293459999997],[-47.86474219999997,-14.348551199999974],[-47.86672489999995,-14.338030599999968],[-47.83422959999996,-14.333842299999958],[-47.83712099999997,-14.342259499999955],[-47.82771989999998,-14.351577299999974],[-47.835464599999966,-14.35128229999998],[-47.83600919999998,-14.363507499999969],[-47.85378769999994,-14.364662499999952],[-47.851819399999954,-14.371613699999955],[-47.865008999999986,-14.379502299999956],[-47.85992749999997,-14.403674399999943],[-47.83584519999994,-14.435864999999978],[-47.82459699999998,-14.505822099999932],[-47.761530999999934,-14.540931599999965],[-47.77292349999993,-14.569861099999969],[-47.76621529999994,-14.571990699999958],[-47.77319699999998,-14.58912429999998],[-47.76377089999994,-14.595412899999928],[-47.77903379999998,-14.632319699999982],[-47.77181729999995,-14.646898599999929],[-47.780790199999956,-14.681947699999967],[-47.79130399999997,-14.695352799999966],[-47.805534799999975,-14.691666899999973],[-47.81550899999996,-14.699936899999955],[-47.826322999999945,-14.729196299999955],[-47.85562139999996,-14.763968899999952],[-47.89435019999996,-14.78073429999995],[-47.90741129999998,-14.79827899999998],[-47.92199309999995,-14.793134299999963],[-47.95894709999993,-14.802229599999976],[-47.98605779999997,-14.821923699999957],[-48.003507499999955,-14.80482829999994],[-48.01046599999995,-14.808930299999929],[-48.03973139999994,-14.837014599999975],[-48.033875499999965,-14.844785499999944],[-48.03962399999995,-14.857950699999947],[-48.06050289999996,-14.859033499999953],[-48.07967259999998,-14.898552199999926],[-48.093399799999986,-14.883268899999962],[-48.08444919999994,-14.879149999999981],[-48.08099869999995,-14.862995299999966],[-48.100019299999985,-14.848993599999972],[-48.13760419999994,-14.846797799999933],[-48.14681509999997,-14.853869999999972],[-48.18331639999997,-14.848280699999975],[-48.23628899999994,-14.882061799999974],[-48.25582549999996,-14.874824199999978],[-48.293037399999946,-14.903516899999943],[-48.32513769999997,-14.897732499999961],[-48.33732209999994,-14.912107599999956],[-48.35454639999995,-14.907425699999976],[-48.38018949999997,-14.94519589999993],[-48.42251269999997,-14.93417119999998],[-48.428311399999984,-14.94831709999994],[-48.47505879999994,-14.96461789999995],[-48.48009149999996,-14.986939199999938],[-48.499928799999964,-14.98486319999995],[-48.51104109999994,-15.012439299999926],[-48.52314789999997,-15.017236599999933],[-48.54722529999998,-15.00573479999997],[-48.555196999999964,-15.01574359999995],[-48.57238099999995,-15.00786469999997],[-48.57476099999997,-14.994912799999952],[-48.58841449999994,-14.999776499999939],[-48.60651119999994,-14.992244299999982],[-48.616517999999985,-15.005019299999958],[-48.61609789999994,-14.989439199999936],[-48.62730609999994,-14.987708999999938],[-48.627200699999946,-14.998999699999956],[-48.63451969999994,-14.999584699999957],[-48.63304189999997,-14.984663199999943],[-48.64805839999997,-14.980652999999961],[-48.63979809999995,-14.968824199999972],[-48.648447199999964,-14.969541099999958],[-48.64917399999996,-14.960464399999978],[-48.66823499999998,-14.98430899999994],[-48.67595129999995,-14.985560499999963],[-48.676317799999936,-14.977645099999961],[-48.69702509999996,-14.982443499999931],[-48.68204709999998,-14.964676999999938],[-48.683536199999935,-14.952518699999928],[-48.69407599999994,-14.955380499999933],[-48.70452259999996,-14.94721409999994],[-48.720856599999934,-14.952344599999947],[-48.724932199999955,-14.94199759999998],[-48.74914989999996,-14.940412299999934],[-48.742618799999946,-14.934792199999947],[-48.750670799999966,-14.928698199999928],[-48.73965019999997,-14.923472299999958],[-48.75232969999996,-14.90754839999994],[-48.73649469999998,-14.884184699999935],[-48.75045239999997,-14.873615299999926],[-48.76131209999994,-14.847683099999927],[-48.745007699999974,-14.84358949999995],[-48.750711999999965,-14.836570499999937],[-48.740616699999975,-14.82771669999994],[-48.73994659999994,-14.812580899999944],[-48.713023799999974,-14.803165099999944],[-48.722407299999986,-14.799218399999972],[-48.72783339999995,-14.780154699999969],[-48.71157419999997,-14.764802599999939],[-48.721717499999954,-14.754944899999941],[-48.71244709999996,-14.727175099999954],[-48.73128959999997,-14.709501599999953],[-48.726881799999944,-14.675124799999935],[-48.73668799999996,-14.678251899999964],[-48.73992039999996,-14.666975699999966],[-48.75873229999996,-14.654872599999976],[-48.75722739999998,-14.647239899999931],[-48.772449549999976,-14.643666249999967],[-48.78186419999997,-14.667618799999957],[-48.799308199999984,-14.660787399999947],[-48.81540439999998,-14.664232599999934],[-48.82193549999994,-14.682268299999976],[-48.84264259999998,-14.690085999999951],[-48.87519359999993,-14.694863599999962],[-48.88448909999994,-14.689382999999964],[-48.881011599999965,-14.680246999999952],[-48.90536069999996,-14.67172389999996],[-48.924469999999985,-14.680754599999943],[-48.952234299999986,-14.68071029999993],[-48.95824799999997,-14.674815199999955],[-48.94994299999996,-14.660989299999926],[-48.966687899999954,-14.664604599999961],[-48.96730139999994,-14.64488799999998],[-48.988260699999955,-14.642484899999943],[-48.98986839999998,-14.622342299999957],[-48.97404729999994,-14.621574199999941],[-48.991198199999985,-14.585528799999963],[-48.99718729999995,-14.59851169999996],[-49.00925459999996,-14.59545259999993],[-49.00966909999994,-14.57530829999996],[-49.02619189999996,-14.586582499999963],[-49.039855399999965,-14.576684499999942],[-49.036353099999985,-14.561723899999947],[-49.006956499999944,-14.559611899999936],[-49.007014899999945,-14.541022399999974],[-49.03939839999998,-14.528928599999972],[-49.05282109999996,-14.50172079999993],[-49.02197619999998,-14.497296399999982],[-49.024316899999974,-14.470557699999972],[-48.99317799999994,-14.455886699999951],[-48.97786439999993,-14.419719399999963],[-48.992898699999955,-14.388649699999974],[-48.98041989999996,-14.364761199999975],[-48.98446409999997,-14.344496999999933],[-49.00938139999994,-14.33037829999995],[-49.014201499999956,-14.314399899999955],[-48.966060899999945,-14.294064499999934],[-48.948717399999964,-14.252255099999957],[-48.92903609999996,-14.254800199999977],[-48.89399619999995,-14.230208199999936],[-48.89399659999998,-14.209952399999963],[-48.88346089999993,-14.21323579999995],[-48.87658259999995,-14.201769399999932],[-48.88036939999995,-14.189420799999937],[-48.85075729999994,-14.159038499999951],[-48.822532499999966,-14.17670389999995],[-48.80350519999996,-14.164079699999945],[-48.79716499999995,-14.139805599999931],[-48.76801109999997,-14.149327399999947],[-48.76780329999997,-14.123372399999937],[-48.75756229999996,-14.11946299999994],[-48.724353399999984,-14.126459299999965],[-48.70789979999995,-14.161337599999968],[-48.69327099999998,-14.15066939999997],[-48.67211359999993,-14.172056399999974],[-48.61497149999997,-14.178904399999965],[-48.601928499999985,-14.187080299999934],[-48.59724609999995,-14.168977799999936],[-48.58224119999994,-14.164931499999966],[-48.56570409999995,-14.132920799999965],[-48.54951139999997,-14.128684599999929],[-48.54188499999998,-14.11532649999998],[-48.524458599999946,-14.125910099999942],[-48.50071249999996,-14.108485599999938],[-48.49480259999996,-14.081132399999944],[-48.50266159999995,-14.07093139999995],[-48.48469729999994,-14.06465049999997],[-48.47280829999994,-14.018209799999966],[-48.447389999999984,-14.01397339999994],[-48.43465319999996,-14.022815199999968]]]}},{"id":"5481","type":"Feature","properties":{"COD_IBGE":"5214705","MUNICIPIO":"Nova América","UF":"GO"},"geometry":{"type":"Polygon","coordinates":[[[-49.96802119999995,-15.02003389999993],[-49.964445799999964,-14.999608099999932],[-49.930843599999946,-14.986473099999955],[-49.91150309999995,-14.96567779999998],[-49.90274679999993,-14.982395899999972],[-49.87943469999993,-14.988149999999962],[-49.87484789999996,-14.98005539999997],[-49.85909739999994,-14.983215499999972],[-49.85539229999995,-14.998353599999973],[-49.83708539999998,-15.003885599999933],[-49.851395999999966,-15.025815799999975],[-49.85122729999995,-15.054489499999931],[-49.83566659999997,-15.059445299999936],[-49.82492769999993,-15.086549999999932],[-49.83401229999998,-15.081020699999954],[-49.866418599999975,-15.08962669999994],[-49.872195799999986,-15.082578599999977],[-49.87541379999993,-15.091915599999936],[-49.88311259999995,-15.084729899999957],[-49.88703799999996,-15.091081799999927],[-49.89411529999995,-15.082901499999934],[-49.89792689999996,-15.090025599999933],[-49.907683599999984,-15.08382169999993],[-49.921761499999945,-15.093983799999933],[-49.95425419999998,-15.081966799999975],[-49.971356999999955,-15.087450699999977],[-49.99746399999998,-15.08030249999996],[-50.01803739999997,-15.099927899999955],[-50.04502349999996,-15.106196199999943],[-50.056465499999945,-15.12155839999997],[-50.05973659999995,-15.105468799999926],[-50.046235699999954,-15.059948899999938],[-50.02656499999995,-15.05193879999996],[-49.991184299999986,-15.015402299999948],[-49.96802119999995,-15.02003389999993]]]}},{"id":"5482","type":"Feature","properties":{"COD_IBGE":"5214804","MUNICIPIO":"Nova Aurora","UF":"GO"},"geometry":{"type":"Polygon","coordinates":[[[-48.29921869999998,-18.03016839999998],[-48.31910549999998,-17.985883199999932],[-48.308655199999976,-17.96798339999998],[-48.31426689999995,-17.94297629999994],[-48.289081299999964,-17.917772699999944],[-48.29973409999997,-17.936807899999963],[-48.29955099999995,-17.95794129999996],[-48.27088029999993,-17.97453669999993],[-48.25467429999998,-17.997841799999946],[-48.21379809999996,-17.992986799999983],[-48.20075069999996,-18.01696839999994],[-48.20990249999994,-18.01425569999998],[-48.23358239999993,-18.033299299999953],[-48.223959899999954,-18.03748429999996],[-48.207590299999936,-18.070083299999965],[-48.235661499999935,-18.083239899999967],[-48.23177959999998,-18.12279559999996],[-48.24602589999995,-18.12504759999996],[-48.24956609999998,-18.11885989999996],[-48.26298589999993,-18.125125099999934],[-48.266876699999955,-18.142792999999926],[-48.276378199999954,-18.147388199999966],[-48.272079099999985,-18.17479549999996],[-48.27793349999996,-18.18243179999996],[-48.269111399999986,-18.19412619999997],[-48.27487039999994,-18.199409599999967],[-48.26427849999993,-18.211107699999957],[-48.27614639999996,-18.211119699999927],[-48.268902699999956,-18.222654199999965],[-48.27774379999994,-18.220874399999957],[-48.279055899999946,-18.236551499999962],[-48.295283799999936,-18.23061229999996],[-48.28905359999993,-18.244685199999935],[-48.32023119999997,-18.249895099999947],[-48.33773219999995,-18.201931999999942],[-48.35919609999996,-18.171714599999973],[-48.375938599999984,-18.17367809999996],[-48.37721259999995,-18.151498499999946],[-48.39599359999994,-18.144468699999948],[-48.39686859999995,-18.12802789999995],[-48.36898189999994,-18.10766559999996],[-48.366741099999956,-18.087797999999964],[-48.33379569999994,-18.078617299999962],[-48.32326989999996,-18.05514859999994],[-48.30826979999995,-18.048725899999965],[-48.29921869999998,-18.03016839999998]]]}},{"id":"5483","type":"Feature","properties":{"COD_IBGE":"5214838","MUNICIPIO":"Nova Crixás","UF":"GO"},"geometry":{"type":"Polygon","coordinates":[[[-50.52082629999995,-14.649090399999977],[-50.53830579999993,-14.65024219999998],[-50.55321619999995,-14.61147649999998],[-50.55213629999997,-14.618670699999939],[-50.559483599999965,-14.616367199999956],[-50.56423279999996,-14.629854699999953],[-50.57245229999995,-14.630546599999946],[-50.571358499999974,-14.648788199999956],[-50.581340299999965,-14.656242499999962],[-50.570122099999935,-14.65407099999993],[-50.57544089999993,-14.665845899999965],[-50.59008869999997,-14.670613999999944],[-50.58853919999996,-14.67750559999996],[-50.60556249999996,-14.674127899999974],[-50.61814489999995,-14.68261689999997],[-50.640494899999965,-14.671584499999938],[-50.648419599999954,-14.690453099999957],[-50.66155599999996,-14.687324699999976],[-50.66505919999997,-14.705680899999948],[-50.691339599999935,-14.69917399999997],[-50.70115569999996,-14.71390809999997],[-50.713197899999955,-14.70729069999993],[-50.717979699999944,-14.721058399999947],[-50.72648819999995,-14.71514579999996],[-50.731194399999936,-14.719814199999973],[-50.733070199999986,-14.706637499999943],[-50.74762409999994,-14.70955639999994],[-50.75680349999993,-14.689669999999978],[-50.78622569999993,-14.681543099999942],[-50.779241799999966,-14.671449699999982],[-50.78371669999996,-14.628502699999956],[-50.803895299999965,-14.626806899999963],[-50.836095299999954,-14.608336699999938],[-50.845821899999976,-14.60986349999996],[-50.849281099999985,-14.621302699999944],[-50.86269349999998,-14.622155899999939],[-50.86419119999994,-14.609813499999973],[-50.880924499999935,-14.599482899999941],[-50.879583999999966,-14.586239099999943],[-50.87234569999998,-14.584780899999942],[-50.87745679999995,-14.576792199999943],[-50.86940739999994,-14.571819199999936],[-50.87321639999993,-14.56222409999998],[-50.859807699999976,-14.557698499999958],[-50.86566369999997,-14.551777099999981],[-50.854472499999986,-14.522794099999942],[-50.863028499999984,-14.520135299999936],[-50.85432979999996,-14.515761999999938],[-50.85431619999997,-14.479753699999947],[-50.839981999999964,-14.468504399999972],[-50.84979569999996,-14.46131349999996],[-50.83810159999996,-14.455845199999942],[-50.84367129999998,-14.446619899999973],[-50.83980759999997,-14.423510199999953],[-50.81788949999998,-14.407926799999927],[-50.82071959999996,-14.397572099999934],[-50.81149149999993,-14.403189299999951],[-50.798749199999975,-14.39408949999995],[-50.80451359999995,-14.38177399999995],[-50.79653739999998,-14.38185999999996],[-50.788056799999936,-14.358825999999965],[-50.79661509999994,-14.358231499999931],[-50.795793999999944,-14.35029929999996],[-50.77859749999993,-14.35447849999997],[-50.767627999999945,-14.339237599999933],[-50.759033699999975,-14.316949099999931],[-50.76611529999997,-14.305516199999943],[-50.75840629999993,-14.296705199999963],[-50.76905259999995,-14.294626899999969],[-50.77219679999996,-14.24490899999995],[-50.791151799999966,-14.242246199999954],[-50.782951099999934,-14.220551899999975],[-50.790025199999945,-14.221619799999928],[-50.79435559999996,-14.199197199999958],[-50.799846799999955,-14.20217729999996],[-50.80067649999995,-14.178862899999956],[-50.828700399999946,-14.146414299999947],[-50.82724369999994,-14.137929499999927],[-50.84897539999997,-14.121804399999974],[-50.83206099999995,-14.073715099999959],[-50.85606259999997,-14.020967199999973],[-50.84715079999995,-13.999794799999961],[-50.86467429999993,-13.983954299999937],[-50.86732809999995,-13.96833479999998],[-50.840233599999976,-13.923681899999963],[-50.84064429999995,-13.86378869999993],[-50.859085499999935,-13.828704799999969],[-50.85356299999995,-13.76097679999998],[-50.873900599999956,-13.73447509999994],[-50.86133689999997,-13.718637399999977],[-50.806225799999936,-13.69381459999994],[-50.78360649999996,-13.620394099999942],[-50.76843269999995,-13.59552009999993],[-50.75899979999997,-13.520315299999936],[-50.71481559999995,-13.49147309999995],[-50.68352489999995,-13.445190999999966],[-50.66394559999998,-13.434956499999942],[-50.66532369999993,-13.375565799999947],[-50.61110189999994,-13.320228799999938],[-50.610180199999945,-13.35289679999994],[-50.58914619999996,-13.36566769999996],[-50.59049879999998,-13.374076099999968],[-50.57662609999994,-13.388908899999933],[-50.58866299999994,-13.389103199999965],[-50.59627059999997,-13.401908799999944],[-50.574679199999935,-13.406039499999963],[-50.55727209999998,-13.42141609999993],[-50.550635599999964,-13.442114899999979],[-50.54192279999995,-13.443910899999935],[-50.54339889999994,-13.459457999999927],[-50.51917709999998,-13.464801299999976],[-50.53150539999996,-13.499432399999932],[-50.54209519999995,-13.505444699999941],[-50.51335379999995,-13.521402199999955],[-50.49724469999995,-13.551899099999957],[-50.463604799999985,-13.569762799999978],[-50.459551799999986,-13.617362699999944],[-50.47058599999997,-13.626225199999965],[-50.459699299999954,-13.63983289999993],[-50.46600719999998,-13.648334499999976],[-50.45972139999998,-13.655728999999951],[-50.47717679999994,-13.671752599999934],[-50.45844089999997,-13.694866299999944],[-50.47477719999995,-13.71056219999997],[-50.46735259999997,-13.716139099999964],[-50.46682679999998,-13.736919999999941],[-50.484788899999955,-13.749241199999972],[-50.461568899999975,-13.753895099999966],[-50.44117269999998,-13.771570499999939],[-50.422977199999934,-13.824614599999961],[-50.371054999999956,-13.851464199999953],[-50.383897899999965,-13.879649799999981],[-50.339111499999944,-13.972310799999946],[-50.28561829999995,-13.994218899999964],[-50.15807189999998,-14.002445899999941],[-50.141513499999974,-14.112305999999933],[-50.14351689999995,-14.125757299999975],[-50.35466729999996,-14.353592999999933],[-50.33790759999994,-14.370668999999964],[-50.33887409999994,-14.389944999999955],[-50.33018199999998,-14.392628599999966],[-50.31209219999994,-14.438729099999932],[-50.30073859999993,-14.443771499999968],[-50.29787569999996,-14.465650599999947],[-50.307209099999966,-14.492672099999936],[-50.277508799999964,-14.511668799999939],[-50.28119689999994,-14.520871199999931],[-50.26635379999993,-14.537428999999975],[-50.28768829999996,-14.555859599999962],[-50.294987299999946,-14.581631699999946],[-50.239077399999985,-14.618768599999953],[-50.24123909999997,-14.64622079999998],[-50.23470119999996,-14.649235199999964],[-50.27460039999994,-14.73205889999997],[-50.30263269999995,-14.739278499999955],[-50.325109699999985,-14.725133899999946],[-50.352645199999984,-14.724211499999967],[-50.41161519999997,-14.727640899999926],[-50.42374289999998,-14.73572889999997],[-50.46120369999994,-14.721876099999974],[-50.476166199999966,-14.730634799999962],[-50.48438199999998,-14.71913429999995],[-50.504512999999974,-14.71961749999997],[-50.486500099999944,-14.691338299999927],[-50.49846489999993,-14.681164599999931],[-50.507735999999966,-14.683771599999943],[-50.51181559999998,-14.677305899999965],[-50.50446569999997,-14.665949999999953],[-50.52082629999995,-14.649090399999977]]]}},{"id":"5484","type":"Feature","properties":{"COD_IBGE":"5214861","MUNICIPIO":"Nova Glória","UF":"GO"},"geometry":{"type":"Polygon","coordinates":[[[-49.50386359999993,-15.132065599999976],[-49.49427119999996,-15.144345199999975],[-49.47762419999998,-15.139912599999946],[-49.47381009999998,-15.154938899999934],[-49.481411599999944,-15.17652309999994],[-49.49961549999995,-15.168092099999967],[-49.509818199999984,-15.171717299999955],[-49.50829269999997,-15.181809399999963],[-49.52507039999995,-15.17338849999993],[-49.53297889999993,-15.185772399999962],[-49.54606629999995,-15.180171499999972],[-49.58394419999996,-15.189959399999964],[-49.593569799999955,-15.17863989999995],[-49.60029609999998,-15.182036899999957],[-49.59242029999996,-15.16957439999993],[-49.60520729999996,-15.15616499999993],[-49.60440719999997,-15.145531999999946],[-49.62926289999996,-15.122231599999964],[-49.63681189999994,-15.098845099999949],[-49.62022989999997,-15.073954299999968],[-49.62472589999993,-15.06053739999993],[-49.618795699999964,-15.046901799999944],[-49.58920039999998,-15.039138799999932],[-49.58044929999994,-15.018018299999937],[-49.560505699999965,-15.008960099999967],[-49.55619839999997,-14.993801899999937],[-49.54181639999996,-14.994455099999982],[-49.54055409999995,-14.986112499999933],[-49.52833319999996,-14.990049399999975],[-49.522933199999954,-15.002275199999929],[-49.47797149999997,-14.996577799999955],[-49.459892099999934,-14.999290999999971],[-49.45712699999996,-15.006381899999951],[-49.45060119999994,-14.998521299999936],[-49.43648319999994,-14.99981859999997],[-49.44049169999994,-14.989910599999973],[-49.43256459999998,-14.987873299999933],[-49.42738749999995,-14.970915899999966],[-49.420072999999945,-14.998715199999936],[-49.36403799999994,-15.011719599999935],[-49.35673039999995,-15.000172799999973],[-49.32326159999997,-14.989213999999947],[-49.348026699999934,-15.027647399999978],[-49.36671929999994,-15.043893999999966],[-49.38682759999995,-15.049372799999958],[-49.397742999999934,-15.06674339999995],[-49.392522499999984,-15.079006099999958],[-49.40130889999995,-15.098387499999944],[-49.41397779999994,-15.09182119999997],[-49.44149859999993,-15.116575199999943],[-49.452761599999974,-15.099614499999973],[-49.46459599999997,-15.107482199999936],[-49.47087069999998,-15.12503259999994],[-49.50386359999993,-15.132065599999976]]]}},{"id":"5485","type":"Feature","properties":{"COD_IBGE":"5214879","MUNICIPIO":"Nova Iguaçu de Goiás","UF":"GO"},"geometry":{"type":"Polygon","coordinates":[[[-49.319164599999965,-14.241977899999938],[-49.262652499999945,-14.213172399999962],[-49.23898759999997,-14.183531099999982],[-49.240902699999936,-14.15048889999997],[-49.21995799999996,-14.13977959999994],[-49.226561499999946,-14.123528499999964],[-49.21634149999994,-14.10396739999993],[-49.20318849999995,-14.097335699999974],[-49.17701749999998,-14.128127799999959],[-49.182294199999944,-14.138919599999952],[-49.174634899999944,-14.155724899999939],[-49.18700409999997,-14.15971339999993],[-49.187539999999956,-14.172578199999975],[-49.179997999999955,-14.174249699999962],[-49.18800349999998,-14.180770199999927],[-49.179146199999934,-14.181467599999962],[-49.177662699999985,-14.198756099999969],[-49.16038279999998,-14.212481899999943],[-49.171642599999984,-14.267832899999974],[-49.15980459999997,-14.27701019999995],[-49.17392929999994,-14.303342399999963],[-49.17112089999995,-14.322166599999946],[-49.18671059999997,-14.337104199999942],[-49.188337299999944,-14.372901799999966],[-49.19603139999998,-14.382064999999955],[-49.210846199999935,-14.37679959999997],[-49.21232409999993,-14.391971799999965],[-49.26202189999998,-14.396214399999963],[-49.266489399999955,-14.41041249999995],[-49.281004999999936,-14.41555429999994],[-49.28824849999995,-14.40410019999996],[-49.306532199999936,-14.408100199999978],[-49.29941789999998,-14.433713499999953],[-49.333554499999934,-14.45632859999995],[-49.32561689999994,-14.475695199999961],[-49.34613969999998,-14.47828579999998],[-49.34667849999994,-14.51034999999996],[-49.36625829999997,-14.516988699999956],[-49.356255199999964,-14.499418099999957],[-49.40889779999998,-14.429838699999948],[-49.39800969999993,-14.401311499999963],[-49.40845679999995,-14.400852099999952],[-49.42027539999998,-14.387286699999947],[-49.39927519999998,-14.374454599999979],[-49.420759199999964,-14.32965809999996],[-49.413929199999984,-14.327187199999969],[-49.41540639999994,-14.304758999999933],[-49.42552539999997,-14.29928719999998],[-49.41754079999998,-14.29006789999994],[-49.42875259999994,-14.281508599999938],[-49.42392559999996,-14.267663999999968],[-49.40075359999997,-14.25597339999996],[-49.384236699999974,-14.257125499999972],[-49.38166249999995,-14.248581099999967],[-49.366602099999966,-14.250509699999952],[-49.36266059999997,-14.263561899999956],[-49.32851019999998,-14.259458699999982],[-49.319164599999965,-14.241977899999938]]]}},{"id":"5486","type":"Feature","properties":{"COD_IBGE":"5214903","MUNICIPIO":"Nova Roma","UF":"GO"},"geometry":{"type":"Polygon","coordinates":[[[-47.12645219999996,-14.08785279999995],[-47.149207899999965,-14.016419799999937],[-47.200034899999935,-13.96423859999993],[-47.17740159999994,-13.956333799999982],[-47.17141099999998,-13.914941899999974],[-47.18329959999994,-13.89812539999997],[-47.18268939999996,-13.882448999999951],[-47.19285049999996,-13.881346299999962],[-47.18765339999993,-13.872189699999979],[-47.19296129999998,-13.858642799999927],[-47.198105399999974,-13.861632699999973],[-47.197752299999934,-13.844827599999974],[-47.18608729999994,-13.830790799999932],[-47.19749869999998,-13.817126899999948],[-47.18947349999996,-13.778671299999928],[-47.197200399999986,-13.78150549999998],[-47.203495299999986,-13.773144599999966],[-47.19386949999995,-13.72197099999994],[-47.14823389999998,-13.68054619999998],[-47.14914379999993,-13.672073499999954],[-47.15786559999998,-13.671304299999974],[-47.162404899999956,-13.631260899999972],[-47.137945799999954,-13.566659099999981],[-47.14216279999994,-13.493861699999968],[-47.12592569999998,-13.46502739999994],[-47.12673309999997,-13.439804099999947],[-47.10135749999995,-13.431644999999946],[-47.066357799999935,-13.447562399999981],[-47.076120999999944,-13.457310699999937],[-47.06977479999995,-13.467175299999951],[-47.08407459999995,-13.48630479999997],[-47.05094279999997,-13.526150599999937],[-47.03569349999998,-13.52864539999996],[-47.02662789999994,-13.541758699999946],[-46.987469199999964,-13.549545199999955],[-46.98014829999994,-13.560300499999926],[-46.96855819999996,-13.554692099999954],[-46.946734299999946,-13.561080299999958],[-46.92792769999994,-13.59122709999997],[-46.90530719999998,-13.585173699999928],[-46.88485509999998,-13.604630699999973],[-46.86522579999996,-13.602771399999938],[-46.86203789999996,-13.613095999999928],[-46.850879099999986,-13.614647499999933],[-46.850454199999945,-13.632802799999979],[-46.815223999999944,-13.65744529999995],[-46.794770599999936,-13.658863099999962],[-46.79511709999997,-13.66828449999997],[-46.80801119999995,-13.675234299999943],[-46.806653799999935,-13.686132899999961],[-46.78503729999994,-13.703033799999957],[-46.78344709999993,-13.717218699999933],[-46.79194169999994,-13.727253899999937],[-46.81109269999996,-13.72578999999996],[-46.82062339999993,-13.748653299999944],[-46.837125499999956,-13.763454999999965],[-46.816723499999966,-13.795980199999974],[-46.85157959999998,-13.82873909999995],[-46.82596899999993,-13.841652099999976],[-46.82649999999995,-13.851294199999927],[-46.85671149999996,-13.868725799999936],[-46.86801189999994,-13.885070399999961],[-46.837220799999955,-13.910657599999979],[-46.83769819999998,-13.968430199999943],[-46.851061899999934,-13.985841799999946],[-46.83198719999996,-14.007165399999963],[-46.826097199999936,-14.026755699999967],[-46.836256299999945,-14.044343799999979],[-46.846846599999935,-14.048096199999975],[-46.85401019999995,-14.035049399999934],[-46.875407199999984,-14.033200999999963],[-46.88867579999993,-14.056497899999954],[-46.88728009999994,-14.069724299999962],[-46.90025719999994,-14.078567799999973],[-46.92301999999995,-14.077062999999953],[-46.92262519999997,-14.089909999999975],[-46.937563799999964,-14.103028199999926],[-46.960464599999966,-14.08890249999996],[-46.96799629999998,-14.09575019999994],[-46.97702829999997,-14.08906449999995],[-46.97726449999993,-14.09759409999998],[-46.984171499999945,-14.088353899999959],[-46.98399029999996,-14.094117599999947],[-46.991879799999936,-14.092244199999982],[-46.99482629999994,-14.082417899999939],[-46.98305549999998,-14.066202699999963],[-46.988062699999944,-14.046910199999957],[-46.996677199999965,-14.054790699999955],[-47.00565709999995,-14.043618399999957],[-47.03885829999996,-14.032059899999979],[-47.04189569999994,-14.041497799999945],[-47.04689059999998,-14.03601329999998],[-47.047635699999944,-14.042936599999962],[-47.05718349999995,-14.041686099999936],[-47.066662399999984,-14.065093299999944],[-47.08012579999996,-14.062562299999968],[-47.08891309999996,-14.08104949999995],[-47.109569599999986,-14.09710569999993],[-47.12645219999996,-14.08785279999995]]]}},{"id":"5487","type":"Feature","properties":{"COD_IBGE":"5215009","MUNICIPIO":"Nova Veneza","UF":"GO"},"geometry":{"type":"Polygon","coordinates":[[[-49.334241599999984,-16.40605389999996],[-49.33531899999997,-16.38784149999998],[-49.36235789999995,-16.38506339999998],[-49.367776299999946,-16.374590099999978],[-49.35868069999998,-16.341706099999953],[-49.363247599999966,-16.334060699999952],[-49.345285399999966,-16.326160999999956],[-49.33682589999995,-16.309928799999966],[-49.33336579999997,-16.28708809999995],[-49.344388599999945,-16.26963479999995],[-49.316489899999965,-16.28175589999995],[-49.32021169999996,-16.310066699999936],[-49.30621609999997,-16.309164299999964],[-49.294086999999934,-16.322268599999973],[-49.228011899999956,-16.31965839999998],[-49.23562799999996,-16.33055319999994],[-49.24249109999994,-16.32617799999997],[-49.26103679999994,-16.338050099999975],[-49.24995979999994,-16.351274699999976],[-49.25633639999995,-16.372341699999936],[-49.251629599999944,-16.39529049999993],[-49.25754489999997,-16.40306309999994],[-49.28037919999997,-16.398966899999948],[-49.297450899999944,-16.436837599999933],[-49.334241599999984,-16.40605389999996]]]}},{"id":"5488","type":"Feature","properties":{"COD_IBGE":"5215207","MUNICIPIO":"Novo Brasil","UF":"GO"},"geometry":{"type":"Polygon","coordinates":[[[-50.68214739999996,-16.11083199999996],[-50.808124599999985,-16.088892699999974],[-50.82371999999998,-16.070213199999955],[-50.79778219999997,-16.027872099999968],[-50.790935899999965,-16.005682599999943],[-50.79627099999993,-16.001010099999974],[-50.78451519999993,-15.999755799999946],[-50.78238539999995,-15.957946099999958],[-50.79217829999993,-15.94229219999994],[-50.777488999999946,-15.941985199999976],[-50.76654149999996,-15.925059699999963],[-50.74314089999996,-15.91884779999998],[-50.74224009999995,-15.899901399999976],[-50.723116699999935,-15.876080799999954],[-50.71112969999996,-15.899916399999938],[-50.68349219999993,-15.902397299999961],[-50.68343159999995,-15.952116799999942],[-50.61954749999995,-15.962804199999937],[-50.60439859999997,-15.99897429999993],[-50.591412299999945,-16.00996109999994],[-50.58754279999994,-16.03670139999997],[-50.57347549999997,-16.042738499999928],[-50.50516849999997,-16.006011499999943],[-50.50346349999995,-16.02103649999998],[-50.51563919999995,-16.030237399999976],[-50.489320099999986,-16.04142779999995],[-50.47395129999995,-16.07551719999998],[-50.474827999999945,-16.110072699999932],[-50.48924199999993,-16.148147799999947],[-50.50408719999996,-16.154239099999927],[-50.51756469999998,-16.17592339999993],[-50.53750919999993,-16.17490209999994],[-50.549035199999935,-16.182372199999975],[-50.57447319999994,-16.22088119999995],[-50.59510779999994,-16.232896899999957],[-50.59919129999997,-16.197356499999955],[-50.61893319999996,-16.17602569999997],[-50.60776439999995,-16.147102899999936],[-50.62148089999994,-16.146123099999954],[-50.63091429999997,-16.158610499999952],[-50.63149159999995,-16.14246049999997],[-50.65246909999996,-16.109045399999957],[-50.68214739999996,-16.11083199999996]]]}},{"id":"5489","type":"Feature","properties":{"COD_IBGE":"5215231","MUNICIPIO":"Novo Gama","UF":"GO"},"geometry":{"type":"Polygon","coordinates":[[[-48.02795099999997,-16.203560799999934],[-48.14257619999995,-16.168943499999955],[-48.149996499999986,-16.099449599999957],[-48.133007599999985,-16.08201349999996],[-48.10066279999995,-16.069392999999934],[-48.08481089999998,-16.049675899999954],[-48.017820599999936,-16.049713399999973],[-48.030294599999934,-16.091157299999963],[-48.006289899999956,-16.11826389999993],[-48.00088029999995,-16.14152239999993],[-48.02795099999997,-16.203560799999934]]]}},{"id":"5490","type":"Feature","properties":{"COD_IBGE":"5215256","MUNICIPIO":"Novo Planalto","UF":"GO"},"geometry":{"type":"Polygon","coordinates":[[[-49.908781999999974,-12.975115599999981],[-49.36831589999997,-13.272301399999947],[-49.38106049999993,-13.276585799999964],[-49.40649739999998,-13.26802209999994],[-49.44279569999998,-13.245691399999941],[-49.49446779999994,-13.251971399999945],[-49.53099849999995,-13.280396099999962],[-49.57793959999998,-13.286918399999934],[-49.590557899999965,-13.301425799999947],[-49.58342959999993,-13.31170389999994],[-49.60615309999997,-13.32122419999996],[-49.62365449999999,-13.354147499999954],[-49.64816049999996,-13.351146599999936],[-49.65682389999995,-13.371245599999952],[-49.672031699999934,-13.370818099999951],[-49.69700259999996,-13.408445899999947],[-49.705922999999984,-13.405620099999965],[-49.72150669999996,-13.423628999999949],[-49.76128419999998,-13.425804099999937],[-49.76800259999993,-13.43932289999998],[-49.773365799999965,-13.433488099999977],[-49.77993759999998,-13.439260099999956],[-49.77906809999996,-13.450283299999967],[-49.80040839999998,-13.46146639999995],[-49.81135829999994,-13.46298889999997],[-49.822869999999966,-13.452106699999945],[-49.85338359999997,-13.497956299999942],[-49.87351399999994,-13.505031899999949],[-49.87548669999995,-13.495184999999935],[-49.885285299999964,-13.491672799999947],[-49.91258719999996,-13.507124699999963],[-49.938333299999954,-13.491262399999982],[-49.98012699999998,-13.494947499999967],[-49.947063199999945,-13.45999409999996],[-49.919583899999964,-13.458767299999977],[-49.90072539999994,-13.448614199999952],[-49.881687399999976,-13.407910699999945],[-49.86201489999996,-13.39062759999996],[-49.850714299999936,-13.32749629999995],[-49.81835279999996,-13.279733399999941],[-49.825180099999955,-13.263194299999952],[-49.81764609999993,-13.243205599999953],[-49.81923829999994,-13.181861999999967],[-49.844623199999944,-13.163576999999975],[-49.84277289999994,-13.152009599999928],[-49.908781999999974,-12.975115599999981]]]}},{"id":"5491","type":"Feature","properties":{"COD_IBGE":"5215306","MUNICIPIO":"Orizona","UF":"GO"},"geometry":{"type":"Polygon","coordinates":[[[-48.26603659999995,-17.18450219999994],[-48.28733529999994,-17.166683499999976],[-48.326697699999954,-17.154296399999964],[-48.34570839999998,-17.124701999999957],[-48.49072109999997,-16.99938439999994],[-48.47827589999997,-16.990428099999974],[-48.471322499999985,-16.950937799999963],[-48.454227799999956,-16.932361899999933],[-48.41469399999994,-16.936400099999958],[-48.39876669999995,-16.919749599999932],[-48.368601299999966,-16.911176299999966],[-48.34126749999996,-16.864160999999967],[-48.309276899999986,-16.84149469999994],[-48.30187779999994,-16.81029719999998],[-48.26309029999993,-16.798592999999983],[-48.25531549999994,-16.77465129999996],[-48.26434369999998,-16.75499309999998],[-48.25888699999996,-16.739514199999974],[-48.23848929999997,-16.734028499999965],[-48.23147919999997,-16.74157889999998],[-48.217942999999934,-16.736702199999968],[-48.210992499999975,-16.74240149999997],[-48.20508199999995,-16.73350199999993],[-48.190817899999956,-16.738409299999944],[-48.17179029999994,-16.731231199999968],[-48.15526879999993,-16.737951299999963],[-48.15103499999998,-16.731529199999954],[-48.14537509999997,-16.74199049999993],[-48.10533879999997,-16.747398799999928],[-48.098986699999955,-16.76334339999994],[-48.10498339999998,-16.765895899999975],[-48.08775869999994,-16.769184399999972],[-48.07733459999997,-16.78605669999996],[-48.08135209999995,-16.797158499999966],[-48.07376839999995,-16.80294509999993],[-48.08303749999993,-16.83320139999995],[-48.07712769999995,-16.845766399999945],[-48.08777719999995,-16.85715099999993],[-48.07685299999997,-16.88062089999994],[-48.08912799999996,-16.89160279999993],[-48.07824139999997,-16.906949699999927],[-48.07502969999996,-16.930662499999983],[-48.030672799999934,-16.922166299999958],[-48.016216199999974,-16.928339499999936],[-48.00182259999997,-16.95160139999996],[-47.91797939999998,-17.009934399999963],[-47.928427399999975,-17.01475949999997],[-47.92883699999993,-17.024364299999945],[-47.936815199999955,-17.021145199999978],[-47.936593399999936,-17.03616139999997],[-47.973987199999954,-17.066085099999952],[-47.98192739999996,-17.07795269999997],[-47.97864539999995,-17.085960599999964],[-47.98951519999997,-17.084772199999975],[-47.988169099999936,-17.09717029999996],[-47.99505469999997,-17.09907379999993],[-47.998125399999935,-17.12484569999998],[-48.00569999999993,-17.131536899999958],[-48.00223099999994,-17.14677699999993],[-48.02374169999996,-17.16479479999998],[-48.01880189999997,-17.17512709999994],[-48.03279519999995,-17.185382299999958],[-48.032128899999975,-17.195717599999966],[-48.060769999999934,-17.20100739999998],[-48.056330299999956,-17.21452439999996],[-48.07212579999998,-17.210163299999977],[-48.07497129999996,-17.229659399999946],[-48.08880289999996,-17.235739299999977],[-48.086377599999935,-17.248805199999936],[-48.11112739999993,-17.26833449999998],[-48.11952569999994,-17.26546499999995],[-48.12107759999998,-17.279214199999956],[-48.138221499999986,-17.277775799999972],[-48.14938449999994,-17.292691699999978],[-48.19928109999995,-17.310168399999952],[-48.19573989999998,-17.298841299999935],[-48.20368569999994,-17.301715099999967],[-48.210289699999976,-17.289639499999964],[-48.186879499999975,-17.274148099999934],[-48.22173289999995,-17.235942799999975],[-48.22001999999998,-17.206247899999937],[-48.237021399999946,-17.18622709999994],[-48.26603659999995,-17.18450219999994]]]}},{"id":"5492","type":"Feature","properties":{"COD_IBGE":"5215405","MUNICIPIO":"Ouro Verde de Goiás","UF":"GO"},"geometry":{"type":"Polygon","coordinates":[[[-49.228011899999956,-16.31965839999998],[-49.290596999999934,-16.322939599999927],[-49.30518379999995,-16.311722499999973],[-49.27548319999994,-16.263801599999965],[-49.28812999999997,-16.233094299999948],[-49.310852899999986,-16.230433999999946],[-49.27268369999996,-16.21718999999996],[-49.266272999999956,-16.200179799999944],[-49.243015999999955,-16.207708699999955],[-49.226963799999965,-16.18990809999997],[-49.21583609999993,-16.191048199999955],[-49.203123999999946,-16.171877999999936],[-49.20646409999995,-16.161274899999967],[-49.18885739999996,-16.142268099999967],[-49.16641149999998,-16.19034899999997],[-49.15529049999998,-16.193395599999974],[-49.15641279999994,-16.208503599999972],[-49.14267799999993,-16.230543599999976],[-49.152955099999986,-16.25034279999994],[-49.17844519999994,-16.263735399999973],[-49.16505379999995,-16.314291499999968],[-49.18380709999997,-16.324675799999966],[-49.193443299999956,-16.346416099999942],[-49.21435699999995,-16.339509499999963],[-49.228011899999956,-16.31965839999998]]]}},{"id":"5493","type":"Feature","properties":{"COD_IBGE":"5215504","MUNICIPIO":"Ouvidor","UF":"GO"},"geometry":{"type":"Polygon","coordinates":[[[-47.86418199999997,-18.21789719999998],[-47.86168539999994,-18.19648849999993],[-47.85052439999998,-18.18766679999993],[-47.84079809999997,-18.156321799999944],[-47.79679699999997,-18.124257799999953],[-47.758041299999945,-18.117096599999968],[-47.74584489999995,-18.12771769999995],[-47.69054339999997,-18.131793699999946],[-47.68840769999997,-18.148148499999934],[-47.67678139999998,-18.155587999999966],[-47.68953259999995,-18.169466799999952],[-47.66501949999997,-18.157200399999965],[-47.652588399999956,-18.18454669999994],[-47.64039299999996,-18.172551099999964],[-47.637198799999965,-18.195072099999948],[-47.652520899999956,-18.216525899999965],[-47.63028189999994,-18.209547099999952],[-47.627963799999975,-18.217638299999976],[-47.64171289999996,-18.22228279999996],[-47.62657909999996,-18.224884999999972],[-47.63669109999995,-18.23969829999993],[-47.60222459999994,-18.251453999999967],[-47.61009939999997,-18.264104799999927],[-47.617161299999964,-18.24842069999994],[-47.62496319999997,-18.26052459999994],[-47.618182099999956,-18.27029529999993],[-47.638769999999965,-18.287678099999937],[-47.61020989999997,-18.31571249999996],[-47.71423619999996,-18.29009979999995],[-47.87692119999997,-18.283265399999948],[-47.87272479999996,-18.25271779999997],[-47.87873209999998,-18.240769299999954],[-47.86940359999994,-18.229269599999952],[-47.87554929999993,-18.223476199999936],[-47.86418199999997,-18.21789719999998]]]}},{"id":"5494","type":"Feature","properties":{"COD_IBGE":"5215603","MUNICIPIO":"Padre Bernardo","UF":"GO"},"geometry":{"type":"Polygon","coordinates":[[[-48.24876869999997,-15.659358299999951],[-48.25719349999997,-15.645918499999937],[-48.28872249999995,-15.636979599999961],[-48.30828079999998,-15.621474399999954],[-48.34928729999996,-15.636047499999961],[-48.38459779999994,-15.611095899999953],[-48.38140629999998,-15.622576599999945],[-48.391264399999955,-15.644756299999926],[-48.40887189999995,-15.655254599999978],[-48.48041319999993,-15.619818299999963],[-48.51769159999998,-15.61033249999997],[-48.52519529999995,-15.616041399999972],[-48.524158599999964,-15.60576459999993],[-48.54587559999993,-15.606911799999978],[-48.54478169999993,-15.583276199999943],[-48.55955389999997,-15.583964299999934],[-48.56661449999996,-15.572794299999941],[-48.56131959999993,-15.569366399999979],[-48.58277319999996,-15.554372399999977],[-48.58680399999997,-15.535944599999937],[-48.59137909999998,-15.540913599999953],[-48.59836519999993,-15.53389379999993],[-48.590513199999975,-15.529596099999935],[-48.59060089999997,-15.51411239999993],[-48.58009589999995,-15.509088099999929],[-48.58003899999994,-15.48135469999994],[-48.55653149999995,-15.469638699999962],[-48.55298559999994,-15.455734199999938],[-48.569042499999966,-15.445439399999941],[-48.57094879999994,-15.435162899999966],[-48.56028429999998,-15.43218399999995],[-48.564812899999936,-15.420649099999935],[-48.55816579999998,-15.418529899999953],[-48.56531899999993,-15.41086409999997],[-48.55943629999996,-15.399541799999952],[-48.56747769999998,-15.39851589999995],[-48.56118319999996,-15.394885699999975],[-48.57056109999996,-15.39397889999998],[-48.56443789999997,-15.388579599999957],[-48.56874709999994,-15.376234999999951],[-48.59295489999994,-15.365273699999932],[-48.58538839999994,-15.355718999999965],[-48.57120549999996,-15.357600099999956],[-48.58601729999998,-15.340307099999961],[-48.58006869999997,-15.327316099999962],[-48.57383719999996,-15.329728399999965],[-48.58708629999995,-15.318753299999969],[-48.58590849999996,-15.308520999999928],[-48.593978499999935,-15.30493389999998],[-48.58528449999994,-15.299838099999931],[-48.59532879999995,-15.290280199999927],[-48.572928099999956,-15.279857999999933],[-48.58435499999996,-15.270151599999963],[-48.57329389999995,-15.268428899999947],[-48.565787899999975,-15.25890499999997],[-48.56976729999997,-15.245652999999947],[-48.559274399999936,-15.241237499999954],[-48.562077099999954,-15.23323819999996],[-48.58343759999997,-15.22605729999998],[-48.576927799999964,-15.217191899999932],[-48.584572399999956,-15.220010899999977],[-48.58825509999997,-15.197234499999979],[-48.61802739999996,-15.171971699999972],[-48.60692929999993,-15.15025049999997],[-48.58686669999997,-15.153376899999955],[-48.57352839999999,-15.17037929999998],[-48.57045679999993,-15.157626899999968],[-48.55614819999994,-15.165456399999982],[-48.556885799999975,-15.172671299999934],[-48.547619699999984,-15.166065799999956],[-48.54443489999994,-15.17509089999993],[-48.531936299999984,-15.162334199999975],[-48.51427219999994,-15.155363999999963],[-48.51201529999997,-15.161473099999967],[-48.49894819999997,-15.151816599999961],[-48.505595599999936,-15.143398199999979],[-48.487390999999946,-15.12885689999996],[-48.48673169999995,-15.116752499999961],[-48.42815889999997,-15.097040599999957],[-48.42362799999995,-15.086594399999967],[-48.40539849999993,-15.105898499999967],[-48.400442199999986,-15.098372599999948],[-48.365629299999966,-15.090048299999978],[-48.360529199999974,-15.099567099999945],[-48.35427729999998,-15.096417999999971],[-48.35545459999997,-15.105899499999964],[-48.33867799999996,-15.095921699999963],[-48.33938929999994,-15.10722629999998],[-48.32795029999994,-15.102118099999927],[-48.322091299999954,-15.112841499999945],[-48.31603469999993,-15.10270479999997],[-48.30543049999994,-15.112581499999976],[-48.305115899999976,-15.095814799999971],[-48.28617459999998,-15.112044199999957],[-48.286531199999956,-15.100583299999983],[-48.27231999999998,-15.107387199999948],[-48.24685359999995,-15.127654699999937],[-48.22702869999995,-15.126705999999956],[-48.23185639999997,-15.119510099999957],[-48.219136799999944,-15.121783599999958],[-48.21482919999994,-15.11264529999994],[-48.21254749999997,-15.125225099999966],[-48.19887649999998,-15.126216299999953],[-48.181763699999976,-15.141859099999976],[-48.161794199999974,-15.146186199999931],[-48.153219399999955,-15.13524469999993],[-48.146182299999964,-15.143084999999928],[-48.13930669999996,-15.135198999999943],[-48.119429999999966,-15.140273799999932],[-48.11558219999995,-15.153596499999935],[-48.10789079999995,-15.146999799999946],[-48.08752049999998,-15.169741599999952],[-48.08151909999998,-15.19554549999998],[-48.054299699999945,-15.19742359999998],[-48.032336499999985,-15.212695899999972],[-48.02689329999998,-15.206465599999945],[-48.01463299999995,-15.211123699999973],[-48.02003609999997,-15.213074399999982],[-48.01120739999993,-15.225309599999946],[-48.01300319999996,-15.237703199999942],[-47.999904199999946,-15.245123599999943],[-48.00588749999997,-15.24736809999996],[-47.98988779999996,-15.266736399999957],[-47.99610099999995,-15.272748599999943],[-47.97014089999993,-15.281036799999981],[-47.96788319999996,-15.327923899999973],[-47.92212329999995,-15.360618599999952],[-47.94960699999996,-15.407156399999963],[-47.95261179999994,-15.440456899999958],[-47.96695889999995,-15.443004999999971],[-47.96707959999998,-15.448958799999957],[-47.97318939999997,-15.441919999999982],[-47.98615549999994,-15.444803399999955],[-48.02356669999995,-15.46506249999993],[-48.04198999999994,-15.463428299999975],[-48.04983539999995,-15.483135299999958],[-48.04593269999998,-15.493554399999937],[-48.054303499999946,-15.502231999999935],[-48.200008999999966,-15.502278299999944],[-48.19972979999994,-15.62291399999998],[-48.21821539999996,-15.623335899999972],[-48.23416019999996,-15.641909099999964],[-48.23486459999998,-15.660037099999954],[-48.24876869999997,-15.659358299999951]]]}},{"id":"5495","type":"Feature","properties":{"COD_IBGE":"5215652","MUNICIPIO":"Palestina de Goiás","UF":"GO"},"geometry":{"type":"Polygon","coordinates":[[[-51.65700819999995,-16.866599599999972],[-51.67035699999997,-16.83801669999997],[-51.65449669999998,-16.82093569999995],[-51.66043549999995,-16.796787499999937],[-51.63451689999994,-16.772133399999973],[-51.63270529999994,-16.757324899999958],[-51.601536599999974,-16.756220999999982],[-51.588294099999985,-16.74031259999998],[-51.599688699999945,-16.722873899999968],[-51.59843299999994,-16.70259169999997],[-51.61615349999994,-16.68506789999998],[-51.606199799999956,-16.681713899999977],[-51.605733499999985,-16.66914049999997],[-51.57489009999995,-16.662534499999936],[-51.56891289999999,-16.649920299999962],[-51.551457599999935,-16.642810899999972],[-51.552828199999965,-16.628369599999928],[-51.54005499999994,-16.623012399999936],[-51.53990749999997,-16.604813599999943],[-51.52623529999994,-16.601063599999975],[-51.503138099999944,-16.571135899999945],[-51.502607799999964,-16.555227599999967],[-51.510372099999984,-16.547611599999982],[-51.50629829999997,-16.536891199999957],[-51.49032689999996,-16.541979199999957],[-51.444943499999965,-16.52212149999997],[-51.41739469999993,-16.493242899999927],[-51.421939899999984,-16.48279409999998],[-51.40149789999998,-16.468322799999953],[-51.37789799999996,-16.464760499999954],[-51.355377799999985,-16.483593199999973],[-51.34486549999997,-16.478163999999936],[-51.34945769999996,-16.492388499999947],[-51.33706099999995,-16.498124299999972],[-51.33958279999996,-16.509073499999943],[-51.32411639999998,-16.507991799999957],[-51.32830169999994,-16.51277559999994],[-51.31883389999996,-16.522655999999927],[-51.30704829999996,-16.51927399999994],[-51.31208589999994,-16.525712899999974],[-51.30039969999996,-16.550260699999967],[-51.28870519999998,-16.554636099999982],[-51.309184699999946,-16.56498709999994],[-51.27371889999995,-16.614976299999967],[-51.257714299999975,-16.616321399999947],[-51.25511329999995,-16.636450099999934],[-51.262522099999956,-16.646735599999943],[-51.242637599999966,-16.66073069999993],[-51.22958659999995,-16.69465349999996],[-51.22059809999996,-16.697195699999952],[-51.22984309999998,-16.71009269999996],[-51.221894599999985,-16.72949109999996],[-51.235947299999964,-16.739180699999963],[-51.257131399999935,-16.78288079999993],[-51.298581799999965,-16.783389799999952],[-51.32035019999995,-16.79383059999998],[-51.32273669999995,-16.803456899999958],[-51.35011429999997,-16.80208669999996],[-51.36449859999993,-16.827592799999934],[-51.38424799999996,-16.815931099999943],[-51.407178199999976,-16.822243499999956],[-51.41756809999998,-16.82778019999995],[-51.417749699999945,-16.855274299999962],[-51.45517539999997,-16.863684099999944],[-51.46316429999996,-16.87541649999997],[-51.48056279999997,-16.879050099999972],[-51.483614099999954,-16.88928459999994],[-51.50338919999996,-16.884782799999982],[-51.52872009999999,-16.89297279999994],[-51.53906399999994,-16.88650279999996],[-51.54894929999995,-16.89442809999997],[-51.56202609999997,-16.87914989999996],[-51.58781329999994,-16.877089499999954],[-51.611244599999964,-16.888305699999933],[-51.64140859999998,-16.928106999999954],[-51.65942649999994,-16.921531199999947],[-51.650715799999944,-16.89897099999996],[-51.65843709999996,-16.897106599999972],[-51.65700819999995,-16.866599599999972]]]}},{"id":"5496","type":"Feature","properties":{"COD_IBGE":"5215702","MUNICIPIO":"Palmeiras de Goiás","UF":"GO"},"geometry":{"type":"Polygon","coordinates":[[[-49.906393099999946,-16.616487199999938],[-49.88394029999995,-16.641273699999942],[-49.77809609999997,-16.638169199999936],[-49.749855199999956,-16.65367059999994],[-49.73215399999998,-16.637998799999934],[-49.71714869999994,-16.64524389999997],[-49.73576149999997,-16.67956709999993],[-49.730800999999985,-16.692453599999965],[-49.74555789999994,-16.701223599999935],[-49.764952799999946,-16.730552399999965],[-49.761589999999956,-16.74869599999994],[-49.77946869999994,-16.76513669999997],[-49.78235959999995,-16.781315999999947],[-49.77511849999996,-16.80178989999996],[-49.76817299999993,-16.800679299999956],[-49.75810009999998,-16.816652999999974],[-49.76532599999996,-16.824635099999966],[-49.75611889999993,-16.825905099999943],[-49.754821799999945,-16.85206469999997],[-49.72776189999996,-16.872454699999935],[-49.74020759999996,-16.893228299999976],[-49.725244499999974,-16.93311499999993],[-49.73753789999995,-16.946027699999945],[-49.75770019999993,-16.943384299999934],[-49.77704149999994,-16.92208679999993],[-49.77749769999997,-16.908745099999976],[-49.80252309999997,-16.902918599999964],[-49.82331799999997,-16.922403999999972],[-49.82009569999997,-16.952446599999973],[-49.827724699999976,-16.95931459999997],[-49.85312879999998,-16.943583599999954],[-49.88040289999998,-16.974206599999945],[-49.899773299999936,-16.954111499999954],[-49.927474899999936,-16.960550499999954],[-49.931505999999956,-16.986792599999944],[-49.94653639999996,-16.995020599999975],[-49.94423759999995,-17.01834139999994],[-49.95793489999994,-17.039091799999937],[-50.04047949999995,-17.081521799999962],[-50.06888369999996,-17.083568699999944],[-50.079921799999966,-17.076047399999936],[-50.073652599999946,-17.066060799999946],[-50.08136119999995,-17.04793019999994],[-50.07021619999995,-17.02547569999996],[-50.064044499999966,-17.025773799999968],[-50.05884119999996,-16.993852199999935],[-50.03295809999997,-16.96076489999996],[-50.03707149999997,-16.93591319999996],[-50.07075009999994,-16.91696049999996],[-50.08868899999993,-16.919754099999977],[-50.08799949999997,-16.936872999999935],[-50.10731649999997,-16.952468599999975],[-50.14045699999997,-16.93520979999994],[-50.155422199999975,-16.91528219999998],[-50.136101199999985,-16.912029899999936],[-50.127895699999954,-16.90128089999996],[-50.10462739999997,-16.899709899999948],[-50.099266099999966,-16.89085179999995],[-50.10386509999995,-16.798109299999965],[-50.15931509999996,-16.72244809999995],[-50.149978499999975,-16.680713799999978],[-50.00528299999996,-16.620140099999958],[-49.973749199999986,-16.58955199999997],[-49.94596829999995,-16.600936899999965],[-49.92432059999993,-16.628869299999963],[-49.91915289999997,-16.61866809999998],[-49.906393099999946,-16.616487199999938]]]}},{"id":"5497","type":"Feature","properties":{"COD_IBGE":"5215801","MUNICIPIO":"Palmelo","UF":"GO"},"geometry":{"type":"Polygon","coordinates":[[[-48.42706119999997,-17.32057489999994],[-48.408559099999934,-17.27546609999996],[-48.428279799999984,-17.259935199999973],[-48.40495499999997,-17.239205599999934],[-48.374009299999955,-17.269109999999955],[-48.37417529999993,-17.288792499999943],[-48.38382589999998,-17.303877099999966],[-48.36938169999996,-17.309716999999978],[-48.365422499999966,-17.335864199999946],[-48.376052999999956,-17.36770599999994],[-48.388749099999984,-17.372736799999927],[-48.39207299999998,-17.346252999999933],[-48.43312049999997,-17.33910819999994],[-48.43921259999996,-17.323056299999962],[-48.42706119999997,-17.32057489999994]]]}},{"id":"5498","type":"Feature","properties":{"COD_IBGE":"5215900","MUNICIPIO":"Palminópolis","UF":"GO"},"geometry":{"type":"Polygon","coordinates":[[[-50.10633569999993,-16.794738199999927],[-50.099266099999966,-16.89085179999995],[-50.10462739999997,-16.899709899999948],[-50.15231869999997,-16.911923899999977],[-50.143007799999964,-16.932523999999944],[-50.15165449999995,-16.93965079999998],[-50.17816559999994,-16.93378619999993],[-50.19146129999996,-16.920175899999947],[-50.21485919999998,-16.921898099999964],[-50.26064179999997,-16.892929799999933],[-50.28050639999998,-16.899905299999944],[-50.29100669999997,-16.861401899999976],[-50.30292419999995,-16.85792559999993],[-50.29494029999995,-16.83966369999996],[-50.301361199999974,-16.82212599999997],[-50.288527399999964,-16.80738599999995],[-50.28291159999998,-16.81001939999993],[-50.27897649999994,-16.796750499999973],[-50.27430039999996,-16.80143529999998],[-50.26132919999998,-16.780403599999943],[-50.254162399999984,-16.73319609999993],[-50.226115799999945,-16.720160499999963],[-50.22373719999996,-16.71022769999996],[-50.203883099999985,-16.702430899999968],[-50.19208729999997,-16.68559829999998],[-50.15999249999993,-16.687579899999946],[-50.149978499999975,-16.680713799999978],[-50.15931509999996,-16.72244809999995],[-50.10633569999993,-16.794738199999927]]]}},{"id":"5499","type":"Feature","properties":{"COD_IBGE":"5216007","MUNICIPIO":"Panamá","UF":"GO"},"geometry":{"type":"Polygon","coordinates":[[[-49.37453279999994,-18.137477599999954],[-49.350789599999985,-18.182227099999977],[-49.34354749999994,-18.18174799999997],[-49.333406199999956,-18.17074789999998],[-49.318534899999975,-18.17071459999994],[-49.31335279999996,-18.157546799999977],[-49.295380799999975,-18.14745359999995],[-49.27895149999995,-18.149032699999964],[-49.28286189999994,-18.15766009999993],[-49.26674779999996,-18.161428099999966],[-49.25100359999993,-18.179710799999953],[-49.259064999999964,-18.189198499999975],[-49.238672099999974,-18.204705699999977],[-49.23787009999995,-18.223230499999943],[-49.25450659999996,-18.23068569999998],[-49.28479979999997,-18.228814099999965],[-49.29612519999995,-18.245692599999927],[-49.32757959999998,-18.26706269999994],[-49.33072469999996,-18.280925699999955],[-49.36650679999997,-18.29202559999993],[-49.37617239999997,-18.31158419999997],[-49.38785869999998,-18.314641499999937],[-49.38304869999996,-18.32219129999993],[-49.39504949999997,-18.338097499999947],[-49.40796739999996,-18.34177509999995],[-49.416674899999975,-18.327762699999937],[-49.411539699999935,-18.31458669999995],[-49.41631249999995,-18.290438199999983],[-49.47578249999998,-18.272482599999933],[-49.48690739999995,-18.24119639999998],[-49.509391499999936,-18.213553499999932],[-49.52517759999995,-18.210171299999956],[-49.54136999999997,-18.222726999999963],[-49.549694399999964,-18.20569329999995],[-49.53739939999997,-18.19331489999996],[-49.541105399999935,-18.17637449999995],[-49.52679009999997,-18.17796089999996],[-49.51295179999994,-18.16160549999995],[-49.52584529999996,-18.15583819999995],[-49.510712499999954,-18.14754679999993],[-49.52008399999994,-18.138856699999963],[-49.50857569999994,-18.13007159999995],[-49.51258829999995,-18.11660809999995],[-49.49190029999994,-18.111636199999964],[-49.51297959999994,-18.091836199999932],[-49.49799249999995,-18.078392399999927],[-49.492363599999976,-18.087742399999968],[-49.45739309999993,-18.092267299999946],[-49.44926799999996,-18.110175999999967],[-49.42229409999993,-18.12190259999994],[-49.413090299999965,-18.139971999999943],[-49.38279869999997,-18.145231899999942],[-49.37453279999994,-18.137477599999954]]]}},{"id":"5500","type":"Feature","properties":{"COD_IBGE":"5216304","MUNICIPIO":"Paranaiguara","UF":"GO"},"geometry":{"type":"Polygon","coordinates":[[[-50.60260109999996,-18.926809599999956],[-50.67901199999994,-18.91343519999998],[-50.67480849999998,-18.92882089999995],[-50.68141259999993,-18.95777419999996],[-50.70941579999993,-18.995386499999938],[-50.73848399999997,-18.971680299999946],[-50.76684019999993,-18.96459219999997],[-50.787079699999936,-18.940153799999962],[-50.81452059999998,-18.941053299999965],[-50.835006599999986,-18.92280539999996],[-50.83103149999994,-18.88337439999998],[-50.818366899999944,-18.869450599999936],[-50.839624699999945,-18.744962999999927],[-50.788442299999986,-18.656878399999982],[-50.75761669999997,-18.683905599999946],[-50.72529799999995,-18.694099499999936],[-50.69428659999994,-18.727247199999965],[-50.68250339999997,-18.72318489999998],[-50.685329999999965,-18.734476099999938],[-50.673807099999976,-18.731295899999964],[-50.674237199999936,-18.74722079999998],[-50.65096589999996,-18.746105799999953],[-50.64629489999999,-18.758330499999943],[-50.64366069999994,-18.749188299999958],[-50.63025269999997,-18.745218999999963],[-50.63025699999997,-18.754820699999982],[-50.607510599999955,-18.753894499999944],[-50.57799189999997,-18.77244859999996],[-50.56948909999994,-18.769054799999935],[-50.57118539999993,-18.751468599999953],[-50.58206249999995,-18.747821099999953],[-50.58856509999998,-18.73326499999996],[-50.588197099999945,-18.680461399999956],[-50.56102999999996,-18.642808599999967],[-50.552817199999936,-18.61609629999998],[-50.523034199999984,-18.62054519999998],[-50.51949559999997,-18.64650739999996],[-50.50347069999998,-18.654218799999967],[-50.48940859999993,-18.679876399999955],[-50.441336399999955,-18.702529099999936],[-50.42904999999996,-18.70023679999997],[-50.42146739999998,-18.710291199999972],[-50.427805399999954,-18.721031599999947],[-50.42082739999995,-18.735851499999967],[-50.408740499999965,-18.735409299999958],[-50.365630899999985,-18.761228199999948],[-50.35232359999998,-18.760297799999933],[-50.37857489999993,-18.814648699999964],[-50.42349269999994,-18.83265319999998],[-50.44150309999998,-18.89078989999996],[-50.468215999999984,-18.91916109999994],[-50.47315219999996,-18.92142599999994],[-50.49481849999995,-18.892951799999935],[-50.53940869999997,-18.91123259999995],[-50.56622349999998,-18.90653969999994],[-50.60260109999996,-18.926809599999956]]]}},{"id":"5501","type":"Feature","properties":{"COD_IBGE":"5216403","MUNICIPIO":"Paraúna","UF":"GO"},"geometry":{"type":"Polygon","coordinates":[[[-50.27810649999998,-16.96608379999998],[-50.27395579999995,-16.97996939999996],[-50.29647129999995,-16.992980699999976],[-50.29014149999995,-17.008730199999945],[-50.299233999999956,-17.020911599999977],[-50.28935899999993,-17.032582799999943],[-50.297311699999966,-17.041244699999936],[-50.28661349999993,-17.04897029999995],[-50.308688899999936,-17.071268999999972],[-50.300477599999965,-17.082510599999978],[-50.287873299999944,-17.077890499999967],[-50.29164209999993,-17.09010369999993],[-50.29788989999997,-17.08851519999996],[-50.29936049999998,-17.10470449999997],[-50.28344699999997,-17.10097559999997],[-50.287483899999984,-17.108408099999963],[-50.27424369999994,-17.118497599999955],[-50.29715229999994,-17.13418829999995],[-50.27778719999998,-17.14233109999998],[-50.270316299999934,-17.155825999999934],[-50.29692239999997,-17.180518399999983],[-50.25794479999996,-17.20993519999996],[-50.25965089999994,-17.225703099999976],[-50.247153099999935,-17.225539199999957],[-50.25068089999996,-17.235856399999932],[-50.23296919999996,-17.237289799999928],[-50.23830819999995,-17.255201799999952],[-50.229668799999956,-17.261039099999948],[-50.24494459999994,-17.271237499999927],[-50.26025959999998,-17.249174599999947],[-50.28147629999995,-17.250612199999978],[-50.32837799999999,-17.283984699999962],[-50.334670899999935,-17.298559199999943],[-50.35417309999997,-17.302458899999976],[-50.39203169999996,-17.188808999999935],[-50.42132979999997,-17.228089299999965],[-50.429868699999986,-17.28665099999995],[-50.45044889999997,-17.30742879999997],[-50.45810749999998,-17.330389599999933],[-50.515162299999986,-17.345472099999938],[-50.500351199999955,-17.374758399999962],[-50.51025469999996,-17.402480199999957],[-50.52648879999998,-17.407718699999975],[-50.52677109999996,-17.430472599999973],[-50.53237269999994,-17.43144929999994],[-50.54171749999995,-17.414688199999944],[-50.56081599999993,-17.41478909999995],[-50.557331799999986,-17.405017199999975],[-50.581505499999935,-17.404730599999937],[-50.588648999999975,-17.412066799999934],[-50.59038949999996,-17.395489399999974],[-50.60448909999997,-17.399317699999926],[-50.599125699999945,-17.383384399999954],[-50.63014289999995,-17.367354099999943],[-50.63611039999995,-17.386917899999958],[-50.64840079999993,-17.376714299999946],[-50.64041469999995,-17.369242399999962],[-50.654711299999974,-17.36255319999998],[-50.655732099999966,-17.348612799999955],[-50.66308209999994,-17.360326699999973],[-50.671892799999966,-17.35781359999993],[-50.66933579999994,-17.351298199999974],[-50.68198399999994,-17.336406299999965],[-50.67687159999997,-17.330407599999944],[-50.69817539999997,-17.319658499999946],[-50.691248299999984,-17.297851299999934],[-50.705703599999936,-17.307186799999954],[-50.704959299999985,-17.30045679999995],[-50.71876899999995,-17.29685939999996],[-50.718224299999974,-17.283341999999948],[-50.72578589999995,-17.287601199999926],[-50.737864799999954,-17.267852799999957],[-50.723481799999945,-17.257567499999936],[-50.72978669999998,-17.254224999999963],[-50.71817219999997,-17.25112059999998],[-50.72906389999997,-17.237445299999933],[-50.75211699999994,-17.232767499999966],[-50.77624739999993,-17.188143399999944],[-50.79728949999998,-17.180667599999936],[-50.82130079999996,-17.192354799999976],[-50.83614979999993,-17.18485979999997],[-50.83692529999996,-17.172260199999982],[-50.869308899999965,-17.172986099999946],[-50.887561699999935,-17.155295699999954],[-50.90653299999997,-17.153966799999978],[-50.90786719999994,-17.120374599999934],[-50.92844199999996,-17.106392099999937],[-50.93125889999993,-17.094076599999937],[-50.94855709999996,-17.090634699999953],[-50.94837549999994,-17.073628199999973],[-51.002502499999935,-17.022577099999978],[-51.03132149999993,-16.970625499999926],[-51.055694399999936,-16.954561399999932],[-51.05991439999997,-16.883653599999946],[-51.051572799999974,-16.87017979999996],[-51.057112899999936,-16.860440799999935],[-51.003356199999985,-16.84469249999995],[-50.97308319999996,-16.808865799999978],[-50.96808549999997,-16.791954999999973],[-50.92429889999994,-16.783250299999963],[-50.897464699999944,-16.75490489999993],[-50.852318699999955,-16.728922599999976],[-50.819020799999976,-16.670965499999966],[-50.810221799999965,-16.70857159999997],[-50.81858259999996,-16.722397299999955],[-50.80256559999998,-16.737739199999965],[-50.80626769999998,-16.753818199999955],[-50.789914099999976,-16.79593289999997],[-50.797919899999954,-16.82133129999994],[-50.734785399999964,-16.80582929999997],[-50.70239619999995,-16.80867079999996],[-50.654607399999975,-16.839014299999974],[-50.64102049999997,-16.835019599999953],[-50.575680999999975,-16.84801239999996],[-50.571563699999956,-16.832424999999944],[-50.54927599999996,-16.82838929999997],[-50.537098399999934,-16.814290299999982],[-50.50511659999995,-16.81260979999996],[-50.48256909999998,-16.79745889999998],[-50.45027739999995,-16.797334599999942],[-50.443086799999946,-16.810446999999954],[-50.45823889999997,-16.84427329999994],[-50.45096989999996,-16.871365099999935],[-50.45574819999996,-16.88839669999993],[-50.429956499999946,-16.90194269999995],[-50.41916509999999,-16.916839099999947],[-50.39597459999993,-16.909505199999955],[-50.38786679999998,-16.895093299999928],[-50.354922199999976,-16.89423949999997],[-50.339480099999946,-16.883099799999968],[-50.31625679999996,-16.893607999999972],[-50.28435889999997,-16.890688499999953],[-50.29177129999994,-16.90610179999993],[-50.27784379999997,-16.934860499999957],[-50.28559439999998,-16.96459859999993],[-50.27810649999998,-16.96608379999998]]]}},{"id":"5502","type":"Feature","properties":{"COD_IBGE":"5216452","MUNICIPIO":"Perolândia","UF":"GO"},"geometry":{"type":"Polygon","coordinates":[[[-52.00977299999994,-17.641151399999956],[-52.05277129999996,-17.634829199999956],[-52.05294679999997,-17.64354449999996],[-52.06653319999998,-17.64860029999994],[-52.09572179999998,-17.650420399999973],[-52.14483539999998,-17.636730499999942],[-52.16051239999996,-17.643001999999967],[-52.23438509999994,-17.638369199999943],[-52.30760769999995,-17.585990299999935],[-52.30834489999995,-17.56377989999993],[-52.34396829999997,-17.52691989999994],[-52.36980399999993,-17.515023799999938],[-52.37912229999995,-17.482537499999978],[-52.365072699999985,-17.448472899999956],[-52.36943259999998,-17.42260609999994],[-52.43034879999993,-17.420297699999935],[-52.455955899999935,-17.404656399999965],[-52.48045099999996,-17.40944829999995],[-52.485366099999965,-17.396621799999934],[-52.52733929999994,-17.371922199999972],[-52.52629299999995,-17.364353499999936],[-52.473836999999946,-17.32229019999994],[-52.45350029999997,-17.32778879999995],[-52.42933829999998,-17.322928599999955],[-52.39962439999994,-17.33472089999998],[-52.38030289999995,-17.327500199999974],[-52.32746389999994,-17.333064299999933],[-52.30368409999994,-17.348405199999945],[-52.29445029999994,-17.34279609999993],[-52.29000019999995,-17.361879899999963],[-52.28353979999997,-17.363113299999952],[-52.28859139999997,-17.374938699999973],[-52.26927899999998,-17.386644399999966],[-52.26314559999997,-17.40199649999994],[-52.22423969999994,-17.391620099999955],[-52.22019259999996,-17.40561669999994],[-52.21096669999997,-17.406011399999954],[-52.219149699999946,-17.416856399999972],[-52.205938199999935,-17.421715399999982],[-52.19519239999994,-17.44076659999996],[-52.187634799999955,-17.431353399999978],[-52.16119859999998,-17.438017699999932],[-52.15612439999995,-17.427476199999944],[-52.13575679999997,-17.427141199999937],[-52.131728899999985,-17.416451699999982],[-52.115030299999944,-17.411505899999952],[-52.10622529999995,-17.41810769999995],[-52.10085389999995,-17.41020169999996],[-52.09414359999994,-17.424122299999965],[-52.098580899999945,-17.43198339999998],[-52.08435639999993,-17.431132599999955],[-52.064032699999984,-17.44407259999997],[-52.07050849999996,-17.467281899999932],[-52.06492769999994,-17.471330799999976],[-52.042121099999974,-17.46167719999994],[-52.03791929999994,-17.468425999999965],[-52.044759099999965,-17.47558749999996],[-52.03102099999995,-17.479045199999973],[-52.02628379999993,-17.50016069999998],[-52.00669529999993,-17.502056399999958],[-52.01896119999998,-17.513252999999963],[-51.995651099999975,-17.539251699999966],[-52.003809899999965,-17.545875399999943],[-51.99882729999996,-17.557038499999976],[-51.989182599999936,-17.55872519999997],[-52.006749999999954,-17.59760319999998],[-52.006045599999936,-17.617834999999957],[-51.992812199999946,-17.624845299999947],[-51.99263019999995,-17.644125499999973],[-52.00882339999998,-17.653224399999942],[-52.00977299999994,-17.641151399999956]]]}},{"id":"5503","type":"Feature","properties":{"COD_IBGE":"5216809","MUNICIPIO":"Petrolina de Goiás","UF":"GO"},"geometry":{"type":"Polygon","coordinates":[[[-49.36464549999994,-16.005719599999964],[-49.274001099999964,-16.01085269999993],[-49.27174519999994,-16.022180299999945],[-49.26235389999994,-16.020099499999958],[-49.252612099999965,-16.045847299999934],[-49.22756899999996,-16.05101049999996],[-49.22759529999996,-16.071988499999975],[-49.220546499999955,-16.079327999999975],[-49.184245199999964,-16.086094799999955],[-49.16029249999997,-16.063220299999955],[-49.154508299999975,-16.047987599999942],[-49.15920699999998,-16.036135099999967],[-49.15001349999994,-16.029866399999946],[-49.14484919999995,-16.044744299999934],[-49.13042909999996,-16.052822899999967],[-49.14374129999993,-16.056814999999972],[-49.15002419999996,-16.085715799999946],[-49.168949699999985,-16.09474169999993],[-49.18360689999997,-16.116012299999966],[-49.164801799999964,-16.13768209999995],[-49.18791599999997,-16.141021399999943],[-49.20283029999996,-16.15535619999997],[-49.203123999999946,-16.171877999999936],[-49.21583609999993,-16.191048199999955],[-49.226963799999965,-16.18990809999997],[-49.243015999999955,-16.207708699999955],[-49.266272999999956,-16.200179799999944],[-49.27268369999996,-16.21718999999996],[-49.290196599999945,-16.218810899999937],[-49.30008219999996,-16.22975279999997],[-49.310852899999986,-16.230433999999946],[-49.31994439999994,-16.21472769999997],[-49.33989049999997,-16.21788209999994],[-49.34555809999995,-16.207165999999972],[-49.37991359999995,-16.19593999999995],[-49.38431009999994,-16.187185399999976],[-49.40295569999995,-16.194410199999936],[-49.41008019999998,-16.17526739999994],[-49.426229099999944,-16.16645269999998],[-49.448573599999975,-16.16643629999993],[-49.45457989999994,-16.123087299999952],[-49.45240659999996,-16.112740499999973],[-49.44167159999995,-16.10901389999998],[-49.44398869999998,-16.09557499999994],[-49.436206399999946,-16.084776499999975],[-49.44127999999995,-16.07735349999996],[-49.43215399999997,-16.05567999999994],[-49.419907999999964,-16.051675599999953],[-49.40331649999996,-16.029894799999965],[-49.399286899999936,-16.003530699999942],[-49.37468899999993,-15.992403799999977],[-49.36464549999994,-16.005719599999964]]]}},{"id":"5504","type":"Feature","properties":{"COD_IBGE":"5216908","MUNICIPIO":"Pilar de Goiás","UF":"GO"},"geometry":{"type":"Polygon","coordinates":[[[-49.54545179999997,-14.821778199999926],[-49.59007349999996,-14.802132899999947],[-49.600170899999966,-14.81290729999995],[-49.61358789999997,-14.80754049999996],[-49.63981019999994,-14.823522599999933],[-49.64565419999997,-14.841025899999977],[-49.66310939999994,-14.70908389999994],[-49.70111719999994,-14.64086999999995],[-49.718863699999986,-14.631623799999943],[-49.73587689999994,-14.60722149999998],[-49.70395329999997,-14.595320299999969],[-49.69750299999998,-14.602395599999966],[-49.634736299999986,-14.57778879999995],[-49.64450619999997,-14.627644399999951],[-49.62555109999994,-14.631852999999978],[-49.63190479999997,-14.648499899999933],[-49.62487129999994,-14.676556799999958],[-49.61544909999998,-14.681527899999935],[-49.60473769999993,-14.66479019999997],[-49.56622179999994,-14.645932399999936],[-49.57545019999998,-14.626367799999969],[-49.55282529999994,-14.588881299999969],[-49.555146599999944,-14.56968809999995],[-49.54783119999996,-14.554079299999955],[-49.53421759999998,-14.545153199999959],[-49.54294879999998,-14.533922699999948],[-49.54097189999993,-14.515078699999947],[-49.55455829999994,-14.50193889999997],[-49.54339429999993,-14.486234599999932],[-49.54792519999995,-14.480604899999946],[-49.54086149999995,-14.464205599999957],[-49.52184659999995,-14.47559549999994],[-49.50010659999998,-14.46305469999993],[-49.48728879999993,-14.473125799999934],[-49.47302569999994,-14.464028799999937],[-49.49708359999994,-14.255230799999936],[-49.56163789999994,-14.232949599999927],[-49.56073169999996,-14.199362299999962],[-49.51702239999997,-14.21465109999997],[-49.49017029999993,-14.239699799999926],[-49.484084199999984,-14.236691599999972],[-49.483911199999966,-14.248815699999966],[-49.47663789999996,-14.246706899999936],[-49.472379599999954,-14.256768099999931],[-49.48366999999996,-14.27262909999996],[-49.470139899999936,-14.275310399999967],[-49.45850249999995,-14.292253699999947],[-49.42552999999998,-14.259469099999933],[-49.42141869999995,-14.273927999999955],[-49.42889659999997,-14.283969299999967],[-49.41754079999998,-14.29006789999994],[-49.42552539999997,-14.29928719999998],[-49.415782999999976,-14.30276159999994],[-49.41355569999996,-14.320027799999934],[-49.420759199999964,-14.32965809999996],[-49.39927519999998,-14.374454599999979],[-49.42030949999997,-14.387095899999963],[-49.40845679999995,-14.400852099999952],[-49.397842399999945,-14.40182169999997],[-49.40896509999993,-14.429654999999968],[-49.355277599999965,-14.502166399999965],[-49.36882749999995,-14.514779999999973],[-49.38936709999996,-14.502498099999968],[-49.397870299999965,-14.540021699999954],[-49.41583989999998,-14.53588609999997],[-49.44257679999998,-14.552396399999964],[-49.45481939999996,-14.583076099999971],[-49.432960399999956,-14.604481999999962],[-49.436067299999934,-14.62001829999997],[-49.46284829999996,-14.63562939999997],[-49.461708499999986,-14.661986199999944],[-49.484635699999956,-14.667826099999957],[-49.47893039999997,-14.67882069999996],[-49.494353899999965,-14.695818299999928],[-49.51015659999996,-14.696515699999964],[-49.513366099999985,-14.72088249999996],[-49.530434199999945,-14.729654099999948],[-49.53326359999994,-14.741357999999934],[-49.524023099999965,-14.760536999999943],[-49.527922599999954,-14.776316799999961],[-49.514727999999934,-14.782096899999942],[-49.493739699999935,-14.777758799999958],[-49.47050029999997,-14.800168299999939],[-49.456451699999946,-14.79728069999993],[-49.451548799999955,-14.806745199999966],[-49.44223999999997,-14.805698899999982],[-49.426989499999934,-14.818513499999938],[-49.42760279999993,-14.833383999999967],[-49.41209879999997,-14.84854439999998],[-49.43120649999997,-14.848041599999931],[-49.44523069999997,-14.871998899999937],[-49.45534379999998,-14.872181799999964],[-49.47489249999995,-14.863239599999929],[-49.48683059999996,-14.83869569999996],[-49.515939799999956,-14.835498199999961],[-49.52837859999994,-14.814820699999927],[-49.54545179999997,-14.821778199999926]]]}},{"id":"5505","type":"Feature","properties":{"COD_IBGE":"5217104","MUNICIPIO":"Piracanjuba","UF":"GO"},"geometry":{"type":"Polygon","coordinates":[[[-49.02721849999995,-17.559604199999967],[-49.07821759999996,-17.521327499999927],[-49.08984659999993,-17.543862799999943],[-49.10775389999998,-17.54406169999993],[-49.12501819999994,-17.53013809999993],[-49.15784759999997,-17.54526149999998],[-49.17383849999993,-17.54206949999997],[-49.17950629999996,-17.53147629999995],[-49.19201709999993,-17.53516339999993],[-49.205956999999955,-17.528547499999945],[-49.227067799999986,-17.505294499999934],[-49.25062639999993,-17.508896599999957],[-49.257894799999974,-17.51882409999996],[-49.29811019999994,-17.511731899999972],[-49.30195239999995,-17.507019999999955],[-49.290974699999936,-17.50722389999993],[-49.27335949999997,-17.46843869999998],[-49.261518199999955,-17.472468299999946],[-49.263837199999955,-17.45945759999995],[-49.23133039999993,-17.451006999999947],[-49.22322749999995,-17.39877389999998],[-49.24462969999996,-17.36974429999998],[-49.248085199999935,-17.34628829999997],[-49.19994879999996,-17.353514399999938],[-49.195745999999986,-17.33418709999995],[-49.20605139999998,-17.325222699999927],[-49.191971799999976,-17.322081899999944],[-49.19005599999997,-17.31493889999996],[-49.19678349999998,-17.314385699999946],[-49.18100629999998,-17.299930699999948],[-49.189324899999974,-17.295945399999937],[-49.169623899999976,-17.267157999999938],[-49.18252819999998,-17.227117499999963],[-49.18457069999994,-17.21342569999996],[-49.17626399999995,-17.205790899999954],[-49.18670249999997,-17.193485099999975],[-49.18273639999995,-17.189386799999966],[-49.195025699999974,-17.17607279999993],[-49.210296599999936,-17.176368999999966],[-49.210883199999955,-17.121856599999944],[-49.22447569999997,-17.082508099999927],[-49.192357399999935,-17.136555099999953],[-49.17502069999995,-17.11948769999998],[-49.111557999999945,-17.13602929999996],[-49.10770199999996,-17.12491639999996],[-49.119614799999965,-17.11807299999998],[-49.11913879999997,-17.09617099999997],[-49.10805779999998,-17.09445519999997],[-49.107800699999984,-17.077769399999966],[-49.092535199999986,-17.072272099999964],[-49.08985469999993,-17.07816349999996],[-49.08362209999996,-17.060342599999956],[-49.04256669999995,-17.05309969999996],[-49.03540339999995,-17.066691599999956],[-49.01390219999996,-17.06757669999996],[-48.98235329999994,-17.092387599999938],[-48.96254179999994,-17.086089899999934],[-48.960492699999975,-17.07452799999993],[-48.94063539999996,-17.078398899999968],[-48.92354979999993,-17.059001699999953],[-48.90921049999997,-17.064379799999926],[-48.88692069999996,-17.04793589999997],[-48.85993559999997,-17.04897029999995],[-48.84395159999997,-17.061820099999977],[-48.84135159999994,-17.08622589999993],[-48.800408699999934,-17.17985509999994],[-48.800178399999936,-17.216395999999975],[-48.81064139999995,-17.225032099999964],[-48.784707399999945,-17.278058699999974],[-48.78398709999993,-17.288430799999958],[-48.80601459999997,-17.31518909999994],[-48.79277709999997,-17.342974199999958],[-48.808153699999934,-17.412658999999962],[-48.80374869999997,-17.42862679999996],[-48.76391899999993,-17.460535799999946],[-48.755052699999965,-17.481899299999952],[-48.722230399999944,-17.49417029999995],[-48.70497799999998,-17.482477399999937],[-48.69931129999998,-17.533509599999945],[-48.70789499999995,-17.540416599999958],[-48.72806259999993,-17.534485899999936],[-48.75970069999994,-17.57083599999993],[-48.801733799999965,-17.57366769999993],[-48.858830599999976,-17.55902009999994],[-48.88217129999998,-17.54581399999995],[-48.88078139999993,-17.538432599999965],[-48.903290899999945,-17.531650699999943],[-48.90298089999993,-17.545046399999933],[-48.91570879999995,-17.54679079999994],[-48.91270289999994,-17.556504399999938],[-48.92708779999998,-17.56612279999996],[-48.92484029999997,-17.59999769999996],[-48.96158389999994,-17.569544099999973],[-48.97752589999993,-17.572978699999965],[-48.98332529999993,-17.56597549999998],[-49.02721849999995,-17.559604199999967]]]}},{"id":"5506","type":"Feature","properties":{"COD_IBGE":"5217203","MUNICIPIO":"Piranhas","UF":"GO"},"geometry":{"type":"Polygon","coordinates":[[[-51.868363999999985,-16.65838999999994],[-51.89949739999997,-16.63415599999996],[-51.91767329999993,-16.65004609999994],[-51.96105719999997,-16.624691199999972],[-51.97495509999993,-16.62773629999998],[-51.98630069999996,-16.60409409999994],[-52.00143239999994,-16.59292819999996],[-51.99605489999993,-16.581975599999964],[-52.004490499999974,-16.56599209999996],[-52.01445609999996,-16.569069199999944],[-52.024337499999945,-16.54643139999996],[-52.046230399999956,-16.545555899999954],[-52.052309399999956,-16.49014029999995],[-52.07719819999994,-16.48530119999998],[-52.090656199999955,-16.473798899999963],[-52.11048679999993,-16.478261499999974],[-52.12347519999997,-16.47209369999996],[-52.14088859999998,-16.446705899999927],[-52.13726339999994,-16.433085699999936],[-52.118777199999954,-16.428016899999932],[-52.12025909999994,-16.42185369999993],[-52.09419499999996,-16.39954229999995],[-52.041196499999955,-16.362063599999942],[-52.01982799999996,-16.312487199999964],[-52.002961099999936,-16.312207099999966],[-51.98856999999998,-16.29564689999995],[-51.974968399999966,-16.300167099999953],[-51.96373639999996,-16.28752499999996],[-51.961587099999974,-16.259330099999943],[-51.932016799999985,-16.253576299999963],[-51.91688149999993,-16.237452299999973],[-51.90542719999996,-16.236267699999928],[-51.90692699999994,-16.220438799999954],[-51.885040499999945,-16.202575599999932],[-51.89139899999998,-16.19714719999996],[-51.883897899999965,-16.177215799999942],[-51.902126099999975,-16.17043639999997],[-51.89561519999995,-16.12926669999996],[-51.90388319999994,-16.131314999999972],[-51.90328669999997,-16.12377369999996],[-51.89476309999998,-16.112758999999926],[-51.87211149999996,-16.10543249999995],[-51.865702899999974,-16.08619939999994],[-51.85716709999997,-16.091564699999935],[-51.829805299999975,-16.083057399999973],[-51.828083799999945,-16.09175369999997],[-51.81803339999993,-16.085005999999964],[-51.796866199999954,-16.092834299999936],[-51.79277469999994,-16.12988189999993],[-51.77031959999994,-16.17330419999996],[-51.762286899999935,-16.17217409999995],[-51.75512869999994,-16.185927799999945],[-51.733687499999974,-16.197712399999944],[-51.732862299999965,-16.22566839999996],[-51.708713399999965,-16.22741019999995],[-51.671910999999966,-16.256041799999934],[-51.67757009999997,-16.270885299999975],[-51.66613899999993,-16.280202299999928],[-51.67449899999997,-16.32573949999994],[-51.665830599999936,-16.343016399999954],[-51.64824159999995,-16.34997519999996],[-51.650427699999966,-16.364770999999962],[-51.63633429999993,-16.386544899999933],[-51.61519929999997,-16.396920499999965],[-51.67421699999994,-16.41513089999995],[-51.665072099999975,-16.430903499999943],[-51.668233499999985,-16.445172499999956],[-51.651944999999955,-16.46341179999996],[-51.65435279999997,-16.47666909999998],[-51.63896699999998,-16.48043439999998],[-51.63750309999995,-16.50597709999994],[-51.609022799999934,-16.54369749999995],[-51.57386219999995,-16.547737199999972],[-51.568884999999966,-16.55666949999994],[-51.57369419999998,-16.574146499999927],[-51.602277199999946,-16.60235719999997],[-51.63398829999994,-16.59440349999994],[-51.66938139999996,-16.59973659999997],[-51.67485889999995,-16.63691149999994],[-51.68943749999994,-16.63342419999998],[-51.70868999999993,-16.64310279999995],[-51.743389699999966,-16.62154709999993],[-51.75252729999994,-16.599524499999973],[-51.78242729999994,-16.607325699999933],[-51.79909449999997,-16.623187799999982],[-51.868363999999985,-16.65838999999994]]]}},{"id":"5507","type":"Feature","properties":{"COD_IBGE":"5217302","MUNICIPIO":"Pirenópolis","UF":"GO"},"geometry":{"type":"Polygon","coordinates":[[[-49.01869419999997,-15.572108799999967],[-48.99665219999997,-15.555028599999957],[-48.99402249999997,-15.53813839999998],[-48.957633199999975,-15.51144979999998],[-48.93439959999995,-15.512076099999945],[-48.91415099999995,-15.535466299999939],[-48.86693789999998,-15.513549299999966],[-48.84686599999998,-15.519564299999956],[-48.82032659999993,-15.50777839999995],[-48.814017399999955,-15.517635999999982],[-48.83075809999997,-15.543413699999974],[-48.804443299999946,-15.546865199999957],[-48.79145319999998,-15.557050999999944],[-48.803993899999966,-15.57462959999998],[-48.79372699999993,-15.591048899999976],[-48.82898369999998,-15.624768599999982],[-48.808487999999954,-15.635005599999943],[-48.81410669999997,-15.653152299999931],[-48.808462599999984,-15.667398599999956],[-48.82374919999995,-15.689510999999982],[-48.83266669999995,-15.689597999999933],[-48.83249089999998,-15.710235099999977],[-48.824298399999975,-15.718721199999948],[-48.836338799999965,-15.725762799999927],[-48.817470699999944,-15.753243899999973],[-48.83195329999995,-15.784817499999974],[-48.83020349999998,-15.79753409999995],[-48.861398099999974,-15.806592499999965],[-48.84339509999995,-15.843361399999935],[-48.86959919999998,-15.846877999999947],[-48.86843639999995,-15.874063699999965],[-48.89570999999995,-15.876257099999975],[-48.90180419999996,-15.88553799999994],[-48.901638799999944,-15.94967749999995],[-48.88991439999995,-15.958606699999962],[-48.90985059999997,-15.993272199999979],[-48.913536499999964,-16.018231399999934],[-48.89776989999996,-16.03235019999994],[-48.91254729999997,-16.08740389999997],[-48.93986759999996,-16.134472099999982],[-48.96293709999998,-16.12613179999994],[-48.989396699999986,-16.12756939999997],[-49.01702259999996,-16.14289359999998],[-49.056309099999964,-16.126906599999927],[-49.06522759999996,-16.13700499999993],[-49.09694399999995,-16.13449769999994],[-49.10206439999996,-16.146748799999955],[-49.14567529999994,-16.12470469999994],[-49.148683999999946,-16.13297129999995],[-49.164801799999964,-16.13768209999995],[-49.18399429999994,-16.11714269999993],[-49.168949699999985,-16.09474169999993],[-49.15002419999996,-16.085715799999946],[-49.14374129999993,-16.056814999999972],[-49.13042909999996,-16.052822899999967],[-49.14484919999995,-16.044744299999934],[-49.15001349999994,-16.029866399999946],[-49.13402529999996,-15.996143399999937],[-49.15223999999995,-15.988792099999955],[-49.151687599999946,-15.980341899999928],[-49.180127899999945,-15.958640099999968],[-49.17401829999994,-15.940935499999966],[-49.19753389999994,-15.92946429999995],[-49.19644569999997,-15.896006599999964],[-49.217336999999986,-15.857937399999969],[-49.127225399999986,-15.624547699999937],[-49.14175499999993,-15.624022799999977],[-49.14769699999994,-15.615788899999927],[-49.15364429999994,-15.627827999999965],[-49.15949859999995,-15.62177859999997],[-49.16948099999996,-15.626996299999973],[-49.176094399999954,-15.612283799999943],[-49.181316299999935,-15.616336599999954],[-49.187803299999985,-15.609763099999952],[-49.186535799999945,-15.602201299999933],[-49.14581629999998,-15.58600569999993],[-49.10186779999998,-15.537950899999942],[-49.087413899999945,-15.538334899999938],[-49.11659129999998,-15.525475699999959],[-49.09189809999998,-15.52391769999997],[-49.08110829999998,-15.511300799999958],[-49.066207299999974,-15.510515299999952],[-49.039795399999946,-15.527899199999979],[-49.01869419999997,-15.572108799999967]]]}},{"id":"5508","type":"Feature","properties":{"COD_IBGE":"5217401","MUNICIPIO":"Pires do Rio","UF":"GO"},"geometry":{"type":"Polygon","coordinates":[[[-48.37043289999997,-17.35262249999994],[-48.36938169999996,-17.309716999999978],[-48.38382589999998,-17.303877099999966],[-48.37417529999993,-17.288792499999943],[-48.37427359999998,-17.26854789999993],[-48.41168909999993,-17.230434899999977],[-48.45092939999995,-17.21435539999993],[-48.45610409999995,-17.20026779999995],[-48.607356599999946,-17.22198819999994],[-48.60214079999997,-17.200823899999932],[-48.59053709999995,-17.202144399999952],[-48.589526199999966,-17.17285229999993],[-48.577694099999974,-17.161855499999945],[-48.579332499999964,-17.138453699999957],[-48.56016219999998,-17.097570299999973],[-48.49708459999994,-17.022401999999943],[-48.501309799999945,-17.013238999999942],[-48.49014159999996,-17.002048299999956],[-48.34570839999998,-17.124701999999957],[-48.326697699999954,-17.154296399999964],[-48.28733529999994,-17.166683499999976],[-48.26925879999993,-17.184159299999976],[-48.23684199999997,-17.18636129999993],[-48.21941549999997,-17.207744299999945],[-48.22173289999995,-17.235942799999975],[-48.18685099999993,-17.274458099999947],[-48.210289699999976,-17.289639499999964],[-48.20368569999994,-17.301715099999967],[-48.19573989999998,-17.298841299999935],[-48.203066099999944,-17.32726839999998],[-48.24157859999997,-17.32887729999993],[-48.24151829999994,-17.36191969999993],[-48.25729329999996,-17.35946999999993],[-48.26765969999997,-17.383155899999963],[-48.26272469999998,-17.391152899999952],[-48.27575649999994,-17.39575549999995],[-48.277835799999934,-17.411203499999942],[-48.287140499999964,-17.41122299999995],[-48.28305169999993,-17.431571799999972],[-48.30251489999995,-17.43259029999996],[-48.31117329999995,-17.44901509999994],[-48.34629909999995,-17.45042669999998],[-48.365287799999976,-17.464840099999947],[-48.37980259999995,-17.506031399999927],[-48.36466079999997,-17.51151939999994],[-48.36403749999994,-17.52389379999994],[-48.38773549999996,-17.522067999999933],[-48.38842599999998,-17.53321079999995],[-48.37591999999995,-17.535887699999932],[-48.37459119999994,-17.54850239999996],[-48.38252449999993,-17.55100189999996],[-48.39239799999996,-17.573667099999966],[-48.403579599999944,-17.566701099999932],[-48.41329929999995,-17.570219399999928],[-48.39689869999995,-17.58553269999993],[-48.41355489999995,-17.58282479999997],[-48.448695199999975,-17.614432199999953],[-48.45487439999994,-17.596586999999943],[-48.466831499999955,-17.60164579999997],[-48.468509799999936,-17.58825049999996],[-48.48570569999998,-17.59167709999997],[-48.502395899999954,-17.57168009999998],[-48.479678399999955,-17.56182759999996],[-48.460011399999985,-17.51194099999998],[-48.44204769999993,-17.497968899999933],[-48.43794389999994,-17.45228439999994],[-48.44512059999994,-17.44937559999994],[-48.44698379999994,-17.434451099999933],[-48.41444829999995,-17.342743799999937],[-48.39183829999996,-17.346387999999934],[-48.394122599999946,-17.354677599999945],[-48.38419609999994,-17.374621499999932],[-48.37043289999997,-17.35262249999994]]]}},{"id":"5509","type":"Feature","properties":{"COD_IBGE":"5217609","MUNICIPIO":"Planaltina","UF":"GO"},"geometry":{"type":"Polygon","coordinates":[[[-47.48038139999994,-15.397046899999964],[-47.49274819999994,-15.501921099999947],[-48.054303499999946,-15.502231999999935],[-48.04593269999998,-15.493554399999937],[-48.04983539999995,-15.483135299999958],[-48.04198999999994,-15.463428299999975],[-48.02356669999995,-15.46506249999993],[-47.98615549999994,-15.444803399999955],[-47.97318939999997,-15.441919999999982],[-47.96707959999998,-15.448958799999957],[-47.96695889999995,-15.443004999999971],[-47.952737999999954,-15.440648199999941],[-47.94960699999996,-15.407156399999963],[-47.92212329999995,-15.360618599999952],[-47.96788319999996,-15.327923899999973],[-47.97014089999993,-15.281036799999981],[-47.99610099999995,-15.272748599999943],[-47.98988779999996,-15.266736399999957],[-48.00588749999997,-15.24736809999996],[-47.999904199999946,-15.245123599999943],[-48.01300319999996,-15.237703199999942],[-48.01120739999993,-15.225309599999946],[-48.02003609999997,-15.213074399999982],[-48.01463299999995,-15.211123699999973],[-48.02689329999998,-15.206465599999945],[-48.032336499999985,-15.212695899999972],[-48.054299699999945,-15.19742359999998],[-48.08151909999998,-15.19554549999998],[-48.08752049999998,-15.169741599999952],[-48.10734819999993,-15.147300299999927],[-48.093097599999965,-15.135810999999933],[-48.07130339999998,-15.150738299999944],[-48.055627399999935,-15.13194969999995],[-48.03529959999997,-15.138864399999932],[-48.015867499999956,-15.133731599999976],[-48.002977199999975,-15.121165399999938],[-48.00576789999997,-15.11590179999996],[-47.99461119999995,-15.119647499999928],[-47.987556799999936,-15.102652499999976],[-47.96881579999996,-15.105107499999974],[-47.96565489999995,-15.093937499999981],[-47.952728899999954,-15.094289199999935],[-47.95074509999995,-15.084091299999955],[-47.93552539999996,-15.085751699999946],[-47.93466879999994,-15.073301299999969],[-47.90684019999998,-15.089780699999949],[-47.88457539999996,-15.085329899999977],[-47.879094899999984,-15.093042199999957],[-47.85639619999995,-15.088521799999967],[-47.85413509999995,-15.098929599999963],[-47.83978519999994,-15.090867999999944],[-47.82337709999996,-15.096955399999956],[-47.79792109999994,-15.075637699999959],[-47.778837299999964,-15.07047289999997],[-47.76133699999997,-15.04079349999995],[-47.74184379999997,-15.040734499999928],[-47.744079599999964,-15.033733299999938],[-47.72446599999995,-15.028448499999968],[-47.72098409999995,-15.016574599999956],[-47.67850469999996,-15.038925999999947],[-47.570872099999974,-15.047073299999965],[-47.56939969999996,-15.074376899999947],[-47.52644729999997,-15.172802799999943],[-47.52779399999997,-15.207430699999975],[-47.505190899999945,-15.247135199999946],[-47.51083139999997,-15.267670499999952],[-47.539610299999936,-15.290230399999928],[-47.499985899999956,-15.29124289999993],[-47.485379999999964,-15.299052199999949],[-47.473811599999976,-15.331156799999974],[-47.47337829999998,-15.36644309999997],[-47.46190739999997,-15.373690899999929],[-47.48038139999994,-15.397046899999964]]]}},{"id":"5510","type":"Feature","properties":{"COD_IBGE":"5217708","MUNICIPIO":"Pontalina","UF":"GO"},"geometry":{"type":"Polygon","coordinates":[[[-49.30352409999995,-17.50815339999997],[-49.29766549999994,-17.525833999999975],[-49.31213539999993,-17.53115269999995],[-49.30122479999994,-17.56886359999993],[-49.31862129999996,-17.571289299999933],[-49.32129519999995,-17.59122949999994],[-49.329021599999976,-17.591776399999958],[-49.32938539999998,-17.58334229999997],[-49.34871259999994,-17.583163399999933],[-49.35322959999996,-17.59754019999997],[-49.36765499999996,-17.598530799999935],[-49.363531799999976,-17.608479399999965],[-49.382126899999946,-17.61247919999994],[-49.408285199999966,-17.632131799999968],[-49.410034199999984,-17.65157439999996],[-49.41977509999998,-17.66068729999995],[-49.43375309999993,-17.634382699999946],[-49.46363939999998,-17.639615799999945],[-49.47488839999994,-17.652534999999943],[-49.50372079999994,-17.65603989999994],[-49.51304709999994,-17.67061529999995],[-49.50809779999997,-17.74976689999994],[-49.534550399999944,-17.738309499999957],[-49.53778129999995,-17.727463899999975],[-49.529336899999976,-17.710222699999974],[-49.547124199999985,-17.70798949999994],[-49.56219459999994,-17.74074109999998],[-49.56356549999998,-17.784240799999964],[-49.600525199999936,-17.751283199999932],[-49.61374089999998,-17.75303759999997],[-49.64540969999996,-17.722848299999953],[-49.65429659999995,-17.724611799999934],[-49.65697389999997,-17.703655899999944],[-49.69400439999998,-17.68685419999997],[-49.70394109999995,-17.671916799999963],[-49.713395799999944,-17.673641799999928],[-49.74672659999993,-17.638687299999958],[-49.761824099999956,-17.642896999999948],[-49.77225549999997,-17.628210699999954],[-49.78193859999993,-17.627043899999933],[-49.79320219999994,-17.605524699999933],[-49.825566899999956,-17.586157899999932],[-49.81367499999993,-17.57698799999997],[-49.80288839999997,-17.587476899999956],[-49.79139769999995,-17.584318399999972],[-49.791069799999946,-17.576912299999947],[-49.75955929999998,-17.58545479999998],[-49.74519719999995,-17.578568299999972],[-49.73733639999995,-17.559253599999977],[-49.73238889999993,-17.56543359999995],[-49.71720009999996,-17.549985099999958],[-49.69623029999997,-17.55321749999996],[-49.682812499999955,-17.546377999999947],[-49.68403159999997,-17.536315499999944],[-49.67845639999996,-17.53824839999993],[-49.68092589999998,-17.53139099999993],[-49.668336599999975,-17.519519499999944],[-49.64892039999995,-17.518343399999935],[-49.668357499999956,-17.49802189999997],[-49.66391629999998,-17.48971249999994],[-49.646870999999976,-17.49397349999998],[-49.64005519999995,-17.483399799999972],[-49.627801199999965,-17.483777199999963],[-49.64638379999997,-17.476439599999935],[-49.63840419999997,-17.461617399999966],[-49.64708699999994,-17.45746669999994],[-49.65048219999994,-17.441165699999942],[-49.644996799999944,-17.431530099999975],[-49.63863719999995,-17.444072499999947],[-49.62774449999995,-17.438683599999933],[-49.62263789999997,-17.41840209999998],[-49.63760519999994,-17.416682399999956],[-49.643987599999946,-17.40605979999998],[-49.63088479999993,-17.401543599999968],[-49.63295769999996,-17.395555999999942],[-49.65551819999996,-17.390498699999966],[-49.64655609999994,-17.388607099999945],[-49.65126349999997,-17.379444399999954],[-49.638178799999935,-17.37212459999995],[-49.65267389999997,-17.308678099999952],[-49.648068199999955,-17.302128599999946],[-49.636035799999945,-17.306013399999927],[-49.633320699999956,-17.295845799999938],[-49.62069319999995,-17.291051399999958],[-49.57657729999994,-17.304427799999928],[-49.57128669999997,-17.317060999999967],[-49.55631869999996,-17.321129199999973],[-49.55873339999994,-17.328846599999963],[-49.51532149999997,-17.346127499999966],[-49.51291749999996,-17.353811399999927],[-49.45320039999996,-17.32502349999993],[-49.445609599999955,-17.32913309999998],[-49.30352409999995,-17.50815339999997]]]}},{"id":"5511","type":"Feature","properties":{"COD_IBGE":"5218003","MUNICIPIO":"Porangatu","UF":"GO"},"geometry":{"type":"Polygon","coordinates":[[[-48.95370649999995,-13.328949199999954],[-48.961994699999934,-13.361616399999946],[-48.98092159999993,-13.372735699999964],[-48.985544699999934,-13.390997099999936],[-48.997322199999985,-13.391661599999964],[-49.00182149999995,-13.41889459999993],[-48.995017099999984,-13.423317899999972],[-49.00914819999997,-13.447062599999981],[-49.00202909999996,-13.463579599999946],[-49.01478249999997,-13.487648599999943],[-49.01231039999993,-13.498919599999965],[-49.02074849999997,-13.506419299999948],[-49.03166049999993,-13.501034799999957],[-49.03086489999998,-13.515660099999934],[-49.05882789999998,-13.517701099999954],[-49.08791269999995,-13.562911999999926],[-49.120128199999954,-13.557652099999927],[-49.14724949999993,-13.58478109999993],[-49.155278299999964,-13.577942999999948],[-49.17896939999997,-13.58847389999994],[-49.21379239999993,-13.58166639999996],[-49.240521299999955,-13.592261699999938],[-49.25483939999998,-13.587050899999952],[-49.26721599999996,-13.563717699999927],[-49.28124699999995,-13.569057799999939],[-49.30031139999994,-13.562990299999967],[-49.32868039999994,-13.57521719999994],[-49.35080369999997,-13.563296899999955],[-49.363288299999965,-13.56870159999994],[-49.30790129999997,-13.697129999999959],[-49.317854299999965,-13.692743199999938],[-49.34608869999994,-13.713528599999961],[-49.37271009999995,-13.69427769999993],[-49.390945699999975,-13.700258099999928],[-49.43718599999994,-13.66421209999993],[-49.44221719999996,-13.670342199999936],[-49.45399539999994,-13.667208899999935],[-49.47138129999996,-13.68484019999994],[-49.48861769999996,-13.680996599999958],[-49.51409719999998,-13.697720599999968],[-49.514840499999934,-13.708668399999965],[-49.52098669999998,-13.702729899999952],[-49.51811329999998,-13.712689499999954],[-49.52503589999998,-13.719628399999976],[-49.53674369999993,-13.713285699999972],[-49.54983899999996,-13.739985099999956],[-49.540121399999975,-13.751483999999948],[-49.559432399999935,-13.770206899999948],[-49.57097309999995,-13.76973259999994],[-49.57725329999994,-13.75936809999996],[-49.59203499999995,-13.76545619999996],[-49.59503399999994,-13.739500499999963],[-49.60866169999997,-13.746878599999945],[-49.60747739999994,-13.754647099999943],[-49.619149999999934,-13.754805099999942],[-49.62819379999996,-13.750075899999956],[-49.62813819999997,-13.738911799999926],[-49.63928039999996,-13.740139799999952],[-49.65358719999995,-13.724289299999953],[-49.67898429999997,-13.73138419999998],[-49.68341359999994,-13.750177099999974],[-49.69500419999997,-13.745327399999951],[-49.69981889999997,-13.753402299999948],[-49.71488769999996,-13.742794699999934],[-49.720637899999986,-13.729533799999956],[-49.70283559999996,-13.716973399999972],[-49.688457599999936,-13.672822099999962],[-49.66396959999997,-13.671329999999955],[-49.663287999999966,-13.661525499999982],[-49.64889109999996,-13.65767169999998],[-49.64055399999995,-13.625429599999961],[-49.619239999999934,-13.599810499999933],[-49.58967519999993,-13.58612729999993],[-49.58412299999998,-13.572909099999947],[-49.59418459999995,-13.570175199999937],[-49.58760369999993,-13.562354199999959],[-49.53499869999996,-13.528850699999964],[-49.54139989999993,-13.500318199999981],[-49.552250699999945,-13.502488299999982],[-49.55176449999993,-13.49146849999994],[-49.568318999999974,-13.489634499999966],[-49.57164729999994,-13.467262199999936],[-49.59277229999998,-13.460061399999972],[-49.61957679999995,-13.432837499999948],[-49.60202439999995,-13.415714599999944],[-49.601014099999986,-13.389351399999953],[-49.615965399999936,-13.369200699999965],[-49.63833639999996,-13.370473499999946],[-49.646950999999945,-13.35153699999995],[-49.62365449999999,-13.354147499999954],[-49.60615309999997,-13.32122419999996],[-49.58342959999993,-13.31170389999994],[-49.590557899999965,-13.301425799999947],[-49.57793959999998,-13.286918399999934],[-49.53099849999995,-13.280396099999962],[-49.49446779999994,-13.251971399999945],[-49.44279569999998,-13.245691399999941],[-49.41066449999994,-13.266272999999956],[-49.37601969999997,-13.276822699999968],[-49.33961899999997,-13.253659399999947],[-49.33773359999998,-13.238560199999938],[-49.34926059999998,-13.21184889999995],[-49.34538089999995,-13.17606429999995],[-49.35570859999996,-13.155773099999976],[-49.341079899999954,-13.127496099999973],[-49.354303699999946,-13.112377199999969],[-49.35096699999997,-13.088726399999928],[-49.27909039999997,-12.988309199999946],[-49.279750399999955,-12.966985499999964],[-49.249291899999946,-12.926539799999944],[-49.24966509999996,-12.901638399999968],[-49.23495699999995,-12.893695199999968],[-49.23765519999995,-12.883786099999952],[-49.210683899999935,-12.87793449999998],[-49.11985219999997,-12.789449699999977],[-49.10463069999997,-12.835420299999953],[-49.064247499999965,-12.846087099999977],[-49.08747359999995,-12.887176999999951],[-49.07920379999996,-12.904008999999974],[-49.04870889999995,-12.913432299999954],[-49.03303869999996,-12.902257499999962],[-49.02177419999998,-12.906323699999973],[-48.97623349999998,-12.957893099999978],[-48.87976459999993,-12.817061099999933],[-48.867357099999936,-12.863202699999931],[-48.841174199999955,-12.879747899999927],[-48.85066779999994,-12.888343599999928],[-48.844900199999984,-12.898021699999958],[-48.860573099999954,-12.902541199999973],[-48.85908559999996,-12.914200499999936],[-48.83284749999996,-12.918214499999976],[-48.839613499999984,-12.935276299999941],[-48.81942289999995,-12.94722719999993],[-48.83687239999995,-12.953937099999962],[-48.85370689999996,-12.988835699999981],[-48.87015039999994,-12.987467399999957],[-48.87144069999994,-13.001458799999966],[-48.85910639999997,-13.013407499999971],[-48.87477169999994,-13.021697999999958],[-48.880451499999936,-13.03785629999993],[-48.86961689999998,-13.06708709999998],[-48.899575599999935,-13.068453099999942],[-48.877327099999945,-13.093585899999937],[-48.87681219999996,-13.103497199999936],[-48.89288959999993,-13.109963099999959],[-48.880645999999956,-13.11948209999997],[-48.88026739999998,-13.130109799999957],[-48.889562299999966,-13.136411399999929],[-48.88994519999994,-13.15085659999994],[-48.901981199999966,-13.140399499999944],[-48.917274099999986,-13.147984099999974],[-48.88500549999998,-13.19205409999995],[-48.87824899999998,-13.186733699999934],[-48.86790789999998,-13.19133949999997],[-48.87491219999998,-13.198178599999949],[-48.85513709999998,-13.218327099999954],[-48.85690979999998,-13.245266399999934],[-48.90042159999996,-13.254737199999965],[-48.90608189999995,-13.267947399999969],[-48.89876379999998,-13.28338059999993],[-48.91104509999997,-13.288518999999951],[-48.91872489999997,-13.307494899999938],[-48.925962399999946,-13.303344299999935],[-48.93997909999996,-13.31731689999998],[-48.942688199999964,-13.339752699999963],[-48.95370649999995,-13.328949199999954]]]}},{"id":"5512","type":"Feature","properties":{"COD_IBGE":"5218052","MUNICIPIO":"Porteirão","UF":"GO"},"geometry":{"type":"Polygon","coordinates":[[[-50.190939399999934,-17.77355339999997],[-50.14770609999994,-17.80752579999995],[-50.132917599999985,-17.79895609999994],[-50.13539949999995,-17.78817559999993],[-50.12497039999994,-17.79035399999998],[-50.113329299999975,-17.777848399999982],[-50.107316999999966,-17.776258799999937],[-50.106041199999936,-17.78951619999998],[-50.087009199999954,-17.785072199999945],[-50.05503509999994,-17.825197799999955],[-50.02223309999994,-17.831948999999952],[-50.00139249999995,-17.85963049999998],[-49.99011029999997,-17.899433599999952],[-49.97178409999998,-17.897881299999938],[-49.98047909999997,-17.92648829999996],[-49.99582559999993,-17.931988799999942],[-50.016279199999985,-17.95419739999994],[-50.04641689999994,-17.94231659999997],[-50.072886799999935,-17.94612909999995],[-50.07621409999996,-17.96104399999996],[-50.09849389999994,-17.971075199999973],[-50.10118669999997,-17.98336729999994],[-50.11956299999997,-17.984965599999953],[-50.13846969999997,-17.998812199999975],[-50.14389459999995,-18.026377999999966],[-50.16166979999997,-18.035190899999975],[-50.15027769999995,-18.049942999999928],[-50.15296809999995,-18.05951529999993],[-50.16920699999997,-18.07424869999994],[-50.19494869999994,-18.056246199999975],[-50.227518499999974,-18.012592799999936],[-50.209887099999946,-18.00516129999994],[-50.202597399999945,-17.981441099999927],[-50.23212309999997,-17.988054399999953],[-50.239895099999956,-17.97870249999994],[-50.267735899999934,-17.97275989999997],[-50.28734879999996,-17.98997959999997],[-50.29406819999997,-17.975484999999935],[-50.28317579999998,-17.966899999999953],[-50.28096629999993,-17.95309569999995],[-50.29801919999994,-17.922734799999944],[-50.29006679999998,-17.911280099999942],[-50.270533299999954,-17.91560979999997],[-50.238256999999976,-17.90033029999995],[-50.23282769999997,-17.868114899999966],[-50.25549429999995,-17.852246599999944],[-50.24168009999994,-17.83758039999998],[-50.267458199999965,-17.81869819999997],[-50.26468199999994,-17.783010099999956],[-50.23693049999997,-17.79168919999995],[-50.20926719999994,-17.770802299999957],[-50.20161719999993,-17.777735699999937],[-50.190939399999934,-17.77355339999997]]]}},{"id":"5513","type":"Feature","properties":{"COD_IBGE":"5218102","MUNICIPIO":"Portelândia","UF":"GO"},"geometry":{"type":"Polygon","coordinates":[[[-52.720476599999984,-17.219606099999964],[-52.69782219999996,-17.21678499999996],[-52.68388449999998,-17.20073069999995],[-52.65734249999997,-17.24111469999997],[-52.64609859999996,-17.244054499999947],[-52.64970859999994,-17.25098829999996],[-52.63418059999998,-17.26828439999997],[-52.634410499999944,-17.29216759999997],[-52.61911639999994,-17.29937119999994],[-52.62185479999994,-17.311590999999964],[-52.612559199999964,-17.325896799999953],[-52.52210149999996,-17.342558699999927],[-52.53890569999999,-17.380381899999975],[-52.554874799999936,-17.40428419999995],[-52.59788669999995,-17.409108999999944],[-52.60188229999994,-17.43045909999995],[-52.62477459999997,-17.44865599999997],[-52.63047789999996,-17.464120299999934],[-52.64137109999996,-17.465909499999952],[-52.65569199999993,-17.433048999999983],[-52.67332529999993,-17.450821899999937],[-52.72764459999996,-17.43327949999997],[-52.734546999999964,-17.424019999999928],[-52.76839629999995,-17.41998639999997],[-52.847978499999954,-17.430182099999968],[-52.88502259999996,-17.47689379999997],[-52.89208199999996,-17.41135639999993],[-52.86294179999993,-17.39924819999993],[-52.806249299999934,-17.343973799999958],[-52.80254099999996,-17.317979699999967],[-52.81605099999996,-17.29782149999994],[-52.81184829999995,-17.288167999999928],[-52.77853619999996,-17.278365599999972],[-52.77058669999997,-17.261589799999967],[-52.74394119999994,-17.246998599999927],[-52.74095849999998,-17.233110599999975],[-52.720476599999984,-17.219606099999964]]]}},{"id":"5514","type":"Feature","properties":{"COD_IBGE":"5218300","MUNICIPIO":"Posse","UF":"GO"},"geometry":{"type":"Polygon","coordinates":[[[-46.43941739999997,-14.048352499999964],[-46.42752219999994,-14.038709299999937],[-46.41547779999996,-14.045933099999957],[-46.37655669999998,-14.025733199999934],[-46.30821969999994,-14.01969859999997],[-46.29234279999997,-14.026055399999962],[-46.28452239999996,-14.05244879999998],[-46.26944049999997,-14.057468599999936],[-46.227047599999935,-14.048996099999954],[-46.224392199999954,-14.105027599999971],[-46.19682849999998,-14.13011709999995],[-46.18599249999994,-14.155591699999945],[-46.15814069999993,-14.16059139999993],[-46.13218839999996,-14.152850099999966],[-46.12037669999995,-14.158655199999941],[-46.111022599999956,-14.172711299999946],[-46.12266469999997,-14.190602099999978],[-46.10068959999995,-14.191508699999929],[-46.101882899999964,-14.208318299999974],[-46.06104829999998,-14.19548459999993],[-46.05256459999998,-14.204472099999975],[-46.05683319999997,-14.225698399999942],[-46.07383949999996,-14.242416899999967],[-46.08249999999998,-14.265576299999964],[-46.10206759999994,-14.270109899999966],[-46.14081749999997,-14.259477899999979],[-46.161019599999975,-14.274313699999936],[-46.183857899999964,-14.274702799999943],[-46.19584629999997,-14.304168599999969],[-46.21888869999998,-14.312033099999951],[-46.243858899999964,-14.343245699999954],[-46.280674999999974,-14.371651699999973],[-46.34806119999996,-14.37247119999995],[-46.36399959999994,-14.382284999999968],[-46.36708479999993,-14.39871409999995],[-46.39527179999993,-14.402822399999934],[-46.408099799999945,-14.41421239999994],[-46.41341959999994,-14.410084599999948],[-46.42629489999996,-14.42704189999995],[-46.43222859999997,-14.422895099999948],[-46.42295309999997,-14.41204689999995],[-46.42528129999994,-14.38548309999993],[-46.46350439999998,-14.389802299999928],[-46.468919899999946,-14.398900099999935],[-46.49900829999996,-14.387003099999959],[-46.527544399999954,-14.388884799999971],[-46.54891269999996,-14.366119799999979],[-46.564606399999946,-14.36751479999998],[-46.57831199999998,-14.385199199999931],[-46.597770699999955,-14.367640699999981],[-46.60350619999997,-14.38130689999997],[-46.615913199999966,-14.384563299999968],[-46.65804119999996,-14.368916799999965],[-46.68216579999995,-14.387820599999941],[-46.691350299999954,-14.383436299999971],[-46.71194879999996,-14.391771999999946],[-46.71967049999995,-14.385196899999926],[-46.72817459999993,-14.393570199999942],[-46.74564859999998,-14.372453299999961],[-46.74735419999996,-14.382943999999952],[-46.75802659999994,-14.38283569999993],[-46.76057069999996,-14.390392499999962],[-46.77023429999997,-14.385463499999958],[-46.78358049999997,-14.39115529999998],[-46.79695149999998,-14.377117399999975],[-46.81393559999998,-14.376975199999947],[-46.80789899999996,-14.360586199999943],[-46.815714999999955,-14.350278099999969],[-46.78525679999996,-14.35782299999994],[-46.769210999999984,-14.332256499999971],[-46.77198389999995,-14.303836499999932],[-46.74088169999993,-14.287713099999962],[-46.73990249999997,-14.248291699999982],[-46.724198299999955,-14.230044799999973],[-46.72748649999994,-14.21773479999996],[-46.720083199999976,-14.208437299999957],[-46.72409279999994,-14.195889799999975],[-46.69670009999993,-14.161763099999973],[-46.66775869999998,-14.145614499999965],[-46.64575689999998,-14.143666499999938],[-46.632075999999984,-14.12729539999998],[-46.59298469999993,-14.124818399999981],[-46.580840199999955,-14.107969199999957],[-46.51839279999996,-14.114253299999973],[-46.49423959999996,-14.105609999999956],[-46.487762299999986,-14.092627299999947],[-46.51789439999993,-14.07027869999996],[-46.51906699999995,-14.051247799999942],[-46.50087789999998,-14.063138299999935],[-46.446510399999966,-14.040274999999951],[-46.43941739999997,-14.048352499999964]]]}},{"id":"5515","type":"Feature","properties":{"COD_IBGE":"5218391","MUNICIPIO":"Professor Jamil","UF":"GO"},"geometry":{"type":"Polygon","coordinates":[[[-49.20669749999996,-17.17609939999994],[-49.195025699999974,-17.17607279999993],[-49.18273639999995,-17.189386799999966],[-49.18670249999997,-17.193485099999975],[-49.17626399999995,-17.205790899999954],[-49.18457069999994,-17.21342569999996],[-49.18252819999998,-17.227117499999963],[-49.169623899999976,-17.267157999999938],[-49.189324899999974,-17.295945399999937],[-49.18100629999998,-17.299930699999948],[-49.19678349999998,-17.314385699999946],[-49.19005599999997,-17.31493889999996],[-49.191971799999976,-17.322081899999944],[-49.20605139999998,-17.325222699999927],[-49.195745999999986,-17.33418709999995],[-49.19994879999996,-17.353514399999938],[-49.24764469999997,-17.34518289999994],[-49.24513269999994,-17.36868019999997],[-49.22322749999995,-17.39877389999998],[-49.23093949999998,-17.450087699999926],[-49.263837199999955,-17.45945759999995],[-49.261518199999955,-17.472468299999946],[-49.27652939999996,-17.472968599999945],[-49.29488119999996,-17.45488709999995],[-49.29092749999995,-17.441421699999978],[-49.30582039999996,-17.433784499999945],[-49.29512259999996,-17.420766899999933],[-49.30400899999995,-17.41197219999998],[-49.29467319999998,-17.406460899999956],[-49.29902949999996,-17.40158639999993],[-49.29171189999994,-17.38966929999998],[-49.299458399999935,-17.384865599999955],[-49.30183869999996,-17.370636399999967],[-49.29083549999996,-17.36106469999993],[-49.30001809999993,-17.345505599999967],[-49.28733839999995,-17.336935799999935],[-49.29349829999995,-17.33510229999996],[-49.29432399999996,-17.318532799999957],[-49.30635859999995,-17.311941799999943],[-49.29180699999995,-17.303117199999974],[-49.295367699999986,-17.295183299999962],[-49.27956219999993,-17.277578999999946],[-49.27732999999995,-17.25220669999993],[-49.260505499999965,-17.238039399999934],[-49.269260799999984,-17.21322779999997],[-49.25640379999993,-17.20077349999997],[-49.27211179999995,-17.18182479999996],[-49.276472299999966,-17.158959899999957],[-49.298768199999984,-17.140823799999964],[-49.317573599999946,-17.13863939999993],[-49.32033229999996,-17.129474199999947],[-49.26746339999994,-17.094527599999935],[-49.22447569999997,-17.082508099999927],[-49.210883199999955,-17.121856599999944],[-49.21540719999996,-17.150920999999983],[-49.20669749999996,-17.17609939999994]]]}},{"id":"5516","type":"Feature","properties":{"COD_IBGE":"5218508","MUNICIPIO":"Quirinópolis","UF":"GO"},"geometry":{"type":"Polygon","coordinates":[[[-50.28857839999995,-18.51614349999994],[-50.28735649999993,-18.52919419999995],[-50.272046899999964,-18.531113699999935],[-50.26874789999994,-18.57426879999997],[-50.25763449999994,-18.595553499999937],[-50.263172699999984,-18.603544099999965],[-50.24113719999997,-18.62696969999996],[-50.26666469999998,-18.66445269999997],[-50.26995989999995,-18.684172299999943],[-50.31448999999998,-18.700749799999983],[-50.35232359999998,-18.760297799999933],[-50.365630899999985,-18.761228199999948],[-50.408740499999965,-18.735409299999958],[-50.42082739999995,-18.735851499999967],[-50.427805399999954,-18.721031599999947],[-50.42146739999998,-18.710291199999972],[-50.42904999999996,-18.70023679999997],[-50.441336399999955,-18.702529099999936],[-50.48940859999993,-18.679876399999955],[-50.50347069999998,-18.654218799999967],[-50.51949559999997,-18.64650739999996],[-50.52227319999997,-18.62112149999996],[-50.54991929999994,-18.61511439999998],[-50.588255999999944,-18.680653399999983],[-50.58856509999998,-18.73326499999996],[-50.58206249999995,-18.747821099999953],[-50.57347539999995,-18.746953599999927],[-50.56946289999996,-18.768824799999948],[-50.58327729999996,-18.772940699999936],[-50.607510599999955,-18.753894499999944],[-50.63025699999997,-18.754820699999982],[-50.63025269999997,-18.745218999999963],[-50.64366069999994,-18.749188299999958],[-50.64629489999999,-18.758330499999943],[-50.65096589999996,-18.746105799999953],[-50.674237199999936,-18.74722079999998],[-50.673807099999976,-18.731295899999964],[-50.685329999999965,-18.734476099999938],[-50.68250339999997,-18.72318489999998],[-50.693974899999944,-18.72744119999993],[-50.72646659999998,-18.69323819999994],[-50.764845899999955,-18.678765899999973],[-50.78866459999995,-18.64573869999998],[-50.80828219999995,-18.65085899999997],[-50.83303689999997,-18.64441069999998],[-50.83105269999999,-18.637865399999953],[-50.86743309999997,-18.619771499999956],[-50.86387099999996,-18.603902199999936],[-50.871514899999966,-18.593264699999963],[-50.902805099999966,-18.568681099999935],[-50.92450749999995,-18.562143599999956],[-50.96073719999998,-18.530772599999978],[-50.96595839999998,-18.51340369999997],[-50.90310539999996,-18.48158509999996],[-50.89181309999998,-18.448076699999945],[-50.85896309999998,-18.453308499999935],[-50.80707419999993,-18.434119299999963],[-50.79064299999993,-18.42057209999996],[-50.77734009999995,-18.425750599999958],[-50.752745999999945,-18.41796729999993],[-50.76304229999994,-18.390233399999943],[-50.774003499999935,-18.38519139999994],[-50.77278419999993,-18.37475889999996],[-50.809632799999974,-18.357160499999964],[-50.82456419999994,-18.359715199999982],[-50.823481399999935,-18.350959699999976],[-50.831418499999984,-18.351562399999978],[-50.84641159999995,-18.33350759999996],[-50.84655989999993,-18.30955119999993],[-50.85827999999998,-18.299159799999927],[-50.82140919999995,-18.275061799999946],[-50.80981549999996,-18.242237599999953],[-50.799962799999946,-18.242683299999953],[-50.806145699999945,-18.22464729999996],[-50.82111919999994,-18.212991099999954],[-50.82417239999995,-18.19537459999998],[-50.81444609999994,-18.173575099999937],[-50.77740739999996,-18.174152799999945],[-50.75418399999995,-18.19071299999996],[-50.73849919999998,-18.190450299999952],[-50.72441239999995,-18.17841379999993],[-50.69207359999996,-18.186771499999963],[-50.68580769999994,-18.195190499999967],[-50.663624099999936,-18.192097399999966],[-50.610593999999935,-18.17129179999995],[-50.58922279999996,-18.135901899999965],[-50.56749039999994,-18.150915099999963],[-50.56323099999997,-18.168132999999955],[-50.54313339999993,-18.18020649999994],[-50.520654399999955,-18.174967599999945],[-50.51317459999996,-18.215069699999958],[-50.48188849999997,-18.21430479999998],[-50.46833019999997,-18.225193399999966],[-50.456097099999965,-18.221133099999975],[-50.44746329999998,-18.229997099999935],[-50.40951309999997,-18.233269099999973],[-50.40295749999996,-18.243474799999944],[-50.37900119999995,-18.249505399999975],[-50.37127039999996,-18.230918299999928],[-50.34295309999993,-18.202568699999972],[-50.31586159999995,-18.210772599999927],[-50.28756279999993,-18.197369099999946],[-50.276229599999965,-18.177766899999938],[-50.25239009999996,-18.169202999999982],[-50.23444879999994,-18.13824109999996],[-50.20761199999998,-18.147149299999967],[-50.19227929999994,-18.13694019999997],[-50.154778299999975,-18.165051499999947],[-50.16515069999997,-18.20153369999997],[-50.141600799999935,-18.202788399999974],[-50.13015309999997,-18.185883899999965],[-50.116542299999935,-18.180765399999927],[-50.126804799999945,-18.24205379999995],[-50.09469249999995,-18.252471899999932],[-50.097136199999966,-18.275063199999977],[-50.116171099999974,-18.312114599999973],[-50.10643539999995,-18.330775999999958],[-50.12202819999993,-18.333906399999933],[-50.13523339999995,-18.32576549999993],[-50.14800089999994,-18.338573999999937],[-50.159284999999954,-18.33531739999995],[-50.16451929999994,-18.34241389999994],[-50.23474189999996,-18.361009299999978],[-50.24922699999996,-18.373161099999948],[-50.306336399999964,-18.378557599999965],[-50.27051449999993,-18.390616299999976],[-50.25826179999996,-18.40656389999998],[-50.25617459999995,-18.438424899999973],[-50.27214509999993,-18.45653249999998],[-50.265776899999935,-18.476408799999945],[-50.27012389999993,-18.515953599999932],[-50.28857839999995,-18.51614349999994]]]}},{"id":"5517","type":"Feature","properties":{"COD_IBGE":"5218607","MUNICIPIO":"Rialma","UF":"GO"},"geometry":{"type":"Polygon","coordinates":[[[-49.57572719999996,-15.339250399999969],[-49.588998799999956,-15.310976799999935],[-49.57240529999996,-15.301575899999932],[-49.566480799999965,-15.280982499999936],[-49.55309799999998,-15.27578399999993],[-49.55073489999995,-15.25864439999998],[-49.564565699999946,-15.239521899999943],[-49.547784999999976,-15.20402299999995],[-49.54909799999996,-15.182255999999938],[-49.53178939999998,-15.185470399999929],[-49.51952049999994,-15.172643499999936],[-49.511130299999934,-15.182735799999932],[-49.50589529999996,-15.17620779999993],[-49.49792899999994,-15.202898799999957],[-49.511370599999964,-15.210509099999967],[-49.511518499999966,-15.230484299999944],[-49.50239789999995,-15.23843329999994],[-49.483847399999945,-15.236989599999959],[-49.493281999999965,-15.250407799999948],[-49.50884149999996,-15.251695499999983],[-49.52056429999993,-15.270089299999938],[-49.51196539999995,-15.29331579999996],[-49.50035569999994,-15.292709299999956],[-49.497409999999945,-15.31280959999998],[-49.48379319999998,-15.32632529999995],[-49.491639299999974,-15.342092799999932],[-49.487309299999936,-15.357508199999927],[-49.454092799999955,-15.379190999999935],[-49.46512119999994,-15.411686399999951],[-49.46211939999995,-15.432087999999965],[-49.51116149999996,-15.43802409999995],[-49.526106599999935,-15.45117369999997],[-49.55848229999998,-15.445238599999982],[-49.55867059999997,-15.460036799999955],[-49.560132299999964,-15.45108259999995],[-49.57106349999998,-15.45472099999995],[-49.57677989999996,-15.44313399999993],[-49.58447209999997,-15.44749509999997],[-49.57850029999997,-15.433020599999963],[-49.58734309999994,-15.409405599999957],[-49.60548449999993,-15.408658199999934],[-49.605150299999934,-15.386933799999952],[-49.598438699999974,-15.390074899999945],[-49.58634479999995,-15.376509399999975],[-49.59433769999998,-15.343052199999931],[-49.57572719999996,-15.339250399999969]]]}},{"id":"5518","type":"Feature","properties":{"COD_IBGE":"5218706","MUNICIPIO":"Rianápolis","UF":"GO"},"geometry":{"type":"Polygon","coordinates":[[[-49.51964339999995,-15.446616399999982],[-49.51066309999993,-15.437886799999944],[-49.423091099999965,-15.428259099999934],[-49.40976699999993,-15.438770999999974],[-49.37459179999996,-15.43762049999998],[-49.32933549999996,-15.453796699999941],[-49.343371099999956,-15.464886499999977],[-49.338247499999966,-15.498616099999936],[-49.37831509999995,-15.495127499999967],[-49.39622029999998,-15.503288299999952],[-49.43142999999998,-15.494979199999932],[-49.434373499999936,-15.519388999999933],[-49.454836899999975,-15.533911299999943],[-49.48649139999998,-15.512947599999961],[-49.50661629999996,-15.515639799999974],[-49.50098779999996,-15.502689399999952],[-49.511455499999954,-15.497298299999954],[-49.51874669999995,-15.505440799999974],[-49.520315799999935,-15.478813999999943],[-49.52725119999997,-15.472533899999974],[-49.53505699999994,-15.481778899999938],[-49.54360369999995,-15.473198599999932],[-49.543114499999945,-15.449030899999968],[-49.51964339999995,-15.446616399999982]]]}},{"id":"5519","type":"Feature","properties":{"COD_IBGE":"5218789","MUNICIPIO":"Rio Quente","UF":"GO"},"geometry":{"type":"Polygon","coordinates":[[[-48.73846999999995,-17.75088519999997],[-48.74822229999995,-17.795314099999928],[-48.733815799999945,-17.815179599999965],[-48.73295929999995,-17.831987999999967],[-48.71788389999995,-17.843736399999955],[-48.70905799999997,-17.90170699999993],[-48.716720599999974,-17.913338799999963],[-48.78257169999995,-17.936023599999942],[-48.79177489999995,-17.920883799999956],[-48.809633599999984,-17.92294839999994],[-48.84670939999995,-17.90787949999998],[-48.84116599999993,-17.898143699999935],[-48.85389639999994,-17.889449999999954],[-48.85068529999995,-17.87695169999995],[-48.833128199999976,-17.873114099999952],[-48.83171289999996,-17.858488799999975],[-48.84914299999997,-17.85608919999993],[-48.83098359999997,-17.824485899999956],[-48.81442599999997,-17.814736099999948],[-48.828660999999954,-17.799423899999965],[-48.82119719999997,-17.79796559999994],[-48.81996479999998,-17.786142299999938],[-48.82687279999993,-17.78477739999994],[-48.84674099999995,-17.745288199999948],[-48.83393099999995,-17.73981269999996],[-48.83843109999998,-17.721270799999957],[-48.81408939999994,-17.725441599999954],[-48.779104899999936,-17.71545649999996],[-48.73846999999995,-17.75088519999997]]]}},{"id":"5520","type":"Feature","properties":{"COD_IBGE":"5218805","MUNICIPIO":"Rio Verde","UF":"GO"},"geometry":{"type":"Polygon","coordinates":[[[-50.78337879999998,-17.782830699999977],[-50.75488399999995,-17.80952129999997],[-50.74074489999998,-17.834855799999957],[-50.67466529999996,-17.846415999999977],[-50.667914199999984,-17.864191499999947],[-50.654900399999974,-17.871115799999927],[-50.64191189999997,-17.862805399999957],[-50.654827599999976,-17.88675319999993],[-50.72284859999996,-17.951796899999977],[-50.706167999999934,-17.967581999999936],[-50.66885289999993,-17.977802399999973],[-50.648603399999956,-17.972317499999974],[-50.62630279999996,-17.981651099999965],[-50.588025699999946,-17.983087299999966],[-50.56911489999993,-17.971373299999982],[-50.548922199999936,-17.96997049999993],[-50.52581829999997,-17.950196199999937],[-50.50928499999998,-17.952340599999957],[-50.489043299999935,-17.94350449999996],[-50.47170269999998,-17.948697299999935],[-50.46861219999994,-17.975701499999957],[-50.47860819999994,-17.997807199999954],[-50.50672819999994,-18.019954299999938],[-50.437901099999976,-18.05106449999994],[-50.435228999999936,-18.074309099999937],[-50.408087499999965,-18.12776619999994],[-50.39835759999994,-18.128470799999945],[-50.378183999999976,-18.154831499999943],[-50.356960999999956,-18.15941909999998],[-50.36526649999996,-18.158948899999928],[-50.37367859999995,-18.179734499999938],[-50.38639829999994,-18.181768999999974],[-50.38593549999996,-18.190128699999946],[-50.42041229999995,-18.185874599999977],[-50.43014739999995,-18.199385699999937],[-50.437433099999964,-18.18857459999998],[-50.455065299999944,-18.190147199999956],[-50.46206459999996,-18.178496699999982],[-50.481559499999946,-18.17478319999998],[-50.48874689999997,-18.16083649999996],[-50.50890599999997,-18.154997799999933],[-50.523469199999965,-18.159506999999962],[-50.58357599999994,-18.121946099999946],[-50.60399499999994,-18.16609169999998],[-50.663624099999936,-18.192097399999966],[-50.68580769999994,-18.195190499999967],[-50.69207359999996,-18.186771499999963],[-50.72441239999995,-18.17841379999993],[-50.73849919999998,-18.190450299999952],[-50.75418399999995,-18.19071299999996],[-50.77740739999996,-18.174152799999945],[-50.81000659999995,-18.17178709999996],[-50.82419199999998,-18.196195399999965],[-50.81920919999993,-18.21694709999997],[-50.806145699999945,-18.22464729999996],[-50.799962799999946,-18.242683299999953],[-50.80981549999996,-18.242237599999953],[-50.82140919999995,-18.275061799999946],[-50.88206919999993,-18.31764949999996],[-50.941499299999975,-18.31401999999997],[-50.97757859999996,-18.27972429999994],[-50.986134799999945,-18.291096599999946],[-50.97749349999998,-18.316072899999938],[-50.985973799999954,-18.325562399999967],[-51.013574699999936,-18.332557899999927],[-51.051647799999955,-18.324063899999942],[-51.089995499999986,-18.344705699999963],[-51.10463939999994,-18.344896999999946],[-51.11392049999995,-18.330970899999954],[-51.128372799999966,-18.32732519999996],[-51.14616259999997,-18.300445399999944],[-51.12477279999996,-18.279933099999937],[-51.126439199999936,-18.260811799999942],[-51.13703819999995,-18.26182929999993],[-51.13832629999996,-18.248597599999982],[-51.13189109999996,-18.236514399999976],[-51.12129599999997,-18.24069149999997],[-51.12728099999998,-18.215577999999937],[-51.11360149999996,-18.204431899999975],[-51.12374599999998,-18.197740499999952],[-51.123100499999964,-18.18005119999998],[-51.13135919999996,-18.179551699999934],[-51.12981419999994,-18.164271799999938],[-51.13981929999994,-18.170504799999946],[-51.13777849999997,-18.152537799999948],[-51.147582599999964,-18.15204769999997],[-51.144114799999954,-18.14218079999995],[-51.15461979999998,-18.13480759999993],[-51.16402169999998,-18.10985469999997],[-51.15544259999996,-18.10154719999997],[-51.16344449999997,-18.08463809999995],[-51.17307999999997,-18.081803899999954],[-51.16614199999998,-18.070425599999965],[-51.19001369999995,-18.053705299999933],[-51.19124969999996,-18.028947999999957],[-51.20178619999996,-18.029384799999946],[-51.203493099999946,-18.00748139999996],[-51.213587099999984,-18.008668499999942],[-51.210922799999935,-17.993088299999954],[-51.21742619999998,-17.98715409999994],[-51.208012199999985,-17.985269899999935],[-51.21213609999995,-17.97698749999995],[-51.20572559999994,-17.976123299999927],[-51.22404039999998,-17.95967369999994],[-51.22277379999997,-17.946504299999958],[-51.23277609999997,-17.94395579999997],[-51.22883959999996,-17.912967299999934],[-51.242055799999946,-17.908582199999955],[-51.230883999999946,-17.902169499999957],[-51.24178039999998,-17.88563469999997],[-51.25843749999996,-17.881012299999952],[-51.27956109999997,-17.889365599999962],[-51.289850599999966,-17.860730299999943],[-51.32531409999996,-17.86082129999994],[-51.35017709999994,-17.87587499999995],[-51.376979699999936,-17.861711399999933],[-51.37844729999995,-17.868147299999976],[-51.38892299999998,-17.866852199999983],[-51.40302029999998,-17.84688269999998],[-51.41985109999996,-17.845226099999934],[-51.42672209999995,-17.82070299999998],[-51.43075879999998,-17.828620599999965],[-51.43308879999995,-17.81913359999993],[-51.452255099999945,-17.80999859999997],[-51.454697099999976,-17.784479199999964],[-51.46242929999994,-17.77877719999998],[-51.45863859999997,-17.768431799999973],[-51.47133649999995,-17.76826719999997],[-51.478750899999966,-17.749778599999956],[-51.51353549999993,-17.748376599999972],[-51.51476939999998,-17.735275899999976],[-51.55274819999994,-17.727959599999963],[-51.55271159999995,-17.72061259999998],[-51.56520819999997,-17.720566099999928],[-51.57704649999994,-17.695056499999964],[-51.585500999999965,-17.695554899999934],[-51.58240099999995,-17.68706999999995],[-51.638153399999965,-17.66111989999996],[-51.60684209999994,-17.60176809999996],[-51.62517829999996,-17.59598989999995],[-51.658048099999974,-17.57147759999998],[-51.66267749999997,-17.559265299999936],[-51.687794199999985,-17.547630999999967],[-51.70375759999996,-17.523589899999934],[-51.69367479999994,-17.51106589999995],[-51.694429799999966,-17.495619399999953],[-51.721968699999934,-17.47902369999997],[-51.72771019999993,-17.46448929999997],[-51.71833299999997,-17.414639299999976],[-51.73022629999997,-17.371726399999943],[-51.715380299999936,-17.360678999999948],[-51.717010699999946,-17.33674579999996],[-51.70130359999996,-17.29483579999993],[-51.68620059999995,-17.274559099999976],[-51.64248799999996,-17.284215899999936],[-51.54613409999996,-17.324826799999983],[-51.526580499999966,-17.350029699999936],[-51.53732309999998,-17.378800599999977],[-51.49991389999997,-17.382839799999942],[-51.45059229999998,-17.409396499999957],[-51.44981699999994,-17.430251899999973],[-51.431238399999984,-17.44578269999994],[-51.45784029999999,-17.470472899999947],[-51.34282729999995,-17.508608099999947],[-51.264220999999964,-17.519254599999954],[-51.240806299999974,-17.533215199999972],[-51.21706029999996,-17.52669499999996],[-51.18183609999994,-17.529750199999967],[-51.154984999999954,-17.51816329999997],[-51.12386459999993,-17.52707719999995],[-51.10496329999995,-17.521382199999948],[-51.07547129999995,-17.528058099999953],[-51.02095749999995,-17.49729279999997],[-50.93767619999994,-17.413937699999963],[-50.96048379999996,-17.389295699999934],[-50.97786139999994,-17.397703599999943],[-50.987436799999955,-17.375313399999982],[-50.985019199999954,-17.35146709999998],[-50.96934879999998,-17.330416299999968],[-50.97243869999994,-17.318970499999978],[-50.988210299999935,-17.315648499999952],[-50.99601629999995,-17.323707699999943],[-51.00561209999995,-17.316509999999937],[-51.00340579999994,-17.32312639999998],[-51.01264979999996,-17.328151399999967],[-51.030429599999934,-17.29808419999995],[-51.04543589999997,-17.28787079999995],[-51.07136189999994,-17.29424709999995],[-51.09361459999997,-17.28359169999993],[-51.116002099999946,-17.28796069999993],[-51.12406789999994,-17.271543299999962],[-51.116968499999984,-17.23548859999994],[-51.127627899999936,-17.218897699999957],[-51.091739099999984,-17.190358699999933],[-51.02148379999994,-17.173385499999938],[-51.01351469999997,-17.162878399999954],[-51.012329199999954,-17.12758919999993],[-50.98755479999994,-17.101125899999943],[-50.97424229999996,-17.10367309999998],[-50.94643679999996,-17.089881099999957],[-50.931433099999936,-17.093965199999957],[-50.92844199999996,-17.106392099999937],[-50.90771969999997,-17.120721299999957],[-50.90653299999997,-17.153966799999978],[-50.887561699999935,-17.155295699999954],[-50.869308899999965,-17.172986099999946],[-50.83692529999996,-17.172260199999982],[-50.83614979999993,-17.18485979999997],[-50.82130079999996,-17.192354799999976],[-50.79728949999998,-17.180667599999936],[-50.766106099999945,-17.19698169999998],[-50.767722499999934,-17.210918999999933],[-50.75226589999994,-17.232601399999965],[-50.72906389999997,-17.237445299999933],[-50.71817219999997,-17.25112059999998],[-50.72978669999998,-17.254224999999963],[-50.723481799999945,-17.257567499999936],[-50.737864799999954,-17.267852799999957],[-50.72578589999995,-17.287601199999926],[-50.718224299999974,-17.283341999999948],[-50.71876899999995,-17.29685939999996],[-50.704959299999985,-17.30045679999995],[-50.705703599999936,-17.307186799999954],[-50.691248299999984,-17.297851299999934],[-50.69817539999997,-17.319658499999946],[-50.67687159999997,-17.330407599999944],[-50.68198399999994,-17.336406299999965],[-50.66933579999994,-17.351298199999974],[-50.671892799999966,-17.35781359999993],[-50.66308209999994,-17.360326699999973],[-50.65548419999993,-17.348770499999944],[-50.654711299999974,-17.36255319999998],[-50.64041469999995,-17.369242399999962],[-50.64840079999993,-17.376714299999946],[-50.63579779999998,-17.387032099999942],[-50.63184499999994,-17.367353299999934],[-50.61781119999995,-17.376616699999943],[-50.630287599999974,-17.383783499999936],[-50.63629039999995,-17.407627799999943],[-50.645600499999944,-17.413964499999963],[-50.65463799999998,-17.40946779999996],[-50.64615569999995,-17.456731899999966],[-50.660294299999975,-17.47448739999993],[-50.67176589999997,-17.48308979999996],[-50.68954729999996,-17.47820029999997],[-50.70189689999995,-17.49909269999995],[-50.73159719999995,-17.50939589999996],[-50.75193189999993,-17.532148999999947],[-50.75580249999996,-17.576348699999983],[-50.73640089999998,-17.58869679999998],[-50.70900199999994,-17.634453399999927],[-50.709925399999975,-17.649779399999943],[-50.70123419999993,-17.662320399999942],[-50.72182729999997,-17.70032079999993],[-50.78439689999993,-17.746250199999963],[-50.78337879999998,-17.782830699999977]]]}},{"id":"5521","type":"Feature","properties":{"COD_IBGE":"5218904","MUNICIPIO":"Rubiataba","UF":"GO"},"geometry":{"type":"Polygon","coordinates":[[[-49.87787399999996,-15.09001619999998],[-49.872195799999986,-15.082578599999977],[-49.866418599999975,-15.08962669999994],[-49.83401229999998,-15.081020699999954],[-49.82740419999993,-15.08746229999997],[-49.795879999999954,-15.07600679999996],[-49.79178729999995,-15.083518599999934],[-49.764666999999974,-15.069368099999963],[-49.75192759999993,-15.084477999999933],[-49.72977439999994,-15.066866199999936],[-49.706862299999955,-15.067482599999948],[-49.70429249999995,-15.061164399999939],[-49.690819999999974,-15.066334499999982],[-49.684871499999986,-15.080133299999943],[-49.68248399999993,-15.067479499999934],[-49.666709399999945,-15.066359999999975],[-49.77381049999997,-15.235603999999967],[-49.74868559999993,-15.236976399999946],[-49.745482799999934,-15.25224929999996],[-49.75517149999996,-15.26273059999994],[-49.74834999999996,-15.270259799999963],[-49.763748299999975,-15.270927299999983],[-49.77056699999997,-15.287746199999958],[-49.788395099999946,-15.278660099999968],[-49.801459499999964,-15.29530479999994],[-49.83182929999998,-15.308427999999935],[-49.86173059999993,-15.33463699999993],[-49.90437179999998,-15.320041899999978],[-49.918650699999944,-15.27619679999998],[-49.90358939999993,-15.258728099999928],[-49.91098509999995,-15.248239399999932],[-49.92483919999995,-15.246231099999932],[-49.94688189999994,-15.260995299999934],[-49.958173099999954,-15.256007299999965],[-49.98762209999995,-15.272612599999945],[-50.040508999999986,-15.23766809999995],[-50.04765859999998,-15.221524999999929],[-50.06017209999993,-15.23031149999997],[-50.06580759999997,-15.228557999999964],[-50.03808139999995,-15.200324099999932],[-50.056224199999974,-15.182574399999964],[-50.05120939999995,-15.16362369999996],[-50.03611119999994,-15.14832759999996],[-50.05391509999998,-15.123022099999957],[-50.04516529999995,-15.10629659999995],[-50.030988099999945,-15.106902299999945],[-49.99192839999995,-15.079637099999957],[-49.971356999999955,-15.087450699999977],[-49.95425419999998,-15.081966799999975],[-49.92283749999996,-15.093939499999976],[-49.907683599999984,-15.08382169999993],[-49.87787399999996,-15.09001619999998]]]}},{"id":"5522","type":"Feature","properties":{"COD_IBGE":"5219001","MUNICIPIO":"Sanclerlândia","UF":"GO"},"geometry":{"type":"Polygon","coordinates":[[[-50.20117929999998,-16.262767699999927],[-50.22752459999998,-16.283798599999955],[-50.22915189999998,-16.296592999999973],[-50.21967209999997,-16.305202599999973],[-50.213644099999954,-16.341691199999957],[-50.24129459999995,-16.349631599999952],[-50.24512649999997,-16.32083499999993],[-50.28586359999997,-16.310629699999936],[-50.30726839999994,-16.325611699999968],[-50.36442299999993,-16.29032069999994],[-50.40917689999998,-16.287048599999935],[-50.43994369999996,-16.32582179999997],[-50.43492569999995,-16.33580889999996],[-50.44563059999996,-16.333816399999932],[-50.44179139999994,-16.353529299999934],[-50.43600419999996,-16.35187049999996],[-50.442992499999946,-16.36596469999995],[-50.43841269999996,-16.370206399999972],[-50.44403519999997,-16.37461049999996],[-50.461322999999936,-16.36741159999997],[-50.46966149999997,-16.384428899999932],[-50.46312759999995,-16.39081619999996],[-50.471771399999966,-16.386238899999967],[-50.47875009999996,-16.40988569999996],[-50.46532069999995,-16.410696899999948],[-50.460418999999945,-16.42783339999994],[-50.47503309999996,-16.432195399999955],[-50.49190999999996,-16.45687799999996],[-50.490951199999984,-16.470465099999956],[-50.49779979999994,-16.473143899999968],[-50.490790999999945,-16.479956399999935],[-50.50350579999997,-16.483902099999966],[-50.49877169999996,-16.490244299999972],[-50.50611599999996,-16.50869799999998],[-50.52060959999994,-16.49701319999997],[-50.53771939999996,-16.498933199999954],[-50.53886499999993,-16.49122219999998],[-50.52857259999996,-16.485149699999965],[-50.54214099999996,-16.47193999999996],[-50.54631129999996,-16.46234979999997],[-50.540515899999946,-16.456508199999973],[-50.551703299999986,-16.443613099999936],[-50.54139279999998,-16.443888799999968],[-50.52918989999995,-16.427175399999953],[-50.536421099999984,-16.41640899999993],[-50.53978259999997,-16.423313899999982],[-50.54685329999995,-16.41786959999996],[-50.547999499999946,-16.401710399999956],[-50.533232699999985,-16.408869299999935],[-50.54216299999996,-16.39132639999997],[-50.52226889999997,-16.39534279999998],[-50.520462899999984,-16.366650899999968],[-50.50189089999998,-16.35738589999994],[-50.504051199999935,-16.33889769999996],[-50.48455979999994,-16.329791899999975],[-50.486456299999986,-16.29035749999997],[-50.45859959999996,-16.259280099999955],[-50.46498989999998,-16.23698489999998],[-50.43787609999998,-16.223605599999928],[-50.43054979999994,-16.227433299999973],[-50.41481109999995,-16.211808899999937],[-50.412540399999955,-16.194754699999976],[-50.404464099999984,-16.192195699999957],[-50.401094099999966,-16.20198849999997],[-50.39225619999996,-16.19725829999993],[-50.40098819999997,-16.18561269999998],[-50.38903449999998,-16.163884399999972],[-50.39402519999993,-16.156038199999955],[-50.37663319999996,-16.15421539999994],[-50.36996409999995,-16.142062299999964],[-50.36121719999994,-16.160018999999977],[-50.33843779999995,-16.145831399999963],[-50.312426699999946,-16.15990119999998],[-50.28029269999996,-16.15771399999994],[-50.273578499999985,-16.170445599999937],[-50.26052189999996,-16.17019769999996],[-50.258752899999934,-16.193048999999974],[-50.24543139999997,-16.19974929999995],[-50.21146049999993,-16.258465099999967],[-50.20117929999998,-16.262767699999927]]]}},{"id":"5523","type":"Feature","properties":{"COD_IBGE":"5219100","MUNICIPIO":"Santa Bárbara de Goiás","UF":"GO"},"geometry":{"type":"Polygon","coordinates":[[[-49.72814089999997,-16.572231699999975],[-49.695094799999936,-16.522030799999982],[-49.680723299999954,-16.536180999999942],[-49.65725329999998,-16.538381499999957],[-49.64965739999997,-16.549678599999936],[-49.63820709999993,-16.54243749999995],[-49.61949619999996,-16.554050599999982],[-49.59255479999996,-16.544371999999953],[-49.60234559999998,-16.568628199999978],[-49.636440499999935,-16.59724479999994],[-49.65403999999995,-16.63014849999996],[-49.65625419999998,-16.66247029999994],[-49.66772299999997,-16.672748399999932],[-49.707210299999986,-16.66328509999994],[-49.71575679999995,-16.674273899999946],[-49.72754579999997,-16.671016399999928],[-49.71636199999995,-16.648503799999958],[-49.72912379999997,-16.639197899999942],[-49.72909149999998,-16.612025899999935],[-49.737289799999985,-16.609285899999975],[-49.72728019999994,-16.601015099999927],[-49.72814089999997,-16.572231699999975]]]}},{"id":"5524","type":"Feature","properties":{"COD_IBGE":"5219209","MUNICIPIO":"Santa Cruz de Goiás","UF":"GO"},"geometry":{"type":"Polygon","coordinates":[[[-48.50019679999997,-17.49572509999996],[-48.53698149999997,-17.476454399999966],[-48.550356599999986,-17.481900399999972],[-48.58279219999997,-17.47586659999996],[-48.59926749999994,-17.483557099999928],[-48.61582019999997,-17.475013799999942],[-48.70326589999996,-17.497061799999926],[-48.70561219999996,-17.482214299999953],[-48.722230399999944,-17.49417029999995],[-48.755052699999965,-17.481899299999952],[-48.78275609999997,-17.44012209999994],[-48.80293369999998,-17.430360699999937],[-48.80821559999998,-17.41321819999996],[-48.79464279999996,-17.353739099999927],[-48.75460899999996,-17.27915109999998],[-48.70431849999994,-17.237567199999944],[-48.45645889999997,-17.20020509999995],[-48.45092939999995,-17.21435539999993],[-48.41130439999995,-17.230711999999983],[-48.40447359999996,-17.23938899999996],[-48.42831369999993,-17.26022699999993],[-48.408559099999934,-17.27546609999996],[-48.42247789999993,-17.320423999999946],[-48.43929799999995,-17.323501199999953],[-48.43184259999998,-17.34010619999998],[-48.41444829999995,-17.342743799999937],[-48.44698379999994,-17.434451099999933],[-48.44512059999994,-17.44937559999994],[-48.43794389999994,-17.45228439999994],[-48.441331599999955,-17.49535599999996],[-48.44737479999998,-17.50809879999997],[-48.460011399999985,-17.51194099999998],[-48.479678399999955,-17.56182759999996],[-48.502395899999954,-17.57168009999998],[-48.51075869999994,-17.568609099999946],[-48.49774579999996,-17.55117269999994],[-48.50426299999998,-17.522991099999956],[-48.51798489999993,-17.515665399999932],[-48.50662579999994,-17.515478299999927],[-48.51081549999998,-17.50042049999996],[-48.50019679999997,-17.49572509999996]]]}},{"id":"5525","type":"Feature","properties":{"COD_IBGE":"5219258","MUNICIPIO":"Santa Fé de Goiás","UF":"GO"},"geometry":{"type":"Polygon","coordinates":[[[-51.243062899999984,-15.677451099999928],[-51.178575799999976,-15.646394199999975],[-51.21915979999994,-15.604211799999973],[-51.24360359999997,-15.542658899999935],[-51.23192519999998,-15.484615299999973],[-51.201530899999966,-15.468707399999971],[-51.17409639999994,-15.441198099999951],[-51.143972099999985,-15.433397699999944],[-51.144082899999944,-15.417994199999953],[-51.12354319999997,-15.419114899999954],[-51.127948499999945,-15.43121089999994],[-51.11642759999995,-15.429933399999982],[-51.12047649999994,-15.443577699999935],[-51.098531299999934,-15.454970499999945],[-51.095793199999946,-15.472255399999938],[-51.08208479999996,-15.485135499999956],[-51.086063199999955,-15.494715499999927],[-51.07411349999995,-15.497674899999936],[-51.07315349999993,-15.505284199999949],[-51.06391179999997,-15.50312249999996],[-51.05313129999996,-15.51906109999993],[-51.060456199999976,-15.525317899999948],[-51.053945399999975,-15.548172799999975],[-51.04517939999994,-15.553793399999961],[-51.05451489999996,-15.564428999999961],[-51.043065499999955,-15.569239699999969],[-51.04848219999997,-15.579881099999966],[-51.03689899999995,-15.605829899999947],[-51.02381889999998,-15.614637899999934],[-51.029191999999966,-15.614230799999973],[-51.03070369999995,-15.615627699999948],[-51.02015019999993,-15.641304399999967],[-51.02812319999998,-15.651473099999976],[-51.01440459999998,-15.67072879999995],[-51.021253799999954,-15.675370499999929],[-51.01378299999993,-15.703408299999978],[-51.002257499999985,-15.707769399999961],[-50.991637099999934,-15.73682649999995],[-51.003215799999964,-15.77670569999998],[-51.045644599999946,-15.799885999999958],[-51.058288699999935,-15.844200999999941],[-51.04943039999995,-15.855816599999969],[-51.05486589999998,-15.88494899999995],[-51.08861579999996,-15.887973299999942],[-51.122366599999964,-15.90462569999994],[-51.12409029999998,-15.87010239999995],[-51.13287959999997,-15.862015999999926],[-51.12731949999994,-15.85256469999996],[-51.154324299999985,-15.822333299999968],[-51.15615599999995,-15.798172299999976],[-51.188702399999954,-15.804613999999958],[-51.21590659999998,-15.799415799999963],[-51.242943699999955,-15.807999299999949],[-51.307075199999986,-15.768764699999963],[-51.34029669999995,-15.73325639999996],[-51.38373699999994,-15.72417749999994],[-51.39998749999995,-15.688245499999937],[-51.43035579999997,-15.670105399999954],[-51.44195639999998,-15.60924179999995],[-51.416184999999984,-15.613904899999966],[-51.38733089999994,-15.631452199999956],[-51.38279189999997,-15.603692299999977],[-51.368638199999964,-15.599131199999931],[-51.243062899999984,-15.677451099999928]]]}},{"id":"5526","type":"Feature","properties":{"COD_IBGE":"5219308","MUNICIPIO":"Santa Helena de Goiás","UF":"GO"},"geometry":{"type":"Polygon","coordinates":[[[-50.450025799999935,-17.755021599999964],[-50.43512539999995,-17.762362199999927],[-50.44121639999997,-17.802475699999945],[-50.397433199999966,-17.839342599999952],[-50.41736099999997,-17.849745799999937],[-50.423314699999935,-17.88240799999994],[-50.404791899999964,-17.899955399999953],[-50.39880339999996,-17.88047819999997],[-50.37290109999998,-17.89269079999997],[-50.37072859999995,-17.900126899999975],[-50.38414759999995,-17.905691299999944],[-50.38482869999996,-17.91466669999994],[-50.36373599999996,-17.916577099999927],[-50.36381559999995,-17.931222499999933],[-50.34437649999995,-17.942487299999982],[-50.36024939999999,-17.947414999999978],[-50.37214819999997,-17.93224189999995],[-50.38549949999998,-17.93679149999997],[-50.40077689999998,-17.92771239999996],[-50.42048999999997,-17.946644099999958],[-50.44074669999998,-17.94128029999996],[-50.462594499999966,-17.95066209999993],[-50.48870429999994,-17.943504299999972],[-50.50928499999998,-17.952340599999957],[-50.52581829999997,-17.950196199999937],[-50.548922199999936,-17.96997049999993],[-50.56911489999993,-17.971373299999982],[-50.588025699999946,-17.983087299999966],[-50.70041669999995,-17.971835099999964],[-50.72284859999996,-17.951796899999977],[-50.654827599999976,-17.88675319999993],[-50.64191189999997,-17.862805399999957],[-50.654900399999974,-17.871115799999927],[-50.667914199999984,-17.864191499999947],[-50.67466529999996,-17.846415999999977],[-50.74074489999998,-17.834855799999957],[-50.75488399999995,-17.80952129999997],[-50.784731599999986,-17.78130569999996],[-50.78439689999993,-17.746250199999963],[-50.72182729999997,-17.70032079999993],[-50.701031599999965,-17.659903799999938],[-50.67316379999994,-17.65688549999993],[-50.65524789999995,-17.635086199999932],[-50.636995199999944,-17.62524639999998],[-50.61032869999997,-17.625988399999926],[-50.60260989999995,-17.61125809999993],[-50.56143359999999,-17.59491339999994],[-50.54613539999997,-17.60549169999996],[-50.52003979999995,-17.647145199999954],[-50.47791309999997,-17.652380299999948],[-50.47699719999997,-17.66920879999998],[-50.46478149999996,-17.685396999999966],[-50.467121099999986,-17.699659099999963],[-50.455028099999936,-17.704012399999954],[-50.45698319999997,-17.72647569999998],[-50.44615679999998,-17.726386299999945],[-50.41739089999999,-17.701018999999974],[-50.401120799999944,-17.699308299999927],[-50.40323699999993,-17.709059199999956],[-50.41895889999995,-17.713049799999965],[-50.42428249999995,-17.732555299999945],[-50.45249679999995,-17.74103569999994],[-50.450025799999935,-17.755021599999964]]]}},{"id":"5527","type":"Feature","properties":{"COD_IBGE":"5219357","MUNICIPIO":"Santa Isabel","UF":"GO"},"geometry":{"type":"Polygon","coordinates":[[[-49.36553809999998,-15.440486799999974],[-49.40976699999993,-15.438770999999974],[-49.423091099999965,-15.428259099999934],[-49.462585399999966,-15.432376799999929],[-49.46512119999994,-15.411686399999951],[-49.454092799999955,-15.379190999999935],[-49.487309299999936,-15.357508199999927],[-49.491639299999974,-15.342092799999932],[-49.48379319999998,-15.32632529999995],[-49.497409999999945,-15.31280959999998],[-49.50035569999994,-15.292709299999956],[-49.51196539999995,-15.29331579999996],[-49.52056429999993,-15.270089299999938],[-49.50884149999996,-15.251695499999983],[-49.493281999999965,-15.250407799999948],[-49.483847399999945,-15.236989599999959],[-49.50239789999995,-15.23843329999994],[-49.511518499999966,-15.230484299999944],[-49.511370599999964,-15.210509099999967],[-49.49792899999994,-15.202898799999957],[-49.509818199999984,-15.171717299999955],[-49.49701989999994,-15.168087499999956],[-49.481411599999944,-15.17652309999994],[-49.47381009999998,-15.154938899999934],[-49.47804159999998,-15.139147499999979],[-49.49427119999996,-15.144345199999975],[-49.50403039999998,-15.132991999999945],[-49.47087069999998,-15.12503259999994],[-49.46459599999997,-15.107482199999936],[-49.452761599999974,-15.099614499999973],[-49.44149859999993,-15.116575199999943],[-49.41397779999994,-15.09182119999997],[-49.40130889999995,-15.098387499999944],[-49.392522499999984,-15.079006099999958],[-49.397742999999934,-15.06674339999995],[-49.38621009999997,-15.048682499999927],[-49.36749139999995,-15.04432339999994],[-49.348026699999934,-15.027647399999978],[-49.32326159999997,-14.989213999999947],[-49.29033709999993,-14.990753999999981],[-49.292066199999965,-15.03607889999995],[-49.30700959999996,-15.07936479999995],[-49.31322519999998,-15.077561899999978],[-49.30197389999995,-15.102132299999937],[-49.309048099999984,-15.104122699999948],[-49.31333079999996,-15.127256899999963],[-49.307068999999956,-15.170034699999974],[-49.31859179999998,-15.188638099999935],[-49.32219329999998,-15.235162999999943],[-49.34307439999998,-15.276364299999955],[-49.342340699999966,-15.295836399999928],[-49.35506419999996,-15.327681499999926],[-49.35381759999996,-15.340141699999947],[-49.34029919999995,-15.34400119999998],[-49.31122089999997,-15.341066599999976],[-49.30314569999996,-15.329138299999954],[-49.28687699999995,-15.326885199999936],[-49.27704499999993,-15.33933479999996],[-49.26171659999994,-15.338322299999959],[-49.25768999999997,-15.352204699999959],[-49.285266999999976,-15.368929999999978],[-49.27488209999996,-15.388548299999968],[-49.29757959999995,-15.410189599999967],[-49.29107719999996,-15.433875999999941],[-49.28220539999995,-15.439353399999959],[-49.30084389999996,-15.46754489999995],[-49.309271699999954,-15.465916599999957],[-49.31433569999996,-15.493452999999931],[-49.33071659999996,-15.483713299999977],[-49.33956729999994,-15.49146049999996],[-49.344518999999934,-15.483824399999946],[-49.34331329999998,-15.46475659999993],[-49.329891499999974,-15.451381699999956],[-49.34902249999993,-15.451493599999935],[-49.36553809999998,-15.440486799999974]]]}},{"id":"5528","type":"Feature","properties":{"COD_IBGE":"5219407","MUNICIPIO":"Santa Rita do Araguaia","UF":"GO"},"geometry":{"type":"Polygon","coordinates":[[[-53.20497919999997,-17.334716899999933],[-53.217389899999944,-17.32721829999997],[-53.20854559999998,-17.31405719999998],[-53.218442299999936,-17.308978199999956],[-53.218629799999974,-17.298086699999942],[-53.19558469999998,-17.276993799999957],[-53.19753369999995,-17.26074049999994],[-53.186670499999934,-17.258784499999933],[-53.16516059999998,-17.22094469999996],[-53.15666619999996,-17.170684499999936],[-53.14206679999995,-17.17135929999995],[-53.127516699999944,-17.154575799999975],[-53.13112789999997,-17.144726399999968],[-53.11419659999996,-17.12662309999996],[-53.11831029999996,-17.113220399999932],[-53.098314699999946,-17.10909799999996],[-53.100855699999954,-17.101691999999957],[-53.08301689999996,-17.09363469999994],[-53.08878139999996,-17.084988899999928],[-53.07866089999993,-17.088468899999953],[-53.07941649999998,-17.07938759999996],[-53.07002319999998,-17.085716299999945],[-53.07224649999995,-17.076649199999963],[-53.060842899999955,-17.077799599999935],[-53.055246599999975,-17.07019839999998],[-53.05524139999994,-17.060534899999936],[-53.06547629999994,-17.058193699999947],[-53.06040699999994,-17.047085099999947],[-53.07142099999999,-17.049605199999974],[-53.06801799999994,-17.03087009999996],[-53.053759799999966,-17.019104099999936],[-53.063800399999934,-17.016260399999965],[-53.054525299999966,-17.014637499999935],[-53.05175189999994,-17.004049599999973],[-53.056420499999945,-16.96385669999995],[-53.04943259999993,-16.967548699999952],[-53.04726499999998,-16.94929579999996],[-53.035032899999976,-16.942473099999972],[-53.03945509999994,-16.912693099999956],[-53.01916659999995,-16.90022319999997],[-53.01181699999995,-16.88307759999998],[-53.01441719999997,-16.86157989999998],[-52.96742459999996,-16.86850019999997],[-52.96638219999994,-16.858789899999977],[-52.95449439999993,-16.859714699999927],[-52.95722099999995,-16.85046959999994],[-52.95010819999993,-16.85271249999994],[-52.95187919999995,-16.859911299999965],[-52.94517969999998,-16.85555329999994],[-52.95289539999993,-16.840949699999953],[-52.927747099999976,-16.841222199999947],[-52.92148139999995,-16.83321559999996],[-52.914045699999974,-16.85614709999993],[-52.92863169999998,-16.88228479999998],[-52.90775209999998,-16.93263449999995],[-52.91927049999998,-16.947189299999934],[-52.94700119999993,-16.947456099999954],[-52.94635199999993,-16.96196059999994],[-52.961072599999966,-16.970906199999945],[-52.951513699999964,-17.025010599999973],[-52.969805099999974,-17.053072999999927],[-52.96613679999996,-17.069950199999937],[-52.97225499999996,-17.07412499999998],[-52.95218229999995,-17.118802399999936],[-52.942657699999984,-17.11733709999993],[-52.94722879999995,-17.130282999999963],[-52.92281499999996,-17.151918399999943],[-52.915213499999936,-17.19089249999996],[-52.92757769999997,-17.216978799999936],[-52.91495709999998,-17.240423499999963],[-52.893340799999976,-17.25445919999993],[-52.886441899999966,-17.28246379999996],[-52.93284059999996,-17.30695529999997],[-52.96683329999996,-17.30773549999998],[-52.97702259999994,-17.32072439999996],[-53.036969399999975,-17.348445599999934],[-53.04793579999995,-17.366164499999968],[-53.07012539999994,-17.37116919999994],[-53.090039899999965,-17.365214699999967],[-53.09654409999996,-17.379281999999932],[-53.086527599999954,-17.37623709999997],[-53.07773949999995,-17.38640479999998],[-53.09797179999998,-17.41690449999993],[-53.101928199999975,-17.45380899999998],[-53.133703899999944,-17.505470799999955],[-53.14625739999997,-17.500669999999957],[-53.16094429999998,-17.506276799999966],[-53.18027379999995,-17.534487999999953],[-53.179472499999974,-17.550886699999978],[-53.06832879999996,-17.66541879999994],[-53.11364359999993,-17.66273929999994],[-53.12903339999997,-17.647283499999958],[-53.15636969999997,-17.64756239999997],[-53.18296479999998,-17.61641979999996],[-53.22347659999997,-17.612335899999948],[-53.24206699999996,-17.597419999999943],[-53.23573099999999,-17.587291299999947],[-53.245551999999975,-17.560399399999937],[-53.23871409999998,-17.55066089999997],[-53.24240309999993,-17.503705099999934],[-53.22349719999994,-17.45863319999995],[-53.23315779999996,-17.440823999999964],[-53.21502259999994,-17.404222299999958],[-53.20582209999998,-17.402282299999968],[-53.213198699999964,-17.395911599999977],[-53.20874219999996,-17.38484159999996],[-53.20301649999993,-17.38967249999996],[-53.196798299999955,-17.379796899999974],[-53.20674049999997,-17.371737699999926],[-53.195685899999944,-17.360831599999926],[-53.20652239999998,-17.361610499999927],[-53.200324499999965,-17.351233899999954],[-53.20497919999997,-17.334716899999933]]]}},{"id":"5529","type":"Feature","properties":{"COD_IBGE":"5219456","MUNICIPIO":"Santa Rita do Novo Destino","UF":"GO"},"geometry":{"type":"Polygon","coordinates":[[[-49.08849679999997,-14.859977399999934],[-49.10457409999998,-14.853272199999935],[-49.204980699999965,-14.899220699999944],[-49.19471599999997,-14.87637099999995],[-49.180095999999935,-14.870779899999945],[-49.205789599999946,-14.845828299999937],[-49.213618199999985,-14.832055999999966],[-49.210751699999946,-14.818366199999957],[-49.16620039999998,-14.80348859999998],[-49.167389499999956,-14.796252999999979],[-49.18564679999997,-14.797067199999958],[-49.19891119999994,-14.777353999999946],[-49.19446179999994,-14.76808989999995],[-49.16468709999998,-14.773397199999977],[-49.15252049999998,-14.767786999999942],[-49.14972469999998,-14.734697499999982],[-49.11750519999998,-14.746639799999969],[-49.11141109999994,-14.736035799999968],[-49.089360899999974,-14.729311199999927],[-49.069095699999934,-14.743613399999958],[-49.060906999999986,-14.738428099999965],[-49.059617799999955,-14.720762099999945],[-49.04146399999996,-14.707256299999926],[-49.00956529999996,-14.721496799999954],[-48.99925179999997,-14.716210699999976],[-49.02168009999997,-14.686408699999959],[-49.01481329999996,-14.661459299999933],[-49.03106829999996,-14.634038799999928],[-49.05545669999998,-14.614447999999982],[-49.04282329999995,-14.605299699999932],[-49.01674409999998,-14.619813199999953],[-49.017596399999945,-14.607744999999966],[-49.034705299999985,-14.602271599999938],[-49.04444019999994,-14.588543799999968],[-49.039855399999965,-14.576684499999942],[-49.02619189999996,-14.586582499999963],[-49.00966909999994,-14.57530829999996],[-49.00925459999996,-14.59545259999993],[-48.991246899999965,-14.597146099999975],[-48.99904929999997,-14.593497199999945],[-48.99253399999998,-14.584378499999957],[-48.97404729999994,-14.621574199999941],[-48.98986839999998,-14.622342299999957],[-48.987451299999975,-14.643753699999934],[-48.96730139999994,-14.64488799999998],[-48.966687899999954,-14.664604599999961],[-48.94994299999996,-14.660989299999926],[-48.95824799999997,-14.674815199999955],[-48.944656099999975,-14.683750299999929],[-48.95143799999994,-14.688227499999982],[-48.94767619999993,-14.696833999999967],[-48.921200399999975,-14.710377199999982],[-48.915907199999936,-14.731139499999927],[-48.89184889999996,-14.74410389999997],[-48.898567999999955,-14.762164299999938],[-48.89384609999996,-14.78216169999996],[-48.91282769999998,-14.833892399999968],[-48.94571049999996,-14.853872399999943],[-48.94830829999995,-14.864913699999931],[-48.97715709999994,-14.88936289999998],[-48.97281479999998,-14.907395999999949],[-48.99167939999995,-14.91218699999996],[-48.986418999999955,-14.918323699999974],[-49.002610499999946,-14.92616099999998],[-49.02354959999997,-14.953957999999943],[-49.03243009999994,-14.95347479999998],[-49.03096879999998,-14.969316299999946],[-49.04291009999997,-14.976201699999933],[-49.046808099999964,-15.00107319999995],[-49.02776039999998,-15.00794419999994],[-49.016301099999964,-15.02848339999997],[-48.99517849999995,-15.035349099999962],[-49.005140799999936,-15.074111399999936],[-49.026666999999975,-15.078408299999978],[-49.04673429999997,-15.111982399999931],[-49.071998399999984,-15.126786299999935],[-49.08477669999996,-15.160158399999943],[-49.157407199999966,-15.159604599999966],[-49.165819699999986,-15.139461499999982],[-49.19259909999994,-15.129623999999978],[-49.17443279999998,-15.113554199999953],[-49.17436819999995,-15.079039799999975],[-49.15240469999998,-15.041389799999934],[-49.15230839999998,-15.01799909999994],[-49.14218439999996,-15.01493019999998],[-49.12520539999997,-14.967144699999949],[-49.11735659999994,-14.964004599999953],[-49.121699099999944,-14.94730439999995],[-49.09879669999998,-14.932943199999954],[-49.09992119999998,-14.91537939999995],[-49.08855139999997,-14.908103599999947],[-49.09264049999996,-14.889352299999928],[-49.08366529999995,-14.886063399999955],[-49.08426259999993,-14.878357799999947],[-49.09409439999996,-14.870008799999937],[-49.08849679999997,-14.859977399999934]]]}},{"id":"5530","type":"Feature","properties":{"COD_IBGE":"5219506","MUNICIPIO":"Santa Rosa de Goiás","UF":"GO"},"geometry":{"type":"Polygon","coordinates":[[[-49.509401699999955,-15.972875599999952],[-49.445009099999936,-16.015900399999964],[-49.40143449999994,-16.01547439999996],[-49.40331649999996,-16.029894799999965],[-49.419907999999964,-16.051675599999953],[-49.43215399999997,-16.05567999999994],[-49.441007799999966,-16.07608749999997],[-49.44167159999995,-16.10901389999998],[-49.45240659999996,-16.112740499999973],[-49.45688689999997,-16.13886919999993],[-49.449153499999966,-16.16802839999997],[-49.47406349999994,-16.153106699999967],[-49.486608099999955,-16.13054539999996],[-49.52156099999996,-16.12286709999995],[-49.540544899999986,-16.072612099999958],[-49.53384489999996,-16.03035689999996],[-49.52600199999995,-16.02794609999995],[-49.517002299999945,-15.999392299999954],[-49.53323679999994,-15.979511499999944],[-49.509401699999955,-15.972875599999952]]]}},{"id":"5531","type":"Feature","properties":{"COD_IBGE":"5219605","MUNICIPIO":"Santa Tereza de Goiás","UF":"GO"},"geometry":{"type":"Polygon","coordinates":[[[-48.985739499999966,-13.391120399999977],[-48.98092159999993,-13.372735699999964],[-48.961994699999934,-13.361616399999946],[-48.95236289999997,-13.344961599999976],[-48.93337349999996,-13.353287299999977],[-48.934880299999975,-13.376356899999962],[-48.90447339999997,-13.381826499999931],[-48.89312019999994,-13.424420299999952],[-48.87198539999997,-13.422322899999926],[-48.878184799999985,-13.433282899999938],[-48.86525009999997,-13.429676799999982],[-48.857204199999956,-13.436166399999934],[-48.84706269999998,-13.457533199999943],[-48.850801899999965,-13.465450799999928],[-48.82939509999994,-13.47995629999997],[-48.82549319999998,-13.505875499999945],[-48.83982269999996,-13.529328499999963],[-48.83236369999997,-13.54525549999994],[-48.84874309999998,-13.549161399999946],[-48.86187069999994,-13.572262699999953],[-48.880498099999954,-13.582970199999977],[-48.88520429999994,-13.60024969999995],[-48.89703309999993,-13.599756399999933],[-48.89538639999995,-13.609259599999973],[-48.908019199999956,-13.609105499999941],[-48.92288709999997,-13.621189199999947],[-48.91759459999997,-13.63385379999994],[-48.92693469999995,-13.66725699999995],[-48.96876969999994,-13.686279599999978],[-48.97163879999994,-13.724738499999944],[-48.989889199999936,-13.731826799999965],[-48.99933319999997,-13.757229499999937],[-49.05089359999994,-13.765147799999966],[-49.05703219999998,-13.744602799999939],[-49.07847389999995,-13.737745599999926],[-49.116968499999984,-13.771982799999932],[-49.138945699999965,-13.720458699999938],[-49.12634549999996,-13.680356599999982],[-49.10843479999994,-13.667269899999951],[-49.11948079999996,-13.660832899999946],[-49.11402769999995,-13.649806199999944],[-49.11906739999995,-13.620126699999958],[-49.10158599999994,-13.619580799999937],[-49.08571389999997,-13.604878499999927],[-49.073571399999935,-13.557221999999967],[-49.08619479999993,-13.55378399999995],[-49.05882789999998,-13.517701099999954],[-49.03086489999998,-13.515660099999934],[-49.03166049999993,-13.501034799999957],[-49.02074849999997,-13.506419299999948],[-49.01231039999993,-13.498919599999965],[-49.01478249999997,-13.487648599999943],[-49.00202909999996,-13.463579599999946],[-49.00914819999997,-13.447062599999981],[-48.995017099999984,-13.423317899999972],[-49.00182149999995,-13.41889459999993],[-48.997322199999985,-13.391661599999964],[-48.985739499999966,-13.391120399999977]]]}},{"id":"5532","type":"Feature","properties":{"COD_IBGE":"5219704","MUNICIPIO":"Santa Terezinha de Goiás","UF":"GO"},"geometry":{"type":"Polygon","coordinates":[[[-49.70889799999998,-14.443399799999952],[-49.733137099999965,-14.449994799999956],[-49.73890929999993,-14.42775389999997],[-49.728656599999965,-14.427097099999969],[-49.732041299999935,-14.41898729999997],[-49.742949899999985,-14.41037979999993],[-49.76488699999993,-14.415624299999934],[-49.755695499999945,-14.392739399999982],[-49.782011799999964,-14.38792369999993],[-49.774825599999986,-14.38115579999993],[-49.775216299999954,-14.34926459999997],[-49.784246199999984,-14.348032799999942],[-49.78451309999997,-14.340174999999931],[-49.77362119999998,-14.32616059999998],[-49.80043649999993,-14.328975299999968],[-49.79142439999998,-14.304555199999982],[-49.78040729999998,-14.303023199999927],[-49.80040709999997,-14.289593099999934],[-49.81068439999996,-14.291689099999928],[-49.80154989999994,-14.282740499999932],[-49.80388569999997,-14.259309199999961],[-49.81446859999994,-14.26679489999998],[-49.82593959999997,-14.234834599999942],[-49.80640379999994,-14.221040999999957],[-49.80823689999994,-14.20762499999995],[-49.81825629999997,-14.199850699999956],[-49.832452899999964,-14.20350689999998],[-49.83564719999998,-14.182445099999939],[-49.842989099999954,-14.196424599999943],[-49.86150059999994,-14.181601199999932],[-49.84649799999994,-14.175685499999929],[-49.81989579999998,-14.140956199999948],[-49.84660139999994,-14.114913299999955],[-49.86678999999998,-14.119519699999955],[-49.86919459999996,-14.104942599999958],[-49.88180449999993,-14.101516599999968],[-49.87016779999993,-14.077637299999935],[-49.88935339999995,-14.078452199999958],[-49.89705369999996,-14.067973399999971],[-49.875581599999975,-14.050057699999968],[-49.87498169999998,-14.039229499999976],[-49.88464149999999,-14.033128599999941],[-49.87317529999996,-14.01168569999993],[-49.88172319999995,-13.984730699999943],[-49.852113299999985,-13.979962499999942],[-49.86693669999994,-13.958599799999945],[-49.85613559999996,-13.947554999999966],[-49.833389599999975,-13.955386999999973],[-49.81881669999996,-13.939919799999927],[-49.818173299999955,-13.95039399999996],[-49.79589409999994,-13.969042499999944],[-49.81154699999996,-13.986169999999959],[-49.79954099999998,-13.99214619999998],[-49.808581699999934,-14.008062799999948],[-49.79711269999996,-14.01708659999997],[-49.787320799999975,-14.001013799999953],[-49.78328659999994,-14.016058899999962],[-49.77283959999994,-14.012696099999971],[-49.769556799999975,-14.028945399999941],[-49.74499199999997,-14.04654789999995],[-49.75929919999993,-14.068160699999964],[-49.75256779999995,-14.072976299999937],[-49.75673439999997,-14.082567099999949],[-49.73425069999996,-14.07780589999993],[-49.73207449999995,-14.109969699999965],[-49.74473709999995,-14.129359499999964],[-49.75114439999993,-14.164269399999966],[-49.70517499999994,-14.211441699999966],[-49.740247899999986,-14.23128399999996],[-49.75282499999997,-14.250134799999955],[-49.77071559999996,-14.246314999999981],[-49.774052799999936,-14.251050799999973],[-49.76763719999997,-14.268728599999974],[-49.75108809999995,-14.270477399999947],[-49.750644199999954,-14.288561699999946],[-49.70299719999997,-14.304872199999977],[-49.70985969999998,-14.337281699999949],[-49.70063929999998,-14.334284999999966],[-49.68326579999996,-14.344565599999953],[-49.67881169999998,-14.316595599999971],[-49.66347179999997,-14.300594899999965],[-49.57451329999998,-14.28812709999994],[-49.56213409999998,-14.272091699999976],[-49.55615949999998,-14.238533399999938],[-49.56163789999994,-14.232949599999927],[-49.49708359999994,-14.255230799999936],[-49.47302569999994,-14.464028799999937],[-49.48728879999993,-14.473125799999934],[-49.50010659999998,-14.46305469999993],[-49.52184659999995,-14.47559549999994],[-49.52917389999993,-14.46950849999996],[-49.53323849999998,-14.469735499999956],[-49.537950799999976,-14.464559899999927],[-49.54086149999995,-14.464205599999957],[-49.54792519999995,-14.480604899999946],[-49.54339429999993,-14.486234599999932],[-49.55455829999994,-14.50193889999997],[-49.54097189999993,-14.515078699999947],[-49.54294879999998,-14.533922699999948],[-49.53421759999998,-14.545153199999959],[-49.54783119999996,-14.554079299999955],[-49.555146599999944,-14.56968809999995],[-49.55282529999994,-14.588881299999969],[-49.57545019999998,-14.626367799999969],[-49.56622179999994,-14.645932399999936],[-49.60473769999993,-14.66479019999997],[-49.61544909999998,-14.681527899999935],[-49.62487129999994,-14.676556799999958],[-49.63190479999997,-14.648499899999933],[-49.62555109999994,-14.631852999999978],[-49.64450619999997,-14.627644399999951],[-49.63326799999993,-14.569200899999942],[-49.66222099999993,-14.531956599999944],[-49.660445299999935,-14.481446199999937],[-49.686384799999985,-14.479267799999946],[-49.71272719999996,-14.453519899999947],[-49.70889799999998,-14.443399799999952]]]}},{"id":"5533","type":"Feature","properties":{"COD_IBGE":"5219712","MUNICIPIO":"Santo Antônio da Barra","UF":"GO"},"geometry":{"type":"Polygon","coordinates":[[[-50.66710379999995,-17.47810099999998],[-50.64615569999995,-17.456731899999966],[-50.65463799999998,-17.40946779999996],[-50.64459949999997,-17.413651199999947],[-50.630965999999944,-17.398535299999935],[-50.628192799999965,-17.381112599999938],[-50.608920599999976,-17.376645699999926],[-50.59809069999994,-17.387285799999972],[-50.60428289999993,-17.399711499999967],[-50.59038949999996,-17.395489399999974],[-50.588648999999975,-17.412066799999934],[-50.581505499999935,-17.404730599999937],[-50.557331799999986,-17.405017199999975],[-50.560460999999975,-17.415151999999978],[-50.54171749999995,-17.414688199999944],[-50.53599959999997,-17.42942929999998],[-50.525540099999944,-17.43134989999993],[-50.52698529999998,-17.46637579999998],[-50.54341919999996,-17.47760939999995],[-50.521676199999945,-17.47833479999997],[-50.52528879999994,-17.49133749999993],[-50.51519069999995,-17.519667999999967],[-50.528612599999974,-17.534246999999937],[-50.549456599999985,-17.533828899999946],[-50.55843489999995,-17.542117299999973],[-50.54571709999993,-17.579904099999965],[-50.559560199999964,-17.596451899999977],[-50.60260989999995,-17.61125809999993],[-50.61032869999997,-17.625988399999926],[-50.63728179999998,-17.625322799999935],[-50.664568799999984,-17.640890799999966],[-50.67316379999994,-17.65688549999993],[-50.70376599999997,-17.660344899999927],[-50.70900199999994,-17.634453399999927],[-50.73640089999998,-17.58869679999998],[-50.75580249999996,-17.576348699999983],[-50.75566189999995,-17.54887169999995],[-50.742178999999965,-17.516461299999946],[-50.70213819999998,-17.499300799999958],[-50.68954729999996,-17.47820029999997],[-50.66710379999995,-17.47810099999998]]]}},{"id":"5534","type":"Feature","properties":{"COD_IBGE":"5219738","MUNICIPIO":"Santo Antônio de Goiás","UF":"GO"},"geometry":{"type":"Polygon","coordinates":[[[-49.214736399999936,-16.45573379999996],[-49.25106929999998,-16.48984379999996],[-49.263577099999964,-16.51615389999995],[-49.28420149999994,-16.531819999999982],[-49.28763329999998,-16.525247499999978],[-49.310437699999966,-16.52987379999996],[-49.32795039999996,-16.556519699999967],[-49.34107719999997,-16.547471299999927],[-49.34066339999998,-16.518947999999966],[-49.37010859999998,-16.500961099999927],[-49.361697799999945,-16.483117299999947],[-49.34168519999997,-16.47205859999997],[-49.32223799999997,-16.437524499999938],[-49.29480939999996,-16.434503199999938],[-49.28037919999997,-16.398966899999948],[-49.214736399999936,-16.45573379999996]]]}},{"id":"5535","type":"Feature","properties":{"COD_IBGE":"5219753","MUNICIPIO":"Santo Antônio do Descoberto","UF":"GO"},"geometry":{"type":"Polygon","coordinates":[[[-48.277811199999974,-16.049597799999958],[-48.08481089999998,-16.049675899999954],[-48.10066279999995,-16.069392999999934],[-48.133007599999985,-16.08201349999996],[-48.149996499999986,-16.099449599999957],[-48.15155559999994,-16.125004899999965],[-48.14011319999997,-16.170948799999962],[-48.17456869999995,-16.21324809999993],[-48.17733659999993,-16.242307099999948],[-48.18871109999998,-16.250566299999946],[-48.19384209999998,-16.280542399999945],[-48.204629799999964,-16.295155199999954],[-48.20019309999998,-16.31121059999998],[-48.221933999999976,-16.324160399999982],[-48.24011939999997,-16.32567309999996],[-48.255953999999974,-16.313459199999954],[-48.26782739999993,-16.325799599999982],[-48.296930799999984,-16.31299789999997],[-48.30635909999995,-16.32261879999993],[-48.325617299999976,-16.317467199999953],[-48.31908279999993,-16.299105399999974],[-48.32570539999995,-16.264571099999955],[-48.34740369999997,-16.244041899999957],[-48.36322499999994,-16.24149189999997],[-48.375158699999986,-16.215077599999972],[-48.367022599999984,-16.18987999999996],[-48.35349889999998,-16.18680139999998],[-48.357064099999945,-16.17051129999993],[-48.350350299999945,-16.151904099999967],[-48.35098879999998,-16.111723799999936],[-48.36923369999994,-16.072171499999968],[-48.36596569999995,-16.016430299999968],[-48.37146009999998,-15.995446199999947],[-48.398684799999955,-15.974800799999969],[-48.40785509999995,-15.977651899999955],[-48.422524599999974,-15.948023699999965],[-48.414084799999955,-15.921520199999975],[-48.419093299999986,-15.906355099999928],[-48.41187669999994,-15.904430399999967],[-48.40658819999993,-15.877247099999977],[-48.386559199999965,-15.853980299999932],[-48.37714009999996,-15.820974699999965],[-48.33723999999995,-15.822801499999969],[-48.321794599999976,-15.83433999999994],[-48.313466999999946,-15.821793899999932],[-48.28179799999998,-15.830596899999932],[-48.28425199999998,-15.853928999999937],[-48.27164829999998,-15.883714999999938],[-48.27710909999996,-15.90744159999997],[-48.26931209999998,-15.913056499999982],[-48.27636419999993,-15.931237599999974],[-48.26085869999997,-15.928034199999956],[-48.250185499999986,-15.947596199999964],[-48.27242649999994,-16.008962699999927],[-48.277811199999974,-16.049597799999958]]]}},{"id":"5536","type":"Feature","properties":{"COD_IBGE":"5219803","MUNICIPIO":"São Domingos","UF":"GO"},"geometry":{"type":"Polygon","coordinates":[[[-46.39360369999997,-13.30851389999998],[-46.382349799999986,-13.281287299999974],[-46.38593259999993,-13.238195099999928],[-46.37650999999994,-13.217719399999964],[-46.40260059999997,-13.130604099999971],[-46.412256799999966,-13.121619899999928],[-46.41000189999994,-13.10816589999996],[-46.42403649999994,-13.10170409999995],[-46.42634239999995,-13.086412499999938],[-46.44210459999994,-13.081994899999927],[-46.44942949999995,-13.055112099999974],[-46.29872709999995,-13.063778999999954],[-46.31638499999997,-13.090977299999963],[-46.33578879999993,-13.097657899999945],[-46.319794299999955,-13.104231399999946],[-46.29518079999997,-13.141874499999972],[-46.31671079999995,-13.183260899999937],[-46.30298039999997,-13.186404799999934],[-46.30434829999996,-13.205979499999955],[-46.32913179999997,-13.248486399999933],[-46.29992569999996,-13.257677299999955],[-46.29998589999997,-13.282881799999927],[-46.316062699999975,-13.306502999999964],[-46.29248689999997,-13.31693009999998],[-46.103219399999944,-13.257510199999956],[-46.07128489999997,-13.28704799999997],[-46.07333959999994,-13.311368899999934],[-46.135473099999956,-13.375524199999973],[-46.16228579999995,-13.382635099999959],[-46.205616599999985,-13.416831799999954],[-46.22513829999997,-13.412805099999957],[-46.249522499999955,-13.431308899999976],[-46.22462749999994,-13.439567699999941],[-46.22588099999996,-13.449958199999969],[-46.20896389999996,-13.46556279999993],[-46.237063699999965,-13.487150399999962],[-46.22682219999996,-13.48964159999997],[-46.22522759999998,-13.50302929999998],[-46.247257099999956,-13.52168869999997],[-46.23704369999996,-13.554908799999964],[-46.24745249999995,-13.578660399999933],[-46.23171919999993,-13.583213599999965],[-46.18725509999996,-13.575419299999965],[-46.167538899999954,-13.589733299999978],[-46.16274539999995,-13.603642099999945],[-46.23764109999996,-13.65212639999993],[-46.26363289999995,-13.691392999999948],[-46.24067279999997,-13.694429199999945],[-46.23573689999995,-13.708145599999966],[-46.26765759999995,-13.711558799999978],[-46.30121609999998,-13.700178899999969],[-46.31564049999997,-13.717939299999955],[-46.34165849999994,-13.720361899999943],[-46.406498399999975,-13.77674589999998],[-46.42532829999993,-13.773961499999928],[-46.42881289999997,-13.783609699999943],[-46.435202799999956,-13.781687399999953],[-46.433038099999976,-13.789535599999965],[-46.465822799999955,-13.811027399999944],[-46.51484829999998,-13.813343199999963],[-46.52253159999998,-13.801026999999976],[-46.540945799999974,-13.79309939999996],[-46.54831389999998,-13.803262699999948],[-46.58513999999997,-13.807508799999937],[-46.60163669999997,-13.821709299999952],[-46.61575049999993,-13.811477599999932],[-46.61916669999994,-13.819596799999943],[-46.63208819999994,-13.818731299999968],[-46.651747899999975,-13.805867699999965],[-46.65876969999994,-13.818108999999936],[-46.689450299999976,-13.813158999999928],[-46.730358199999955,-13.835404299999936],[-46.73822089999993,-13.822934299999929],[-46.759187199999985,-13.824421599999937],[-46.77027709999993,-13.813752299999976],[-46.79197949999997,-13.820344499999976],[-46.80174409999995,-13.83223959999998],[-46.81606649999998,-13.82894129999994],[-46.823820299999966,-13.844652899999971],[-46.85112179999993,-13.82947189999993],[-46.84631079999997,-13.816966199999968],[-46.816723499999966,-13.795980199999974],[-46.83483589999997,-13.774532299999976],[-46.83522369999997,-13.75983309999998],[-46.82062339999993,-13.748653299999944],[-46.81109269999996,-13.72578999999996],[-46.79194169999994,-13.727253899999937],[-46.78344709999993,-13.717218699999933],[-46.78503729999994,-13.703033799999957],[-46.806653799999935,-13.686132899999961],[-46.80801119999995,-13.675234299999943],[-46.79511709999997,-13.66828449999997],[-46.794770599999936,-13.658863099999962],[-46.815223999999944,-13.65744529999995],[-46.85089409999995,-13.63242409999998],[-46.85390119999994,-13.62266399999993],[-46.836995499999944,-13.603499599999964],[-46.84232429999997,-13.594894199999942],[-46.83509079999993,-13.588064999999972],[-46.79154489999996,-13.591075799999942],[-46.78102499999994,-13.565442099999927],[-46.78817049999998,-13.549864699999944],[-46.772006199999964,-13.53863709999996],[-46.773583299999984,-13.52816619999993],[-46.78318779999995,-13.531951299999946],[-46.77623129999995,-13.520183199999963],[-46.783843899999965,-13.508418899999981],[-46.77958829999994,-13.497364799999957],[-46.765800799999965,-13.497239599999943],[-46.769849299999976,-13.487752799999953],[-46.762081799999976,-13.481177999999943],[-46.77206819999998,-13.47889559999993],[-46.76256349999994,-13.466054099999951],[-46.77015699999998,-13.446451199999956],[-46.76260479999996,-13.44801659999996],[-46.76163599999995,-13.43606589999996],[-46.74592819999998,-13.425763699999948],[-46.750500099999954,-13.410941199999968],[-46.73129839999996,-13.396972499999947],[-46.734001999999975,-13.386376999999982],[-46.383347699999945,-13.38260269999995],[-46.389001399999984,-13.35275919999998],[-46.38362549999994,-13.331998699999929],[-46.39360369999997,-13.30851389999998]]]}},{"id":"5537","type":"Feature","properties":{"COD_IBGE":"5219902","MUNICIPIO":"São Francisco de Goiás","UF":"GO"},"geometry":{"type":"Polygon","coordinates":[[[-49.27243839999994,-16.01160649999997],[-49.36464549999994,-16.005719599999964],[-49.36350169999997,-15.984238499999947],[-49.35560159999994,-15.975581499999976],[-49.36216109999998,-15.94751139999994],[-49.344331299999965,-15.93679579999997],[-49.360152599999935,-15.91882929999997],[-49.36350719999996,-15.901970399999982],[-49.34288699999996,-15.900192899999979],[-49.33108779999998,-15.872998499999937],[-49.34017989999995,-15.856976799999927],[-49.323179299999936,-15.83634189999998],[-49.30504089999994,-15.825689199999943],[-49.28050259999998,-15.833406899999943],[-49.25634029999998,-15.815023899999971],[-49.248566799999935,-15.835466199999928],[-49.21621789999995,-15.849067599999955],[-49.21451749999994,-15.868766599999958],[-49.20462459999993,-15.87367839999996],[-49.20807199999996,-15.87934619999993],[-49.19644569999997,-15.896006599999964],[-49.19753389999994,-15.92946429999995],[-49.179193699999985,-15.933177099999966],[-49.17401829999994,-15.940935499999966],[-49.180127899999945,-15.958640099999968],[-49.13387019999993,-16.002147399999956],[-49.15920699999998,-16.036135099999967],[-49.154508299999975,-16.047987599999942],[-49.16029249999997,-16.063220299999955],[-49.18239479999994,-16.086211399999968],[-49.21833309999994,-16.08101659999994],[-49.22759529999996,-16.071988499999975],[-49.22756899999996,-16.05101049999996],[-49.252612099999965,-16.045847299999934],[-49.27243839999994,-16.01160649999997]]]}},{"id":"5538","type":"Feature","properties":{"COD_IBGE":"5220009","MUNICIPIO":"São João d'Aliança","UF":"GO"},"geometry":{"type":"Polygon","coordinates":[[[-47.48898329999997,-14.424803299999951],[-47.46719319999994,-14.384865499999933],[-47.45781989999995,-14.34510819999997],[-47.43394409999996,-14.34195649999998],[-47.42495759999997,-14.323034499999949],[-47.40126129999993,-14.322851999999955],[-47.38948489999996,-14.313793799999928],[-47.39370089999994,-14.25981829999995],[-47.40845609999997,-14.236320699999965],[-47.40317709999994,-14.223475299999961],[-47.44173779999994,-14.199856999999952],[-47.45423219999998,-14.146421799999928],[-47.44372189999996,-14.148922599999935],[-47.44275209999995,-14.160195299999941],[-47.41152039999997,-14.167566499999964],[-47.40191109999995,-14.147121399999946],[-47.36718519999994,-14.130025199999977],[-47.33223979999997,-14.14789769999993],[-47.32628319999998,-14.161668299999974],[-47.285974099999976,-14.159810999999934],[-47.27173589999995,-14.147317699999974],[-47.253462799999966,-14.148590599999977],[-47.24590619999998,-14.141704599999969],[-47.19918599999994,-14.150735099999963],[-47.19328889999997,-14.136353099999951],[-47.17414759999997,-14.14837979999993],[-47.15170279999995,-14.120322899999962],[-47.13289929999996,-14.11703799999998],[-47.131560099999945,-14.107725899999934],[-47.08891309999996,-14.08104949999995],[-47.08012579999996,-14.062562299999968],[-47.066662399999984,-14.065093299999944],[-47.05559439999996,-14.040262999999982],[-47.047635699999944,-14.042936599999962],[-47.04689059999998,-14.03601329999998],[-47.04189569999994,-14.041497799999945],[-47.03885829999996,-14.032059899999979],[-47.00565709999995,-14.043618399999957],[-46.996677199999965,-14.054790699999955],[-46.988062699999944,-14.046910199999957],[-46.98705209999997,-14.079544299999952],[-47.00621109999997,-14.089803899999936],[-47.03102249999995,-14.088696499999969],[-47.05293819999997,-14.103497299999958],[-47.08249639999997,-14.140526499999964],[-47.08795699999996,-14.17338209999997],[-47.128932099999986,-14.200519199999974],[-47.139503599999955,-14.254177099999936],[-47.17262359999995,-14.269385099999965],[-47.17436819999995,-14.303550299999927],[-47.18916829999995,-14.330347899999936],[-47.18190159999995,-14.350250499999959],[-47.19103949999993,-14.369825599999956],[-47.18893049999997,-14.403597599999955],[-47.180510599999934,-14.423741199999938],[-47.18308429999996,-14.439764199999956],[-47.15655409999994,-14.467664899999932],[-47.15237689999998,-14.531835999999942],[-47.144773499999985,-14.536447099999975],[-47.15857659999995,-14.551349799999969],[-47.171195299999965,-14.547796299999959],[-47.169204099999945,-14.539439399999935],[-47.18500659999995,-14.544176099999959],[-47.18357729999997,-14.553262399999937],[-47.19100499999996,-14.556387599999937],[-47.18585489999998,-14.560686499999974],[-47.19819689999997,-14.57085989999996],[-47.19201929999997,-14.579429599999969],[-47.20256999999998,-14.580919699999981],[-47.203842899999984,-14.60700259999993],[-47.21923009999995,-14.604218699999933],[-47.215949499999965,-14.628642599999978],[-47.230547799999954,-14.631313499999976],[-47.22442449999994,-14.634364499999947],[-47.23411429999993,-14.646037899999953],[-47.22689109999993,-14.660686599999963],[-47.22898929999997,-14.673869699999955],[-47.236834499999986,-14.673945299999957],[-47.23022869999994,-14.679875899999956],[-47.23444569999998,-14.687878699999942],[-47.24948619999998,-14.70185429999998],[-47.28290729999998,-14.694729699999982],[-47.297901399999944,-14.713285699999972],[-47.308294699999976,-14.75192839999994],[-47.318794699999955,-14.741217399999982],[-47.32311219999997,-14.75334319999996],[-47.31074229999996,-14.760271299999943],[-47.31480499999998,-14.76715459999997],[-47.32303559999997,-14.763051799999971],[-47.32578549999994,-14.773892799999942],[-47.33463869999997,-14.765579299999956],[-47.33900689999996,-14.773381099999938],[-47.350701199999946,-14.771227999999951],[-47.361495899999966,-14.804440899999975],[-47.42192799999998,-14.830034699999942],[-47.45233209999998,-14.817028799999946],[-47.477486399999975,-14.817010399999958],[-47.47453489999998,-14.803400799999963],[-47.52332119999994,-14.776557299999979],[-47.53409789999995,-14.737584899999945],[-47.55489629999994,-14.729993899999954],[-47.56538229999995,-14.755301299999928],[-47.61244169999998,-14.792189699999938],[-47.63482279999994,-14.830771099999936],[-47.647878599999956,-14.832813099999953],[-47.64040589999996,-14.757419399999947],[-47.63140139999996,-14.744442099999958],[-47.659622499999955,-14.70647779999996],[-47.693516999999986,-14.743933999999967],[-47.70569879999994,-14.671379099999967],[-47.71794879999993,-14.65325919999998],[-47.747498399999984,-14.651685199999974],[-47.760544799999934,-14.639147899999955],[-47.768852899999956,-14.643954899999926],[-47.776211399999966,-14.638680499999964],[-47.76377089999994,-14.595412899999928],[-47.77319699999998,-14.58912429999998],[-47.76621529999994,-14.571990699999958],[-47.77292349999993,-14.569861099999969],[-47.771155599999986,-14.555011899999954],[-47.761530999999934,-14.540931599999965],[-47.82459699999998,-14.505822099999932],[-47.83584519999994,-14.435864999999978],[-47.85992749999997,-14.403674399999943],[-47.865008999999986,-14.379502299999956],[-47.851819399999954,-14.371613699999955],[-47.85378769999994,-14.364662499999952],[-47.835704599999985,-14.363243799999964],[-47.83535169999993,-14.351127599999927],[-47.81098029999998,-14.354392699999948],[-47.80910229999995,-14.379731299999946],[-47.77807009999998,-14.400388199999952],[-47.77940319999993,-14.416196999999954],[-47.77145959999996,-14.406083999999964],[-47.76896489999996,-14.418010799999934],[-47.74370899999997,-14.406046199999935],[-47.73366209999995,-14.411772999999982],[-47.72267169999998,-14.431210599999929],[-47.728737799999976,-14.441085899999962],[-47.701305899999966,-14.46396169999997],[-47.66017109999996,-14.458682799999963],[-47.645642099999975,-14.436237199999937],[-47.61566739999995,-14.426795899999945],[-47.59090729999997,-14.429106499999932],[-47.57135169999998,-14.458992199999955],[-47.54702669999995,-14.448928599999931],[-47.554062399999964,-14.444133099999931],[-47.54929469999996,-14.424512599999957],[-47.51618179999997,-14.432231199999933],[-47.48898329999997,-14.424803299999951]]]}},{"id":"5539","type":"Feature","properties":{"COD_IBGE":"5220058","MUNICIPIO":"São João da Paraúna","UF":"GO"},"geometry":{"type":"Polygon","coordinates":[[[-50.41916509999999,-16.916839099999947],[-50.45574819999996,-16.88839669999993],[-50.45096989999996,-16.871365099999935],[-50.45839509999996,-16.846187099999952],[-50.44425949999993,-16.81832929999996],[-50.44826909999995,-16.787628599999948],[-50.407087899999965,-16.73159359999994],[-50.405898899999954,-16.715314399999954],[-50.38143999999994,-16.726197199999945],[-50.36173519999994,-16.699723399999982],[-50.35054229999997,-16.726989899999978],[-50.35743069999995,-16.742752999999936],[-50.28492769999997,-16.76628459999995],[-50.287960099999964,-16.796550799999977],[-50.28088709999997,-16.80471239999997],[-50.301361199999974,-16.82212599999997],[-50.29494029999995,-16.83966369999996],[-50.30292419999995,-16.85792559999993],[-50.29100669999997,-16.861401899999976],[-50.28364099999993,-16.88778869999993],[-50.31625679999996,-16.893607999999972],[-50.333442899999966,-16.88264529999998],[-50.35762719999997,-16.89486859999994],[-50.372178099999985,-16.890069899999958],[-50.38786679999998,-16.895093299999928],[-50.39597459999993,-16.909505199999955],[-50.41916509999999,-16.916839099999947]]]}},{"id":"5540","type":"Feature","properties":{"COD_IBGE":"5220108","MUNICIPIO":"São Luís de Montes Belos","UF":"GO"},"geometry":{"type":"Polygon","coordinates":[[[-50.303205899999966,-16.558627299999955],[-50.34069819999996,-16.56458809999998],[-50.34711299999998,-16.577353099999982],[-50.37550489999995,-16.57518289999996],[-50.39963609999995,-16.593058499999927],[-50.429915499999936,-16.58621439999996],[-50.444746099999975,-16.594383499999935],[-50.463996399999985,-16.63128409999996],[-50.483646599999986,-16.637853699999937],[-50.51257709999993,-16.62047579999995],[-50.51197179999997,-16.612792499999955],[-50.521051099999966,-16.613670699999943],[-50.51291799999996,-16.592159799999934],[-50.54076209999994,-16.571185299999968],[-50.53655749999996,-16.561405799999932],[-50.55027439999998,-16.54843349999993],[-50.56377919999994,-16.550598999999977],[-50.56276409999998,-16.51811209999994],[-50.55804299999994,-16.520943299999942],[-50.55352559999994,-16.510257199999955],[-50.543409199999985,-16.51300059999994],[-50.53753509999996,-16.498703099999943],[-50.52246739999998,-16.49668669999994],[-50.50611599999996,-16.50869799999998],[-50.49877169999996,-16.490244299999972],[-50.50350579999997,-16.483902099999966],[-50.490790999999945,-16.479956399999935],[-50.49779979999994,-16.473143899999968],[-50.490951199999984,-16.470465099999956],[-50.49190999999996,-16.45687799999996],[-50.47503309999996,-16.432195399999955],[-50.460418999999945,-16.42783339999994],[-50.46532069999995,-16.410696899999948],[-50.47201019999994,-16.414075899999943],[-50.47875009999996,-16.40988569999996],[-50.471771399999966,-16.386238899999967],[-50.46312759999995,-16.39081619999996],[-50.46966149999997,-16.384428899999932],[-50.461322999999936,-16.36741159999997],[-50.44403519999997,-16.37461049999996],[-50.43841269999996,-16.370206399999972],[-50.442992499999946,-16.36596469999995],[-50.43600419999996,-16.35187049999996],[-50.44179139999994,-16.353529299999934],[-50.44563059999996,-16.333816399999932],[-50.43492569999995,-16.33580889999996],[-50.43994369999996,-16.32582179999997],[-50.408807699999954,-16.286797999999976],[-50.36442299999993,-16.29032069999994],[-50.30726839999994,-16.325611699999968],[-50.28586359999997,-16.310629699999936],[-50.24512649999997,-16.32083499999993],[-50.248122799999976,-16.331825599999945],[-50.238784899999985,-16.338107699999966],[-50.24745999999993,-16.352202399999953],[-50.226561799999956,-16.36114649999996],[-50.233803199999954,-16.372743399999933],[-50.22030569999998,-16.38480979999997],[-50.222365699999955,-16.399134999999944],[-50.23701379999994,-16.404403599999966],[-50.24496019999998,-16.421816199999967],[-50.221040899999934,-16.41040769999995],[-50.20475369999997,-16.418592199999978],[-50.19137899999998,-16.41492329999994],[-50.17434929999996,-16.437070399999982],[-50.17977639999998,-16.450928699999963],[-50.166171299999974,-16.465559199999973],[-50.192684499999984,-16.46692109999998],[-50.20798309999998,-16.47822999999994],[-50.22189329999998,-16.476095199999975],[-50.224535499999945,-16.451247199999955],[-50.245061799999974,-16.45011349999993],[-50.26396729999993,-16.47160249999996],[-50.26728069999996,-16.495491999999956],[-50.28221229999997,-16.50716159999996],[-50.28374199999996,-16.52927059999996],[-50.303205899999966,-16.558627299999955]]]}},{"id":"5541","type":"Feature","properties":{"COD_IBGE":"5220157","MUNICIPIO":"São Luiz do Norte","UF":"GO"},"geometry":{"type":"Polygon","coordinates":[[[-49.363630599999965,-15.011692299999936],[-49.42616439999995,-14.993671899999981],[-49.42563809999996,-14.960608399999956],[-49.43286459999996,-14.95658579999997],[-49.418316699999934,-14.90158299999996],[-49.442145299999936,-14.885732099999927],[-49.41774809999998,-14.878764799999942],[-49.402630999999985,-14.836336699999947],[-49.38525709999993,-14.823482699999943],[-49.360045999999954,-14.818829999999934],[-49.35457309999998,-14.809919699999966],[-49.340962099999956,-14.80834729999998],[-49.32518289999996,-14.822477099999958],[-49.31855639999998,-14.813580699999932],[-49.249353499999984,-14.821624699999973],[-49.23681019999998,-14.865948799999956],[-49.21909419999997,-14.84992479999994],[-49.19681719999994,-14.848264399999948],[-49.180095999999935,-14.870779899999945],[-49.19471599999997,-14.87637099999995],[-49.204980699999965,-14.899220699999944],[-49.10457409999998,-14.853272199999935],[-49.08805589999997,-14.860599499999978],[-49.09409439999996,-14.870008799999937],[-49.08426259999993,-14.878357799999947],[-49.08366529999995,-14.886063399999955],[-49.09264049999996,-14.889352299999928],[-49.08855139999997,-14.908103599999947],[-49.09992119999998,-14.91537939999995],[-49.09879669999998,-14.932943199999954],[-49.121699099999944,-14.94730439999995],[-49.11735659999994,-14.964004599999953],[-49.12520539999997,-14.967144699999949],[-49.132948699999986,-14.999556699999971],[-49.32326159999997,-14.989213999999947],[-49.35673039999995,-15.000172799999973],[-49.363630599999965,-15.011692299999936]]]}},{"id":"5542","type":"Feature","properties":{"COD_IBGE":"5220207","MUNICIPIO":"São Miguel do Araguaia","UF":"GO"},"geometry":{"type":"Polygon","coordinates":[[[-50.15786719999994,-12.893130699999972],[-50.111504699999955,-12.911364399999968],[-50.07806119999998,-12.905650599999944],[-50.07215209999998,-12.916954799999928],[-50.04911519999996,-12.922091499999965],[-50.04092319999995,-12.934932899999978],[-50.01659549999994,-12.929172699999981],[-49.99297659999996,-12.944322199999931],[-49.97900419999996,-12.938792499999977],[-49.949965599999985,-12.95928809999998],[-49.933066199999985,-12.956691099999944],[-49.90906769999998,-12.968034799999941],[-49.84277289999994,-13.152009599999928],[-49.844623199999944,-13.163576999999975],[-49.81923829999994,-13.181861999999967],[-49.81764609999993,-13.243205599999953],[-49.825180099999955,-13.263194299999952],[-49.818367799999976,-13.27983919999997],[-49.850714299999936,-13.32749629999995],[-49.86201489999996,-13.39062759999996],[-49.881687399999976,-13.407910699999945],[-49.90153909999998,-13.449599199999966],[-49.947063199999945,-13.45999409999996],[-49.97439819999994,-13.487682199999938],[-49.999649499999975,-13.486078899999939],[-50.010586399999966,-13.50136299999997],[-50.020018799999946,-13.495663699999966],[-50.02424649999995,-13.503313099999957],[-50.035010899999975,-13.499988099999939],[-50.03461579999998,-13.514804099999935],[-50.04867239999993,-13.508857099999943],[-50.05850299999997,-13.524738699999943],[-50.08313169999997,-13.512577699999952],[-50.08865259999993,-13.517071099999953],[-50.11831119999994,-13.508107799999948],[-50.124836399999936,-13.521642799999938],[-50.13809519999995,-13.522679599999947],[-50.14244889999998,-13.535668599999951],[-50.16161639999996,-13.531208999999933],[-50.16867509999997,-13.552454699999942],[-50.21149789999998,-13.533382299999971],[-50.22734179999998,-13.53849669999994],[-50.23225599999995,-13.55553249999997],[-50.25225419999998,-13.556047699999965],[-50.25781919999997,-13.53769079999995],[-50.27339839999996,-13.53437189999994],[-50.30145989999994,-13.54987929999993],[-50.37196629999994,-13.556929799999978],[-50.38011819999997,-13.576025199999947],[-50.41487239999998,-13.542166899999927],[-50.42600669999996,-13.552158899999938],[-50.44414299999994,-13.54424169999993],[-50.453975499999956,-13.562384299999962],[-50.49257589999996,-13.554869099999962],[-50.51335379999995,-13.521402199999955],[-50.54218309999993,-13.505209799999932],[-50.53150539999996,-13.499432399999932],[-50.519406499999945,-13.464337899999975],[-50.54339889999994,-13.459457999999927],[-50.54192279999995,-13.443910899999935],[-50.550635599999964,-13.442114899999979],[-50.55727209999998,-13.42141609999993],[-50.574679199999935,-13.406039499999963],[-50.59582889999996,-13.402587099999948],[-50.58866299999994,-13.389103199999965],[-50.57671339999996,-13.388512899999967],[-50.59049879999998,-13.374076099999968],[-50.58914619999996,-13.36566769999996],[-50.610180199999945,-13.35289679999994],[-50.61419769999998,-13.338000199999954],[-50.606629399999974,-13.278938899999957],[-50.59272699999997,-13.260558199999934],[-50.58417549999996,-13.217696299999943],[-50.60593579999994,-13.187510199999963],[-50.59362369999997,-13.163657499999943],[-50.59953029999997,-13.136091299999975],[-50.591625499999964,-13.107950399999936],[-50.61004429999997,-13.060369199999968],[-50.598218299999985,-13.050806699999953],[-50.57631339999995,-13.054137199999957],[-50.56902139999994,-13.04249569999996],[-50.591147099999944,-13.013997199999949],[-50.59052379999997,-13.00042639999998],[-50.54880399999996,-12.992820299999948],[-50.53769289999997,-12.977413399999932],[-50.52414379999993,-12.973651599999926],[-50.52637569999996,-12.933930499999974],[-50.51347919999995,-12.912866299999962],[-50.510973999999976,-12.886765799999978],[-50.498585599999956,-12.877265099999931],[-50.51098109999998,-12.860898299999974],[-50.495855699999936,-12.844633999999928],[-50.49372539999996,-12.817431899999974],[-50.48384149999998,-12.810578699999951],[-50.49328559999998,-12.783687099999952],[-50.47498079999997,-12.770789199999967],[-50.47733219999998,-12.759333799999979],[-50.46779769999995,-12.754259399999967],[-50.48740939999993,-12.74510639999994],[-50.46508909999994,-12.730802899999958],[-50.47865529999996,-12.711283099999946],[-50.46083109999995,-12.692777199999966],[-50.43893809999997,-12.697540799999956],[-50.432713099999944,-12.69152239999994],[-50.43553659999998,-12.659755899999936],[-50.42692759999994,-12.652488199999937],[-50.434194899999966,-12.649417399999948],[-50.43826919999998,-12.658038999999974],[-50.44045029999995,-12.65225369999996],[-50.42605059999994,-12.641552499999932],[-50.418817099999956,-12.65125039999998],[-50.41236739999994,-12.648293499999966],[-50.418100899999956,-12.624447299999929],[-50.406402999999955,-12.613128899999936],[-50.390822399999934,-12.611460999999963],[-50.39838389999994,-12.601490599999977],[-50.38347219999997,-12.578646499999934],[-50.366179399999965,-12.57323539999993],[-50.36955009999997,-12.557337999999959],[-50.35752259999998,-12.551864099999932],[-50.36598429999998,-12.545501099999967],[-50.346712699999955,-12.542784799999936],[-50.34621219999997,-12.53262989999996],[-50.331495899999936,-12.535483799999952],[-50.32849349999998,-12.513742899999954],[-50.313220799999954,-12.521092299999964],[-50.324429399999985,-12.507177299999967],[-50.31041609999994,-12.495376199999953],[-50.28173199999998,-12.478162099999963],[-50.26169209999995,-12.477217999999937],[-50.25303039999994,-12.461604799999975],[-50.228318599999966,-12.454133799999966],[-50.22452529999998,-12.446045999999967],[-50.20730389999994,-12.447852699999942],[-50.21577509999997,-12.441542099999936],[-50.21178119999996,-12.435597299999927],[-50.184060999999986,-12.432050899999979],[-50.19588609999994,-12.412436899999932],[-50.18315229999996,-12.423684199999968],[-50.17316679999993,-12.422333299999934],[-50.171680599999945,-12.405849599999954],[-50.145331699999986,-12.394973299999947],[-50.15872909999996,-12.414277999999968],[-50.15859859999995,-12.430622699999958],[-50.17911909999998,-12.438360599999953],[-50.182011999999986,-12.45360439999996],[-50.200729199999955,-12.459574499999974],[-50.20364079999996,-12.47554539999993],[-50.21760949999998,-12.48735709999994],[-50.21844979999997,-12.514830999999958],[-50.229524399999946,-12.531188999999927],[-50.21363919999993,-12.546626799999956],[-50.21125949999998,-12.560342799999944],[-50.202866599999936,-12.552528299999949],[-50.19198449999993,-12.562161099999969],[-50.20497419999998,-12.564094799999964],[-50.22406339999998,-12.585261499999945],[-50.23752769999993,-12.578735299999948],[-50.24476029999994,-12.59747429999993],[-50.236381499999936,-12.623671599999966],[-50.24651979999993,-12.630379799999957],[-50.25381699999997,-12.623357399999975],[-50.26118729999996,-12.636474699999951],[-50.258550699999944,-12.645118499999967],[-50.26843289999994,-12.651748899999973],[-50.26532469999995,-12.682172199999968],[-50.27763729999998,-12.677746399999933],[-50.27984929999997,-12.688317499999926],[-50.28850259999996,-12.68196729999994],[-50.29205189999993,-12.688465099999974],[-50.292084699999975,-12.676598699999943],[-50.299072799999976,-12.68017709999998],[-50.29326159999994,-12.695489399999929],[-50.29921899999994,-12.705457699999954],[-50.283276599999965,-12.717779299999961],[-50.28821979999998,-12.734884199999954],[-50.30257839999996,-12.746004199999959],[-50.29436549999997,-12.753781499999945],[-50.30578209999993,-12.764472399999931],[-50.30250139999998,-12.780426099999943],[-50.31095659999994,-12.79780779999993],[-50.29284269999994,-12.838469399999951],[-50.26509729999998,-12.84162779999997],[-50.22544399999998,-12.859951699999954],[-50.224496699999975,-12.873039999999946],[-50.21040019999998,-12.875880399999971],[-50.19502159999996,-12.89246049999997],[-50.15786719999994,-12.893130699999972]]]}},{"id":"5543","type":"Feature","properties":{"COD_IBGE":"5220264","MUNICIPIO":"São Miguel do Passa Quatro","UF":"GO"},"geometry":{"type":"Polygon","coordinates":[[[-48.68134809999998,-17.116116399999953],[-48.67917579999994,-17.102847999999938],[-48.70919159999994,-17.077737499999955],[-48.71362239999996,-17.041997899999956],[-48.776543999999944,-17.007130899999936],[-48.76619139999997,-16.992650099999935],[-48.78010469999998,-16.973418899999956],[-48.766630299999974,-16.94190839999993],[-48.78675469999996,-16.916251899999963],[-48.80464919999997,-16.915846899999963],[-48.78787559999995,-16.83681729999995],[-48.77477079999994,-16.859663199999943],[-48.76147919999994,-16.84322149999997],[-48.720979399999976,-16.84580479999994],[-48.68671899999998,-16.892072499999927],[-48.646492999999964,-16.88579629999998],[-48.629181399999936,-16.914886399999943],[-48.59577789999997,-16.923707699999966],[-48.57847389999995,-16.943805099999963],[-48.575908899999945,-16.960108399999967],[-48.548176799999965,-16.972705599999927],[-48.52954839999995,-16.999096399999928],[-48.530757499999936,-17.01529979999998],[-48.54830849999996,-17.03449699999993],[-48.554790399999945,-17.05683279999994],[-48.562025699999936,-17.056393499999956],[-48.56084119999997,-17.062818899999968],[-48.58549119999998,-17.08458909999996],[-48.58425779999993,-17.12138349999998],[-48.572891399999946,-17.129280499999936],[-48.603784099999984,-17.115692499999966],[-48.60226449999993,-17.130727599999943],[-48.61672859999993,-17.151614999999936],[-48.64042379999995,-17.165379499999972],[-48.64871169999998,-17.148640599999965],[-48.63932259999996,-17.140504999999962],[-48.63999249999995,-17.129902499999957],[-48.68134809999998,-17.116116399999953]]]}},{"id":"5544","type":"Feature","properties":{"COD_IBGE":"5220280","MUNICIPIO":"São Patrício","UF":"GO"},"geometry":{"type":"Polygon","coordinates":[[[-49.86099009999998,-15.391498499999955],[-49.88347229999994,-15.401273099999969],[-49.915178999999966,-15.383183199999962],[-49.90401629999997,-15.366406499999982],[-49.88967799999995,-15.366668599999969],[-49.90233269999993,-15.34769209999996],[-49.89642649999996,-15.325449599999956],[-49.86173059999993,-15.33463699999993],[-49.83182929999998,-15.308427999999935],[-49.801459499999964,-15.29530479999994],[-49.788395099999946,-15.278660099999968],[-49.76088899999996,-15.295023899999933],[-49.74820569999997,-15.29375159999995],[-49.759136299999966,-15.302188099999967],[-49.75676199999998,-15.338976499999944],[-49.77769479999995,-15.337649599999963],[-49.785785299999986,-15.346643699999959],[-49.78666759999993,-15.365444499999967],[-49.77647559999997,-15.375609399999973],[-49.785348099999965,-15.40017789999996],[-49.78097109999993,-15.41877059999996],[-49.79153899999994,-15.42219799999998],[-49.79951909999994,-15.447959699999956],[-49.84341159999997,-15.44048799999996],[-49.85993759999997,-15.449514799999974],[-49.86099009999998,-15.391498499999955]]]}},{"id":"5545","type":"Feature","properties":{"COD_IBGE":"5220405","MUNICIPIO":"São Simão","UF":"GO"},"geometry":{"type":"Polygon","coordinates":[[[-50.615760999999964,-18.927874299999928],[-50.56622349999998,-18.90653969999994],[-50.53940869999997,-18.91123259999995],[-50.49481849999995,-18.892951799999935],[-50.47315219999996,-18.92142599999994],[-50.51055299999996,-18.93866049999997],[-50.500050999999985,-18.981160899999963],[-50.50401819999996,-19.004482199999927],[-50.49507619999997,-19.012868499999968],[-50.50491459999995,-19.050755099999947],[-50.536394299999984,-19.100255799999957],[-50.58776549999993,-19.13994759999997],[-50.64567819999996,-19.134783099999936],[-50.64020839999995,-19.121635699999956],[-50.65514909999996,-19.107446799999934],[-50.65062729999994,-19.080344499999967],[-50.664692799999955,-19.078503699999942],[-50.67011059999993,-19.063278699999955],[-50.66393889999995,-19.048190399999953],[-50.66817309999993,-19.037752299999966],[-50.68067989999997,-19.03280609999996],[-50.67764889999995,-19.019461599999943],[-50.68638149999998,-19.008685299999968],[-50.702621299999976,-19.005519499999934],[-50.70941579999993,-18.995386499999938],[-50.68141259999993,-18.95777419999996],[-50.67480849999998,-18.92882089999995],[-50.67901199999994,-18.91343519999998],[-50.615760999999964,-18.927874299999928]]]}},{"id":"5546","type":"Feature","properties":{"COD_IBGE":"5220454","MUNICIPIO":"Senador Canedo","UF":"GO"},"geometry":{"type":"Polygon","coordinates":[[[-49.09682929999997,-16.774509099999932],[-49.10798099999994,-16.79027549999995],[-49.12764249999998,-16.799845799999957],[-49.12150459999998,-16.810019499999953],[-49.13444139999996,-16.827583799999957],[-49.156232699999975,-16.823662399999932],[-49.160752299999956,-16.831423099999938],[-49.168798299999935,-16.825933599999928],[-49.17051279999998,-16.816656999999964],[-49.157628699999975,-16.81676429999993],[-49.16369979999996,-16.807210599999962],[-49.15331869999994,-16.776398899999947],[-49.15892979999995,-16.765849799999955],[-49.15407669999996,-16.748661199999958],[-49.13898089999998,-16.748901899999964],[-49.149086299999965,-16.745050999999933],[-49.14231099999995,-16.73935849999998],[-49.15450819999995,-16.73010709999994],[-49.15506709999994,-16.71647749999994],[-49.17695729999997,-16.724841199999958],[-49.17638899999997,-16.712004199999967],[-49.196860399999935,-16.69171599999993],[-49.176260199999945,-16.674362499999972],[-49.16655719999994,-16.65090159999994],[-49.14631119999996,-16.646613599999966],[-49.07801889999996,-16.593485099999953],[-49.068874799999946,-16.598707899999965],[-49.07636279999997,-16.616925599999945],[-49.06508809999997,-16.62462729999993],[-49.07275529999998,-16.63738399999994],[-49.04400969999995,-16.63451759999998],[-49.010936699999945,-16.66373379999993],[-49.052483999999936,-16.713315199999954],[-49.054395899999975,-16.73209909999997],[-49.06846589999998,-16.741430999999977],[-49.056908299999975,-16.755510199999947],[-49.06409979999995,-16.769198999999958],[-49.060260599999935,-16.787262399999975],[-49.08504019999998,-16.77230839999993],[-49.09682929999997,-16.774509099999932]]]}},{"id":"5547","type":"Feature","properties":{"COD_IBGE":"5220504","MUNICIPIO":"Serranópolis","UF":"GO"},"geometry":{"type":"Polygon","coordinates":[[[-52.07269179999997,-18.505133899999976],[-52.11075539999996,-18.526837499999942],[-52.13376669999997,-18.518361699999957],[-52.15955989999998,-18.494763199999966],[-52.177791199999945,-18.50607839999998],[-52.19132319999994,-18.497075499999937],[-52.19886119999995,-18.508455499999968],[-52.21561729999996,-18.50070549999998],[-52.220519699999954,-18.50824099999994],[-52.23973129999996,-18.504081499999927],[-52.258956299999966,-18.511743199999955],[-52.26264189999995,-18.49914569999993],[-52.29175029999993,-18.50209609999996],[-52.294143099999985,-18.492294399999935],[-52.298189599999944,-18.496565999999973],[-52.31114629999996,-18.502476799999954],[-52.31833839999996,-18.484398299999953],[-52.33577349999996,-18.469726099999946],[-52.38457729999993,-18.46437099999997],[-52.409792799999934,-18.441473499999972],[-52.432329799999934,-18.435251799999946],[-52.45113969999994,-18.411965899999927],[-52.46472829999993,-18.40965259999996],[-52.46871769999996,-18.40466349999997],[-52.46163399999995,-18.400610299999983],[-52.47176969999998,-18.395916899999975],[-52.46615419999995,-18.384518399999934],[-52.47787159999996,-18.37217119999997],[-52.47674069999994,-18.358774599999947],[-52.49343539999995,-18.34340469999995],[-52.500476799999944,-18.348253399999976],[-52.526157799999964,-18.341336799999965],[-52.52421839999994,-18.32151149999993],[-52.58160399999997,-18.28407409999994],[-52.60567089999995,-18.238765299999955],[-52.62071929999996,-18.23873229999998],[-52.63324789999996,-18.221262199999956],[-52.64386529999996,-18.22761909999997],[-52.649626499999954,-18.21106999999995],[-52.667331099999956,-18.200209899999948],[-52.67238359999993,-18.181027399999948],[-52.707394299999976,-18.16703199999995],[-52.70889329999994,-18.15380049999993],[-52.74679749999996,-18.129308399999957],[-52.776989999999955,-18.09141909999994],[-52.78256909999993,-18.07044469999994],[-52.712053099999935,-17.97160589999993],[-52.68277139999998,-17.969983399999933],[-52.66593839999996,-17.97873569999996],[-52.65869779999997,-17.958330799999942],[-52.59325599999994,-17.931105999999943],[-52.58036849999996,-17.913458899999966],[-52.54085639999994,-17.905263499999933],[-52.50090419999998,-17.917022799999927],[-52.46701299999995,-17.88034769999996],[-52.428845999999965,-17.871228299999927],[-52.38635499999998,-17.824512099999936],[-52.38587129999996,-17.838682999999946],[-52.373181399999964,-17.830595899999935],[-52.37404369999996,-17.84270719999995],[-52.36418159999994,-17.841000299999962],[-52.36094099999997,-17.855611599999975],[-52.35204259999995,-17.855124599999954],[-52.314376599999946,-17.83068019999996],[-52.26191849999998,-17.84416099999993],[-52.23788639999998,-17.817503099999954],[-52.22368209999996,-17.812764799999968],[-52.18894849999998,-17.833014799999944],[-52.192988699999944,-17.87576269999994],[-52.20191459999995,-17.88869889999995],[-52.19350119999996,-17.924746699999957],[-52.20265909999995,-17.940241699999945],[-52.159974799999986,-17.97677589999995],[-52.16433299999994,-18.00224049999997],[-52.15236569999996,-18.017447499999946],[-52.080385999999976,-18.04562429999993],[-52.03937019999995,-18.07396209999996],[-52.021372499999984,-18.114628099999948],[-52.02936619999997,-18.139739499999962],[-51.98127029999995,-18.160191399999974],[-51.96572219999996,-18.154435499999977],[-51.94540889999996,-18.159788799999944],[-51.92265009999994,-18.15734089999995],[-51.899347999999975,-18.135703099999944],[-51.85609489999996,-18.13429569999994],[-51.841687099999945,-18.14862519999997],[-51.84420159999996,-18.160700599999927],[-51.82787669999993,-18.21165209999998],[-51.80148269999995,-18.211406299999965],[-51.790948399999934,-18.226376699999946],[-51.788242399999945,-18.26988259999996],[-51.76250299999998,-18.249815299999966],[-51.73588709999996,-18.24305759999993],[-51.71260569999998,-18.25007499999998],[-51.70534509999993,-18.26240219999994],[-51.68059949999997,-18.26312299999995],[-51.67723799999993,-18.27445679999994],[-51.65182699999997,-18.28899519999993],[-51.63890999999995,-18.332466199999942],[-51.665675599999986,-18.33938619999998],[-51.674841699999945,-18.355068999999958],[-51.693520699999965,-18.36216559999997],[-51.66697979999998,-18.369325999999944],[-51.65007129999998,-18.38717669999994],[-51.65189099999998,-18.42962289999997],[-51.63044249999996,-18.472340799999927],[-51.639621199999965,-18.496218899999974],[-51.66292549999997,-18.49647779999998],[-51.686504799999966,-18.48134179999994],[-51.691678999999965,-18.492101499999933],[-51.709964699999944,-18.47678499999995],[-51.72659139999996,-18.47977409999993],[-51.72707989999998,-18.47282009999998],[-51.73700139999994,-18.48155019999996],[-51.75111579999998,-18.480308999999977],[-51.754234199999985,-18.470250799999974],[-51.79807409999995,-18.48917149999994],[-51.79216079999998,-18.509735499999977],[-51.80171679999995,-18.527369799999974],[-51.798627899999985,-18.54075739999996],[-51.83366509999996,-18.569529399999965],[-51.845180099999936,-18.571257999999943],[-51.926651299999946,-18.539698999999928],[-51.90115419999995,-18.586332999999968],[-51.898613799999964,-18.634369999999933],[-51.916575499999965,-18.620562099999972],[-51.94195679999996,-18.616187999999966],[-51.95757349999997,-18.593300899999974],[-51.986132199999986,-18.585747399999946],[-51.99168769999994,-18.56809279999993],[-51.998445799999956,-18.57188229999997],[-52.02672529999995,-18.559239699999978],[-52.02359519999993,-18.54626449999995],[-52.03176499999995,-18.544276799999977],[-52.03452079999994,-18.530490199999974],[-52.04881859999995,-18.527824599999974],[-52.053520599999956,-18.514802799999927],[-52.07269179999997,-18.505133899999976]]]}},{"id":"5548","type":"Feature","properties":{"COD_IBGE":"5220603","MUNICIPIO":"Silvânia","UF":"GO"},"geometry":{"type":"Polygon","coordinates":[[[-48.50386219999996,-16.643730199999936],[-48.525873599999954,-16.68155409999997],[-48.53080899999998,-16.729380999999933],[-48.54462029999996,-16.74758259999993],[-48.53655319999996,-16.75398339999998],[-48.545398399999954,-16.79200409999993],[-48.56235639999994,-16.813875199999927],[-48.57649279999998,-16.868648399999927],[-48.59333609999993,-16.895698399999958],[-48.589161099999956,-16.911528399999952],[-48.59805799999998,-16.914834999999982],[-48.596256799999935,-16.924184499999967],[-48.629181399999936,-16.914886399999943],[-48.64664019999998,-16.885729999999967],[-48.68671899999998,-16.892072499999927],[-48.721558399999935,-16.845523299999968],[-48.76147919999994,-16.84322149999997],[-48.77477079999994,-16.859663199999943],[-48.792543799999976,-16.830645999999945],[-48.78955639999998,-16.81008289999994],[-48.80179569999996,-16.79678769999998],[-48.827386399999966,-16.797197799999935],[-48.837459799999976,-16.787342399999943],[-48.824697699999945,-16.778917999999976],[-48.82964019999997,-16.76620399999996],[-48.85432519999995,-16.751256799999965],[-48.86809589999996,-16.76756839999996],[-48.86769749999996,-16.752544299999954],[-48.890343299999984,-16.73438969999995],[-48.91344209999994,-16.732861199999945],[-48.91589329999994,-16.719915899999933],[-48.90446209999993,-16.714346699999965],[-48.87215649999996,-16.65679119999993],[-48.82868099999996,-16.657970699999964],[-48.80461329999997,-16.632428999999945],[-48.79227989999998,-16.62957629999994],[-48.72268109999993,-16.686546499999963],[-48.716728899999964,-16.62457619999998],[-48.72528409999995,-16.603832999999952],[-48.75512299999997,-16.605650699999956],[-48.783379699999955,-16.590490899999963],[-48.795048399999985,-16.558303199999955],[-48.809619699999985,-16.557798099999957],[-48.82729839999996,-16.522733399999936],[-48.83893189999998,-16.521689599999945],[-48.83810349999993,-16.504064899999946],[-48.862660999999946,-16.48796999999996],[-48.862345199999936,-16.45226539999993],[-48.88279129999995,-16.441861099999926],[-48.90052179999998,-16.41859429999994],[-48.87469119999997,-16.400553599999967],[-48.86640399999993,-16.40481189999997],[-48.87470499999995,-16.411008099999947],[-48.87093609999994,-16.42108479999996],[-48.82231279999996,-16.434684499999946],[-48.79662459999997,-16.46064679999995],[-48.78803529999993,-16.45583679999993],[-48.77710519999994,-16.468687399999965],[-48.77847459999998,-16.478553099999942],[-48.767349399999944,-16.479291899999964],[-48.75356849999997,-16.500486299999977],[-48.74173269999994,-16.49188819999995],[-48.73742389999995,-16.49769559999993],[-48.72971719999998,-16.49231089999995],[-48.72161879999993,-16.49811059999996],[-48.68649359999995,-16.49527569999998],[-48.68257599999998,-16.508348699999942],[-48.66088149999996,-16.505342999999982],[-48.60710409999996,-16.538094199999932],[-48.586864599999956,-16.512153199999943],[-48.558466599999974,-16.503813099999945],[-48.55508549999996,-16.510695099999964],[-48.54147419999998,-16.500107399999933],[-48.55910389999997,-16.471042999999952],[-48.59445969999996,-16.462219999999945],[-48.604963699999985,-16.44467389999994],[-48.57856869999995,-16.418701399999975],[-48.54128689999993,-16.417519699999957],[-48.527471899999966,-16.40170009999997],[-48.515529999999956,-16.341322299999945],[-48.520880999999974,-16.333665199999928],[-48.49563759999995,-16.320824399999935],[-48.491529999999955,-16.295256499999937],[-48.46649439999993,-16.295938099999944],[-48.45478779999996,-16.283638499999938],[-48.44301809999996,-16.291690899999935],[-48.43669369999998,-16.282208699999956],[-48.40008859999995,-16.29109999999997],[-48.39272349999993,-16.30426579999994],[-48.379141199999935,-16.301164399999948],[-48.375360599999965,-16.31179309999993],[-48.401075799999944,-16.326684299999954],[-48.40132489999996,-16.383816899999943],[-48.375400799999966,-16.40080299999994],[-48.35866139999996,-16.401549099999954],[-48.341607099999976,-16.444148299999938],[-48.32771519999994,-16.45314899999994],[-48.305796999999984,-16.453153999999927],[-48.28740259999995,-16.483287399999938],[-48.269880299999954,-16.48924059999996],[-48.240715499999965,-16.57719849999995],[-48.189727999999945,-16.65538289999995],[-48.194286699999964,-16.66688979999998],[-48.185099599999944,-16.707717199999934],[-48.19476919999994,-16.71960329999996],[-48.19462919999995,-16.73382739999994],[-48.20521609999997,-16.73354839999996],[-48.210992499999975,-16.74240149999997],[-48.217942999999934,-16.736702199999968],[-48.23147919999997,-16.74157889999998],[-48.23848929999997,-16.734028499999965],[-48.26083619999997,-16.738177699999937],[-48.26690409999998,-16.718830199999957],[-48.31048449999997,-16.688199399999974],[-48.30573359999994,-16.679933799999958],[-48.319256999999936,-16.661851299999967],[-48.32845539999994,-16.663872899999944],[-48.345330299999944,-16.647055999999964],[-48.36457479999996,-16.644845799999928],[-48.36983109999994,-16.632519799999955],[-48.380296999999985,-16.63765109999997],[-48.38430459999995,-16.627071199999932],[-48.39330559999996,-16.632711599999936],[-48.42892379999995,-16.626938799999948],[-48.46787189999998,-16.64377019999995],[-48.50386219999996,-16.643730199999936]]]}},{"id":"5549","type":"Feature","properties":{"COD_IBGE":"5220686","MUNICIPIO":"Simolândia","UF":"GO"},"geometry":{"type":"Polygon","coordinates":[[[-46.47585809999998,-14.469897299999957],[-46.481574499999965,-14.479882999999973],[-46.49389919999993,-14.475951299999963],[-46.50349699999998,-14.487956499999939],[-46.513067199999966,-14.475050299999964],[-46.54349039999994,-14.486502299999927],[-46.571899299999984,-14.464246399999979],[-46.57249129999997,-14.484382499999981],[-46.581240599999944,-14.476920699999937],[-46.59768369999995,-14.479772999999966],[-46.601252099999954,-14.488426499999946],[-46.61432479999996,-14.486224899999968],[-46.61655629999996,-14.495522499999936],[-46.644681599999956,-14.514766299999962],[-46.650636099999986,-14.501660399999935],[-46.67091889999995,-14.501410199999953],[-46.67404149999993,-14.49040309999998],[-46.69688849999994,-14.496631099999945],[-46.69916749999993,-14.487442199999975],[-46.69390309999994,-14.494647199999974],[-46.69203379999993,-14.485667099999944],[-46.69820439999995,-14.469823099999928],[-46.724458599999934,-14.46198759999993],[-46.710738299999946,-14.446759999999927],[-46.71653079999993,-14.433328399999937],[-46.71088729999997,-14.43018909999995],[-46.73227209999993,-14.408657199999936],[-46.71879309999997,-14.405647199999976],[-46.71591769999998,-14.39708939999997],[-46.72881509999996,-14.39830459999996],[-46.731908199999964,-14.39204669999998],[-46.71967049999995,-14.385196899999926],[-46.71194879999996,-14.391771999999946],[-46.691350299999954,-14.383436299999971],[-46.68216579999995,-14.387820599999941],[-46.65804119999996,-14.368916799999965],[-46.615913199999966,-14.384563299999968],[-46.60350619999997,-14.38130689999997],[-46.597770699999955,-14.367640699999981],[-46.57831199999998,-14.385199199999931],[-46.555406999999946,-14.365789799999959],[-46.54223699999994,-14.368502899999953],[-46.527544399999954,-14.388884799999971],[-46.49900829999996,-14.387003099999959],[-46.468919899999946,-14.398900099999935],[-46.46350439999998,-14.389802299999928],[-46.42528129999994,-14.38548309999993],[-46.42295309999997,-14.41204689999995],[-46.434676399999944,-14.427575899999965],[-46.43750979999993,-14.457008599999938],[-46.45777499999997,-14.477528699999937],[-46.47585809999998,-14.469897299999957]]]}},{"id":"5550","type":"Feature","properties":{"COD_IBGE":"5220702","MUNICIPIO":"Sítio d'Abadia","UF":"GO"},"geometry":{"type":"MultiPolygon","coordinates":[[[[-46.50314439999994,-15.04988979999996],[-46.516609899999935,-15.061595599999976],[-46.56136459999993,-15.022808399999974],[-46.570976299999984,-14.998203399999966],[-46.56727079999996,-14.975015799999937],[-46.58783409999995,-14.93336899999997],[-46.585176299999944,-14.92224479999993],[-46.59469059999998,-14.912467499999934],[-46.59173839999994,-14.899818899999957],[-46.60135409999998,-14.891981099999953],[-46.59871359999994,-14.878985499999942],[-46.61502349999995,-14.851455599999952],[-46.60962869999997,-14.836880999999948],[-46.620686999999975,-14.830419499999948],[-46.619709899999975,-14.818688699999939],[-46.608876399999986,-14.824567299999956],[-46.590021099999944,-14.812674699999945],[-46.56047959999995,-14.815014499999961],[-46.55850549999997,-14.822153599999979],[-46.53192679999995,-14.830298399999947],[-46.52169639999994,-14.854646799999955],[-46.53042399999998,-14.883710599999972],[-46.542344199999945,-14.89602739999998],[-46.54653589999998,-14.92544449999997],[-46.54083749999995,-14.951603599999942],[-46.51728859999997,-14.97286459999998],[-46.53081069999996,-15.005278499999974],[-46.50314439999994,-15.04988979999996]]],[[[-46.286029499999984,-14.92833509999997],[-46.29466999999994,-14.908613099999968],[-46.30611219999997,-14.91155299999997],[-46.319335799999976,-14.900438999999949],[-46.318167399999936,-14.883258299999966],[-46.300472499999955,-14.858078699999965],[-46.32491719999996,-14.847787599999947],[-46.32219989999993,-14.814580299999932],[-46.35500719999993,-14.794200799999942],[-46.365783599999986,-14.795405999999957],[-46.40453189999994,-14.76033119999994],[-46.429634799999974,-14.752700299999958],[-46.44736169999993,-14.731676899999968],[-46.46313969999994,-14.73117439999993],[-46.46902949999998,-14.708217699999977],[-46.49264519999997,-14.70911579999995],[-46.504881599999976,-14.695203799999945],[-46.49610439999998,-14.676066599999956],[-46.49938969999994,-14.664514999999938],[-46.482444199999975,-14.639974999999936],[-46.45329409999994,-14.623710499999959],[-46.44302269999997,-14.635081299999968],[-46.42076989999998,-14.634463599999947],[-46.389315599999975,-14.589644299999975],[-46.37258239999994,-14.589219999999955],[-46.36807769999996,-14.578489099999956],[-46.38064919999994,-14.569659099999967],[-46.37852099999998,-14.557714199999964],[-46.388249299999984,-14.540273899999931],[-46.37601879999994,-14.519159099999968],[-46.385784899999976,-14.507778799999926],[-46.37773539999995,-14.487803199999973],[-46.39793279999998,-14.475984499999981],[-46.38595509999993,-14.472963099999959],[-46.38980779999997,-14.457266699999934],[-46.382011199999965,-14.445526799999982],[-46.36111519999997,-14.440584999999942],[-46.333969199999956,-14.453161799999975],[-46.31739079999994,-14.494724099999928],[-46.31898199999995,-14.52341309999997],[-46.29201079999996,-14.53894159999993],[-46.28077669999993,-14.56891909999996],[-46.262103399999944,-14.58177999999998],[-46.25553159999998,-14.603647699999954],[-46.198514999999986,-14.616349199999945],[-46.16263419999996,-14.667281199999934],[-46.025076799999965,-14.678127399999937],[-46.02086499999996,-14.691073499999959],[-46.00550369999996,-14.68899799999997],[-45.999584099999936,-14.708613899999932],[-46.00469679999998,-14.729836299999931],[-45.99705789999996,-14.741341399999953],[-46.00730199999998,-14.750979099999938],[-45.998927299999934,-14.768282299999953],[-46.00258409999998,-14.795838999999944],[-46.01915709999997,-14.803088899999977],[-46.01867189999996,-14.818549699999949],[-46.041197899999986,-14.826494599999933],[-46.02528689999997,-14.855756499999927],[-46.04856109999997,-14.878282699999943],[-46.06234079999996,-14.907989799999939],[-46.07933609999998,-14.904843099999937],[-46.08814159999997,-14.936392599999976],[-46.10894029999997,-14.93784839999995],[-46.12030009999995,-14.920058599999948],[-46.145748099999935,-14.926515199999926],[-46.16294719999996,-14.906107099999929],[-46.161553699999956,-14.931048199999964],[-46.175550499999986,-14.94942519999995],[-46.20580709999996,-14.93716349999994],[-46.224468799999954,-14.94173139999998],[-46.23370209999996,-14.921528199999955],[-46.26005649999996,-14.930040799999972],[-46.286029499999984,-14.92833509999997]]]]}},{"id":"5551","type":"Feature","properties":{"COD_IBGE":"5221007","MUNICIPIO":"Taquaral de Goiás","UF":"GO"},"geometry":{"type":"Polygon","coordinates":[[[-49.564712499999985,-16.105855899999938],[-49.60580779999998,-16.10743569999994],[-49.61333519999994,-16.120081599999935],[-49.646432999999945,-16.11557829999998],[-49.65964719999994,-16.10085379999998],[-49.65235349999995,-16.077619999999968],[-49.66681189999997,-16.066617099999974],[-49.680425199999945,-16.038960199999963],[-49.644304199999965,-16.031941999999958],[-49.63717859999997,-16.020949499999972],[-49.684497799999974,-16.007168099999944],[-49.65457089999995,-15.99829909999994],[-49.65105159999996,-15.98411109999995],[-49.55093029999995,-15.969298399999957],[-49.548978699999964,-15.976676899999973],[-49.53490249999993,-15.975694699999963],[-49.533405399999936,-15.986159399999963],[-49.523814699999946,-15.985963499999968],[-49.517002299999945,-15.999392299999954],[-49.52600199999995,-16.02794609999995],[-49.53384489999996,-16.03035689999996],[-49.540575299999944,-16.07075619999995],[-49.52504269999997,-16.114247099999943],[-49.55176749999998,-16.127890399999956],[-49.56645789999993,-16.115482399999962],[-49.564712499999985,-16.105855899999938]]]}},{"id":"5552","type":"Feature","properties":{"COD_IBGE":"5221080","MUNICIPIO":"Teresina de Goiás","UF":"GO"},"geometry":{"type":"Polygon","coordinates":[[[-47.307070899999985,-13.663568699999928],[-47.32500779999998,-13.634538799999973],[-47.29170039999997,-13.590152599999954],[-47.29244179999995,-13.57846079999996],[-47.26940039999994,-13.554820399999926],[-47.24960979999997,-13.48640899999998],[-47.271956699999976,-13.455603899999971],[-47.27246219999995,-13.432188699999926],[-47.25857199999996,-13.45005889999993],[-47.19828739999997,-13.452647199999944],[-47.14902689999997,-13.41235439999997],[-47.12673309999997,-13.439804099999947],[-47.12592569999998,-13.46502739999994],[-47.14216279999994,-13.493861699999968],[-47.137945799999954,-13.566659099999981],[-47.162404899999956,-13.631260899999972],[-47.15786559999998,-13.671304299999974],[-47.14914379999993,-13.672073499999954],[-47.14823389999998,-13.68054619999998],[-47.16919809999996,-13.692839099999958],[-47.173861099999954,-13.706844699999976],[-47.19423189999998,-13.722870199999932],[-47.20353259999996,-13.775710299999957],[-47.18947349999996,-13.778671299999928],[-47.19749869999998,-13.817126899999948],[-47.186400599999956,-13.83253609999997],[-47.197752299999934,-13.844827599999974],[-47.19974479999996,-13.864724899999942],[-47.21629739999997,-13.867054899999971],[-47.22795189999994,-13.879013999999927],[-47.242421999999976,-13.874857599999928],[-47.25051769999993,-13.898355399999957],[-47.23987959999994,-13.90638389999998],[-47.24203879999993,-13.942096599999957],[-47.26400199999995,-13.976852899999926],[-47.27802329999997,-13.96793189999994],[-47.278381199999956,-13.953867099999968],[-47.290430199999946,-13.944340099999977],[-47.29789359999995,-13.948230999999964],[-47.30819709999997,-13.939701699999944],[-47.31861559999993,-13.946946899999944],[-47.33652859999995,-13.93568289999996],[-47.30965839999993,-13.891966699999955],[-47.30891909999997,-13.86536469999993],[-47.31416679999995,-13.838203799999974],[-47.326440599999955,-13.826026599999977],[-47.348270199999945,-13.820145499999967],[-47.35423549999996,-13.808340099999953],[-47.33975149999998,-13.785904799999969],[-47.31676409999994,-13.772279499999968],[-47.30567709999997,-13.746432399999946],[-47.28618039999998,-13.742411799999957],[-47.27885009999994,-13.727372299999956],[-47.30125879999997,-13.734639399999935],[-47.332237099999986,-13.730985499999974],[-47.32653349999998,-13.719218999999953],[-47.33291319999995,-13.703180699999962],[-47.307070899999985,-13.663568699999928]]]}},{"id":"5553","type":"Feature","properties":{"COD_IBGE":"5221197","MUNICIPIO":"Terezópolis de Goiás","UF":"GO"},"geometry":{"type":"Polygon","coordinates":[[[-49.112694799999986,-16.47135339999994],[-49.11724209999994,-16.443242099999964],[-49.10781689999993,-16.431263099999967],[-49.11244499999998,-16.42756609999998],[-49.096622399999944,-16.41575309999996],[-49.10137989999998,-16.386762699999963],[-49.09271559999996,-16.38083919999997],[-49.07919199999998,-16.38797859999994],[-49.066994799999975,-16.376286599999958],[-49.04960099999994,-16.37466699999993],[-49.041360199999986,-16.39777859999998],[-49.02095409999998,-16.414060399999983],[-49.00979399999994,-16.397617399999945],[-48.98105859999998,-16.399719199999936],[-49.008285599999965,-16.41505049999995],[-49.02124399999997,-16.446906199999944],[-49.04934309999993,-16.45082679999996],[-49.06877049999997,-16.467615499999965],[-49.080277699999954,-16.500909499999977],[-49.11310519999995,-16.53686319999997],[-49.12745959999995,-16.513406999999972],[-49.121020699999974,-16.511061799999936],[-49.12173819999998,-16.485332299999982],[-49.112694799999986,-16.47135339999994]]]}},{"id":"5554","type":"Feature","properties":{"COD_IBGE":"5221304","MUNICIPIO":"Três Ranchos","UF":"GO"},"geometry":{"type":"Polygon","coordinates":[[[-47.875023099999964,-18.28327349999995],[-47.71423619999996,-18.29009979999995],[-47.61020989999997,-18.31571249999996],[-47.64618489999998,-18.340228699999955],[-47.646936799999935,-18.33031059999996],[-47.65757359999998,-18.32780379999997],[-47.67070869999998,-18.357474699999955],[-47.686460299999965,-18.357456999999954],[-47.70009259999995,-18.37899219999997],[-47.71037499999994,-18.379654199999948],[-47.71685459999998,-18.36208819999996],[-47.740570899999966,-18.363839799999937],[-47.73329249999995,-18.375898999999947],[-47.742602999999974,-18.37651939999995],[-47.75712489999995,-18.39655149999993],[-47.74948869999997,-18.41255149999995],[-47.75912569999997,-18.410276099999976],[-47.779016799999965,-18.424135099999944],[-47.79849679999995,-18.416309199999944],[-47.797546799999964,-18.40690929999994],[-47.80838159999996,-18.400222499999927],[-47.82973499999997,-18.41130339999995],[-47.837041399999976,-18.43582779999997],[-47.830826599999966,-18.447977399999957],[-47.83879269999994,-18.451760199999967],[-47.861576199999945,-18.438671099999965],[-47.854981899999984,-18.41957689999998],[-47.86608199999995,-18.403228399999932],[-47.85693149999997,-18.39338269999996],[-47.86215619999996,-18.38071249999996],[-47.85209099999997,-18.361020999999937],[-47.865471499999956,-18.357159499999966],[-47.87047679999995,-18.344004299999938],[-47.91521359999996,-18.339477099999954],[-47.915467099999944,-18.338912299999947],[-47.90197889999996,-18.315939699999944],[-47.88520829999993,-18.30827199999993],[-47.888697399999955,-18.300457999999935],[-47.878510999999946,-18.29668659999993],[-47.875023099999964,-18.28327349999995]]]}},{"id":"5555","type":"Feature","properties":{"COD_IBGE":"5221403","MUNICIPIO":"Trindade","UF":"GO"},"geometry":{"type":"Polygon","coordinates":[[[-49.39231909999995,-16.58386059999998],[-49.39184069999993,-16.614279499999952],[-49.380133899999976,-16.62952309999997],[-49.38722359999997,-16.645742299999938],[-49.40149309999998,-16.643050899999935],[-49.44565909999994,-16.673126099999934],[-49.43995109999997,-16.69556369999998],[-49.44645109999993,-16.722918599999957],[-49.472809799999936,-16.736274299999934],[-49.49096499999996,-16.736545499999977],[-49.49741319999998,-16.749230499999953],[-49.517942999999946,-16.740967499999954],[-49.541683199999966,-16.74894439999997],[-49.53707669999994,-16.768658399999936],[-49.55069489999994,-16.77359299999995],[-49.53033039999997,-16.77405159999995],[-49.50573959999997,-16.804101199999934],[-49.54300459999996,-16.812929999999938],[-49.54424259999996,-16.79947439999995],[-49.56805559999998,-16.787253499999963],[-49.57635189999996,-16.771810699999946],[-49.59310309999995,-16.785014399999966],[-49.59801659999994,-16.801880599999947],[-49.63488989999996,-16.81184959999996],[-49.639937799999984,-16.78619809999998],[-49.61746189999997,-16.77927029999995],[-49.65289939999997,-16.759945399999935],[-49.65815059999994,-16.72890769999998],[-49.67595579999994,-16.725753899999972],[-49.67221289999998,-16.71222679999994],[-49.691700099999935,-16.680912199999966],[-49.68676929999998,-16.670562099999927],[-49.66772299999997,-16.672748399999932],[-49.65632109999996,-16.662590299999977],[-49.65403999999995,-16.63014849999996],[-49.636440499999935,-16.59724479999994],[-49.60234559999998,-16.568628199999978],[-49.59255479999996,-16.544371999999953],[-49.62243659999996,-16.55383269999993],[-49.63784869999995,-16.542516099999943],[-49.64965739999997,-16.549678599999936],[-49.65968399999997,-16.537146899999982],[-49.680723299999954,-16.536180999999942],[-49.69578979999994,-16.521100099999956],[-49.68658069999998,-16.502196999999967],[-49.664868299999966,-16.498894899999982],[-49.657423999999935,-16.510679599999946],[-49.619706399999984,-16.489399399999968],[-49.594106299999964,-16.527999299999976],[-49.45887579999993,-16.493819499999972],[-49.45459489999996,-16.53641149999993],[-49.41744879999993,-16.53988959999998],[-49.42189949999994,-16.557183099999975],[-49.39231909999995,-16.58386059999998]]]}},{"id":"5556","type":"Feature","properties":{"COD_IBGE":"5221452","MUNICIPIO":"Trombas","UF":"GO"},"geometry":{"type":"Polygon","coordinates":[[[-48.74451329999994,-13.562273699999935],[-48.78227569999996,-13.510502999999972],[-48.788492099999985,-13.472861099999932],[-48.80906569999996,-13.468596199999979],[-48.841423299999974,-13.47632539999995],[-48.85710849999998,-13.436265099999957],[-48.86525009999997,-13.429676799999982],[-48.878040899999974,-13.433449199999927],[-48.872047099999975,-13.42228289999997],[-48.893014799999946,-13.424537099999952],[-48.90432899999996,-13.381982299999947],[-48.934880299999975,-13.376356899999962],[-48.93337349999996,-13.353287299999977],[-48.961046899999985,-13.33866809999995],[-48.95355009999997,-13.32894779999998],[-48.942688199999964,-13.339752699999963],[-48.93997909999996,-13.31731689999998],[-48.925962399999946,-13.303344299999935],[-48.91872489999997,-13.307494899999938],[-48.91104509999997,-13.288518999999951],[-48.89868569999993,-13.283224899999936],[-48.90608189999995,-13.267947399999969],[-48.90055119999994,-13.254860099999973],[-48.85819209999994,-13.247054999999932],[-48.855093099999976,-13.21924789999997],[-48.845649299999934,-13.215610999999967],[-48.79487729999994,-13.239866199999938],[-48.79670249999998,-13.257516799999962],[-48.77011339999996,-13.292522099999928],[-48.76335389999997,-13.292249499999969],[-48.824212099999954,-13.31928019999998],[-48.817916699999955,-13.331084799999928],[-48.764215399999955,-13.355680699999937],[-48.74810359999998,-13.344024699999977],[-48.73387999999994,-13.347670299999947],[-48.730051799999956,-13.354922199999976],[-48.71548769999998,-13.355983599999945],[-48.71046009999998,-13.373922499999935],[-48.701907999999946,-13.37213289999994],[-48.64357589999997,-13.406169299999931],[-48.62277439999997,-13.40438219999993],[-48.60813439999998,-13.391717099999937],[-48.59272899999996,-13.395743299999936],[-48.56025859999994,-13.387576899999942],[-48.58196849999996,-13.413475799999958],[-48.57977559999995,-13.421852299999955],[-48.567133799999965,-13.419411699999955],[-48.56472569999994,-13.432666499999982],[-48.548055499999975,-13.43423619999993],[-48.53925519999996,-13.451038299999936],[-48.54410189999993,-13.458118099999979],[-48.56943899999993,-13.45786419999996],[-48.587113099999954,-13.511671699999965],[-48.61129909999994,-13.532658999999967],[-48.62690939999993,-13.535338799999977],[-48.64666429999994,-13.57758089999993],[-48.66822209999998,-13.59315719999995],[-48.687129599999935,-13.59442919999998],[-48.70141589999997,-13.63854619999995],[-48.707991499999935,-13.61715229999993],[-48.73077999999998,-13.601236599999936],[-48.731208899999956,-13.573485799999958],[-48.747135999999955,-13.57149979999997],[-48.74451329999994,-13.562273699999935]]]}},{"id":"5557","type":"Feature","properties":{"COD_IBGE":"5221502","MUNICIPIO":"Turvânia","UF":"GO"},"geometry":{"type":"Polygon","coordinates":[[[-50.15305689999997,-16.496191099999976],[-50.11734899999993,-16.496289299999944],[-50.104445099999964,-16.504454099999975],[-50.09803359999995,-16.492378499999973],[-50.085303899999985,-16.49149559999995],[-50.08106529999998,-16.503815199999963],[-50.070926499999985,-16.498329799999965],[-50.059605799999986,-16.502975499999934],[-50.04516449999994,-16.520871099999965],[-50.03305779999994,-16.50942189999995],[-50.013872499999934,-16.506505299999958],[-49.98322969999998,-16.560608499999944],[-50.00669259999995,-16.620584699999938],[-50.15944029999997,-16.68740889999998],[-50.19208729999997,-16.68559829999998],[-50.203883099999985,-16.702430899999968],[-50.21338999999995,-16.703076799999963],[-50.20816099999996,-16.68421399999994],[-50.21873539999996,-16.666006399999958],[-50.22938809999994,-16.66382219999997],[-50.240824799999984,-16.63604239999995],[-50.232916099999954,-16.610263199999963],[-50.241317599999945,-16.600367499999948],[-50.24733639999994,-16.54539129999995],[-50.23204759999993,-16.513931599999978],[-50.243336099999965,-16.48942649999998],[-50.224535499999945,-16.451247199999955],[-50.22189329999998,-16.476095199999975],[-50.166171299999974,-16.465559199999973],[-50.17206159999995,-16.483113699999933],[-50.15305689999997,-16.496191099999976]]]}},{"id":"5558","type":"Feature","properties":{"COD_IBGE":"5221551","MUNICIPIO":"Turvelândia","UF":"GO"},"geometry":{"type":"Polygon","coordinates":[[[-50.32455739999995,-17.986776799999973],[-50.34593389999998,-17.938349999999957],[-50.364157999999975,-17.930716899999936],[-50.363111199999935,-17.917137099999934],[-50.38482869999996,-17.91466669999994],[-50.37209919999998,-17.893425599999944],[-50.39880339999996,-17.88047819999997],[-50.404791899999964,-17.899955399999953],[-50.423990499999945,-17.88083919999997],[-50.41736099999997,-17.849745799999937],[-50.397433199999966,-17.839342599999952],[-50.44151139999997,-17.80197069999997],[-50.43512539999995,-17.762362199999927],[-50.451086799999985,-17.754534699999965],[-50.453317399999946,-17.74306279999996],[-50.42428249999995,-17.732555299999945],[-50.41895889999995,-17.713049799999965],[-50.40378259999994,-17.70946429999998],[-50.40077709999997,-17.699945499999956],[-50.41739089999999,-17.701018999999974],[-50.44259549999998,-17.724031899999943],[-50.45624609999993,-17.72693499999997],[-50.46105609999995,-17.715946499999973],[-50.455028099999936,-17.704012399999954],[-50.467121099999986,-17.699659099999963],[-50.47516059999998,-17.655138699999952],[-50.43281659999997,-17.61747409999998],[-50.39483139999993,-17.61714919999997],[-50.377012699999966,-17.604424199999983],[-50.35337459999994,-17.605430399999932],[-50.32594349999994,-17.59350809999995],[-50.317296699999986,-17.61882929999996],[-50.27856439999994,-17.60401539999998],[-50.275688799999955,-17.579721399999983],[-50.266697599999986,-17.570833499999935],[-50.25651329999994,-17.579544899999973],[-50.231191799999976,-17.565030299999933],[-50.210887999999954,-17.564814399999932],[-50.20255819999994,-17.57394729999993],[-50.163534399999946,-17.56609659999998],[-50.15997179999994,-17.578879599999937],[-50.146551199999976,-17.58564869999998],[-50.15506239999996,-17.588985599999944],[-50.14708399999995,-17.611658999999975],[-50.17500299999995,-17.645647699999927],[-50.15708909999995,-17.663987499999962],[-50.18966229999995,-17.675374999999974],[-50.18292289999994,-17.686748699999953],[-50.189976799999954,-17.69752449999993],[-50.205075799999975,-17.700394699999947],[-50.204421699999955,-17.71722559999995],[-50.182341399999984,-17.733163099999956],[-50.21225879999997,-17.750592799999936],[-50.190335999999945,-17.764855799999964],[-50.21729439999996,-17.77343439999993],[-50.23693049999997,-17.79168919999995],[-50.263612999999964,-17.782316399999957],[-50.26992659999996,-17.79557939999995],[-50.26705169999997,-17.819505999999933],[-50.24168009999994,-17.83758039999998],[-50.256620099999964,-17.848834799999963],[-50.23282769999997,-17.868114899999966],[-50.238733199999956,-17.901977399999964],[-50.270533299999954,-17.91560979999997],[-50.29006679999998,-17.911280099999942],[-50.29801919999994,-17.922734799999944],[-50.28096629999993,-17.95309569999995],[-50.28317579999998,-17.966899999999953],[-50.29406819999997,-17.975484999999935],[-50.28677449999998,-17.99050479999994],[-50.26731229999996,-17.972723599999938],[-50.239895099999956,-17.97870249999994],[-50.23212309999997,-17.988054399999953],[-50.20511749999997,-17.980719199999953],[-50.201130999999975,-17.986527799999976],[-50.209887099999946,-18.00516129999994],[-50.250435599999946,-18.031479699999977],[-50.28939429999997,-18.030779199999927],[-50.29571919999995,-18.02199269999994],[-50.28330719999997,-18.003248799999938],[-50.29660869999998,-17.99904239999995],[-50.30708119999997,-18.009484199999974],[-50.30789669999996,-17.990703999999937],[-50.32455739999995,-17.986776799999973]]]}},{"id":"5559","type":"Feature","properties":{"COD_IBGE":"5221577","MUNICIPIO":"Uirapuru","UF":"GO"},"geometry":{"type":"Polygon","coordinates":[[[-49.89480439999994,-14.061716799999942],[-49.88982329999993,-14.07825429999997],[-49.87016779999993,-14.077637299999935],[-49.88180449999993,-14.101516599999968],[-49.86919459999996,-14.104942599999958],[-49.86715849999996,-14.119153599999947],[-49.84660139999994,-14.114913299999955],[-49.820081399999935,-14.140448499999934],[-49.84649799999994,-14.175685499999929],[-49.86141159999994,-14.181985699999927],[-49.842989099999954,-14.196424599999943],[-49.83564719999998,-14.182445099999939],[-49.832452899999964,-14.20350689999998],[-49.81825629999997,-14.199850699999956],[-49.80853419999994,-14.207028999999977],[-49.80640379999994,-14.221040999999957],[-49.825843599999985,-14.233897999999954],[-49.81863149999998,-14.242320999999947],[-49.822227699999985,-14.256725099999926],[-49.81391149999996,-14.267098799999928],[-49.81035559999998,-14.257789099999968],[-49.80388569999997,-14.259309199999961],[-49.80154989999994,-14.282740499999932],[-49.81068439999996,-14.291689099999928],[-49.80040709999997,-14.289593099999934],[-49.780398599999955,-14.30343659999994],[-49.80267639999994,-14.303615999999977],[-49.82164439999997,-14.336199399999941],[-49.83199199999996,-14.332541099999958],[-49.83939769999995,-14.343694899999946],[-49.873769299999935,-14.333375099999955],[-49.91997449999997,-14.347615399999938],[-49.915405799999974,-14.35988089999995],[-49.92346659999998,-14.36433169999998],[-49.91867339999993,-14.37465549999996],[-49.92765549999996,-14.374491099999943],[-49.92060759999998,-14.380118699999969],[-49.92751519999996,-14.388552999999945],[-50.012306499999966,-14.31419649999998],[-50.01455929999997,-14.305101199999967],[-50.02759569999995,-14.310104799999976],[-50.03596769999996,-14.299157699999967],[-50.02852279999996,-14.274616899999955],[-50.06120419999996,-14.241777399999933],[-50.069426599999986,-14.242915799999935],[-50.07188309999998,-14.22948759999997],[-50.117848899999956,-14.221903099999963],[-50.12011229999996,-14.19837769999998],[-50.12593439999995,-14.19811249999998],[-50.119658999999956,-14.177565099999981],[-50.12553839999998,-14.136306299999944],[-50.14674499999995,-14.121977299999969],[-50.141513499999974,-14.112305999999933],[-50.15036879999997,-14.082926899999961],[-50.14770919999995,-14.049522199999956],[-50.160535599999946,-14.001044899999954],[-49.95104299999997,-14.021818099999962],[-49.939081499999986,-14.006537199999968],[-49.93638199999998,-13.975028399999928],[-49.92529989999997,-13.962460199999953],[-49.91926059999997,-13.936301899999933],[-49.94237119999997,-13.915391199999931],[-49.93642259999996,-13.89560739999996],[-49.94529879999993,-13.891537599999936],[-49.95089889999997,-13.900755499999946],[-49.95287339999993,-13.887018199999943],[-49.923090499999944,-13.885662099999934],[-49.906457699999976,-13.901531599999942],[-49.87388139999996,-13.89688039999993],[-49.866635299999984,-13.913402599999927],[-49.857163699999944,-13.915070799999967],[-49.84297689999994,-13.896709699999974],[-49.81871449999994,-13.940717899999981],[-49.833389599999975,-13.955386999999973],[-49.855728399999975,-13.947448799999961],[-49.86494509999994,-13.953433399999938],[-49.85195659999994,-13.979719399999965],[-49.88140939999994,-13.983864599999947],[-49.87317529999996,-14.01168569999993],[-49.88459469999998,-14.033569399999976],[-49.873588799999936,-14.04414689999993],[-49.88135809999994,-14.05752979999994],[-49.89480439999994,-14.061716799999942]]]}},{"id":"5560","type":"Feature","properties":{"COD_IBGE":"5221601","MUNICIPIO":"Uruaçu","UF":"GO"},"geometry":{"type":"Polygon","coordinates":[[[-49.03939839999998,-14.528928599999972],[-49.00835829999994,-14.536356999999953],[-49.00574229999995,-14.557798999999932],[-49.03743929999996,-14.562528099999952],[-49.04444019999994,-14.588543799999968],[-49.034705299999985,-14.602271599999938],[-49.017596399999945,-14.607744999999966],[-49.01674409999998,-14.619813199999953],[-49.04282329999995,-14.605299699999932],[-49.05545669999998,-14.614447999999982],[-49.03106829999996,-14.634038799999928],[-49.01481329999996,-14.661459299999933],[-49.02168009999997,-14.686408699999959],[-48.99925179999997,-14.716210699999976],[-49.00956529999996,-14.721496799999954],[-49.04146399999996,-14.707256299999926],[-49.059617799999955,-14.720762099999945],[-49.060906999999986,-14.738428099999965],[-49.069095699999934,-14.743613399999958],[-49.089360899999974,-14.729311199999927],[-49.11141109999994,-14.736035799999968],[-49.11750519999998,-14.746639799999969],[-49.14972469999998,-14.734697499999982],[-49.15147459999997,-14.766177599999935],[-49.16225709999998,-14.773336799999981],[-49.19446179999994,-14.76808989999995],[-49.20361879999996,-14.742032999999935],[-49.276426399999934,-14.707048199999974],[-49.28586199999995,-14.67688099999998],[-49.31792159999998,-14.67173299999996],[-49.324243199999955,-14.639625899999942],[-49.34117149999997,-14.627318199999934],[-49.34611419999993,-14.613273099999958],[-49.35800599999993,-14.607596399999977],[-49.37502399999994,-14.624067899999943],[-49.384452599999975,-14.623513299999956],[-49.39241309999994,-14.637558299999966],[-49.42274209999994,-14.630291099999965],[-49.43598989999998,-14.61952279999997],[-49.434259199999985,-14.602341099999933],[-49.45481939999996,-14.583076099999971],[-49.44223419999997,-14.552039499999978],[-49.41583989999998,-14.53588609999997],[-49.39715659999996,-14.539211699999953],[-49.38936709999996,-14.502498099999968],[-49.36368199999998,-14.517723799999942],[-49.346931799999936,-14.510674699999981],[-49.34613969999998,-14.47828579999998],[-49.32558659999995,-14.475622099999953],[-49.333554499999934,-14.45632859999995],[-49.299053999999956,-14.432893399999955],[-49.30319949999995,-14.405566799999974],[-49.28679269999998,-14.404628299999956],[-49.281004999999936,-14.41555429999994],[-49.266489399999955,-14.41041249999995],[-49.26202189999998,-14.396214399999963],[-49.21232409999993,-14.391971799999965],[-49.210846199999935,-14.37679959999997],[-49.192762399999935,-14.386248299999977],[-49.159572899999944,-14.379271599999981],[-49.14654349999995,-14.368622699999946],[-49.13559499999997,-14.374070999999958],[-49.08178419999996,-14.331029499999943],[-49.00886799999995,-14.091374299999927],[-48.799004699999955,-14.06141359999998],[-48.780260399999975,-13.87924229999993],[-48.76208699999995,-13.923603999999955],[-48.73278739999995,-13.942440999999974],[-48.739074899999935,-13.955045499999926],[-48.72648949999996,-13.960522399999945],[-48.73496189999997,-13.973455999999942],[-48.73401819999998,-13.993314899999973],[-48.720019699999966,-14.003777199999945],[-48.71138659999997,-14.025527199999942],[-48.724062699999934,-14.038213999999982],[-48.71099719999995,-14.076500899999928],[-48.716223199999945,-14.08771379999996],[-48.70244029999998,-14.100045999999963],[-48.70511079999994,-14.120404599999972],[-48.72278679999994,-14.128144499999962],[-48.76559789999993,-14.120503299999939],[-48.76634349999995,-14.147785699999929],[-48.778580699999964,-14.149943099999973],[-48.79716499999995,-14.139805599999931],[-48.80350519999996,-14.164079699999945],[-48.823991699999965,-14.177299399999981],[-48.85075729999994,-14.159038499999951],[-48.88036939999995,-14.189420799999937],[-48.87658259999995,-14.201769399999932],[-48.88346089999993,-14.21323579999995],[-48.89399659999998,-14.209952399999963],[-48.89399619999995,-14.230208199999936],[-48.92903609999996,-14.254800199999977],[-48.948717399999964,-14.252255099999957],[-48.966060899999945,-14.294064499999934],[-49.014201499999956,-14.314399899999955],[-49.00938139999994,-14.33037829999995],[-48.98446409999997,-14.344496999999933],[-48.98041989999996,-14.364761199999975],[-48.992898699999955,-14.388649699999974],[-48.97786439999993,-14.419719399999963],[-48.99317799999994,-14.455886699999951],[-49.024316899999974,-14.470557699999972],[-49.02197619999998,-14.497296399999982],[-49.052875599999936,-14.50342059999997],[-49.03939839999998,-14.528928599999972]]]}},{"id":"5561","type":"Feature","properties":{"COD_IBGE":"5221700","MUNICIPIO":"Uruana","UF":"GO"},"geometry":{"type":"Polygon","coordinates":[[[-49.56124829999993,-15.560250899999971],[-49.55627509999994,-15.640814999999975],[-49.599816499999974,-15.674831899999958],[-49.60617929999995,-15.69868379999997],[-49.63955329999993,-15.68259009999997],[-49.63493649999998,-15.695303699999954],[-49.645717299999944,-15.71039849999994],[-49.647775699999954,-15.757710299999928],[-49.67844579999996,-15.777617799999973],[-49.676718999999935,-15.803201699999931],[-49.688480099999936,-15.826453199999946],[-49.69659269999994,-15.826104399999963],[-49.69089399999996,-15.798921999999948],[-49.698231299999975,-15.790111299999978],[-49.685113299999955,-15.75152909999997],[-49.70223509999994,-15.738779499999964],[-49.69589399999995,-15.722458299999971],[-49.71863309999998,-15.690057399999944],[-49.74953839999995,-15.670819699999981],[-49.74087289999994,-15.644024099999967],[-49.72685709999996,-15.65234769999995],[-49.70010359999998,-15.614032599999973],[-49.705625199999986,-15.59844389999995],[-49.69257249999998,-15.554140099999927],[-49.70462829999997,-15.535960899999964],[-49.727124199999935,-15.534830599999964],[-49.72009819999994,-15.526049999999941],[-49.721775899999955,-15.523603299999934],[-49.73171479999996,-15.530979099999968],[-49.73312349999998,-15.508260199999938],[-49.71942029999997,-15.509408099999973],[-49.709384599999964,-15.50111759999993],[-49.704433999999935,-15.509408299999961],[-49.68353659999997,-15.48358769999993],[-49.685197399999936,-15.458776899999975],[-49.70172459999998,-15.431222799999944],[-49.693167399999936,-15.418499699999927],[-49.67060959999998,-15.418114099999968],[-49.657563299999936,-15.405302899999981],[-49.650037699999984,-15.413511999999969],[-49.63799089999998,-15.402216799999962],[-49.63540279999995,-15.409933199999955],[-49.625715499999956,-15.407721699999968],[-49.62441179999996,-15.417786199999966],[-49.59523919999998,-15.406988299999966],[-49.586725599999966,-15.410039799999936],[-49.57850029999997,-15.433020599999963],[-49.58447209999997,-15.44749509999997],[-49.57677989999996,-15.44313399999993],[-49.57106349999998,-15.45472099999995],[-49.560132299999964,-15.45108259999995],[-49.56002549999994,-15.460164499999962],[-49.55465959999998,-15.45760139999993],[-49.55848229999998,-15.445238599999982],[-49.54007539999998,-15.445216999999957],[-49.545209899999975,-15.471513899999934],[-49.551489199999935,-15.46665889999997],[-49.56882449999995,-15.47778939999995],[-49.57522899999998,-15.500332299999968],[-49.572904999999935,-15.519521999999938],[-49.54956169999997,-15.544648399999971],[-49.56124829999993,-15.560250899999971]]]}},{"id":"5562","type":"Feature","properties":{"COD_IBGE":"5221809","MUNICIPIO":"Urutaí","UF":"GO"},"geometry":{"type":"Polygon","coordinates":[[[-48.081668399999955,-17.42725699999994],[-48.11930549999994,-17.458809599999938],[-48.10685289999998,-17.472605399999964],[-48.111667899999986,-17.489494999999977],[-48.105061399999954,-17.500854299999958],[-48.114237799999955,-17.543331499999965],[-48.13350759999997,-17.544502499999965],[-48.15920529999994,-17.529481699999963],[-48.16829859999996,-17.553566399999966],[-48.21601179999993,-17.577161899999965],[-48.222244899999964,-17.594023299999947],[-48.25939219999998,-17.54247049999998],[-48.29356029999997,-17.54298579999994],[-48.302517199999954,-17.526182499999948],[-48.337391699999955,-17.528745499999957],[-48.347630599999945,-17.51759569999996],[-48.379742299999975,-17.50655169999993],[-48.371097099999986,-17.47437309999998],[-48.349881299999936,-17.451889799999947],[-48.328844499999946,-17.445670099999973],[-48.31967109999994,-17.45232059999995],[-48.30620759999994,-17.445962899999927],[-48.30281639999998,-17.432758099999944],[-48.28305169999993,-17.431571799999972],[-48.287140499999964,-17.41122299999995],[-48.277835799999934,-17.411203499999942],[-48.27575649999994,-17.39575549999995],[-48.26272469999998,-17.391152899999952],[-48.26765969999997,-17.383155899999963],[-48.25729329999996,-17.35946999999993],[-48.24151829999994,-17.36191969999993],[-48.241357499999935,-17.32861399999996],[-48.20338779999997,-17.32749069999994],[-48.19386289999994,-17.305047799999954],[-48.165417599999955,-17.30008319999996],[-48.138221499999986,-17.277775799999972],[-48.12964019999998,-17.283173499999975],[-48.118988799999954,-17.273730499999942],[-48.08851249999998,-17.29226479999994],[-48.07684139999998,-17.364499999999964],[-48.04484119999995,-17.39596339999997],[-48.04425629999997,-17.42232329999996],[-48.081668399999955,-17.42725699999994]]]}},{"id":"5563","type":"Feature","properties":{"COD_IBGE":"5221858","MUNICIPIO":"Valparaíso de Goiás","UF":"GO"},"geometry":{"type":"Polygon","coordinates":[[[-47.93864599999995,-16.04985149999993],[-47.969145099999935,-16.11139929999996],[-47.962856099999954,-16.122784799999977],[-48.00192869999995,-16.136901699999953],[-48.006289899999956,-16.11826389999993],[-48.030853099999945,-16.08733129999996],[-48.017820599999936,-16.049713399999973],[-47.93864599999995,-16.04985149999993]]]}},{"id":"5564","type":"Feature","properties":{"COD_IBGE":"5221908","MUNICIPIO":"Varjão","UF":"GO"},"geometry":{"type":"Polygon","coordinates":[[[-49.67954069999996,-17.143331199999977],[-49.68740349999996,-17.13255609999993],[-49.684231899999986,-17.112589899999932],[-49.69776669999993,-17.10815999999994],[-49.70061819999995,-17.085844599999973],[-49.71941769999995,-17.082361799999944],[-49.705376799999954,-17.07545129999994],[-49.71673139999996,-17.068571799999972],[-49.72480589999998,-17.077096499999982],[-49.73147689999996,-17.07280579999997],[-49.725832399999945,-17.070227599999953],[-49.738481399999955,-17.022091899999964],[-49.750856399999975,-17.011285199999975],[-49.73860509999997,-16.95327709999998],[-49.71810149999993,-16.954200899999933],[-49.699658099999965,-16.941408799999977],[-49.69203189999996,-16.952482199999963],[-49.671965299999954,-16.957817899999952],[-49.593741799999975,-16.95226649999995],[-49.63257669999996,-17.010734199999945],[-49.604774099999986,-17.066107599999953],[-49.566943099999946,-17.034195599999975],[-49.54125149999993,-17.043898299999967],[-49.53619829999997,-17.025504199999943],[-49.52198109999995,-17.020797899999934],[-49.51844719999997,-16.998964399999977],[-49.502409599999964,-16.997967999999958],[-49.489207599999986,-16.980158099999926],[-49.47347689999998,-16.98292289999995],[-49.468492899999944,-16.993541999999934],[-49.48480699999993,-17.020026799999982],[-49.482324699999936,-17.047226699999953],[-49.493921099999966,-17.05959059999998],[-49.47330839999995,-17.094621699999948],[-49.47512329999995,-17.10895389999996],[-49.496951699999954,-17.122534499999972],[-49.48067619999995,-17.13295169999998],[-49.489629699999966,-17.160986199999968],[-49.50800439999995,-17.151305999999977],[-49.53352609999996,-17.16481589999995],[-49.56411229999998,-17.203947399999947],[-49.58226609999997,-17.205955999999958],[-49.59967089999998,-17.227758199999982],[-49.62067889999997,-17.228790799999956],[-49.63185619999996,-17.22587699999997],[-49.631221799999935,-17.202528099999938],[-49.64487569999994,-17.197899199999938],[-49.64252469999997,-17.182389299999954],[-49.66532749999993,-17.17770239999993],[-49.654907399999956,-17.170438399999966],[-49.66253229999995,-17.156519499999945],[-49.651542699999936,-17.15048239999993],[-49.668254899999965,-17.140755599999977],[-49.67954069999996,-17.143331199999977]]]}},{"id":"5565","type":"Feature","properties":{"COD_IBGE":"5222005","MUNICIPIO":"Vianópolis","UF":"GO"},"geometry":{"type":"Polygon","coordinates":[[[-48.31126469999998,-16.84221189999994],[-48.34126749999996,-16.864160999999967],[-48.368601299999966,-16.911176299999966],[-48.39876669999995,-16.919749599999932],[-48.41469399999994,-16.936400099999958],[-48.449845599999946,-16.929901099999938],[-48.46996109999998,-16.948386699999958],[-48.46999429999994,-16.97029639999994],[-48.478719799999965,-16.99116399999997],[-48.501309799999945,-17.013238999999942],[-48.49708459999994,-17.022401999999943],[-48.56016219999998,-17.097570299999973],[-48.57139919999997,-17.128773199999955],[-48.58415119999995,-17.12150289999994],[-48.58549119999998,-17.08458909999996],[-48.56084119999997,-17.062818899999968],[-48.562025699999936,-17.056393499999956],[-48.554790399999945,-17.05683279999994],[-48.54830849999996,-17.03449699999993],[-48.52837669999997,-17.008538399999964],[-48.542873199999974,-16.977463399999976],[-48.575908899999945,-16.960108399999967],[-48.59809829999995,-16.91492809999994],[-48.58918049999994,-16.911616799999933],[-48.59333609999993,-16.895698399999958],[-48.57649279999998,-16.868648399999927],[-48.56235639999994,-16.813875199999927],[-48.54550709999995,-16.792335799999933],[-48.53655319999996,-16.75398339999998],[-48.54462029999996,-16.74758259999993],[-48.53080899999998,-16.729380999999933],[-48.525873599999954,-16.68155409999997],[-48.50566299999997,-16.644581099999982],[-48.47402509999995,-16.64528359999997],[-48.42892379999995,-16.626938799999948],[-48.39330559999996,-16.632711599999936],[-48.38430459999995,-16.627071199999932],[-48.380296999999985,-16.63765109999997],[-48.36983109999994,-16.632519799999955],[-48.36457479999996,-16.644845799999928],[-48.345330299999944,-16.647055999999964],[-48.32845539999994,-16.663872899999944],[-48.319256999999936,-16.661851299999967],[-48.30573359999994,-16.679933799999958],[-48.31048449999997,-16.688199399999974],[-48.26690409999998,-16.718830199999957],[-48.25664569999998,-16.738871399999937],[-48.26433149999997,-16.754740899999945],[-48.25531549999994,-16.77465129999996],[-48.26309029999993,-16.798592999999983],[-48.30187779999994,-16.81029719999998],[-48.31126469999998,-16.84221189999994]]]}},{"id":"5566","type":"Feature","properties":{"COD_IBGE":"5222054","MUNICIPIO":"Vicentinópolis","UF":"GO"},"geometry":{"type":"Polygon","coordinates":[[[-49.73612959999997,-17.744272799999976],[-49.73222489999995,-17.762944999999945],[-49.68385779999994,-17.80675539999993],[-49.77858059999994,-17.77582739999997],[-49.783925299999964,-17.78009449999996],[-49.78429229999995,-17.80068209999996],[-49.77132369999998,-17.826088999999968],[-49.784632699999975,-17.841971899999976],[-49.78485829999994,-17.899710399999947],[-49.80520249999995,-17.88347639999995],[-49.820677599999954,-17.85004559999993],[-49.84428929999996,-17.847644999999943],[-49.857282699999985,-17.863044099999968],[-49.87244099999998,-17.85238369999996],[-49.88802099999998,-17.832109299999956],[-49.88971529999998,-17.811502299999972],[-49.917434499999956,-17.79502059999993],[-49.94341499999996,-17.79728709999995],[-49.976458399999956,-17.774215399999946],[-49.98445609999993,-17.78260649999993],[-50.01452919999997,-17.780177799999933],[-50.01676279999998,-17.794610399999954],[-50.06831239999997,-17.79955819999998],[-50.086581499999966,-17.790493599999934],[-50.086055699999974,-17.77473589999994],[-50.07072949999997,-17.778068899999937],[-50.06004739999997,-17.76868829999995],[-50.06952039999993,-17.76315859999994],[-50.06694459999994,-17.756692899999962],[-50.07283549999994,-17.759368799999947],[-50.06571039999994,-17.732047199999954],[-50.07874889999994,-17.715390499999955],[-50.06696629999993,-17.716468299999974],[-50.06161609999998,-17.727061299999946],[-50.057273099999975,-17.718562599999927],[-50.02967589999997,-17.714795299999935],[-50.023815199999945,-17.703311999999983],[-50.03783969999995,-17.689764699999955],[-50.03471119999995,-17.677332499999977],[-50.01131289999995,-17.68206829999997],[-50.014350099999945,-17.662307299999952],[-50.008599999999944,-17.655407699999955],[-49.97462889999997,-17.66292509999994],[-49.95612239999997,-17.627385299999958],[-49.94331469999997,-17.628076499999963],[-49.94523859999998,-17.641316099999926],[-49.93203299999993,-17.644222399999933],[-49.92307469999997,-17.616799699999945],[-49.94848659999997,-17.599502799999982],[-49.907518299999936,-17.614061299999946],[-49.899762099999975,-17.595934599999964],[-49.895286099999964,-17.612438899999972],[-49.887427199999934,-17.609151099999963],[-49.88394279999994,-17.617427299999974],[-49.878897999999936,-17.603969999999947],[-49.86265799999995,-17.60844179999998],[-49.86240479999998,-17.59162299999997],[-49.84945449999998,-17.57669149999998],[-49.843494299999975,-17.583131099999946],[-49.829371599999945,-17.579765899999927],[-49.82030569999995,-17.59276689999996],[-49.79320219999994,-17.605524699999933],[-49.78193859999993,-17.627043899999933],[-49.77225549999997,-17.628210699999954],[-49.761824099999956,-17.642896999999948],[-49.74672659999993,-17.638687299999958],[-49.71740919999996,-17.670569799999953],[-49.70394109999995,-17.671916799999963],[-49.69698729999993,-17.68132929999996],[-49.69414849999998,-17.690269299999954],[-49.72826709999998,-17.719417499999963],[-49.73612959999997,-17.744272799999976]]]}},{"id":"5567","type":"Feature","properties":{"COD_IBGE":"5222203","MUNICIPIO":"Vila Boa","UF":"GO"},"geometry":{"type":"Polygon","coordinates":[[[-47.07189829999993,-15.06177219999995],[-47.13103819999998,-15.122698399999933],[-47.148406199999954,-15.075864599999932],[-47.156656199999986,-15.074104999999975],[-47.171190399999944,-15.031741899999929],[-47.186642699999936,-15.011747499999956],[-47.18661549999996,-14.998725899999954],[-47.16896389999994,-14.981820099999936],[-47.17528169999997,-14.972755799999959],[-47.215851999999984,-14.957437499999969],[-47.20986339999996,-14.902456099999938],[-47.23473769999998,-14.899028699999974],[-47.22756099999998,-14.877384199999938],[-47.213401799999986,-14.871321499999965],[-47.217281699999944,-14.854470899999967],[-47.20273869999994,-14.845712299999946],[-47.218845199999976,-14.838931699999932],[-47.20920479999995,-14.82557909999997],[-47.21770419999996,-14.818770399999948],[-47.216584299999965,-14.794680899999946],[-47.19265369999994,-14.777486099999976],[-47.194248699999946,-14.762756499999966],[-47.17969339999996,-14.757940799999972],[-47.16969329999995,-14.729437299999972],[-47.148132499999974,-14.711703299999954],[-47.14724659999996,-14.695784899999978],[-47.13074409999996,-14.689467399999955],[-47.13243849999998,-14.678754199999958],[-47.124847399999965,-14.684305299999949],[-47.12309019999998,-14.676367899999946],[-47.11290629999996,-14.671960899999931],[-47.11567809999997,-14.678575199999955],[-47.10391099999998,-14.678846499999963],[-47.09991739999998,-14.689925499999958],[-47.111923099999956,-14.714043899999979],[-47.09510889999996,-14.720390399999928],[-47.099756499999955,-14.741665999999952],[-47.09313989999998,-14.752927399999976],[-47.11541699999998,-14.779975899999954],[-47.098239399999954,-14.804664399999979],[-47.08339909999995,-14.800508899999954],[-47.07267489999998,-14.811814399999946],[-47.05907259999998,-14.89452549999993],[-47.05375769999995,-14.90297449999997],[-46.98434469999995,-14.910572999999943],[-46.92506009999994,-15.057505499999934],[-46.926037399999984,-15.073562399999958],[-46.897763399999974,-15.094217199999946],[-46.88831899999997,-15.11253929999998],[-46.937346899999966,-15.205019799999945],[-46.933480299999985,-15.223486699999967],[-46.940866599999936,-15.230701599999975],[-46.92765529999997,-15.255095299999937],[-46.90634639999996,-15.236618699999951],[-46.891484599999956,-15.23525959999995],[-46.89132069999994,-15.278133699999955],[-46.87369839999997,-15.28540309999994],[-46.91522189999995,-15.307490799999982],[-46.94539139999995,-15.311033899999927],[-46.96976049999995,-15.269383799999957],[-46.99962889999995,-15.247945499999958],[-46.999441899999965,-15.221892599999933],[-47.01878339999996,-15.197435299999938],[-47.00887019999993,-15.170153299999981],[-47.030120599999975,-15.148958099999959],[-47.031443699999954,-15.12710379999993],[-47.04743069999995,-15.117531399999962],[-47.039390099999935,-15.106714099999976],[-47.04662889999997,-15.087152999999944],[-47.05853799999994,-15.08520219999997],[-47.07189829999993,-15.06177219999995]]]}},{"id":"5568","type":"Feature","properties":{"COD_IBGE":"5222302","MUNICIPIO":"Vila Propício","UF":"GO"},"geometry":{"type":"Polygon","coordinates":[[[-48.587134299999946,-15.318471899999963],[-48.57393449999995,-15.329308999999967],[-48.58006869999997,-15.327316099999962],[-48.586131199999954,-15.339776699999959],[-48.57818619999995,-15.342174299999954],[-48.572127999999964,-15.359123799999963],[-48.58538839999994,-15.355718999999965],[-48.591672399999936,-15.364741899999956],[-48.61973479999995,-15.358827499999961],[-48.65955889999998,-15.369901399999947],[-48.693092999999976,-15.401233199999979],[-48.708577599999956,-15.391535399999952],[-48.730187599999965,-15.463914899999963],[-48.74780509999994,-15.472735899999975],[-48.738661899999954,-15.488852599999973],[-48.74581089999998,-15.495964799999967],[-48.76423169999998,-15.486114099999952],[-48.809774199999936,-15.506037799999945],[-48.810572399999955,-15.516579699999966],[-48.82445139999993,-15.506824699999981],[-48.84686599999998,-15.519564299999956],[-48.86619919999998,-15.513375399999973],[-48.91415099999995,-15.535466299999939],[-48.93439959999995,-15.512076099999945],[-48.957633199999975,-15.51144979999998],[-48.99402249999997,-15.53813839999998],[-48.99665219999997,-15.555028599999957],[-49.01870319999995,-15.572117799999944],[-49.039795399999946,-15.527899199999979],[-49.066207299999974,-15.510515299999952],[-49.082078199999955,-15.508988999999929],[-49.07921419999997,-15.488388499999928],[-49.091259899999955,-15.481960299999969],[-49.09192079999997,-15.47084929999994],[-49.06539909999998,-15.447520399999974],[-49.07870079999998,-15.444976199999928],[-49.06661619999994,-15.426410099999941],[-49.07600739999998,-15.407496699999967],[-49.07050629999998,-15.395546499999966],[-49.08577879999996,-15.381214299999954],[-49.061121499999956,-15.307798099999957],[-49.04312269999997,-15.304711399999974],[-49.02636009999998,-15.27782979999995],[-49.01200369999998,-15.28384159999996],[-48.99022149999996,-15.262001599999962],[-48.93985319999996,-15.26057929999996],[-48.91862139999995,-15.241997899999944],[-48.92095269999993,-15.217028899999946],[-48.91343819999997,-15.21029459999994],[-48.90912129999998,-15.16748569999993],[-48.88435499999997,-15.143264299999942],[-48.88424569999995,-15.12316089999996],[-48.86929889999993,-15.111586099999954],[-48.86750529999995,-15.097650899999962],[-48.85107289999996,-15.088090099999931],[-48.85490249999998,-15.064501699999937],[-48.845318299999974,-15.045042999999964],[-48.84000969999994,-15.04882159999994],[-48.83046059999998,-15.040126499999928],[-48.83032959999997,-15.023475399999938],[-48.80684099999996,-15.004928499999949],[-48.80716149999995,-14.95139729999994],[-48.79312919999995,-14.936401699999976],[-48.79426119999994,-14.919647999999938],[-48.772207599999945,-14.90767489999996],[-48.759487899999954,-14.890298599999937],[-48.770176299999946,-14.87967709999998],[-48.75997239999998,-14.863408299999946],[-48.74995409999997,-14.86297769999993],[-48.75045239999997,-14.873615299999926],[-48.73649469999998,-14.884184699999935],[-48.75232969999996,-14.90754839999994],[-48.73965019999997,-14.923472299999958],[-48.750670799999966,-14.928698199999928],[-48.742618799999946,-14.934792199999947],[-48.74914989999996,-14.940412299999934],[-48.724932199999955,-14.94199759999998],[-48.720856599999934,-14.952344599999947],[-48.70452259999996,-14.94721409999994],[-48.69407599999994,-14.955380499999933],[-48.683536199999935,-14.952518699999928],[-48.68204709999998,-14.964676999999938],[-48.69702509999996,-14.982443499999931],[-48.676317799999936,-14.977645099999961],[-48.67595129999995,-14.985560499999963],[-48.66823499999998,-14.98430899999994],[-48.64917399999996,-14.960464399999978],[-48.648447199999964,-14.969541099999958],[-48.63979809999995,-14.968824199999972],[-48.64805839999997,-14.980652999999961],[-48.63304189999997,-14.984663199999943],[-48.63451969999994,-14.999584699999957],[-48.627200699999946,-14.998999699999956],[-48.627832299999966,-14.98799349999996],[-48.61853089999994,-14.988013399999943],[-48.618556299999966,-15.004046999999957],[-48.59795679999996,-15.006485699999928],[-48.60703579999995,-15.01904559999997],[-48.614254899999935,-15.017308599999978],[-48.61281319999995,-15.025987199999975],[-48.624028399999986,-15.022003499999983],[-48.632473199999936,-15.03138389999998],[-48.63977779999993,-15.025338099999942],[-48.64409969999997,-15.030451899999946],[-48.63567999999998,-15.041317499999934],[-48.65734159999994,-15.045472299999972],[-48.643061999999986,-15.08873879999993],[-48.654082399999936,-15.10034769999993],[-48.646446099999935,-15.10535249999998],[-48.64279609999994,-15.097713599999963],[-48.63830079999997,-15.110382899999934],[-48.62701739999994,-15.114266899999961],[-48.62881319999997,-15.125514599999974],[-48.614053199999944,-15.154317899999967],[-48.60698209999998,-15.153121599999963],[-48.61802739999996,-15.171971699999972],[-48.58825509999997,-15.197234499999979],[-48.584572399999956,-15.220010899999977],[-48.576927799999964,-15.217191899999932],[-48.58343759999997,-15.22605729999998],[-48.562077099999954,-15.23323819999996],[-48.559274399999936,-15.241237499999954],[-48.56976729999997,-15.245652999999947],[-48.565787899999975,-15.25890499999997],[-48.57329389999995,-15.268428899999947],[-48.58435499999996,-15.270151599999963],[-48.572928099999956,-15.279857999999933],[-48.59532679999995,-15.290202499999964],[-48.58528449999994,-15.299838099999931],[-48.593978499999935,-15.30493389999998],[-48.58590849999996,-15.308520999999928],[-48.587134299999946,-15.318471899999963]]]}}]}