{"type":"FeatureCollection","features":[{"id":"450","type":"Feature","properties":{"COD_IBGE":"2100055","MUNICIPIO":"Açailândia","UF":"MA"},"geometry":{"type":"Polygon","coordinates":[[[-47.350535899999954,-5.0263583999999355],[-47.47673109999994,-5.046742699999925],[-47.481705199999965,-5.073087099999952],[-47.49426299999993,-5.077193499999964],[-47.51194959999998,-5.0619989999999575],[-47.55458919999995,-5.095221599999945],[-47.697231999999985,-5.029629499999942],[-47.71329119999996,-5.008349399999929],[-47.71723459999998,-4.9864886999999385],[-47.77609739999997,-4.95689509999994],[-47.77848639999996,-4.945700899999963],[-47.80662319999993,-4.929396299999951],[-47.80461709999997,-4.9222963999999365],[-47.81359979999996,-4.9211890999999355],[-47.83225889999994,-4.88454239999993],[-47.85531729999997,-4.871032199999945],[-47.860952699999984,-4.854722699999968],[-47.91958039999997,-4.829308799999978],[-47.98006529999998,-4.784772699999962],[-48.02537739999997,-4.7782955999999785],[-47.816152999999986,-4.614728499999956],[-47.789920999999936,-4.585510399999976],[-47.754040499999974,-4.590823599999965],[-47.75079089999997,-4.600490999999977],[-47.72481279999994,-4.606418099999928],[-47.679957299999955,-4.608617399999957],[-47.68266379999994,-4.639671599999929],[-47.69326189999998,-4.6505032999999685],[-47.68636349999997,-4.690843199999961],[-47.69922409999998,-4.700404999999932],[-47.701909599999965,-4.7162713999999255],[-47.694421699999964,-4.724399999999946],[-47.67458209999995,-4.711893199999963],[-47.65578609999994,-4.714755599999933],[-47.64613439999994,-4.727649499999927],[-47.61533259999993,-4.702002399999969],[-47.57452519999998,-4.707283699999948],[-47.495291899999984,-4.700924899999961],[-47.495346799999936,-4.652182699999969],[-47.46834179999996,-4.649395099999936],[-47.445433599999944,-4.635270699999978],[-47.38763919999997,-4.651101899999958],[-47.38932059999996,-4.65752759999998],[-47.37508309999998,-4.665959099999952],[-47.33550749999995,-4.679454599999929],[-47.33815489999995,-4.691271399999948],[-47.29139079999993,-4.702872599999978],[-47.229987499999936,-4.636555199999975],[-47.224906799999985,-4.600750299999959],[-47.25372329999993,-4.507311899999934],[-47.244015299999944,-4.432003799999961],[-47.22199839999996,-4.425325799999939],[-47.18775489999996,-4.388677499999972],[-47.13851759999994,-4.318638599999929],[-47.12606129999995,-4.283986599999935],[-47.10097899999994,-4.2651076999999304],[-47.09012709999996,-4.241610899999955],[-47.07274019999994,-4.236629599999958],[-47.069260199999974,-4.263453999999967],[-47.08334209999998,-4.284351699999945],[-47.08746189999994,-4.309222399999953],[-47.07371569999998,-4.322261599999933],[-47.07104819999995,-4.342464799999959],[-47.062657599999966,-4.344812299999944],[-47.05988129999997,-4.366230599999938],[-47.03144619999995,-4.388254699999948],[-47.016986799999984,-4.4202324999999405],[-46.936512999999934,-4.432870799999932],[-46.93220069999995,-4.443159299999934],[-46.88942069999996,-4.427191599999958],[-46.87490569999994,-4.432572599999958],[-46.85751989999994,-4.416530399999942],[-46.848776999999984,-4.394934199999966],[-46.838895899999955,-4.398790499999961],[-46.85852049999994,-4.433438999999964],[-46.85841829999998,-4.456443499999978],[-46.898189299999956,-4.486456299999929],[-46.90397479999996,-4.505245799999955],[-46.89678769999995,-4.516976299999953],[-46.93920119999996,-4.585310199999981],[-46.93421079999996,-4.606483799999978],[-46.94520469999998,-4.617630399999939],[-46.93456939999993,-4.674194999999941],[-46.92595869999997,-4.683308899999929],[-46.93506599999995,-4.6940834999999765],[-46.932006599999966,-4.719255099999941],[-46.939508099999955,-4.738605599999971],[-46.92509019999994,-4.768112499999972],[-46.92897489999996,-4.7871754999999325],[-46.918402199999946,-4.816108199999974],[-46.93028609999993,-4.849994299999935],[-46.92323419999997,-4.8830076999999505],[-46.93059069999998,-4.8939593999999715],[-46.91798869999997,-4.909593599999937],[-46.926013499999954,-4.918760999999961],[-46.91257759999996,-4.938620199999946],[-46.92088259999997,-4.953870699999925],[-46.90693969999995,-4.997568899999976],[-46.958654199999955,-5.0376251999999795],[-47.02543509999998,-5.049453699999958],[-47.042152499999986,-5.060559999999953],[-47.08460779999996,-5.058180499999935],[-47.10015839999994,-5.06970819999998],[-47.09729009999995,-5.080002299999933],[-47.12051889999998,-5.088819299999955],[-47.116048699999965,-5.100955699999929],[-47.123474999999985,-5.101988499999948],[-47.13555259999998,-5.143381799999929],[-47.212041899999974,-5.168844999999976],[-47.23004109999994,-5.151607699999943],[-47.26028669999994,-5.085715299999947],[-47.280838899999935,-5.080964199999926],[-47.29028539999996,-5.08615999999995],[-47.291340299999945,-5.079159599999969],[-47.312581199999954,-5.07622299999997],[-47.321285899999964,-5.058760599999971],[-47.31578379999996,-5.043937099999937],[-47.33072839999994,-5.043641399999956],[-47.350535899999954,-5.0263583999999355]]]}},{"id":"451","type":"Feature","properties":{"COD_IBGE":"2100105","MUNICIPIO":"Afonso Cunha","UF":"MA"},"geometry":{"type":"Polygon","coordinates":[[[-43.21025479999997,-4.365123499999925],[-43.429243499999984,-4.223322399999972],[-43.26759459999994,-4.074803799999927],[-43.247436999999934,-4.099417599999981],[-43.24468939999997,-4.116203999999925],[-43.233501099999955,-4.115021699999943],[-43.22589679999993,-4.126649799999939],[-43.22394019999996,-4.170667699999967],[-43.23718359999998,-4.201573799999949],[-43.228398899999945,-4.236824499999955],[-43.23489859999995,-4.276101299999937],[-43.22032049999996,-4.3040390999999545],[-43.21025479999997,-4.365123499999925]]]}},{"id":"452","type":"Feature","properties":{"COD_IBGE":"2100154","MUNICIPIO":"Água Doce do Maranhão","UF":"MA"},"geometry":{"type":"Polygon","coordinates":[[[-42.136128499999984,-2.941946899999948],[-42.12457909999995,-2.9656872999999564],[-42.12700629999995,-2.9876268999999525],[-42.04788659999997,-2.9877928999999313],[-42.059295099999986,-3.0099484999999504],[-42.11611979999998,-3.0380859999999643],[-42.12607399999996,-3.033685299999945],[-42.14701719999994,-3.0564224999999396],[-42.229691299999956,-3.078394399999979],[-42.27895569999998,-3.0784059999999727],[-42.30927699999995,-3.092479199999957],[-42.174280599999975,-2.840690699999925],[-42.179388899999935,-2.831063899999947],[-42.17385349999995,-2.8148488999999586],[-42.12763709999996,-2.801176299999952],[-42.12666599999994,-2.7656083999999623],[-42.10532539999997,-2.7551369999999338],[-42.088161999999954,-2.7719668999999385],[-42.07136689999993,-2.8145227999999634],[-42.093840299999954,-2.843947299999968],[-42.09647819999998,-2.8685398999999734],[-42.078889999999944,-2.918314099999975],[-42.136128499999984,-2.941946899999948]]]}},{"id":"453","type":"Feature","properties":{"COD_IBGE":"2100204","MUNICIPIO":"Alcântara","UF":"MA"},"geometry":{"type":"MultiPolygon","coordinates":[[[[-44.49962469999997,-2.4318904999999518],[-44.47266179999997,-2.4280628999999294],[-44.45816499999995,-2.4340940999999248],[-44.44641869999998,-2.4416071999999645],[-44.44294139999994,-2.4575158999999758],[-44.46037209999997,-2.4807484999999474],[-44.46486679999998,-2.476268799999957],[-44.47599719999994,-2.485047599999973],[-44.49022579999996,-2.521728499999938],[-44.51218709999995,-2.535187199999939],[-44.52354649999995,-2.525663399999928],[-44.53458189999998,-2.5276829999999677],[-44.555300699999975,-2.596453699999927],[-44.58581439999995,-2.5781782999999336],[-44.610563799999966,-2.5811261999999715],[-44.62189859999995,-2.5966134999999326],[-44.65007399999996,-2.604210999999964],[-44.64958189999993,-2.6236200999999255],[-44.66397719999998,-2.618637099999944],[-44.67374659999996,-2.6287542999999687],[-44.67799329999997,-2.617585799999972],[-44.68375309999993,-2.6255859999999416],[-44.693132599999956,-2.622961099999941],[-44.69559859999998,-2.637293599999964],[-44.70709309999995,-2.637009399999954],[-44.71062919999997,-2.627320599999962],[-44.684536099999946,-2.546299999999974],[-44.69576669999998,-2.514477799999952],[-44.71927469999997,-2.5084062999999333],[-44.72049119999997,-2.4897529999999506],[-44.70181789999998,-2.460840699999949],[-44.65893189999997,-2.4360472999999274],[-44.666957399999944,-2.42089459999994],[-44.647821499999964,-2.3751382999999464],[-44.66651969999998,-2.3436700999999402],[-44.66390359999997,-2.320511999999951],[-44.64441109999996,-2.2962790999999356],[-44.62759299999993,-2.2908972999999264],[-44.62322519999998,-2.2673456999999644],[-44.58962709999997,-2.2431364999999346],[-44.58821419999998,-2.2286081999999396],[-44.54296279999994,-2.195558299999959],[-44.52982039999995,-2.1595825999999647],[-44.485481999999934,-2.1460396999999602],[-44.47258599999998,-2.1520602999999596],[-44.46377769999998,-2.1442978999999696],[-44.432875999999965,-2.1663486999999577],[-44.39846309999996,-2.2143857999999454],[-44.40428559999998,-2.2187584999999785],[-44.39577329999997,-2.2231077999999798],[-44.38447849999994,-2.267658499999925],[-44.39116359999997,-2.2757345999999643],[-44.377048299999956,-2.281493399999931],[-44.35782459999996,-2.340184299999976],[-44.379538699999955,-2.3554875999999467],[-44.37235849999996,-2.380737799999963],[-44.387976299999934,-2.408886799999948],[-44.406850599999984,-2.418353799999977],[-44.407999099999984,-2.409021399999972],[-44.437561399999936,-2.408183299999962],[-44.440652599999964,-2.415733599999953],[-44.47788949999995,-2.411201099999971],[-44.49962469999997,-2.4318904999999518]]],[[[-44.422708299999954,-2.4155095999999503],[-44.42015729999997,-2.4245978999999807],[-44.424224799999934,-2.428455999999926],[-44.428173399999935,-2.420116099999973],[-44.422708299999954,-2.4155095999999503]]]]}},{"id":"454","type":"Feature","properties":{"COD_IBGE":"2100303","MUNICIPIO":"Aldeias Altas","UF":"MA"},"geometry":{"type":"Polygon","coordinates":[[[-43.42013639999993,-4.62928119999998],[-43.48042049999998,-4.648493799999926],[-43.500334099999975,-4.683514299999956],[-43.56300489999995,-4.673278399999958],[-43.61400579999997,-4.633771499999966],[-43.641927099999975,-4.582239499999957],[-43.67906249999993,-4.550034499999981],[-43.742124299999944,-4.475585399999943],[-43.75297809999995,-4.47208459999996],[-43.72028469999998,-4.4682672999999795],[-43.71628179999993,-4.481121499999972],[-43.701451599999984,-4.4797214999999255],[-43.70261919999996,-4.490054899999961],[-43.69600819999994,-4.492481699999928],[-43.36817149999996,-4.301773599999933],[-43.429243499999984,-4.223322399999972],[-43.08267239999998,-4.4461555999999405],[-43.121975299999974,-4.509697199999948],[-43.13414419999998,-4.562536299999977],[-43.20409019999994,-4.629419599999949],[-43.21192419999994,-4.676613999999972],[-43.239869099999964,-4.694707299999948],[-43.253589499999975,-4.717322299999978],[-43.39778389999998,-4.629927899999927],[-43.42013639999993,-4.62928119999998]]]}},{"id":"455","type":"Feature","properties":{"COD_IBGE":"2100402","MUNICIPIO":"Altamira do Maranhão","UF":"MA"},"geometry":{"type":"Polygon","coordinates":[[[-45.57278569999994,-4.142076699999961],[-45.58120239999994,-4.141686799999945],[-45.585398199999986,-4.126305299999956],[-45.57822189999996,-4.120832299999961],[-45.580987799999946,-4.109776799999963],[-45.569025099999976,-4.100655599999925],[-45.56087189999994,-4.066541299999926],[-45.550823899999955,-4.058956099999932],[-45.55837959999997,-4.060199199999943],[-45.57336829999997,-4.019919199999947],[-45.56136099999998,-3.9872078999999303],[-45.55018689999997,-3.987038199999972],[-45.487647599999946,-4.063595199999952],[-45.447280099999944,-4.075191699999948],[-45.42234739999998,-4.067389399999968],[-45.426325099999985,-4.088422599999944],[-45.44756279999996,-4.118808199999933],[-45.44559779999997,-4.138237599999968],[-45.43165849999997,-4.14148339999997],[-45.40246879999995,-4.1149312999999665],[-45.37669599999998,-4.116673599999956],[-45.356097699999964,-4.131461399999978],[-45.36696159999997,-4.172630899999945],[-45.387665899999945,-4.171496699999977],[-45.40250839999993,-4.186428799999931],[-45.40112489999996,-4.199837999999943],[-45.42601079999997,-4.265421799999956],[-45.427734199999975,-4.25159089999994],[-45.458304099999964,-4.28145909999995],[-45.46774069999998,-4.276454199999932],[-45.51176579999998,-4.285783199999969],[-45.51880829999993,-4.270170999999948],[-45.54308589999994,-4.2831672999999455],[-45.58655669999996,-4.280600399999969],[-45.606141399999956,-4.287727899999936],[-45.624663399999974,-4.270213499999954],[-45.62421329999995,-4.248758199999941],[-45.62068459999995,-4.240466899999944],[-45.61153559999997,-4.2416105999999445],[-45.61880129999997,-4.2338995999999725],[-45.595162399999936,-4.22125159999996],[-45.594686399999944,-4.19018479999994],[-45.58591709999996,-4.179070299999978],[-45.591353399999946,-4.158593999999937],[-45.57278569999994,-4.142076699999961]]]}},{"id":"456","type":"Feature","properties":{"COD_IBGE":"2100436","MUNICIPIO":"Alto Alegre do Maranhão","UF":"MA"},"geometry":{"type":"Polygon","coordinates":[[[-44.44652139999994,-4.129143899999974],[-44.342758199999935,-4.099956999999961],[-44.26776669999998,-4.277755099999979],[-44.35649999999998,-4.268397299999947],[-44.39980889999998,-4.296152699999936],[-44.40670559999995,-4.321276099999977],[-44.47309999999993,-4.304861899999935],[-44.476936499999965,-4.278890799999942],[-44.50574369999998,-4.279088599999966],[-44.50013769999998,-4.255313599999965],[-44.47990349999998,-4.234054999999955],[-44.48678799999993,-4.129702899999927],[-44.44652139999994,-4.129143899999974]]]}},{"id":"457","type":"Feature","properties":{"COD_IBGE":"2100477","MUNICIPIO":"Alto Alegre do Pindaré","UF":"MA"},"geometry":{"type":"Polygon","coordinates":[[[-45.99152799999996,-3.683093299999939],[-45.940403799999956,-3.704369999999926],[-45.91236759999998,-3.690384799999947],[-45.88203129999994,-3.65808949999996],[-45.86487319999998,-3.6632128999999622],[-45.84516789999998,-3.6581259999999247],[-45.84106269999995,-3.6647855999999592],[-45.83428989999993,-3.648875499999974],[-45.81350919999994,-3.636318099999926],[-45.76512599999995,-3.644841099999951],[-45.73250649999994,-3.6353533999999286],[-45.705070999999975,-3.6417727999999556],[-45.692953399999965,-3.6337222999999312],[-45.68662089999998,-3.6399352999999337],[-45.66243489999994,-3.633227599999941],[-45.644997699999976,-3.6214256999999748],[-45.64187229999993,-3.6260581999999317],[-45.66089869999996,-3.745659299999943],[-45.67829199999994,-3.7579333999999562],[-45.685785099999976,-3.7883083999999485],[-45.71827769999993,-3.809478199999944],[-45.750026899999966,-3.8171032999999284],[-45.749557599999946,-3.796359099999961],[-45.76505729999997,-3.792490799999939],[-45.77241539999994,-3.8231453999999303],[-45.78539379999995,-3.833109199999967],[-45.80934289999993,-3.8193154999999592],[-45.84497079999994,-3.8178632999999422],[-45.84638609999996,-3.8800301999999647],[-45.898447199999964,-3.8997584999999617],[-45.90981369999997,-3.930292799999961],[-45.905368299999964,-3.9380616999999347],[-45.984249999999975,-3.984328499999947],[-46.05044699999996,-3.9999998999999775],[-46.08875419999998,-4.024000299999955],[-46.087019699999985,-4.033352799999932],[-46.27378779999998,-4.301690599999972],[-46.292006699999945,-4.278816799999959],[-46.299393099999975,-4.2476601999999275],[-46.282920099999956,-4.2253107999999315],[-46.28449809999995,-4.171991699999978],[-46.27514639999998,-4.163854299999969],[-46.267484199999956,-4.129005499999948],[-46.23299119999996,-4.087033099999928],[-46.212278899999944,-4.040874799999926],[-46.22574539999994,-4.010102699999948],[-46.24360589999998,-4.001841099999979],[-46.24674339999996,-3.989357699999971],[-46.26834619999994,-3.988535899999931],[-46.256142299999965,-3.9602817999999615],[-46.25102849999996,-3.9509877999999503],[-46.23385209999998,-3.947980599999937],[-46.20538349999998,-3.928119299999935],[-46.203615199999945,-3.8743224999999484],[-46.18297309999997,-3.8448112999999466],[-46.17934009999993,-3.81586539999995],[-46.17052209999997,-3.8127000999999723],[-46.163090799999964,-3.7948511999999255],[-46.165120499999944,-3.7838831999999343],[-46.11031469999995,-3.7361967999999592],[-46.10155049999997,-3.717534999999941],[-46.06832199999997,-3.7173702999999705],[-46.06126089999998,-3.704536399999938],[-46.049021799999935,-3.700682899999947],[-46.01355369999993,-3.7059302999999773],[-45.99152799999996,-3.683093299999939]]]}},{"id":"458","type":"Feature","properties":{"COD_IBGE":"2100501","MUNICIPIO":"Alto Parnaíba","UF":"MA"},"geometry":{"type":"Polygon","coordinates":[[[-45.87753649999996,-10.063781199999937],[-45.870570499999985,-10.08018599999997],[-45.89821089999998,-10.149753499999974],[-45.924266999999986,-10.171158099999957],[-45.93118739999994,-10.190825699999948],[-45.945618999999965,-10.196442499999932],[-45.95529479999993,-10.218442799999934],[-45.946265299999936,-10.258549899999934],[-45.973947099999975,-10.248369899999943],[-45.996248099999946,-10.250314799999956],[-46.00632429999996,-10.259628299999974],[-46.01772409999995,-10.240391899999963],[-46.02322069999997,-10.183380799999952],[-46.03124749999995,-10.176110799999947],[-46.099725999999976,-10.212900499999932],[-46.13591299999996,-10.20635429999993],[-46.16330339999996,-10.213632599999926],[-46.210868999999946,-10.169734999999946],[-46.27300309999998,-10.181615399999941],[-46.31308179999996,-10.172823799999946],[-46.327525299999934,-10.183694399999979],[-46.36788949999993,-10.168814099999963],[-46.383969099999945,-10.120142399999963],[-46.42069499999997,-10.08087919999997],[-46.445200399999976,-10.077387299999941],[-46.45652929999994,-10.049923699999965],[-46.45708499999995,-10.018017399999962],[-46.477583899999956,-9.988301399999955],[-46.471865599999944,-9.973654499999952],[-46.47700809999998,-9.95274889999996],[-46.465723699999955,-9.937057399999958],[-46.47861149999994,-9.923868699999957],[-46.47289929999994,-9.877440299999932],[-46.49164509999997,-9.870070099999964],[-46.48033349999997,-9.855255299999953],[-46.49605989999998,-9.846006399999965],[-46.49364389999994,-9.827424199999939],[-46.50944849999996,-9.80136669999996],[-46.54238989999993,-9.810311799999965],[-46.571592399999986,-9.808037199999944],[-46.57966499999998,-9.796345499999973],[-46.56934159999997,-9.769724099999962],[-46.576781799999935,-9.756912299999954],[-46.59613859999996,-9.74725129999996],[-46.632228699999985,-9.74887689999997],[-46.644393599999944,-9.740333299999975],[-46.65333739999994,-9.69344209999997],[-46.61305749999997,-9.665808199999958],[-46.60611839999996,-9.630163399999958],[-46.591332199999954,-9.605341299999964],[-46.59238809999994,-9.587200499999938],[-46.53675549999997,-9.55710929999998],[-46.57568949999995,-9.517548899999952],[-46.57578189999998,-9.50825029999993],[-46.55919759999995,-9.49299259999998],[-46.56400629999996,-9.480426499999965],[-46.59266089999994,-9.48345949999998],[-46.60047949999995,-9.470455399999935],[-46.62759139999997,-9.465722899999946],[-46.649564399999974,-9.444090999999958],[-46.64619699999997,-9.423153099999979],[-46.63278339999994,-9.411588299999949],[-46.640503499999966,-9.399584699999934],[-46.63312049999996,-9.381716799999936],[-46.61028099999993,-9.367820599999959],[-46.654839899999956,-9.33653529999998],[-46.66894619999994,-9.289053899999942],[-46.667091599999935,-9.276823299999933],[-46.643278399999986,-9.262758399999939],[-46.64611229999997,-9.208528199999932],[-46.63303149999996,-9.182742799999971],[-46.62053389999994,-9.185028399999965],[-46.62195209999993,-9.171090299999946],[-46.60683089999998,-9.150276799999972],[-46.610638999999935,-9.11932349999995],[-46.62253059999995,-9.114135899999951],[-46.62617389999997,-9.09938909999994],[-46.61419989999996,-9.087469399999975],[-46.57814229999997,-9.082293199999981],[-46.57047359999996,-9.069394099999954],[-46.55658839999995,-9.072584999999947],[-46.54389549999996,-9.062551499999927],[-46.518278899999984,-8.94273949999996],[-46.503767299999936,-8.930302499999925],[-46.42997269999995,-8.915354199999967],[-46.40145849999993,-8.897542099999953],[-46.353314299999965,-8.848667999999975],[-46.33494189999993,-8.81149499999998],[-46.28682949999995,-8.758030399999939],[-46.25629939999993,-8.804649999999981],[-46.20049359999996,-8.806076299999972],[-46.13115039999997,-8.837334399999975],[-46.097380999999984,-8.830597199999943],[-46.07011029999995,-8.810029199999974],[-46.05617029999996,-8.816101299999957],[-46.054524999999956,-8.810209499999928],[-45.98699799999997,-8.798182699999927],[-45.95333169999998,-8.78279589999994],[-45.938392299999975,-8.786821299999929],[-45.960722199999964,-8.817894199999955],[-45.94491369999997,-8.837223299999948],[-45.94981059999998,-8.845025599999929],[-45.95836949999995,-8.840409299999976],[-45.97383949999994,-8.867446099999938],[-45.967337999999984,-8.87636139999995],[-45.98329769999998,-8.888573999999949],[-45.97965759999994,-8.903669699999966],[-45.99508929999996,-8.926991599999951],[-45.99119129999997,-8.950211999999965],[-45.94377899999995,-9.015114899999958],[-45.94593649999996,-9.025138399999946],[-45.93585729999995,-9.039692699999932],[-45.94097409999995,-9.05510709999993],[-45.929285799999946,-9.070094099999949],[-45.93311859999994,-9.085624799999948],[-45.923219899999935,-9.089992399999971],[-45.928741499999944,-9.137587999999937],[-45.89768859999998,-9.185297799999944],[-45.90609319999993,-9.191254999999956],[-45.89886279999996,-9.20894409999994],[-45.903948699999944,-9.230554299999937],[-45.89692679999996,-9.235098899999969],[-45.89826259999995,-9.262189699999965],[-45.90443819999996,-9.266257999999937],[-45.89643189999998,-9.280304399999977],[-45.90792049999993,-9.297004999999956],[-45.89140219999996,-9.330730399999936],[-45.89428909999998,-9.341566499999942],[-45.86409089999995,-9.358992399999977],[-45.84800219999994,-9.355884599999968],[-45.82469169999996,-9.37457779999994],[-45.79916319999995,-9.416340099999957],[-45.80162399999995,-9.436007999999958],[-45.78863339999998,-9.457918099999972],[-45.79594739999993,-9.459758999999963],[-45.78343529999995,-9.47947709999994],[-45.82092669999997,-9.51704669999998],[-45.83233289999998,-9.536663099999942],[-45.828880899999945,-9.54739369999993],[-45.841932499999984,-9.56288989999996],[-45.833626299999935,-9.587529699999948],[-45.836743299999966,-9.602126599999963],[-45.82038689999996,-9.617912799999942],[-45.833511499999986,-9.652277199999958],[-45.82982489999995,-9.680888699999969],[-45.838567799999964,-9.696317699999952],[-45.82872409999993,-9.70440259999998],[-45.82142059999995,-9.773127099999954],[-45.84573199999994,-9.808565199999975],[-45.866277699999955,-9.870718999999951],[-45.84228619999993,-9.941557899999964],[-45.87753649999996,-10.063781199999937]]]}},{"id":"459","type":"Feature","properties":{"COD_IBGE":"2100550","MUNICIPIO":"Amapá do Maranhão","UF":"MA"},"geometry":{"type":"Polygon","coordinates":[[[-45.99200989999997,-1.7903970999999501],[-46.05612739999998,-1.7414465999999607],[-46.03418289999996,-1.6668770999999651],[-46.02411059999997,-1.5185986999999272],[-45.93506039999994,-1.5759355999999798],[-45.82049459999996,-1.611396099999979],[-45.82184159999997,-1.6472819999999615],[-45.84221119999995,-1.656758899999943],[-45.86011309999998,-1.6811087999999472],[-45.86134099999998,-1.6965145999999436],[-45.85148609999993,-1.698100899999929],[-45.849315099999956,-1.7156433999999763],[-45.874982399999965,-1.7546508999999446],[-45.86773189999997,-1.7654320999999413],[-45.87199529999998,-1.7845118999999272],[-45.93313109999997,-1.7879228999999555],[-45.94771789999993,-1.79510659999994],[-45.99200989999997,-1.7903970999999501]]]}},{"id":"460","type":"Feature","properties":{"COD_IBGE":"2100600","MUNICIPIO":"Amarante do Maranhão","UF":"MA"},"geometry":{"type":"Polygon","coordinates":[[[-46.930318399999976,-4.850574599999959],[-46.01737239999994,-4.853705799999943],[-46.01136709999997,-4.863329999999962],[-46.02600879999994,-4.933700699999974],[-46.056438399999934,-4.969528799999978],[-46.06919549999998,-5.000085099999978],[-46.11399689999996,-5.04607169999997],[-46.137577299999975,-5.0553330999999275],[-46.167056799999955,-5.0539823999999385],[-46.190777699999956,-5.0717674999999645],[-46.22008499999998,-5.135286599999972],[-46.27793719999994,-5.178324399999951],[-46.28680479999997,-5.200724999999977],[-46.313219799999956,-5.2209768999999255],[-46.32127639999993,-5.2643008999999665],[-46.347977399999934,-5.296292999999935],[-46.32996869999994,-5.334049499999935],[-46.33222189999998,-5.66630379999998],[-46.343363899999986,-5.668015799999978],[-46.34903149999997,-5.678371699999957],[-46.37503129999993,-5.677133599999934],[-46.38188679999996,-5.697896499999956],[-46.40619359999994,-5.724215299999969],[-46.43769489999994,-5.724332899999979],[-46.46356039999995,-5.750379599999974],[-46.493693399999984,-5.753990499999929],[-46.50725369999998,-5.7412678999999684],[-46.58741439999994,-5.732710099999963],[-46.61151399999994,-5.751254399999937],[-46.62716409999996,-5.756067199999961],[-46.638318399999946,-5.750435399999958],[-46.67066539999996,-5.768340499999965],[-46.694736399999954,-5.743605199999934],[-46.730933999999934,-5.747665099999949],[-46.73955079999996,-5.7790941999999745],[-46.756402299999934,-5.792452599999933],[-46.76280429999997,-5.818156599999952],[-46.78102179999996,-5.826806999999974],[-46.78600279999995,-5.838418999999931],[-46.78294869999996,-5.8478165999999305],[-46.794698799999935,-5.875383699999929],[-46.79221719999998,-5.892538499999944],[-46.78244719999998,-5.898788999999965],[-46.83029749999997,-5.8923482999999806],[-46.84686769999996,-5.905430799999976],[-46.874903899999936,-5.911648199999945],[-46.89342099999993,-5.889802999999972],[-46.88574349999993,-5.868510599999979],[-46.88903339999996,-5.851193399999943],[-46.87724709999998,-5.8287462999999775],[-46.887086099999976,-5.823496599999942],[-46.894447799999966,-5.791781299999968],[-46.907086499999934,-5.779026999999928],[-46.90201269999994,-5.759604399999944],[-46.91786369999994,-5.759072199999935],[-46.91314569999997,-5.7376685999999495],[-46.92303319999996,-5.7171478999999295],[-46.91169729999996,-5.696352999999931],[-46.92055689999995,-5.698313599999949],[-46.93417379999994,-5.670790199999942],[-46.936282999999946,-5.658487899999955],[-46.926257599999985,-5.656585899999925],[-46.93445239999994,-5.634589199999937],[-46.946366499999954,-5.6369728999999325],[-46.94604339999995,-5.614595299999962],[-46.93875769999994,-5.611618799999974],[-46.94720479999995,-5.610216499999979],[-46.94359289999994,-5.599088399999971],[-46.95630799999998,-5.586603899999943],[-46.94891889999997,-5.573674399999959],[-46.94619799999998,-5.5117349999999306],[-46.93258579999997,-5.502788799999962],[-46.93611699999997,-5.485363099999972],[-46.92660409999996,-5.473667999999975],[-46.930604399999936,-5.4548531999999454],[-46.91980639999997,-5.451743799999974],[-46.92535549999997,-5.44575199999997],[-46.90138129999997,-5.415857099999926],[-46.905889499999944,-5.355005999999946],[-46.89990859999995,-5.340248199999962],[-46.91226089999998,-5.283654399999932],[-46.899791799999946,-5.263751399999933],[-46.89614179999995,-5.233193599999936],[-46.88525149999998,-5.2231711999999675],[-46.89187229999993,-5.190864399999953],[-46.87655079999996,-5.170757699999967],[-46.869854499999974,-5.136853099999939],[-46.88001269999995,-5.127361299999961],[-46.87028859999998,-5.095959999999934],[-46.87428129999995,-5.079818799999941],[-46.88558229999995,-5.0762710999999285],[-46.89398019999993,-5.059888199999932],[-46.89005039999995,-5.049883699999953],[-46.90090689999994,-5.040799799999945],[-46.89569729999994,-5.018255599999975],[-46.92085179999998,-4.954051199999981],[-46.912576599999966,-4.938624399999981],[-46.92584039999997,-4.919816399999945],[-46.91782919999997,-4.910646799999938],[-46.929016399999966,-4.902035799999965],[-46.92323419999997,-4.8830076999999505],[-46.930318399999976,-4.850574599999959]]]}},{"id":"461","type":"Feature","properties":{"COD_IBGE":"2100709","MUNICIPIO":"Anajatuba","UF":"MA"},"geometry":{"type":"Polygon","coordinates":[[[-44.69982259999995,-3.1847316999999293],[-44.58022189999997,-3.051374399999929],[-44.55576639999998,-3.0503819999999564],[-44.54121429999998,-3.0642116999999303],[-44.54938009999995,-3.0862752999999543],[-44.47104989999997,-3.1770578999999657],[-44.46692829999995,-3.1930886999999757],[-44.43909759999997,-3.196468799999934],[-44.443007799999975,-3.2222825999999714],[-44.42216819999993,-3.243252499999926],[-44.444222199999956,-3.2715987999999356],[-44.46846229999994,-3.2641450999999506],[-44.45418829999994,-3.284379299999955],[-44.478548899999964,-3.315594199999964],[-44.49204299999997,-3.303850799999964],[-44.493371399999944,-3.334643999999969],[-44.53573849999998,-3.399567099999956],[-44.58442759999997,-3.4512436999999636],[-44.633609399999955,-3.425541599999974],[-44.69193229999996,-3.379309399999954],[-44.748018599999966,-3.297875999999974],[-44.77996579999996,-3.2246805999999424],[-44.76601219999998,-3.2059253999999555],[-44.69982259999995,-3.1847316999999293]]]}},{"id":"462","type":"Feature","properties":{"COD_IBGE":"2100808","MUNICIPIO":"Anapurus","UF":"MA"},"geometry":{"type":"Polygon","coordinates":[[[-43.102696899999955,-3.529864699999962],[-43.12501919999994,-3.5248013999999444],[-43.13469059999994,-3.551617799999974],[-43.14888709999997,-3.5589833999999314],[-43.18708469999996,-3.541637499999979],[-43.18281349999995,-3.533528599999954],[-43.194954199999984,-3.517539799999952],[-43.21286259999994,-3.5262045999999714],[-43.22267029999995,-3.520282899999927],[-43.23891969999994,-3.5408746999999607],[-43.25967579999997,-3.5429288999999358],[-43.27928199999997,-3.5559080999999537],[-43.311509599999965,-3.5371673999999302],[-43.235198699999955,-3.384512499999971],[-43.215557399999966,-3.39449929999995],[-43.17936089999995,-3.4462065999999254],[-43.155471999999975,-3.4479650999999762],[-43.15205619999995,-3.4609953999999448],[-43.134892399999956,-3.4672974999999724],[-43.129220499999974,-3.4784958999999276],[-42.96552649999995,-3.42190549999998],[-42.97566839999996,-3.4299782999999593],[-42.977848499999936,-3.457892499999957],[-42.98803959999998,-3.47085809999993],[-42.96969259999997,-3.485798999999929],[-42.99633069999993,-3.503522499999974],[-42.98516929999994,-3.509377299999926],[-42.97557729999994,-3.545488599999942],[-42.98430229999997,-3.545919599999934],[-43.00503729999997,-3.569202399999938],[-42.99586659999994,-3.5906927999999425],[-42.99972369999995,-3.5977062999999703],[-42.98329249999995,-3.6169152999999596],[-42.997820099999956,-3.660207899999932],[-43.01524479999995,-3.6845508999999765],[-43.00844849999993,-3.728059499999972],[-43.017341699999974,-3.738405499999942],[-43.12332429999998,-3.690031699999963],[-43.11233699999997,-3.6346419999999284],[-43.088076299999955,-3.5858760999999504],[-43.092456099999936,-3.5477773999999727],[-43.102696899999955,-3.529864699999962]]]}},{"id":"463","type":"Feature","properties":{"COD_IBGE":"2100832","MUNICIPIO":"Apicum-Açu","UF":"MA"},"geometry":{"type":"MultiPolygon","coordinates":[[[[-45.00874019999998,-1.5256713999999647],[-45.00143389999994,-1.5350371999999766],[-44.978709899999956,-1.5245867999999518],[-44.970766699999956,-1.5295657999999435],[-44.961221999999964,-1.543372599999941],[-44.96348259999996,-1.5564708999999652],[-44.95028309999998,-1.566929699999946],[-45.01124509999994,-1.581817699999931],[-45.03977789999993,-1.601269699999932],[-45.06834329999998,-1.6034607999999366],[-45.07889129999995,-1.6240690999999288],[-45.10504759999998,-1.641102799999942],[-45.121752999999956,-1.644437299999936],[-45.13028699999995,-1.6285929999999667],[-45.13997909999995,-1.6262100999999802],[-45.14793609999998,-1.6423721999999543],[-45.16616389999996,-1.646274999999946],[-45.155464999999936,-1.6150700999999685],[-45.16988599999996,-1.5920706999999652],[-45.15136649999994,-1.5872681999999259],[-45.15135909999998,-1.57485319999995],[-45.17319699999996,-1.5315781999999558],[-45.18193699999995,-1.5426629999999477],[-45.19601929999993,-1.488121299999932],[-45.175120799999945,-1.4953614999999445],[-45.15257459999998,-1.4703650999999809],[-45.14272509999995,-1.4832406999999534],[-45.132490099999984,-1.4847850999999537],[-45.103192999999976,-1.4731291999999598],[-45.094181799999944,-1.4556385999999293],[-45.07147209999994,-1.4668547999999646],[-45.06971359999994,-1.4812103999999522],[-45.04889379999997,-1.4903512999999293],[-45.006489199999976,-1.4861295999999697],[-44.98977819999993,-1.5110445999999342],[-45.00874019999998,-1.5256713999999647]]],[[[-45.14156209999993,-1.4713951999999608],[-45.14157229999995,-1.4774602999999615],[-45.14198879999998,-1.4779823999999735],[-45.14156209999993,-1.4713951999999608]]],[[[-45.09942259999997,-1.3716111999999612],[-45.10574909999997,-1.4105507999999531],[-45.11118719999996,-1.4128296999999748],[-45.11724609999993,-1.3913127999999801],[-45.12680469999998,-1.3854401999999482],[-45.11490659999998,-1.3630994999999757],[-45.09942259999997,-1.3716111999999612]]],[[[-45.10903059999998,-1.4689946999999393],[-45.12921469999998,-1.471721099999968],[-45.13373269999994,-1.4638647999999534],[-45.110591899999974,-1.4219010999999568],[-45.10239759999996,-1.4603071999999315],[-45.10903059999998,-1.4689946999999393]]],[[[-45.097019399999965,-1.4478043999999386],[-45.09859089999998,-1.4484869999999432],[-45.09893189999997,-1.4452775999999403],[-45.097019399999965,-1.4478043999999386]]],[[[-45.08485559999997,-1.3933088999999654],[-45.10105219999997,-1.4330289999999763],[-45.10288949999995,-1.421663199999955],[-45.08186279999995,-1.3772833999999534],[-45.07172299999996,-1.3734091999999691],[-45.07460579999997,-1.3895434999999452],[-45.08485559999997,-1.3933088999999654]]],[[[-45.08854829999996,-1.44390199999998],[-45.09681679999994,-1.4350058999999646],[-45.08785379999995,-1.422420099999954],[-45.08602039999994,-1.4262483999999631],[-45.08854829999996,-1.44390199999998]]],[[[-45.078869199999986,-1.4278538999999455],[-45.07492789999998,-1.4596319999999423],[-45.08489199999997,-1.4424789999999348],[-45.078869199999986,-1.4278538999999455]]]]}},{"id":"464","type":"Feature","properties":{"COD_IBGE":"2100873","MUNICIPIO":"Araguanã","UF":"MA"},"geometry":{"type":"Polygon","coordinates":[[[-45.62398469999994,-3.053249199999925],[-45.64194399999997,-3.1195257999999626],[-45.71115699999996,-3.1013074999999617],[-45.780638299999964,-3.216718399999934],[-45.782435599999985,-3.2380262999999445],[-45.807843799999944,-3.229895699999929],[-45.92666749999995,-3.2363509999999565],[-45.950597899999934,-3.187030499999935],[-45.948445299999946,-3.1697834999999372],[-45.92063919999998,-3.1305377999999564],[-45.92156879999993,-3.107558099999949],[-45.930814399999974,-3.094958599999927],[-45.89069569999998,-3.003638199999955],[-45.879970499999956,-3.00564339999994],[-45.86876129999996,-2.9977406999999516],[-45.87217259999994,-2.991902399999958],[-45.84703459999997,-2.9884795999999483],[-45.84942549999994,-2.978306299999929],[-45.83855619999997,-2.9712566999999694],[-45.844906299999934,-2.9607337999999572],[-45.84067479999993,-2.9535344999999325],[-45.82408369999996,-2.958082699999977],[-45.82003679999997,-2.9716942999999674],[-45.809248199999956,-2.9672453999999675],[-45.80100989999994,-2.9869840999999724],[-45.794436099999984,-2.9669150999999374],[-45.78919859999996,-2.972531999999944],[-45.78219059999998,-2.959166899999957],[-45.791013299999975,-2.956609999999955],[-45.79100949999997,-2.948242999999934],[-45.77132779999994,-2.9487304999999537],[-45.75743929999993,-2.9608182999999713],[-45.748506599999985,-2.9525239999999258],[-45.73951489999996,-2.9669964999999365],[-45.746300099999985,-2.9386800999999423],[-45.740103799999986,-2.926197199999933],[-45.71394649999996,-2.9488039999999387],[-45.703797399999985,-2.9420058999999696],[-45.69409689999998,-2.9470808999999463],[-45.675624599999935,-2.9312402999999563],[-45.663751299999944,-2.9443250999999577],[-45.65817929999997,-2.936080299999958],[-45.66969369999998,-2.908005699999933],[-45.65543059999993,-2.9173361999999656],[-45.643471699999964,-2.91067019999997],[-45.65844159999995,-2.8891455999999494],[-45.65187219999996,-2.8846887999999353],[-45.63796769999993,-2.9026622999999745],[-45.62398469999994,-3.053249199999925]]]}},{"id":"465","type":"Feature","properties":{"COD_IBGE":"2100907","MUNICIPIO":"Araioses","UF":"MA"},"geometry":{"type":"Polygon","coordinates":[[[-41.983790099999965,-2.7231777999999736],[-41.83407029999995,-2.724042299999951],[-41.80328999999995,-2.7345092999999565],[-41.82476889999998,-2.7466839999999593],[-41.826010199999985,-2.7572673999999324],[-41.847518599999944,-2.7755785999999603],[-41.84513089999996,-2.813935499999957],[-41.86603789999998,-2.869966399999953],[-41.79635819999993,-2.955269899999962],[-41.82284529999998,-3.0179416999999376],[-41.86447429999998,-3.0521799999999644],[-41.89569819999997,-3.0939471999999455],[-41.92105849999996,-3.1065843999999743],[-41.92526299999997,-3.139871699999958],[-41.939968799999974,-3.156936499999972],[-41.93520319999993,-3.1830527999999276],[-41.946979899999974,-3.1738930999999297],[-41.95434119999993,-3.176820199999952],[-41.97255039999993,-3.1932798999999363],[-41.97363589999998,-3.2083593999999493],[-41.985558699999956,-3.2225075999999717],[-42.24553519999995,-3.1991698999999585],[-42.30927699999995,-3.092479199999957],[-42.30525359999996,-3.0869755999999597],[-42.263814999999965,-3.076427199999955],[-42.229691299999956,-3.078394399999979],[-42.14701719999994,-3.0564224999999396],[-42.12607399999996,-3.033685299999945],[-42.11611979999998,-3.0380859999999643],[-42.102005599999984,-3.0259584999999447],[-42.06685689999995,-3.0163095999999427],[-42.04765179999998,-2.9889276999999765],[-42.12675879999995,-2.9877886999999532],[-42.12457909999995,-2.9656872999999564],[-42.13624729999998,-2.941883999999959],[-42.078889999999944,-2.918314099999975],[-42.096452899999974,-2.8744307999999705],[-42.09404939999996,-2.8444301999999766],[-42.07132759999996,-2.815796999999975],[-42.088161999999954,-2.7719668999999385],[-42.099878599999954,-2.7566924999999287],[-42.116494399999965,-2.756797199999937],[-42.11782539999996,-2.7450705999999627],[-42.14927289999997,-2.7210759999999254],[-42.19912649999998,-2.7086706999999706],[-42.22255439999998,-2.692235299999936],[-42.21277129999993,-2.6871253999999567],[-42.11187929999994,-2.6949153999999567],[-42.070152399999984,-2.6871520999999348],[-42.031350499999974,-2.739620699999932],[-42.01651169999997,-2.73757779999994],[-42.016884699999935,-2.7128366999999685],[-41.983790099999965,-2.7231777999999736]]]}},{"id":"466","type":"Feature","properties":{"COD_IBGE":"2100956","MUNICIPIO":"Arame","UF":"MA"},"geometry":{"type":"Polygon","coordinates":[[[-46.02600879999994,-4.933700699999974],[-46.01136709999997,-4.863329999999962],[-46.02716799999996,-4.836828099999934],[-46.02835419999997,-4.805499499999939],[-46.03645359999996,-4.805094199999928],[-46.04042479999998,-4.792126899999971],[-46.01189679999993,-4.741878799999938],[-45.97581859999997,-4.724919899999975],[-45.970064699999966,-4.706783199999961],[-45.958289399999956,-4.698690799999952],[-45.956749799999955,-4.67660879999994],[-45.92827719999997,-4.6616853999999535],[-45.922131099999945,-4.615674099999978],[-45.923004799999944,-4.639774699999975],[-45.867497399999934,-4.62752219999993],[-45.84903859999997,-4.74394719999998],[-45.712248999999986,-4.77516559999998],[-45.70702149999994,-4.8335766999999805],[-45.59180989999993,-4.894408399999975],[-45.57223329999994,-4.919663999999955],[-45.58296379999996,-4.938341499999979],[-45.57144489999996,-4.944028199999934],[-45.58709239999996,-4.965329899999972],[-45.587305199999946,-4.978011299999935],[-45.60112689999994,-4.978221699999949],[-45.60600929999998,-4.992983699999968],[-45.619933499999945,-4.987780199999975],[-45.630040099999974,-5.002233099999955],[-45.64710199999996,-5.004081699999972],[-45.658122599999956,-5.025350199999934],[-45.70966139999996,-5.046999299999925],[-45.72291819999998,-5.044927199999961],[-45.73810169999996,-5.077005699999972],[-45.75224389999994,-5.075779299999965],[-45.76883689999994,-5.112976299999957],[-45.797057999999936,-5.124390199999937],[-45.79351909999997,-5.153271099999927],[-45.813247899999965,-5.163693599999931],[-45.822177299999964,-5.189416599999959],[-45.84862829999997,-5.2113868999999795],[-45.85487759999995,-5.204872899999941],[-45.865509299999985,-5.234176199999979],[-45.87290139999993,-5.230357499999968],[-45.88578639999997,-5.238496299999952],[-45.88736589999996,-5.248712599999976],[-45.90557439999998,-5.254798199999925],[-45.91592399999996,-5.281983299999979],[-45.931510199999934,-5.286846999999966],[-45.92835179999997,-5.29933699999998],[-45.93101109999998,-5.303584699999931],[-45.93103519999994,-5.309474799999975],[-45.93246129999994,-5.312698499999954],[-45.938352899999984,-5.304021599999942],[-45.94592799999998,-5.31239359999995],[-45.98563989999997,-5.289381399999968],[-45.99935009999996,-5.292887899999926],[-45.99701349999998,-5.305330499999968],[-46.02098689999997,-5.295654699999943],[-46.04641239999995,-5.303263199999947],[-46.06455489999996,-5.293771999999933],[-46.097450099999946,-5.292252499999961],[-46.11304289999998,-5.277563199999975],[-46.14189849999997,-5.284378899999979],[-46.14606219999996,-5.277832499999931],[-46.16968259999993,-5.279424499999948],[-46.18715389999994,-5.270756899999981],[-46.19535349999995,-5.279173499999956],[-46.205304299999966,-5.325765899999965],[-46.22434569999996,-5.340418499999942],[-46.307866899999965,-5.361506799999972],[-46.347977399999934,-5.296292999999935],[-46.32127639999993,-5.2643008999999665],[-46.313219799999956,-5.2209768999999255],[-46.28680479999997,-5.200724999999977],[-46.27793719999994,-5.178324399999951],[-46.22008499999998,-5.135286599999972],[-46.183803299999965,-5.065429599999959],[-46.167056799999955,-5.0539823999999385],[-46.137577299999975,-5.0553330999999275],[-46.11399689999996,-5.04607169999997],[-46.06919549999998,-5.000085099999978],[-46.056438399999934,-4.969528799999978],[-46.02600879999994,-4.933700699999974]]]}},{"id":"467","type":"Feature","properties":{"COD_IBGE":"2101004","MUNICIPIO":"Arari","UF":"MA"},"geometry":{"type":"Polygon","coordinates":[[[-44.80818549999998,-3.5946702999999616],[-44.829463199999964,-3.5840575999999373],[-44.84094139999996,-3.587552999999957],[-44.853741799999966,-3.5692962999999622],[-44.838906899999984,-3.5731225999999765],[-44.823096599999985,-3.537275399999942],[-44.82790709999995,-3.5314926999999443],[-44.83890729999996,-3.539528599999926],[-44.83598909999995,-3.5260792999999353],[-44.84764949999993,-3.5246035999999776],[-44.85348639999995,-3.4956906999999546],[-44.83152309999997,-3.4826194999999416],[-44.830037999999945,-3.465886399999931],[-44.819348899999966,-3.473549099999957],[-44.856921299999954,-3.3716993999999545],[-44.86220389999994,-3.3291602999999554],[-44.878547699999956,-3.298315299999956],[-44.86815309999997,-3.2789461999999503],[-44.87319189999994,-3.2619986999999355],[-44.85532749999993,-3.276445899999942],[-44.83923939999994,-3.277460099999928],[-44.85382219999997,-3.295453299999963],[-44.82868579999996,-3.289151499999946],[-44.810546699999975,-3.269352099999935],[-44.78945689999995,-3.2964374999999677],[-44.76607109999998,-3.3050314999999273],[-44.748018599999966,-3.297875999999974],[-44.69193229999996,-3.379309399999954],[-44.633609399999955,-3.425541599999974],[-44.59406519999993,-3.4458552999999483],[-44.61106159999997,-3.4826761999999576],[-44.62577109999995,-3.490271899999925],[-44.610407399999986,-3.659009499999968],[-44.609929499999964,-3.839023599999962],[-44.63443309999997,-3.8328908999999385],[-44.642296699999974,-3.816044399999953],[-44.656930099999954,-3.819933399999968],[-44.65246149999996,-3.8111032999999566],[-44.66251429999994,-3.8064363999999387],[-44.650708399999985,-3.800113299999964],[-44.65701569999993,-3.785526999999945],[-44.67485359999995,-3.779449799999952],[-44.68026329999998,-3.7653157999999394],[-44.70210119999996,-3.7682424999999284],[-44.70218149999994,-3.7563546999999744],[-44.71243199999998,-3.7473293999999555],[-44.70829549999996,-3.7410357999999633],[-44.72440779999994,-3.7370350999999573],[-44.72473869999993,-3.725240299999939],[-44.73890339999997,-3.73266069999994],[-44.74157139999994,-3.722967899999958],[-44.75182399999994,-3.730101099999956],[-44.754013499999985,-3.7194012999999586],[-44.73865809999995,-3.7098765999999728],[-44.74232049999995,-3.697918399999935],[-44.72860049999997,-3.6970249999999396],[-44.75837779999995,-3.686100999999951],[-44.751714499999935,-3.6828016999999704],[-44.754822099999956,-3.6767344999999523],[-44.77684979999998,-3.6792109999999525],[-44.774239499999965,-3.6973522999999773],[-44.78124019999996,-3.7046479999999633],[-44.790738999999974,-3.7027896999999257],[-44.79324019999996,-3.6907273999999575],[-44.799098199999946,-3.6952954999999292],[-44.79390859999995,-3.700903599999947],[-44.806456899999944,-3.705317399999956],[-44.81854509999994,-3.6733315999999263],[-44.806849599999964,-3.681357099999957],[-44.81018819999997,-3.6657561999999757],[-44.79576469999995,-3.671135099999958],[-44.79321079999994,-3.6578693999999246],[-44.81390479999993,-3.6395415999999727],[-44.81515699999994,-3.6262056999999572],[-44.80313109999997,-3.610433099999966],[-44.80818549999998,-3.5946702999999616]]]}},{"id":"468","type":"Feature","properties":{"COD_IBGE":"2101103","MUNICIPIO":"Axixá","UF":"MA"},"geometry":{"type":"MultiPolygon","coordinates":[[[[-44.06641149999996,-2.8941542999999683],[-44.05957909999995,-2.9055413999999473],[-44.06591929999996,-2.912289899999962],[-44.13670609999997,-2.9477240999999594],[-44.148150499999986,-2.944933399999968],[-44.14122919999994,-2.936958699999934],[-44.14586149999997,-2.9200627999999256],[-44.127822299999934,-2.900350899999978],[-44.14012319999995,-2.8716850999999792],[-44.12753669999995,-2.8601624999999444],[-44.13488939999996,-2.8504014999999754],[-44.12912669999997,-2.8451493999999684],[-44.13580149999996,-2.823270999999977],[-44.12585949999993,-2.817524599999956],[-44.124518999999964,-2.7965575999999714],[-44.13851289999997,-2.7934748999999783],[-44.148428999999965,-2.7680804999999395],[-44.12973699999998,-2.7643924999999285],[-44.115191799999934,-2.7483634999999254],[-44.09491289999994,-2.75324999999998],[-44.07882139999998,-2.74380919999993],[-44.06726719999995,-2.77989139999994],[-44.073014599999965,-2.8042426999999748],[-44.04879509999995,-2.8105441999999243],[-44.05245489999993,-2.85644039999994],[-44.04419299999995,-2.8671094999999696],[-44.061036299999955,-2.8766824999999585],[-44.06641149999996,-2.8941542999999683]]],[[[-44.09454819999996,-2.7504694999999515],[-44.096353799999974,-2.75070089999997],[-44.094664499999965,-2.7495174999999676],[-44.09454819999996,-2.7504694999999515]]],[[[-44.09382459999995,-2.7470661999999493],[-44.092460899999935,-2.74808749999994],[-44.09282459999997,-2.7483594999999355],[-44.09382459999995,-2.7470661999999493]]]]}},{"id":"469","type":"Feature","properties":{"COD_IBGE":"2101202","MUNICIPIO":"Bacabal","UF":"MA"},"geometry":{"type":"Polygon","coordinates":[[[-44.69884319999994,-4.094545599999947],[-44.683718399999975,-4.075736799999959],[-44.65949729999994,-4.09395509999996],[-44.62940469999995,-4.093502499999943],[-44.63304089999997,-4.103411199999925],[-44.62690299999997,-4.110069499999952],[-44.633114199999966,-4.114582499999926],[-44.57307929999996,-4.114552499999945],[-44.57794919999998,-4.092725499999972],[-44.48681259999995,-4.09134279999995],[-44.47990349999998,-4.234054999999955],[-44.50013769999998,-4.255313599999965],[-44.50574369999998,-4.279088599999966],[-44.739912499999946,-4.2806697999999415],[-44.87328569999994,-4.384279099999958],[-44.88087269999994,-4.352723099999935],[-45.08085089999997,-4.296973099999946],[-45.078404199999966,-4.249865799999952],[-44.96259109999994,-4.171815899999956],[-44.98591779999998,-4.151440599999944],[-45.00244769999995,-4.1166480999999635],[-45.011668199999974,-4.113918199999944],[-44.84204729999993,-4.113057099999935],[-44.84000839999993,-4.104034699999943],[-44.853957099999946,-4.092716199999927],[-44.852994199999955,-4.083499499999959],[-44.836178099999984,-4.067025099999967],[-44.823026899999945,-4.078940399999965],[-44.82329359999994,-4.071682199999941],[-44.80821219999996,-4.065014599999927],[-44.80135339999998,-4.04729169999996],[-44.80903319999993,-4.035844599999962],[-44.80264749999998,-4.0288944999999785],[-44.80339049999998,-4.003368799999976],[-44.79090699999995,-3.994962399999963],[-44.79342099999997,-3.979827299999954],[-44.77097319999996,-3.972624899999971],[-44.744018799999935,-3.93857909999997],[-44.71030539999998,-3.9310023999999544],[-44.716096999999934,-3.912552699999935],[-44.70046819999993,-3.9057226999999557],[-44.69910289999996,-3.889645299999927],[-44.68190229999993,-3.8900681999999733],[-44.674871199999984,-3.8783506999999418],[-44.65837309999995,-3.891737599999942],[-44.66056039999995,-3.8847630999999296],[-44.64249149999995,-3.8748831999999425],[-44.641950099999974,-3.8559362999999394],[-44.630106599999976,-3.855161799999962],[-44.61370599999998,-3.8729456999999456],[-44.60971579999995,-3.899742099999969],[-44.627318199999934,-3.908642899999961],[-44.622081299999934,-3.9309242999999583],[-44.63837139999998,-3.9421903999999586],[-44.62716119999993,-3.9804289999999583],[-44.63834749999995,-3.9886085999999636],[-44.63262519999995,-3.993914699999948],[-44.63593539999994,-4.009752799999944],[-44.617062499999975,-4.025296599999933],[-44.62653799999998,-4.031818999999928],[-44.65038259999994,-4.014767599999971],[-44.66866489999995,-4.0158938999999805],[-44.714027499999986,-4.026831899999934],[-44.72422519999998,-4.039709399999936],[-44.73644879999995,-4.025297799999976],[-44.73353229999998,-4.054386999999963],[-44.746912099999975,-4.061207999999965],[-44.73732789999997,-4.0673375999999735],[-44.744528199999934,-4.077267599999971],[-44.75648209999997,-4.073569299999974],[-44.75245759999996,-4.086000399999932],[-44.758518599999945,-4.090698599999939],[-44.69884319999994,-4.094545599999947]]]}},{"id":"470","type":"Feature","properties":{"COD_IBGE":"2101251","MUNICIPIO":"Bacabeira","UF":"MA"},"geometry":{"type":"Polygon","coordinates":[[[-44.316895199999976,-3.037409499999967],[-44.321965699999964,-3.105026799999962],[-44.497180199999946,-3.030138499999964],[-44.45374069999997,-2.9872781999999347],[-44.42481749999996,-2.9439338999999336],[-44.407024999999976,-2.893994599999928],[-44.41004299999997,-2.7992346999999427],[-44.38903929999998,-2.797103199999981],[-44.38829549999997,-2.7659642999999505],[-44.369267599999944,-2.756606999999974],[-44.34429239999997,-2.765574699999945],[-44.328536199999974,-2.781898999999953],[-44.28179069999993,-2.766067899999939],[-44.27925979999998,-2.7750237999999285],[-44.282956499999955,-2.802256399999976],[-44.305980499999976,-2.8239676999999688],[-44.29301529999998,-2.831992199999945],[-44.29464829999995,-2.850277799999958],[-44.27807259999997,-2.843217799999934],[-44.273513899999955,-2.851320699999974],[-44.29218259999993,-2.954425599999979],[-44.25685359999994,-2.967422299999953],[-44.28487009999998,-3.0440095999999244],[-44.30143689999994,-3.0306750999999394],[-44.316895199999976,-3.037409499999967]]]}},{"id":"471","type":"Feature","properties":{"COD_IBGE":"2101301","MUNICIPIO":"Bacuri","UF":"MA"},"geometry":{"type":"Polygon","coordinates":[[[-45.05640699999998,-1.605968399999938],[-45.01124509999994,-1.581817699999931],[-44.95028309999998,-1.566929699999946],[-44.93668279999997,-1.5795287999999346],[-44.93832539999994,-1.6032548999999676],[-44.903579399999956,-1.6414527999999677],[-44.91342709999998,-1.6515593999999396],[-44.93719519999996,-1.6488716999999724],[-44.96421929999997,-1.656603099999927],[-44.978103499999975,-1.6621917999999596],[-44.97864959999998,-1.6719287999999324],[-45.03157749999997,-1.683796799999925],[-45.03715889999995,-1.6927884999999492],[-45.06208789999994,-1.6885147999999504],[-45.08219719999994,-1.6941234999999324],[-45.098366099999964,-1.7409409999999639],[-45.130299899999955,-1.769146899999953],[-45.12102179999994,-1.7802288999999405],[-45.09135429999998,-1.788025599999969],[-45.09016809999997,-1.8079313999999727],[-45.12641869999993,-1.835090599999944],[-45.16700399999996,-1.8394588999999542],[-45.179579399999966,-1.8579368999999701],[-45.209894599999984,-1.8659363999999528],[-45.240613199999984,-1.8403332999999407],[-45.24681799999996,-1.820769999999925],[-45.23596569999995,-1.7936350999999604],[-45.27269899999993,-1.7325454999999579],[-45.288846699999965,-1.7272066999999538],[-45.33182169999998,-1.7418894999999566],[-45.35365759999996,-1.7233587999999713],[-45.355534999999975,-1.7091023999999493],[-45.32378309999996,-1.597037999999941],[-45.26820329999998,-1.5985923999999727],[-45.25507639999995,-1.5924967999999353],[-45.23213019999997,-1.547455799999966],[-45.205402299999946,-1.5184447999999406],[-45.198023699999965,-1.4884249999999497],[-45.18193699999995,-1.5426629999999477],[-45.17319699999996,-1.5315781999999558],[-45.15135909999998,-1.57485319999995],[-45.15136649999994,-1.5872681999999259],[-45.16988599999996,-1.5920706999999652],[-45.155464999999936,-1.6150700999999685],[-45.16616389999996,-1.646274999999946],[-45.14793609999998,-1.6423721999999543],[-45.13997909999995,-1.6262100999999802],[-45.13028699999995,-1.6285929999999667],[-45.121752999999956,-1.644437299999936],[-45.10504759999998,-1.641102799999942],[-45.07889129999995,-1.6240690999999288],[-45.06834329999998,-1.6034607999999366],[-45.05720659999997,-1.6005457999999635],[-45.05640699999998,-1.605968399999938]]]}},{"id":"472","type":"Feature","properties":{"COD_IBGE":"2101350","MUNICIPIO":"Bacurituba","UF":"MA"},"geometry":{"type":"Polygon","coordinates":[[[-44.672707199999934,-2.7906194999999343],[-44.81884499999995,-2.798023599999965],[-44.826341999999954,-2.7904931999999576],[-44.81022439999998,-2.7741748999999345],[-44.80482939999996,-2.7207286999999383],[-44.810887099999945,-2.702448899999979],[-44.78369729999997,-2.6618111999999314],[-44.73785219999996,-2.629211899999973],[-44.70918299999994,-2.6270864999999617],[-44.706566399999986,-2.6375108999999384],[-44.696635199999946,-2.6376279999999497],[-44.693132599999956,-2.622961099999941],[-44.68375309999993,-2.6255859999999416],[-44.67799329999997,-2.617585799999972],[-44.67374659999996,-2.6287542999999687],[-44.66397719999998,-2.618637099999944],[-44.64958189999993,-2.6236200999999255],[-44.65007399999996,-2.604210999999964],[-44.62189859999995,-2.5966134999999326],[-44.610563799999966,-2.5811261999999715],[-44.58629289999993,-2.5780463999999483],[-44.557209899999975,-2.592337099999952],[-44.585751899999934,-2.6589462999999682],[-44.595892499999934,-2.6639773999999647],[-44.60658769999998,-2.6895842999999786],[-44.62655479999995,-2.7020939999999314],[-44.62380639999998,-2.738932199999965],[-44.64885269999996,-2.8041719999999373],[-44.672707199999934,-2.7906194999999343]]]}},{"id":"473","type":"Feature","properties":{"COD_IBGE":"2101400","MUNICIPIO":"Balsas","UF":"MA"},"geometry":{"type":"Polygon","coordinates":[[[-45.81114669999994,-7.4514089999999555],[-45.83286409999994,-7.492730399999971],[-45.81559619999996,-7.504574399999967],[-45.82279409999995,-7.5127791999999545],[-45.81309079999994,-7.519990199999938],[-45.82102149999997,-7.562451999999951],[-45.79346709999993,-7.583852899999954],[-45.80444219999998,-7.636373399999968],[-45.79342729999996,-7.720056799999952],[-45.84421459999993,-7.767374999999959],[-45.848613099999966,-7.780965999999978],[-45.84052899999995,-7.797077999999942],[-45.86144669999993,-7.827357599999971],[-45.849981799999966,-7.840106799999944],[-45.84193689999995,-7.876681299999973],[-45.84577489999998,-7.920842799999946],[-45.82796629999996,-7.948703899999941],[-45.845137799999975,-7.975493899999947],[-45.820808099999965,-7.988639299999932],[-45.81720319999994,-8.002002699999935],[-45.788004599999965,-8.022002699999973],[-45.76393209999998,-8.050633199999936],[-45.76096899999993,-8.070610699999975],[-45.77865799999995,-8.102406799999926],[-45.85193669999995,-8.108500999999933],[-45.88786639999995,-8.130267899999978],[-45.91213639999995,-8.132695499999954],[-45.91326099999998,-8.185884099999953],[-45.926295299999936,-8.19734189999997],[-46.002894699999956,-8.162571699999944],[-46.002454399999976,-8.134464899999955],[-46.01256509999996,-8.128836699999965],[-46.03380889999994,-8.067965499999957],[-46.057330699999966,-8.065525199999968],[-46.06149149999993,-8.044722199999967],[-46.08127179999997,-8.028729399999975],[-46.097667599999966,-8.023987599999941],[-46.10106519999994,-8.056720599999949],[-46.144766199999935,-8.077055599999937],[-46.14843599999995,-8.11439779999995],[-46.13262789999993,-8.149893599999928],[-46.12050329999994,-8.226842199999965],[-46.10259819999993,-8.235594399999968],[-46.106298799999934,-8.296097499999973],[-46.086877999999956,-8.31812709999997],[-46.08246849999995,-8.335297599999933],[-46.09680229999998,-8.359410599999933],[-46.09624519999994,-8.47748839999997],[-46.115619299999935,-8.524332699999945],[-46.10955359999997,-8.541124399999944],[-46.11609489999995,-8.555978599999946],[-46.11284429999995,-8.57809889999993],[-46.132790299999954,-8.598379299999976],[-46.14652169999994,-8.629731099999958],[-46.23347649999994,-8.672549799999956],[-46.24635039999998,-8.710379399999965],[-46.27369079999994,-8.726558699999941],[-46.290646299999935,-8.763351299999954],[-46.39339869999998,-8.89083759999994],[-46.42997269999995,-8.915354199999967],[-46.503767299999936,-8.930302499999925],[-46.518278899999984,-8.94273949999996],[-46.54389549999996,-9.062551499999927],[-46.55658839999995,-9.072584999999947],[-46.57047359999996,-9.069394099999954],[-46.57814229999997,-9.082293199999981],[-46.61419989999996,-9.087469399999975],[-46.62617389999997,-9.09938909999994],[-46.62253059999995,-9.114135899999951],[-46.610638999999935,-9.11932349999995],[-46.60683089999998,-9.150276799999972],[-46.62195209999993,-9.171090299999946],[-46.62053389999994,-9.185028399999965],[-46.63303149999996,-9.182742799999971],[-46.64611229999997,-9.208528199999932],[-46.643278399999986,-9.262758399999939],[-46.668812499999945,-9.281902899999977],[-46.654839899999956,-9.33653529999998],[-46.61028099999993,-9.367820599999959],[-46.63312049999996,-9.381716799999936],[-46.640503499999966,-9.399584699999934],[-46.63278339999994,-9.411588299999949],[-46.67492299999998,-9.390784699999926],[-46.696227799999974,-9.398587899999939],[-46.72331189999994,-9.39636459999997],[-46.743641399999944,-9.41356639999998],[-46.754313399999944,-9.41380289999995],[-46.766233399999976,-9.403345199999933],[-46.75867429999994,-9.381217499999934],[-46.799171599999966,-9.338843199999928],[-46.81106269999998,-9.306748899999945],[-46.83531229999994,-9.308218599999975],[-46.845142399999986,-9.299823999999944],[-46.84464419999995,-9.284174099999973],[-46.81894539999996,-9.260057299999971],[-46.82889439999997,-9.240089799999964],[-46.819371899999965,-9.209351399999946],[-46.82781229999995,-9.194269199999951],[-46.83928649999996,-9.197585299999957],[-46.85189559999998,-9.190030899999954],[-46.85242029999995,-9.154449399999976],[-46.89167439999994,-9.140492499999937],[-46.893557999999985,-9.122301799999946],[-46.90673469999996,-9.135488399999929],[-46.92923059999998,-9.132324499999982],[-46.93025659999995,-9.105980599999953],[-46.923558699999944,-9.097888999999952],[-46.93153819999998,-9.085888099999977],[-46.912149399999976,-9.082724299999938],[-46.92333869999993,-9.065662799999927],[-46.943002399999955,-9.064473499999963],[-46.975926399999935,-9.081729499999938],[-46.989337699999965,-9.075171699999942],[-47.00734149999994,-9.082193399999937],[-47.01361639999993,-9.078084199999978],[-47.01020589999996,-9.070299599999942],[-47.023564599999986,-9.07604559999993],[-47.06873329999996,-9.063874699999928],[-47.04348339999996,-9.026548999999932],[-47.04862159999993,-9.015648099999964],[-47.06850129999998,-9.012021599999969],[-47.03661649999998,-8.999500099999977],[-47.03570039999994,-8.97894309999998],[-47.031789499999945,-8.988366699999972],[-47.02156149999996,-8.98864059999994],[-47.01317859999995,-8.966802199999961],[-47.01827959999997,-8.952935799999977],[-46.994677199999956,-8.945525999999973],[-46.99706009999994,-8.93263449999995],[-46.983923699999934,-8.931902499999978],[-46.98239029999996,-8.919971999999973],[-46.97028869999997,-8.914491699999928],[-46.98639769999994,-8.898724699999946],[-46.99292189999994,-8.878889399999935],[-46.97214319999995,-8.86658129999995],[-46.95972819999997,-8.875449799999956],[-46.94155779999994,-8.859478999999965],[-46.914895599999966,-8.853058199999964],[-46.91808729999997,-8.839696599999968],[-46.90728509999997,-8.82842519999997],[-46.91367679999996,-8.822819399999958],[-46.902806699999985,-8.814535899999953],[-46.90423069999997,-8.778559899999948],[-46.93128139999993,-8.726752399999953],[-46.91725699999995,-8.72611139999998],[-46.914368499999966,-8.708583099999942],[-46.88694929999997,-8.686489799999947],[-46.89569579999994,-8.659740799999952],[-46.90389479999993,-8.661712199999954],[-46.90261799999996,-8.653216699999973],[-46.916394099999934,-8.648406799999975],[-46.91273289999998,-8.620736699999952],[-46.89778309999997,-8.606265399999927],[-46.90095869999993,-8.597436099999982],[-46.91639879999997,-8.59577779999995],[-46.91436879999998,-8.587116899999955],[-46.900615399999936,-8.592277899999942],[-46.893035699999984,-8.570553699999948],[-46.88903589999995,-8.576941899999952],[-46.88334279999998,-8.56678919999996],[-46.87876099999994,-8.572522999999933],[-46.87545339999997,-8.555298799999946],[-46.862843099999964,-8.559086999999977],[-46.86012009999996,-8.545261899999957],[-46.84634079999995,-8.534937599999978],[-46.85192009999997,-8.477779699999928],[-46.840540199999964,-8.465625299999942],[-46.823483299999964,-8.474496199999976],[-46.800509499999976,-8.454093399999977],[-46.795480399999974,-8.429968999999971],[-46.80714779999994,-8.400421999999935],[-46.79500159999998,-8.404857999999933],[-46.78701689999997,-8.399099299999932],[-46.791726799999935,-8.386150099999952],[-46.782433699999956,-8.368083699999943],[-46.726651999999945,-8.383140999999966],[-46.69948149999993,-8.415459599999963],[-46.63881109999994,-8.404820599999937],[-46.60877859999994,-8.424229299999979],[-46.596088899999984,-8.409541299999944],[-46.57830759999996,-8.414342099999942],[-46.55655859999996,-8.401777099999947],[-46.528223999999966,-8.40781149999998],[-46.51508929999994,-8.417674499999976],[-46.51458409999998,-8.42741499999994],[-46.50058619999993,-8.427992199999949],[-46.470158899999944,-8.420186199999932],[-46.42599689999997,-8.377125199999966],[-46.41245939999993,-8.335986099999957],[-46.42185029999996,-8.298612899999966],[-46.39968019999998,-8.217562999999927],[-46.40752669999995,-8.170862399999976],[-46.39502729999998,-8.14864149999994],[-46.40277889999993,-8.134521999999947],[-46.40159029999995,-8.11210269999998],[-46.42064609999994,-8.086183099999971],[-46.40216839999994,-8.055347899999958],[-46.41087319999997,-8.00108309999996],[-46.40545149999997,-7.98708739999995],[-46.41889169999996,-7.951857899999936],[-46.44374959999993,-7.936282899999981],[-46.422997599999974,-7.896311999999966],[-46.43663849999996,-7.87201239999996],[-46.43891919999993,-7.842822799999965],[-46.45741639999994,-7.83344169999998],[-46.439057599999956,-7.804598099999964],[-46.44111499999997,-7.796172999999953],[-46.46803429999994,-7.770542299999931],[-46.449059199999965,-7.745874999999955],[-46.446865499999944,-7.712731299999973],[-46.41839269999997,-7.695238199999949],[-46.387661399999956,-7.465551199999936],[-46.16649769999998,-7.365509399999951],[-46.19808989999996,-7.257960999999966],[-46.07179529999996,-7.159892799999966],[-45.805238799999984,-7.328470299999935],[-45.77019819999998,-7.336319199999934],[-45.72030499999994,-7.366920999999934],[-45.70437869999995,-7.390045699999973],[-45.67556589999998,-7.398660799999959],[-45.67334089999997,-7.406586299999958],[-45.68839769999994,-7.414842399999941],[-45.68546049999998,-7.428060499999958],[-45.69939119999998,-7.431387899999947],[-45.70637229999994,-7.445231899999953],[-45.74363429999994,-7.438005399999952],[-45.75582779999996,-7.451400699999965],[-45.77880669999996,-7.442565899999977],[-45.78824249999997,-7.45337429999995],[-45.81114669999994,-7.4514089999999555]]]}},{"id":"474","type":"Feature","properties":{"COD_IBGE":"2101509","MUNICIPIO":"Barão de Grajaú","UF":"MA"},"geometry":{"type":"Polygon","coordinates":[[[-43.296642099999985,-6.342160799999931],[-42.872294599999975,-6.510755299999971],[-42.888169999999946,-6.536650699999939],[-42.884798399999966,-6.570243499999947],[-42.90771549999994,-6.605921199999955],[-42.91993139999994,-6.671008099999938],[-42.95110649999998,-6.705077099999926],[-42.977443999999934,-6.7179371999999375],[-42.99280029999994,-6.748728399999948],[-43.011062299999935,-6.760009399999944],[-43.04790559999998,-6.761950299999967],[-43.06521539999994,-6.749979099999962],[-43.08350269999994,-6.749290499999972],[-43.104978399999936,-6.7702478999999585],[-43.14758759999995,-6.783688499999926],[-43.17827409999995,-6.767336499999942],[-43.24482649999993,-6.766948299999967],[-43.27346069999993,-6.793683899999962],[-43.31079259999996,-6.801107499999944],[-43.34675589999995,-6.79774969999994],[-43.36524739999993,-6.8198017999999365],[-43.38838819999995,-6.8177495999999564],[-43.39030249999996,-6.833898599999941],[-43.419128899999976,-6.844010499999968],[-43.44422199999997,-6.838019799999927],[-43.454588599999965,-6.845996899999932],[-43.40205739999993,-6.609583399999963],[-43.38180779999993,-6.591312899999934],[-43.383530399999984,-6.552707599999962],[-43.36894499999994,-6.526783199999954],[-43.39622409999998,-6.466800899999953],[-43.41222259999995,-6.455494099999953],[-43.40775959999996,-6.41564829999993],[-43.421759899999984,-6.401089499999955],[-43.372607399999936,-6.38970999999998],[-43.350362099999984,-6.398856499999965],[-43.341255599999954,-6.3845558999999525],[-43.348672299999976,-6.380646199999944],[-43.35594619999995,-6.349449599999957],[-43.296642099999985,-6.342160799999931]]]}},{"id":"475","type":"Feature","properties":{"COD_IBGE":"2101608","MUNICIPIO":"Barra do Corda","UF":"MA"},"geometry":{"type":"Polygon","coordinates":[[[-45.30229529999997,-5.918023699999935],[-45.37584409999994,-5.932591899999977],[-45.573855299999934,-5.731432999999981],[-45.54897569999997,-5.711324599999955],[-45.552966599999934,-5.69210929999997],[-45.52665879999995,-5.676912499999958],[-45.51807689999998,-5.658223199999952],[-45.50312909999997,-5.6567185999999765],[-45.50704929999995,-5.646666599999946],[-45.482626599999946,-5.621580399999971],[-45.46488799999997,-5.62145739999994],[-45.42722059999994,-5.603869799999927],[-45.523449599999935,-5.508822899999927],[-45.421153499999946,-5.446712299999945],[-45.43858389999997,-5.423213399999952],[-45.44477419999998,-5.396389299999953],[-45.45718729999993,-5.387229099999956],[-45.45185829999997,-5.379121299999952],[-45.483618399999955,-5.297579999999925],[-45.461644099999944,-5.269481599999949],[-45.43364129999998,-5.2915146999999365],[-45.42295519999993,-5.285737499999925],[-45.42372459999996,-5.278127099999949],[-45.36993079999996,-5.279676299999949],[-45.34120049999996,-5.253757199999939],[-45.34482809999997,-5.235624399999949],[-45.36040879999996,-5.22237709999996],[-45.348712199999966,-5.206854499999963],[-45.32784639999994,-5.199218199999962],[-45.32655859999994,-5.176893299999961],[-45.31409599999995,-5.163671199999953],[-45.31513479999995,-5.134336499999961],[-45.33069309999996,-5.121758799999952],[-45.123235499999964,-5.1209305999999515],[-45.02112169999998,-5.2088926999999785],[-45.00853549999994,-5.190354299999967],[-45.007248699999934,-5.171210799999926],[-44.99688749999996,-5.164584899999966],[-45.00048879999997,-5.152452499999981],[-44.991472199999976,-5.132110199999943],[-44.96853629999998,-5.1272504999999455],[-44.971213499999976,-5.113324699999964],[-44.96106199999997,-5.090337799999929],[-44.97046799999998,-5.0787504999999555],[-44.94289629999997,-5.039224799999943],[-44.953945799999985,-5.036118299999941],[-44.95124419999996,-5.022525899999948],[-44.934939499999984,-5.021951899999976],[-44.91907439999994,-5.039246299999945],[-44.89805689999997,-5.032277599999929],[-44.880573599999934,-5.036547999999925],[-44.86915369999997,-5.045032899999967],[-44.86944809999994,-5.058408899999961],[-44.856025199999976,-5.0636987999999405],[-44.86365489999997,-5.078663499999948],[-44.857988499999976,-5.123339899999962],[-44.82748779999997,-5.115905399999974],[-44.820033499999965,-5.133798399999932],[-44.823783599999956,-5.1457860999999525],[-44.76311399999997,-5.181433499999969],[-44.76864039999998,-5.203679199999954],[-44.77639439999996,-5.201006499999949],[-44.771977299999946,-5.211469099999931],[-44.79041489999997,-5.216126999999972],[-44.79134609999994,-5.208803699999976],[-44.79922149999993,-5.2100370999999654],[-44.807050799999956,-5.224860899999953],[-44.81974629999996,-5.225680999999952],[-44.81053439999994,-5.230847399999959],[-44.81558769999998,-5.238973899999962],[-44.80615319999998,-5.240793599999961],[-44.80054949999993,-5.266126099999951],[-44.81567409999997,-5.254039999999975],[-44.819785999999965,-5.256862499999954],[-44.81743719999997,-5.265920299999948],[-44.83110609999994,-5.276314299999967],[-44.83737739999998,-5.300407599999971],[-44.86720329999997,-5.321597899999972],[-44.86997669999994,-5.3437143999999535],[-44.895000599999946,-5.355216299999938],[-44.89331499999997,-5.370852599999978],[-44.91840419999994,-5.371629799999937],[-44.92605299999997,-5.38760469999994],[-44.92056919999993,-5.40776649999998],[-44.928378399999986,-5.406997599999954],[-44.94017219999995,-5.4428042999999775],[-44.933568099999945,-5.444650799999977],[-44.94051579999996,-5.450885299999925],[-44.936228599999936,-5.460816099999931],[-44.95287639999998,-5.49399029999995],[-44.96701189999993,-5.502190599999949],[-44.95684539999996,-5.56965189999994],[-44.969038299999966,-5.620850899999937],[-44.96359219999994,-5.63528139999994],[-44.923801099999935,-5.674822399999925],[-44.92482819999998,-5.789227299999936],[-45.089706099999944,-5.85257809999996],[-45.18232829999994,-5.877075799999943],[-45.27227669999996,-5.997082599999942],[-45.28939829999996,-5.9760786999999596],[-45.29895229999994,-5.93548329999993],[-45.29385869999993,-5.924005199999954],[-45.30229529999997,-5.918023699999935]]]}},{"id":"476","type":"Feature","properties":{"COD_IBGE":"2101707","MUNICIPIO":"Barreirinhas","UF":"MA"},"geometry":{"type":"Polygon","coordinates":[[[-42.75497909999996,-3.039992899999959],[-42.76807659999997,-3.133351799999957],[-42.798483199999964,-3.1486745999999357],[-42.82475539999996,-3.216129399999943],[-43.04114549999997,-3.1302930999999603],[-43.042840199999944,-3.1374196999999526],[-43.15026849999998,-3.0870067999999264],[-43.140635299999985,-3.0779161999999474],[-43.143922499999974,-3.0618003999999246],[-43.164205599999946,-3.028817599999968],[-43.16862639999994,-3.003686699999946],[-43.17627659999994,-3.0086284999999293],[-43.18047889999997,-2.9950161999999523],[-43.22170649999998,-3.022263599999974],[-43.24250429999995,-2.992932499999938],[-43.21097139999995,-2.9688178999999764],[-43.099981199999945,-2.916604399999926],[-43.069596899999965,-2.885128899999927],[-43.09820719999993,-2.85134979999998],[-43.10023289999998,-2.818437099999926],[-43.12203999999997,-2.775070699999958],[-43.06581099999994,-2.7594051999999465],[-43.03650289999996,-2.726478699999973],[-43.03553539999996,-2.7039404999999306],[-43.045154399999944,-2.701764799999978],[-43.03005669999993,-2.6786800999999514],[-43.04633099999995,-2.671174199999939],[-43.03691669999995,-2.6535979999999313],[-43.06695139999994,-2.6350872999999524],[-43.06093849999996,-2.6128834999999526],[-43.07097699999997,-2.608096899999964],[-43.057885899999974,-2.6018574999999373],[-43.050422899999944,-2.5848984999999516],[-43.05467769999996,-2.570610399999964],[-43.049805299999946,-2.560404099999971],[-43.04422359999995,-2.562499099999968],[-43.05270649999994,-2.53798009999997],[-43.04673459999998,-2.512531899999942],[-43.02525939999998,-2.5092663999999445],[-43.01685589999994,-2.4975773999999547],[-43.014819699999975,-2.4566665999999486],[-42.825291499999935,-2.5447231999999644],[-42.763196999999934,-2.5454550999999697],[-42.74898079999997,-2.560733399999947],[-42.73676359999996,-2.553950099999952],[-42.720151199999975,-2.557386099999974],[-42.64150209999997,-2.6253251999999634],[-42.715238399999976,-2.8880880999999476],[-42.73835539999993,-2.9082438999999454],[-42.75033169999995,-2.9025640999999496],[-42.77714389999994,-2.9920949999999493],[-42.75497909999996,-3.039992899999959]]]}},{"id":"477","type":"Feature","properties":{"COD_IBGE":"2101731","MUNICIPIO":"Belágua","UF":"MA"},"geometry":{"type":"Polygon","coordinates":[[[-43.518105899999966,-3.240808999999956],[-43.61226839999995,-3.233172799999977],[-43.60663559999995,-3.1720939999999587],[-43.542145199999936,-3.1296696999999654],[-43.57131359999994,-3.0381128999999305],[-43.55112789999998,-3.0216033999999468],[-43.54726739999995,-3.00437919999996],[-43.52281809999994,-3.0165743999999677],[-43.50116079999998,-3.0175288999999452],[-43.486955799999976,-2.9891516999999794],[-43.474855299999945,-2.9812182999999663],[-43.45659969999997,-2.983998999999926],[-43.31416449999995,-3.0235783999999626],[-43.26921269999997,-3.0627882999999656],[-43.27873469999997,-3.081260499999928],[-43.34476059999997,-3.101833299999953],[-43.41225149999997,-3.1499204999999506],[-43.51236669999997,-3.2235110999999392],[-43.518105899999966,-3.240808999999956]]]}},{"id":"478","type":"Feature","properties":{"COD_IBGE":"2101772","MUNICIPIO":"Bela Vista do Maranhão","UF":"MA"},"geometry":{"type":"Polygon","coordinates":[[[-45.288221299999975,-3.7182006999999544],[-45.152524899999946,-3.728993199999934],[-45.14588689999994,-3.7305579999999736],[-45.155273299999976,-3.7310555999999337],[-45.15736489999995,-3.7404844999999796],[-45.18104159999996,-3.7571115999999734],[-45.18818989999994,-3.7775336999999354],[-45.20161609999997,-3.774967599999968],[-45.20389229999995,-3.7849689999999327],[-45.21963959999994,-3.7723602999999457],[-45.25610279999995,-3.798980599999936],[-45.29912429999996,-3.7997717999999736],[-45.32476679999996,-3.844483499999967],[-45.34123489999996,-3.8488035999999397],[-45.34133149999997,-3.8297887999999602],[-45.32659039999993,-3.81426579999993],[-45.31786299999993,-3.779058599999928],[-45.342934799999966,-3.6840697999999747],[-45.288221299999975,-3.7182006999999544]]]}},{"id":"479","type":"Feature","properties":{"COD_IBGE":"2101806","MUNICIPIO":"Benedito Leite","UF":"MA"},"geometry":{"type":"Polygon","coordinates":[[[-44.390363899999954,-7.123242799999957],[-44.430627699999945,-7.1515580999999315],[-44.46209589999995,-7.160091099999931],[-44.505242599999974,-7.186755799999958],[-44.525149399999975,-7.221999299999936],[-44.56534499999998,-7.228688899999952],[-44.57178539999995,-7.248428699999977],[-44.59407689999995,-7.267176699999936],[-44.61587019999996,-7.308666199999948],[-44.66273049999995,-7.331348099999957],[-44.68955669999997,-7.395461699999942],[-44.71109629999995,-7.398181799999975],[-44.72992929999998,-7.390770299999929],[-44.741980799999965,-7.361703899999952],[-44.780345599999976,-7.37851749999993],[-44.81649619999996,-7.360893799999928],[-44.820600499999955,-7.375622999999962],[-44.84802829999995,-7.386565899999937],[-44.869705099999976,-7.42305719999996],[-44.90043529999997,-7.425410599999964],[-44.924816299999975,-7.470529399999975],[-44.98931139999996,-7.482397599999956],[-44.78749319999997,-7.248704699999962],[-44.697653499999944,-7.255050899999958],[-44.70493229999994,-7.236359499999935],[-44.686735399999975,-7.186808499999927],[-44.69848489999998,-7.179534899999965],[-44.70934959999994,-7.189314699999954],[-44.71948569999995,-7.185643499999969],[-44.720352899999966,-7.168955499999981],[-44.70499229999996,-7.163372799999934],[-44.772436099999936,-7.124760899999956],[-44.784513499999946,-7.105871399999955],[-44.71068049999997,-7.044263199999932],[-44.697337699999935,-6.974438799999973],[-44.61561349999994,-6.961202799999967],[-44.587596099999985,-6.9778689999999415],[-44.58316949999994,-6.989139399999942],[-44.575798599999985,-6.987045599999931],[-44.572709799999984,-6.996342099999936],[-44.55808209999998,-6.99638989999994],[-44.535491899999954,-7.0151248999999325],[-44.51270569999997,-6.924939499999937],[-44.49403449999994,-6.88395259999993],[-44.45326549999993,-6.89752569999996],[-44.458649899999955,-6.889021699999944],[-44.440760299999965,-6.859709699999939],[-44.40765729999998,-6.836351199999967],[-44.38859119999995,-6.844876299999953],[-44.37826499999994,-6.87669429999994],[-44.32951749999995,-6.919632099999944],[-44.32271059999994,-6.94376079999995],[-44.305877599999974,-6.942619299999933],[-44.28935899999993,-6.957717399999979],[-44.273144499999944,-6.956103299999938],[-44.25324269999993,-6.976202899999976],[-44.24927509999998,-7.000540799999953],[-44.26289289999994,-7.002358399999935],[-44.26366019999995,-7.018984699999976],[-44.27978529999996,-7.045269699999949],[-44.274117099999955,-7.0702437999999574],[-44.30518479999995,-7.117812199999946],[-44.33246749999995,-7.108612599999958],[-44.390363899999954,-7.123242799999957]]]}},{"id":"480","type":"Feature","properties":{"COD_IBGE":"2101905","MUNICIPIO":"Bequimão","UF":"MA"},"geometry":{"type":"Polygon","coordinates":[[[-44.74858079999996,-2.585453599999937],[-44.812394799999936,-2.586526899999967],[-44.81345349999998,-2.5326243999999747],[-44.83535419999998,-2.5283833999999388],[-44.83357589999997,-2.5150890999999547],[-44.875807899999984,-2.523530599999958],[-44.935159899999974,-2.5127210999999647],[-44.95924349999996,-2.4594615999999405],[-44.95895649999994,-2.434444699999972],[-44.94168119999995,-2.4163493999999446],[-44.92726719999996,-2.412457199999949],[-44.916548999999975,-2.391209099999969],[-44.87940439999994,-2.3762201999999775],[-44.862846299999944,-2.3578593999999384],[-44.86903799999993,-2.3377174999999397],[-44.84593899999993,-2.3285844999999767],[-44.84514669999993,-2.31490969999993],[-44.81751769999994,-2.2987377999999694],[-44.798938299999975,-2.3033973999999375],[-44.76977169999998,-2.285487699999976],[-44.757209699999976,-2.2675257999999303],[-44.71529349999997,-2.2737229999999613],[-44.69254019999994,-2.287376199999926],[-44.67768029999996,-2.280492299999935],[-44.659714099999974,-2.2873471999999424],[-44.64441109999996,-2.2962790999999356],[-44.666715299999964,-2.329156199999943],[-44.666043499999944,-2.345245699999964],[-44.647821499999964,-2.3751382999999464],[-44.666957399999944,-2.42089459999994],[-44.65893189999997,-2.4360472999999274],[-44.70181789999998,-2.460840699999949],[-44.72049119999997,-2.4897529999999506],[-44.71927469999997,-2.5084062999999333],[-44.69576669999998,-2.514477799999952],[-44.684536099999946,-2.546299999999974],[-44.71062009999997,-2.6272877999999764],[-44.71630479999993,-2.6152203999999415],[-44.735897299999976,-2.610113399999932],[-44.748054699999955,-2.596893199999954],[-44.74858079999996,-2.585453599999937]]]}},{"id":"481","type":"Feature","properties":{"COD_IBGE":"2101939","MUNICIPIO":"Bernardo do Mearim","UF":"MA"},"geometry":{"type":"Polygon","coordinates":[[[-44.57396699999998,-4.771693099999936],[-44.75658089999996,-4.717583299999944],[-44.79842839999998,-4.608038599999929],[-44.801993799999934,-4.569144299999948],[-44.74761419999993,-4.566405599999939],[-44.747600999999975,-4.603898799999968],[-44.725266499999975,-4.65074489999995],[-44.69148339999998,-4.658818699999927],[-44.64483309999997,-4.648451799999975],[-44.59358229999998,-4.659177599999964],[-44.59487789999997,-4.671902099999954],[-44.57833539999996,-4.681767899999954],[-44.590948999999966,-4.690347999999972],[-44.57593629999997,-4.708561499999973],[-44.58843559999997,-4.7276076999999646],[-44.56950939999996,-4.745875399999932],[-44.57554319999997,-4.755290099999968],[-44.56965269999995,-4.76754539999996],[-44.57396699999998,-4.771693099999936]]]}},{"id":"482","type":"Feature","properties":{"COD_IBGE":"2101970","MUNICIPIO":"Boa Vista do Gurupi","UF":"MA"},"geometry":{"type":"Polygon","coordinates":[[[-46.203502399999934,-1.7052949999999782],[-46.171252299999935,-1.698359499999981],[-46.156788699999936,-1.6802876999999512],[-46.16587729999998,-1.6343749999999773],[-46.16128409999993,-1.6228477999999313],[-46.108650299999965,-1.645231699999954],[-46.09261449999997,-1.6761215999999308],[-46.06847839999995,-1.677094699999941],[-46.06279489999997,-1.6943332999999257],[-46.06862609999996,-1.7275128999999652],[-46.113287799999966,-1.8192690999999286],[-46.122954799999945,-1.8111200999999255],[-46.13529139999997,-1.81524909999996],[-46.13310289999998,-1.8269172999999341],[-46.14116359999997,-1.8356226999999308],[-46.13449019999996,-1.838175499999977],[-46.22338999999994,-1.9149134999999546],[-46.22876499999995,-1.8884927999999377],[-46.244841099999974,-1.8819485999999301],[-46.21527859999998,-1.8459061999999449],[-46.21102739999998,-1.8310592999999358],[-46.21733089999998,-1.8198751999999558],[-46.23032859999995,-1.8031232999999247],[-46.25891389999998,-1.7949669999999287],[-46.28473839999998,-1.8008033999999498],[-46.297736199999974,-1.794136799999933],[-46.31215099999997,-1.8056872999999314],[-46.323707199999944,-1.7664443999999548],[-46.31188219999996,-1.7332324999999287],[-46.30289129999994,-1.728348399999959],[-46.26585259999996,-1.7328417999999601],[-46.24757749999998,-1.7209244999999669],[-46.22119109999994,-1.7312788999999498],[-46.20614109999997,-1.7202406999999766],[-46.203502399999934,-1.7052949999999782]]]}},{"id":"483","type":"Feature","properties":{"COD_IBGE":"2102002","MUNICIPIO":"Bom Jardim","UF":"MA"},"geometry":{"type":"Polygon","coordinates":[[[-46.109430799999984,-3.4858826999999337],[-45.54322579999996,-3.489881799999978],[-45.53481829999998,-3.527653599999951],[-45.51945519999998,-3.5445867999999336],[-45.52849209999994,-3.5649964999999497],[-45.51886499999995,-3.582357399999978],[-45.508807599999955,-3.575629899999967],[-45.49108009999998,-3.6110185999999658],[-45.46884199999994,-3.6040854999999397],[-45.46404929999994,-3.592062599999963],[-45.44353769999998,-3.5952620999999567],[-45.40603039999996,-3.575018499999942],[-45.39851379999993,-3.5960092999999347],[-45.40809569999993,-3.6018476999999507],[-45.39503589999998,-3.605543799999964],[-45.41661099999993,-3.6133993999999348],[-45.422972999999956,-3.6264750999999364],[-45.434181799999976,-3.6180477999999425],[-45.460968099999945,-3.633239299999957],[-45.460734799999955,-3.6464577999999506],[-45.46653659999998,-3.647461999999962],[-45.46153629999998,-3.6562838999999485],[-45.48106169999994,-3.6691273999999794],[-45.47315219999996,-3.677845799999943],[-45.49874599999998,-3.698146799999961],[-45.50746159999994,-3.669590299999925],[-45.51935679999997,-3.6705486999999266],[-45.52807399999995,-3.6585405999999807],[-45.554256399999986,-3.658247699999947],[-45.58658899999995,-3.6802961999999297],[-45.61606739999996,-3.6790044999999623],[-45.62226829999997,-3.639582999999959],[-45.644997699999976,-3.6214256999999748],[-45.66243489999994,-3.633227599999941],[-45.68662089999998,-3.6399352999999337],[-45.692953399999965,-3.6337222999999312],[-45.705070999999975,-3.6417727999999556],[-45.73250649999994,-3.6353533999999286],[-45.76512599999995,-3.644841099999951],[-45.81350919999994,-3.636318099999926],[-45.83428989999993,-3.648875499999974],[-45.84106269999995,-3.6647855999999592],[-45.84516789999998,-3.6581259999999247],[-45.88811179999993,-3.659846699999946],[-45.91236759999998,-3.690384799999947],[-45.943578499999944,-3.7056471999999303],[-45.99152799999996,-3.683093299999939],[-46.01355369999993,-3.7059302999999773],[-46.049021799999935,-3.700682899999947],[-46.06126089999998,-3.704536399999938],[-46.06832199999997,-3.7173702999999705],[-46.10144269999995,-3.7174591999999507],[-46.11031469999995,-3.7361967999999592],[-46.165120499999944,-3.7838831999999343],[-46.163090799999964,-3.7948511999999255],[-46.17052209999997,-3.8127000999999723],[-46.17934009999993,-3.81586539999995],[-46.18297309999997,-3.8448112999999466],[-46.203615199999945,-3.8743224999999484],[-46.207552799999974,-3.931180599999948],[-46.251295899999946,-3.951163699999938],[-46.27873699999998,-4.010832599999958],[-46.35849849999994,-4.055095799999947],[-46.37298389999995,-4.08580859999995],[-46.42741049999995,-4.121608299999934],[-46.45015619999998,-4.168803599999933],[-46.47915029999996,-4.184354999999925],[-46.48066449999993,-4.201002599999981],[-46.53274189999996,-4.239276999999959],[-46.539251999999976,-4.269569299999944],[-46.55901869999997,-4.272887099999934],[-46.59284919999993,-4.309269299999926],[-46.649753299999986,-4.34220629999993],[-46.67805149999998,-4.341770799999949],[-46.685258999999974,-4.354941199999928],[-46.69929319999994,-4.35569449999997],[-46.72118759999995,-4.3748586999999475],[-46.73258459999994,-4.372228499999949],[-46.73892529999995,-4.382945499999948],[-46.76776529999995,-4.372183199999938],[-46.82272169999993,-4.377228299999956],[-46.84926479999996,-4.395399399999974],[-46.85751989999994,-4.416530399999942],[-46.87490569999994,-4.432572599999958],[-46.88942069999996,-4.427191599999958],[-46.93220069999995,-4.443159299999934],[-46.936512999999934,-4.432870799999932],[-47.016986799999984,-4.4202324999999405],[-47.03144619999995,-4.388254699999948],[-47.05988129999997,-4.366230599999938],[-47.062657599999966,-4.344812299999944],[-47.07104819999995,-4.342464799999959],[-47.07304149999993,-4.323699699999963],[-47.08840529999998,-4.3035906999999725],[-47.069260199999974,-4.263453999999967],[-47.07274019999994,-4.236629599999958],[-47.02968569999996,-4.220460799999955],[-47.010194799999965,-4.1746903999999745],[-46.96777949999995,-4.119128299999943],[-46.95752339999996,-4.0869140999999445],[-46.94848469999994,-4.080654599999946],[-46.92429619999996,-4.087464299999965],[-46.90559899999994,-4.083203199999957],[-46.891746499999954,-4.043999499999927],[-46.86963599999996,-4.032131299999946],[-46.843917799999986,-4.003216499999951],[-46.80483689999994,-3.9987387999999555],[-46.761086999999975,-3.975632799999971],[-46.75738639999997,-3.905053399999929],[-46.70144239999996,-3.868416199999956],[-46.697351099999935,-3.8550023999999325],[-46.72955839999997,-3.8288608999999383],[-46.72689169999995,-3.8071352999999704],[-46.73864929999996,-3.7851247999999487],[-46.69635069999998,-3.7049382999999807],[-46.65978899999993,-3.696146699999929],[-46.64318449999996,-3.709186099999954],[-46.62121159999998,-3.695370099999934],[-46.61692919999996,-3.6792083999999363],[-46.59971909999996,-3.674792899999943],[-46.60019209999996,-3.668319599999961],[-46.56821979999995,-3.6494875999999294],[-46.563322599999935,-3.6378544999999463],[-46.530674999999974,-3.6254488999999808],[-46.52261389999995,-3.632348299999933],[-46.50417409999994,-3.6180305999999405],[-46.48947549999997,-3.61797329999996],[-46.48030269999998,-3.6039883999999347],[-46.47000069999996,-3.608897699999943],[-46.473802699999965,-3.595291599999939],[-46.45597369999996,-3.592965599999957],[-46.45175189999998,-3.576631299999974],[-46.43490949999995,-3.577143899999953],[-46.437012599999946,-3.5912551999999778],[-46.42446469999993,-3.5768631999999343],[-46.42021799999998,-3.5921632999999247],[-46.40303389999997,-3.591628299999968],[-46.40369099999998,-3.5704324999999244],[-46.38259199999993,-3.5830437999999276],[-46.37630509999997,-3.572403599999973],[-46.36485049999993,-3.570774599999936],[-46.36822919999997,-3.5545306999999298],[-46.35740949999996,-3.5579565999999545],[-46.35651439999998,-3.5672801999999706],[-46.35402319999997,-3.5554259999999545],[-46.33813669999995,-3.5542736999999534],[-46.33222989999996,-3.544416399999932],[-46.323837699999956,-3.5499719999999684],[-46.32740439999998,-3.538470099999927],[-46.31220469999994,-3.546339199999977],[-46.296772199999964,-3.539939499999946],[-46.301476599999944,-3.5591993999999545],[-46.288334099999986,-3.5477054999999496],[-46.277762199999984,-3.561943999999926],[-46.27269299999995,-3.5552584999999794],[-46.25745749999993,-3.557588399999929],[-46.25490439999993,-3.5732703999999558],[-46.24069209999993,-3.5756035999999654],[-46.242880999999954,-3.5849130999999375],[-46.22194529999996,-3.5892871999999443],[-46.21352459999997,-3.582549799999981],[-46.205156199999976,-3.5962310999999545],[-46.20238279999995,-3.583275599999979],[-46.189038299999936,-3.5731273999999758],[-46.15973239999994,-3.579595799999936],[-46.15644109999994,-3.588462599999957],[-46.14339789999997,-3.585227399999951],[-46.13307729999997,-3.6058104999999614],[-46.120713199999955,-3.5980734999999413],[-46.11170039999996,-3.605330199999969],[-46.102522299999976,-3.595018599999946],[-46.115742299999965,-3.58936099999994],[-46.128317899999956,-3.5627031999999303],[-46.11812029999993,-3.5193574999999555],[-46.10378119999996,-3.517930599999943],[-46.109430799999984,-3.4858826999999337]]]}},{"id":"484","type":"Feature","properties":{"COD_IBGE":"2102036","MUNICIPIO":"Bom Jesus das Selvas","UF":"MA"},"geometry":{"type":"Polygon","coordinates":[[[-46.46498239999994,-4.850966899999946],[-46.930318399999976,-4.850574599999959],[-46.918402199999946,-4.816108199999974],[-46.92897489999996,-4.7871754999999325],[-46.92509019999994,-4.768112499999972],[-46.939508099999955,-4.738605599999971],[-46.932006599999966,-4.719255099999941],[-46.93506599999995,-4.6940834999999765],[-46.92594539999993,-4.683980799999972],[-46.93456939999993,-4.674194999999941],[-46.94520199999994,-4.617652899999939],[-46.93421079999996,-4.606483799999978],[-46.93920939999998,-4.585331199999928],[-46.89678769999995,-4.516976299999953],[-46.90397479999996,-4.505245799999955],[-46.89809509999998,-4.486291799999947],[-46.85841829999998,-4.456443499999978],[-46.858543199999986,-4.433509199999946],[-46.84380989999994,-4.415563199999951],[-46.83977249999998,-4.386699199999953],[-46.820784199999935,-4.3766632999999615],[-46.76776529999995,-4.372183199999938],[-46.73892529999995,-4.382945499999948],[-46.73258459999994,-4.372228499999949],[-46.72118759999995,-4.3748586999999475],[-46.69929319999994,-4.35569449999997],[-46.685258999999974,-4.354941199999928],[-46.67805149999998,-4.341770799999949],[-46.63172009999994,-4.334978299999932],[-46.59284919999993,-4.309269299999926],[-46.55901869999997,-4.272887099999934],[-46.539251999999976,-4.269569299999944],[-46.53274189999996,-4.239276999999959],[-46.47892499999995,-4.198768399999949],[-46.48543569999998,-4.2512861999999245],[-46.47534799999994,-4.277010399999938],[-46.49406499999998,-4.28873109999995],[-46.488435799999934,-4.318535399999973],[-46.50549969999997,-4.378668699999935],[-46.493196799999964,-4.426593099999934],[-46.50684789999997,-4.44451799999996],[-46.490873299999976,-4.47397239999998],[-46.49809949999997,-4.495718499999953],[-46.48099899999994,-4.547774699999934],[-46.49603929999995,-4.56416269999994],[-46.489706799999965,-4.620430499999941],[-46.47604699999994,-4.65160979999996],[-46.49277549999994,-4.669681499999967],[-46.48088869999998,-4.692427799999962],[-46.486556399999984,-4.721101399999952],[-46.46791059999998,-4.737376299999937],[-46.460436699999946,-4.759182499999952],[-46.47969089999998,-4.784552899999937],[-46.484352299999955,-4.808765699999981],[-46.47422849999998,-4.820476999999926],[-46.47226429999995,-4.842310699999928],[-46.46190729999995,-4.844479999999976],[-46.46498239999994,-4.850966899999946]]]}},{"id":"485","type":"Feature","properties":{"COD_IBGE":"2102077","MUNICIPIO":"Bom Lugar","UF":"MA"},"geometry":{"type":"Polygon","coordinates":[[[-45.07764479999997,-4.300138699999934],[-44.88087269999994,-4.352723099999935],[-44.87328569999994,-4.384279099999958],[-44.98868519999996,-4.458789499999966],[-45.04604569999998,-4.4804816999999275],[-45.060996399999965,-4.455664199999944],[-45.08769899999993,-4.454574599999944],[-45.09306239999995,-4.423693399999934],[-45.123969999999986,-4.416574999999966],[-45.13306869999997,-4.395061999999939],[-45.12187179999995,-4.378028699999959],[-45.12699779999997,-4.366456099999937],[-45.12134189999995,-4.351412499999981],[-45.105403499999966,-4.326846299999943],[-45.11463759999998,-4.294869699999936],[-45.089333899999986,-4.271650699999952],[-45.08756839999995,-4.255258699999956],[-45.09815029999993,-4.2403942999999344],[-45.08513409999995,-4.2220477999999275],[-45.08703719999994,-4.202916099999925],[-45.034268399999974,-4.18299449999995],[-45.03684009999995,-4.167482299999961],[-45.02554459999993,-4.1562891999999465],[-45.02673489999995,-4.146674299999972],[-45.012054199999966,-4.1287507999999775],[-45.00399949999996,-4.131112799999926],[-45.01491219999997,-4.115932399999963],[-45.006128099999955,-4.114241399999969],[-44.98558559999998,-4.151898199999948],[-44.96259109999994,-4.171815899999956],[-45.078404199999966,-4.249865799999952],[-45.08314599999994,-4.288584399999934],[-45.07764479999997,-4.300138699999934]]]}},{"id":"486","type":"Feature","properties":{"COD_IBGE":"2102101","MUNICIPIO":"Brejo","UF":"MA"},"geometry":{"type":"Polygon","coordinates":[[[-42.721693399999936,-3.8843702999999437],[-43.017341699999974,-3.738405499999942],[-43.00844849999993,-3.728059499999972],[-43.01524479999995,-3.6845508999999765],[-42.984410399999945,-3.630141599999945],[-42.98394489999998,-3.6129108999999744],[-42.99972369999995,-3.5977062999999703],[-42.99586659999994,-3.5906927999999425],[-43.00503729999997,-3.569202399999938],[-42.98738149999997,-3.553335699999934],[-42.79731419999996,-3.530461599999967],[-42.633052299999974,-3.6320817999999804],[-42.67018869999998,-3.66592449999996],[-42.68142739999996,-3.6873802999999725],[-42.682575499999984,-3.7031983999999625],[-42.668625099999986,-3.7374092999999675],[-42.684035999999935,-3.765221399999973],[-42.67145919999996,-3.7916285999999673],[-42.68742559999998,-3.8082956999999737],[-42.721693399999936,-3.8843702999999437]]]}},{"id":"487","type":"Feature","properties":{"COD_IBGE":"2102150","MUNICIPIO":"Brejo de Areia","UF":"MA"},"geometry":{"type":"Polygon","coordinates":[[[-45.51176579999998,-4.285783199999969],[-45.46774069999998,-4.276454199999932],[-45.45727379999994,-4.281114999999943],[-45.42625349999997,-4.25229719999993],[-45.42602149999993,-4.265344099999936],[-45.44912279999994,-4.29928149999995],[-45.44377579999997,-4.3118696999999315],[-45.41871099999997,-4.326959099999954],[-45.43326539999998,-4.336426399999937],[-45.437879899999984,-4.3307907999999316],[-45.454032799999936,-4.346855499999947],[-45.46967829999994,-4.346809999999948],[-45.479834799999935,-4.3695244999999545],[-45.51173579999994,-4.396005399999979],[-45.46956579999994,-4.427989599999933],[-45.422824799999944,-4.417098299999964],[-45.422005199999944,-4.4408266999999455],[-45.526153499999964,-4.42784249999994],[-45.588377299999934,-4.469814699999972],[-45.59375479999994,-4.531875799999966],[-45.63827159999994,-4.483926699999927],[-45.698370799999964,-4.50119849999993],[-45.712237699999946,-4.553195499999958],[-45.76058649999993,-4.528682799999956],[-45.75866499999995,-4.514898599999981],[-45.770247799999936,-4.5130878999999595],[-45.78673229999998,-4.489420999999936],[-45.79374269999994,-4.445889699999952],[-45.80613699999998,-4.429906899999935],[-45.826360799999975,-4.421834799999942],[-45.81471819999996,-4.404869399999939],[-45.816467699999976,-4.3888211999999385],[-45.803971599999954,-4.38126589999996],[-45.79815869999993,-4.362545999999952],[-45.802682999999945,-4.347901099999945],[-45.79122909999995,-4.3363473999999655],[-45.79136319999998,-4.306921899999963],[-45.80095279999995,-4.281596799999932],[-45.78594839999994,-4.25234219999993],[-45.67017199999998,-4.209564999999941],[-45.64328029999996,-4.182544199999938],[-45.638724399999944,-4.196655899999939],[-45.594973299999936,-4.195969399999967],[-45.595162399999936,-4.22125159999996],[-45.61880129999997,-4.2338995999999725],[-45.61153559999997,-4.2416105999999445],[-45.62068459999995,-4.240466899999944],[-45.62421329999995,-4.248758199999941],[-45.624663399999974,-4.270213499999954],[-45.61450559999997,-4.28234219999996],[-45.605814899999984,-4.287765899999954],[-45.58655669999996,-4.280600399999969],[-45.54308589999994,-4.2831672999999455],[-45.51880829999993,-4.270170999999948],[-45.51176579999998,-4.285783199999969]]]}},{"id":"488","type":"Feature","properties":{"COD_IBGE":"2102200","MUNICIPIO":"Buriti","UF":"MA"},"geometry":{"type":"Polygon","coordinates":[[[-42.85596869999995,-4.079439599999944],[-43.208811999999966,-4.018405799999925],[-43.197697699999935,-3.7829973999999424],[-43.12332429999998,-3.690031699999963],[-42.721693399999936,-3.8843702999999437],[-42.73146389999994,-3.918776899999955],[-42.78130489999995,-3.9545581999999513],[-42.794107199999985,-3.99219039999997],[-42.81402319999995,-3.9920982999999524],[-42.82215499999995,-3.9995995999999536],[-42.84492549999993,-4.037424699999974],[-42.85596869999995,-4.079439599999944]]]}},{"id":"489","type":"Feature","properties":{"COD_IBGE":"2102309","MUNICIPIO":"Buriti Bravo","UF":"MA"},"geometry":{"type":"Polygon","coordinates":[[[-43.90450009999995,-6.004762099999937],[-44.03286499999996,-5.89682849999997],[-44.04515289999995,-5.87715019999996],[-44.06382049999996,-5.8696387999999615],[-44.07416479999995,-5.850735999999927],[-44.07531129999995,-5.816159299999981],[-44.052483999999936,-5.797467899999958],[-44.032329499999946,-5.792237399999976],[-44.02423909999993,-5.765613799999926],[-43.97489329999996,-5.738911499999972],[-43.97189399999996,-5.723905299999956],[-43.94993069999998,-5.709247799999957],[-43.913119999999935,-5.652663999999959],[-43.89807949999994,-5.648721999999964],[-43.886594799999955,-5.58983969999997],[-43.84679629999994,-5.57491529999993],[-43.823757899999976,-5.5493483999999285],[-43.78573229999995,-5.561558599999955],[-43.75909909999996,-5.58988839999995],[-43.73908839999996,-5.582556499999953],[-43.731461199999956,-5.5913377999999625],[-43.713423699999964,-5.587870499999951],[-43.708312199999966,-5.59540439999995],[-43.669012099999975,-5.597270799999933],[-43.66637599999996,-5.631505799999957],[-43.65085629999993,-5.636545999999953],[-43.63889999999998,-5.654479599999945],[-43.61399699999998,-5.662512199999981],[-43.60282349999994,-5.675783499999966],[-43.60617629999996,-5.688955399999941],[-43.594964199999936,-5.689756699999975],[-43.58631049999997,-5.706338999999957],[-43.60609929999998,-5.73756839999993],[-43.65545099999997,-5.76532919999994],[-43.70272719999997,-5.7800099999999475],[-43.70645699999994,-5.79683289999997],[-43.71682019999997,-5.802374999999927],[-43.71327899999994,-5.818834399999957],[-43.728778199999965,-5.8474963999999545],[-43.70936219999993,-5.844089899999972],[-43.69828359999997,-5.860533099999941],[-43.67339289999995,-5.866683499999965],[-43.670149599999945,-5.887282899999946],[-43.68465359999993,-5.911634799999945],[-43.69556679999994,-5.915090699999951],[-43.695252799999935,-5.933157699999981],[-43.70810959999994,-5.94690339999994],[-43.703683199999944,-5.953880899999945],[-43.738950699999975,-5.98226939999995],[-43.74912399999994,-5.977386499999966],[-43.80334209999995,-5.990713199999959],[-43.825534699999935,-6.005743799999948],[-43.82551629999995,-5.995253099999957],[-43.84340729999997,-5.995859499999938],[-43.84444019999995,-6.003667599999972],[-43.90450009999995,-6.004762099999937]]]}},{"id":"490","type":"Feature","properties":{"COD_IBGE":"2102325","MUNICIPIO":"Buriticupu","UF":"MA"},"geometry":{"type":"Polygon","coordinates":[[[-46.47969089999998,-4.784552899999937],[-46.460436699999946,-4.759182499999952],[-46.46791059999998,-4.737376299999937],[-46.48609959999993,-4.7226673999999775],[-46.48088869999998,-4.692427799999962],[-46.49296679999998,-4.673118699999975],[-46.47604699999994,-4.65160979999996],[-46.489706799999965,-4.620430499999941],[-46.49603929999995,-4.56416269999994],[-46.48099899999994,-4.547774699999934],[-46.49809949999997,-4.495718499999953],[-46.490873299999976,-4.47397239999998],[-46.50684789999997,-4.44451799999996],[-46.493196799999964,-4.426593099999934],[-46.50549969999997,-4.378668699999935],[-46.488435799999934,-4.318535399999973],[-46.49406499999998,-4.28873109999995],[-46.47534799999994,-4.277010399999938],[-46.48543569999998,-4.2512861999999245],[-46.47838129999997,-4.2312813999999435],[-46.47947999999997,-4.184861399999932],[-46.45015619999998,-4.168803599999933],[-46.43630489999998,-4.14795909999998],[-46.43697489999994,-4.132872099999929],[-46.37298389999995,-4.08580859999995],[-46.35849849999994,-4.055095799999947],[-46.30268899999993,-4.01985609999997],[-46.28903269999995,-4.019492499999956],[-46.27273699999995,-3.9917435999999498],[-46.248621199999945,-3.988276599999949],[-46.24360589999998,-4.001841099999979],[-46.22574539999994,-4.010102699999948],[-46.21283509999995,-4.049539799999934],[-46.267484199999956,-4.129005499999948],[-46.27514639999998,-4.163854299999969],[-46.28449809999995,-4.171991699999978],[-46.282920099999956,-4.2253107999999315],[-46.299393099999975,-4.2476601999999275],[-46.292006699999945,-4.278816799999959],[-46.264577299999985,-4.307694399999946],[-46.24093779999998,-4.373776599999928],[-46.223374399999955,-4.3904024999999365],[-46.23292939999993,-4.445330699999943],[-46.21724829999994,-4.469847799999968],[-46.203081199999986,-4.471642999999972],[-46.19320079999994,-4.511727299999961],[-46.15910489999993,-4.560495699999933],[-46.17805059999995,-4.60026309999995],[-46.20927029999996,-4.623680799999931],[-46.22890209999997,-4.624991399999942],[-46.202693299999964,-4.750283799999977],[-46.131983299999945,-4.790202499999964],[-46.132048199999986,-4.797561499999972],[-46.115092699999934,-4.800436199999979],[-46.08939349999997,-4.854617299999973],[-46.46498239999994,-4.850966899999946],[-46.46230189999994,-4.842396199999939],[-46.47226429999995,-4.842310699999928],[-46.47422849999998,-4.820476999999926],[-46.484352299999955,-4.808765699999981],[-46.47969089999998,-4.784552899999937]]]}},{"id":"491","type":"Feature","properties":{"COD_IBGE":"2102358","MUNICIPIO":"Buritirana","UF":"MA"},"geometry":{"type":"Polygon","coordinates":[[[-47.174539799999934,-5.451622999999927],[-47.045096899999976,-5.402894899999978],[-46.97983819999996,-5.368384299999946],[-46.947351599999934,-5.365009699999973],[-46.92680079999997,-5.353534399999944],[-46.905889499999944,-5.355005999999946],[-46.90138129999997,-5.415857099999926],[-46.92535549999997,-5.44575199999997],[-46.91980639999997,-5.451743799999974],[-46.930604399999936,-5.4548531999999454],[-46.93258579999997,-5.502788799999962],[-46.94619799999998,-5.5117349999999306],[-46.94891889999997,-5.573674399999959],[-46.95630799999998,-5.586603899999943],[-46.94359289999994,-5.599088399999971],[-46.94720479999995,-5.610216499999979],[-46.93875769999994,-5.611618799999974],[-46.947666899999945,-5.6274715999999785],[-47.08601989999994,-5.672310699999969],[-47.13577499999997,-5.648294499999963],[-47.159325199999955,-5.598560999999961],[-47.18015339999994,-5.583101899999974],[-47.186393599999974,-5.590362499999969],[-47.19882919999998,-5.577824899999939],[-47.20955219999996,-5.585155199999974],[-47.224342399999955,-5.568245299999944],[-47.23798409999995,-5.566936899999973],[-47.24467519999996,-5.552329099999952],[-47.252616699999976,-5.558361799999943],[-47.25247839999997,-5.543898399999932],[-47.266709299999945,-5.54927779999997],[-47.27270619999996,-5.539647699999932],[-47.280674199999964,-5.540837099999976],[-47.25557479999998,-5.511666299999945],[-47.24095909999994,-5.513601499999936],[-47.23553799999996,-5.495920399999932],[-47.174539799999934,-5.451622999999927]]]}},{"id":"492","type":"Feature","properties":{"COD_IBGE":"2102374","MUNICIPIO":"Cachoeira Grande","UF":"MA"},"geometry":{"type":"Polygon","coordinates":[[[-44.042860099999984,-3.0431736999999544],[-44.05504289999993,-3.0399046999999655],[-44.05754959999996,-3.029725199999973],[-44.078092099999935,-3.032937499999946],[-44.07769319999994,-3.01765249999994],[-44.088437699999986,-3.0216439999999807],[-44.06197789999993,-2.9824294999999665],[-44.06113749999997,-2.9703746999999794],[-44.07416009999997,-2.96492429999995],[-44.068359699999974,-2.9525359999999523],[-44.07387419999998,-2.9489820999999665],[-44.05943979999995,-2.932893599999943],[-44.06503309999994,-2.9296935999999505],[-44.05805849999996,-2.921525499999973],[-44.061393399999986,-2.8998549999999454],[-44.05345169999998,-2.8936091999999576],[-44.029762699999935,-2.9045074999999656],[-44.02150939999996,-2.9233581999999387],[-44.028003199999944,-2.9477651999999352],[-44.008273799999984,-2.9620897999999443],[-43.998761799999954,-2.9871762999999305],[-43.901616299999944,-3.031978199999969],[-43.88723559999994,-3.0492781999999465],[-43.86070639999997,-3.0626121999999327],[-43.776275099999964,-3.0875998999999297],[-43.75502119999993,-3.1267239999999674],[-43.754359499999964,-3.1717449999999303],[-43.76019279999997,-3.182970399999931],[-44.029141299999935,-3.291157299999952],[-44.03004919999995,-3.255239299999971],[-44.04183759999995,-3.241154399999971],[-44.033007699999985,-3.225306299999943],[-44.04392519999993,-3.2099254999999403],[-44.03154559999996,-3.1873326999999563],[-44.00682849999998,-3.1851778999999283],[-44.01381799999996,-3.171610699999974],[-44.00851589999996,-3.15948439999994],[-43.997914299999934,-3.1589023999999313],[-43.99434759999997,-3.1428582999999435],[-44.001705999999956,-3.143618099999969],[-43.99312159999994,-3.1186305999999604],[-44.01586199999997,-3.1008981999999605],[-43.98602299999993,-3.08044069999994],[-44.00272669999998,-3.061494399999958],[-44.033799699999975,-3.0714549999999576],[-44.040074699999934,-3.04989379999995],[-44.05210889999995,-3.049393499999951],[-44.042860099999984,-3.0431736999999544]]]}},{"id":"493","type":"Feature","properties":{"COD_IBGE":"2102408","MUNICIPIO":"Cajapió","UF":"MA"},"geometry":{"type":"MultiPolygon","coordinates":[[[[-44.63254939999996,-2.8527532999999607],[-44.65197349999994,-2.892980899999941],[-44.655249399999946,-2.886776599999962],[-44.73363009999997,-2.886365699999942],[-44.73859729999998,-2.875182299999949],[-44.754737499999976,-2.8881161999999563],[-44.783960699999966,-2.895752699999946],[-44.793066599999975,-2.8711856999999554],[-44.78042829999998,-2.8489465999999766],[-44.78653579999997,-2.8200535999999374],[-44.81924299999997,-2.799224899999956],[-44.672707199999934,-2.7906194999999343],[-44.651378799999975,-2.802880699999946],[-44.63254939999996,-2.8527532999999607]]],[[[-44.47603369999996,-2.732518999999968],[-44.482110699999964,-2.8080101999999556],[-44.47902039999997,-2.957860299999936],[-44.56091829999997,-3.0225311999999462],[-44.58277769999995,-3.0318233999999507],[-44.59206089999998,-3.0151756999999293],[-44.641552599999955,-2.9726827999999728],[-44.61386939999994,-2.950552699999946],[-44.60076049999998,-2.9049775999999383],[-44.58961659999994,-2.8948398999999654],[-44.58030789999998,-2.859403499999928],[-44.58805229999996,-2.8187003999999547],[-44.53634949999997,-2.7538599999999747],[-44.50595709999993,-2.72893339999996],[-44.48848309999994,-2.7237890999999763],[-44.47603369999996,-2.732518999999968]]],[[[-44.587818099999936,-2.8739346999999498],[-44.590968799999985,-2.872983399999953],[-44.58800789999998,-2.866674199999977],[-44.587818099999936,-2.8739346999999498]]],[[[-44.66369019999996,-2.9783921999999734],[-44.66710739999996,-2.9718279999999595],[-44.661681999999985,-2.956895999999972],[-44.65928279999997,-2.9724045999999475],[-44.66369019999996,-2.9783921999999734]]],[[[-44.663586899999984,-2.9448255999999446],[-44.66432179999998,-2.9283220999999457],[-44.64080029999997,-2.9148320999999555],[-44.640056699999946,-2.9235636999999315],[-44.663586899999984,-2.9448255999999446]]],[[[-44.62926749999997,-2.9430344999999534],[-44.62847179999994,-2.932984799999929],[-44.62107679999997,-2.9263332999999534],[-44.623088999999936,-2.9376183999999625],[-44.62926749999997,-2.9430344999999534]]],[[[-44.54811239999998,-3.0450845999999387],[-44.56986899999998,-3.0536354999999276],[-44.59163739999997,-3.040934499999935],[-44.57387049999994,-3.044391399999938],[-44.54811239999998,-3.0450845999999387]]]]}},{"id":"494","type":"Feature","properties":{"COD_IBGE":"2102507","MUNICIPIO":"Cajari","UF":"MA"},"geometry":{"type":"Polygon","coordinates":[[[-45.04946759999996,-3.511935899999969],[-45.015524099999936,-3.5357084999999415],[-45.03135789999993,-3.5710454999999683],[-45.05808029999997,-3.5722966999999244],[-45.10602719999997,-3.557567899999981],[-45.12266519999997,-3.567260899999951],[-45.118451499999935,-3.528488799999934],[-45.129741199999955,-3.508618399999932],[-45.10453249999995,-3.4855624999999577],[-45.10725999999994,-3.475414599999965],[-45.09480119999995,-3.4718981999999414],[-45.09774369999997,-3.4603942999999617],[-45.088909899999976,-3.4685557999999332],[-45.088682999999946,-3.4506909999999493],[-45.08151719999995,-3.45931029999997],[-45.07414389999997,-3.452475799999945],[-45.08496709999997,-3.4378136999999356],[-45.078396199999986,-3.4286385999999425],[-45.08352299999996,-3.420333699999958],[-45.27170529999995,-3.3924517999999466],[-45.262276199999974,-3.3799693999999363],[-45.25468449999994,-3.3213163999999438],[-45.21517189999997,-3.3322005999999647],[-45.12995809999995,-3.326522499999953],[-45.086815799999954,-3.2729457999999454],[-45.03312729999993,-3.239363399999945],[-45.01629429999997,-3.2985541999999555],[-45.02367919999995,-3.3114678999999683],[-44.99348999999995,-3.3351171999999565],[-44.97021349999994,-3.33006869999997],[-44.95338019999997,-3.3404733999999507],[-44.93716189999998,-3.330121599999927],[-44.94679659999997,-3.315644099999929],[-44.93876579999994,-3.314224299999978],[-44.94196789999995,-3.2859913999999435],[-44.93951619999996,-3.2940587999999593],[-44.928157399999975,-3.2924039999999763],[-44.93215449999997,-3.3009777999999415],[-44.92076909999997,-3.3074311999999395],[-44.896379999999965,-3.301618099999928],[-44.88385109999996,-3.2835068999999635],[-44.890379999999936,-3.2769331999999736],[-44.87271409999994,-3.283696299999974],[-44.878547699999956,-3.298315299999956],[-44.86220389999994,-3.3291602999999554],[-44.863711999999964,-3.3463605999999686],[-44.88207829999993,-3.3550656999999546],[-44.89217739999998,-3.3519216999999344],[-44.893728599999974,-3.37445809999997],[-44.87785429999997,-3.3833373999999594],[-44.89907729999993,-3.400764299999935],[-44.90021649999994,-3.424786299999937],[-44.92619109999998,-3.4400960999999484],[-44.92848259999994,-3.4613540999999373],[-44.947898599999974,-3.458098399999926],[-44.973598599999946,-3.4284266999999318],[-45.01141199999995,-3.4298837999999705],[-45.012464499999965,-3.4581110999999396],[-45.03022469999996,-3.459069199999931],[-45.03289579999995,-3.4811434999999733],[-45.044356799999946,-3.489893699999925],[-45.04139889999993,-3.5006654999999682],[-45.04946759999996,-3.511935899999969]]]}},{"id":"495","type":"Feature","properties":{"COD_IBGE":"2102556","MUNICIPIO":"Campestre do Maranhão","UF":"MA"},"geometry":{"type":"Polygon","coordinates":[[[-47.35078409999994,-6.243537099999969],[-47.38074569999998,-6.250022599999966],[-47.416597199999956,-6.1778231999999775],[-47.433106899999984,-6.11213349999997],[-47.430229699999984,-6.068352799999957],[-47.42208199999993,-6.084953999999925],[-47.39762299999995,-6.078661499999953],[-47.39038449999998,-6.086224699999946],[-47.35962799999993,-6.080002099999945],[-47.33966209999994,-6.086024399999928],[-47.33426119999996,-6.075493499999936],[-47.31246809999993,-6.070694699999933],[-47.285100899999975,-6.100738399999955],[-47.28018469999995,-6.09539099999995],[-47.250456199999974,-6.100887899999975],[-47.23822979999994,-6.115173499999969],[-47.20611889999998,-6.11787529999998],[-47.18515929999995,-6.105676199999948],[-47.15993119999996,-6.1100942999999575],[-47.15217709999996,-6.122024199999942],[-47.144253499999934,-6.120626299999969],[-47.14320029999993,-6.130398499999956],[-47.13457349999993,-6.128717699999925],[-47.12533679999996,-6.149219799999969],[-47.11698699999994,-6.1475701999999615],[-47.11202059999994,-6.15631639999998],[-47.08857309999996,-6.153668899999957],[-47.082354899999984,-6.1685368999999355],[-47.065049699999975,-6.171006099999943],[-47.069177699999955,-6.182617199999925],[-47.04323199999993,-6.197514999999953],[-47.093685999999934,-6.213961999999981],[-47.11766099999994,-6.234540999999979],[-47.26969139999994,-6.287567299999978],[-47.30232079999996,-6.251352699999927],[-47.32194689999994,-6.2552839999999605],[-47.35078409999994,-6.243537099999969]]]}},{"id":"496","type":"Feature","properties":{"COD_IBGE":"2102606","MUNICIPIO":"Cândido Mendes","UF":"MA"},"geometry":{"type":"MultiPolygon","coordinates":[[[[-45.62883839999995,-2.1593253999999433],[-45.638918399999966,-2.1975126999999475],[-45.65753559999996,-2.1495177999999555],[-45.66065149999997,-2.103101299999935],[-45.67638869999996,-2.0602879999999573],[-45.67242479999993,-2.0259070999999267],[-45.696869499999934,-1.9678680999999756],[-45.74144099999995,-1.9293866999999523],[-45.787896899999964,-1.9094656999999415],[-45.819548199999986,-1.8384280999999305],[-45.88401789999995,-1.791862599999945],[-45.870959899999946,-1.783083799999929],[-45.86773189999997,-1.7654320999999413],[-45.874982399999965,-1.7546508999999446],[-45.849315099999956,-1.7156433999999763],[-45.85148609999993,-1.698100899999929],[-45.86134099999998,-1.6965145999999436],[-45.86011309999998,-1.6811087999999472],[-45.84221119999995,-1.656758899999943],[-45.82184159999997,-1.6472819999999615],[-45.81802279999994,-1.617533499999979],[-45.828196599999956,-1.6084001999999487],[-45.81306069999994,-1.5818334999999593],[-45.80649509999995,-1.5838800999999307],[-45.81162959999995,-1.5693750999999452],[-45.78440939999996,-1.5807209999999259],[-45.76318599999996,-1.560096299999941],[-45.77583189999996,-1.5301517999999419],[-45.76548369999995,-1.4445036999999274],[-45.70387559999995,-1.3945118999999409],[-45.68624629999994,-1.3972741999999698],[-45.697172499999965,-1.386247899999944],[-45.69356849999997,-1.3702056999999286],[-45.667631599999936,-1.367956799999945],[-45.67691329999997,-1.3782037999999375],[-45.663815899999975,-1.3693591999999626],[-45.63071779999996,-1.367509499999926],[-45.61415929999998,-1.3335183999999458],[-45.621207099999936,-1.3102448999999297],[-45.61675229999997,-1.285517499999969],[-45.59370759999996,-1.2667203999999401],[-45.58541709999997,-1.2790689999999358],[-45.59899369999994,-1.2995842999999354],[-45.59210609999997,-1.302437199999929],[-45.549724699999956,-1.276003699999933],[-45.54499249999998,-1.3013777999999547],[-45.53113369999994,-1.3091093999999543],[-45.517792499999985,-1.3022459999999683],[-45.52678549999996,-1.3587695999999596],[-45.51559979999996,-1.3774389999999244],[-45.50340229999995,-1.3761380999999346],[-45.47592139999995,-1.324838199999931],[-45.44605279999996,-1.311802299999954],[-45.461058899999955,-1.3056783999999766],[-45.45244949999994,-1.2946388999999385],[-45.415874299999984,-1.2962636999999404],[-45.407493399999964,-1.32475409999995],[-45.422131999999976,-1.3535206999999332],[-45.43486189999993,-1.3511132999999518],[-45.45077329999998,-1.3684632999999735],[-45.47497599999997,-1.3720071999999277],[-45.48680719999993,-1.4197913999999514],[-45.48060349999997,-1.4546518999999307],[-45.488981799999976,-1.4707817999999406],[-45.47554089999994,-1.4798472999999603],[-45.48037139999997,-1.491843099999926],[-45.50659989999997,-1.4976051999999527],[-45.60157429999998,-1.5594121999999402],[-45.712009999999964,-1.770193499999948],[-45.62228019999998,-1.9506845999999314],[-45.63972409999997,-1.965297899999939],[-45.65141909999994,-2.00091539999994],[-45.62883839999995,-2.1593253999999433]]],[[[-45.53593909999995,-1.2279826999999273],[-45.578075499999954,-1.2307636999999545],[-45.59593449999994,-1.2417992999999683],[-45.580422699999986,-1.2211092999999664],[-45.58051739999996,-1.198005999999964],[-45.572681099999954,-1.1918743999999606],[-45.539347299999974,-1.2052158999999278],[-45.53593909999995,-1.2279826999999273]]],[[[-45.57000259999995,-1.2613479999999413],[-45.569624499999975,-1.2704797999999755],[-45.574507799999935,-1.2737769999999387],[-45.576057599999956,-1.2622052999999482],[-45.57000259999995,-1.2613479999999413]]],[[[-45.491264299999955,-1.348231099999964],[-45.491303399999936,-1.343090699999948],[-45.48700539999993,-1.3396966999999336],[-45.48673059999993,-1.3405991999999287],[-45.491264299999955,-1.348231099999964]]],[[[-45.49738709999997,-1.359617299999968],[-45.50062269999995,-1.3530479999999443],[-45.495920799999965,-1.3462074999999345],[-45.49738709999997,-1.359617299999968]]]]}},{"id":"497","type":"Feature","properties":{"COD_IBGE":"2102705","MUNICIPIO":"Cantanhede","UF":"MA"},"geometry":{"type":"Polygon","coordinates":[[[-44.40369549999997,-3.69354809999993],[-44.408942699999955,-3.706513799999925],[-44.42768159999997,-3.7121996999999283],[-44.46015139999997,-3.66479709999993],[-44.44573749999995,-3.629471799999976],[-44.452462099999934,-3.5617837999999438],[-44.400286499999936,-3.5302934999999707],[-44.39790889999995,-3.5379736999999523],[-44.08506849999998,-3.531887299999937],[-44.06667829999998,-3.5587791999999467],[-44.050674399999934,-3.561371299999962],[-44.03634939999995,-3.6476917999999614],[-44.04120979999993,-3.652598599999976],[-44.02923439999995,-3.67860799999994],[-44.04821439999995,-3.704012599999942],[-44.097807699999976,-3.623421399999927],[-44.13647659999998,-3.62944669999996],[-44.13961949999998,-3.648344599999973],[-44.15467649999994,-3.6519040999999675],[-44.18357189999995,-3.6960165999999504],[-44.20531779999993,-3.714918599999976],[-44.20868109999998,-3.707307799999967],[-44.261908999999946,-3.693747099999939],[-44.27739999999994,-3.7060332999999446],[-44.29356689999997,-3.702808399999981],[-44.28123459999995,-3.7263670999999476],[-44.26333979999998,-3.725411999999949],[-44.27153989999994,-3.7385024999999246],[-44.26028619999994,-3.7562540999999783],[-44.27551139999997,-3.7706245999999624],[-44.37834809999998,-3.6914495999999417],[-44.40369549999997,-3.69354809999993]]]}},{"id":"498","type":"Feature","properties":{"COD_IBGE":"2102754","MUNICIPIO":"Capinzal do Norte","UF":"MA"},"geometry":{"type":"Polygon","coordinates":[[[-44.30181289999996,-4.845471199999963],[-44.352170899999976,-4.807507599999951],[-44.354061299999955,-4.779752899999949],[-44.40610289999995,-4.744401299999936],[-44.41863929999994,-4.7205328999999665],[-44.45039049999997,-4.697230999999931],[-44.39703339999994,-4.6653232999999545],[-44.406868799999984,-4.656985599999928],[-44.41518659999997,-4.616559999999936],[-44.38745979999993,-4.606064999999944],[-44.38082479999997,-4.583053099999972],[-44.360198999999966,-4.579153099999928],[-44.34757199999996,-4.55821839999993],[-44.196051299999965,-4.52762789999997],[-44.21658189999994,-4.547287099999949],[-44.23087049999998,-4.593383599999925],[-44.220298699999944,-4.605414799999949],[-44.23396889999998,-4.621727999999962],[-44.226642599999934,-4.64561139999995],[-44.20420809999996,-4.657824699999935],[-44.20862099999994,-4.67458709999994],[-44.19921499999998,-4.691137499999968],[-44.19759439999996,-4.729336699999976],[-44.25387889999996,-4.816151499999933],[-44.284362699999974,-4.824633099999971],[-44.30181289999996,-4.845471199999963]]]}},{"id":"499","type":"Feature","properties":{"COD_IBGE":"2102804","MUNICIPIO":"Carolina","UF":"MA"},"geometry":{"type":"Polygon","coordinates":[[[-47.58839139999998,-7.442628499999955],[-47.57738249999994,-7.416702599999951],[-47.507177199999944,-7.3845492999999465],[-47.48349579999996,-7.365120599999955],[-47.47820239999993,-7.336753699999974],[-47.48832199999998,-7.311820399999931],[-47.50384489999993,-7.290094599999975],[-47.54289769999997,-7.26538359999995],[-47.60012259999996,-7.2667339999999285],[-47.62701109999995,-7.300823699999967],[-47.64771209999998,-7.304122899999925],[-47.691009099999974,-7.238298499999928],[-47.73745789999998,-7.216865599999949],[-47.74982579999994,-7.195261699999946],[-47.74941269999994,-7.172694499999977],[-47.738454399999966,-7.156021799999962],[-47.704734299999984,-7.13585919999997],[-47.660374899999965,-7.1513680999999565],[-47.644455999999934,-7.143611599999929],[-47.59723269999995,-7.063400999999942],[-47.57478199999997,-7.050337799999966],[-47.54829349999994,-7.018893599999956],[-47.528869199999974,-6.977206899999942],[-47.52606999999995,-6.936133599999948],[-47.50615209999995,-6.901121699999976],[-47.50703919999995,-6.8720100999999545],[-47.519374099999936,-6.838733899999966],[-47.51102899999995,-6.845154199999968],[-47.49435459999995,-6.8390068999999585],[-47.49199559999994,-6.847539499999925],[-47.486188599999934,-6.842415099999926],[-47.48841749999997,-6.851895299999967],[-47.477512899999965,-6.850549699999931],[-47.45491409999994,-6.87594809999996],[-47.39773169999995,-6.9071506999999315],[-47.38885709999994,-6.929370699999936],[-47.35067449999997,-6.936055999999951],[-47.323661399999935,-6.953447399999959],[-47.31274559999997,-6.95015589999997],[-47.274423199999944,-6.984452699999963],[-47.23827959999994,-6.981949999999927],[-47.21610899999996,-6.989562199999966],[-47.18847519999997,-6.980436499999939],[-47.15120509999997,-7.004427999999962],[-47.13570859999993,-6.992955999999936],[-47.125497999999936,-7.00816889999993],[-47.107116099999985,-7.0079500999999595],[-47.093823199999974,-7.0211084999999684],[-47.07987159999993,-7.016379299999926],[-47.05828759999997,-7.02717679999995],[-47.03465349999993,-7.017008199999964],[-47.014247799999964,-7.022318899999959],[-46.99722719999994,-7.015386399999954],[-46.993082399999935,-7.024904099999958],[-46.98430719999993,-7.023435499999948],[-46.98062079999994,-7.011569299999962],[-46.95344989999995,-7.03188229999995],[-46.94342029999996,-7.018689699999925],[-46.92209049999997,-7.030344999999954],[-46.91055989999995,-7.01901399999997],[-46.88542309999997,-7.017802699999947],[-46.88361269999996,-7.026103999999975],[-46.868397899999934,-7.03264409999997],[-46.86487129999995,-7.046081999999956],[-46.841645599999936,-7.062129599999935],[-46.779258099999936,-7.079446799999971],[-46.76738999999998,-7.09739929999995],[-46.77492209999997,-7.129034999999931],[-46.72994709999995,-7.160279699999933],[-46.72678709999997,-7.1913092999999435],[-46.71046299999995,-7.209870899999942],[-46.70499429999995,-7.2308490999999435],[-46.714380999999946,-7.236759899999981],[-46.92665309999995,-7.216132099999925],[-46.96945249999993,-7.242878399999938],[-46.98950529999996,-7.277448799999945],[-46.97419189999994,-7.302030599999966],[-46.97125159999996,-7.343851599999937],[-46.98300909999995,-7.354818699999953],[-47.02361989999997,-7.365629199999944],[-47.02663959999995,-7.382479099999955],[-47.08747749999998,-7.406507399999953],[-47.10620119999993,-7.428132299999959],[-47.12528039999995,-7.520897699999978],[-47.144312499999955,-7.543696599999976],[-47.200300899999945,-7.580684099999928],[-47.20406989999998,-7.606090199999926],[-47.22035939999995,-7.632440299999928],[-47.20488579999994,-7.641789699999947],[-47.200671299999954,-7.632543999999939],[-47.20167759999998,-7.644704399999966],[-47.18741419999998,-7.6520024999999805],[-47.18500529999994,-7.6369344999999385],[-47.18279389999998,-7.6441535999999815],[-47.15210639999998,-7.65286459999993],[-47.15070339999994,-7.6632344999999304],[-47.10890699999993,-7.648478499999953],[-47.09615739999998,-7.666912299999979],[-47.08664729999998,-7.648486199999979],[-47.048409299999946,-7.653084499999977],[-47.050248899999985,-7.669470299999944],[-47.03429339999997,-7.685491999999954],[-47.03568059999998,-7.698037399999976],[-47.00318539999995,-7.7041783999999325],[-46.98861569999997,-7.697390599999949],[-46.97917819999998,-7.709219799999971],[-46.97235299999994,-7.697309399999938],[-46.971673099999975,-7.704769899999974],[-46.95472109999997,-7.710319699999957],[-46.950995199999966,-7.698444299999949],[-46.950050799999985,-7.712747499999978],[-46.931319299999984,-7.718398299999933],[-46.91957389999993,-7.712386699999968],[-46.91022239999995,-7.726266899999928],[-46.89986609999994,-7.727183299999979],[-46.893976899999984,-7.747829299999978],[-46.84130639999995,-7.73148139999995],[-46.830119199999956,-7.746325999999954],[-46.80422399999998,-7.74647189999996],[-46.79447799999997,-7.788085599999931],[-46.803922299999954,-7.804220999999927],[-46.833899299999985,-7.8223517999999785],[-46.830897799999946,-7.8396549999999365],[-46.846502999999984,-7.88034179999994],[-46.80663329999993,-7.951029799999958],[-46.84043819999994,-7.965889799999957],[-46.85846339999995,-7.959465499999965],[-46.866519299999936,-7.969501599999944],[-46.87253949999996,-7.955174599999964],[-46.89604159999993,-7.986063099999967],[-46.91784859999996,-7.981857899999966],[-46.920763299999976,-7.995536199999947],[-46.95369009999996,-8.006051699999944],[-46.953737099999955,-8.025957299999959],[-46.96618929999994,-8.033413499999938],[-46.96351029999994,-8.040214599999956],[-46.98937909999995,-8.047612699999945],[-46.99858809999995,-8.067091799999957],[-47.002695399999936,-8.05772479999996],[-47.00938499999995,-8.062454399999979],[-47.04558559999998,-8.053090699999927],[-47.06753599999996,-7.998052199999961],[-47.07507419999996,-8.000170199999957],[-47.08470449999993,-7.987703199999942],[-47.10747199999997,-7.990323899999964],[-47.09885639999993,-7.979842799999972],[-47.10778589999995,-7.969412499999976],[-47.10363719999998,-7.954042699999945],[-47.113751099999945,-7.958810599999936],[-47.117522399999984,-7.952230899999961],[-47.108290299999965,-7.936886999999956],[-47.117673199999956,-7.939077999999938],[-47.122153699999956,-7.921829999999943],[-47.142997099999945,-7.924769699999956],[-47.143204099999934,-7.8951785999999515],[-47.15702779999998,-7.893772899999931],[-47.176548399999945,-7.871627499999931],[-47.18133899999998,-7.8616724999999406],[-47.17572579999995,-7.855997499999944],[-47.18771269999996,-7.8586616999999706],[-47.18922429999998,-7.842266399999971],[-47.198643999999945,-7.849384999999927],[-47.20737569999994,-7.833777099999963],[-47.23547529999996,-7.823751799999968],[-47.230650999999966,-7.816243899999961],[-47.245505899999955,-7.815957099999935],[-47.24721619999997,-7.808873799999958],[-47.23575299999993,-7.8042996999999446],[-47.24812769999994,-7.800402899999938],[-47.24077909999994,-7.794343399999946],[-47.25562819999993,-7.763656699999956],[-47.24659289999994,-7.758174399999973],[-47.26718059999996,-7.760668899999928],[-47.260690899999986,-7.7429056999999375],[-47.27399369999995,-7.74571009999994],[-47.27502409999994,-7.730398899999955],[-47.31395029999993,-7.730818099999965],[-47.31616739999998,-7.717509599999971],[-47.306267899999966,-7.713437899999974],[-47.31727159999997,-7.702353899999935],[-47.30335659999997,-7.702656099999956],[-47.30298989999994,-7.690246399999978],[-47.33167109999994,-7.685440099999937],[-47.33874939999998,-7.666904099999954],[-47.31493279999995,-7.660037899999963],[-47.35812519999996,-7.61602419999997],[-47.37413759999998,-7.6240227999999775],[-47.352561399999956,-7.641786299999978],[-47.35378499999996,-7.648131199999966],[-47.38227879999994,-7.65459809999993],[-47.38840709999994,-7.632468299999971],[-47.383017999999936,-7.600389399999926],[-47.405156799999986,-7.587196399999925],[-47.39908929999996,-7.569127699999967],[-47.43997499999995,-7.555999799999938],[-47.426628999999934,-7.5434004999999615],[-47.42510859999993,-7.5285590999999386],[-47.46108949999996,-7.518363099999931],[-47.475122699999986,-7.5338985999999295],[-47.480507099999954,-7.49150469999995],[-47.497281699999974,-7.479477899999949],[-47.50152499999996,-7.439794899999981],[-47.52849189999995,-7.433539699999926],[-47.56283389999993,-7.450633499999981],[-47.58839139999998,-7.442628499999955]]]}},{"id":"500","type":"Feature","properties":{"COD_IBGE":"2102903","MUNICIPIO":"Carutapera","UF":"MA"},"geometry":{"type":"MultiPolygon","coordinates":[[[[-46.06642069999998,-1.162468399999966],[-46.053485199999955,-1.1316235999999549],[-46.03850849999998,-1.1729993999999806],[-46.04606159999997,-1.1211407999999778],[-46.01991129999993,-1.0822288999999614],[-46.00319979999995,-1.076963899999953],[-45.99464569999998,-1.0530146999999488],[-45.97054289999994,-1.051545199999964],[-45.96663369999993,-1.063300799999979],[-45.978384999999946,-1.0610979999999586],[-45.98445179999993,-1.065975499999979],[-45.97698509999998,-1.0654728999999747],[-45.96782609999997,-1.0872213999999758],[-45.98366199999998,-1.1114025999999626],[-45.961658099999966,-1.1116885999999795],[-45.96425119999998,-1.1397055999999566],[-45.95139629999994,-1.1435185999999362],[-45.95960999999994,-1.1588508999999476],[-45.954156799999964,-1.1614199999999641],[-45.957763099999966,-1.1951371999999765],[-45.94725269999998,-1.2023779999999533],[-45.896954799999946,-1.1182167999999706],[-45.88691789999996,-1.0818347999999673],[-45.87039199999998,-1.0734414999999444],[-45.87615959999994,-1.0678464999999733],[-45.87154959999998,-1.0525305999999546],[-45.85555949999997,-1.0515133999999762],[-45.844939899999986,-1.0692728999999304],[-45.85018379999997,-1.1019851999999446],[-45.86494789999995,-1.1083211999999776],[-45.86470269999995,-1.1306538999999702],[-45.89958919999998,-1.1497829999999567],[-45.912074899999936,-1.1663412999999423],[-45.905953299999965,-1.1718612999999323],[-45.881848599999955,-1.1488699999999312],[-45.87102059999995,-1.1534571999999343],[-45.88386609999998,-1.1784008999999287],[-45.86842049999996,-1.1718282999999587],[-45.87524909999996,-1.1926123999999731],[-45.862262499999986,-1.181187199999954],[-45.868245299999955,-1.205278499999963],[-45.848451799999964,-1.2134280999999305],[-45.84945509999994,-1.2291987999999492],[-45.88715169999995,-1.2655556999999362],[-45.884816299999954,-1.284428699999978],[-45.90508769999997,-1.29097059999998],[-46.016269299999976,-1.523629299999925],[-46.02411059999997,-1.5185986999999272],[-46.03418289999996,-1.6668770999999651],[-46.05612739999998,-1.7414465999999607],[-46.06862609999996,-1.7275128999999652],[-46.06279489999997,-1.6943332999999257],[-46.06847839999995,-1.677094699999941],[-46.09261449999997,-1.6761215999999308],[-46.108650299999965,-1.645231699999954],[-46.16128409999993,-1.6228477999999313],[-46.14691819999996,-1.6104413999999565],[-46.154931799999986,-1.5937364999999772],[-46.13362719999998,-1.5786921999999777],[-46.14408409999993,-1.5178301999999348],[-46.176334199999985,-1.4749424999999405],[-46.139784099999986,-1.4438751999999795],[-46.14027269999997,-1.4328354999999533],[-46.15414999999996,-1.4225772999999435],[-46.14173859999994,-1.4121235999999726],[-46.13020679999994,-1.3768543999999565],[-46.11603629999996,-1.3671821999999452],[-46.10372259999997,-1.3372858999999266],[-46.128936299999964,-1.3342571999999677],[-46.12913179999998,-1.312469799999974],[-46.14730909999997,-1.3094409999999357],[-46.15923179999993,-1.28775109999998],[-46.15884089999997,-1.274658899999963],[-46.14007729999997,-1.2476925999999366],[-46.14926359999998,-1.2260020999999597],[-46.13304089999997,-1.210369299999968],[-46.07708239999994,-1.196243099999947],[-46.07503879999996,-1.1609983999999258],[-46.067971099999966,-1.150389299999972],[-46.06642069999998,-1.162468399999966]]],[[[-46.015332299999955,-1.0780775999999719],[-46.014278899999965,-1.072024699999929],[-46.00948239999997,-1.0725827999999638],[-46.01017419999994,-1.0758243999999308],[-46.015332299999955,-1.0780775999999719]]],[[[-45.89299009999996,-1.1522485999999503],[-45.904456599999946,-1.163580799999977],[-45.89240119999994,-1.150481099999979],[-45.89299009999996,-1.1522485999999503]]],[[[-45.95348889999997,-1.1872218999999404],[-45.95613919999994,-1.1870406999999545],[-45.95355399999994,-1.182737999999972],[-45.95348889999997,-1.1872218999999404]]]]}},{"id":"501","type":"Feature","properties":{"COD_IBGE":"2103000","MUNICIPIO":"Caxias","UF":"MA"},"geometry":{"type":"Polygon","coordinates":[[[-43.03907069999997,-4.9273840999999265],[-43.043341399999974,-5.075579699999935],[-43.063291299999946,-5.081059299999936],[-43.09520119999996,-5.068240399999979],[-43.11106939999996,-5.071506199999931],[-43.132423899999935,-5.08667319999995],[-43.13236449999994,-5.107218199999977],[-43.14257229999998,-5.115664099999947],[-43.20595649999996,-5.143160299999977],[-43.22908549999994,-5.143224999999973],[-43.228976899999964,-5.182330899999954],[-43.265862599999934,-5.206072399999925],[-43.352077399999985,-5.191579699999977],[-43.451030499999945,-5.223663099999953],[-43.436586999999975,-5.2737063999999805],[-43.44742249999996,-5.2883990999999355],[-43.52857849999998,-5.227181899999948],[-43.56702489999998,-5.230192199999976],[-43.70092669999997,-5.2984440999999265],[-43.71350199999995,-5.3116531999999665],[-43.81541389999995,-5.284531099999981],[-43.80256459999998,-5.28515509999994],[-43.78067609999994,-5.2710804999999255],[-43.76128609999995,-5.202008299999932],[-43.72969459999996,-5.198532099999966],[-43.72480319999994,-5.183205899999962],[-43.66622789999997,-5.151977099999954],[-43.639229599999965,-5.113358299999959],[-43.62114679999996,-5.119975699999941],[-43.59361819999998,-5.112192899999968],[-43.61045589999998,-5.077413899999954],[-43.54917519999998,-4.988159099999962],[-43.54686829999997,-4.968103799999938],[-43.565005499999984,-4.878693299999952],[-43.60287729999993,-4.881428799999981],[-43.66728619999998,-4.849107299999957],[-43.71301689999996,-4.863754799999981],[-43.74412149999995,-4.8446433999999385],[-43.75601389999997,-4.855118499999946],[-43.76873109999997,-4.851291699999933],[-43.77016219999996,-4.842438399999935],[-43.79539859999994,-4.832721099999958],[-43.793912499999976,-4.825098699999955],[-43.78130629999998,-4.8249867999999765],[-43.80235659999994,-4.819731199999978],[-43.808676799999944,-4.803949999999929],[-43.824543999999946,-4.796201899999971],[-43.840534299999945,-4.761522299999967],[-43.700471999999934,-4.7315944999999715],[-43.653198299999985,-4.754701299999965],[-43.63226139999995,-4.739794699999948],[-43.61100579999993,-4.687109699999951],[-43.58892119999996,-4.661738999999955],[-43.55443219999995,-4.67667119999993],[-43.500334099999975,-4.683514299999956],[-43.48042049999998,-4.648493799999926],[-43.45205989999994,-4.645897299999945],[-43.42013639999993,-4.62928119999998],[-43.398275199999944,-4.629745199999945],[-43.36643399999997,-4.64354899999995],[-43.336321699999985,-4.671848599999976],[-43.30412659999996,-4.681411899999944],[-43.299013499999944,-4.6934534999999755],[-43.28280639999997,-4.694499899999926],[-43.253589499999975,-4.717322299999978],[-43.239869099999964,-4.694707299999948],[-43.21192419999994,-4.676613999999972],[-43.20409019999994,-4.629419599999949],[-43.13414419999998,-4.562536299999977],[-43.121975299999974,-4.509697199999948],[-43.08267239999998,-4.4461555999999405],[-42.93405299999995,-4.382446099999925],[-42.88000969999996,-4.415867799999944],[-42.87108539999997,-4.430021199999942],[-42.87799979999994,-4.459604099999979],[-42.853597599999944,-4.4743221999999605],[-42.85039829999994,-4.484460599999977],[-42.852169799999956,-4.505970899999966],[-42.87508759999997,-4.536517099999969],[-42.86652329999998,-4.566295799999978],[-42.872973299999956,-4.58168749999993],[-42.916168899999946,-4.6514333999999735],[-42.95291439999994,-4.682894699999963],[-42.94704819999998,-4.703019099999949],[-42.92467119999998,-4.71912709999998],[-42.92085979999996,-4.732080599999961],[-42.926234799999975,-4.75068269999997],[-42.94899479999998,-4.766424799999925],[-42.94793029999994,-4.788567099999966],[-42.93864619999994,-4.809212699999932],[-42.89740519999998,-4.842614399999945],[-42.889841299999944,-4.89471199999997],[-43.03907069999997,-4.9273840999999265]]]}},{"id":"502","type":"Feature","properties":{"COD_IBGE":"2103109","MUNICIPIO":"Cedral","UF":"MA"},"geometry":{"type":"MultiPolygon","coordinates":[[[[-44.48125369999997,-1.9868996999999808],[-44.53555499999993,-2.0196476999999504],[-44.56718409999996,-2.016349299999945],[-44.58870399999995,-2.03794199999993],[-44.61591529999998,-2.035123399999975],[-44.621355999999935,-2.042959999999937],[-44.62753719999995,-2.037474599999939],[-44.62810949999994,-2.0467866999999274],[-44.638026199999956,-2.0445005999999353],[-44.64270739999995,-2.058321899999953],[-44.659111199999984,-2.0648665999999594],[-44.72131849999994,-2.075037899999927],[-44.712860999999975,-2.0594763999999373],[-44.68319139999994,-2.05242329999993],[-44.71243679999998,-2.026882099999966],[-44.72197579999994,-1.9751882999999566],[-44.69778839999998,-1.9679502999999272],[-44.69645239999994,-1.9892021999999656],[-44.678648399999986,-1.9826153999999292],[-44.652225999999985,-1.9904087999999547],[-44.63252279999995,-1.9829626999999732],[-44.616139199999964,-1.9683690999999612],[-44.63797329999994,-1.9441466999999761],[-44.62096449999996,-1.931365299999925],[-44.62242979999996,-1.9224461999999676],[-44.598992899999985,-1.8958361999999624],[-44.57766529999998,-1.8903285999999753],[-44.56480179999994,-1.8962763999999765],[-44.52931289999998,-1.878937199999939],[-44.51557349999996,-1.8844810999999595],[-44.489180499999975,-1.9570587999999702],[-44.49476889999994,-1.9640326999999616],[-44.51134069999995,-1.9581408999999326],[-44.48125369999997,-1.9868996999999808]]],[[[-44.53954999999996,-2.0200924999999756],[-44.53860929999996,-2.023053999999945],[-44.54147789999996,-2.0209883999999647],[-44.53954999999996,-2.0200924999999756]]]]}},{"id":"503","type":"Feature","properties":{"COD_IBGE":"2103125","MUNICIPIO":"Central do Maranhão","UF":"MA"},"geometry":{"type":"Polygon","coordinates":[[[-44.934889099999964,-2.23344359999993],[-44.867332999999974,-2.163247199999944],[-44.87139049999996,-2.1450563999999304],[-44.85816239999997,-2.125117899999964],[-44.835491899999965,-2.149748099999954],[-44.797009499999945,-2.1513243999999645],[-44.796779199999946,-2.178251599999953],[-44.78395629999994,-2.1868541999999707],[-44.79897269999998,-2.222163299999977],[-44.794944999999984,-2.2334189999999694],[-44.78108199999997,-2.249989399999947],[-44.75580169999995,-2.2443150999999375],[-44.73171189999994,-2.251836399999945],[-44.73992539999995,-2.2609615999999733],[-44.75512949999995,-2.258259599999974],[-44.76977169999998,-2.285487699999976],[-44.798938299999975,-2.3033973999999375],[-44.81751769999994,-2.2987377999999694],[-44.84514669999993,-2.31490969999993],[-44.84593899999993,-2.3285844999999767],[-44.86903799999993,-2.3377174999999397],[-44.862846299999944,-2.3578593999999384],[-44.89830969999997,-2.38481459999997],[-44.92344259999993,-2.3607703999999785],[-44.93488479999996,-2.3295731999999703],[-44.934889099999964,-2.23344359999993]]]}},{"id":"504","type":"Feature","properties":{"COD_IBGE":"2103158","MUNICIPIO":"Centro do Guilherme","UF":"MA"},"geometry":{"type":"Polygon","coordinates":[[[-46.03199189999998,-2.4359137999999803],[-46.031237199999964,-2.4611103999999386],[-46.047857499999964,-2.4714281999999343],[-46.04938869999995,-2.512149499999964],[-46.06883629999993,-2.558468699999935],[-46.06074609999996,-2.5629904999999553],[-46.06662559999995,-2.5740460999999755],[-46.05355099999997,-2.5850595999999655],[-46.05812279999998,-2.628063299999951],[-46.069451399999934,-2.65527579999997],[-46.06337289999993,-2.6604566999999406],[-46.06771039999995,-2.6676417999999558],[-46.05625699999996,-2.675332399999945],[-46.02581209999994,-2.6817287999999735],[-46.182394699999975,-2.6815403999999603],[-46.20529959999993,-2.645374699999934],[-46.23278559999994,-2.6318727999999396],[-46.25159169999995,-2.610173399999951],[-46.24434219999995,-2.587640399999941],[-46.25737829999997,-2.5701499999999555],[-46.259789299999966,-2.544592899999941],[-46.27907769999996,-2.50987379999998],[-46.28245319999996,-2.4862454999999386],[-46.228927899999974,-2.461652899999933],[-46.228244899999936,-2.430422999999962],[-46.19005969999995,-2.372239699999966],[-46.17926029999995,-2.2880574999999794],[-46.159137999999984,-2.2602163999999334],[-46.147654899999964,-2.222747399999946],[-46.12978719999995,-2.229656499999976],[-46.077170199999955,-2.156586999999945],[-46.05140869999997,-2.1444927999999663],[-46.020941499999935,-2.158188799999948],[-45.998144099999934,-2.1574335999999334],[-46.00210679999998,-2.169858599999941],[-45.99241079999996,-2.1726059999999734],[-46.005214999999964,-2.212053199999957],[-45.99682629999995,-2.225166799999954],[-45.99450059999998,-2.255731399999945],[-45.997371699999974,-2.2806551999999556],[-46.00767949999994,-2.2956790999999725],[-46.00959149999994,-2.3417760999999473],[-45.99735689999994,-2.365043999999955],[-46.01680449999998,-2.4279913999999394],[-46.03199189999998,-2.4359137999999803]]]}},{"id":"505","type":"Feature","properties":{"COD_IBGE":"2103174","MUNICIPIO":"Centro Novo do Maranhão","UF":"MA"},"geometry":{"type":"Polygon","coordinates":[[[-46.43008359999993,-2.4959589999999707],[-46.440051799999935,-2.4818018999999367],[-46.43242909999998,-2.4654965999999376],[-46.44058929999994,-2.4524130999999443],[-46.44215299999996,-2.419411099999934],[-46.40941429999998,-2.371371199999942],[-46.413225599999976,-2.3641942999999515],[-46.43189159999997,-2.3644872999999507],[-46.45627459999997,-2.3867499999999495],[-46.46736669999996,-2.376350999999943],[-46.464288299999964,-2.3633643999999663],[-46.43164729999995,-2.334803099999931],[-46.43242909999998,-2.2971110999999382],[-46.41591319999998,-2.2691343999999276],[-46.43052339999997,-2.235200299999974],[-46.41063589999993,-2.2287551999999664],[-46.39612329999994,-2.2467232999999283],[-46.38224599999995,-2.2490181999999663],[-46.36436189999995,-2.2277297999999632],[-46.34721069999995,-2.2219681999999352],[-46.33235609999997,-2.1909138999999413],[-46.28329689999998,-2.1543900999999437],[-46.300887899999964,-2.141792099999975],[-46.27210709999997,-2.117572399999972],[-46.26927299999994,-2.090666699999929],[-46.27757989999998,-2.079337799999962],[-46.272009399999945,-2.052968499999963],[-46.058766899999966,-2.050899299999969],[-46.098832899999934,-2.092709799999966],[-46.10823549999998,-2.1346726999999532],[-46.15092519999996,-2.1947099999999296],[-46.137502799999936,-2.200805399999979],[-46.159137999999984,-2.2602163999999334],[-46.17926029999995,-2.2880574999999794],[-46.19005969999995,-2.372239699999966],[-46.228244899999936,-2.430422999999962],[-46.228927899999974,-2.461652899999933],[-46.28245319999996,-2.4862454999999386],[-46.27907769999996,-2.50987379999998],[-46.259789299999966,-2.544592899999941],[-46.25737829999997,-2.5701499999999555],[-46.24434219999995,-2.587640399999941],[-46.25159169999995,-2.610173399999951],[-46.23278559999994,-2.6318727999999396],[-46.20529959999993,-2.645374699999934],[-46.182394699999975,-2.6815403999999603],[-46.064407399999936,-2.686344199999951],[-46.07995589999996,-2.714046099999962],[-46.06918639999998,-2.741190599999925],[-46.090813699999956,-2.7836862999999425],[-46.09169209999993,-2.8077641999999514],[-46.13162859999994,-2.8654345999999578],[-46.12256389999993,-2.9072274999999763],[-46.17914919999998,-2.9581743999999617],[-46.190001999999936,-3.0106232999999634],[-46.20621909999994,-3.0305037999999627],[-46.29084569999998,-3.075629499999934],[-46.389140399999974,-3.180034599999942],[-46.40079319999995,-3.2120625999999675],[-46.390813899999955,-3.275151499999936],[-46.39852719999993,-3.346598799999981],[-46.41382859999993,-3.40116919999997],[-46.459498199999985,-3.485753699999975],[-46.475665299999946,-3.4862679999999386],[-46.50340579999994,-3.5027699999999413],[-46.69331539999996,-3.6764185999999768],[-46.70665729999996,-3.7348910999999703],[-46.73864929999996,-3.7851247999999487],[-46.72689169999995,-3.8071352999999704],[-46.72446439999993,-3.8392261999999278],[-46.697227199999986,-3.85768719999993],[-46.70946269999996,-3.8779885999999806],[-46.75738639999997,-3.905053399999929],[-46.761086999999975,-3.975632799999971],[-46.80483689999994,-3.9987387999999555],[-46.843917799999986,-4.003216499999951],[-46.86963599999996,-4.032131299999946],[-46.891746499999954,-4.043999499999927],[-46.90559899999994,-4.083203199999957],[-46.92710349999993,-4.0866470999999365],[-46.91619599999996,-4.0772192999999675],[-46.91251909999994,-4.038309099999935],[-46.918214499999976,-3.99884899999995],[-46.94503519999995,-3.923495799999955],[-46.936066299999936,-3.8795414999999593],[-46.94730489999995,-3.8552852999999345],[-46.95619469999997,-3.805135299999961],[-46.95104159999994,-3.799225999999976],[-46.972063799999944,-3.767287499999952],[-46.973208599999964,-3.7503087999999707],[-46.98039749999998,-3.7461754999999357],[-46.977070399999945,-3.734174499999938],[-46.99264339999996,-3.713451999999961],[-46.99677399999996,-3.717976999999962],[-46.99676899999997,-3.7053429999999707],[-47.02949109999997,-3.6821628999999803],[-47.02423419999997,-3.670852899999943],[-47.03302409999998,-3.643415999999945],[-47.02353089999997,-3.6262278999999467],[-47.032805199999984,-3.603038099999935],[-47.02743049999998,-3.598812099999975],[-47.04140049999995,-3.5907275999999797],[-47.02723729999997,-3.580932999999959],[-47.03952319999996,-3.5736225999999647],[-47.033993399999986,-3.5687034999999696],[-47.038846099999944,-3.562103299999933],[-47.01846589999997,-3.565539499999943],[-47.01847649999996,-3.5485424999999395],[-47.010267399999975,-3.549420399999974],[-47.003768599999944,-3.5342039999999315],[-46.99438669999995,-3.538739699999951],[-46.97569939999994,-3.5297683999999663],[-46.97835939999993,-3.5177192999999534],[-46.96887979999997,-3.5144027999999707],[-46.98231739999994,-3.4949426999999673],[-46.96878209999994,-3.4893824999999765],[-46.959791199999984,-3.4950889999999504],[-46.969075299999986,-3.4736773999999286],[-46.94845479999998,-3.4767989999999713],[-46.956321799999955,-3.461288799999977],[-46.94708659999998,-3.4594352999999387],[-46.95119119999998,-3.4481682999999634],[-46.94205359999995,-3.446509899999967],[-46.95534459999993,-3.438364399999955],[-46.956321799999955,-3.425877699999944],[-46.93990359999998,-3.420853799999975],[-46.94869909999994,-3.40544019999993],[-46.94913889999998,-3.3921725999999808],[-46.93799789999997,-3.396757799999932],[-46.936092299999984,-3.3914409999999293],[-46.94425249999995,-3.3771975999999313],[-46.927883099999974,-3.37763659999996],[-46.91727969999994,-3.361319999999978],[-46.90574789999994,-3.367514999999969],[-46.88986709999995,-3.3353687999999693],[-46.874475099999984,-3.345905499999958],[-46.86778069999997,-3.326929699999937],[-46.85864319999996,-3.342978599999981],[-46.849310199999934,-3.337027399999954],[-46.849212499999965,-3.3183928999999353],[-46.83919539999994,-3.324149099999943],[-46.829911299999935,-3.3114658999999733],[-46.81388399999997,-3.3100511999999753],[-46.812222599999984,-3.3020508999999265],[-46.82658859999998,-3.2979042999999706],[-46.81080559999998,-3.29000149999996],[-46.82008969999998,-3.274049199999979],[-46.802058999999986,-3.2659997999999746],[-46.80616349999997,-3.2440465999999333],[-46.79531579999997,-3.240265699999952],[-46.785909499999946,-3.247242099999937],[-46.77919069999996,-3.2421683999999686],[-46.77853109999995,-3.2168483999999467],[-46.75527189999997,-3.216214099999945],[-46.77154359999997,-3.204066199999943],[-46.758399199999985,-3.1947476999999367],[-46.773058299999946,-3.1785987999999747],[-46.75155829999994,-3.1888443999999367],[-46.74417989999995,-3.17933069999998],[-46.749554899999964,-3.165913699999976],[-46.71994339999998,-3.1534723999999414],[-46.73035139999996,-3.144495099999972],[-46.72937409999997,-3.1281989999999382],[-46.74447299999997,-3.13737169999996],[-46.74813779999994,-3.121856199999968],[-46.73196389999998,-3.124588499999959],[-46.71886839999996,-3.1092191999999272],[-46.71246729999996,-3.1156108999999788],[-46.71647409999997,-3.1263936999999373],[-46.707727499999976,-3.1270767999999407],[-46.70675019999993,-3.1006317999999737],[-46.67650359999993,-3.094142399999953],[-46.68202519999994,-3.074381199999948],[-46.673180799999955,-3.067306199999962],[-46.67733419999996,-3.034272299999941],[-46.66731719999996,-3.029685499999971],[-46.672398999999984,-3.015803099999971],[-46.65881489999998,-3.0108502999999587],[-46.67415809999994,-3.000212699999963],[-46.66848989999994,-2.992795499999943],[-46.649921699999936,-2.996016099999963],[-46.649237599999935,-2.983426399999928],[-46.66296829999993,-2.9746915999999715],[-46.64742959999995,-2.9698117999999454],[-46.64840689999994,-2.9612720999999738],[-46.667610399999944,-2.95468429999994],[-46.67303419999996,-2.945070899999962],[-46.65392849999995,-2.931065399999966],[-46.66262619999998,-2.9032979999999498],[-46.68114559999998,-2.8936109999999644],[-46.68082799999996,-2.8831429999999614],[-46.66844099999997,-2.875944699999934],[-46.63941599999998,-2.8835577999999487],[-46.63462729999998,-2.870527599999946],[-46.63956259999998,-2.871601299999952],[-46.640637599999934,-2.861840799999925],[-46.63555569999994,-2.8685266999999612],[-46.63120689999994,-2.861694399999976],[-46.640002299999935,-2.850908899999979],[-46.62094549999995,-2.8596445999999673],[-46.610977299999945,-2.8552523999999266],[-46.614837499999965,-2.8293863999999758],[-46.589574899999946,-2.8457844999999793],[-46.575697599999955,-2.8415385999999785],[-46.58239199999997,-2.8290935999999647],[-46.58981929999993,-2.8335347999999385],[-46.595780599999955,-2.826311799999928],[-46.59060109999996,-2.819625599999938],[-46.59973859999997,-2.8181125999999495],[-46.60252379999997,-2.7892198999999778],[-46.62529429999995,-2.8065458999999464],[-46.63482279999994,-2.7964430999999763],[-46.63599549999998,-2.755396899999937],[-46.642250099999956,-2.750223399999925],[-46.65187619999995,-2.757202799999959],[-46.65881489999998,-2.741291599999954],[-46.653977399999974,-2.7290406999999277],[-46.67489109999997,-2.7318715999999768],[-46.66756149999998,-2.7266978999999765],[-46.67137289999994,-2.7061981999999603],[-46.66311489999998,-2.6935565999999653],[-46.64718529999993,-2.689944599999933],[-46.65065459999994,-2.680475499999943],[-46.63433409999993,-2.6854540999999585],[-46.63452959999995,-2.6741788999999585],[-46.61859999999996,-2.6653929999999377],[-46.62226479999998,-2.644941099999926],[-46.60609089999997,-2.6394740999999726],[-46.592604499999936,-2.6654905999999414],[-46.57887379999994,-2.6315177999999264],[-46.506848599999955,-2.616873999999939],[-46.509438399999965,-2.5906124999999633],[-46.501766799999984,-2.5809472999999343],[-46.491358799999944,-2.583290399999953],[-46.486961099999974,-2.5723070999999322],[-46.50171789999996,-2.5467768999999407],[-46.48686329999998,-2.5361350999999672],[-46.473572399999966,-2.5465815999999677],[-46.421288199999935,-2.5343288999999345],[-46.42016429999995,-2.5259812999999554],[-46.436582499999986,-2.515241699999933],[-46.43008359999993,-2.4959589999999707]]]}},{"id":"506","type":"Feature","properties":{"COD_IBGE":"2103208","MUNICIPIO":"Chapadinha","UF":"MA"},"geometry":{"type":"Polygon","coordinates":[[[-43.23092249999996,-3.7064141999999265],[-43.21649979999995,-3.7396755999999414],[-43.21480999999994,-3.761377399999958],[-43.201840499999946,-3.765455999999972],[-43.19767889999997,-3.7826309999999808],[-43.20871329999994,-4.018311199999971],[-43.429243499999984,-4.223322399999972],[-43.51568779999997,-4.186746899999946],[-43.594569099999944,-4.2284177999999315],[-43.60231669999996,-4.21506119999998],[-43.59483889999996,-4.2071518999999284],[-43.59834729999994,-4.183460299999979],[-43.58771559999997,-4.157452499999977],[-43.60562399999998,-4.125108499999953],[-43.594555199999945,-4.104919699999925],[-43.60217249999994,-4.043712699999958],[-43.645982999999944,-4.006271799999979],[-43.65556759999998,-4.00763349999994],[-43.68951229999993,-3.9723952999999597],[-43.703290799999934,-3.969502499999976],[-43.72934569999995,-3.935116799999946],[-43.606697699999984,-3.6186726999999337],[-43.44721619999996,-3.316661199999942],[-43.43458319999996,-3.3291871999999785],[-43.43161539999994,-3.3572922999999264],[-43.42308829999996,-3.365347199999974],[-43.43792029999997,-3.406127999999967],[-43.432677799999965,-3.4204072999999653],[-43.44887099999994,-3.432338399999935],[-43.405533899999966,-3.4431059999999434],[-43.40708409999996,-3.494874399999958],[-43.39086589999994,-3.512289199999941],[-43.40175899999997,-3.519091299999957],[-43.401505499999985,-3.5294468999999253],[-43.387530899999945,-3.5503265999999485],[-43.38317139999998,-3.5815473999999767],[-43.39472529999995,-3.593524299999956],[-43.36666699999995,-3.623311699999931],[-43.36760179999993,-3.649640199999965],[-43.340376499999934,-3.661302899999953],[-43.33489399999996,-3.682777099999953],[-43.23092249999996,-3.7064141999999265]]]}},{"id":"507","type":"Feature","properties":{"COD_IBGE":"2103257","MUNICIPIO":"Cidelândia","UF":"MA"},"geometry":{"type":"Polygon","coordinates":[[[-47.726386299999945,-5.22906039999998],[-47.753821399999936,-5.250526699999966],[-47.79778589999995,-5.29657629999997],[-47.81233129999998,-5.321960699999977],[-47.84006679999993,-5.333680399999935],[-47.86023179999995,-5.322919899999931],[-47.87467979999997,-5.270089499999926],[-47.93734859999995,-5.239575199999933],[-47.91120999999998,-5.214592799999934],[-47.91550319999993,-5.198883099999932],[-47.898799199999985,-5.1943928999999684],[-47.89374379999998,-5.175404299999968],[-47.88723679999998,-5.174839999999961],[-47.911168799999984,-5.151728399999968],[-47.94582079999998,-5.088863299999957],[-47.98457279999997,-5.046496399999967],[-47.979900999999984,-5.009532199999967],[-48.019213899999954,-4.936779399999978],[-48.01370199999997,-4.864007899999933],[-48.05836279999994,-4.804159699999957],[-48.02537739999997,-4.7782955999999785],[-47.98006529999998,-4.784772699999962],[-47.91958039999997,-4.829308799999978],[-47.860952699999984,-4.854722699999968],[-47.85531729999997,-4.871032199999945],[-47.83225889999994,-4.88454239999993],[-47.81359979999996,-4.9211890999999355],[-47.80461709999997,-4.9222963999999365],[-47.80662319999993,-4.929396299999951],[-47.77848639999996,-4.945700899999963],[-47.77609739999997,-4.95689509999994],[-47.71723459999998,-4.9864886999999385],[-47.71329119999996,-5.008349399999929],[-47.697231999999985,-5.029629499999942],[-47.55458919999995,-5.095221599999945],[-47.53874739999998,-5.156179799999961],[-47.64446469999996,-5.160802899999965],[-47.661406899999974,-5.168036099999938],[-47.686704299999974,-5.156251499999939],[-47.70462199999997,-5.234495099999947],[-47.726386299999945,-5.22906039999998]]]}},{"id":"508","type":"Feature","properties":{"COD_IBGE":"2103307","MUNICIPIO":"Codó","UF":"MA"},"geometry":{"type":"Polygon","coordinates":[[[-43.90720669999996,-4.326390199999935],[-43.89762949999994,-4.326198399999953],[-43.87317619999993,-4.356483199999957],[-43.835181999999975,-4.345953399999928],[-43.822842099999946,-4.328240799999946],[-43.807951499999945,-4.324748399999976],[-43.75226969999994,-4.241982999999948],[-43.59447559999995,-4.228532199999961],[-43.51568779999997,-4.186746899999946],[-43.42951029999995,-4.222978299999966],[-43.36817149999996,-4.301773599999933],[-43.69600819999994,-4.492481699999928],[-43.70261919999996,-4.490054899999961],[-43.701451599999984,-4.4797214999999255],[-43.71628179999993,-4.481121499999972],[-43.718037299999935,-4.469164599999942],[-43.750615299999936,-4.4688127999999665],[-43.641927099999975,-4.582239499999957],[-43.61400579999997,-4.633771499999966],[-43.59637279999998,-4.642484099999933],[-43.58474179999996,-4.659525799999926],[-43.60547849999995,-4.678157899999974],[-43.64248599999996,-4.750862499999926],[-43.65806319999996,-4.7550339999999665],[-43.700471999999934,-4.7315944999999715],[-43.840534299999945,-4.761522299999967],[-43.82657059999997,-4.788967099999979],[-43.841255099999955,-4.810617799999932],[-43.843035999999984,-4.861622399999931],[-43.85283229999993,-4.882095799999945],[-43.83293059999994,-4.893108299999938],[-43.831016699999964,-4.931712999999945],[-43.84822889999998,-4.944406299999969],[-43.85596489999995,-4.978084499999966],[-43.87090349999994,-5.0006572999999435],[-43.90184149999993,-5.026137899999981],[-43.92589659999993,-5.025935999999945],[-43.95990229999995,-5.050499999999943],[-43.974896599999965,-5.041648499999951],[-43.98707909999996,-5.010732299999972],[-44.02081939999994,-4.98006289999995],[-44.03474829999993,-4.977714699999979],[-44.063607099999956,-4.996992999999975],[-44.07751269999994,-4.985384099999976],[-44.108491399999934,-4.988081699999952],[-44.11301809999998,-4.969929299999933],[-44.142785999999944,-4.964585299999953],[-44.14196339999995,-4.951590799999963],[-44.12603679999995,-4.933840699999962],[-44.11809979999998,-4.9361277999999515],[-44.11309669999997,-4.91056679999997],[-44.12050949999997,-4.90225259999994],[-44.13770489999996,-4.912035199999934],[-44.14778299999995,-4.905660699999942],[-44.17036189999993,-4.912220499999933],[-44.17187549999994,-4.892698899999971],[-44.19417189999996,-4.879015199999969],[-44.20805679999995,-4.8826947999999675],[-44.219087499999944,-4.908905999999945],[-44.24339639999994,-4.906564399999979],[-44.264360899999986,-4.92661529999998],[-44.26896609999994,-4.913077599999951],[-44.29569169999996,-4.9144412999999645],[-44.35792729999997,-4.8949596999999585],[-44.36061959999995,-4.8787121999999385],[-44.34396289999995,-4.847826199999929],[-44.32503989999998,-4.846187999999927],[-44.32254039999998,-4.834575099999938],[-44.30181289999996,-4.845471199999963],[-44.284362699999974,-4.824633099999971],[-44.25387889999996,-4.816151499999933],[-44.19759439999996,-4.729336699999976],[-44.19921499999998,-4.691137499999968],[-44.20862099999994,-4.67458709999994],[-44.20420809999996,-4.657824699999935],[-44.226642599999934,-4.64561139999995],[-44.23396889999998,-4.621727999999962],[-44.220298699999944,-4.605414799999949],[-44.23087049999998,-4.593383599999925],[-44.21658189999994,-4.547287099999949],[-44.196051299999965,-4.52762789999997],[-44.087478499999975,-4.50570399999998],[-44.09348819999997,-4.49475949999993],[-43.936228899999946,-4.334560499999952],[-43.92437229999996,-4.3062470999999505],[-43.90720669999996,-4.326390199999935]]]}},{"id":"509","type":"Feature","properties":{"COD_IBGE":"2103406","MUNICIPIO":"Coelho Neto","UF":"MA"},"geometry":{"type":"Polygon","coordinates":[[[-43.08268749999996,-4.446145999999942],[-43.21261929999997,-4.360022999999956],[-43.21995949999996,-4.305384199999935],[-43.23489859999995,-4.276101299999937],[-43.228398899999945,-4.236824499999955],[-43.23718359999998,-4.201573799999949],[-43.22394019999996,-4.170667699999967],[-43.22589679999993,-4.126649799999939],[-43.233501099999955,-4.115021699999943],[-43.24468939999997,-4.116203999999925],[-43.247436999999934,-4.099417599999981],[-43.26768949999996,-4.075133699999981],[-43.208811999999966,-4.018405799999925],[-43.173888999999974,-4.032934299999965],[-43.16231389999996,-4.060550299999932],[-43.13966809999994,-4.078687299999956],[-43.12731099999996,-4.115667299999927],[-43.11600269999997,-4.11925709999997],[-43.09292039999997,-4.108569999999929],[-43.08075259999998,-4.087592699999959],[-43.06100079999993,-4.084299999999928],[-43.05516989999995,-4.091779299999928],[-43.05983999999995,-4.11889999999994],[-43.04574889999998,-4.165702499999952],[-43.032154299999945,-4.180025399999977],[-42.94275509999994,-4.167263499999933],[-42.98116889999994,-4.210443699999928],[-42.98741219999994,-4.228374899999949],[-42.98145089999997,-4.3001032999999325],[-42.96327349999996,-4.328656299999977],[-42.96288259999994,-4.376112299999932],[-42.94861439999994,-4.385466699999938],[-43.08268749999996,-4.446145999999942]]]}},{"id":"510","type":"Feature","properties":{"COD_IBGE":"2103505","MUNICIPIO":"Colinas","UF":"MA"},"geometry":{"type":"Polygon","coordinates":[[[-44.234249699999964,-6.17274759999998],[-44.31388929999997,-6.025065899999959],[-44.330663999999956,-6.023916099999951],[-44.36284889999996,-6.00238029999997],[-44.388741599999946,-6.0034590999999295],[-44.395627299999944,-6.012575999999967],[-44.41009399999996,-6.004414699999927],[-44.42643409999994,-6.014688899999953],[-44.45067379999995,-5.9966172999999685],[-44.493121299999984,-5.984362099999942],[-44.54477289999994,-5.9974628999999595],[-44.56202899999994,-5.991868499999953],[-44.60150199999998,-6.016973599999972],[-44.602107899999965,-5.828503499999954],[-44.55456469999996,-5.827298699999972],[-44.54142139999993,-5.818944399999964],[-44.53259659999998,-5.84472599999998],[-44.50689709999995,-5.854421099999968],[-44.49743459999996,-5.875389999999925],[-44.47192389999998,-5.861643899999933],[-44.47703379999996,-5.8814027999999325],[-44.45224349999995,-5.916406199999926],[-44.43936139999994,-5.920196199999964],[-44.39403589999995,-5.905182099999934],[-44.34415469999993,-5.91383639999998],[-44.29534109999997,-5.924620599999969],[-44.26627709999997,-5.954508899999951],[-44.15830859999994,-5.912705799999969],[-44.13128909999995,-5.887854899999979],[-44.12315389999998,-5.865191299999935],[-44.11081029999997,-5.873906199999965],[-44.102191999999945,-5.867421699999966],[-44.10177859999993,-5.852818099999979],[-44.08999589999996,-5.843287199999963],[-44.09436709999994,-5.820614099999943],[-44.07531129999995,-5.816159299999981],[-44.07416479999995,-5.850735999999927],[-44.06382049999996,-5.8696387999999615],[-44.04515289999995,-5.87715019999996],[-44.03286499999996,-5.89682849999997],[-43.90450009999995,-6.004762099999937],[-43.92996789999995,-6.038881499999945],[-43.922019199999966,-6.0875526999999465],[-43.93069179999998,-6.09698469999995],[-43.94474729999996,-6.1790955999999255],[-43.95387759999994,-6.1771863999999255],[-43.951980599999956,-6.187430899999981],[-43.95924299999996,-6.192445199999952],[-43.958342899999934,-6.260499299999935],[-43.96654239999998,-6.259517899999935],[-43.98032619999998,-6.284340399999962],[-43.963948399999936,-6.2945803999999725],[-44.09975079999998,-6.351455499999929],[-44.234249699999964,-6.17274759999998]]]}},{"id":"511","type":"Feature","properties":{"COD_IBGE":"2103554","MUNICIPIO":"Conceição do Lago-Açu","UF":"MA"},"geometry":{"type":"Polygon","coordinates":[[[-44.62207979999994,-3.850821099999962],[-44.93317769999993,-3.9162644999999543],[-45.042695099999946,-3.7233611999999425],[-45.03049159999995,-3.7132543999999257],[-45.01034589999995,-3.714764099999968],[-45.00394669999997,-3.7042813999999566],[-44.99893819999994,-3.7127997999999707],[-44.95307279999997,-3.6931760999999597],[-44.92374339999998,-3.710992699999963],[-44.91798739999996,-3.7391053999999713],[-44.928599599999984,-3.751530799999955],[-44.904269099999965,-3.751127699999927],[-44.89782599999995,-3.7405603999999357],[-44.87893559999998,-3.7458305999999766],[-44.86015749999996,-3.7163803999999345],[-44.86635069999994,-3.6946625999999583],[-44.847520299999985,-3.687550999999928],[-44.84562459999995,-3.668634099999963],[-44.81751239999994,-3.6782336999999643],[-44.80482559999996,-3.7054979999999773],[-44.79390859999995,-3.700903599999947],[-44.799098199999946,-3.6952954999999292],[-44.79324019999996,-3.6907273999999575],[-44.790738999999974,-3.7027896999999257],[-44.78124019999996,-3.7046479999999633],[-44.774239499999965,-3.6973522999999773],[-44.77684979999998,-3.6792109999999525],[-44.75617719999997,-3.675927099999967],[-44.75135259999996,-3.6812517999999272],[-44.75837779999995,-3.686100999999951],[-44.72860049999997,-3.6970249999999396],[-44.74232049999995,-3.697918399999935],[-44.73865809999995,-3.7098765999999728],[-44.754013499999985,-3.7194012999999586],[-44.75182399999994,-3.730101099999956],[-44.74157139999994,-3.722967899999958],[-44.73890339999997,-3.73266069999994],[-44.72473869999993,-3.725240299999939],[-44.72440779999994,-3.7370350999999573],[-44.70829549999996,-3.7410357999999633],[-44.71243199999998,-3.7473293999999555],[-44.70218149999994,-3.7563546999999744],[-44.70210119999996,-3.7682424999999284],[-44.68026329999998,-3.7653157999999394],[-44.67485359999995,-3.779449799999952],[-44.65701569999993,-3.785526999999945],[-44.650708399999985,-3.800113299999964],[-44.66251429999994,-3.8064363999999387],[-44.65246149999996,-3.8111032999999566],[-44.656930099999954,-3.819933399999968],[-44.642296699999974,-3.816044399999953],[-44.63443309999997,-3.8328908999999385],[-44.61209149999996,-3.836218199999962],[-44.61015139999995,-3.8477988999999297],[-44.61387359999998,-3.8431437999999503],[-44.62207979999994,-3.850821099999962]]]}},{"id":"512","type":"Feature","properties":{"COD_IBGE":"2103604","MUNICIPIO":"Coroatá","UF":"MA"},"geometry":{"type":"Polygon","coordinates":[[[-44.09348819999997,-4.49475949999993],[-44.18030209999995,-4.336510299999929],[-44.26776669999998,-4.277755099999979],[-44.342758199999935,-4.099956999999961],[-44.446878899999945,-4.129151799999931],[-44.44976669999994,-4.116035999999951],[-44.46049149999993,-4.111195499999951],[-44.454681999999934,-4.09809359999997],[-44.46280139999993,-4.085929599999929],[-44.402087999999935,-4.086038999999971],[-44.399330299999974,-4.066775499999949],[-44.40845509999997,-4.0555497999999375],[-44.40723589999993,-4.043175099999928],[-44.387405799999954,-4.027738499999941],[-44.38315529999994,-3.997346999999934],[-44.35469819999997,-3.9748001999999474],[-44.36762339999996,-3.9317479999999705],[-44.33804279999998,-3.9089607999999316],[-44.34159869999996,-3.894273099999964],[-44.33034649999996,-3.8964067999999656],[-44.31968249999994,-3.8817866999999637],[-44.32293889999994,-3.864473999999973],[-44.19278739999993,-3.929201199999966],[-44.16597319999994,-3.910470299999929],[-44.15549569999996,-3.8368366999999353],[-43.99276379999998,-3.8424360999999294],[-43.938070299999936,-4.000469199999941],[-43.89547739999995,-3.9686743999999408],[-43.998731599999985,-4.252297599999963],[-44.01606359999994,-4.27162809999993],[-44.022262799999964,-4.265248799999938],[-44.03442609999996,-4.279097799999931],[-44.04609309999995,-4.2748381999999765],[-44.06448839999996,-4.293081299999926],[-44.06484389999997,-4.356385199999977],[-44.05176099999994,-4.3839715999999385],[-44.07407869999997,-4.397241799999961],[-44.07207639999996,-4.4022425999999655],[-44.06283049999996,-4.406031499999926],[-44.05542799999995,-4.388369399999931],[-43.93694889999995,-4.334886099999949],[-44.09348819999997,-4.49475949999993]]]}},{"id":"513","type":"Feature","properties":{"COD_IBGE":"2103703","MUNICIPIO":"Cururupu","UF":"MA"},"geometry":{"type":"MultiPolygon","coordinates":[[[[-44.889155899999935,-1.766539899999941],[-44.923936599999934,-1.7179793999999333],[-44.879737699999964,-1.708405599999935],[-44.859718499999985,-1.6982064999999693],[-44.846086799999966,-1.6801020999999423],[-44.82258559999997,-1.6926326999999333],[-44.80874549999993,-1.680612799999949],[-44.80977229999996,-1.665586899999937],[-44.828056799999956,-1.668594799999937],[-44.81404729999997,-1.6448876999999698],[-44.83951119999995,-1.6366186999999286],[-44.85369489999994,-1.6175049999999374],[-44.84107759999995,-1.603026399999976],[-44.835704599999985,-1.572940899999935],[-44.80268689999997,-1.5894385999999372],[-44.77881649999995,-1.578447199999971],[-44.76858329999993,-1.5612937999999303],[-44.76349479999993,-1.594736399999931],[-44.723362399999985,-1.5567240999999399],[-44.70754459999995,-1.5516797999999312],[-44.708892599999956,-1.5806151999999543],[-44.696690599999954,-1.5820132999999714],[-44.682325599999956,-1.5659570999999346],[-44.64329259999994,-1.6050232999999707],[-44.63644599999998,-1.6181048999999348],[-44.66183099999995,-1.6626387999999679],[-44.67500179999996,-1.6413742999999386],[-44.74677719999994,-1.650732699999935],[-44.75320519999997,-1.6678328999999508],[-44.80009299999995,-1.7029968999999596],[-44.78523599999994,-1.7132569999999419],[-44.762738499999955,-1.7045900999999617],[-44.754368099999965,-1.7179918999999586],[-44.73783229999998,-1.7220179999999345],[-44.716472299999964,-1.7133256999999276],[-44.70091579999996,-1.7262435999999752],[-44.70403109999995,-1.740974299999948],[-44.70906579999996,-1.7357558999999583],[-44.759374899999955,-1.7830304999999385],[-44.75722339999993,-1.789355799999953],[-44.72032009999998,-1.7798516999999379],[-44.71489339999994,-1.7903170999999247],[-44.70318379999998,-1.7684632999999508],[-44.680857799999956,-1.7726447999999664],[-44.64604989999998,-1.7651404999999727],[-44.65113539999993,-1.7290860999999609],[-44.65867349999996,-1.7228790999999433],[-44.652522499999975,-1.7154005999999526],[-44.59844709999993,-1.744671599999947],[-44.61737139999997,-1.7594896999999605],[-44.62519179999998,-1.7788315999999327],[-44.62281009999998,-1.8215062999999532],[-44.65795509999998,-1.8370953999999529],[-44.66666279999998,-1.86308159999993],[-44.708794799999964,-1.8768293999999628],[-44.711986699999954,-1.885930099999939],[-44.721150199999954,-1.8858907999999701],[-44.71387939999994,-1.8814040999999406],[-44.71744239999998,-1.874428699999953],[-44.73185849999993,-1.8829098999999587],[-44.72916449999997,-1.8886541999999622],[-44.775086399999964,-1.9422129999999243],[-44.925225599999976,-1.9449225999999271],[-44.91394699999995,-1.9194121999999538],[-44.91513599999996,-1.8798431999999252],[-44.928788699999984,-1.87798719999995],[-44.971194699999955,-1.8446603999999525],[-44.974458599999934,-1.8337597999999389],[-44.92818669999997,-1.8162563999999293],[-44.90433649999994,-1.817555499999969],[-44.889155899999935,-1.766539899999941]]],[[[-44.89837049999994,-1.5305987999999502],[-44.894980799999985,-1.5311752999999726],[-44.89567079999995,-1.5326693999999748],[-44.89837049999994,-1.5305987999999502]]],[[[-44.83054329999993,-1.427716299999929],[-44.844302899999946,-1.489064199999973],[-44.885108799999955,-1.4779086999999436],[-44.872883599999966,-1.4890642999999386],[-44.882211799999936,-1.4899195999999506],[-44.87731779999996,-1.4958231999999612],[-44.89485479999996,-1.5111730999999509],[-44.89022609999995,-1.5163819999999646],[-44.89862309999995,-1.5288461999999754],[-44.90003559999997,-1.5352830999999583],[-44.918265599999984,-1.5390393999999787],[-44.91220579999998,-1.5958195999999703],[-44.90211889999995,-1.6067813999999316],[-44.88988509999996,-1.6035978999999543],[-44.89448939999994,-1.6079561999999328],[-44.92764939999995,-1.6081053999999426],[-44.93832539999994,-1.6032548999999676],[-44.93668279999997,-1.5795287999999346],[-44.953099099999974,-1.5600242999999523],[-44.949302099999954,-1.5347461999999723],[-44.97382699999997,-1.499802299999942],[-44.96919609999998,-1.4778832999999736],[-44.95864229999995,-1.4740502999999308],[-44.94868079999998,-1.4817963999999506],[-44.95487119999996,-1.4912887999999498],[-44.937123499999984,-1.4898734999999306],[-44.920113199999946,-1.4620136999999431],[-44.88683549999996,-1.4420888999999306],[-44.881196099999954,-1.4254510999999752],[-44.886352399999964,-1.4201298999999494],[-44.86044819999995,-1.4112959999999362],[-44.83054329999993,-1.427716299999929]]],[[[-44.97903309999998,-1.3112905999999498],[-45.00172479999998,-1.2920349999999416],[-44.98656609999995,-1.266146499999934],[-44.96080529999995,-1.2717206999999462],[-44.929004099999986,-1.2667718999999806],[-44.878139199999964,-1.2854745999999295],[-44.86692339999996,-1.3287446999999588],[-44.87760099999997,-1.3303527999999574],[-44.89254719999997,-1.3495249999999714],[-44.89448149999998,-1.3376810999999407],[-44.916440799999975,-1.3443728999999394],[-44.94342489999997,-1.3649816999999302],[-44.94723929999998,-1.3789430999999581],[-44.957370899999944,-1.377963999999963],[-44.98914279999997,-1.4015567999999803],[-45.00533559999997,-1.4008203999999296],[-45.02140929999996,-1.3840190999999322],[-45.01407029999996,-1.3494540999999458],[-45.03386199999994,-1.3380292999999597],[-45.02877599999994,-1.3180264999999736],[-45.00507689999995,-1.3250246999999717],[-44.98160729999995,-1.3205151999999316],[-44.97903309999998,-1.3112905999999498]]],[[[-45.03942749999993,-1.3881698999999799],[-45.047247899999945,-1.3972422999999594],[-45.04772499999996,-1.3661900999999261],[-45.03942749999993,-1.3881698999999799]]],[[[-44.87104279999994,-1.4877102999999465],[-44.86975819999998,-1.4885220999999547],[-44.87138229999994,-1.4890629999999305],[-44.87104279999994,-1.4877102999999465]]],[[[-44.86847019999993,-1.4896051999999713],[-44.86671389999998,-1.4930561999999554],[-44.871992499999976,-1.4912954999999783],[-44.86847019999993,-1.4896051999999713]]],[[[-44.829017299999975,-1.5680404999999382],[-44.835796399999936,-1.563675299999943],[-44.83911109999997,-1.5574859999999262],[-44.82659559999996,-1.5590296999999396],[-44.829017299999975,-1.5680404999999382]]],[[[-44.77419159999994,-1.4845811999999796],[-44.79976489999996,-1.5252536999999506],[-44.79372949999998,-1.5353289999999333],[-44.798161999999934,-1.5515048999999408],[-44.80914029999997,-1.5609905999999683],[-44.82855319999993,-1.5558534999999551],[-44.83603919999996,-1.5403087999999343],[-44.809610599999985,-1.5175907999999367],[-44.81340359999996,-1.5056792999999402],[-44.78119409999994,-1.485099899999966],[-44.782054399999936,-1.4786084999999503],[-44.77419159999994,-1.4845811999999796]]],[[[-44.780596499999945,-1.5736592999999743],[-44.78262049999995,-1.576733699999977],[-44.785343599999976,-1.5758565999999519],[-44.780596499999945,-1.5736592999999743]]],[[[-44.76277689999995,-1.4582286999999496],[-44.74232889999996,-1.4926993999999354],[-44.747379499999965,-1.5144645999999398],[-44.79291949999998,-1.5259712999999806],[-44.77218499999998,-1.485859699999935],[-44.79253129999995,-1.4687641999999528],[-44.76277689999995,-1.4582286999999496]]],[[[-44.73191429999997,-1.549097599999925],[-44.74122309999996,-1.5627798999999527],[-44.76260359999998,-1.5800230999999485],[-44.761676799999975,-1.5529657999999245],[-44.75161419999995,-1.5350000999999338],[-44.73700619999994,-1.5366012999999725],[-44.73191429999997,-1.549097599999925]]],[[[-44.72921329999997,-1.6586927999999261],[-44.728267899999935,-1.6725222999999687],[-44.742015299999935,-1.6656871999999794],[-44.72921329999997,-1.6586927999999261]]],[[[-44.745349799999985,-1.6792670999999473],[-44.74711879999995,-1.6772874999999772],[-44.74536699999993,-1.677790699999946],[-44.745349799999985,-1.6792670999999473]]],[[[-44.73165369999998,-1.6882466999999792],[-44.741728499999965,-1.6988695999999663],[-44.75794949999994,-1.6893384999999626],[-44.738472599999966,-1.679091299999925],[-44.73165369999998,-1.6882466999999792]]]]}},{"id":"514","type":"Feature","properties":{"COD_IBGE":"2103752","MUNICIPIO":"Davinópolis","UF":"MA"},"geometry":{"type":"Polygon","coordinates":[[[-47.395621999999946,-5.6457231999999635],[-47.44082019999996,-5.572133999999949],[-47.42966919999998,-5.5533739999999625],[-47.42509209999997,-5.522133899999972],[-47.40776589999996,-5.508714099999963],[-47.39432369999997,-5.520359199999973],[-47.38172169999996,-5.514616099999955],[-47.37329399999993,-5.539402999999936],[-47.36238199999997,-5.537469999999928],[-47.358712999999966,-5.545927999999947],[-47.34992599999998,-5.539658999999972],[-47.34236789999994,-5.554393799999957],[-47.32598839999997,-5.547095399999932],[-47.32526249999995,-5.554540999999972],[-47.315768899999966,-5.555554399999949],[-47.307975699999986,-5.5368733999999336],[-47.295262599999944,-5.545469799999978],[-47.273207499999955,-5.539395699999943],[-47.266709299999945,-5.54927779999997],[-47.25247839999997,-5.543898399999932],[-47.252616699999976,-5.558361799999943],[-47.24467519999996,-5.552329099999952],[-47.23798409999995,-5.566936899999973],[-47.224342399999955,-5.568245299999944],[-47.20955219999996,-5.585155199999974],[-47.198473899999954,-5.5779130999999325],[-47.18975459999996,-5.589760399999932],[-47.18044979999996,-5.582953499999974],[-47.159478899999954,-5.598393099999953],[-47.135918999999944,-5.648129399999959],[-47.11955199999994,-5.6542755999999486],[-47.30291799999998,-5.659034199999951],[-47.32520299999993,-5.638886699999944],[-47.35482939999997,-5.6486026999999694],[-47.37052699999998,-5.639383299999963],[-47.395621999999946,-5.6457231999999635]]]}},{"id":"515","type":"Feature","properties":{"COD_IBGE":"2103802","MUNICIPIO":"Dom Pedro","UF":"MA"},"geometry":{"type":"Polygon","coordinates":[[[-44.312176499999964,-5.018880799999977],[-44.34996049999995,-5.110209299999951],[-44.36725229999996,-5.112848399999962],[-44.39124949999996,-5.103430299999957],[-44.42330899999996,-5.122867299999939],[-44.443690699999934,-5.097705399999938],[-44.45093889999998,-5.105317999999954],[-44.44802899999996,-5.083415499999944],[-44.45542149999994,-5.0806680999999685],[-44.460457099999985,-5.12321559999998],[-44.45504059999996,-5.149293199999931],[-44.48827549999993,-5.127386999999942],[-44.48565069999995,-5.093336699999952],[-44.49739519999997,-5.04077419999993],[-44.48495189999994,-5.017506099999935],[-44.49616159999994,-4.975901699999952],[-44.41170509999995,-4.975747099999978],[-44.41330519999997,-4.950773899999945],[-44.380759299999966,-4.928756999999962],[-44.37534649999998,-4.915002699999945],[-44.358945699999936,-4.905951399999935],[-44.35792729999997,-4.8949596999999585],[-44.30660349999994,-4.9117016999999805],[-44.312176499999964,-5.018880799999977]]]}},{"id":"516","type":"Feature","properties":{"COD_IBGE":"2103901","MUNICIPIO":"Duque Bacelar","UF":"MA"},"geometry":{"type":"Polygon","coordinates":[[[-42.93258709999998,-4.15693239999996],[-42.94275509999994,-4.167263499999933],[-43.032154299999945,-4.180025399999977],[-43.04574889999998,-4.165702499999952],[-43.05983999999995,-4.11889999999994],[-43.05516989999995,-4.091779299999928],[-43.06100079999993,-4.084299999999928],[-43.08075259999998,-4.087592699999959],[-43.09292039999997,-4.108569999999929],[-43.11600269999997,-4.11925709999997],[-43.12731099999996,-4.115667299999927],[-43.13966809999994,-4.078687299999956],[-43.16231389999996,-4.060550299999932],[-43.18050309999995,-4.026603999999963],[-43.00063899999998,-4.050609699999939],[-42.85596869999995,-4.079439599999944],[-42.86974829999997,-4.104101599999979],[-42.90152709999995,-4.118948699999976],[-42.888490899999965,-4.153543399999933],[-42.93258709999998,-4.15693239999996]]]}},{"id":"517","type":"Feature","properties":{"COD_IBGE":"2104008","MUNICIPIO":"Esperantinópolis","UF":"MA"},"geometry":{"type":"Polygon","coordinates":[[[-44.98537819999996,-4.824619699999971],[-44.82078229999996,-4.840118799999971],[-44.762223699999936,-4.878496199999972],[-44.74838619999997,-4.870689099999936],[-44.74839149999997,-4.856416499999966],[-44.723869899999954,-4.847452999999973],[-44.64354369999995,-4.855024999999955],[-44.66338079999997,-4.879713299999935],[-44.67674759999994,-4.875680199999977],[-44.682370799999944,-4.886762099999942],[-44.696256699999935,-4.888042699999971],[-44.70127729999996,-4.905348099999969],[-44.718817799999954,-4.9031660999999644],[-44.731719399999974,-4.912771699999951],[-44.74355049999997,-4.911064999999951],[-44.74208399999998,-4.9169824999999605],[-44.761129299999936,-4.918876999999952],[-44.76449189999994,-4.912935299999958],[-44.781245199999944,-4.929101299999957],[-44.801508199999944,-4.922203099999933],[-44.81000789999996,-4.931309299999953],[-44.86433989999995,-4.9369956999999545],[-44.928665999999964,-4.990126299999929],[-44.93256259999998,-5.014010799999937],[-45.00571269999995,-4.9666930999999295],[-45.03347999999994,-4.956740799999977],[-45.04226429999994,-4.91684319999996],[-45.03127489999997,-4.8959674999999265],[-45.03706579999994,-4.875941299999965],[-44.98537819999996,-4.824619699999971]]]}},{"id":"518","type":"Feature","properties":{"COD_IBGE":"2104057","MUNICIPIO":"Estreito","UF":"MA"},"geometry":{"type":"Polygon","coordinates":[[[-47.46874139999994,-6.863594199999966],[-47.477512899999965,-6.850549699999931],[-47.48841749999997,-6.851895299999967],[-47.486188599999934,-6.842415099999926],[-47.51102899999995,-6.845154199999968],[-47.529645899999934,-6.831389099999967],[-47.51670199999995,-6.790260099999955],[-47.494118699999945,-6.7548331999999505],[-47.49864409999998,-6.671231599999942],[-47.46323169999994,-6.607075799999961],[-47.45649769999994,-6.538274499999943],[-47.425662999999986,-6.4973602999999684],[-47.42421619999993,-6.504574899999966],[-47.405764499999975,-6.497147299999938],[-47.384008499999936,-6.518316499999969],[-47.340575599999966,-6.512807199999941],[-47.34120079999997,-6.521611199999938],[-47.316468999999984,-6.542292399999951],[-47.29970629999997,-6.534349799999973],[-47.270682299999976,-6.563420199999939],[-47.244329999999934,-6.5623864999999455],[-47.23401249999995,-6.579042699999945],[-47.22826729999997,-6.571424599999943],[-47.21883429999997,-6.5784139999999525],[-47.21168069999993,-6.572771499999931],[-47.20560809999995,-6.595176899999956],[-47.196883699999944,-6.5929446999999755],[-47.19473809999994,-6.601572699999963],[-47.170466499999975,-6.612220299999933],[-47.16939689999998,-6.63314029999998],[-47.12356489999996,-6.6622341999999435],[-47.086374699999965,-6.656526099999951],[-47.082419899999934,-6.663906099999963],[-47.04795009999998,-6.672255899999925],[-46.98652759999993,-6.655136499999969],[-46.96606689999993,-6.664283399999931],[-46.961103099999946,-6.680540899999926],[-46.89962319999995,-6.683323199999961],[-46.87659689999998,-6.677087599999936],[-46.85849969999998,-6.703058699999929],[-46.83728469999994,-6.7053059999999505],[-46.84050499999995,-6.722484699999939],[-46.81928759999994,-6.721084299999973],[-46.812088899999935,-6.733818499999927],[-46.81438749999995,-6.74353519999994],[-46.85466999999994,-6.7455525999999395],[-46.866642999999954,-6.756671599999947],[-46.866231099999936,-6.766206199999942],[-46.87863269999997,-6.769561799999963],[-46.89262169999995,-6.8073031999999785],[-46.90781419999996,-6.805650599999979],[-46.92083309999998,-6.8248254999999745],[-46.93061519999998,-6.906601999999964],[-46.920316799999966,-6.924214399999926],[-46.929110899999955,-6.93699179999993],[-46.91091669999997,-6.949872999999968],[-46.91022949999996,-6.96489459999998],[-46.92472679999997,-7.00108849999998],[-46.95186389999998,-7.021785799999975],[-46.95344989999995,-7.03188229999995],[-46.98062079999994,-7.011569299999962],[-46.98325219999998,-7.022504199999958],[-46.993082399999935,-7.024904099999958],[-46.99722719999994,-7.015386399999954],[-47.014247799999964,-7.022318899999959],[-47.03465349999993,-7.017008199999964],[-47.05432629999996,-7.026956999999925],[-47.07987159999993,-7.016379299999926],[-47.093823199999974,-7.0211084999999684],[-47.107116099999985,-7.0079500999999595],[-47.13246699999996,-7.004383799999971],[-47.13570859999993,-6.992955999999936],[-47.15120509999997,-7.004427999999962],[-47.18847519999997,-6.980436499999939],[-47.21610899999996,-6.989562199999966],[-47.23827959999994,-6.981949999999927],[-47.274423199999944,-6.984452699999963],[-47.31274559999997,-6.95015589999997],[-47.323661399999935,-6.953447399999959],[-47.36417359999996,-6.93113649999998],[-47.38734869999996,-6.930327299999931],[-47.39773169999995,-6.9071506999999315],[-47.46874139999994,-6.863594199999966]]]}},{"id":"519","type":"Feature","properties":{"COD_IBGE":"2104073","MUNICIPIO":"Feira Nova do Maranhão","UF":"MA"},"geometry":{"type":"Polygon","coordinates":[[[-46.45104559999993,-7.066450699999962],[-46.537157699999966,-7.112430699999948],[-46.557249999999954,-7.162362499999972],[-46.55172769999996,-7.1887232999999355],[-46.55856939999995,-7.226611199999979],[-46.599509299999966,-7.24857899999995],[-46.72282209999997,-7.279027199999973],[-46.73456969999995,-7.2630523999999355],[-46.77336079999998,-7.25921969999996],[-46.704187299999944,-7.229571599999929],[-46.72678709999997,-7.1913092999999435],[-46.72994709999995,-7.160279699999933],[-46.77492209999997,-7.129034999999931],[-46.76738999999998,-7.09739929999995],[-46.779258099999936,-7.079446799999971],[-46.841645599999936,-7.062129599999935],[-46.86487129999995,-7.046081999999956],[-46.87278109999994,-7.0276620999999295],[-46.884805599999936,-7.025044999999977],[-46.88536709999994,-6.989988099999948],[-46.85548229999995,-6.982753999999943],[-46.86458509999994,-6.959698199999934],[-46.85203599999994,-6.9530138999999735],[-46.838563799999974,-6.930015599999933],[-46.760441199999946,-6.905980399999976],[-46.752755099999945,-6.888652199999967],[-46.74042209999993,-6.89030669999994],[-46.73905999999994,-6.87634369999995],[-46.72736789999993,-6.878179199999977],[-46.732114199999955,-6.872129199999961],[-46.72283909999993,-6.861295299999938],[-46.69692619999995,-6.8576033999999595],[-46.682084299999985,-6.838852599999939],[-46.66144859999997,-6.847601199999929],[-46.64822269999996,-6.8309403999999745],[-46.62175649999995,-6.8203496999999516],[-46.57735939999998,-6.814453899999933],[-46.52591879999994,-6.834510399999942],[-46.499833199999955,-6.86272299999996],[-46.425805099999934,-6.864476699999955],[-46.41608459999998,-6.892458499999975],[-46.425395599999945,-6.90388489999998],[-46.41722639999995,-6.9318750999999565],[-46.37380979999995,-6.920328999999981],[-46.34017329999995,-6.9393969999999285],[-46.40434929999998,-6.99852889999994],[-46.45104559999993,-7.066450699999962]]]}},{"id":"520","type":"Feature","properties":{"COD_IBGE":"2104081","MUNICIPIO":"Fernando Falcão","UF":"MA"},"geometry":{"type":"Polygon","coordinates":[[[-45.27227669999996,-5.997082599999942],[-45.18232829999994,-5.877075799999943],[-45.089706099999944,-5.85257809999996],[-44.92482819999998,-5.789227299999936],[-44.91379759999995,-5.80551399999996],[-44.90973589999993,-5.833211799999958],[-44.84632579999993,-5.908136299999967],[-44.83437619999995,-5.943986699999925],[-44.84654469999998,-5.983336299999962],[-44.79974239999996,-6.117725399999927],[-44.814153499999975,-6.124902999999961],[-44.82476799999995,-6.143388899999934],[-44.84995969999994,-6.152246499999933],[-44.85937859999996,-6.164114099999949],[-44.86698639999997,-6.156769299999951],[-44.874237999999934,-6.162384599999939],[-44.868019999999945,-6.181337499999927],[-44.88163289999994,-6.205621599999972],[-44.89357649999994,-6.209424899999931],[-44.91984889999998,-6.293644099999938],[-44.94896159999996,-6.324536399999943],[-44.95051779999994,-6.33578319999998],[-44.98560579999997,-6.351431399999967],[-45.04396479999997,-6.34421969999994],[-45.07354129999993,-6.352026499999965],[-45.07846459999996,-6.337513899999976],[-45.07255169999996,-6.328343299999972],[-45.087657399999955,-6.32445569999993],[-45.09001939999996,-6.31543419999997],[-45.104015699999934,-6.323132899999962],[-45.14013639999996,-6.30104979999993],[-45.141794499999946,-6.308054299999981],[-45.16465919999996,-6.301960399999928],[-45.17407799999995,-6.313012199999946],[-45.199856799999964,-6.319926899999928],[-45.19804719999996,-6.327510899999936],[-45.207829799999956,-6.330509199999938],[-45.21412899999996,-6.317294899999979],[-45.21941149999998,-6.3271788999999785],[-45.258996399999944,-6.347767799999929],[-45.27985129999996,-6.341904099999965],[-45.26779659999994,-6.361901299999943],[-45.30082399999998,-6.374387799999965],[-45.30274159999993,-6.392830299999957],[-45.32699599999995,-6.395536899999968],[-45.334101799999985,-6.407824799999958],[-45.376129299999945,-6.414302099999929],[-45.39560089999998,-6.431520099999943],[-45.421105799999964,-6.429897599999947],[-45.42738459999998,-6.422667299999944],[-45.467107099999964,-6.421756399999936],[-45.47949579999994,-6.428600699999947],[-45.49779369999993,-6.418862799999943],[-45.516101299999946,-6.436731799999961],[-45.543413499999986,-6.439000399999941],[-45.553966799999955,-6.452851599999974],[-45.587242799999956,-6.4471710999999345],[-45.59299629999998,-6.460530399999925],[-45.62832879999996,-6.477038199999981],[-45.71440149999995,-6.468387399999926],[-45.71288499999997,-6.489310199999977],[-45.729940099999965,-6.518027199999949],[-45.72239529999996,-6.52988739999995],[-45.73919079999996,-6.541949099999954],[-45.75175509999997,-6.567524799999944],[-45.76168039999993,-6.567509199999961],[-45.77778459999996,-6.5890494999999305],[-45.79403949999994,-6.585185299999978],[-45.80894859999995,-6.597247099999947],[-45.84062309999996,-6.600037999999927],[-45.821968399999946,-6.37901839999995],[-45.83937759999998,-6.301621499999953],[-45.829191099999946,-6.276327599999945],[-45.81465929999996,-6.27381459999998],[-45.79199969999996,-6.24917419999997],[-45.794994799999984,-6.237285999999926],[-45.781998199999975,-6.232319399999938],[-45.76263359999996,-6.23780679999993],[-45.74164449999995,-6.202304799999979],[-45.70573489999998,-6.1929856999999515],[-45.662384799999984,-6.166461899999945],[-45.66036819999994,-6.151494999999954],[-45.61533949999995,-6.120244099999979],[-45.613403999999946,-6.106315599999959],[-45.563993799999935,-6.07978959999997],[-45.556620399999986,-6.058820899999944],[-45.52558229999994,-6.021864899999969],[-45.52460339999993,-6.001208799999972],[-45.49447419999996,-5.9902684999999565],[-45.464724399999966,-5.957468899999981],[-45.456499399999984,-5.961398499999973],[-45.431141199999956,-5.946617799999956],[-45.424893199999985,-5.950561099999959],[-45.41151089999994,-5.934917499999926],[-45.40388819999998,-5.941533199999981],[-45.29983549999997,-5.918440799999928],[-45.29385869999993,-5.924005199999954],[-45.29895229999994,-5.93548329999993],[-45.28901349999995,-5.957504999999969],[-45.29138029999996,-5.970509099999958],[-45.27227669999996,-5.997082599999942]]]}},{"id":"521","type":"Feature","properties":{"COD_IBGE":"2104099","MUNICIPIO":"Formosa da Serra Negra","UF":"MA"},"geometry":{"type":"Polygon","coordinates":[[[-46.45096279999996,-6.267442599999981],[-46.06430839999996,-6.245062999999959],[-46.022915499999954,-6.263927199999955],[-46.00069369999994,-6.256227899999942],[-45.97080909999994,-6.258964899999967],[-45.91202499999997,-6.2865699999999265],[-45.886350799999946,-6.343734299999937],[-45.87666199999995,-6.345717799999932],[-45.84696599999995,-6.330391299999974],[-45.83937759999998,-6.301621499999953],[-45.821968399999946,-6.37901839999995],[-45.84062309999996,-6.600037999999927],[-45.85003229999995,-6.600157299999978],[-45.894160099999965,-6.643940399999963],[-45.92602889999995,-6.646750899999972],[-45.93917269999997,-6.63791509999993],[-45.98039109999996,-6.643468399999961],[-45.98943879999996,-6.634894499999973],[-45.98988339999994,-6.648796599999969],[-45.977584099999945,-6.65424969999998],[-45.991368499999965,-6.6618821999999795],[-45.99139399999996,-6.673553599999934],[-46.03087039999997,-6.685062999999957],[-46.04088679999995,-6.695005099999946],[-46.05481919999994,-6.689142299999958],[-46.04209369999995,-6.673550999999975],[-46.05701559999994,-6.672057499999937],[-46.05291209999996,-6.666274899999962],[-46.07178319999997,-6.678205999999932],[-46.06751029999998,-6.685191399999951],[-46.07729789999996,-6.694385899999929],[-46.07910849999996,-6.684688699999981],[-46.088192299999946,-6.685892899999942],[-46.08354209999993,-6.683459599999935],[-46.08492959999995,-6.680493499999955],[-46.10055089999997,-6.682920399999944],[-46.09117749999996,-6.672629499999971],[-46.10737809999995,-6.672197799999935],[-46.10591389999996,-6.666583899999978],[-46.118427199999985,-6.675033499999927],[-46.11945749999995,-6.685251299999948],[-46.13251969999993,-6.688188199999956],[-46.12088199999994,-6.697121999999979],[-46.13411519999994,-6.720354499999928],[-46.14251249999995,-6.70992549999994],[-46.15495079999994,-6.712020099999961],[-46.15101649999997,-6.76771599999995],[-46.212240099999974,-6.773677699999951],[-46.227580699999976,-6.749898899999948],[-46.23888419999997,-6.783522199999936],[-46.23198899999994,-6.793184699999927],[-46.23842389999993,-6.79516289999998],[-46.248086099999966,-6.829103699999962],[-46.240696999999955,-6.850142499999947],[-46.26521319999995,-6.8426520999999525],[-46.27634309999996,-6.853029799999945],[-46.290246699999955,-6.85103909999998],[-46.29598069999997,-6.856534999999951],[-46.29181149999994,-6.876292399999954],[-46.30707359999997,-6.888526899999931],[-46.30226069999998,-6.905385399999943],[-46.345294199999955,-6.912480599999981],[-46.36259469999993,-6.900070099999937],[-46.371153499999934,-6.878522799999928],[-46.36379819999996,-6.871607799999936],[-46.37095919999996,-6.842329199999938],[-46.39075969999993,-6.839425199999937],[-46.39604069999996,-6.82624839999994],[-46.40660349999996,-6.831998799999951],[-46.419935399999986,-6.812926199999936],[-46.451117099999976,-6.796017399999926],[-46.46626809999998,-6.812339099999974],[-46.46485229999996,-6.2816201999999635],[-46.45633109999994,-6.283192199999974],[-46.45802999999995,-6.271341499999949],[-46.45096279999996,-6.267442599999981]]]}},{"id":"522","type":"Feature","properties":{"COD_IBGE":"2104107","MUNICIPIO":"Fortaleza dos Nogueiras","UF":"MA"},"geometry":{"type":"Polygon","coordinates":[[[-46.22475209999993,-7.036892399999942],[-46.341754099999946,-6.998616199999958],[-46.40434929999998,-6.99852889999994],[-46.30226069999998,-6.905385399999943],[-46.30707359999997,-6.888526899999931],[-46.29181149999994,-6.876292399999954],[-46.29505439999997,-6.854048199999966],[-46.27634309999996,-6.853029799999945],[-46.26814939999997,-6.8428206999999475],[-46.240696999999955,-6.850142499999947],[-46.248086099999966,-6.829103699999962],[-46.23842389999993,-6.79516289999998],[-46.23198899999994,-6.793184699999927],[-46.23888419999997,-6.783522199999936],[-46.227580699999976,-6.749898899999948],[-46.212240099999974,-6.773677699999951],[-46.15101649999997,-6.76771599999995],[-46.15495079999994,-6.712020099999961],[-46.14251249999995,-6.70992549999994],[-46.13411519999994,-6.720354499999928],[-46.12088199999994,-6.697121999999979],[-46.13251969999993,-6.688188199999956],[-46.11945749999995,-6.685251299999948],[-46.118427199999985,-6.675033499999927],[-46.10591389999996,-6.666583899999978],[-46.10737809999995,-6.672197799999935],[-46.09117749999996,-6.672629499999971],[-46.10055089999997,-6.682920399999944],[-46.08492959999995,-6.680493499999955],[-46.088192299999946,-6.685892899999942],[-46.07910849999996,-6.684688699999981],[-46.07729789999996,-6.694385899999929],[-46.06751029999998,-6.685191399999951],[-46.07178319999997,-6.678205999999932],[-46.05291209999996,-6.666274899999962],[-46.05701559999994,-6.672057499999937],[-46.04209369999995,-6.673550999999975],[-46.05481919999994,-6.689142299999958],[-46.04088679999995,-6.695005099999946],[-46.03087039999997,-6.685062999999957],[-45.99139399999996,-6.673553599999934],[-45.991368499999965,-6.6618821999999795],[-45.977584099999945,-6.65424969999998],[-45.98988339999994,-6.648796599999969],[-45.98943879999996,-6.634894499999973],[-45.98039109999996,-6.643468399999961],[-45.92851909999996,-6.642584899999974],[-45.93303339999994,-6.6601852999999664],[-45.948076999999955,-6.674022199999968],[-45.85088949999994,-6.721108999999956],[-45.91226519999998,-6.726481299999932],[-45.93018319999993,-6.717667899999981],[-45.94456079999998,-6.723734399999955],[-45.95499399999994,-6.742176299999926],[-45.99344729999996,-6.774434699999972],[-46.00358279999995,-6.803781299999969],[-46.02221029999998,-6.809498299999973],[-46.02713829999993,-6.819907599999965],[-46.002639999999985,-6.846192499999972],[-46.003753899999936,-6.86554179999996],[-45.992642399999966,-6.8800092999999265],[-45.99685949999997,-6.893150299999945],[-45.98438409999994,-6.919440799999961],[-45.991031599999985,-6.9220178999999575],[-45.97886529999994,-6.9351272999999765],[-45.96857159999996,-6.933735899999931],[-45.97105839999995,-6.941898999999978],[-45.94333539999997,-6.948848999999939],[-45.931358899999964,-6.959939099999929],[-45.92228209999996,-6.948149299999955],[-45.90559849999994,-6.956323299999951],[-45.878354799999954,-6.941460099999972],[-45.853593099999955,-6.942049999999938],[-45.848812599999974,-6.95428579999998],[-45.82881199999997,-6.955447299999946],[-45.81881119999997,-6.972953099999927],[-45.85042139999996,-7.0105797999999595],[-45.90727679999998,-7.056522799999925],[-45.91970379999998,-7.05892369999998],[-45.934884899999986,-7.046233299999926],[-45.95911199999995,-7.0507654999999545],[-45.87039139999996,-7.2886042999999745],[-46.07179529999996,-7.159892799999966],[-46.22475209999993,-7.036892399999942]]]}},{"id":"523","type":"Feature","properties":{"COD_IBGE":"2104206","MUNICIPIO":"Fortuna","UF":"MA"},"geometry":{"type":"Polygon","coordinates":[[[-43.959617299999934,-5.497934099999952],[-43.97958079999995,-5.496249299999931],[-44.02071019999994,-5.416525099999944],[-44.02833389999995,-5.4144498999999655],[-44.025161999999966,-5.377604099999928],[-43.866493599999956,-5.473709999999926],[-43.86492069999997,-5.504153299999928],[-43.81676479999993,-5.542652099999941],[-43.84679629999994,-5.57491529999993],[-43.886594799999955,-5.58983969999997],[-43.89807949999994,-5.648721999999964],[-43.913119999999935,-5.652663999999959],[-43.94993069999998,-5.709247799999957],[-43.97189399999996,-5.723905299999956],[-43.97489329999996,-5.738911499999972],[-44.024337799999955,-5.765699499999926],[-44.032690499999944,-5.7925151999999684],[-44.09351929999997,-5.819846299999938],[-44.09088069999996,-5.839786599999968],[-44.23258379999993,-5.7640594999999735],[-44.21739459999998,-5.728012999999976],[-44.20264419999995,-5.715989799999932],[-44.184187399999985,-5.716697999999951],[-44.16239439999998,-5.705920799999944],[-44.14402379999996,-5.671329199999946],[-44.11422649999997,-5.642316599999958],[-44.07714469999996,-5.629130099999941],[-44.05903479999995,-5.608372299999928],[-44.04295719999993,-5.609150799999952],[-44.019146399999954,-5.553560399999981],[-44.02020029999994,-5.5208244999999465],[-44.00868349999996,-5.523092799999972],[-43.99219889999995,-5.5083375999999475],[-43.979273699999965,-5.516766399999938],[-43.97161629999994,-5.540217999999925],[-43.94510939999998,-5.545082399999956],[-43.94205739999995,-5.534582199999932],[-43.959617299999934,-5.497934099999952]]]}},{"id":"524","type":"Feature","properties":{"COD_IBGE":"2104305","MUNICIPIO":"Godofredo Viana","UF":"MA"},"geometry":{"type":"MultiPolygon","coordinates":[[[[-45.806056799999965,-1.3376193999999373],[-45.80190959999993,-1.3268057999999314],[-45.81222699999995,-1.3143588999999452],[-45.83010829999995,-1.314620399999967],[-45.826639899999975,-1.3004958999999303],[-45.83746229999997,-1.2995498999999313],[-45.84768129999998,-1.281303199999968],[-45.817456499999935,-1.2626462999999717],[-45.813025799999934,-1.2501354999999421],[-45.79792319999996,-1.2532686999999783],[-45.77952269999997,-1.2119921999999406],[-45.78060099999993,-1.1931653999999412],[-45.770500599999934,-1.1988432999999645],[-45.76423589999996,-1.1958437999999774],[-45.74242869999995,-1.1406045999999606],[-45.72352159999997,-1.1291685999999572],[-45.725341699999944,-1.1102676999999517],[-45.690908099999945,-1.1486672999999428],[-45.732987599999944,-1.199603399999944],[-45.73821339999995,-1.2201297999999383],[-45.71873309999995,-1.2576473999999394],[-45.69722329999996,-1.2730875999999398],[-45.68687959999994,-1.2722601999999483],[-45.64926299999996,-1.2396565999999325],[-45.64323019999995,-1.1799459999999726],[-45.62775669999996,-1.1328452999999286],[-45.63114359999997,-1.123967999999934],[-45.625745999999936,-1.1264525999999364],[-45.61418579999997,-1.1680396999999516],[-45.61781249999996,-1.180439999999976],[-45.636409199999946,-1.1925334999999677],[-45.64394989999994,-1.2267731999999683],[-45.633493999999985,-1.2457314999999767],[-45.640232899999944,-1.277276699999959],[-45.62769849999995,-1.2839311999999268],[-45.610829199999955,-1.27461059999996],[-45.62127919999995,-1.3080234999999334],[-45.61678509999996,-1.3444967999999449],[-45.63804279999994,-1.3721886999999242],[-45.663815899999975,-1.3693591999999626],[-45.67691329999997,-1.3782037999999375],[-45.667631599999936,-1.367956799999945],[-45.69356849999997,-1.3702056999999286],[-45.697172499999965,-1.386247899999944],[-45.68624629999994,-1.3972741999999698],[-45.70387559999995,-1.3945118999999409],[-45.76548369999995,-1.4445036999999274],[-45.77583189999996,-1.5301517999999419],[-45.76433019999996,-1.5632567999999765],[-45.78440939999996,-1.5807209999999259],[-45.81162959999995,-1.5693750999999452],[-45.80649509999995,-1.5838800999999307],[-45.81306069999994,-1.5818334999999593],[-45.828196599999956,-1.6084001999999487],[-45.93506039999994,-1.5759355999999798],[-45.92383479999995,-1.564867799999945],[-45.91314879999993,-1.5302257999999256],[-45.90105859999994,-1.5175278999999477],[-45.88994699999995,-1.5242023999999788],[-45.87294429999997,-1.4578667999999766],[-45.848105799999985,-1.4279951999999412],[-45.82581219999997,-1.418872199999953],[-45.811901399999954,-1.3940357999999264],[-45.797828799999934,-1.3615621999999803],[-45.806056799999965,-1.3376193999999373]]],[[[-45.76829219999996,-1.1910524999999552],[-45.77342489999995,-1.1943633999999292],[-45.771822499999985,-1.1891597999999703],[-45.76829219999996,-1.1910524999999552]]],[[[-45.69121699999994,-1.2654013999999734],[-45.70943079999995,-1.2442836999999258],[-45.710879699999964,-1.2279568999999242],[-45.68801509999997,-1.1836536999999794],[-45.674327999999946,-1.194041699999957],[-45.67652169999997,-1.2138139999999566],[-45.66729499999997,-1.230191399999967],[-45.670743699999946,-1.2519609999999375],[-45.69121699999994,-1.2654013999999734]]],[[[-45.60487199999994,-1.1511985999999297],[-45.61001649999997,-1.1589182999999252],[-45.608210499999984,-1.150434599999926],[-45.60487199999994,-1.1511985999999297]]],[[[-45.64906939999997,-1.2303216999999336],[-45.65217289999998,-1.2345772999999554],[-45.650395199999934,-1.229101499999956],[-45.64906939999997,-1.2303216999999336]]]]}},{"id":"525","type":"Feature","properties":{"COD_IBGE":"2104404","MUNICIPIO":"Gonçalves Dias","UF":"MA"},"geometry":{"type":"Polygon","coordinates":[[[-43.95990229999995,-5.050499999999943],[-44.00263189999998,-5.164275199999963],[-44.01768089999996,-5.166341099999954],[-44.30679209999994,-5.331268199999954],[-44.346190899999954,-5.277687199999946],[-44.35826049999997,-5.277305699999943],[-44.369791599999985,-5.223666499999979],[-44.34094669999996,-5.195965999999942],[-44.362122599999964,-5.175480799999946],[-44.34457839999993,-5.1624881999999275],[-44.34881619999993,-5.138534399999969],[-44.36429319999996,-5.143400699999972],[-44.36862209999998,-5.137505199999964],[-44.35248599999994,-5.118135299999949],[-44.32735719999994,-5.115812299999959],[-44.27729739999995,-5.092003099999943],[-44.209589499999936,-5.094821199999956],[-44.03474829999993,-4.977714699999979],[-44.02081939999994,-4.98006289999995],[-43.98707909999996,-5.010732299999972],[-43.98342299999996,-5.031326099999944],[-43.95990229999995,-5.050499999999943]]]}},{"id":"526","type":"Feature","properties":{"COD_IBGE":"2104503","MUNICIPIO":"Governador Archer","UF":"MA"},"geometry":{"type":"Polygon","coordinates":[[[-44.17101199999996,-4.910638899999981],[-44.146525199999985,-4.905659399999934],[-44.13770489999996,-4.912035199999934],[-44.12050949999997,-4.90225259999994],[-44.11309669999997,-4.91056679999997],[-44.11809979999998,-4.9361277999999515],[-44.126723899999945,-4.934561899999949],[-44.14362739999996,-4.96343909999996],[-44.11301809999998,-4.969929299999933],[-44.108491399999934,-4.988081699999952],[-44.07751269999994,-4.985384099999976],[-44.06635679999994,-4.993907399999955],[-44.209589499999936,-5.094821199999956],[-44.27729739999995,-5.092003099999943],[-44.34815009999994,-5.122753999999929],[-44.34996049999995,-5.110209299999951],[-44.31244799999996,-5.0241183999999635],[-44.30661259999994,-4.911877499999946],[-44.26896609999994,-4.913077599999951],[-44.26588389999995,-4.925756499999977],[-44.259055599999954,-4.925605299999972],[-44.24339639999994,-4.906564399999979],[-44.21722099999994,-4.907611499999973],[-44.208816799999965,-4.883626599999957],[-44.19417189999996,-4.879015199999969],[-44.17187549999994,-4.892698899999971],[-44.16633429999996,-4.900731199999939],[-44.17101199999996,-4.910638899999981]]]}},{"id":"527","type":"Feature","properties":{"COD_IBGE":"2104552","MUNICIPIO":"Governador Edison Lobão","UF":"MA"},"geometry":{"type":"Polygon","coordinates":[[[-47.38921099999993,-5.644541199999935],[-47.37052699999998,-5.639383299999963],[-47.35482939999997,-5.6486026999999694],[-47.32520299999993,-5.638886699999944],[-47.30291799999998,-5.659034199999951],[-47.116531399999985,-5.65420679999994],[-47.085860699999955,-5.671058199999948],[-47.13456659999997,-5.729472499999929],[-47.169581999999934,-5.738567899999964],[-47.20078829999994,-5.774171799999976],[-47.22189399999996,-5.770192099999974],[-47.228833899999984,-5.775801899999976],[-47.23159579999998,-5.767477699999972],[-47.249346499999945,-5.763131699999974],[-47.24209049999996,-5.770207899999946],[-47.259808599999985,-5.775841399999933],[-47.29211729999997,-5.765980499999955],[-47.294015799999954,-5.775417799999957],[-47.30931529999998,-5.783139399999925],[-47.31762509999993,-5.77624099999997],[-47.31411889999998,-5.7836796999999365],[-47.32762239999994,-5.785602599999947],[-47.31612199999995,-5.801385299999936],[-47.33695659999995,-5.8065707999999745],[-47.356784999999945,-5.825899999999933],[-47.364569899999935,-5.8189219999999295],[-47.36348209999994,-5.826175999999975],[-47.37536759999995,-5.829082699999958],[-47.38378449999993,-5.8089486999999735],[-47.395368099999985,-5.8267366999999695],[-47.39908829999996,-5.812036399999954],[-47.40870019999994,-5.814853899999946],[-47.41142219999995,-5.826015999999981],[-47.42040459999998,-5.818664099999978],[-47.42945499999996,-5.8330084999999485],[-47.44227859999995,-5.830785899999967],[-47.49337449999996,-5.730530699999974],[-47.49309419999997,-5.7100383999999735],[-47.47370449999994,-5.661979699999961],[-47.47968909999997,-5.621709299999964],[-47.45220279999995,-5.6319537999999625],[-47.43820049999994,-5.62878829999994],[-47.43453709999994,-5.643776799999955],[-47.42095089999998,-5.637488899999937],[-47.38921099999993,-5.644541199999935]]]}},{"id":"528","type":"Feature","properties":{"COD_IBGE":"2104602","MUNICIPIO":"Governador Eugênio Barros","UF":"MA"},"geometry":{"type":"Polygon","coordinates":[[[-44.09750049999997,-5.456889199999978],[-44.163485899999955,-5.460332299999948],[-44.16056439999994,-5.446360499999969],[-44.17680989999997,-5.4530787999999575],[-44.18077239999997,-5.445404599999961],[-44.18801639999998,-5.4524904999999535],[-44.18595609999994,-5.4634540999999786],[-44.20694219999996,-5.464216199999953],[-44.30679209999994,-5.331268199999954],[-44.13087729999995,-5.229729499999962],[-44.09512689999997,-5.349442899999929],[-44.05139209999993,-5.330340699999965],[-44.043313499999954,-5.316686899999979],[-44.012280799999985,-5.312151599999936],[-43.951790399999936,-5.33186969999997],[-43.90903709999998,-5.3189325999999255],[-43.87105369999995,-5.321183299999973],[-43.88353369999993,-5.339068099999963],[-43.876429299999984,-5.37154849999996],[-43.88351049999994,-5.385761699999932],[-43.85965129999994,-5.431885499999964],[-43.87348149999997,-5.45304079999994],[-43.86923019999995,-5.473298499999942],[-44.02934869999996,-5.374081799999942],[-44.042421299999944,-5.38832309999998],[-44.05019579999998,-5.38480439999995],[-44.053947499999936,-5.405476799999974],[-44.04065229999998,-5.4138957999999775],[-44.07203199999998,-5.428506899999945],[-44.067867399999955,-5.457481099999939],[-44.076864299999954,-5.467086799999947],[-44.09750049999997,-5.456889199999978]]]}},{"id":"529","type":"Feature","properties":{"COD_IBGE":"2104628","MUNICIPIO":"Governador Luiz Rocha","UF":"MA"},"geometry":{"type":"Polygon","coordinates":[[[-44.067867399999955,-5.457481099999939],[-44.07118839999998,-5.42746649999998],[-44.04065229999998,-5.4138957999999775],[-44.053947499999936,-5.405476799999974],[-44.05019579999998,-5.38480439999995],[-44.042421299999944,-5.38832309999998],[-44.02934869999996,-5.374081799999942],[-44.02833389999995,-5.4144498999999655],[-44.02071019999994,-5.416525099999944],[-43.97958079999995,-5.496249299999931],[-43.959617299999934,-5.497934099999952],[-43.94205739999995,-5.534582199999932],[-43.94510939999998,-5.545082399999956],[-43.97161629999994,-5.540217999999925],[-43.979273699999965,-5.516766399999938],[-43.99219889999995,-5.5083375999999475],[-44.00868349999996,-5.523092799999972],[-44.02020029999994,-5.5208244999999465],[-44.019146399999954,-5.553560399999981],[-44.04295719999993,-5.609150799999952],[-44.05903479999995,-5.608372299999928],[-44.07714469999996,-5.629130099999941],[-44.11422649999997,-5.642316599999958],[-44.14402379999996,-5.671329199999946],[-44.16451099999995,-5.707639299999926],[-44.18256869999993,-5.676772199999959],[-44.182844399999965,-5.6609273999999346],[-44.13759189999996,-5.615407599999969],[-44.12288309999997,-5.5887325999999575],[-44.14442909999997,-5.552118499999949],[-44.144563699999935,-5.518659599999978],[-44.15891879999998,-5.521564799999965],[-44.19722449999995,-5.555179399999929],[-44.21244479999996,-5.466395599999942],[-44.18595609999994,-5.4634540999999786],[-44.18801639999998,-5.4524904999999535],[-44.18077239999997,-5.445404599999961],[-44.17680989999997,-5.4530787999999575],[-44.16379559999996,-5.444119299999954],[-44.16092249999997,-5.461064399999941],[-44.13253989999998,-5.453559499999926],[-44.12265529999996,-5.461276299999952],[-44.09750049999997,-5.456889199999978],[-44.078230099999985,-5.46783499999998],[-44.067867399999955,-5.457481099999939]]]}},{"id":"530","type":"Feature","properties":{"COD_IBGE":"2104651","MUNICIPIO":"Governador Newton Bello","UF":"MA"},"geometry":{"type":"Polygon","coordinates":[[[-45.54168819999995,-3.487974999999949],[-46.273489799999936,-3.4857935999999654],[-46.26243889999995,-3.467304699999943],[-46.29194579999995,-3.435009999999977],[-46.27380499999998,-3.4241318999999635],[-46.28012469999993,-3.340996999999959],[-46.255493799999954,-3.3168933999999695],[-46.197008299999936,-3.3629479999999603],[-46.06064619999995,-3.3631063999999355],[-46.02076899999997,-3.3780155999999693],[-45.99596859999997,-3.3676364999999464],[-45.97591049999994,-3.373405699999978],[-45.94090859999994,-3.3657949999999346],[-45.90939309999993,-3.378663099999926],[-45.87854239999996,-3.3159648999999263],[-45.798668599999985,-3.3355308999999806],[-45.660213099999964,-3.3386672999999405],[-45.57004919999997,-3.453753699999936],[-45.545276899999976,-3.470286699999974],[-45.54168819999995,-3.487974999999949]]]}},{"id":"531","type":"Feature","properties":{"COD_IBGE":"2104677","MUNICIPIO":"Governador Nunes Freire","UF":"MA"},"geometry":{"type":"Polygon","coordinates":[[[-45.71531969999995,-1.9482434999999327],[-45.696869499999934,-1.9678680999999756],[-45.67242479999993,-2.0259070999999267],[-45.67638869999996,-2.0602879999999573],[-45.66065149999997,-2.103101299999935],[-45.65753559999996,-2.1495177999999555],[-45.638918399999966,-2.1975126999999475],[-45.70964849999996,-2.2437534999999684],[-45.741175099999964,-2.191118999999958],[-45.800441099999944,-2.15328779999993],[-45.86378259999998,-2.1817684999999756],[-45.94670839999998,-2.2045879999999443],[-45.93541759999994,-2.2512958999999455],[-45.99819599999995,-2.2736739999999713],[-45.99677939999998,-2.22544819999996],[-46.00527359999995,-2.212645299999963],[-45.99241079999996,-2.1726059999999734],[-46.00207549999993,-2.1689935999999648],[-45.998144099999934,-2.1574335999999334],[-45.98486219999995,-2.1510672999999656],[-45.98391429999998,-2.1176820999999677],[-45.969971199999975,-2.0879189999999426],[-45.92583389999993,-2.0430037999999513],[-45.92320339999998,-2.026018699999952],[-45.91746409999996,-2.027786399999968],[-45.91055759999995,-2.014156299999968],[-45.924648899999966,-1.9908900999999446],[-45.910361999999964,-1.9762271999999257],[-45.90747799999997,-1.9340079999999489],[-45.896073299999955,-1.936116199999958],[-45.89418789999996,-1.895960999999943],[-45.880384499999934,-1.8690115999999648],[-45.872233999999935,-1.8056207999999287],[-45.819548199999986,-1.8384280999999305],[-45.787896899999964,-1.9094656999999415],[-45.71531969999995,-1.9482434999999327]]]}},{"id":"532","type":"Feature","properties":{"COD_IBGE":"2104701","MUNICIPIO":"Graça Aranha","UF":"MA"},"geometry":{"type":"Polygon","coordinates":[[[-44.33229049999994,-5.461808899999937],[-44.342760699999985,-5.474598599999979],[-44.354943299999945,-5.4584310999999275],[-44.37847149999993,-5.470140299999969],[-44.38966399999998,-5.464622499999962],[-44.42748289999997,-5.470738899999958],[-44.428953999999976,-5.448977899999932],[-44.40082159999997,-5.4457819999999515],[-44.407211899999936,-5.418086199999948],[-44.398600399999964,-5.387508999999966],[-44.369582399999956,-5.37618649999996],[-44.37141759999997,-5.367205799999965],[-44.38350379999997,-5.3662936999999715],[-44.36268379999996,-5.354539099999954],[-44.358250099999964,-5.3256829999999695],[-44.34537869999997,-5.311866799999962],[-44.356532399999935,-5.276518499999952],[-44.346190899999954,-5.277687199999946],[-44.20694219999996,-5.464216199999953],[-44.222461299999964,-5.462700499999926],[-44.236425199999985,-5.474043999999935],[-44.24931699999996,-5.500845199999958],[-44.284765499999935,-5.506064399999957],[-44.29767979999997,-5.50218979999994],[-44.308236499999964,-5.476429899999971],[-44.33229049999994,-5.461808899999937]]]}},{"id":"533","type":"Feature","properties":{"COD_IBGE":"2104800","MUNICIPIO":"Grajaú","UF":"MA"},"geometry":{"type":"Polygon","coordinates":[[[-46.069087499999966,-6.24630499999995],[-46.45096279999996,-6.267442599999981],[-46.45802999999995,-6.271341499999949],[-46.45633109999994,-6.283192199999974],[-46.46485229999996,-6.2816201999999635],[-46.46955249999996,-5.751101699999936],[-46.45742289999998,-5.738676399999974],[-46.450360099999955,-5.741570599999932],[-46.43769489999994,-5.724332899999979],[-46.40619359999994,-5.724215299999969],[-46.38188679999996,-5.697896499999956],[-46.37503129999993,-5.677133599999934],[-46.34903149999997,-5.678371699999957],[-46.343363899999986,-5.668015799999978],[-46.33222189999998,-5.66630379999998],[-46.329755399999954,-5.33297749999997],[-46.31307839999994,-5.345904899999937],[-46.307866899999965,-5.361506799999972],[-46.23650749999996,-5.346265999999957],[-46.205304299999966,-5.325765899999965],[-46.19535349999995,-5.279173499999956],[-46.18715389999994,-5.270756899999981],[-46.16968259999993,-5.279424499999948],[-46.14606219999996,-5.277832499999931],[-46.14189849999997,-5.284378899999979],[-46.11304289999998,-5.277563199999975],[-46.097450099999946,-5.292252499999961],[-46.06455489999996,-5.293771999999933],[-46.04641239999995,-5.303263199999947],[-46.02098689999997,-5.295654699999943],[-45.99701349999998,-5.305330499999968],[-45.99935009999996,-5.292887899999926],[-45.98563989999997,-5.289381399999968],[-45.94592799999998,-5.31239359999995],[-45.93880489999998,-5.303892399999938],[-45.93199989999994,-5.307208999999943],[-45.943331299999954,-5.3228875999999445],[-45.973571299999946,-5.338088099999936],[-45.98643539999995,-5.332267999999942],[-45.987487399999964,-5.3557272999999554],[-46.001649999999984,-5.362195999999926],[-45.88585399999994,-5.443764699999974],[-45.84079959999997,-5.412016299999948],[-45.84208189999998,-5.401504399999965],[-45.79897969999996,-5.448701699999958],[-45.74013099999996,-5.402584899999965],[-45.710596899999985,-5.590024799999981],[-45.608040899999935,-5.776246399999934],[-45.59809489999998,-5.770725999999968],[-45.59346019999998,-5.745959999999968],[-45.576016799999934,-5.729196899999977],[-45.37584409999994,-5.932591899999977],[-45.40388819999998,-5.941533199999981],[-45.41151089999994,-5.934917499999926],[-45.424893199999985,-5.950561099999959],[-45.431141199999956,-5.946617799999956],[-45.456499399999984,-5.961398499999973],[-45.464724399999966,-5.957468899999981],[-45.49447419999996,-5.9902684999999565],[-45.52460339999993,-6.001208799999972],[-45.52558229999994,-6.021864899999969],[-45.556620399999986,-6.058820899999944],[-45.563993799999935,-6.07978959999997],[-45.613403999999946,-6.106315599999959],[-45.61533949999995,-6.120244099999979],[-45.66036819999994,-6.151494999999954],[-45.659902199999976,-6.16286249999996],[-45.676382899999965,-6.176292399999966],[-45.74164449999995,-6.202304799999979],[-45.755592399999955,-6.233967699999937],[-45.794994799999984,-6.237285999999926],[-45.78983309999995,-6.244003899999939],[-45.80063459999997,-6.26026719999993],[-45.83141539999997,-6.279551099999935],[-45.84174829999995,-6.323659599999928],[-45.87560929999995,-6.345406899999944],[-45.886350799999946,-6.343734299999937],[-45.90305049999995,-6.29524129999993],[-45.91472109999995,-6.284647399999926],[-45.97080909999994,-6.258964899999967],[-46.00069369999994,-6.256227899999942],[-46.022915499999954,-6.263927199999955],[-46.069087499999966,-6.24630499999995]]]}},{"id":"534","type":"Feature","properties":{"COD_IBGE":"2104909","MUNICIPIO":"Guimarães","UF":"MA"},"geometry":{"type":"MultiPolygon","coordinates":[[[[-44.579804199999955,-2.1444858999999497],[-44.59395109999997,-2.180044799999962],[-44.63338769999996,-2.2278786999999625],[-44.683672899999976,-2.256142699999941],[-44.67768029999996,-2.280492299999935],[-44.688071399999956,-2.287464399999976],[-44.71893159999996,-2.272807999999941],[-44.76121509999996,-2.2707247999999254],[-44.75512949999995,-2.258259599999974],[-44.73992539999995,-2.2609615999999733],[-44.732455899999934,-2.250389899999959],[-44.75580169999995,-2.2443150999999375],[-44.78108199999997,-2.249989399999947],[-44.79894369999994,-2.2222873999999706],[-44.786768999999936,-2.2036286999999675],[-44.782268399999964,-2.167274599999928],[-44.75186139999994,-2.1368231999999807],[-44.75406449999997,-2.11979759999997],[-44.72129219999994,-2.0840798999999492],[-44.72131849999994,-2.075037899999927],[-44.651937299999986,-2.062494499999957],[-44.638026199999956,-2.0445005999999353],[-44.62810949999994,-2.0467866999999274],[-44.62753719999995,-2.037474599999939],[-44.621355999999935,-2.042959999999937],[-44.61591529999998,-2.035123399999975],[-44.58870399999995,-2.03794199999993],[-44.56718299999994,-2.0217179999999644],[-44.53342259999994,-2.0362590999999384],[-44.497266699999955,-2.025300799999968],[-44.486928199999966,-2.0452653999999484],[-44.53500619999994,-2.085269599999947],[-44.55245679999996,-2.089017399999932],[-44.56671899999998,-2.125626299999965],[-44.588092899999936,-2.134226399999932],[-44.579804199999955,-2.1444858999999497]]],[[[-44.467891099999974,-2.077117699999974],[-44.48351539999993,-2.076934799999947],[-44.466452699999934,-2.069221499999969],[-44.467891099999974,-2.077117699999974]]]]}},{"id":"535","type":"Feature","properties":{"COD_IBGE":"2105005","MUNICIPIO":"Humberto de Campos","UF":"MA"},"geometry":{"type":"MultiPolygon","coordinates":[[[[-43.444304099999954,-2.6052051999999435],[-43.45136919999993,-2.6256117999999447],[-43.434448299999985,-2.6325323999999455],[-43.44411659999997,-2.690870099999927],[-43.43955409999995,-2.729767899999956],[-43.44672989999998,-2.7453579999999533],[-43.43818909999993,-2.7773093999999787],[-43.461596199999974,-2.8328369999999268],[-43.459280099999944,-2.876758099999961],[-43.45510079999997,-2.896672199999955],[-43.421588199999974,-2.900596999999948],[-43.42178269999994,-2.939847699999973],[-43.44992119999995,-2.9796201999999425],[-43.486955799999976,-2.9891516999999794],[-43.50116079999998,-3.0175288999999452],[-43.52281809999994,-3.0165743999999677],[-43.54613029999996,-3.003970099999947],[-43.55112789999998,-3.0216033999999468],[-43.57131359999994,-3.0381128999999305],[-43.74552569999997,-2.6375054999999747],[-43.69000689999996,-2.6039934999999446],[-43.68317969999998,-2.5846694999999613],[-43.68792509999997,-2.5688458999999284],[-43.70627029999997,-2.5656620999999404],[-43.700123099999985,-2.5512762999999268],[-43.71221239999994,-2.52245419999997],[-43.69682779999994,-2.5149308999999676],[-43.68764059999995,-2.5185873999999444],[-43.651598999999976,-2.4818219999999656],[-43.64798429999996,-2.495975299999941],[-43.62620119999997,-2.510206799999935],[-43.61492959999998,-2.508131799999944],[-43.579794299999946,-2.45864279999995],[-43.57175879999994,-2.47629459999996],[-43.598844199999974,-2.4993541999999707],[-43.578605799999934,-2.5061353999999483],[-43.55808849999994,-2.4798873999999387],[-43.552768199999946,-2.4433005999999295],[-43.53744969999997,-2.4219103999999447],[-43.52414419999997,-2.418952099999956],[-43.51156849999995,-2.4380627999999547],[-43.52096289999997,-2.4546666999999616],[-43.50867779999993,-2.4761150999999586],[-43.46173269999997,-2.486413999999968],[-43.44950319999998,-2.55910149999994],[-43.44203539999995,-2.566761799999938],[-43.462355299999956,-2.5929404999999406],[-43.444304099999954,-2.6052051999999435]]],[[[-43.67891799999995,-2.5064888999999653],[-43.68097369999998,-2.5067942999999673],[-43.67952809999997,-2.504891799999939],[-43.67891799999995,-2.5064888999999653]]],[[[-43.62074689999997,-2.251677299999926],[-43.602890499999944,-2.2592028999999343],[-43.593561199999954,-2.2872310999999286],[-43.62358809999995,-2.303110599999968],[-43.62883149999993,-2.3582625999999323],[-43.64520689999995,-2.4027163999999743],[-43.68622419999997,-2.3973097999999595],[-43.71046199999995,-2.4271638999999254],[-43.72978809999995,-2.424410699999953],[-43.741223599999955,-2.4351197999999386],[-43.75667549999997,-2.4279043999999317],[-43.758254299999976,-2.4080822999999327],[-43.726045899999974,-2.383669399999974],[-43.728117699999984,-2.360477499999945],[-43.739593999999954,-2.3503497999999468],[-43.72186329999994,-2.322054299999934],[-43.72035889999995,-2.291390099999944],[-43.62074689999997,-2.251677299999926]]],[[[-43.542092999999966,-2.3606024999999704],[-43.54350189999997,-2.3867505999999707],[-43.561886699999945,-2.4238153999999668],[-43.60133239999993,-2.4128641999999445],[-43.61308089999994,-2.3817918999999392],[-43.60666039999995,-2.3716104999999743],[-43.55805799999996,-2.3554961999999477],[-43.542092999999966,-2.3606024999999704]]],[[[-43.50632469999994,-2.40433969999998],[-43.537217699999985,-2.4056357999999705],[-43.52683689999998,-2.370738099999926],[-43.50662429999994,-2.3839977999999746],[-43.50632469999994,-2.40433969999998]]],[[[-43.46480079999998,-2.4848810999999387],[-43.47351139999995,-2.473776399999963],[-43.47094729999998,-2.470427299999926],[-43.46739409999998,-2.474943699999926],[-43.46480079999998,-2.4848810999999387]]]]}},{"id":"536","type":"Feature","properties":{"COD_IBGE":"2105104","MUNICIPIO":"Icatu","UF":"MA"},"geometry":{"type":"MultiPolygon","coordinates":[[[[-43.895532199999934,-2.5572126999999796],[-43.89116619999993,-2.5354440999999497],[-43.87632259999998,-2.518305299999952],[-43.84842099999997,-2.5073132999999643],[-43.84215889999996,-2.4486541999999645],[-43.831493499999965,-2.4401568999999768],[-43.83947829999994,-2.4185864999999467],[-43.80274049999997,-2.3907299999999623],[-43.79159969999995,-2.3940829999999664],[-43.808417299999974,-2.438397499999951],[-43.79839759999993,-2.4395975999999564],[-43.76193859999995,-2.418740699999944],[-43.741223599999955,-2.4351197999999386],[-43.76009399999998,-2.465873199999976],[-43.77692899999994,-2.474757899999929],[-43.767823599999986,-2.493908099999942],[-43.74660749999998,-2.493586299999947],[-43.722882399999946,-2.474688199999946],[-43.70965949999993,-2.4873876999999425],[-43.69545339999996,-2.4843486999999413],[-43.70325249999996,-2.5073725999999397],[-43.697001099999966,-2.515690099999972],[-43.71275719999994,-2.5248408999999583],[-43.70492049999996,-2.5284683999999515],[-43.708128199999976,-2.538808999999958],[-43.700123099999985,-2.5512762999999268],[-43.70627029999997,-2.5656620999999404],[-43.68792509999997,-2.5688458999999284],[-43.68317969999998,-2.5846694999999613],[-43.69000689999996,-2.6039934999999446],[-43.74552569999997,-2.6375054999999747],[-43.74506169999995,-2.8078100999999265],[-44.07137089999998,-2.8062145999999757],[-44.06726719999995,-2.77989139999994],[-44.07882139999998,-2.74380919999993],[-44.02604709999997,-2.6565298999999527],[-44.00394399999993,-2.638152499999933],[-43.95654369999994,-2.621531999999945],[-43.927220699999964,-2.558547899999951],[-43.895532199999934,-2.5572126999999796]]],[[[-43.85095959999995,-2.4229439999999727],[-43.84597999999994,-2.428102499999966],[-43.851766199999986,-2.4383884999999736],[-43.870275299999946,-2.445500799999934],[-43.85095959999995,-2.4229439999999727]]],[[[-43.85679959999993,-2.448846899999978],[-43.855124899999964,-2.449730299999942],[-43.85674259999996,-2.4497449999999503],[-43.85679959999993,-2.448846899999978]]],[[[-43.85230629999995,-2.4706198999999742],[-43.853743399999985,-2.469330599999978],[-43.85205629999996,-2.469044799999949],[-43.85230629999995,-2.4706198999999742]]],[[[-43.850869099999954,-2.463587299999972],[-43.85137129999998,-2.4674710999999547],[-43.85170009999996,-2.468203699999947],[-43.850869099999954,-2.463587299999972]]],[[[-43.788678999999945,-2.4150763999999754],[-43.78896589999994,-2.4159307999999555],[-43.78947079999995,-2.41578839999994],[-43.788678999999945,-2.4150763999999754]]],[[[-43.75422969999994,-2.37705109999996],[-43.762037299999974,-2.377998899999966],[-43.77708329999996,-2.4094175999999266],[-43.78874499999995,-2.414445399999977],[-43.78055589999997,-2.393328599999961],[-43.78696069999995,-2.377444599999933],[-43.770631899999955,-2.369263599999954],[-43.75422969999994,-2.37705109999996]]],[[[-43.70908259999993,-2.482849999999928],[-43.710896299999945,-2.483455499999934],[-43.70951569999994,-2.482244899999955],[-43.70908259999993,-2.482849999999928]]]]}},{"id":"537","type":"Feature","properties":{"COD_IBGE":"2105153","MUNICIPIO":"Igarapé do Meio","UF":"MA"},"geometry":{"type":"Polygon","coordinates":[[[-45.000976599999944,-3.582062399999927],[-45.05016589999997,-3.7244594999999663],[-45.05723349999994,-3.710386999999969],[-45.06567899999993,-3.7173755999999685],[-45.082713199999944,-3.7145503999999505],[-45.077558899999985,-3.7194791999999666],[-45.08870299999995,-3.7227799999999434],[-45.08831269999996,-3.733022299999959],[-45.10073159999996,-3.7291446999999494],[-45.11310629999997,-3.7488609999999767],[-45.139909099999954,-3.726363299999946],[-45.288221299999975,-3.7182006999999544],[-45.28231919999996,-3.698231699999951],[-45.26250989999994,-3.688994199999968],[-45.25116939999998,-3.693977299999972],[-45.22648829999997,-3.6447784999999726],[-45.20216889999995,-3.6266597999999703],[-45.163314699999944,-3.6145916999999486],[-45.16234929999996,-3.604936499999951],[-45.13093909999998,-3.5883236999999326],[-45.12410589999996,-3.5686928999999736],[-45.10602719999997,-3.557567899999981],[-45.05808029999997,-3.5722966999999244],[-45.020695599999954,-3.5723054999999704],[-45.000976599999944,-3.582062399999927]]]}},{"id":"538","type":"Feature","properties":{"COD_IBGE":"2105203","MUNICIPIO":"Igarapé Grande","UF":"MA"},"geometry":{"type":"Polygon","coordinates":[[[-44.75534819999996,-4.711329299999932],[-44.95075739999993,-4.6929708999999775],[-44.92860939999997,-4.6612786999999685],[-44.902875499999936,-4.645281199999943],[-44.90357639999996,-4.626572799999963],[-44.89154089999994,-4.619669899999963],[-44.898853299999985,-4.599848799999961],[-44.89146039999997,-4.5831929999999375],[-44.87233429999998,-4.578657299999975],[-44.851351199999954,-4.547756399999969],[-44.84751469999998,-4.5154302999999345],[-44.83625879999994,-4.501191899999981],[-44.84606469999994,-4.48215399999998],[-44.85785379999993,-4.477147099999968],[-44.84800869999998,-4.474441199999944],[-44.85352849999998,-4.465609699999959],[-44.84866109999996,-4.456412599999965],[-44.747652699999946,-4.454680899999971],[-44.74761419999993,-4.566405599999939],[-44.801993799999934,-4.569144299999948],[-44.79842839999998,-4.608038599999929],[-44.75534819999996,-4.711329299999932]]]}},{"id":"539","type":"Feature","properties":{"COD_IBGE":"2105302","MUNICIPIO":"Imperatriz","UF":"MA"},"geometry":{"type":"Polygon","coordinates":[[[-47.48326139999995,-5.564898899999946],[-47.50012049999998,-5.52560479999994],[-47.55536939999996,-5.465735299999949],[-47.58050899999995,-5.470016599999951],[-47.618619699999954,-5.459726199999977],[-47.666772299999934,-5.421787299999949],[-47.744313699999964,-5.3801323999999795],[-47.827540899999974,-5.386588199999949],[-47.84375939999995,-5.37620869999995],[-47.867624099999944,-5.342815899999948],[-47.866688099999976,-5.305313699999942],[-47.86023179999995,-5.322919899999931],[-47.84222769999997,-5.333141799999964],[-47.81912659999995,-5.326131199999963],[-47.75284089999997,-5.24970159999998],[-47.73934069999996,-5.246633899999949],[-47.726386299999945,-5.22906039999998],[-47.70526669999998,-5.235425699999951],[-47.686704299999974,-5.156251499999939],[-47.661406899999974,-5.168036099999938],[-47.64446469999996,-5.160802899999965],[-47.60667639999997,-5.1639500999999655],[-47.550982499999975,-5.154511699999944],[-47.53874739999998,-5.156179799999961],[-47.52659099999994,-5.1774246999999605],[-47.515465699999936,-5.155667899999969],[-47.51509949999996,-5.128859899999952],[-47.509388899999976,-5.131648199999972],[-47.484267399999965,-5.176800199999946],[-47.46708789999997,-5.181054099999926],[-47.43112499999995,-5.2212546999999745],[-47.409417099999985,-5.216786499999955],[-47.41572999999994,-5.234147699999937],[-47.38175229999996,-5.272283399999935],[-47.364041499999985,-5.258772799999974],[-47.37148589999998,-5.279967899999974],[-47.39818729999996,-5.293383999999946],[-47.412685299999964,-5.310190399999954],[-47.41019619999997,-5.318802299999959],[-47.43124839999996,-5.333047599999929],[-47.41778859999994,-5.464199599999972],[-47.39501459999997,-5.4919040999999424],[-47.42509209999997,-5.522133899999972],[-47.440738099999976,-5.578454999999963],[-47.39586209999993,-5.645351999999946],[-47.42095089999998,-5.637488899999937],[-47.43453709999994,-5.643776799999955],[-47.43820049999994,-5.62878829999994],[-47.45220279999995,-5.6319537999999625],[-47.47968909999997,-5.621709299999964],[-47.48326139999995,-5.564898899999946]]]}},{"id":"540","type":"Feature","properties":{"COD_IBGE":"2105351","MUNICIPIO":"Itaipava do Grajaú","UF":"MA"},"geometry":{"type":"Polygon","coordinates":[[[-45.865509299999985,-5.234176199999979],[-45.85487759999995,-5.204872899999941],[-45.84862829999997,-5.2113868999999795],[-45.822177299999964,-5.189416599999959],[-45.813247899999965,-5.163693599999931],[-45.79351909999997,-5.153271099999927],[-45.79927299999997,-5.127775299999939],[-45.76883689999994,-5.112976299999957],[-45.75224389999994,-5.075779299999965],[-45.73810169999996,-5.077005699999972],[-45.72291819999998,-5.044927199999961],[-45.70966139999996,-5.046999299999925],[-45.658122599999956,-5.025350199999934],[-45.64710199999996,-5.004081699999972],[-45.630040099999974,-5.002233099999955],[-45.619933499999945,-4.987780199999975],[-45.27984749999996,-5.055276699999979],[-45.311829899999964,-5.078677999999968],[-45.348459899999966,-5.080186599999934],[-45.34554259999993,-5.096038599999929],[-45.32915849999995,-5.09546279999995],[-45.32999339999998,-5.125052699999969],[-45.31513479999995,-5.134336499999961],[-45.31409599999995,-5.163671199999953],[-45.32655859999994,-5.176893299999961],[-45.33466199999998,-5.205348199999946],[-45.34016559999998,-5.206998399999975],[-45.33260459999997,-5.193298499999969],[-45.34394169999996,-5.157160999999974],[-45.37322329999995,-5.139998799999944],[-45.43787469999995,-5.122073799999953],[-45.43983799999995,-5.111560599999962],[-45.48310559999993,-5.069507099999953],[-45.486204499999985,-5.055137899999977],[-45.53230419999994,-5.191224899999952],[-45.61847639999996,-5.153894599999944],[-45.68426979999998,-5.179583599999944],[-45.74300709999994,-5.283093699999938],[-45.77579489999994,-5.2827841999999805],[-45.809807699999965,-5.310799699999961],[-45.74013099999996,-5.402584899999965],[-45.79897969999996,-5.448701699999958],[-45.84208189999998,-5.401504399999965],[-45.84079959999997,-5.412016299999948],[-45.88585399999994,-5.443764699999974],[-46.001649999999984,-5.362195999999926],[-45.987487399999964,-5.3557272999999554],[-45.98643539999995,-5.332267999999942],[-45.973571299999946,-5.338088099999936],[-45.93258279999998,-5.3128959999999665],[-45.931510199999934,-5.286846999999966],[-45.91592399999996,-5.281983299999979],[-45.90557439999998,-5.254798199999925],[-45.88736589999996,-5.248712599999976],[-45.88578639999997,-5.238496299999952],[-45.87290139999993,-5.230357499999968],[-45.865509299999985,-5.234176199999979]]]}},{"id":"541","type":"Feature","properties":{"COD_IBGE":"2105401","MUNICIPIO":"Itapecuru Mirim","UF":"MA"},"geometry":{"type":"Polygon","coordinates":[[[-44.39790889999995,-3.5379736999999523],[-44.40645209999997,-3.510931199999959],[-44.38509929999998,-3.4746579999999767],[-44.39040269999998,-3.441571099999976],[-44.400100399999985,-3.459824499999968],[-44.470483599999966,-3.4852635999999393],[-44.50056529999995,-3.4659635999999523],[-44.521713999999974,-3.4715459999999325],[-44.55669939999996,-3.454041899999936],[-44.58442759999997,-3.4512436999999636],[-44.53573849999998,-3.399567099999956],[-44.493371399999944,-3.334643999999969],[-44.49204299999997,-3.303850799999964],[-44.478548899999964,-3.315594199999964],[-44.45418829999994,-3.284379299999955],[-44.46846229999994,-3.2641450999999506],[-44.444222199999956,-3.2715987999999356],[-44.42216819999993,-3.243252499999926],[-44.43518369999998,-3.2357123999999544],[-44.442854299999965,-3.2189317999999503],[-44.42238659999998,-3.2044824999999264],[-44.41092269999996,-3.2132027999999764],[-44.40067989999994,-3.2067934999999466],[-44.384699499999954,-3.22285839999995],[-44.37037719999995,-3.2222597999999607],[-44.36466919999998,-3.2387879999999427],[-44.35569639999994,-3.236451999999929],[-44.35594679999997,-3.250716299999965],[-44.336962599999936,-3.2545882999999662],[-44.33318239999994,-3.264408699999933],[-44.296331599999974,-3.268026499999962],[-44.29305369999997,-3.287617999999952],[-44.26204869999998,-3.2895816999999283],[-44.24279619999993,-3.308469999999943],[-44.209086799999966,-3.253243599999962],[-44.16991569999993,-3.267195699999945],[-44.10254519999995,-3.2534793999999465],[-44.102859699999954,-3.243548999999973],[-44.117823499999986,-3.229095099999938],[-44.06478869999995,-3.187467399999946],[-44.03855949999996,-3.335556399999973],[-44.05735189999996,-3.364143699999943],[-44.06858169999998,-3.456577799999934],[-44.08484349999998,-3.474556199999938],[-44.09431669999998,-3.5221994999999424],[-44.08777919999994,-3.5363682999999355],[-44.39790889999995,-3.5379736999999523]]]}},{"id":"542","type":"Feature","properties":{"COD_IBGE":"2105427","MUNICIPIO":"Itinga do Maranhão","UF":"MA"},"geometry":{"type":"Polygon","coordinates":[[[-47.34621989999994,-4.183171399999935],[-47.34253649999994,-4.148115299999972],[-47.34975209999993,-4.141874199999961],[-47.343291599999986,-4.12615859999994],[-47.350643599999955,-4.115271399999926],[-47.34560209999995,-4.100075299999958],[-47.331406999999956,-4.091425099999981],[-47.333225899999945,-4.0756090999999515],[-47.31942429999998,-4.047774499999946],[-47.30506239999994,-4.058830299999954],[-47.27724009999997,-4.030584799999929],[-47.267404699999986,-4.033459599999958],[-47.26670889999997,-4.024694299999965],[-47.24467439999995,-4.012241099999926],[-47.23892859999995,-3.998630799999944],[-47.22265559999994,-4.001301699999942],[-47.21997589999995,-3.988172499999962],[-47.20447409999997,-3.9883153999999763],[-47.20173919999996,-3.973568899999975],[-47.19736339999997,-3.9854038999999375],[-47.190256199999965,-3.9837046999999757],[-47.19280909999998,-3.9688429999999357],[-47.17842699999994,-3.9608972999999423],[-47.18373249999996,-3.9476450999999315],[-47.16925589999994,-3.9434391999999434],[-47.17314609999994,-3.9238233999999466],[-47.14849609999993,-3.9144897999999557],[-47.14871059999996,-3.8969046999999364],[-47.13893019999995,-3.904306799999972],[-47.132438099999945,-3.8995731999999634],[-47.132540699999936,-3.8786539999999263],[-47.10662479999996,-3.880942799999957],[-47.10185899999993,-3.861348199999952],[-47.08520509999994,-3.8566399999999703],[-47.07941989999995,-3.843919899999946],[-47.086683499999936,-3.8249026999999387],[-47.07896379999994,-3.8269423999999503],[-47.07261749999998,-3.8178623999999672],[-47.07574679999993,-3.8040094999999496],[-47.06324109999997,-3.798884599999951],[-47.05921539999997,-3.7844424999999546],[-47.06469389999995,-3.7777591999999345],[-47.05571569999995,-3.7735355999999456],[-47.06527339999997,-3.759363999999948],[-47.053582699999936,-3.7477693999999246],[-47.06084949999996,-3.7297629999999344],[-47.04812399999997,-3.7188774999999623],[-47.04628079999998,-3.7064509999999586],[-47.054525199999944,-3.685005399999966],[-47.037018699999976,-3.667966099999944],[-47.04889029999998,-3.6686460999999326],[-47.05271349999998,-3.6631796999999438],[-47.04591059999996,-3.657636499999967],[-47.05616859999998,-3.655693099999951],[-47.05557819999996,-3.646699299999966],[-47.04007509999997,-3.6441067999999746],[-47.044767399999955,-3.633383599999945],[-47.05233929999997,-3.635387099999946],[-47.04862389999994,-3.6196292999999287],[-47.029031799999984,-3.604046099999948],[-47.02353089999997,-3.6262278999999467],[-47.03302409999998,-3.643415999999945],[-47.02423419999997,-3.670852899999943],[-47.02949109999997,-3.6821628999999803],[-46.99676899999997,-3.7053429999999707],[-46.99677399999996,-3.717976999999962],[-46.99503349999998,-3.7143982999999707],[-46.99264339999996,-3.713451999999961],[-46.977070399999945,-3.734174499999938],[-46.98039749999998,-3.7461754999999357],[-46.973208599999964,-3.7503087999999707],[-46.972063799999944,-3.767287499999952],[-46.95104159999994,-3.799225999999976],[-46.95619469999997,-3.805135299999961],[-46.94730489999995,-3.8552852999999345],[-46.936066299999936,-3.8795414999999593],[-46.94503519999995,-3.923495799999955],[-46.918214499999976,-3.99884899999995],[-46.91225799999995,-4.059559999999976],[-46.91619599999996,-4.0772192999999675],[-46.92710349999993,-4.0866470999999365],[-46.94848469999994,-4.080654599999946],[-46.96195599999993,-4.090854599999943],[-46.964380999999946,-4.1127219999999625],[-47.010194799999965,-4.1746903999999745],[-47.02968569999996,-4.220460799999955],[-47.09012709999996,-4.241610899999955],[-47.10097899999994,-4.2651076999999304],[-47.12606129999995,-4.283986599999935],[-47.13851759999994,-4.318638599999929],[-47.18775489999996,-4.388677499999972],[-47.22199839999996,-4.425325799999939],[-47.244015299999944,-4.432003799999961],[-47.25372329999993,-4.507311899999934],[-47.224906799999985,-4.600750299999959],[-47.229987499999936,-4.636555199999975],[-47.29139079999993,-4.702872599999978],[-47.33815489999995,-4.691271399999948],[-47.33550749999995,-4.679454599999929],[-47.37508309999998,-4.665959099999952],[-47.38932059999996,-4.65752759999998],[-47.38763919999997,-4.651101899999958],[-47.445433599999944,-4.635270699999978],[-47.46834179999996,-4.649395099999936],[-47.495346799999936,-4.652182699999969],[-47.495291899999984,-4.700924899999961],[-47.57452519999998,-4.707283699999948],[-47.61533259999993,-4.702002399999969],[-47.64613439999994,-4.727649499999927],[-47.65578609999994,-4.714755599999933],[-47.67458209999995,-4.711893199999963],[-47.694421699999964,-4.724399999999946],[-47.701909599999965,-4.7162713999999255],[-47.69922409999998,-4.700404999999932],[-47.68636349999997,-4.690843199999961],[-47.69326189999998,-4.6505032999999685],[-47.68266379999994,-4.639671599999929],[-47.68025629999994,-4.60900179999993],[-47.61194189999998,-4.557357899999943],[-47.58356679999997,-4.5229600999999775],[-47.56372419999997,-4.474557499999946],[-47.53158769999993,-4.445463399999937],[-47.47631459999997,-4.3564393999999425],[-47.48269359999995,-4.348151499999972],[-47.47473419999994,-4.315043499999945],[-47.44204929999995,-4.28742509999995],[-47.42925769999994,-4.286840599999948],[-47.42967129999994,-4.276200299999971],[-47.41751979999998,-4.278410899999926],[-47.38863859999998,-4.249879299999975],[-47.37206779999997,-4.246033999999952],[-47.379152499999975,-4.221136499999943],[-47.37034579999994,-4.219214799999975],[-47.36788299999995,-4.194195999999977],[-47.36026679999998,-4.191372099999967],[-47.36582869999995,-4.180639999999926],[-47.35313759999997,-4.176781799999958],[-47.34621989999994,-4.183171399999935]]]}},{"id":"543","type":"Feature","properties":{"COD_IBGE":"2105450","MUNICIPIO":"Jatobá","UF":"MA"},"geometry":{"type":"Polygon","coordinates":[[[-44.49839579999997,-5.800995299999954],[-44.23258379999993,-5.7640594999999735],[-44.09021059999998,-5.843974399999979],[-44.10177859999993,-5.852818099999979],[-44.10670639999995,-5.872247499999958],[-44.123481399999946,-5.865497299999959],[-44.13128909999995,-5.887854899999979],[-44.15830859999994,-5.912705799999969],[-44.26627709999997,-5.954508899999951],[-44.29534109999997,-5.924620599999969],[-44.39368559999997,-5.905182099999934],[-44.43967079999993,-5.920196199999964],[-44.46735879999994,-5.90133469999995],[-44.47703379999996,-5.8814027999999325],[-44.46981379999994,-5.86700559999997],[-44.474383399999965,-5.852956699999936],[-44.45689939999994,-5.8282709999999724],[-44.49839579999997,-5.800995299999954]]]}},{"id":"544","type":"Feature","properties":{"COD_IBGE":"2105476","MUNICIPIO":"Jenipapo dos Vieiras","UF":"MA"},"geometry":{"type":"Polygon","coordinates":[[[-45.523449599999935,-5.508822899999927],[-45.427490699999964,-5.605024799999967],[-45.482626599999946,-5.621580399999971],[-45.50704929999995,-5.646666599999946],[-45.50312909999997,-5.6567185999999765],[-45.51807689999998,-5.658223199999952],[-45.52665879999995,-5.676912499999958],[-45.552966599999934,-5.69210929999997],[-45.55311029999996,-5.718710599999952],[-45.59346019999998,-5.745959999999968],[-45.59800689999997,-5.7705680999999345],[-45.608040899999935,-5.776246399999934],[-45.710596899999985,-5.590024799999981],[-45.74051499999996,-5.400047499999971],[-45.809807699999965,-5.310799699999961],[-45.77579489999994,-5.2827841999999805],[-45.74300709999994,-5.283093699999938],[-45.68426979999998,-5.179583599999944],[-45.61847639999996,-5.153894599999944],[-45.53230419999994,-5.191224899999952],[-45.486204499999985,-5.055137899999977],[-45.48310559999993,-5.069507099999953],[-45.43983799999995,-5.111560599999962],[-45.43787469999995,-5.122073799999953],[-45.37322329999995,-5.139998799999944],[-45.34436159999996,-5.156766199999936],[-45.33262549999995,-5.19458839999993],[-45.36040879999996,-5.22237709999996],[-45.34482809999997,-5.235624399999949],[-45.34120049999996,-5.253757199999939],[-45.36241469999993,-5.266441099999952],[-45.36869219999994,-5.279015399999935],[-45.386499199999946,-5.2839351999999735],[-45.42372459999996,-5.278127099999949],[-45.42295519999993,-5.285737499999925],[-45.43364129999998,-5.2915146999999365],[-45.45986419999997,-5.269016399999941],[-45.483618399999955,-5.297579999999925],[-45.45185829999997,-5.379121299999952],[-45.45718729999993,-5.387229099999956],[-45.44477419999998,-5.396389299999953],[-45.43858389999997,-5.423213399999952],[-45.421153499999946,-5.446712299999945],[-45.523449599999935,-5.508822899999927]]]}},{"id":"545","type":"Feature","properties":{"COD_IBGE":"2105500","MUNICIPIO":"João Lisboa","UF":"MA"},"geometry":{"type":"Polygon","coordinates":[[[-47.32990679999995,-5.429452899999944],[-47.35381849999993,-5.4574274999999375],[-47.361041099999966,-5.451505099999963],[-47.39801369999998,-5.483068099999969],[-47.41551709999993,-5.470434699999942],[-47.43124839999996,-5.333047599999929],[-47.41019619999997,-5.318802299999959],[-47.412685299999964,-5.310190399999954],[-47.39818729999996,-5.293383999999946],[-47.37148589999998,-5.279967899999974],[-47.35821069999997,-5.252609699999937],[-47.331245999999965,-5.266703799999959],[-47.31284509999995,-5.307438799999943],[-47.28433529999995,-5.303941399999928],[-47.27653189999995,-5.314073899999926],[-47.225600199999974,-5.265949399999954],[-47.20184089999998,-5.229993399999955],[-47.18506919999993,-5.221477399999969],[-47.179516399999955,-5.193437099999926],[-47.15654269999993,-5.178797599999939],[-47.15044469999998,-5.152985399999977],[-47.13555259999998,-5.143381799999929],[-47.123474999999985,-5.101988499999948],[-47.116048699999965,-5.100955699999929],[-47.12051889999998,-5.088819299999955],[-47.09729009999995,-5.080002299999933],[-47.09513649999997,-5.065421699999945],[-47.06667729999998,-5.055630899999926],[-47.042152499999986,-5.060559999999953],[-47.02543509999998,-5.049453699999958],[-46.958654199999955,-5.0376251999999795],[-46.901683799999944,-4.998753399999941],[-46.89569729999994,-5.018255599999975],[-46.90090689999994,-5.040799799999945],[-46.89005039999995,-5.049883699999953],[-46.89398019999993,-5.059888199999932],[-46.88558229999995,-5.0762710999999285],[-46.87428129999995,-5.079818799999941],[-46.87028859999998,-5.095959999999934],[-46.88001269999995,-5.127361299999961],[-46.870000499999946,-5.139282199999968],[-46.87655079999996,-5.170757699999967],[-46.88967089999994,-5.1822367999999415],[-46.88732319999997,-5.205426799999941],[-46.921105599999976,-5.221149199999957],[-46.94774399999994,-5.21354539999993],[-46.99426889999995,-5.25034729999993],[-46.99932239999998,-5.2647598999999445],[-47.02867869999994,-5.278580899999952],[-47.03081599999996,-5.293865199999971],[-47.05425159999993,-5.299380399999961],[-47.06325409999994,-5.313341499999979],[-47.124842299999955,-5.317098199999975],[-47.17513799999995,-5.350348599999961],[-47.20201319999995,-5.3551550999999336],[-47.225257899999974,-5.342657199999962],[-47.24486959999996,-5.346339399999977],[-47.27352149999996,-5.364883999999961],[-47.25874969999995,-5.369245499999977],[-47.27077109999993,-5.380784699999936],[-47.311703799999975,-5.3879554999999755],[-47.32990679999995,-5.429452899999944]]]}},{"id":"546","type":"Feature","properties":{"COD_IBGE":"2105609","MUNICIPIO":"Joselândia","UF":"MA"},"geometry":{"type":"Polygon","coordinates":[[[-44.60715129999994,-5.000639099999944],[-44.62069279999997,-5.0057056999999645],[-44.61691339999993,-5.01352049999997],[-44.63920909999996,-5.037674399999958],[-44.63883889999994,-5.060731899999951],[-44.65960839999997,-5.04932789999998],[-44.665562199999954,-5.05527079999996],[-44.65586319999994,-5.090138899999943],[-44.675225799999964,-5.089856199999929],[-44.682268799999974,-5.104395599999975],[-44.69661959999996,-5.109136399999954],[-44.69685959999998,-5.1252216999999405],[-44.71744019999994,-5.148972399999934],[-44.731375699999944,-5.142419199999949],[-44.74069629999997,-5.157252099999937],[-44.765315999999984,-5.170272799999964],[-44.76139729999994,-5.182118499999945],[-44.823783599999956,-5.1457860999999525],[-44.820033499999965,-5.133798399999932],[-44.82748779999997,-5.115905399999974],[-44.857988499999976,-5.123339899999962],[-44.86365489999997,-5.078663499999948],[-44.856025199999976,-5.0636987999999405],[-44.86944809999994,-5.058408899999961],[-44.87403629999994,-5.040303899999969],[-44.89241339999995,-5.032197199999928],[-44.91907439999994,-5.039246299999945],[-44.936211399999934,-5.027434899999946],[-44.93198209999997,-4.993928899999958],[-44.89512569999994,-4.9675335999999675],[-44.879091399999936,-4.945155799999952],[-44.83624819999994,-4.93113859999994],[-44.81000789999996,-4.931309299999953],[-44.801508199999944,-4.922203099999933],[-44.781245199999944,-4.929101299999957],[-44.76449189999994,-4.912935299999958],[-44.761129299999936,-4.918876999999952],[-44.74208399999998,-4.9169824999999605],[-44.74355049999997,-4.911064999999951],[-44.731719399999974,-4.912771699999951],[-44.718817799999954,-4.9031660999999644],[-44.70127729999996,-4.905348099999969],[-44.696256699999935,-4.888042699999971],[-44.682370799999944,-4.886762099999942],[-44.67674759999994,-4.875680199999977],[-44.66338079999997,-4.879713299999935],[-44.64400049999995,-4.855746699999941],[-44.64342689999995,-4.875619899999947],[-44.615692999999965,-4.890159599999947],[-44.632129099999986,-4.9111718999999425],[-44.61489679999994,-4.924797499999954],[-44.61866549999996,-4.936457399999938],[-44.61128189999994,-4.950628799999947],[-44.62063519999998,-4.967831599999954],[-44.606034199999954,-4.982849399999964],[-44.60715129999994,-5.000639099999944]]]}},{"id":"547","type":"Feature","properties":{"COD_IBGE":"2105658","MUNICIPIO":"Junco do Maranhão","UF":"MA"},"geometry":{"type":"Polygon","coordinates":[[[-46.06862609999996,-1.7275128999999652],[-45.99588959999994,-1.7894251999999256],[-45.94771789999993,-1.79510659999994],[-45.98245449999996,-1.8235267999999678],[-46.050774399999966,-1.9088156999999342],[-46.059182799999974,-1.8965588999999454],[-46.076598099999956,-1.921193599999981],[-46.081916399999955,-1.950105899999926],[-46.049050199999954,-2.000992999999937],[-46.058766899999966,-2.050899299999969],[-46.26316509999998,-2.049306099999967],[-46.22338999999994,-1.9149134999999546],[-46.13449019999996,-1.838175499999977],[-46.14116359999997,-1.8356226999999308],[-46.13310289999998,-1.8269172999999341],[-46.13529139999997,-1.81524909999996],[-46.122954799999945,-1.8111200999999255],[-46.113287799999966,-1.8192690999999286],[-46.06862609999996,-1.7275128999999652]]]}},{"id":"548","type":"Feature","properties":{"COD_IBGE":"2105708","MUNICIPIO":"Lago da Pedra","UF":"MA"},"geometry":{"type":"Polygon","coordinates":[[[-45.14474319999994,-4.741090199999974],[-45.15596009999996,-4.861671799999954],[-45.12525119999998,-4.913156699999945],[-45.11852449999998,-4.940249599999959],[-45.04077049999995,-4.9122610999999665],[-45.040255299999956,-4.9298120999999355],[-45.057635199999936,-4.947016399999939],[-45.10427149999998,-4.968728099999964],[-45.11788979999994,-4.992134699999951],[-45.20971529999997,-4.999728599999969],[-45.23887559999997,-5.015029899999945],[-45.232221599999946,-4.992873299999928],[-45.23840339999998,-4.9797075999999265],[-45.27642659999998,-4.95760759999996],[-45.27183859999997,-4.944224199999951],[-45.28534639999998,-4.920345499999939],[-45.275021299999935,-4.884880099999975],[-45.279371099999935,-4.875507599999935],[-45.28693199999998,-4.876843699999938],[-45.29150299999998,-4.853194499999972],[-45.30341109999995,-4.845379899999955],[-45.30523469999997,-4.82463249999995],[-45.31695599999995,-4.807413399999973],[-45.34828129999994,-4.79382389999995],[-45.40849949999995,-4.796467499999949],[-45.427034599999956,-4.768347199999937],[-45.41555889999995,-4.726412899999957],[-45.421498499999984,-4.703207299999974],[-45.41461859999998,-4.686703399999942],[-45.40156689999998,-4.689386899999931],[-45.34516449999995,-4.648512899999957],[-45.30231169999996,-4.666640899999948],[-45.259711599999946,-4.649846499999967],[-45.24101269999994,-4.625441299999977],[-45.20338089999996,-4.601433699999973],[-45.19503599999996,-4.56460809999993],[-45.21345759999997,-4.552190199999927],[-45.16088849999994,-4.518846399999973],[-45.09361259999997,-4.423306599999933],[-45.08769899999993,-4.454574599999944],[-45.060996399999965,-4.455664199999944],[-45.04245539999994,-4.48417569999998],[-45.06054219999993,-4.570321999999976],[-45.089621799999975,-4.613317699999925],[-45.04550169999993,-4.668386999999939],[-45.04002259999993,-4.691204499999969],[-45.14474319999994,-4.741090199999974]]]}},{"id":"549","type":"Feature","properties":{"COD_IBGE":"2105807","MUNICIPIO":"Lago do Junco","UF":"MA"},"geometry":{"type":"Polygon","coordinates":[[[-45.06054219999993,-4.570321999999976],[-45.043440799999985,-4.47679039999997],[-45.035012999999935,-4.480661899999973],[-44.98868519999996,-4.458789499999966],[-44.871390099999985,-4.384990899999934],[-44.882915899999944,-4.4149055999999405],[-44.85885639999998,-4.4156436999999755],[-44.86493169999994,-4.4257058999999686],[-44.85650419999996,-4.426711099999977],[-44.84789179999996,-4.446512999999925],[-44.85352849999998,-4.465609699999959],[-44.84800869999998,-4.474441199999944],[-44.85785379999993,-4.477147099999968],[-44.84606469999994,-4.48215399999998],[-44.836435999999935,-4.503497999999979],[-44.87138079999994,-4.486780799999963],[-44.91916359999993,-4.494915499999934],[-44.92747929999996,-4.486670899999979],[-44.91911969999995,-4.522125499999959],[-44.92775339999997,-4.520991999999978],[-44.99847999999997,-4.593379499999969],[-45.00020509999996,-4.638428799999929],[-45.04129229999995,-4.68629889999994],[-45.04550169999993,-4.668386999999939],[-45.089621799999975,-4.613317699999925],[-45.06054219999993,-4.570321999999976]]]}},{"id":"550","type":"Feature","properties":{"COD_IBGE":"2105906","MUNICIPIO":"Lago Verde","UF":"MA"},"geometry":{"type":"Polygon","coordinates":[[[-44.95690339999993,-3.873179099999959],[-44.93317769999993,-3.9162644999999543],[-44.62207979999994,-3.850821099999962],[-44.61993449999994,-3.8543023999999377],[-44.641533599999946,-3.8554853999999636],[-44.64249149999995,-3.8748831999999425],[-44.66056039999995,-3.8847630999999296],[-44.65837309999995,-3.891737599999942],[-44.674871199999984,-3.8783506999999418],[-44.68190229999993,-3.8900681999999733],[-44.69910289999996,-3.889645299999927],[-44.70046819999993,-3.9057226999999557],[-44.716096999999934,-3.912552699999935],[-44.71030539999998,-3.9310023999999544],[-44.744018799999935,-3.93857909999997],[-44.77097319999996,-3.972624899999971],[-44.79342099999997,-3.979827299999954],[-44.79090699999995,-3.994962399999963],[-44.80339049999998,-4.003368799999976],[-44.80264749999998,-4.0288944999999785],[-44.80903319999993,-4.035844599999962],[-44.80135339999998,-4.04729169999996],[-44.80821219999996,-4.065014599999927],[-44.82329359999994,-4.071682199999941],[-44.823026899999945,-4.078940399999965],[-44.836178099999984,-4.067025099999967],[-44.852994199999955,-4.083499499999959],[-44.853957099999946,-4.092716199999927],[-44.84000839999993,-4.104034699999943],[-44.84204729999993,-4.113057099999935],[-45.011878199999956,-4.1139071999999715],[-45.02196129999993,-4.048758899999939],[-45.02901899999995,-4.041153799999961],[-45.00853409999996,-3.9826464999999303],[-45.01239959999998,-3.9704008999999587],[-45.004467199999965,-3.9423900999999546],[-44.99219999999997,-3.9334022999999547],[-44.95690339999993,-3.873179099999959]]]}},{"id":"551","type":"Feature","properties":{"COD_IBGE":"2105922","MUNICIPIO":"Lagoa do Mato","UF":"MA"},"geometry":{"type":"Polygon","coordinates":[[[-43.54815699999995,-6.154967699999929],[-43.54686179999993,-6.136750099999972],[-43.59329109999993,-6.099194799999964],[-43.62366079999998,-6.0538340999999605],[-43.645141699999954,-6.048975499999926],[-43.64081569999996,-6.040428199999951],[-43.66655979999996,-5.997379199999955],[-43.67082919999996,-5.937465999999972],[-43.68300339999996,-5.909214099999929],[-43.67041039999998,-5.889955999999927],[-43.67312599999997,-5.867112499999962],[-43.69828359999997,-5.860533099999941],[-43.70936219999993,-5.844089899999972],[-43.729047899999955,-5.845946099999935],[-43.71327899999994,-5.818834399999957],[-43.71682019999997,-5.802374999999927],[-43.70645699999994,-5.79683289999997],[-43.70498209999994,-5.782084099999963],[-43.64709799999997,-5.761644899999965],[-43.61234499999995,-5.737469099999942],[-43.60610459999998,-5.737472399999945],[-43.612357299999985,-5.746514599999955],[-43.597323899999935,-5.7733581999999615],[-43.56025589999996,-5.771892699999967],[-43.56006409999998,-5.804574699999932],[-43.53505709999996,-5.835150999999939],[-43.55038549999995,-5.847547999999961],[-43.54472029999994,-5.862243099999944],[-43.550005099999964,-5.879005799999959],[-43.560245099999975,-5.882810899999981],[-43.56084839999994,-5.89123879999994],[-43.571753799999954,-5.889274799999953],[-43.56554969999996,-5.913063399999942],[-43.33398519999997,-5.911090999999942],[-43.30686179999998,-6.020463999999947],[-43.31444339999996,-6.0252256999999645],[-43.32847909999998,-6.107610299999976],[-43.31346619999994,-6.193159299999934],[-43.31932169999993,-6.261158999999964],[-43.39907089999997,-6.275712699999929],[-43.422086699999966,-6.26205189999996],[-43.45542729999994,-6.25989949999996],[-43.49004059999993,-6.269067699999937],[-43.51424829999996,-6.258615799999973],[-43.55317009999993,-6.271310699999958],[-43.57587459999996,-6.263384499999972],[-43.565205499999934,-6.215552799999955],[-43.538711699999965,-6.17728139999997],[-43.53900129999994,-6.171107199999938],[-43.56269919999994,-6.166158499999938],[-43.54815699999995,-6.154967699999929]]]}},{"id":"552","type":"Feature","properties":{"COD_IBGE":"2105948","MUNICIPIO":"Lago dos Rodrigues","UF":"MA"},"geometry":{"type":"Polygon","coordinates":[[[-44.93378149999995,-4.527160899999956],[-44.91911969999995,-4.522125499999959],[-44.92747929999996,-4.486670899999979],[-44.91916359999993,-4.494915499999934],[-44.87138079999994,-4.486780799999963],[-44.842969299999936,-4.505363399999965],[-44.86073709999994,-4.566314999999975],[-44.89714639999994,-4.592158099999949],[-44.89154089999994,-4.619669899999963],[-44.90357639999996,-4.626572799999963],[-44.902875499999936,-4.645281199999943],[-44.92860939999997,-4.6612786999999685],[-44.94230249999998,-4.68684849999994],[-44.95075739999993,-4.6929708999999775],[-44.975805899999955,-4.690960999999959],[-44.97868529999994,-4.6712437999999565],[-44.95794719999998,-4.652551499999959],[-44.98463479999998,-4.6394491999999445],[-44.98336079999996,-4.664212499999962],[-45.04002259999993,-4.691204499999969],[-45.03858239999994,-4.67716889999997],[-45.00020509999996,-4.638428799999929],[-44.99847999999997,-4.593379499999969],[-44.93378149999995,-4.527160899999956]]]}},{"id":"553","type":"Feature","properties":{"COD_IBGE":"2105963","MUNICIPIO":"Lagoa Grande do Maranhão","UF":"MA"},"geometry":{"type":"Polygon","coordinates":[[[-45.27984749999996,-5.055276699999979],[-45.60600929999998,-4.992983699999968],[-45.60112689999994,-4.978221699999949],[-45.587305199999946,-4.978011299999935],[-45.58709239999996,-4.965329899999972],[-45.57145869999994,-4.944102799999939],[-45.57514669999995,-4.928942999999947],[-45.56454459999998,-4.926521999999977],[-45.553271999999936,-4.896573399999966],[-45.52645819999998,-4.889644999999973],[-45.52083769999996,-4.872031499999935],[-45.503133599999956,-4.86349279999996],[-45.48716989999997,-4.870459199999971],[-45.476166699999965,-4.853314099999977],[-45.476097299999935,-4.835306399999979],[-45.45667649999996,-4.84172719999998],[-45.46144719999995,-4.815429999999935],[-45.45274539999997,-4.803945699999929],[-45.45585609999995,-4.788077499999929],[-45.427914199999975,-4.778530599999954],[-45.425935599999946,-4.770014199999935],[-45.40849949999995,-4.796467499999949],[-45.34828129999994,-4.79382389999995],[-45.31695599999995,-4.807413399999973],[-45.30523469999997,-4.82463249999995],[-45.30341109999995,-4.845379899999955],[-45.29150299999998,-4.853194499999972],[-45.28693199999998,-4.876843699999938],[-45.279371099999935,-4.875507599999935],[-45.275021299999935,-4.884880099999975],[-45.28534639999998,-4.920345499999939],[-45.27183859999997,-4.944224199999951],[-45.27642659999998,-4.95760759999996],[-45.23840339999998,-4.9797075999999265],[-45.232221599999946,-4.992873299999928],[-45.23887559999997,-5.015029899999945],[-45.260321499999975,-5.027970799999935],[-45.27984749999996,-5.055276699999979]]]}},{"id":"554","type":"Feature","properties":{"COD_IBGE":"2105989","MUNICIPIO":"Lajeado Novo","UF":"MA"},"geometry":{"type":"Polygon","coordinates":[[[-47.04311039999993,-6.197690899999941],[-47.069177699999955,-6.182617199999925],[-47.065049699999975,-6.171006099999943],[-47.082354899999984,-6.1685368999999355],[-47.08857309999996,-6.153668899999957],[-47.11202059999994,-6.15631639999998],[-47.11698699999994,-6.1475701999999615],[-47.12533679999996,-6.149219799999969],[-47.13457349999993,-6.128717699999925],[-47.14320029999993,-6.130398499999956],[-47.144253499999934,-6.120626299999969],[-47.15217709999996,-6.122024199999942],[-47.15892349999996,-6.11051539999994],[-47.18515929999995,-6.105676199999948],[-47.20611889999998,-6.11787529999998],[-47.23900059999994,-6.114791899999943],[-47.242161299999964,-6.1089167999999745],[-47.22170139999997,-6.070764999999938],[-47.23488139999995,-6.03570689999998],[-47.222906999999964,-6.03656529999995],[-47.21631019999995,-6.047473499999967],[-47.20978229999997,-6.033671999999967],[-47.20187589999995,-6.045249799999965],[-47.19570999999996,-6.019463499999972],[-47.186765099999946,-6.0278149999999755],[-47.19303189999994,-6.040443499999981],[-47.18160409999996,-6.042978699999935],[-47.173924099999965,-6.032380199999977],[-47.163215099999945,-6.041159099999959],[-47.16091549999993,-6.026966899999934],[-47.13649149999998,-6.033381499999962],[-47.114847199999986,-6.019143399999962],[-47.097352599999965,-6.019252999999935],[-47.087030399999946,-6.029047699999978],[-47.04144699999995,-6.0267387999999755],[-47.03814799999998,-6.035597799999948],[-47.02575189999993,-6.0373387999999295],[-47.02596209999996,-6.046464899999933],[-47.01721379999998,-6.042542399999945],[-47.01309109999994,-6.050901499999952],[-47.008863599999984,-6.041051399999958],[-46.98566669999997,-6.051021299999945],[-46.97786929999995,-6.038304799999935],[-46.96933179999996,-6.047571599999969],[-46.96582259999997,-6.040853299999981],[-46.94547329999995,-6.042254299999968],[-46.936697299999935,-6.011325899999974],[-46.921159699999976,-6.017016099999978],[-46.91779279999997,-6.008795199999952],[-46.886473999999964,-6.011369299999956],[-46.85289419999998,-5.992218699999967],[-46.858473199999935,-5.980684999999937],[-46.84305909999995,-5.9675099999999475],[-46.80289869999996,-5.972401699999978],[-46.78335959999998,-5.967087799999945],[-46.77768619999995,-5.977259699999934],[-46.759487099999944,-5.979449099999954],[-46.75300069999997,-6.0011142999999265],[-46.73534159999997,-6.009811599999978],[-46.74242639999994,-6.036813399999971],[-46.73146769999994,-6.056794399999944],[-46.71343459999997,-6.069261299999937],[-46.72706509999995,-6.085764199999971],[-46.71211789999995,-6.100980499999935],[-46.71163489999998,-6.112654599999928],[-46.69251499999996,-6.111061399999926],[-46.67171019999995,-6.1302455999999665],[-46.68006969999993,-6.1557745999999725],[-46.694668999999976,-6.163908699999979],[-46.70203669999995,-6.189912299999946],[-46.74247279999997,-6.198917599999959],[-46.75758369999994,-6.18913329999998],[-46.764892799999984,-6.195951199999968],[-46.78523729999995,-6.19140989999994],[-46.787455499999965,-6.198629099999948],[-46.79316799999998,-6.190447399999925],[-46.800599499999976,-6.203877699999964],[-46.80812919999994,-6.1960105999999655],[-46.81334719999995,-6.204400499999963],[-46.81764439999995,-6.198034399999926],[-46.84275829999996,-6.199606999999958],[-46.85539709999995,-6.189089099999933],[-46.89178369999996,-6.20029349999993],[-46.895942899999966,-6.210742299999936],[-46.90130809999994,-6.204983399999946],[-46.917524999999955,-6.208413199999939],[-46.91951379999995,-6.219876299999953],[-46.93718499999994,-6.221724499999937],[-46.94035299999996,-6.21531269999997],[-46.942111599999976,-6.229219499999942],[-46.95063989999994,-6.225080299999945],[-46.963111699999956,-6.238913199999956],[-46.96384009999997,-6.229198099999962],[-46.98452969999994,-6.235178099999928],[-46.98243809999997,-6.2184923999999455],[-47.027266199999985,-6.217122899999936],[-47.02958079999996,-6.206250299999965],[-47.04616059999995,-6.21254689999995],[-47.04311039999993,-6.197690899999941]]]}},{"id":"555","type":"Feature","properties":{"COD_IBGE":"2106003","MUNICIPIO":"Lima Campos","UF":"MA"},"geometry":{"type":"Polygon","coordinates":[[[-44.49437769999997,-4.644441799999925],[-44.49520769999998,-4.619269699999961],[-44.52348099999995,-4.604492799999946],[-44.52758449999993,-4.578967499999976],[-44.54012579999994,-4.572543899999971],[-44.54311649999994,-4.532565299999931],[-44.57447369999994,-4.5204700999999545],[-44.58410699999996,-4.495998199999974],[-44.57736649999998,-4.47529609999998],[-44.43079949999998,-4.4808097999999745],[-44.34757199999996,-4.55821839999993],[-44.360198999999966,-4.579153099999928],[-44.38082479999997,-4.583053099999972],[-44.38745979999993,-4.606064999999944],[-44.41518659999997,-4.616559999999936],[-44.406868799999984,-4.656985599999928],[-44.39824129999994,-4.6660450999999625],[-44.49437769999997,-4.644441799999925]]]}},{"id":"556","type":"Feature","properties":{"COD_IBGE":"2106102","MUNICIPIO":"Loreto","UF":"MA"},"geometry":{"type":"Polygon","coordinates":[[[-45.16047169999996,-6.811425999999926],[-45.11988829999996,-6.816329699999926],[-45.10422459999995,-6.808170599999926],[-45.093168599999956,-6.789752299999975],[-45.070854199999985,-6.784610399999963],[-45.06005719999996,-6.773417299999949],[-45.060720799999956,-6.760537099999965],[-45.009675699999946,-6.736578099999974],[-45.00889339999998,-6.729929799999979],[-44.97955099999996,-6.731801399999938],[-44.96890389999993,-6.741009799999972],[-44.958723599999985,-6.735579299999927],[-44.980071899999984,-6.795444599999939],[-44.95201279999998,-6.830480199999954],[-44.93574589999997,-6.8679089999999405],[-44.992150899999956,-7.024311299999965],[-44.97108709999998,-7.0903714999999465],[-44.987512799999934,-7.102163799999971],[-45.08559739999998,-7.502309099999934],[-45.138674599999945,-7.52242229999996],[-45.15632769999996,-7.5132575999999744],[-45.18100389999995,-7.541959899999938],[-45.20384769999998,-7.551672199999928],[-45.21848879999993,-7.568544799999927],[-45.232326299999954,-7.549071399999946],[-45.26170739999998,-7.57118429999997],[-45.285396299999945,-7.566422799999941],[-45.298838899999964,-7.57523759999998],[-45.33468039999997,-7.577659499999982],[-45.34226949999993,-7.593363199999942],[-45.372181799999964,-7.618383799999947],[-45.395466899999974,-7.614518499999974],[-45.39920499999994,-7.641058899999962],[-45.41554499999995,-7.645024699999965],[-45.41444599999994,-7.655318899999941],[-45.43253069999997,-7.661538999999948],[-45.43797779999994,-7.678226699999925],[-45.47290859999998,-7.6591454999999655],[-45.48714069999994,-7.637012699999957],[-45.51527059999995,-7.628657899999951],[-45.53466009999994,-7.597360399999957],[-45.54730289999998,-7.599822099999926],[-45.566967699999964,-7.588029399999925],[-45.60833779999996,-7.588601299999937],[-45.64501869999998,-7.605927099999974],[-45.322272699999985,-7.195210499999973],[-45.31273959999993,-7.147567399999957],[-45.29208639999996,-7.148397299999942],[-45.27313189999995,-7.136418499999934],[-45.277094199999965,-7.130673599999966],[-45.26358129999994,-7.090172799999948],[-45.27534989999998,-7.062520999999947],[-45.27446209999994,-7.010458299999925],[-45.246824699999934,-6.986252499999978],[-45.243944699999986,-6.955953499999964],[-45.25138689999994,-6.942516799999964],[-45.27774989999995,-6.94064439999994],[-45.33138309999998,-6.825735099999974],[-45.32409929999994,-6.801246299999946],[-45.32807399999996,-6.788519599999972],[-45.32197249999996,-6.781297599999959],[-45.29017939999994,-6.797129699999971],[-45.25273859999993,-6.787608899999952],[-45.248481899999945,-6.7961592999999425],[-45.219824899999935,-6.795042999999964],[-45.19500809999994,-6.804107899999963],[-45.165218299999935,-6.794420599999967],[-45.16047169999996,-6.811425999999926]]]}},{"id":"557","type":"Feature","properties":{"COD_IBGE":"2106201","MUNICIPIO":"Luís Domingues","UF":"MA"},"geometry":{"type":"MultiPolygon","coordinates":[[[[-45.88692539999994,-1.286239299999977],[-45.88715169999995,-1.2655556999999362],[-45.85269279999994,-1.2379191999999648],[-45.83928309999993,-1.200822399999936],[-45.825571399999944,-1.2025688999999602],[-45.82900849999993,-1.1766264999999407],[-45.80097479999995,-1.1615048999999544],[-45.799642699999936,-1.1799168999999665],[-45.78060099999993,-1.1931653999999412],[-45.780871599999955,-1.215986399999963],[-45.79792319999996,-1.2532686999999783],[-45.813025799999934,-1.2501354999999421],[-45.817456499999935,-1.2626462999999717],[-45.84790799999996,-1.2826096999999663],[-45.83692759999997,-1.3000001999999427],[-45.826639899999975,-1.3004958999999303],[-45.83010829999995,-1.314620399999967],[-45.81222699999995,-1.3143588999999452],[-45.80190959999993,-1.3268057999999314],[-45.808627799999954,-1.3413681999999767],[-45.79789379999994,-1.361823299999969],[-45.82581219999997,-1.418872199999953],[-45.848105799999985,-1.4279951999999412],[-45.87294429999997,-1.4578667999999766],[-45.88994699999995,-1.5242023999999788],[-45.90105859999994,-1.5175278999999477],[-45.91314879999993,-1.5302257999999256],[-45.92383479999995,-1.564867799999945],[-45.93506039999994,-1.5759355999999798],[-46.016269299999976,-1.523629299999925],[-45.90508769999997,-1.29097059999998],[-45.88692539999994,-1.286239299999977]]],[[[-45.825945599999955,-1.1517049999999358],[-45.826242399999956,-1.127115999999944],[-45.80654509999994,-1.1257066999999665],[-45.80450509999997,-1.1442502999999533],[-45.812999599999955,-1.1525205999999457],[-45.825945599999955,-1.1517049999999358]]]]}},{"id":"558","type":"Feature","properties":{"COD_IBGE":"2106300","MUNICIPIO":"Magalhães de Almeida","UF":"MA"},"geometry":{"type":"Polygon","coordinates":[[[-42.24553519999995,-3.1991698999999585],[-41.985558699999956,-3.2225075999999717],[-42.01277579999993,-3.248071399999958],[-42.04098579999993,-3.2471205999999597],[-42.068972299999984,-3.2643564999999626],[-42.12364759999997,-3.2668047999999317],[-42.129657899999984,-3.2823668999999427],[-42.09742959999994,-3.293455999999935],[-42.09938319999998,-3.315313799999956],[-42.12630599999994,-3.314271299999973],[-42.121986299999946,-3.3414419999999723],[-42.14568209999993,-3.3544151999999485],[-42.15066929999995,-3.3866118999999344],[-42.16600329999994,-3.3962783999999715],[-42.191030799999965,-3.3953431999999566],[-42.20173189999997,-3.4313406999999643],[-42.23241029999997,-3.428420199999948],[-42.27274719999997,-3.444713399999955],[-42.276658399999974,-3.266794599999969],[-42.24553519999995,-3.1991698999999585]]]}},{"id":"559","type":"Feature","properties":{"COD_IBGE":"2106326","MUNICIPIO":"Maracaçumé","UF":"MA"},"geometry":{"type":"Polygon","coordinates":[[[-46.05077109999996,-1.9088115999999786],[-45.98245449999996,-1.8235267999999678],[-45.94771789999993,-1.79510659999994],[-45.93313109999997,-1.7879228999999555],[-45.87199529999998,-1.7845118999999272],[-45.88401789999995,-1.791862599999945],[-45.87156269999997,-1.8104121999999734],[-45.878809599999954,-1.8247831999999562],[-45.880384499999934,-1.8690115999999648],[-45.89418789999996,-1.895960999999943],[-45.89058279999995,-1.9163769999999545],[-45.897667799999965,-1.9214029999999411],[-45.896073299999955,-1.936116199999958],[-45.90747799999997,-1.9340079999999489],[-45.910361999999964,-1.9762271999999257],[-45.924648899999966,-1.9908900999999446],[-45.91055759999995,-2.014156299999968],[-45.91746409999996,-2.027786399999968],[-45.92320339999998,-2.026018699999952],[-45.92583389999993,-2.0430037999999513],[-45.980503099999964,-2.1059695999999803],[-45.98486219999995,-2.1510672999999656],[-46.004605699999956,-2.1597019999999247],[-46.04842329999997,-2.144830299999967],[-46.06900069999995,-2.1510043999999766],[-46.12575579999998,-2.2155266999999412],[-46.12978719999995,-2.229656499999976],[-46.140911399999936,-2.2304257999999777],[-46.147654899999964,-2.222747399999946],[-46.13703179999993,-2.1981560999999488],[-46.15092519999996,-2.1947099999999296],[-46.10823549999998,-2.1346726999999532],[-46.098832899999934,-2.092709799999966],[-46.06549279999996,-2.0615075999999704],[-46.049766199999965,-2.0255932999999686],[-46.049050199999954,-2.000992999999937],[-46.08241319999996,-1.9430602999999564],[-46.059182799999974,-1.8965588999999454],[-46.05077109999996,-1.9088115999999786]]]}},{"id":"560","type":"Feature","properties":{"COD_IBGE":"2106359","MUNICIPIO":"Marajá do Sena","UF":"MA"},"geometry":{"type":"Polygon","coordinates":[[[-45.36983669999995,-4.618409099999951],[-45.34516449999995,-4.648512899999957],[-45.40156689999998,-4.689386899999931],[-45.41828499999997,-4.689377299999933],[-45.42061289999998,-4.7542962999999645],[-45.42731429999998,-4.77798839999997],[-45.45585609999995,-4.788077499999929],[-45.45274539999997,-4.803945699999929],[-45.46144719999995,-4.815429999999935],[-45.45667649999996,-4.84172719999998],[-45.476097299999935,-4.835306399999979],[-45.476166699999965,-4.853314099999977],[-45.48716989999997,-4.870459199999971],[-45.503133599999956,-4.86349279999996],[-45.52083769999996,-4.872031499999935],[-45.52645819999998,-4.889644999999973],[-45.552493399999946,-4.895896599999958],[-45.56454459999998,-4.926521999999977],[-45.57514669999995,-4.928942999999947],[-45.570182999999986,-4.937572699999976],[-45.57588009999995,-4.944277599999964],[-45.58296379999996,-4.938341499999979],[-45.57223329999994,-4.919663999999955],[-45.59180989999993,-4.894408399999975],[-45.70702149999994,-4.8335766999999805],[-45.712248999999986,-4.77516559999998],[-45.84903859999997,-4.74394719999998],[-45.867497399999934,-4.62752219999993],[-45.923004799999944,-4.639774699999975],[-45.92006299999997,-4.5586227999999664],[-45.71429189999998,-4.559050599999978],[-45.68020829999995,-4.61304999999993],[-45.686399999999935,-4.626283299999955],[-45.64591789999997,-4.625955599999941],[-45.60978669999997,-4.590971599999932],[-45.59245709999993,-4.607690899999966],[-45.56652789999998,-4.609666499999946],[-45.55225809999996,-4.595605899999953],[-45.50725479999994,-4.614999099999977],[-45.47673409999993,-4.612606399999947],[-45.437153999999964,-4.572145899999953],[-45.38813739999995,-4.58512879999995],[-45.36570599999993,-4.6065410999999585],[-45.36983669999995,-4.618409099999951]]]}},{"id":"561","type":"Feature","properties":{"COD_IBGE":"2106375","MUNICIPIO":"Maranhãozinho","UF":"MA"},"geometry":{"type":"Polygon","coordinates":[[[-46.031391499999984,-2.461475099999973],[-46.03536959999997,-2.4363298999999756],[-46.01680449999998,-2.4279913999999394],[-45.99735689999994,-2.365043999999955],[-46.00958669999994,-2.343570399999976],[-46.007353999999964,-2.2945693999999435],[-45.99819599999995,-2.2736739999999713],[-45.93541759999994,-2.2512958999999455],[-45.94670839999998,-2.2045879999999443],[-45.86378259999998,-2.1817684999999756],[-45.800441099999944,-2.15328779999993],[-45.74739509999995,-2.1893289999999297],[-45.77560699999998,-2.1872043999999278],[-45.805015899999944,-2.202048799999943],[-45.831999199999984,-2.228774699999974],[-45.85240939999994,-2.3454410999999595],[-45.903908899999976,-2.4238253999999415],[-45.911692699999946,-2.529002299999945],[-45.94304749999998,-2.576148899999964],[-45.983920299999966,-2.611957699999948],[-45.998426999999936,-2.6656610999999657],[-45.98797589999998,-2.6808736999999496],[-45.98996989999995,-2.695910099999935],[-46.07528119999995,-2.681669299999953],[-46.02581209999994,-2.6817287999999735],[-46.05625699999996,-2.675332399999945],[-46.06771039999995,-2.6676417999999558],[-46.06337289999993,-2.6604566999999406],[-46.069451399999934,-2.65527579999997],[-46.05812279999998,-2.628063299999951],[-46.05355099999997,-2.5850595999999655],[-46.06662559999995,-2.5740460999999755],[-46.06074609999996,-2.5629904999999553],[-46.06883629999993,-2.558468699999935],[-46.04938869999995,-2.512149499999964],[-46.047857499999964,-2.4714281999999343],[-46.031391499999984,-2.461475099999973]]]}},{"id":"562","type":"Feature","properties":{"COD_IBGE":"2106409","MUNICIPIO":"Mata Roma","UF":"MA"},"geometry":{"type":"Polygon","coordinates":[[[-43.23092249999996,-3.7064141999999265],[-43.33489399999996,-3.682777099999953],[-43.340376499999934,-3.661302899999953],[-43.36760179999993,-3.649640199999965],[-43.36666699999995,-3.623311699999931],[-43.39472529999995,-3.593524299999956],[-43.38306119999993,-3.58336079999998],[-43.387530899999945,-3.5503265999999485],[-43.371389299999976,-3.5452075999999693],[-43.36328279999998,-3.5572100999999634],[-43.33587179999995,-3.5607861999999386],[-43.32368479999997,-3.5763239999999428],[-43.31404289999995,-3.5589722999999367],[-43.31647849999996,-3.537128799999948],[-43.27928199999997,-3.5559080999999537],[-43.25967579999997,-3.5429288999999358],[-43.23891969999994,-3.5408746999999607],[-43.22267029999995,-3.520282899999927],[-43.21286259999994,-3.5262045999999714],[-43.194954199999984,-3.517539799999952],[-43.18281349999995,-3.533528599999954],[-43.18708469999996,-3.541637499999979],[-43.14888709999997,-3.5589833999999314],[-43.13469059999994,-3.551617799999974],[-43.12501919999994,-3.5248013999999444],[-43.11028509999994,-3.5234947999999804],[-43.096718899999985,-3.533595299999945],[-43.088076299999955,-3.5858760999999504],[-43.11233699999997,-3.6346419999999284],[-43.122428799999966,-3.688913199999945],[-43.197697699999935,-3.7829973999999424],[-43.20075129999998,-3.766812899999934],[-43.21480999999994,-3.761377399999958],[-43.23092249999996,-3.7064141999999265]]]}},{"id":"563","type":"Feature","properties":{"COD_IBGE":"2106508","MUNICIPIO":"Matinha","UF":"MA"},"geometry":{"type":"Polygon","coordinates":[[[-45.016729699999985,-3.149736599999926],[-45.03615689999998,-3.1448040999999307],[-45.038315599999976,-3.1305933999999525],[-45.04294009999995,-3.1413426999999388],[-45.05993449999994,-3.134174099999939],[-45.06147059999995,-3.1412903999999457],[-45.081673499999965,-3.0903482999999596],[-45.10400299999998,-3.083466099999953],[-45.11978809999994,-3.064035899999965],[-45.14069759999995,-3.0675741999999673],[-45.14579689999994,-3.0144635999999423],[-45.095402399999955,-2.9310526999999524],[-45.083525399999985,-2.9310276999999587],[-45.070527899999945,-2.9853969999999777],[-45.045920999999964,-3.0136342999999783],[-44.89291019999996,-3.0779141999999524],[-44.91476609999995,-3.042741899999953],[-44.85785019999997,-3.040433499999949],[-44.80655409999997,-3.0655589999999506],[-44.84192439999998,-3.0715895999999248],[-44.80440799999997,-3.1230608999999276],[-44.86518589999997,-3.0906781999999566],[-44.92457529999996,-3.1600804999999355],[-44.949429399999985,-3.165175099999942],[-44.96819719999996,-3.186492499999929],[-44.98160109999998,-3.152189499999963],[-44.98548559999995,-3.1572991999999545],[-44.99252379999996,-3.1519287999999506],[-44.986337799999944,-3.1403711999999473],[-44.998209299999985,-3.1368408999999247],[-45.002754599999946,-3.15419049999997],[-45.01779339999996,-3.127785099999926],[-45.016729699999985,-3.149736599999926]]]}},{"id":"564","type":"Feature","properties":{"COD_IBGE":"2106607","MUNICIPIO":"Matões","UF":"MA"},"geometry":{"type":"Polygon","coordinates":[[[-43.18390359999995,-5.603863199999978],[-43.33624249999997,-5.563867499999958],[-43.376467899999966,-5.512602099999981],[-43.40109599999994,-5.459639599999946],[-43.41185869999998,-5.45278559999997],[-43.45743459999994,-5.451876499999969],[-43.48323399999998,-5.412440599999968],[-43.53109089999998,-5.395547499999964],[-43.536666999999966,-5.402841299999977],[-43.552904799999965,-5.40249799999998],[-43.57474359999998,-5.390984699999933],[-43.57560069999994,-5.375870799999973],[-43.625068699999986,-5.348478399999976],[-43.72274259999995,-5.385597699999948],[-43.758154599999955,-5.315841299999931],[-43.74040689999998,-5.30872839999995],[-43.71350199999995,-5.3116531999999665],[-43.70092669999997,-5.2984440999999265],[-43.56702489999998,-5.230192199999976],[-43.52857849999998,-5.227181899999948],[-43.44742249999996,-5.2883990999999355],[-43.436586999999975,-5.2737063999999805],[-43.451030499999945,-5.223663099999953],[-43.352077399999985,-5.191579699999977],[-43.265862599999934,-5.206072399999925],[-43.228976899999964,-5.182330899999954],[-43.22908549999994,-5.143224999999973],[-43.20595649999996,-5.143160299999977],[-43.20401799999996,-5.1662692999999535],[-43.182500999999945,-5.168609199999935],[-43.15929659999995,-5.2008835999999405],[-43.163994199999934,-5.2502571999999645],[-43.189413299999956,-5.2869437999999604],[-43.16718679999997,-5.332816599999944],[-43.13168079999997,-5.36691339999993],[-43.09804939999998,-5.384884199999931],[-43.05953049999994,-5.384762599999931],[-42.98648789999993,-5.439278899999977],[-42.96835539999995,-5.453523799999971],[-42.97352529999995,-5.484508099999971],[-42.99532819999996,-5.508292899999958],[-43.00422139999995,-5.542678999999964],[-43.024402099999975,-5.561743699999965],[-43.033217399999955,-5.592074099999934],[-43.08199559999997,-5.599512899999979],[-43.094912499999964,-5.614897999999926],[-43.18390359999995,-5.603863199999978]]]}},{"id":"565","type":"Feature","properties":{"COD_IBGE":"2106631","MUNICIPIO":"Matões do Norte","UF":"MA"},"geometry":{"type":"Polygon","coordinates":[[[-44.50539459999993,-3.8487515999999573],[-44.61015139999995,-3.8477988999999297],[-44.610407399999986,-3.659009499999968],[-44.56568969999995,-3.605040699999961],[-44.53171539999994,-3.6101484999999798],[-44.452462099999934,-3.5617837999999438],[-44.44573749999995,-3.629471799999976],[-44.460013199999935,-3.668288699999948],[-44.43956669999994,-3.6870592999999303],[-44.435902399999975,-3.7065794999999753],[-44.42187289999998,-3.7132184999999254],[-44.40369549999997,-3.69354809999993],[-44.37834809999998,-3.6914495999999417],[-44.28453699999994,-3.767168799999979],[-44.312290099999984,-3.7690856999999482],[-44.33579049999997,-3.7904686999999626],[-44.33026339999998,-3.7968035999999756],[-44.34623559999994,-3.8080889999999386],[-44.351319899999964,-3.8273457999999323],[-44.34573779999994,-3.840293499999973],[-44.36104179999995,-3.8648081999999704],[-44.38758969999998,-3.878420099999971],[-44.393182199999956,-3.8965713999999707],[-44.41919459999997,-3.9141440999999304],[-44.411107899999934,-3.9294356999999422],[-44.41532209999997,-3.9387771999999472],[-44.480042899999944,-3.9191644999999653],[-44.50539459999993,-3.8487515999999573]]]}},{"id":"566","type":"Feature","properties":{"COD_IBGE":"2106672","MUNICIPIO":"Milagres do Maranhão","UF":"MA"},"geometry":{"type":"Polygon","coordinates":[[[-42.633052299999974,-3.6320817999999804],[-42.79731419999996,-3.530461599999967],[-42.98738149999997,-3.553335699999934],[-42.97557729999994,-3.545488599999942],[-42.97574489999994,-3.535236399999974],[-42.98516929999994,-3.509377299999926],[-42.99633069999993,-3.503522499999974],[-42.96969259999997,-3.485798999999929],[-42.98803959999998,-3.47085809999993],[-42.977848499999936,-3.457892499999957],[-42.97566839999996,-3.4299782999999593],[-42.93195629999997,-3.387591099999952],[-42.75294359999998,-3.4139882999999713],[-42.56268849999998,-3.559418199999925],[-42.56829759999994,-3.5704845999999293],[-42.611770099999944,-3.5871406999999635],[-42.61882509999998,-3.620656699999927],[-42.633052299999974,-3.6320817999999804]]]}},{"id":"567","type":"Feature","properties":{"COD_IBGE":"2106706","MUNICIPIO":"Mirador","UF":"MA"},"geometry":{"type":"Polygon","coordinates":[[[-44.42120219999998,-6.013363999999967],[-44.41009399999996,-6.004414699999927],[-44.395627299999944,-6.012575999999967],[-44.388741599999946,-6.0034590999999295],[-44.36431389999996,-6.002212799999938],[-44.330663999999956,-6.023916099999951],[-44.31388929999997,-6.025065899999959],[-44.23891979999996,-6.166535099999976],[-44.17168499999997,-6.255930599999942],[-44.63213379999996,-6.6822678999999425],[-44.64404059999998,-6.680492099999981],[-44.64501949999993,-6.6898638999999775],[-44.66034049999996,-6.689991799999973],[-44.66023349999995,-6.697360899999978],[-44.66339869999996,-6.690748299999939],[-44.66880159999994,-6.700518699999975],[-44.68053579999997,-6.692050999999935],[-44.685115199999984,-6.703144899999927],[-44.69871559999996,-6.693798299999969],[-44.705385399999955,-6.704216699999961],[-44.711900399999934,-6.696802299999945],[-44.72710459999996,-6.707935499999962],[-44.772834699999976,-6.715997499999958],[-44.77419809999998,-6.710369799999967],[-44.88442769999995,-6.702759699999945],[-44.89297989999994,-6.7120764999999665],[-44.90258739999996,-6.705833799999937],[-44.93389289999993,-6.71383789999993],[-44.944207699999936,-6.73164689999993],[-44.96845519999994,-6.740994799999953],[-44.97955099999996,-6.731801399999938],[-45.00889339999998,-6.729929799999979],[-45.009675699999946,-6.736578099999974],[-45.060666899999944,-6.76049299999994],[-45.06005719999996,-6.773417299999949],[-45.07075569999995,-6.7845435999999495],[-45.082430699999975,-6.782701799999927],[-45.09330259999996,-6.789949199999967],[-45.09346599999998,-6.799353899999971],[-45.11988829999996,-6.816329699999926],[-45.142498399999965,-6.807250999999951],[-45.16047169999996,-6.811425999999926],[-45.165218299999935,-6.794420599999967],[-45.19500809999994,-6.804107899999963],[-45.219824899999935,-6.795042999999964],[-45.248481899999945,-6.7961592999999425],[-45.25273859999993,-6.787608899999952],[-45.29729489999994,-6.795953999999938],[-45.32670409999997,-6.776860699999929],[-45.35026829999998,-6.782260599999972],[-45.368722899999966,-6.758381399999962],[-45.38315749999998,-6.756748099999925],[-45.40906369999993,-6.760411099999942],[-45.42518739999997,-6.773687199999927],[-45.45026939999997,-6.777888399999938],[-45.45906189999994,-6.789111099999957],[-45.49456489999994,-6.795816999999943],[-45.50170869999994,-6.803808799999956],[-45.54511499999995,-6.8034037999999555],[-45.575378099999966,-6.819980699999974],[-45.60170539999996,-6.815729099999942],[-45.62254669999993,-6.797571199999936],[-45.649210299999936,-6.748633599999948],[-45.680461399999956,-6.727434899999935],[-45.721176499999956,-6.711357699999951],[-45.73296279999994,-6.713826199999971],[-45.746498299999985,-6.700131699999929],[-45.800863499999934,-6.719030699999962],[-45.82717679999996,-6.715649599999949],[-45.847135099999946,-6.722866099999976],[-45.948076999999955,-6.674022199999968],[-45.92772229999997,-6.647212999999965],[-45.894160099999965,-6.643940399999963],[-45.85003229999995,-6.600157299999978],[-45.81438689999993,-6.59865869999993],[-45.79403949999994,-6.585185299999978],[-45.77967689999997,-6.589519899999971],[-45.76761229999994,-6.582666499999959],[-45.76168039999993,-6.567509199999961],[-45.752701599999966,-6.568471199999976],[-45.73919079999996,-6.541949099999954],[-45.72239529999996,-6.52988739999995],[-45.729940099999965,-6.518027199999949],[-45.71288499999997,-6.489310199999977],[-45.71440149999995,-6.468387399999926],[-45.62832879999996,-6.477038199999981],[-45.59299629999998,-6.460530399999925],[-45.587242799999956,-6.4471710999999345],[-45.553966799999955,-6.452851599999974],[-45.543413499999986,-6.439000399999941],[-45.516101299999946,-6.436731799999961],[-45.49779369999993,-6.418862799999943],[-45.47949579999994,-6.428600699999947],[-45.467107099999964,-6.421756399999936],[-45.42738459999998,-6.422667299999944],[-45.421105799999964,-6.429897599999947],[-45.39560089999998,-6.431520099999943],[-45.376129299999945,-6.414302099999929],[-45.334101799999985,-6.407824799999958],[-45.32699599999995,-6.395536899999968],[-45.30274159999993,-6.392830299999957],[-45.30082399999998,-6.374387799999965],[-45.26779659999994,-6.361901299999943],[-45.27985129999996,-6.341904099999965],[-45.258996399999944,-6.347767799999929],[-45.21941149999998,-6.3271788999999785],[-45.21412899999996,-6.317294899999979],[-45.207829799999956,-6.330509199999938],[-45.19804719999996,-6.327510899999936],[-45.199856799999964,-6.319926899999928],[-45.17407799999995,-6.313012199999946],[-45.16465919999996,-6.301960399999928],[-45.141794499999946,-6.308054299999981],[-45.14013639999996,-6.30104979999993],[-45.104015699999934,-6.323132899999962],[-45.09001939999996,-6.31543419999997],[-45.087657399999955,-6.32445569999993],[-45.07255169999996,-6.328343299999972],[-45.07846459999996,-6.337513899999976],[-45.07354129999993,-6.352026499999965],[-45.04396479999997,-6.34421969999994],[-44.984043199999974,-6.350896199999966],[-44.95051779999994,-6.33578319999998],[-44.94896159999996,-6.324536399999943],[-44.91984889999998,-6.293644099999938],[-44.89357649999994,-6.209424899999931],[-44.88163289999994,-6.205621599999972],[-44.868019999999945,-6.181337499999927],[-44.874237999999934,-6.162384599999939],[-44.86698639999997,-6.156769299999951],[-44.85937859999996,-6.164114099999949],[-44.84995969999994,-6.152246499999933],[-44.82476799999995,-6.143388899999934],[-44.814153499999975,-6.124902999999961],[-44.771317899999985,-6.104875899999968],[-44.76554159999995,-6.0885851999999545],[-44.739403299999935,-6.090186699999947],[-44.691243199999974,-6.0512575999999285],[-44.66657539999994,-6.048281399999951],[-44.649269999999945,-6.032929099999933],[-44.636735399999964,-6.039012499999956],[-44.63513379999995,-6.0274153999999385],[-44.618195499999956,-6.028730799999948],[-44.56202899999994,-5.991868499999953],[-44.54477289999994,-5.9974628999999595],[-44.493121299999984,-5.984362099999942],[-44.42120219999998,-6.013363999999967]]]}},{"id":"568","type":"Feature","properties":{"COD_IBGE":"2106755","MUNICIPIO":"Miranda do Norte","UF":"MA"},"geometry":{"type":"Polygon","coordinates":[[[-44.59396749999996,-3.445728499999973],[-44.55669939999996,-3.454041899999936],[-44.521713999999974,-3.4715459999999325],[-44.50056529999995,-3.4659635999999523],[-44.470483599999966,-3.4852635999999393],[-44.400100399999985,-3.459824499999968],[-44.39040269999998,-3.441571099999976],[-44.38509929999998,-3.4746579999999767],[-44.40645209999997,-3.510931199999959],[-44.400286499999936,-3.5302934999999707],[-44.53171539999994,-3.6101484999999798],[-44.56568969999995,-3.605040699999961],[-44.610407399999986,-3.659009499999968],[-44.62577109999995,-3.490271899999925],[-44.61106159999997,-3.4826761999999576],[-44.59396749999996,-3.445728499999973]]]}},{"id":"569","type":"Feature","properties":{"COD_IBGE":"2106805","MUNICIPIO":"Mirinzal","UF":"MA"},"geometry":{"type":"Polygon","coordinates":[[[-44.77976649999994,-1.9440452999999707],[-44.72916449999997,-1.8886541999999622],[-44.73064039999997,-1.909138799999937],[-44.71715399999994,-1.9098939999999516],[-44.715998999999954,-1.9246489999999312],[-44.70335689999996,-1.9203850999999759],[-44.700201499999935,-1.9614288999999303],[-44.72243789999993,-1.9817399999999452],[-44.71243679999998,-2.026882099999966],[-44.68319139999994,-2.05242329999993],[-44.719096099999945,-2.0643583999999464],[-44.72129219999994,-2.0840798999999492],[-44.75406449999997,-2.11979759999997],[-44.75186139999994,-2.1368231999999807],[-44.782268399999964,-2.167274599999928],[-44.78395629999994,-2.1868541999999707],[-44.798112499999945,-2.1744054999999776],[-44.79575289999997,-2.152031999999963],[-44.835491899999965,-2.149748099999954],[-44.85816239999997,-2.125117899999964],[-44.87139049999996,-2.1450563999999304],[-44.86878829999995,-2.165498199999945],[-44.90006489999996,-2.190241199999946],[-44.91722729999998,-2.2191057999999657],[-44.96586079999997,-2.2510471999999595],[-44.96986199999998,-2.014678799999956],[-44.92491169999994,-2.014965699999948],[-44.925225599999976,-1.9449225999999271],[-44.77976649999994,-1.9440452999999707]]]}},{"id":"570","type":"Feature","properties":{"COD_IBGE":"2106904","MUNICIPIO":"Monção","UF":"MA"},"geometry":{"type":"Polygon","coordinates":[[[-45.27971499999995,-3.5971775999999522],[-45.28488989999994,-3.5690430999999307],[-45.28940929999993,-3.5778223999999454],[-45.297525399999984,-3.5685759999999505],[-45.29027419999994,-3.5591880999999717],[-45.30398309999998,-3.5644172999999455],[-45.307884899999976,-3.5765055999999618],[-45.29877609999994,-3.5836645999999632],[-45.308832999999936,-3.5942143999999416],[-45.34473839999998,-3.6036040999999273],[-45.35337479999998,-3.578607599999941],[-45.38547369999998,-3.5737810999999624],[-45.39048959999997,-3.560286099999928],[-45.39730439999994,-3.5739101999999434],[-45.437819599999955,-3.5870537999999783],[-45.44353769999998,-3.5952620999999567],[-45.46404929999994,-3.592062599999963],[-45.46884199999994,-3.6040854999999397],[-45.490760999999964,-3.6111393999999564],[-45.50885119999998,-3.5755786999999373],[-45.52013789999995,-3.5811841999999388],[-45.52850239999998,-3.5649369999999294],[-45.520759699999985,-3.53856159999998],[-45.53481829999998,-3.527653599999951],[-45.54224039999997,-3.4850214999999594],[-45.44408979999997,-3.3994244999999523],[-45.490324499999986,-3.306817199999955],[-45.55218469999994,-3.279482899999948],[-45.57970259999996,-3.2408443999999577],[-45.45086879999997,-3.2963351999999304],[-45.363584999999944,-3.366183299999932],[-45.33531609999994,-3.340709699999934],[-45.260338399999966,-3.3713482999999655],[-45.27170529999995,-3.3924517999999466],[-45.08321689999997,-3.420590299999958],[-45.078219099999956,-3.4298959999999283],[-45.08496709999997,-3.4378136999999356],[-45.07414389999997,-3.452475799999945],[-45.08151719999995,-3.45931029999997],[-45.088682999999946,-3.4506909999999493],[-45.088909899999976,-3.4685557999999332],[-45.09774369999997,-3.4603942999999617],[-45.09480119999995,-3.4718981999999414],[-45.10725999999994,-3.475414599999965],[-45.10453249999995,-3.4855624999999577],[-45.129741199999955,-3.508618399999932],[-45.118451499999935,-3.528488799999934],[-45.12591749999996,-3.5817294999999376],[-45.16234929999996,-3.604936499999951],[-45.163314699999944,-3.6145916999999486],[-45.20216889999995,-3.6266597999999703],[-45.22567339999995,-3.6440644999999563],[-45.25116939999998,-3.693977299999972],[-45.26250989999994,-3.688994199999968],[-45.28231919999996,-3.698231699999951],[-45.288221299999975,-3.7182006999999544],[-45.323743399999955,-3.695721599999956],[-45.33071839999997,-3.6732917999999586],[-45.31843599999996,-3.6376025999999797],[-45.30462959999994,-3.6367667999999753],[-45.30115639999997,-3.6127482999999643],[-45.27971499999995,-3.5971775999999522]]]}},{"id":"571","type":"Feature","properties":{"COD_IBGE":"2107001","MUNICIPIO":"Montes Altos","UF":"MA"},"geometry":{"type":"Polygon","coordinates":[[[-47.17259889999997,-6.033014999999978],[-47.18160409999996,-6.042978699999935],[-47.19503059999994,-6.038053599999955],[-47.178610499999934,-6.007612699999925],[-47.18792999999994,-5.986672099999964],[-47.17486429999997,-5.961095799999953],[-47.20332109999998,-5.9601257999999575],[-47.19118059999994,-5.948524499999962],[-47.19358039999997,-5.932417999999927],[-47.161743899999976,-5.893093199999953],[-47.17392709999996,-5.865727899999968],[-47.19619039999998,-5.861163699999963],[-47.21332579999995,-5.867899199999954],[-47.22438049999994,-5.855628399999944],[-47.246936699999935,-5.856559299999958],[-47.24767349999996,-5.845856099999935],[-47.286503599999946,-5.858615799999939],[-47.28659209999995,-5.84879049999995],[-47.304713299999946,-5.846135499999946],[-47.307641899999965,-5.838100899999972],[-47.32987429999997,-5.838922299999979],[-47.34432999999996,-5.813035799999966],[-47.31612199999995,-5.801385299999936],[-47.32762239999994,-5.785602599999947],[-47.31411889999998,-5.7836796999999365],[-47.31762509999993,-5.77624099999997],[-47.30931529999998,-5.783139399999925],[-47.294015799999954,-5.775417799999957],[-47.29211729999997,-5.765980499999955],[-47.259808599999985,-5.775841399999933],[-47.24209049999996,-5.770207899999946],[-47.249346499999945,-5.763131699999974],[-47.23159579999998,-5.767477699999972],[-47.228833899999984,-5.775801899999976],[-47.22189399999996,-5.770192099999974],[-47.20078829999994,-5.774171799999976],[-47.169581999999934,-5.738567899999964],[-47.13456659999997,-5.729472499999929],[-47.085326099999975,-5.670918099999938],[-46.975160399999936,-5.641310999999973],[-46.94643089999994,-5.625174199999947],[-46.946366499999954,-5.6369728999999325],[-46.93445239999994,-5.634589199999937],[-46.926257599999985,-5.656585899999925],[-46.93645369999996,-5.660031899999979],[-46.92278019999998,-5.695186799999931],[-46.91169729999996,-5.696352999999931],[-46.92303319999996,-5.7171478999999295],[-46.91314569999997,-5.7376685999999495],[-46.91786369999994,-5.759072199999935],[-46.90201269999994,-5.759604399999944],[-46.907086499999934,-5.779026999999928],[-46.894447799999966,-5.791781299999968],[-46.887086099999976,-5.823496599999942],[-46.87724709999998,-5.8287462999999775],[-46.88903339999996,-5.851193399999943],[-46.892988199999934,-5.891514399999949],[-46.874903899999936,-5.911648199999945],[-46.84686769999996,-5.905430799999976],[-46.83029749999997,-5.8923482999999806],[-46.78236529999998,-5.898831899999948],[-46.77590269999996,-5.914342899999951],[-46.79083829999996,-5.925307299999929],[-46.78335959999998,-5.967087799999945],[-46.80289869999996,-5.972401699999978],[-46.84305909999995,-5.9675099999999475],[-46.858473199999935,-5.980684999999937],[-46.85289419999998,-5.992218699999967],[-46.886473999999964,-6.011369299999956],[-46.91779279999997,-6.008795199999952],[-46.921159699999976,-6.017016099999978],[-46.936697299999935,-6.011325899999974],[-46.94547329999995,-6.042254299999968],[-46.96582259999997,-6.040853299999981],[-46.96933179999996,-6.047571599999969],[-46.97786929999995,-6.038304799999935],[-46.98566669999997,-6.051021299999945],[-47.008863599999984,-6.041051399999958],[-47.01309109999994,-6.050901499999952],[-47.01721379999998,-6.042542399999945],[-47.02596209999996,-6.046464899999933],[-47.02575189999993,-6.0373387999999295],[-47.03814799999998,-6.035597799999948],[-47.04144699999995,-6.0267387999999755],[-47.087030399999946,-6.029047699999978],[-47.096497099999965,-6.019335199999944],[-47.114847199999986,-6.019143399999962],[-47.13649149999998,-6.033381499999962],[-47.16091549999993,-6.026966899999934],[-47.16285229999994,-6.041099799999927],[-47.17259889999997,-6.033014999999978]]]}},{"id":"572","type":"Feature","properties":{"COD_IBGE":"2107100","MUNICIPIO":"Morros","UF":"MA"},"geometry":{"type":"Polygon","coordinates":[[[-44.008273799999984,-2.9620897999999443],[-44.028003199999944,-2.9477651999999352],[-44.02150939999996,-2.9233581999999387],[-44.029762699999935,-2.9045074999999656],[-44.067008199999975,-2.892943799999955],[-44.061036299999955,-2.8766824999999585],[-44.04419299999995,-2.8671094999999696],[-44.05245489999993,-2.85644039999994],[-44.050275099999965,-2.807722799999965],[-43.74506169999995,-2.8078100999999265],[-43.74552569999997,-2.6375054999999747],[-43.59856879999995,-2.9638012999999432],[-43.542145199999936,-3.1296696999999654],[-43.783392299999946,-3.292557699999975],[-43.799585399999955,-3.29259959999996],[-43.79042449999997,-3.2596074999999587],[-43.77492819999998,-3.2483605999999554],[-43.783701399999984,-3.2134443999999576],[-43.753948399999956,-3.1703057999999373],[-43.754058199999974,-3.1313146999999617],[-43.76561659999993,-3.0991326999999274],[-43.782848299999955,-3.0847369999999614],[-43.86070639999997,-3.0626121999999327],[-43.88723559999994,-3.0492781999999465],[-43.901616299999944,-3.031978199999969],[-43.996101599999974,-2.988828299999966],[-44.008273799999984,-2.9620897999999443]]]}},{"id":"573","type":"Feature","properties":{"COD_IBGE":"2107209","MUNICIPIO":"Nina Rodrigues","UF":"MA"},"geometry":{"type":"Polygon","coordinates":[[[-43.80073779999998,-3.4753286999999773],[-43.98428569999993,-3.501220299999943],[-43.994821799999954,-3.4803368999999407],[-43.95468509999995,-3.41385379999997],[-43.946896899999956,-3.411518199999932],[-43.94398869999998,-3.4181387999999515],[-43.783701399999984,-3.2134443999999576],[-43.77492819999998,-3.2483605999999554],[-43.79148299999997,-3.261692299999936],[-43.804177299999935,-3.3152912999999558],[-43.788145199999974,-3.3323639999999273],[-43.76625819999998,-3.320468799999958],[-43.745951899999966,-3.355402399999946],[-43.74562149999997,-3.3780633999999736],[-43.73592339999993,-3.3854012999999554],[-43.72670849999997,-3.3821558999999297],[-43.71772939999994,-3.3927518999999506],[-43.71578569999997,-3.4078642999999715],[-43.739089399999955,-3.4292829999999412],[-43.73627439999996,-3.4391069999999786],[-43.72981639999995,-3.4426617999999394],[-43.70267569999993,-3.4807464999999524],[-43.606697699999984,-3.6186726999999337],[-43.60683199999994,-3.619021499999974],[-43.61602239999996,-3.6199840999999537],[-43.62226419999996,-3.603570399999967],[-43.63285689999998,-3.612461899999971],[-43.643711199999984,-3.604940699999929],[-43.65099249999997,-3.578697199999965],[-43.65890749999994,-3.5888351999999486],[-43.68716059999997,-3.5756554999999253],[-43.69994649999995,-3.579320199999927],[-43.71490449999993,-3.5680979999999636],[-43.709720499999946,-3.5597625999999423],[-43.737841199999934,-3.5453348999999434],[-43.740839499999936,-3.5362047999999504],[-43.75184139999993,-3.546120599999938],[-43.75370229999993,-3.5369832999999744],[-43.77421389999995,-3.5269753999999693],[-43.80073779999998,-3.4753286999999773]]]}},{"id":"574","type":"Feature","properties":{"COD_IBGE":"2107258","MUNICIPIO":"Nova Colinas","UF":"MA"},"geometry":{"type":"Polygon","coordinates":[[[-46.224721699999975,-7.036916699999949],[-46.07179529999996,-7.159892799999966],[-46.19808989999996,-7.257960999999966],[-46.24499929999996,-7.340921599999945],[-46.25766219999997,-7.34787799999998],[-46.29341679999993,-7.3384580999999685],[-46.30638929999998,-7.318392199999948],[-46.312471699999946,-7.283906199999933],[-46.29974859999993,-7.232801299999949],[-46.303562899999974,-7.222702399999946],[-46.29313989999997,-7.199846599999944],[-46.45104559999993,-7.066450699999962],[-46.40434929999998,-6.99852889999994],[-46.341754099999946,-6.998616199999958],[-46.224721699999975,-7.036916699999949]]]}},{"id":"575","type":"Feature","properties":{"COD_IBGE":"2107308","MUNICIPIO":"Nova Iorque","UF":"MA"},"geometry":{"type":"Polygon","coordinates":[[[-43.987733599999956,-6.757277899999963],[-44.05337069999996,-6.768308799999943],[-44.05906259999995,-6.808437499999968],[-44.069697099999985,-6.821377499999926],[-44.088874199999964,-6.803301199999964],[-44.11627559999994,-6.8057858999999326],[-44.113039699999945,-6.82315559999995],[-44.09870979999994,-6.839943699999935],[-44.100649499999975,-6.851142099999947],[-44.107207899999935,-6.857772399999931],[-44.11417749999998,-6.852870199999927],[-44.119898199999966,-6.832788799999946],[-44.13917269999996,-6.864107199999978],[-44.163480799999945,-6.874521299999969],[-44.175848299999984,-6.89560599999993],[-44.17503889999995,-6.925169799999935],[-44.19860229999995,-6.929762399999959],[-44.20817189999997,-6.969945199999927],[-44.235954499999934,-6.998712299999966],[-44.24927509999998,-7.000540799999953],[-44.25324269999993,-6.976202899999976],[-44.273144499999944,-6.956103299999938],[-44.28935899999993,-6.957717399999979],[-44.305877599999974,-6.942619299999933],[-44.32271059999994,-6.94376079999995],[-44.32893299999995,-6.937137599999971],[-44.214733499999966,-6.743642799999975],[-43.79085709999998,-6.545092599999975],[-43.75382129999997,-6.703487999999936],[-43.774843199999964,-6.71493659999993],[-43.79506369999996,-6.702071799999942],[-43.808185899999955,-6.720272999999963],[-43.85376089999994,-6.735611699999936],[-43.879917999999975,-6.75778239999994],[-43.91379429999995,-6.752661499999931],[-43.932371599999954,-6.771995699999934],[-43.96120969999998,-6.741898399999968],[-43.987733599999956,-6.757277899999963]]]}},{"id":"576","type":"Feature","properties":{"COD_IBGE":"2107357","MUNICIPIO":"Nova Olinda do Maranhão","UF":"MA"},"geometry":{"type":"Polygon","coordinates":[[[-45.64181069999995,-2.655518699999959],[-45.63796769999993,-2.9026622999999745],[-45.65100929999994,-2.884730799999943],[-45.65761969999994,-2.8864209999999275],[-45.643471699999964,-2.91067019999997],[-45.65543059999993,-2.9173361999999656],[-45.66969369999998,-2.908005699999933],[-45.65817929999997,-2.936080299999958],[-45.663751299999944,-2.9443250999999577],[-45.675624599999935,-2.9312402999999563],[-45.69409689999998,-2.9470808999999463],[-45.703797399999985,-2.9420058999999696],[-45.71394649999996,-2.9488039999999387],[-45.740103799999986,-2.926197199999933],[-45.746300099999985,-2.9386800999999423],[-45.73951489999996,-2.9669964999999365],[-45.748506599999985,-2.9525239999999258],[-45.75743929999993,-2.9608182999999713],[-45.77132779999994,-2.9487304999999537],[-45.79100949999997,-2.948242999999934],[-45.791013299999975,-2.956609999999955],[-45.78219059999998,-2.959166899999957],[-45.78919859999996,-2.972531999999944],[-45.794436099999984,-2.9669150999999374],[-45.80100989999994,-2.9869840999999724],[-45.809248199999956,-2.9672453999999675],[-45.82003679999997,-2.9716942999999674],[-45.82408369999996,-2.958082699999977],[-45.84067479999993,-2.9535344999999325],[-45.844906299999934,-2.9607337999999572],[-45.83855619999997,-2.9712566999999694],[-45.84942549999994,-2.978306299999929],[-45.84703459999997,-2.9884795999999483],[-45.87217259999994,-2.991902399999958],[-45.86876129999996,-2.9977406999999516],[-45.879970499999956,-3.00564339999994],[-45.89069569999998,-3.003638199999955],[-45.90239649999995,-3.0275598999999715],[-45.918773199999976,-3.0286905999999476],[-45.92653619999993,-3.021017699999959],[-45.93229749999995,-3.0304097999999726],[-45.92328799999996,-3.037279999999953],[-45.93053729999997,-3.0526049999999714],[-45.94334259999994,-3.0457335999999486],[-45.945911699999954,-3.0670904999999493],[-45.959668799999974,-3.063497499999926],[-45.981153699999936,-3.0785706999999434],[-45.982392999999945,-3.0707257999999342],[-45.98898019999996,-3.0739434999999276],[-46.00172029999993,-3.061730999999952],[-46.016270299999974,-3.0805676999999605],[-46.02788859999998,-3.07462019999997],[-46.05572549999994,-3.094072199999971],[-46.06131779999998,-3.1107110999999463],[-46.075368399999945,-3.104284199999938],[-46.08125529999995,-3.1179994999999394],[-46.094131499999946,-3.1237133999999287],[-46.09284659999997,-3.142326799999978],[-46.104598899999985,-3.1500996999999415],[-46.20112369999998,-3.1670852999999397],[-46.22501639999996,-3.1583173999999303],[-46.24062419999996,-3.166411699999969],[-46.247671699999955,-3.15724739999996],[-46.26671319999997,-3.1591414999999756],[-46.274485099999936,-3.1881289999999467],[-46.31080899999995,-3.190764099999967],[-46.34972839999995,-3.2139402999999334],[-46.39116199999995,-3.2737449999999626],[-46.40079319999995,-3.2120625999999675],[-46.37913659999998,-3.1659645999999384],[-46.29084569999998,-3.075629499999934],[-46.20621909999994,-3.0305037999999627],[-46.190001999999936,-3.0106232999999634],[-46.17914919999998,-2.9581743999999617],[-46.12256389999993,-2.9072274999999763],[-46.13162859999994,-2.8654345999999578],[-46.09169209999993,-2.8077641999999514],[-46.090813699999956,-2.7836862999999425],[-46.06918639999998,-2.741190599999925],[-46.07995589999996,-2.714046099999962],[-46.064407399999936,-2.686344199999951],[-45.979544499999975,-2.694191299999943],[-45.79811089999998,-2.648683799999958],[-45.75491439999996,-2.620729199999971],[-45.64181069999995,-2.655518699999959]]]}},{"id":"577","type":"Feature","properties":{"COD_IBGE":"2107407","MUNICIPIO":"Olho d'Água das Cunhãs","UF":"MA"},"geometry":{"type":"Polygon","coordinates":[[[-45.20941239999996,-4.0660283999999365],[-45.20698719999996,-3.9719073999999637],[-45.073654799999986,-3.917302999999947],[-45.08604359999998,-3.9335344999999506],[-45.06309509999994,-3.9305830999999785],[-45.05404559999994,-3.9519659999999703],[-45.03461029999994,-3.952029899999957],[-45.010204999999985,-3.9644514999999387],[-45.00853409999996,-3.9826464999999303],[-45.02901899999995,-4.041153799999961],[-45.01996499999996,-4.057875499999966],[-45.01491219999997,-4.115932399999963],[-45.00399949999996,-4.131112799999926],[-45.012054199999966,-4.1287507999999775],[-45.02673489999995,-4.146674299999972],[-45.02554459999993,-4.1562891999999465],[-45.03684009999995,-4.167482299999961],[-45.034268399999974,-4.18299449999995],[-45.08703719999994,-4.202916099999925],[-45.08513409999995,-4.2220477999999275],[-45.09815029999993,-4.2403942999999344],[-45.08756839999995,-4.255258699999956],[-45.089333899999986,-4.271650699999952],[-45.11463759999998,-4.294869699999936],[-45.10672429999994,-4.328836499999966],[-45.20399539999994,-4.197431999999935],[-45.19755139999995,-4.189117299999964],[-45.21043499999996,-4.184309599999949],[-45.215675999999974,-4.164255999999966],[-45.23959949999994,-4.14863239999994],[-45.25269079999998,-4.148608799999977],[-45.20941239999996,-4.0660283999999365]]]}},{"id":"578","type":"Feature","properties":{"COD_IBGE":"2107456","MUNICIPIO":"Olinda Nova do Maranhão","UF":"MA"},"geometry":{"type":"Polygon","coordinates":[[[-44.89291019999996,-3.0779141999999524],[-45.045920999999964,-3.0136342999999783],[-45.070527899999945,-2.9853969999999777],[-45.083525399999985,-2.9310276999999587],[-45.11986479999996,-2.936482999999953],[-45.12569449999995,-2.9204956999999467],[-45.02721959999997,-2.8876483999999323],[-45.018380899999954,-2.8983519999999316],[-45.01754289999997,-2.936292299999934],[-44.99612959999996,-2.9250677999999652],[-44.99035129999993,-2.935759899999937],[-44.96618199999995,-2.94641919999998],[-44.96202199999993,-2.967099399999938],[-44.96807069999994,-2.9720272999999793],[-44.93581979999993,-2.979453899999953],[-44.93365309999996,-2.988275099999953],[-44.94221169999997,-2.990330799999981],[-44.94376059999996,-2.9964660999999637],[-44.93085599999995,-2.992603499999973],[-44.92224059999995,-3.0001304999999547],[-44.93609639999994,-3.0243591999999353],[-44.91893309999995,-3.02123389999997],[-44.92249349999997,-3.0354014999999777],[-44.909627299999954,-3.0387148999999454],[-44.914658799999984,-3.046072299999935],[-44.90768179999998,-3.050701799999956],[-44.914408099999946,-3.051243099999965],[-44.903263599999946,-3.056238399999927],[-44.89291019999996,-3.0779141999999524]]]}},{"id":"579","type":"Feature","properties":{"COD_IBGE":"2107506","MUNICIPIO":"Paço do Lumiar","UF":"MA"},"geometry":{"type":"Polygon","coordinates":[[[-44.137895399999934,-2.5543301999999244],[-44.19073389999994,-2.55375429999998],[-44.192839799999945,-2.5462294999999244],[-44.17821689999994,-2.5083587999999395],[-44.183691099999976,-2.460995799999978],[-44.17384549999997,-2.4580433999999514],[-44.172888299999954,-2.4756880999999566],[-44.152759199999934,-2.4729207999999403],[-44.12700079999996,-2.456156799999974],[-44.10916999999995,-2.455072399999949],[-44.100014199999976,-2.4633393999999385],[-44.094408699999974,-2.4546659999999747],[-44.06066089999996,-2.4613687999999456],[-44.077038899999934,-2.465794199999948],[-44.06411049999997,-2.472639299999969],[-44.058321199999966,-2.4991937999999436],[-44.05945529999997,-2.5233976999999754],[-44.073281399999985,-2.525022999999976],[-44.07710519999995,-2.5423366999999644],[-44.137895399999934,-2.5543301999999244]]]}},{"id":"580","type":"Feature","properties":{"COD_IBGE":"2107605","MUNICIPIO":"Palmeirândia","UF":"MA"},"geometry":{"type":"Polygon","coordinates":[[[-45.02578169999998,-2.5642173999999613],[-44.94451219999996,-2.618616799999927],[-44.874543899999935,-2.6267647999999326],[-44.87803549999995,-2.642486399999939],[-44.87484139999998,-2.6374170999999365],[-44.86955199999994,-2.6475222999999346],[-44.84026799999998,-2.6593367999999487],[-44.87487269999997,-2.699416299999939],[-45.15853169999997,-2.8370539999999664],[-45.18387759999996,-2.7984179999999697],[-45.16510019999998,-2.7674233999999274],[-45.12914609999996,-2.7451703999999495],[-45.12856179999994,-2.7176399999999603],[-45.10607719999996,-2.679962299999943],[-45.112374699999975,-2.6610235999999645],[-45.08689009999995,-2.651459099999954],[-45.094446699999935,-2.6340820999999437],[-45.086499999999944,-2.615143899999964],[-45.07622959999998,-2.610068799999965],[-45.07099419999997,-2.5587213999999676],[-45.058214599999985,-2.5582890999999677],[-45.054182899999944,-2.5690234999999575],[-45.04792679999997,-2.568003499999975],[-45.04984179999997,-2.547475199999951],[-45.041549499999974,-2.542134899999951],[-45.02578169999998,-2.5642173999999613]]]}},{"id":"581","type":"Feature","properties":{"COD_IBGE":"2107704","MUNICIPIO":"Paraibano","UF":"MA"},"geometry":{"type":"Polygon","coordinates":[[[-43.92716009999998,-6.543787599999973],[-44.05785329999998,-6.369530399999974],[-44.09975079999998,-6.351455499999929],[-43.96632169999998,-6.295574099999953],[-43.91130739999994,-6.300361499999951],[-43.85926239999998,-6.284288299999957],[-43.83673339999996,-6.345376199999976],[-43.83836949999994,-6.382309599999928],[-43.811922599999946,-6.42834849999997],[-43.78436329999994,-6.4549279999999385],[-43.80873619999994,-6.467384999999979],[-43.82118939999998,-6.512698199999932],[-43.842790599999944,-6.516999399999975],[-43.87234229999996,-6.509506299999941],[-43.92716009999998,-6.543787599999973]]]}},{"id":"582","type":"Feature","properties":{"COD_IBGE":"2107803","MUNICIPIO":"Parnarama","UF":"MA"},"geometry":{"type":"Polygon","coordinates":[[[-43.08856019999996,-5.671596999999963],[-43.07580679999995,-5.735486099999946],[-43.09416259999995,-5.742241099999944],[-43.10116709999994,-5.758628299999941],[-43.090416999999945,-5.80782679999993],[-43.096524999999986,-5.829799399999956],[-43.074927199999934,-5.867714699999965],[-43.098381899999936,-5.899685899999952],[-43.09642729999996,-5.9097101999999495],[-43.56554969999996,-5.913063399999942],[-43.571753799999954,-5.889274799999953],[-43.56084839999994,-5.89123879999994],[-43.560245099999975,-5.882810899999981],[-43.550005099999964,-5.879005799999959],[-43.54472029999994,-5.862243099999944],[-43.55038549999995,-5.847547999999961],[-43.53505709999996,-5.835150999999939],[-43.56006409999998,-5.804574699999932],[-43.56025589999996,-5.771892699999967],[-43.597323899999935,-5.7733581999999615],[-43.612357299999985,-5.746514599999955],[-43.587783499999944,-5.714827899999932],[-43.58709249999998,-5.701628099999937],[-43.594964199999936,-5.689756699999975],[-43.60617629999996,-5.688955399999941],[-43.60282349999994,-5.675783499999966],[-43.61399699999998,-5.662512199999981],[-43.63889999999998,-5.654479599999945],[-43.65085629999993,-5.636545999999953],[-43.66637599999996,-5.631505799999957],[-43.669012099999975,-5.597270799999933],[-43.708312199999966,-5.59540439999995],[-43.713423699999964,-5.587870499999951],[-43.731461199999956,-5.5913377999999625],[-43.73908839999996,-5.582556499999953],[-43.75909909999996,-5.58988839999995],[-43.78573229999995,-5.561558599999955],[-43.81998679999998,-5.551161899999954],[-43.819327999999985,-5.537423899999965],[-43.85382009999995,-5.518443299999944],[-43.86851759999996,-5.495247999999947],[-43.86361059999996,-5.481846799999971],[-43.87348149999997,-5.45304079999994],[-43.85965129999994,-5.431885499999964],[-43.88351049999994,-5.385761699999932],[-43.876429299999984,-5.37154849999996],[-43.882623499999966,-5.335946199999967],[-43.856344099999944,-5.30186649999996],[-43.81541389999995,-5.284531099999981],[-43.74023949999997,-5.308326699999952],[-43.758154599999955,-5.315841299999931],[-43.72237279999996,-5.385735699999941],[-43.625068699999986,-5.348478399999976],[-43.57560069999994,-5.375870799999973],[-43.57474359999998,-5.390984699999933],[-43.552904799999965,-5.40249799999998],[-43.536666999999966,-5.402841299999977],[-43.53109089999998,-5.395547499999964],[-43.48323399999998,-5.412440599999968],[-43.45743459999994,-5.451876499999969],[-43.41185869999998,-5.45278559999997],[-43.40109599999994,-5.459639599999946],[-43.376467899999966,-5.512602099999981],[-43.33624249999997,-5.563867499999958],[-43.18390359999995,-5.603863199999978],[-43.094912499999964,-5.614897999999926],[-43.09764889999997,-5.626714799999945],[-43.08044879999994,-5.644074799999942],[-43.08856019999996,-5.671596999999963]]]}},{"id":"583","type":"Feature","properties":{"COD_IBGE":"2107902","MUNICIPIO":"Passagem Franca","UF":"MA"},"geometry":{"type":"Polygon","coordinates":[[[-43.61294989999993,-6.322883199999978],[-43.85926239999998,-6.284288299999957],[-43.91809729999994,-6.30069919999994],[-43.96632169999998,-6.295574099999953],[-43.98025609999996,-6.284927899999957],[-43.96654239999998,-6.259517899999935],[-43.958342899999934,-6.260499299999935],[-43.95924299999996,-6.192445199999952],[-43.951980599999956,-6.187430899999981],[-43.95387759999994,-6.1771863999999255],[-43.94474729999996,-6.1790955999999255],[-43.93069179999998,-6.09698469999995],[-43.922019199999966,-6.0875526999999465],[-43.92996789999995,-6.038881499999945],[-43.90450009999995,-6.004762099999937],[-43.84444019999995,-6.003667599999972],[-43.84340729999997,-5.995859499999938],[-43.82551629999995,-5.995253099999957],[-43.825534699999935,-6.005743799999948],[-43.80334209999995,-5.990713199999959],[-43.74912399999994,-5.977386499999966],[-43.738950699999975,-5.98226939999995],[-43.703683199999944,-5.953880899999945],[-43.70810959999994,-5.94690339999994],[-43.695252799999935,-5.933157699999981],[-43.69556679999994,-5.915090699999951],[-43.68271209999995,-5.909146299999975],[-43.67082919999996,-5.937465999999972],[-43.66655979999996,-5.997379199999955],[-43.64081569999996,-6.040428199999951],[-43.645141699999954,-6.048975499999926],[-43.62366079999998,-6.0538340999999605],[-43.59329109999993,-6.099194799999964],[-43.54686179999993,-6.136750099999972],[-43.54789699999998,-6.154497399999968],[-43.56269919999994,-6.166158499999938],[-43.53900129999994,-6.171107199999938],[-43.538711699999965,-6.17728139999997],[-43.55579679999994,-6.195422199999939],[-43.57970839999996,-6.2712269999999535],[-43.60931399999998,-6.300722999999948],[-43.61294989999993,-6.322883199999978]]]}},{"id":"584","type":"Feature","properties":{"COD_IBGE":"2108009","MUNICIPIO":"Pastos Bons","UF":"MA"},"geometry":{"type":"Polygon","coordinates":[[[-43.79085709999998,-6.545092599999975],[-44.214733499999966,-6.743642799999975],[-44.32759889999994,-6.935027499999933],[-44.32951749999995,-6.919632099999944],[-44.37826499999994,-6.87669429999994],[-44.38859119999995,-6.844876299999953],[-44.41032329999996,-6.832562499999938],[-44.40146559999994,-6.818147299999964],[-44.40875529999994,-6.8095336999999745],[-44.50742339999994,-6.749292099999934],[-44.19554419999997,-6.485786799999971],[-44.185618199999965,-6.488196399999936],[-44.18469229999994,-6.476622299999974],[-44.05785329999998,-6.369530399999974],[-43.92716009999998,-6.543787599999973],[-43.87234229999996,-6.509506299999941],[-43.842790599999944,-6.516999399999975],[-43.81325199999998,-6.507788299999959],[-43.79085709999998,-6.545092599999975]]]}},{"id":"585","type":"Feature","properties":{"COD_IBGE":"2108058","MUNICIPIO":"Paulino Neves","UF":"MA"},"geometry":{"type":"Polygon","coordinates":[[[-42.46728809999996,-2.7496628999999757],[-42.467575599999975,-2.786234199999967],[-42.45442819999994,-2.8031866999999693],[-42.46770899999996,-2.8314425999999457],[-42.44516379999993,-2.8310317999999484],[-42.50577569999996,-2.9181050999999343],[-42.54213199999998,-2.9275331999999707],[-42.57193209999997,-2.9213510999999244],[-42.56728179999993,-2.946939999999927],[-42.59258109999996,-2.9699183999999264],[-42.588103599999954,-2.9841014999999516],[-42.57427979999994,-2.9910571999999434],[-42.57323309999998,-3.0031675999999266],[-42.607807899999955,-3.0316771999999332],[-42.645055999999954,-3.039903899999956],[-42.680434899999966,-3.059219599999949],[-42.75795329999994,-3.055826999999965],[-42.75499499999995,-3.039936199999943],[-42.77714389999994,-2.9920949999999493],[-42.75033169999995,-2.9025640999999496],[-42.73835539999993,-2.9082438999999454],[-42.715238399999976,-2.8880880999999476],[-42.64150209999997,-2.6253251999999634],[-42.58735539999998,-2.6690042999999264],[-42.56132149999996,-2.678639099999941],[-42.50424439999995,-2.678120799999931],[-42.49386029999994,-2.704928799999948],[-42.44232989999995,-2.723733599999946],[-42.433678199999974,-2.7344818999999347],[-42.43667239999996,-2.747130699999957],[-42.46728809999996,-2.7496628999999757]]]}},{"id":"586","type":"Feature","properties":{"COD_IBGE":"2108108","MUNICIPIO":"Paulo Ramos","UF":"MA"},"geometry":{"type":"Polygon","coordinates":[[[-45.24094669999994,-4.393710599999963],[-45.09361259999997,-4.423306599999933],[-45.16088849999994,-4.518846399999973],[-45.21345759999997,-4.552190199999927],[-45.19503599999996,-4.56460809999993],[-45.20338089999996,-4.601433699999973],[-45.24101269999994,-4.625441299999977],[-45.259711599999946,-4.649846499999967],[-45.29322639999998,-4.664214799999968],[-45.313413999999966,-4.666028399999959],[-45.33420169999994,-4.656702499999938],[-45.363957899999946,-4.635509999999954],[-45.35911639999995,-4.627521699999932],[-45.36983669999995,-4.618409099999951],[-45.36570599999993,-4.6065410999999585],[-45.38813739999995,-4.58512879999995],[-45.437153999999964,-4.572145899999953],[-45.47673409999993,-4.612606399999947],[-45.50725479999994,-4.614999099999977],[-45.55225809999996,-4.595605899999953],[-45.56652789999998,-4.609666499999946],[-45.59245709999993,-4.607690899999966],[-45.60978669999997,-4.590971599999932],[-45.64591789999997,-4.625955599999941],[-45.686399999999935,-4.626283299999955],[-45.68020829999995,-4.61304999999993],[-45.71429189999998,-4.559050599999978],[-45.70853409999995,-4.559048299999972],[-45.698370799999964,-4.50119849999993],[-45.63827159999994,-4.483926699999927],[-45.59375479999994,-4.531875799999966],[-45.588377299999934,-4.469814699999972],[-45.526153499999964,-4.42784249999994],[-45.422005199999944,-4.4408266999999455],[-45.335105399999975,-4.423932099999945],[-45.29491029999997,-4.4242695999999455],[-45.24094669999994,-4.393710599999963]]]}},{"id":"587","type":"Feature","properties":{"COD_IBGE":"2108207","MUNICIPIO":"Pedreiras","UF":"MA"},"geometry":{"type":"Polygon","coordinates":[[[-44.56937389999996,-4.74652599999996],[-44.58835419999997,-4.72610119999996],[-44.575953899999945,-4.708336799999927],[-44.59114649999998,-4.693171199999938],[-44.57825799999995,-4.682170699999972],[-44.595063799999934,-4.671623299999965],[-44.59358229999998,-4.659177599999964],[-44.64483309999997,-4.648451799999975],[-44.69148339999998,-4.658818699999927],[-44.725266499999975,-4.65074489999995],[-44.64902019999994,-4.640335499999935],[-44.659632199999976,-4.63301789999997],[-44.65976559999996,-4.609986699999979],[-44.63582549999995,-4.590900799999929],[-44.639728299999945,-4.576128199999971],[-44.62879909999998,-4.585954699999945],[-44.60595019999994,-4.5717687999999725],[-44.60692889999996,-4.555190599999946],[-44.61781789999998,-4.545188499999938],[-44.61336099999994,-4.532789999999977],[-44.606289199999935,-4.534267899999975],[-44.613342899999964,-4.5176576999999725],[-44.60542519999996,-4.514342399999975],[-44.60755769999997,-4.499654499999963],[-44.596979199999964,-4.485721199999944],[-44.60748199999995,-4.460335999999927],[-44.598959899999954,-4.4505311999999435],[-44.57864379999995,-4.462459399999943],[-44.58410699999996,-4.495998199999974],[-44.57447369999994,-4.5204700999999545],[-44.54311649999994,-4.532565299999931],[-44.54012579999994,-4.572543899999971],[-44.52758449999993,-4.578967499999976],[-44.52348099999995,-4.604492799999946],[-44.49520769999998,-4.619269699999961],[-44.49896079999996,-4.643693999999925],[-44.485754199999974,-4.650437499999953],[-44.57295639999995,-4.708695299999931],[-44.579344799999944,-4.731280899999945],[-44.57372239999995,-4.737205499999959],[-44.56899549999997,-4.745076499999925],[-44.56376779999994,-4.76742459999997],[-44.60115779999995,-4.807820799999945],[-44.61390839999996,-4.809600499999931],[-44.633266599999956,-4.82856449999997],[-44.638638699999944,-4.86250119999994],[-44.64850209999997,-4.84528709999995],[-44.64075569999994,-4.841885999999931],[-44.64645389999998,-4.816889899999978],[-44.60910119999994,-4.802594699999929],[-44.60420669999996,-4.783271999999954],[-44.579364399999974,-4.781195799999978],[-44.57860219999998,-4.76756899999998],[-44.56965269999995,-4.76754539999996],[-44.57554319999997,-4.755290099999968],[-44.56937389999996,-4.74652599999996]]]}},{"id":"588","type":"Feature","properties":{"COD_IBGE":"2108256","MUNICIPIO":"Pedro do Rosário","UF":"MA"},"geometry":{"type":"Polygon","coordinates":[[[-45.214719499999944,-2.9264737999999397],[-45.23078479999998,-3.0123960999999326],[-45.276568399999974,-3.0585583999999244],[-45.27866889999996,-3.07938809999996],[-45.35872399999994,-3.1772370999999566],[-45.580191799999966,-3.238917199999946],[-45.60352309999996,-3.1739488999999708],[-45.623514899999975,-3.0619051999999556],[-45.63616369999994,-2.8941990999999803],[-45.59549199999998,-2.8660624999999413],[-45.57061349999998,-2.8937331999999287],[-45.56721509999994,-2.8717735999999263],[-45.558133099999964,-2.871977499999957],[-45.55512989999994,-2.8894798999999693],[-45.54923629999996,-2.8766839999999547],[-45.55933989999994,-2.8557934999999475],[-45.53525159999998,-2.849302199999954],[-45.507642499999974,-2.867514099999937],[-45.51719299999996,-2.8312146999999754],[-45.49458529999998,-2.839912599999934],[-45.49205609999996,-2.860864799999945],[-45.47676979999994,-2.862508699999978],[-45.472689299999956,-2.8197386999999594],[-45.45254539999996,-2.821219499999927],[-45.43690859999998,-2.80391579999997],[-45.44474589999993,-2.8078338999999346],[-45.449936599999944,-2.7983941999999615],[-45.43749779999996,-2.7903128999999467],[-45.44289329999998,-2.773472799999979],[-45.456866299999945,-2.7709517999999775],[-45.45893189999998,-2.748005399999954],[-45.46413299999995,-2.7522480999999743],[-45.46672969999997,-2.7477528999999663],[-45.45543639999994,-2.7419402999999534],[-45.45443729999994,-2.750976299999934],[-45.43149179999995,-2.7525825999999256],[-45.425243799999976,-2.743584999999939],[-45.40265549999998,-2.737932199999932],[-45.38557689999993,-2.7430066999999667],[-45.38457189999997,-2.75625279999997],[-45.37121429999996,-2.771467899999948],[-45.36489739999996,-2.749896699999965],[-45.352955399999985,-2.7461984999999345],[-45.33116019999994,-2.775871299999949],[-45.30443759999997,-2.785850499999981],[-45.28080289999997,-2.8071601999999416],[-45.25068719999996,-2.8041120999999407],[-45.21989589999998,-2.813416699999948],[-45.22977959999997,-2.8334182999999484],[-45.21888969999998,-2.907136699999967],[-45.20963349999994,-2.920891499999925],[-45.18521199999998,-2.921577999999954],[-45.183595699999955,-2.926525599999934],[-45.193191799999965,-2.9260395999999673],[-45.18791619999996,-2.933174699999938],[-45.19170669999994,-2.9370433999999364],[-45.201162099999976,-2.9241889999999557],[-45.214719499999944,-2.9264737999999397]]]}},{"id":"589","type":"Feature","properties":{"COD_IBGE":"2108306","MUNICIPIO":"Penalva","UF":"MA"},"geometry":{"type":"Polygon","coordinates":[[[-45.26752399999998,-3.136321099999975],[-45.14501279999996,-3.180774299999939],[-45.13887129999995,-3.1938087999999425],[-45.145646399999976,-3.2073415999999497],[-45.13426839999994,-3.2013588999999456],[-45.08831709999998,-3.2478435999999533],[-45.093808999999965,-3.250920399999927],[-45.09253439999998,-3.256274899999937],[-45.07937649999997,-3.2488276999999357],[-45.07302599999997,-3.264431199999933],[-45.12995809999995,-3.326522499999953],[-45.21517189999997,-3.3322005999999647],[-45.25468449999994,-3.3213163999999438],[-45.260338399999966,-3.3713482999999655],[-45.33531609999994,-3.340709699999934],[-45.363584999999944,-3.366183299999932],[-45.45086879999997,-3.2963351999999304],[-45.580191799999966,-3.238917199999946],[-45.35872399999994,-3.1772370999999566],[-45.31943449999994,-3.125660699999969],[-45.26752399999998,-3.136321099999975]]]}},{"id":"590","type":"Feature","properties":{"COD_IBGE":"2108405","MUNICIPIO":"Peri Mirim","UF":"MA"},"geometry":{"type":"Polygon","coordinates":[[[-44.94451219999996,-2.618616799999927],[-45.02578169999998,-2.5642173999999613],[-45.041549499999974,-2.542134899999951],[-45.029602599999976,-2.545341399999927],[-45.02779629999998,-2.53365969999993],[-45.04185709999996,-2.5287514999999416],[-45.04601829999996,-2.51196589999995],[-45.03972909999993,-2.509512799999925],[-45.05095959999994,-2.4886364999999273],[-45.03857429999994,-2.469932799999981],[-45.034020399999974,-2.476639299999931],[-45.04018649999995,-2.4906096999999363],[-45.025126599999965,-2.4837987999999314],[-45.022544299999936,-2.4944569999999544],[-45.01790269999998,-2.4702810999999656],[-45.002886099999955,-2.464915099999928],[-44.99410089999998,-2.4781955999999354],[-44.990414699999974,-2.462124699999947],[-44.98165469999998,-2.4661418999999682],[-44.96474009999997,-2.4549413999999388],[-44.936715299999946,-2.511195599999951],[-44.921924399999966,-2.519321899999966],[-44.875807899999984,-2.523530599999958],[-44.83357589999997,-2.5150890999999547],[-44.83535419999998,-2.5283833999999388],[-44.81345349999998,-2.5326243999999747],[-44.812394799999936,-2.586526899999967],[-44.74858079999996,-2.585453599999937],[-44.735897299999976,-2.610113399999932],[-44.71630479999993,-2.6152203999999415],[-44.71043469999995,-2.624980599999958],[-44.73785219999996,-2.629211899999973],[-44.78613389999998,-2.6694709999999304],[-44.819960599999945,-2.673198799999966],[-44.86955199999994,-2.6475222999999346],[-44.87484139999998,-2.6374170999999365],[-44.87803549999995,-2.642486399999939],[-44.874543899999935,-2.6267647999999326],[-44.94451219999996,-2.618616799999927]]]}},{"id":"591","type":"Feature","properties":{"COD_IBGE":"2108454","MUNICIPIO":"Peritoró","UF":"MA"},"geometry":{"type":"Polygon","coordinates":[[[-44.267508299999974,-4.277673399999969],[-44.18030209999995,-4.336510299999929],[-44.087478499999975,-4.50570399999998],[-44.34757199999996,-4.55821839999993],[-44.43079949999998,-4.4808097999999745],[-44.42363729999994,-4.415347999999938],[-44.39585749999998,-4.318076099999928],[-44.40670559999995,-4.321276099999977],[-44.40192159999998,-4.30035909999998],[-44.35649999999998,-4.268397299999947],[-44.267508299999974,-4.277673399999969]]]}},{"id":"592","type":"Feature","properties":{"COD_IBGE":"2108504","MUNICIPIO":"Pindaré-Mirim","UF":"MA"},"geometry":{"type":"Polygon","coordinates":[[[-45.345403799999985,-3.6031617999999526],[-45.308832999999936,-3.5942143999999416],[-45.29877609999994,-3.5836645999999632],[-45.30799239999993,-3.5760764999999424],[-45.30362669999994,-3.56423929999994],[-45.29027419999994,-3.5591880999999717],[-45.297525399999984,-3.5685759999999505],[-45.28940929999993,-3.5778223999999454],[-45.28488989999994,-3.5690430999999307],[-45.28034489999993,-3.5706808999999566],[-45.27971499999995,-3.5971775999999522],[-45.30115639999997,-3.6127482999999643],[-45.30567979999995,-3.6376484999999548],[-45.33155139999997,-3.633579999999938],[-45.35793399999994,-3.639594699999975],[-45.38203859999993,-3.6302749999999264],[-45.40338559999998,-3.650539999999978],[-45.42606619999998,-3.7269300999999473],[-45.49082599999997,-3.824323799999945],[-45.52832409999996,-3.851886199999967],[-45.53733569999997,-3.701202799999976],[-45.51032299999997,-3.7047321999999667],[-45.498339999999985,-3.697973099999956],[-45.47315219999996,-3.677845799999943],[-45.48106169999994,-3.6691273999999794],[-45.46153629999998,-3.6562838999999485],[-45.46653659999998,-3.647461999999962],[-45.460734799999955,-3.6464577999999506],[-45.460968099999945,-3.633239299999957],[-45.434181799999976,-3.6180477999999425],[-45.42353239999994,-3.62669429999994],[-45.41616469999997,-3.613079999999968],[-45.398725999999954,-3.610735399999953],[-45.39496819999994,-3.6047080999999253],[-45.40825979999994,-3.6010025999999584],[-45.39861639999998,-3.5964080999999624],[-45.404292099999964,-3.576455199999941],[-45.39100549999995,-3.56047899999993],[-45.38547369999998,-3.5737810999999624],[-45.35337479999998,-3.578607599999941],[-45.345403799999985,-3.6031617999999526]]]}},{"id":"593","type":"Feature","properties":{"COD_IBGE":"2108603","MUNICIPIO":"Pinheiro","UF":"MA"},"geometry":{"type":"Polygon","coordinates":[[[-45.04569459999993,-2.543020399999932],[-45.04792679999997,-2.568003499999975],[-45.054182899999944,-2.5690234999999575],[-45.058214599999985,-2.5582890999999677],[-45.072835199999986,-2.5612599999999475],[-45.07622959999998,-2.610068799999965],[-45.086499999999944,-2.615143899999964],[-45.094446699999935,-2.6340820999999437],[-45.08689009999995,-2.651459099999954],[-45.112374699999975,-2.6610235999999645],[-45.10607719999996,-2.679962299999943],[-45.12856179999994,-2.7176399999999603],[-45.12914609999996,-2.7451703999999495],[-45.16510019999998,-2.7674233999999274],[-45.184353499999986,-2.7994698999999628],[-45.177548299999955,-2.8124872999999297],[-45.192767799999956,-2.8062359999999558],[-45.18813189999997,-2.8137812999999596],[-45.19391099999996,-2.8192077999999583],[-45.25068719999996,-2.8041120999999407],[-45.28080289999997,-2.8071601999999416],[-45.30443759999997,-2.785850499999981],[-45.32977559999995,-2.7770306999999548],[-45.341058199999964,-2.7542949999999564],[-45.35772819999994,-2.7455960999999434],[-45.275854599999946,-2.7012555999999677],[-45.24276139999995,-2.4879355999999575],[-45.25795869999996,-2.47498719999993],[-45.27471749999995,-2.441178299999933],[-45.29729629999997,-2.4283417999999415],[-45.30041159999996,-2.4110087999999337],[-45.16051399999998,-2.347327699999937],[-45.026891199999966,-2.208037999999931],[-44.96711819999996,-2.1708779999999592],[-44.96586079999997,-2.2510471999999595],[-44.934889099999964,-2.23344359999993],[-44.93488479999996,-2.3295731999999703],[-44.92344259999993,-2.3607703999999785],[-44.89830969999997,-2.38481459999997],[-44.916548999999975,-2.391209099999969],[-44.92726719999996,-2.412457199999949],[-44.955382199999974,-2.4271046999999726],[-44.95924349999996,-2.4594615999999405],[-44.990414699999974,-2.462124699999947],[-44.99410089999998,-2.4781955999999354],[-45.002886099999955,-2.464915099999928],[-45.01621069999993,-2.4691852999999355],[-45.022544299999936,-2.4944569999999544],[-45.025126599999965,-2.4837987999999314],[-45.04018649999995,-2.4906096999999363],[-45.034020399999974,-2.476639299999931],[-45.040047899999934,-2.4712809999999763],[-45.05095959999994,-2.4886364999999273],[-45.03972909999993,-2.509512799999925],[-45.04601829999996,-2.51196589999995],[-45.04185709999996,-2.5287514999999416],[-45.02779629999998,-2.53365969999993],[-45.029602599999976,-2.545341399999927],[-45.04569459999993,-2.543020399999932]]]}},{"id":"594","type":"Feature","properties":{"COD_IBGE":"2108702","MUNICIPIO":"Pio XII","UF":"MA"},"geometry":{"type":"Polygon","coordinates":[[[-45.04908489999997,-3.7224945999999477],[-45.04824879999995,-3.7174238999999716],[-44.95690339999993,-3.873179099999959],[-44.97286299999996,-3.9038359999999557],[-45.004467199999965,-3.9423900999999546],[-45.010204999999985,-3.9644514999999387],[-45.03461029999994,-3.952029899999957],[-45.05404559999994,-3.9519659999999703],[-45.06309509999994,-3.9305830999999785],[-45.08604359999998,-3.9335344999999506],[-45.073654799999986,-3.917302999999947],[-45.20698719999996,-3.9719073999999637],[-45.20856989999993,-4.03318859999996],[-45.22004089999996,-4.03150039999997],[-45.19858679999993,-3.808777599999928],[-45.17789259999995,-3.788881799999956],[-45.169723799999986,-3.7894373999999402],[-45.17197369999997,-3.7766357999999514],[-45.16027299999996,-3.767908699999964],[-45.139909099999954,-3.726363299999946],[-45.11310629999997,-3.7488609999999767],[-45.10073159999996,-3.7291446999999494],[-45.08831269999996,-3.733022299999959],[-45.08870299999995,-3.7227799999999434],[-45.077558899999985,-3.7194791999999666],[-45.082713199999944,-3.7145503999999505],[-45.06567899999993,-3.7173755999999685],[-45.05904919999995,-3.709955799999932],[-45.04908489999997,-3.7224945999999477]]]}},{"id":"595","type":"Feature","properties":{"COD_IBGE":"2108801","MUNICIPIO":"Pirapemas","UF":"MA"},"geometry":{"type":"Polygon","coordinates":[[[-44.18924459999994,-3.928463099999931],[-44.35366759999994,-3.848927499999945],[-44.34573779999994,-3.840293499999973],[-44.351319899999964,-3.8273457999999323],[-44.34623559999994,-3.8080889999999386],[-44.334318199999984,-3.8045247999999674],[-44.33579049999997,-3.7904686999999626],[-44.31731759999997,-3.771727599999963],[-44.30153629999995,-3.7667926999999395],[-44.292678199999955,-3.772579399999927],[-44.285860999999954,-3.7646237999999244],[-44.27551139999997,-3.7706245999999624],[-44.26028619999994,-3.7562540999999783],[-44.27153989999994,-3.7385024999999246],[-44.26333979999998,-3.725411999999949],[-44.28123459999995,-3.7263670999999476],[-44.292040499999985,-3.7016274999999723],[-44.27739999999994,-3.7060332999999446],[-44.261908999999946,-3.693747099999939],[-44.20868109999998,-3.707307799999967],[-44.20531779999993,-3.714918599999976],[-44.18357189999995,-3.6960165999999504],[-44.15467649999994,-3.6519040999999675],[-44.13961949999998,-3.648344599999973],[-44.13647659999998,-3.62944669999996],[-44.097807699999976,-3.623421399999927],[-44.04821439999995,-3.704012599999942],[-43.99276379999998,-3.8424360999999294],[-44.15549569999996,-3.8368366999999353],[-44.16597319999994,-3.910470299999929],[-44.18924459999994,-3.928463099999931]]]}},{"id":"596","type":"Feature","properties":{"COD_IBGE":"2108900","MUNICIPIO":"Poção de Pedras","UF":"MA"},"geometry":{"type":"Polygon","coordinates":[[[-44.975805899999955,-4.690960999999959],[-44.75534819999996,-4.711329299999932],[-44.75658089999996,-4.717583299999944],[-44.57635329999994,-4.766666999999927],[-44.57679419999994,-4.776740099999927],[-44.587755999999956,-4.7854756999999495],[-44.60420669999996,-4.783271999999954],[-44.60849339999993,-4.80192779999993],[-44.62485989999993,-4.812088899999935],[-44.64467399999995,-4.813316099999952],[-44.64354369999995,-4.855024999999955],[-44.723869899999954,-4.847452999999973],[-44.74839149999997,-4.856416499999966],[-44.74838619999997,-4.870689099999936],[-44.762223699999936,-4.878496199999972],[-44.82078229999996,-4.840118799999971],[-44.98537819999996,-4.824619699999971],[-45.03636039999998,-4.874745799999971],[-45.03127489999997,-4.8959674999999265],[-45.04077049999995,-4.9122610999999665],[-45.11852449999998,-4.940249599999959],[-45.12525119999998,-4.913156699999945],[-45.15596009999996,-4.861671799999954],[-45.14474319999994,-4.741090199999974],[-44.98336079999996,-4.664212499999962],[-44.98463479999998,-4.6394491999999445],[-44.95794719999998,-4.652551499999959],[-44.97868529999994,-4.6712437999999565],[-44.975805899999955,-4.690960999999959]]]}},{"id":"597","type":"Feature","properties":{"COD_IBGE":"2109007","MUNICIPIO":"Porto Franco","UF":"MA"},"geometry":{"type":"Polygon","coordinates":[[[-47.38721979999997,-6.51396989999995],[-47.405764499999975,-6.497147299999938],[-47.42503679999993,-6.503924799999936],[-47.416342499999985,-6.483876599999974],[-47.43420569999995,-6.431188599999928],[-47.409954899999946,-6.369655499999965],[-47.40862489999995,-6.328066899999953],[-47.378643899999986,-6.272758299999964],[-47.38074569999998,-6.250022599999966],[-47.34239149999996,-6.242035199999975],[-47.32194689999994,-6.2552839999999605],[-47.30269469999996,-6.251210899999933],[-47.26969139999994,-6.287567299999978],[-47.11766099999994,-6.234540999999979],[-47.093685999999934,-6.213961999999981],[-47.04323199999993,-6.197514999999953],[-47.04616059999995,-6.21254689999995],[-47.02958079999996,-6.206250299999965],[-47.027266199999985,-6.217122899999936],[-46.98243809999997,-6.2184923999999455],[-46.98452969999994,-6.235178099999928],[-46.96384009999997,-6.229198099999962],[-46.963111699999956,-6.238913199999956],[-46.95063989999994,-6.225080299999945],[-46.942111599999976,-6.229219499999942],[-46.94035299999996,-6.21531269999997],[-46.93718499999994,-6.221724499999937],[-46.91951379999995,-6.219876299999953],[-46.917524999999955,-6.208413199999939],[-46.90130809999994,-6.204983399999946],[-46.895942899999966,-6.210742299999936],[-46.89178369999996,-6.20029349999993],[-46.85539709999995,-6.189089099999933],[-46.84766639999998,-6.19513059999997],[-46.85412949999994,-6.203933099999972],[-46.84647739999997,-6.20329849999996],[-46.832051399999955,-6.220972099999926],[-46.81353369999994,-6.223927099999969],[-46.80569429999997,-6.235068799999965],[-46.80965059999994,-6.290534799999932],[-46.794952999999964,-6.297758199999976],[-46.78898429999998,-6.328299499999957],[-46.76517219999994,-6.355403499999966],[-46.843866599999956,-6.318660399999942],[-46.85078219999997,-6.293042399999933],[-46.86762769999996,-6.286420199999952],[-46.90764559999997,-6.2969823999999335],[-46.91780789999996,-6.292380399999956],[-46.92087989999993,-6.298220199999946],[-46.92736599999995,-6.285381399999949],[-46.93335089999994,-6.290816599999971],[-46.93122969999996,-6.27811029999998],[-46.953119199999946,-6.272987999999941],[-46.95662159999995,-6.27849649999996],[-46.97046969999997,-6.269024799999954],[-46.98332099999993,-6.281316599999968],[-46.995360199999936,-6.271410999999944],[-47.027265599999964,-6.286710199999959],[-47.01924309999998,-6.311756199999934],[-47.025728699999945,-6.313708199999951],[-47.028875599999935,-6.334704599999952],[-47.03901509999997,-6.337213799999972],[-47.04019699999998,-6.350218299999938],[-47.05560159999993,-6.359525699999949],[-47.05998919999996,-6.378835899999956],[-47.12505729999998,-6.3839302999999745],[-47.14059129999998,-6.423661299999935],[-47.105634099999975,-6.439769099999978],[-47.06905059999997,-6.546350299999972],[-47.145591199999956,-6.520704999999964],[-47.162463199999934,-6.527913399999932],[-47.18768499999993,-6.555983899999944],[-47.21597129999998,-6.567763299999967],[-47.212603599999966,-6.576880799999969],[-47.22773379999995,-6.57128739999996],[-47.23401249999995,-6.579042699999945],[-47.244329999999934,-6.5623864999999455],[-47.27145889999997,-6.563049899999953],[-47.29970629999997,-6.534349799999973],[-47.316468999999984,-6.542292399999951],[-47.34120079999997,-6.521611199999938],[-47.340575599999966,-6.512807199999941],[-47.35510929999998,-6.511963499999979],[-47.36055609999994,-6.5193594999999505],[-47.38721979999997,-6.51396989999995]]]}},{"id":"598","type":"Feature","properties":{"COD_IBGE":"2109056","MUNICIPIO":"Porto Rico do Maranhão","UF":"MA"},"geometry":{"type":"Polygon","coordinates":[[[-44.62026399999996,-1.9204042999999729],[-44.62096449999996,-1.931365299999925],[-44.63797329999994,-1.9441466999999761],[-44.616139199999964,-1.9683690999999612],[-44.65137789999994,-1.9902441999999496],[-44.678648399999986,-1.9826153999999292],[-44.69645239999994,-1.9892021999999656],[-44.69778839999998,-1.9679502999999272],[-44.704859899999974,-1.9669469999999478],[-44.699155099999984,-1.9511050999999497],[-44.70335689999996,-1.9203850999999759],[-44.715998999999954,-1.9246489999999312],[-44.71715399999994,-1.9098939999999516],[-44.72659999999996,-1.912595999999951],[-44.72649649999994,-1.8964875999999435],[-44.73461609999998,-1.897876599999961],[-44.72438889999995,-1.8772699999999531],[-44.71617039999995,-1.8753129999999487],[-44.71724839999996,-1.8872851999999511],[-44.708794799999964,-1.8768293999999628],[-44.66666279999998,-1.86308159999993],[-44.65795509999998,-1.8370953999999529],[-44.62281009999998,-1.8215062999999532],[-44.62595399999998,-1.7819846999999527],[-44.61529649999994,-1.763341999999966],[-44.57336239999995,-1.7751953999999728],[-44.590665299999955,-1.7821545999999557],[-44.56403919999997,-1.8035813999999277],[-44.56414069999994,-1.8356800999999336],[-44.55200259999998,-1.8385843999999452],[-44.54375219999997,-1.8195117999999297],[-44.53331769999994,-1.824322499999937],[-44.55168329999998,-1.888487399999974],[-44.56480179999994,-1.8962763999999765],[-44.57766529999998,-1.8903285999999753],[-44.598992899999985,-1.8958361999999624],[-44.62026399999996,-1.9204042999999729]]]}},{"id":"599","type":"Feature","properties":{"COD_IBGE":"2109106","MUNICIPIO":"Presidente Dutra","UF":"MA"},"geometry":{"type":"Polygon","coordinates":[[[-44.46465559999996,-5.455113399999959],[-44.48138159999996,-5.463682699999936],[-44.48319459999993,-5.450009499999965],[-44.50115929999998,-5.44713779999995],[-44.50890609999993,-5.451211599999965],[-44.50924009999994,-5.472582199999977],[-44.53318939999997,-5.466169899999954],[-44.548987299999965,-5.417208499999958],[-44.54630469999995,-5.397584699999925],[-44.560875899999985,-5.3822313999999665],[-44.56443479999996,-5.355362599999978],[-44.53915009999997,-5.330902799999933],[-44.55348959999998,-5.321992899999941],[-44.554656499999965,-5.302422799999931],[-44.585380499999985,-5.294485999999949],[-44.56658489999995,-5.277818999999965],[-44.56953199999998,-5.25144199999994],[-44.55374939999996,-5.2460179999999355],[-44.539036899999985,-5.2201835999999275],[-44.54368309999995,-5.16376159999993],[-44.51732709999993,-5.115324699999974],[-44.500788299999954,-5.110269199999948],[-44.48962349999994,-5.126455799999974],[-44.45504059999996,-5.149293199999931],[-44.460457099999985,-5.12321559999998],[-44.45542149999994,-5.0806680999999685],[-44.44802899999996,-5.083415499999944],[-44.45093889999998,-5.105317999999954],[-44.443690699999934,-5.097705399999938],[-44.42330899999996,-5.122867299999939],[-44.39124949999996,-5.103430299999957],[-44.36725229999996,-5.112848399999962],[-44.34996049999995,-5.110209299999951],[-44.36862209999998,-5.137505199999964],[-44.36429319999996,-5.143400699999972],[-44.34881619999993,-5.138534399999969],[-44.34457839999993,-5.1624881999999275],[-44.362122599999964,-5.175480799999946],[-44.34094669999996,-5.195965999999942],[-44.369791599999985,-5.223666499999979],[-44.34537869999997,-5.311866799999962],[-44.358250099999964,-5.3256829999999695],[-44.36268379999996,-5.354539099999954],[-44.38350379999997,-5.3662936999999715],[-44.37141759999997,-5.367205799999965],[-44.369582399999956,-5.37618649999996],[-44.398600399999964,-5.387508999999966],[-44.407211899999936,-5.418086199999948],[-44.40082159999997,-5.4457819999999515],[-44.428953999999976,-5.448977899999932],[-44.428488999999956,-5.4787370999999325],[-44.44068209999995,-5.484141299999976],[-44.446020199999964,-5.497026099999971],[-44.46465559999996,-5.455113399999959]]]}},{"id":"600","type":"Feature","properties":{"COD_IBGE":"2109205","MUNICIPIO":"Presidente Juscelino","UF":"MA"},"geometry":{"type":"Polygon","coordinates":[[[-44.06478869999995,-3.187467399999946],[-44.10219379999995,-3.2185398999999393],[-44.091578099999936,-3.1984853999999245],[-44.12054409999996,-3.1925909999999362],[-44.12004319999994,-3.1667249999999285],[-44.13346089999993,-3.1673692999999616],[-44.14595719999994,-3.1549911999999267],[-44.13192389999995,-3.1539077999999563],[-44.125458599999945,-3.1376182999999287],[-44.13019419999995,-3.106061899999929],[-44.112742699999956,-3.097780999999941],[-44.13191989999996,-3.089590399999963],[-44.13429199999996,-3.075210699999957],[-44.158569599999964,-3.073676999999975],[-44.140625399999976,-3.040103399999964],[-44.13951009999994,-3.017323899999951],[-44.15381149999996,-3.0136013999999705],[-44.15438789999996,-3.000411799999938],[-44.143457299999966,-2.991718399999968],[-44.14099939999994,-2.963893999999925],[-44.12494389999995,-2.960018699999978],[-44.121276199999954,-2.949666699999966],[-44.13670609999997,-2.9477240999999594],[-44.05957909999995,-2.9055413999999473],[-44.05811589999996,-2.9218448999999396],[-44.06503309999994,-2.9296935999999505],[-44.05943979999995,-2.932893599999943],[-44.073924999999974,-2.9495694999999387],[-44.068359699999974,-2.9525359999999523],[-44.07416009999997,-2.96492429999995],[-44.06113749999997,-2.9703746999999794],[-44.06197789999993,-2.9824294999999665],[-44.072540499999945,-2.9892063999999436],[-44.07128819999997,-2.999005299999965],[-44.08829769999994,-3.0221854999999778],[-44.077859699999976,-3.0175828999999794],[-44.078092099999935,-3.032937499999946],[-44.05213169999996,-3.033550499999933],[-44.05504289999993,-3.0399046999999655],[-44.042860099999984,-3.0431736999999544],[-44.05192439999996,-3.049812799999927],[-44.040074699999934,-3.04989379999995],[-44.033799699999975,-3.0714549999999576],[-44.00272669999998,-3.061494399999958],[-43.98602299999993,-3.08044069999994],[-44.01586199999997,-3.1008981999999605],[-43.99312159999994,-3.1186305999999604],[-44.001705999999956,-3.143618099999969],[-43.99434759999997,-3.1428582999999435],[-43.997914299999934,-3.1589023999999313],[-44.00851589999996,-3.15948439999994],[-44.01381799999996,-3.171610699999974],[-44.00682849999998,-3.1851778999999283],[-44.03154559999996,-3.1873326999999563],[-44.04392519999993,-3.2099254999999403],[-44.033007699999985,-3.225306299999943],[-44.04183759999995,-3.241154399999971],[-44.03004919999995,-3.255239299999971],[-44.02963269999998,-3.2906593999999245],[-44.04714439999998,-3.290593099999967],[-44.06478869999995,-3.187467399999946]]]}},{"id":"601","type":"Feature","properties":{"COD_IBGE":"2109239","MUNICIPIO":"Presidente Médici","UF":"MA"},"geometry":{"type":"Polygon","coordinates":[[[-45.85240939999994,-2.3454410999999595],[-45.831999199999984,-2.228774699999974],[-45.805015899999944,-2.202048799999943],[-45.77560699999998,-2.1872043999999278],[-45.743006299999934,-2.1896584999999504],[-45.70964849999996,-2.2437534999999684],[-45.68392629999994,-2.2268476999999507],[-45.68415729999998,-2.3291465999999446],[-45.63909559999996,-2.3601697999999374],[-45.80354529999994,-2.4268661999999495],[-45.90395319999993,-2.429493499999978],[-45.90063379999998,-2.414272799999935],[-45.85240939999994,-2.3454410999999595]]]}},{"id":"602","type":"Feature","properties":{"COD_IBGE":"2109270","MUNICIPIO":"Presidente Sarney","UF":"MA"},"geometry":{"type":"Polygon","coordinates":[[[-45.40188079999996,-2.738218199999949],[-45.425243799999976,-2.743584999999939],[-45.43149179999995,-2.7525825999999256],[-45.45443729999994,-2.750976299999934],[-45.45543639999994,-2.7419402999999534],[-45.471428199999934,-2.747192499999926],[-45.46304109999994,-2.7172658999999726],[-45.45720099999994,-2.7183423999999263],[-45.472559599999954,-2.6858746999999425],[-45.45708879999995,-2.68113969999996],[-45.47215719999997,-2.659085599999969],[-45.46492649999993,-2.648997399999928],[-45.45250199999998,-2.6484234999999785],[-45.44435729999998,-2.626048199999957],[-45.45019799999994,-2.6204627999999275],[-45.448111799999936,-2.594935899999939],[-45.43927649999995,-2.589106099999981],[-45.44620279999998,-2.58574109999995],[-45.43407649999995,-2.573592299999973],[-45.47469279999996,-2.5516370999999367],[-45.46834979999994,-2.5472387999999455],[-45.47036009999994,-2.531198599999925],[-45.486576199999945,-2.5261652999999455],[-45.48254079999998,-2.5166871999999785],[-45.49395619999996,-2.5030137999999624],[-45.48308279999998,-2.4900140999999394],[-45.30041159999996,-2.4110087999999337],[-45.29729629999997,-2.4283417999999415],[-45.27471749999995,-2.441178299999933],[-45.25795869999996,-2.47498719999993],[-45.24276139999995,-2.4879355999999575],[-45.275854599999946,-2.7012555999999677],[-45.36108759999996,-2.746180899999956],[-45.36857719999995,-2.7707414999999287],[-45.38313459999995,-2.758755199999939],[-45.38557689999993,-2.7430066999999667],[-45.40188079999996,-2.738218199999949]]]}},{"id":"603","type":"Feature","properties":{"COD_IBGE":"2109304","MUNICIPIO":"Presidente Vargas","UF":"MA"},"geometry":{"type":"Polygon","coordinates":[[[-43.979957499999955,-3.5183942999999545],[-44.01696369999996,-3.507011499999976],[-44.05068399999993,-3.4817246999999725],[-44.086055199999976,-3.480440499999929],[-44.06858169999998,-3.456577799999934],[-44.05735189999996,-3.364143699999943],[-44.03855949999996,-3.335556399999973],[-44.04714439999998,-3.290593099999967],[-44.029141299999935,-3.291157299999952],[-43.76019279999997,-3.182970399999931],[-43.94398869999998,-3.4181387999999515],[-43.94755279999998,-3.4114176999999586],[-43.95866209999997,-3.4194504999999253],[-43.974066999999934,-3.455282899999929],[-43.99479839999998,-3.4792944999999804],[-43.974972399999956,-3.5084964999999784],[-43.979957499999955,-3.5183942999999545]]]}},{"id":"604","type":"Feature","properties":{"COD_IBGE":"2109403","MUNICIPIO":"Primeira Cruz","UF":"MA"},"geometry":{"type":"Polygon","coordinates":[[[-43.29784849999993,-3.0214672999999266],[-43.45814619999993,-2.9855743999999618],[-43.42785629999997,-2.9521671999999626],[-43.41752769999994,-2.9167332999999758],[-43.421588199999974,-2.900596999999948],[-43.45510079999997,-2.896672199999955],[-43.459280099999944,-2.876758099999961],[-43.461596199999974,-2.8328369999999268],[-43.43818909999993,-2.7773093999999787],[-43.44672989999998,-2.7453579999999533],[-43.43955409999995,-2.729767899999956],[-43.44411659999997,-2.690870099999927],[-43.434448299999985,-2.6325323999999455],[-43.45136919999993,-2.6256117999999447],[-43.444304099999954,-2.6052051999999435],[-43.46225249999998,-2.593627999999967],[-43.44203539999995,-2.566761799999938],[-43.44950319999998,-2.55910149999994],[-43.46173269999997,-2.486413999999968],[-43.45195879999994,-2.4437992999999665],[-43.48421059999998,-2.3781686999999465],[-43.46056949999996,-2.350354399999958],[-43.40277619999995,-2.3354841999999394],[-43.371843499999954,-2.347068399999955],[-43.32961369999998,-2.3432297999999605],[-43.31482689999996,-2.366261399999928],[-43.32644189999996,-2.3782855999999697],[-43.31817709999996,-2.3846417999999403],[-43.304598099999964,-2.4761973999999327],[-43.330397199999936,-2.4790036999999643],[-43.34009819999994,-2.4918867999999748],[-43.34095599999995,-2.500368799999933],[-43.32252859999994,-2.503367399999945],[-43.33467369999994,-2.5107275999999388],[-43.33141599999993,-2.5178944999999544],[-43.34163739999997,-2.519312399999933],[-43.33718219999997,-2.5465507999999772],[-43.34711779999998,-2.5547833999999625],[-43.322456199999976,-2.6046194999999557],[-43.31906749999996,-2.6426104999999325],[-43.255845499999964,-2.735323499999936],[-43.28433759999996,-2.7816726999999446],[-43.28409579999993,-2.7991704999999456],[-43.225507499999935,-2.895207599999935],[-43.21260139999998,-2.934163999999953],[-43.185627299999965,-2.9589493999999377],[-43.29784849999993,-3.0214672999999266]]]}},{"id":"605","type":"Feature","properties":{"COD_IBGE":"2109452","MUNICIPIO":"Raposa","UF":"MA"},"geometry":{"type":"Polygon","coordinates":[[[-44.10969719999997,-2.454972699999928],[-44.172888299999954,-2.4756880999999566],[-44.17384549999997,-2.4580433999999514],[-44.154361999999935,-2.4359413999999333],[-44.094602899999984,-2.4066044999999576],[-44.030628099999944,-2.4073485999999775],[-44.023828099999946,-2.4487251999999557],[-44.04577119999993,-2.453520699999956],[-44.06109649999996,-2.4863465999999335],[-44.064228499999956,-2.472474899999952],[-44.07565109999996,-2.4687608999999497],[-44.077038899999934,-2.465794199999948],[-44.06354099999993,-2.4670238999999583],[-44.062585799999965,-2.4603610999999432],[-44.09521099999995,-2.4547114999999735],[-44.100014199999976,-2.4633393999999385],[-44.10969719999997,-2.454972699999928]]]}},{"id":"606","type":"Feature","properties":{"COD_IBGE":"2109502","MUNICIPIO":"Riachão","UF":"MA"},"geometry":{"type":"Polygon","coordinates":[[[-46.65717159999997,-7.902506399999936],[-46.675302399999964,-7.914606299999946],[-46.69451299999997,-7.916797899999949],[-46.70753719999993,-7.909795199999962],[-46.725518299999976,-7.923644299999978],[-46.75620239999995,-7.92293479999995],[-46.76372169999996,-7.93914019999994],[-46.80090919999998,-7.955332099999964],[-46.846502999999984,-7.88034179999994],[-46.830897799999946,-7.8396549999999365],[-46.833899299999985,-7.8223517999999785],[-46.803922299999954,-7.804220999999927],[-46.79447799999997,-7.788085599999931],[-46.80422399999998,-7.74647189999996],[-46.830119199999956,-7.746325999999954],[-46.84130639999995,-7.73148139999995],[-46.893976899999984,-7.747829299999978],[-46.89986609999994,-7.727183299999979],[-46.91022239999995,-7.726266899999928],[-46.91957389999993,-7.712386699999968],[-46.931319299999984,-7.718398299999933],[-46.950050799999985,-7.712747499999978],[-46.950995199999966,-7.698444299999949],[-46.95472109999997,-7.710319699999957],[-46.971673099999975,-7.704769899999974],[-46.97235299999994,-7.697309399999938],[-46.97917819999998,-7.709219799999971],[-46.98861569999997,-7.697390599999949],[-47.00318539999995,-7.7041783999999325],[-47.037856499999975,-7.696785099999943],[-47.03429339999997,-7.685491999999954],[-47.050248899999985,-7.669470299999944],[-47.048409299999946,-7.653084499999977],[-47.08664729999998,-7.648486199999979],[-47.09615739999998,-7.666912299999979],[-47.10890699999993,-7.648478499999953],[-47.15070339999994,-7.6632344999999304],[-47.15210639999998,-7.65286459999993],[-47.18279389999998,-7.6441535999999815],[-47.18500529999994,-7.6369344999999385],[-47.18741419999998,-7.6520024999999805],[-47.20167759999998,-7.644704399999966],[-47.200671299999954,-7.632543999999939],[-47.20575299999996,-7.64171099999993],[-47.21796729999994,-7.6382608999999775],[-47.219762499999945,-7.6281792999999425],[-47.20406989999998,-7.606090199999926],[-47.200300899999945,-7.580684099999928],[-47.144312499999955,-7.543696599999976],[-47.12528039999995,-7.520897699999978],[-47.10911669999996,-7.435187199999973],[-47.08747749999998,-7.406507399999953],[-47.05350109999995,-7.388875799999937],[-47.03745139999995,-7.388808799999936],[-47.02663959999995,-7.382479099999955],[-47.02361989999997,-7.365629199999944],[-46.972144699999944,-7.3452316999999425],[-46.97419189999994,-7.302030599999966],[-46.98950529999996,-7.277448799999945],[-46.98256649999996,-7.257856799999956],[-46.954867399999955,-7.232034999999939],[-46.92665309999995,-7.216132099999925],[-46.714380999999946,-7.236759899999981],[-46.77336079999998,-7.25921969999996],[-46.73456969999995,-7.2630523999999355],[-46.72282209999997,-7.279027199999973],[-46.599509299999966,-7.24857899999995],[-46.55856939999995,-7.226611199999979],[-46.55172769999996,-7.1887232999999355],[-46.55961799999994,-7.170432299999959],[-46.537157699999966,-7.112430699999948],[-46.50876699999998,-7.104012999999952],[-46.45104559999993,-7.066450699999962],[-46.29313989999997,-7.199846599999944],[-46.303562899999974,-7.222702399999946],[-46.29974859999993,-7.232801299999949],[-46.312471699999946,-7.283906199999933],[-46.30447429999998,-7.326072899999929],[-46.29341679999993,-7.3384580999999685],[-46.25766219999997,-7.34787799999998],[-46.24499929999996,-7.340921599999945],[-46.19808989999996,-7.257960999999966],[-46.16649769999998,-7.365509399999951],[-46.387661399999956,-7.465551199999936],[-46.41839269999997,-7.695238199999949],[-46.446865499999944,-7.712731299999973],[-46.449059199999965,-7.745874999999955],[-46.46803429999994,-7.770542299999931],[-46.44111499999997,-7.796172999999953],[-46.439057599999956,-7.804598099999964],[-46.45741639999994,-7.83344169999998],[-46.43891919999993,-7.842822799999965],[-46.43663849999996,-7.87201239999996],[-46.422997599999974,-7.896311999999966],[-46.44374959999993,-7.936282899999981],[-46.41889169999996,-7.951857899999936],[-46.40545149999997,-7.98708739999995],[-46.41087319999997,-8.00108309999996],[-46.40216839999994,-8.055347899999958],[-46.42064609999994,-8.086183099999971],[-46.40159029999995,-8.11210269999998],[-46.40277889999993,-8.134521999999947],[-46.39533419999998,-8.146054399999969],[-46.40752669999995,-8.170862399999976],[-46.39968019999998,-8.217562999999927],[-46.42185029999996,-8.298612899999966],[-46.41351469999995,-8.345148799999947],[-46.42599689999997,-8.377125199999966],[-46.446272499999964,-8.402170399999932],[-46.479129899999975,-8.423661999999979],[-46.51458409999998,-8.42741499999994],[-46.52158389999994,-8.410941899999955],[-46.56291619999996,-8.401419099999941],[-46.57830759999996,-8.414342099999942],[-46.596088899999984,-8.409541299999944],[-46.60877859999994,-8.424229299999979],[-46.63881109999994,-8.404820599999937],[-46.69948149999993,-8.415459599999963],[-46.726651999999945,-8.383140999999966],[-46.71147609999997,-8.354658099999938],[-46.68042729999996,-8.33676289999994],[-46.66217439999997,-8.335016899999971],[-46.63388659999998,-8.318354599999964],[-46.61224889999994,-8.327684899999952],[-46.559633599999984,-8.322757899999942],[-46.543999499999984,-8.317435899999964],[-46.51870249999996,-8.291317399999969],[-46.50686849999994,-8.265884699999958],[-46.50910239999996,-8.23559739999996],[-46.48723979999994,-8.200858099999948],[-46.51093259999993,-8.181368599999928],[-46.51389519999998,-8.164657999999974],[-46.48485709999994,-8.092948299999932],[-46.46851239999995,-8.083691399999964],[-46.465593199999944,-8.071928799999966],[-46.48001659999994,-8.042291899999952],[-46.47638919999997,-8.014616499999931],[-46.501096899999936,-7.973290199999951],[-46.53118359999996,-7.952719599999966],[-46.54970439999994,-7.951119699999936],[-46.577696999999944,-7.911165899999958],[-46.60855209999994,-7.893018999999981],[-46.64940809999996,-7.910020499999973],[-46.65717159999997,-7.902506399999936]]]}},{"id":"607","type":"Feature","properties":{"COD_IBGE":"2109551","MUNICIPIO":"Ribamar Fiquene","UF":"MA"},"geometry":{"type":"Polygon","coordinates":[[[-47.35962799999993,-6.080002099999945],[-47.39099539999995,-6.086050999999941],[-47.39762299999995,-6.078661499999953],[-47.42137299999996,-6.085230999999965],[-47.428972999999985,-6.07451999999995],[-47.42846519999995,-6.036275499999931],[-47.44798419999995,-5.992983899999956],[-47.42887009999998,-5.919483199999945],[-47.43106339999997,-5.869210599999974],[-47.44227859999995,-5.830785899999967],[-47.42945499999996,-5.8330084999999485],[-47.42040459999998,-5.818664099999978],[-47.41142219999995,-5.826015999999981],[-47.40870019999994,-5.814853899999946],[-47.39908829999996,-5.812036399999954],[-47.395368099999985,-5.8267366999999695],[-47.38378449999993,-5.8089486999999735],[-47.37536759999995,-5.829082699999958],[-47.36348209999994,-5.826175999999975],[-47.364569899999935,-5.8189219999999295],[-47.356784999999945,-5.825899999999933],[-47.34508759999994,-5.814640999999938],[-47.345785099999944,-5.820505099999934],[-47.336248799999964,-5.818074299999978],[-47.32987429999997,-5.838922299999979],[-47.307641899999965,-5.838100899999972],[-47.304713299999946,-5.846135499999946],[-47.28659209999995,-5.84879049999995],[-47.286503599999946,-5.858615799999939],[-47.24767349999996,-5.845856099999935],[-47.246936699999935,-5.856559299999958],[-47.22438049999994,-5.855628399999944],[-47.21332579999995,-5.867899199999954],[-47.196299599999975,-5.861171199999944],[-47.174798099999975,-5.864661699999942],[-47.161743899999976,-5.893093199999953],[-47.19358039999997,-5.932417999999927],[-47.19118059999994,-5.948524499999962],[-47.20332109999998,-5.9601257999999575],[-47.17486429999997,-5.961095799999953],[-47.18792999999994,-5.986672099999964],[-47.178610499999934,-6.007612699999925],[-47.19976799999995,-6.023808199999962],[-47.20177119999994,-6.045206099999973],[-47.20978229999997,-6.033671999999967],[-47.21631019999995,-6.047473499999967],[-47.222906999999964,-6.03656529999995],[-47.23488139999995,-6.03570689999998],[-47.22170139999997,-6.070764999999938],[-47.238657699999976,-6.10693329999998],[-47.279612499999985,-6.09543489999993],[-47.285100899999975,-6.100738399999955],[-47.31329089999997,-6.070553299999972],[-47.33426119999996,-6.075493499999936],[-47.33966209999994,-6.086024399999928],[-47.35962799999993,-6.080002099999945]]]}},{"id":"608","type":"Feature","properties":{"COD_IBGE":"2109601","MUNICIPIO":"Rosário","UF":"MA"},"geometry":{"type":"Polygon","coordinates":[[[-44.24126129999996,-3.0435946999999715],[-44.28487009999998,-3.0440095999999244],[-44.25685359999994,-2.967422299999953],[-44.29218259999993,-2.954425599999979],[-44.273513899999955,-2.851320699999974],[-44.27807259999997,-2.843217799999934],[-44.29464829999995,-2.850277799999958],[-44.29301529999998,-2.831992199999945],[-44.30593239999996,-2.8233708999999294],[-44.282956499999955,-2.802256399999976],[-44.28179069999993,-2.766067899999939],[-44.27426619999994,-2.7631379999999695],[-44.26576849999998,-2.7603877999999327],[-44.26087979999994,-2.7747159999999553],[-44.247730399999966,-2.7805161999999655],[-44.19167479999993,-2.7645707999999445],[-44.148428999999965,-2.7680804999999395],[-44.13851289999997,-2.7934748999999783],[-44.124518999999964,-2.7965575999999714],[-44.12585949999993,-2.817524599999956],[-44.13580149999996,-2.823270999999977],[-44.12912669999997,-2.8451493999999684],[-44.13488939999996,-2.8504014999999754],[-44.12753669999995,-2.8601624999999444],[-44.14012319999995,-2.8716850999999792],[-44.127822299999934,-2.900350899999978],[-44.14586149999997,-2.9200627999999256],[-44.14122919999994,-2.936958699999934],[-44.14878059999995,-2.9437750999999253],[-44.121276199999954,-2.949666699999966],[-44.12494389999995,-2.960018699999978],[-44.14099939999994,-2.963893999999925],[-44.143457299999966,-2.991718399999968],[-44.15438789999996,-3.000411799999938],[-44.15381149999996,-3.0136013999999705],[-44.13951009999994,-3.017323899999951],[-44.140625399999976,-3.040103399999964],[-44.158569599999964,-3.073676999999975],[-44.13429199999996,-3.075210699999957],[-44.13191989999996,-3.089590399999963],[-44.112742699999956,-3.097780999999941],[-44.13019419999995,-3.106061899999929],[-44.125458599999945,-3.1376182999999287],[-44.13192389999995,-3.1539077999999563],[-44.14595719999994,-3.1549911999999267],[-44.13346089999993,-3.1673692999999616],[-44.12135319999993,-3.1654007999999294],[-44.116875499999935,-3.183663099999933],[-44.21484389999995,-3.1840078999999264],[-44.213535699999966,-3.133854499999927],[-44.24181629999998,-3.132547699999975],[-44.22237239999998,-3.1096734999999285],[-44.25331909999994,-3.0697423999999387],[-44.24126129999996,-3.0435946999999715]]]}},{"id":"609","type":"Feature","properties":{"COD_IBGE":"2109700","MUNICIPIO":"Sambaíba","UF":"MA"},"geometry":{"type":"Polygon","coordinates":[[[-45.51875769999998,-7.279555499999958],[-45.524256899999955,-7.271332299999926],[-45.36902589999994,-6.8999917999999525],[-45.38082449999996,-6.820590699999968],[-45.36874419999998,-6.81612199999995],[-45.35385599999995,-6.779615299999932],[-45.32670409999997,-6.776860699999929],[-45.32197249999996,-6.781297599999959],[-45.33138309999998,-6.825735099999974],[-45.32310079999996,-6.832383899999968],[-45.31843779999997,-6.856852099999969],[-45.27774989999995,-6.94064439999994],[-45.25138689999994,-6.942516799999964],[-45.243944699999986,-6.955953499999964],[-45.246824699999934,-6.986252499999978],[-45.27446209999994,-7.010458299999925],[-45.27534989999998,-7.062520999999947],[-45.26358129999994,-7.090172799999948],[-45.277094199999965,-7.130673599999966],[-45.27313189999995,-7.136418499999934],[-45.29208639999996,-7.148397299999942],[-45.31273959999993,-7.147567399999957],[-45.322272699999985,-7.195210499999973],[-45.64501869999998,-7.605927099999974],[-45.60833779999996,-7.588601299999937],[-45.566967699999964,-7.588029399999925],[-45.54730289999998,-7.599822099999926],[-45.53466009999994,-7.597360399999957],[-45.51672249999996,-7.627209799999946],[-45.48714069999994,-7.637012699999957],[-45.448814599999935,-7.685356299999967],[-45.47008189999997,-7.689897599999938],[-45.46810289999996,-7.712874299999953],[-45.482321799999966,-7.715841999999952],[-45.487208599999974,-7.728659499999935],[-45.482126799999946,-7.749673199999961],[-45.49656319999997,-7.74834919999995],[-45.48444779999994,-7.762818299999935],[-45.49232439999997,-7.774482399999954],[-45.48951109999996,-7.786256899999955],[-45.501376999999934,-7.786484999999971],[-45.498554499999955,-7.79727239999994],[-45.51063369999997,-7.801362299999937],[-45.51120069999996,-7.823466999999937],[-45.527042499999936,-7.839451599999961],[-45.52505979999995,-7.8564311999999745],[-45.53829589999998,-7.861646299999961],[-45.621289899999965,-7.806841899999938],[-45.641677699999946,-7.8056909999999675],[-45.67566809999994,-7.787928299999976],[-45.76238979999994,-7.781846799999926],[-45.82755169999996,-7.817858499999943],[-45.836611199999936,-7.850333099999943],[-45.827581899999984,-7.923055499999975],[-45.81919239999996,-7.932309099999941],[-45.790358899999944,-7.936664299999961],[-45.770824199999936,-7.981180499999937],[-45.79398349999997,-8.020988099999954],[-45.81720319999994,-8.002002699999935],[-45.820808099999965,-7.988639299999932],[-45.845137799999975,-7.975493899999947],[-45.82796629999996,-7.948703899999941],[-45.84577489999998,-7.920842799999946],[-45.84193689999995,-7.876681299999973],[-45.849981799999966,-7.840106799999944],[-45.86144669999993,-7.827357599999971],[-45.84052899999995,-7.797077999999942],[-45.848613099999966,-7.780965999999978],[-45.84421459999993,-7.767374999999959],[-45.795932799999946,-7.724793999999974],[-45.79177299999998,-7.703214499999945],[-45.80444219999998,-7.636373399999968],[-45.79346709999993,-7.583852899999954],[-45.82102149999997,-7.562451999999951],[-45.81309079999994,-7.519990199999938],[-45.82278229999997,-7.512891699999955],[-45.81559619999996,-7.504574399999967],[-45.82184549999994,-7.495441099999937],[-45.83207589999995,-7.497604799999976],[-45.832140899999956,-7.478600999999969],[-45.82206499999995,-7.472789599999942],[-45.814946299999974,-7.4529379999999605],[-45.78921019999996,-7.45366139999993],[-45.77947229999995,-7.442711699999961],[-45.75582779999996,-7.451400699999965],[-45.74363429999994,-7.438005399999952],[-45.70637229999994,-7.445231899999953],[-45.69939119999998,-7.431387899999947],[-45.68498029999995,-7.427328399999965],[-45.68452819999993,-7.409048599999949],[-45.65188389999997,-7.397871799999962],[-45.621385499999974,-7.35099839999998],[-45.600558399999954,-7.34547699999996],[-45.59281649999997,-7.314892199999974],[-45.576022799999976,-7.314952099999971],[-45.564644699999974,-7.327202599999964],[-45.55635709999996,-7.314816899999926],[-45.55916119999995,-7.293524599999955],[-45.544215099999974,-7.303509899999938],[-45.52636279999996,-7.279160499999932],[-45.51875769999998,-7.279555499999958]]]}},{"id":"610","type":"Feature","properties":{"COD_IBGE":"2109759","MUNICIPIO":"Santa Filomena do Maranhão","UF":"MA"},"geometry":{"type":"Polygon","coordinates":[[[-44.59133869999994,-5.374230999999952],[-44.55914829999995,-5.396969199999944],[-44.54630469999995,-5.397584699999925],[-44.548987299999965,-5.417208499999958],[-44.52834509999997,-5.471437299999934],[-44.50803799999994,-5.47151359999998],[-44.50937359999995,-5.452747599999952],[-44.50282889999994,-5.4475384999999505],[-44.484797399999934,-5.448740599999951],[-44.48138159999996,-5.463682699999936],[-44.45997509999995,-5.453833199999963],[-44.448852199999976,-5.497432899999978],[-44.477182599999935,-5.49652969999994],[-44.48826599999995,-5.528051499999947],[-44.47250889999998,-5.5763928999999735],[-44.574955099999954,-5.598502799999949],[-44.59134379999995,-5.593784299999925],[-44.66624209999998,-5.661074299999939],[-44.72679339999996,-5.644553799999926],[-44.720972899999936,-5.608660199999974],[-44.75882709999996,-5.59411659999995],[-44.74513529999996,-5.563143599999933],[-44.750940499999956,-5.561640699999941],[-44.74375969999994,-5.549387799999977],[-44.75082379999998,-5.524339699999928],[-44.74512189999996,-5.499682299999961],[-44.65068499999995,-5.398154699999964],[-44.634856499999955,-5.400882699999954],[-44.59769529999994,-5.384232499999939],[-44.59133869999994,-5.374230999999952]]]}},{"id":"611","type":"Feature","properties":{"COD_IBGE":"2109809","MUNICIPIO":"Santa Helena","UF":"MA"},"geometry":{"type":"Polygon","coordinates":[[[-45.35057809999995,-2.337135699999976],[-45.335190599999976,-2.277517399999965],[-45.310798499999976,-2.233212999999978],[-45.28528579999994,-2.2079239999999345],[-45.29220479999998,-2.188787199999979],[-45.28371009999995,-2.1784607999999253],[-45.278612399999986,-2.1813770999999633],[-45.279184199999975,-2.170309999999972],[-45.29404379999994,-2.1655847999999764],[-45.278888999999936,-2.163670799999977],[-45.28809579999995,-2.155384399999946],[-45.27610149999998,-2.156672199999946],[-45.272841599999936,-2.1441162999999506],[-45.262248099999965,-2.141157499999963],[-45.26875129999996,-2.124428499999965],[-45.260591699999964,-2.1197451999999544],[-45.25204119999995,-2.128767299999936],[-45.256029499999954,-2.1211063999999737],[-45.24048359999995,-2.1080153999999425],[-45.250049599999954,-2.0825964999999655],[-45.244092199999955,-2.0823987999999645],[-45.250147099999936,-2.07924799999995],[-45.24282229999994,-2.06286659999995],[-45.23755539999996,-2.0681169999999724],[-45.22925189999995,-2.061045199999967],[-45.22300619999993,-2.0689118999999323],[-45.206524799999954,-2.037264099999959],[-45.20498769999995,-2.0433461999999736],[-45.19323879999996,-2.036645799999974],[-45.094734399999936,-2.0502813999999603],[-44.96711819999996,-2.1708779999999592],[-45.026891199999966,-2.208037999999931],[-45.16051399999998,-2.347327699999937],[-45.48977199999996,-2.4944437999999423],[-45.48827109999996,-2.50372219999997],[-45.49399639999996,-2.503401599999961],[-45.48254079999998,-2.5166871999999785],[-45.486576199999945,-2.5261652999999455],[-45.47053399999993,-2.5310346999999638],[-45.46748469999994,-2.541401399999927],[-45.47469279999996,-2.5516370999999367],[-45.462885599999936,-2.5535734999999704],[-45.45667179999998,-2.565797299999929],[-45.44925829999994,-2.563584599999956],[-45.43407649999995,-2.573592299999973],[-45.44620279999998,-2.58574109999995],[-45.43927649999995,-2.589106099999981],[-45.448111799999936,-2.594935899999939],[-45.45019799999994,-2.6204627999999275],[-45.44435729999998,-2.626048199999957],[-45.45250199999998,-2.6484234999999785],[-45.46492649999993,-2.648997399999928],[-45.472560499999986,-2.6614145999999437],[-45.45708879999995,-2.68113969999996],[-45.472559599999954,-2.6858746999999425],[-45.45720099999994,-2.7183423999999263],[-45.46304109999994,-2.7172658999999726],[-45.471428199999934,-2.747192499999926],[-45.45893189999998,-2.748005399999954],[-45.456866299999945,-2.7709517999999775],[-45.44289329999998,-2.773472799999979],[-45.43749779999996,-2.7903128999999467],[-45.449936599999944,-2.7983941999999615],[-45.44474589999993,-2.8078338999999346],[-45.43690859999998,-2.80391579999997],[-45.45254539999996,-2.821219499999927],[-45.472689299999956,-2.8197386999999594],[-45.47764719999998,-2.8629905999999323],[-45.49205609999996,-2.860864799999945],[-45.49458529999998,-2.839912599999934],[-45.51719299999996,-2.8312146999999754],[-45.507642499999974,-2.867514099999937],[-45.534587699999975,-2.8493338999999764],[-45.558888199999956,-2.855642399999965],[-45.54923629999996,-2.8766839999999547],[-45.55450949999994,-2.889169099999947],[-45.558133099999964,-2.871977499999957],[-45.56721509999994,-2.8717735999999263],[-45.57061349999998,-2.8937331999999287],[-45.59549199999998,-2.8660624999999413],[-45.609739599999955,-2.880848999999955],[-45.63331999999997,-2.887058999999965],[-45.63796769999993,-2.9026622999999745],[-45.64180909999993,-2.653603099999941],[-45.59430409999993,-2.6057609999999727],[-45.59443799999997,-2.5572255999999243],[-45.56095839999995,-2.481461599999932],[-45.64159919999997,-2.458481699999936],[-45.641471499999966,-2.3611289999999485],[-45.613374599999986,-2.364586999999972],[-45.58372749999995,-2.384195699999964],[-45.56713359999998,-2.3784991999999647],[-45.56582569999995,-2.3675088999999616],[-45.55453539999996,-2.3666328999999564],[-45.53282169999994,-2.346573199999966],[-45.53050479999996,-2.3539667999999665],[-45.54027679999996,-2.356929599999944],[-45.535888299999954,-2.365297299999952],[-45.52280369999994,-2.35745959999997],[-45.517091499999935,-2.363713399999938],[-45.50299669999998,-2.351387999999929],[-45.51182309999996,-2.342249299999935],[-45.50664919999997,-2.33177349999994],[-45.50030209999994,-2.3379781999999523],[-45.48421419999994,-2.334091899999976],[-45.472725699999955,-2.3189455999999495],[-45.451104199999975,-2.3127578999999514],[-45.45909779999994,-2.3053348999999344],[-45.45332449999995,-2.2976560999999265],[-45.430213299999934,-2.3047410999999443],[-45.39156329999997,-2.2767987999999377],[-45.384668199999965,-2.2808336999999597],[-45.37951309999994,-2.308919899999978],[-45.35057809999995,-2.337135699999976]]]}},{"id":"612","type":"Feature","properties":{"COD_IBGE":"2109908","MUNICIPIO":"Santa Inês","UF":"MA"},"geometry":{"type":"Polygon","coordinates":[[[-45.42606619999998,-3.7269300999999473],[-45.408343299999956,-3.657638499999962],[-45.38370759999998,-3.6310159999999314],[-45.35793399999994,-3.639594699999975],[-45.31846559999997,-3.637711999999965],[-45.33071839999997,-3.6732917999999586],[-45.323743399999955,-3.695721599999956],[-45.342934799999966,-3.6840697999999747],[-45.31786299999993,-3.779058599999928],[-45.34325489999998,-3.844776099999933],[-45.325563999999986,-3.8450681999999574],[-45.329673999999955,-3.857096199999944],[-45.34109719999998,-3.856664399999943],[-45.339850199999944,-3.869962899999962],[-45.37272049999996,-3.9077513999999383],[-45.35765739999994,-3.984926899999948],[-45.37844549999994,-3.990900099999976],[-45.39856119999996,-4.01040409999996],[-45.407947899999954,-4.062350999999978],[-45.447280099999944,-4.075191699999948],[-45.487647599999946,-4.063595199999952],[-45.55018689999997,-3.987038199999972],[-45.57799749999998,-3.987460599999963],[-45.581254299999955,-3.947198299999968],[-45.59815789999993,-3.9153444999999465],[-45.563831499999935,-3.878490499999941],[-45.49082599999997,-3.824323799999945],[-45.42606619999998,-3.7269300999999473]]]}},{"id":"613","type":"Feature","properties":{"COD_IBGE":"2110005","MUNICIPIO":"Santa Luzia","UF":"MA"},"geometry":{"type":"Polygon","coordinates":[[[-45.56136099999998,-3.9872078999999303],[-45.56754989999996,-4.042124299999955],[-45.55159359999993,-4.064913399999966],[-45.56087189999994,-4.066541299999926],[-45.569025099999976,-4.100655599999925],[-45.580987799999946,-4.109776799999963],[-45.57822189999996,-4.120832299999961],[-45.585398199999986,-4.126305299999956],[-45.58120239999994,-4.141686799999945],[-45.57278569999994,-4.142076699999961],[-45.591353399999946,-4.158593999999937],[-45.58591709999996,-4.179070299999978],[-45.594973299999936,-4.195969399999967],[-45.638724399999944,-4.196655899999939],[-45.64328029999996,-4.182544199999938],[-45.67017199999998,-4.209564999999941],[-45.78594839999994,-4.25234219999993],[-45.800797999999986,-4.280876099999944],[-45.79122909999995,-4.3363473999999655],[-45.802682999999945,-4.347901099999945],[-45.79815869999993,-4.362545999999952],[-45.803971599999954,-4.38126589999996],[-45.816467699999976,-4.3888211999999385],[-45.81471819999996,-4.404869399999939],[-45.826360799999975,-4.421834799999942],[-45.80613699999998,-4.429906899999935],[-45.79374269999994,-4.445889699999952],[-45.78673229999998,-4.489420999999936],[-45.770247799999936,-4.5130878999999595],[-45.75866499999995,-4.514898599999981],[-45.76058649999993,-4.528682799999956],[-45.72421209999993,-4.543378299999972],[-45.70853409999995,-4.559048299999972],[-45.92006299999997,-4.5586227999999664],[-45.92827719999997,-4.6616853999999535],[-45.956749799999955,-4.67660879999994],[-45.958289399999956,-4.698690799999952],[-45.970064699999966,-4.706783199999961],[-45.97581859999997,-4.724919899999975],[-46.01189679999993,-4.741878799999938],[-46.04042479999998,-4.792126899999971],[-46.03645359999996,-4.805094199999928],[-46.02835419999997,-4.805499499999939],[-46.02716799999996,-4.836828099999934],[-46.01737239999994,-4.853705799999943],[-46.08939349999997,-4.854617299999973],[-46.115092699999934,-4.800436199999979],[-46.132048199999986,-4.797561499999972],[-46.131983299999945,-4.790202499999964],[-46.202693299999964,-4.750283799999977],[-46.22890209999997,-4.624991399999942],[-46.20927029999996,-4.623680799999931],[-46.17805059999995,-4.60026309999995],[-46.15910489999993,-4.560495699999933],[-46.19320079999994,-4.511727299999961],[-46.203081199999986,-4.471642999999972],[-46.21724829999994,-4.469847799999968],[-46.23292939999993,-4.445330699999943],[-46.223374399999955,-4.3904024999999365],[-46.24093779999998,-4.373776599999928],[-46.264577299999985,-4.307694399999946],[-46.27378779999998,-4.301690599999972],[-46.087019699999985,-4.033352799999932],[-46.08875419999998,-4.024000299999955],[-46.05044699999996,-3.9999998999999775],[-45.984249999999975,-3.984328499999947],[-45.905368299999964,-3.9380616999999347],[-45.90981369999997,-3.930292799999961],[-45.898447199999964,-3.8997584999999617],[-45.84638609999996,-3.8800301999999647],[-45.84497079999994,-3.8178632999999422],[-45.80934289999993,-3.8193154999999592],[-45.78539379999995,-3.833109199999967],[-45.77241539999994,-3.8231453999999303],[-45.76505729999997,-3.792490799999939],[-45.749557599999946,-3.796359099999961],[-45.750026899999966,-3.8171032999999284],[-45.71827769999993,-3.809478199999944],[-45.685785099999976,-3.7883083999999485],[-45.67025309999997,-3.74663709999993],[-45.63973589999995,-3.7396408999999267],[-45.635861199999965,-3.7296314999999254],[-45.62425669999993,-3.732862999999952],[-45.59815789999993,-3.9153444999999465],[-45.581254299999955,-3.947198299999968],[-45.57799749999998,-3.987460599999963],[-45.56136099999998,-3.9872078999999303]]]}},{"id":"614","type":"Feature","properties":{"COD_IBGE":"2110039","MUNICIPIO":"Santa Luzia do Paruá","UF":"MA"},"geometry":{"type":"Polygon","coordinates":[[[-45.641471499999966,-2.3611289999999485],[-45.64159919999997,-2.458481699999936],[-45.56095839999995,-2.481461599999932],[-45.59443799999997,-2.5572255999999243],[-45.59430409999993,-2.6057609999999727],[-45.64181069999995,-2.655518699999959],[-45.75491439999996,-2.620729199999971],[-45.79811089999998,-2.648683799999958],[-45.98996989999995,-2.695910099999935],[-45.98797589999998,-2.6808736999999496],[-45.998426999999936,-2.6656610999999657],[-45.983920299999966,-2.611957699999948],[-45.94304749999998,-2.576148899999964],[-45.911692699999946,-2.529002299999945],[-45.90395319999993,-2.429493499999978],[-45.80354529999994,-2.4268661999999495],[-45.641471499999966,-2.3611289999999485]]]}},{"id":"615","type":"Feature","properties":{"COD_IBGE":"2110104","MUNICIPIO":"Santa Quitéria do Maranhão","UF":"MA"},"geometry":{"type":"Polygon","coordinates":[[[-42.56268849999998,-3.559418199999925],[-42.75294359999998,-3.4139882999999713],[-42.93195629999997,-3.387591099999952],[-42.965763299999935,-3.422590899999932],[-43.129220499999974,-3.4784958999999276],[-43.163012299999934,-3.4331436999999596],[-43.160137599999985,-3.360129499999971],[-43.126529999999946,-3.339642099999935],[-43.134716399999945,-3.292623399999968],[-43.12615589999996,-3.262079599999936],[-43.11194519999998,-3.244384699999955],[-43.08682459999994,-3.2441566999999623],[-43.08662349999997,-3.217899799999941],[-43.030580499999985,-3.172598199999925],[-43.043088599999976,-3.1630124999999794],[-43.04114549999997,-3.1302930999999603],[-42.82475539999996,-3.216129399999943],[-42.85518849999994,-3.2330287999999427],[-42.496380399999964,-3.4459245999999553],[-42.510306999999955,-3.4782226999999466],[-42.53096849999997,-3.489085799999941],[-42.530242999999984,-3.511427699999956],[-42.56268849999998,-3.559418199999925]]]}},{"id":"616","type":"Feature","properties":{"COD_IBGE":"2110203","MUNICIPIO":"Santa Rita","UF":"MA"},"geometry":{"type":"Polygon","coordinates":[[[-44.33094149999994,-3.263106299999947],[-44.357406099999935,-3.2494219999999245],[-44.355223799999976,-3.237227799999971],[-44.36466919999998,-3.2387879999999427],[-44.37037719999995,-3.2222597999999607],[-44.384699499999954,-3.22285839999995],[-44.40067989999994,-3.2067934999999466],[-44.41092269999996,-3.2132027999999764],[-44.42238659999998,-3.2044824999999264],[-44.43641179999997,-3.217156099999954],[-44.44421769999997,-3.208145899999977],[-44.43909759999997,-3.196468799999934],[-44.46692829999995,-3.1930886999999757],[-44.47104989999997,-3.1770578999999657],[-44.54938009999995,-3.0862752999999543],[-44.54121429999998,-3.0642116999999303],[-44.55576639999998,-3.0503819999999564],[-44.49549349999995,-3.026013599999942],[-44.48800709999995,-3.0386927999999784],[-44.472155199999975,-3.0369397999999705],[-44.321965699999964,-3.105026799999962],[-44.316422899999964,-3.0321876999999517],[-44.30143689999994,-3.0306750999999394],[-44.28487009999998,-3.0440095999999244],[-44.24126129999996,-3.0435946999999715],[-44.25331909999994,-3.0697423999999387],[-44.22237239999998,-3.1096734999999285],[-44.24181629999998,-3.132547699999975],[-44.213535699999966,-3.133854499999927],[-44.21484389999995,-3.1840078999999264],[-44.12322829999994,-3.1836858999999436],[-44.117606999999964,-3.1941161999999395],[-44.091578099999936,-3.1984853999999245],[-44.117823499999986,-3.229095099999938],[-44.102859699999954,-3.243548999999973],[-44.10254519999995,-3.2534793999999465],[-44.16991569999993,-3.267195699999945],[-44.209086799999966,-3.253243599999962],[-44.24279619999993,-3.308469999999943],[-44.26204869999998,-3.2895816999999283],[-44.29305369999997,-3.287617999999952],[-44.296331599999974,-3.268026499999962],[-44.33094149999994,-3.263106299999947]]]}},{"id":"617","type":"Feature","properties":{"COD_IBGE":"2110237","MUNICIPIO":"Santana do Maranhão","UF":"MA"},"geometry":{"type":"Polygon","coordinates":[[[-42.53469739999997,-3.091902199999936],[-42.30927699999995,-3.092479199999957],[-42.640468699999985,-3.3604574999999386],[-42.85518849999994,-3.2330287999999427],[-42.82593509999998,-3.2191265999999246],[-42.798483199999964,-3.1486745999999357],[-42.76807659999997,-3.133351799999957],[-42.75753059999994,-3.055848899999944],[-42.68694859999994,-3.059721199999956],[-42.69655919999997,-3.0625912999999514],[-42.696325599999966,-3.1755619999999567],[-42.53469739999997,-3.091902199999936]]]}},{"id":"618","type":"Feature","properties":{"COD_IBGE":"2110278","MUNICIPIO":"Santo Amaro do Maranhão","UF":"MA"},"geometry":{"type":"Polygon","coordinates":[[[-43.25740179999997,-2.7378183999999806],[-43.26115609999994,-2.7194785999999453],[-43.282996399999945,-2.6996522999999684],[-43.31906749999996,-2.6426104999999325],[-43.322456199999976,-2.6046194999999557],[-43.34711779999998,-2.5547833999999625],[-43.33718219999997,-2.5465507999999772],[-43.34163739999997,-2.519312399999933],[-43.33141599999993,-2.5178944999999544],[-43.33467369999994,-2.5107275999999388],[-43.32252859999994,-2.503367399999945],[-43.34095599999995,-2.500368799999933],[-43.34009819999994,-2.4918867999999748],[-43.330397199999936,-2.4790036999999643],[-43.304598099999964,-2.4761973999999327],[-43.31817709999996,-2.3846417999999403],[-43.32644189999996,-2.3782855999999697],[-43.31482689999996,-2.366261399999928],[-43.32961369999998,-2.3432297999999605],[-43.36947999999995,-2.34728089999993],[-43.37792079999997,-2.3426679999999465],[-43.37395049999998,-2.339422499999955],[-43.317492899999934,-2.3376996999999733],[-43.23741309999997,-2.358689599999934],[-43.014819699999975,-2.4566665999999486],[-43.01199679999996,-2.464723899999967],[-43.019893399999944,-2.5026995999999713],[-43.045592599999964,-2.511140599999976],[-43.05024129999998,-2.520435599999928],[-43.04422359999995,-2.562499099999968],[-43.049805299999946,-2.560404099999971],[-43.05467769999996,-2.570610399999964],[-43.050422899999944,-2.5848984999999516],[-43.057885899999974,-2.6018574999999373],[-43.07097699999997,-2.608096899999964],[-43.06093849999996,-2.6128834999999526],[-43.06695139999994,-2.6350872999999524],[-43.03691669999995,-2.6535979999999313],[-43.04633099999995,-2.671174199999939],[-43.03005669999993,-2.6786800999999514],[-43.045154399999944,-2.701764799999978],[-43.03553539999996,-2.7039404999999306],[-43.03650289999996,-2.726478699999973],[-43.06581099999994,-2.7594051999999465],[-43.12203999999997,-2.775070699999958],[-43.10023289999998,-2.818437099999926],[-43.09820719999993,-2.85134979999998],[-43.06951689999994,-2.8844128999999725],[-43.09727179999993,-2.914768699999968],[-43.185627299999965,-2.9589493999999377],[-43.21081239999995,-2.9367520999999783],[-43.225507499999935,-2.895207599999935],[-43.28409579999993,-2.7991704999999456],[-43.28433759999996,-2.7816726999999446],[-43.25740179999997,-2.7378183999999806]]]}},{"id":"619","type":"Feature","properties":{"COD_IBGE":"2110302","MUNICIPIO":"Santo Antônio dos Lopes","UF":"MA"},"geometry":{"type":"Polygon","coordinates":[[[-44.35999389999995,-4.88380849999993],[-44.359469099999956,-4.9066137999999455],[-44.41330519999997,-4.950773899999945],[-44.41170509999995,-4.975747099999978],[-44.51415719999994,-4.975933699999928],[-44.638638699999944,-4.86250119999994],[-44.638989299999935,-4.845718399999953],[-44.633266599999956,-4.82856449999997],[-44.61390839999996,-4.809600499999931],[-44.60115779999995,-4.807820799999945],[-44.56376779999994,-4.76742459999997],[-44.579344799999944,-4.731280899999945],[-44.57295639999995,-4.708695299999931],[-44.485754199999974,-4.650437499999953],[-44.39824129999994,-4.6660450999999625],[-44.45039049999997,-4.697230999999931],[-44.41863929999994,-4.7205328999999665],[-44.40610289999995,-4.744401299999936],[-44.354061299999955,-4.779752899999949],[-44.352170899999976,-4.807507599999951],[-44.32271719999994,-4.832235999999966],[-44.32503989999998,-4.846187999999927],[-44.34396289999995,-4.847826199999929],[-44.35999389999995,-4.88380849999993]]]}},{"id":"620","type":"Feature","properties":{"COD_IBGE":"2110401","MUNICIPIO":"São Benedito do Rio Preto","UF":"MA"},"geometry":{"type":"Polygon","coordinates":[[[-43.459261099999935,-3.2846444999999562],[-43.44721619999996,-3.316661199999942],[-43.606697699999984,-3.6186726999999337],[-43.73627439999996,-3.4391069999999786],[-43.739089399999955,-3.4292829999999412],[-43.71578569999997,-3.4078642999999715],[-43.71772939999994,-3.3927518999999506],[-43.72670849999997,-3.3821558999999297],[-43.73592339999993,-3.3854012999999554],[-43.74562149999997,-3.3780633999999736],[-43.745951899999966,-3.355402399999946],[-43.76498559999993,-3.3217811999999753],[-43.79400969999995,-3.330900999999926],[-43.80498189999997,-3.3010714999999777],[-43.60663559999995,-3.1720939999999587],[-43.61226839999995,-3.233172799999977],[-43.459261099999935,-3.2846444999999562]]]}},{"id":"621","type":"Feature","properties":{"COD_IBGE":"2110500","MUNICIPIO":"São Bento","UF":"MA"},"geometry":{"type":"Polygon","coordinates":[[[-44.88778139999994,-2.704903599999966],[-44.84026799999998,-2.6593367999999487],[-44.819960599999945,-2.673198799999966],[-44.78613389999998,-2.6694709999999304],[-44.810887099999945,-2.702448899999979],[-44.80482719999998,-2.735218399999951],[-44.81022439999998,-2.7741748999999345],[-44.82605849999993,-2.7882158999999547],[-44.81884499999995,-2.798023599999965],[-44.82423549999993,-2.803711999999962],[-44.84429049999994,-2.808663699999954],[-44.90396009999995,-2.79347759999996],[-44.935445999999956,-2.8069779999999582],[-44.96112739999995,-2.8406305999999404],[-44.96892379999997,-2.834039099999927],[-45.039426599999956,-2.8675417999999695],[-45.105184399999985,-2.8828093999999282],[-45.12073439999995,-2.8782835999999747],[-45.12772849999993,-2.889122099999952],[-45.196046499999966,-2.910762199999965],[-45.21888969999998,-2.907136699999967],[-45.22977959999997,-2.8334182999999484],[-45.21989589999998,-2.813416699999948],[-45.19391099999996,-2.8192077999999583],[-45.18813189999997,-2.8137812999999596],[-45.192767799999956,-2.8062359999999558],[-45.177548299999955,-2.8124872999999297],[-45.18387759999996,-2.7984179999999697],[-45.15853169999997,-2.8370539999999664],[-45.146809099999984,-2.8348380999999563],[-44.88778139999994,-2.704903599999966]]]}},{"id":"622","type":"Feature","properties":{"COD_IBGE":"2110609","MUNICIPIO":"São Bernardo","UF":"MA"},"geometry":{"type":"Polygon","coordinates":[[[-42.640468699999985,-3.3604574999999386],[-42.30927699999995,-3.092479199999957],[-42.24553519999995,-3.1991698999999585],[-42.276658399999974,-3.266794599999969],[-42.27274719999997,-3.444713399999955],[-42.29712189999998,-3.4538649999999507],[-42.31669869999996,-3.4341702999999484],[-42.33142289999995,-3.4335258999999496],[-42.35584819999997,-3.450655799999936],[-42.388421999999935,-3.448090299999933],[-42.399923299999955,-3.4747504999999705],[-42.411357399999986,-3.474360299999944],[-42.41409379999993,-3.4577281999999627],[-42.424756499999944,-3.453406799999925],[-42.44824479999994,-3.4783352999999693],[-42.470335999999975,-3.4837735999999495],[-42.48732559999996,-3.4771098999999595],[-42.48612549999996,-3.4462400999999545],[-42.640468699999985,-3.3604574999999386]]]}},{"id":"623","type":"Feature","properties":{"COD_IBGE":"2110658","MUNICIPIO":"São Domingos do Azeitão","UF":"MA"},"geometry":{"type":"Polygon","coordinates":[[[-44.61561349999994,-6.961202799999967],[-44.699751799999945,-6.974204499999928],[-44.710159799999985,-6.963463099999956],[-44.70991719999995,-6.941035599999964],[-44.74783659999997,-6.918750899999964],[-44.754092999999955,-6.890793599999938],[-44.768646399999966,-6.884880799999962],[-44.79084549999993,-6.713863599999968],[-44.73979079999998,-6.711840499999937],[-44.711900399999934,-6.696802299999945],[-44.705385399999955,-6.704216699999961],[-44.69864169999994,-6.693787999999927],[-44.68570009999996,-6.703038499999934],[-44.680467599999986,-6.69204069999995],[-44.66880159999994,-6.700518699999975],[-44.666543299999944,-6.691940199999976],[-44.66025119999995,-6.697368299999937],[-44.66034049999996,-6.689991799999973],[-44.649352299999975,-6.692057699999964],[-44.64404059999998,-6.680492099999981],[-44.63054749999998,-6.679970199999957],[-44.42416559999998,-6.79613779999994],[-44.401568199999986,-6.817765599999973],[-44.41435219999994,-6.845095199999946],[-44.442178799999965,-6.861619899999937],[-44.458649899999955,-6.889021699999944],[-44.45326549999993,-6.89752569999996],[-44.49403449999994,-6.88395259999993],[-44.51270569999997,-6.924939499999937],[-44.535491899999954,-7.0151248999999325],[-44.55808209999998,-6.99638989999994],[-44.572709799999984,-6.996342099999936],[-44.575798599999985,-6.987045599999931],[-44.58316949999994,-6.989139399999942],[-44.587596099999985,-6.9778689999999415],[-44.61561349999994,-6.961202799999967]]]}},{"id":"624","type":"Feature","properties":{"COD_IBGE":"2110708","MUNICIPIO":"São Domingos do Maranhão","UF":"MA"},"geometry":{"type":"Polygon","coordinates":[[[-44.16474439999996,-5.707141399999955],[-44.20264419999995,-5.715989799999932],[-44.21739459999998,-5.728012999999976],[-44.23258379999993,-5.7640594999999735],[-44.49839579999997,-5.800995299999954],[-44.45689939999994,-5.8282709999999724],[-44.47384989999995,-5.851462399999946],[-44.47222089999997,-5.863698199999931],[-44.49533659999997,-5.875333399999931],[-44.50101669999998,-5.859941899999967],[-44.530814299999975,-5.846408599999961],[-44.54110509999998,-5.829281699999967],[-44.542489399999965,-5.7780102999999485],[-44.52518139999995,-5.765412899999944],[-44.52732679999997,-5.755101499999967],[-44.52027389999995,-5.749091899999939],[-44.464732599999934,-5.735545499999944],[-44.453120199999944,-5.692880299999956],[-44.447347099999945,-5.614051399999937],[-44.461456399999975,-5.60863269999993],[-44.479378699999984,-5.565177999999946],[-44.48798569999997,-5.533013299999936],[-44.48505309999996,-5.511987199999965],[-44.477182599999935,-5.49652969999994],[-44.446020199999964,-5.497026099999971],[-44.42748289999997,-5.470738899999958],[-44.41106399999995,-5.464971599999956],[-44.37847149999993,-5.470140299999969],[-44.353481999999985,-5.458501599999977],[-44.342760699999985,-5.474598599999979],[-44.33265449999993,-5.461657499999944],[-44.308236499999964,-5.476429899999971],[-44.29767979999997,-5.50218979999994],[-44.284765499999935,-5.506064399999957],[-44.24931699999996,-5.500845199999958],[-44.236425199999985,-5.474043999999935],[-44.222461299999964,-5.462700499999926],[-44.209418899999946,-5.46431309999997],[-44.21310399999993,-5.477669899999967],[-44.19722449999995,-5.555179399999929],[-44.15891879999998,-5.521564799999965],[-44.144563699999935,-5.518659599999978],[-44.14442909999997,-5.552118499999949],[-44.12284239999997,-5.5912148999999545],[-44.182844399999965,-5.6609273999999346],[-44.18256869999993,-5.676772199999959],[-44.16474439999996,-5.707141399999955]]]}},{"id":"625","type":"Feature","properties":{"COD_IBGE":"2110807","MUNICIPIO":"São Félix de Balsas","UF":"MA"},"geometry":{"type":"Polygon","coordinates":[[[-44.782766899999956,-7.099271899999962],[-44.772436099999936,-7.124760899999956],[-44.70499229999996,-7.163372799999934],[-44.720352899999966,-7.168955499999981],[-44.71948569999995,-7.185643499999969],[-44.70934959999994,-7.189314699999954],[-44.69848489999998,-7.179534899999965],[-44.686735399999975,-7.186808499999927],[-44.70493229999994,-7.236359499999935],[-44.697653499999944,-7.255050899999958],[-44.78749319999997,-7.248704699999962],[-45.002871099999936,-7.496374499999945],[-45.019582499999956,-7.496398699999929],[-45.04923279999997,-7.51320979999997],[-45.08559739999998,-7.502309099999934],[-44.987512799999934,-7.102163799999971],[-44.97108709999998,-7.0903714999999465],[-44.992150899999956,-7.024311299999965],[-44.93574589999997,-6.8679089999999405],[-44.98026889999994,-6.791266999999948],[-44.956685499999935,-6.732443299999943],[-44.944207699999936,-6.73164689999993],[-44.93385079999996,-6.7138210999999615],[-44.90258739999996,-6.705833799999937],[-44.89297989999994,-6.7120764999999665],[-44.880155299999956,-6.70252789999995],[-44.79129769999997,-6.711808299999973],[-44.768646399999966,-6.884880799999962],[-44.754092999999955,-6.890793599999938],[-44.74981539999993,-6.915274599999975],[-44.73914959999996,-6.927611599999977],[-44.70991719999995,-6.941035599999964],[-44.710159799999985,-6.963463099999956],[-44.697337699999935,-6.974438799999973],[-44.71068049999997,-7.044263199999932],[-44.75376339999997,-7.075388399999952],[-44.75415399999997,-7.086190099999953],[-44.782766899999956,-7.099271899999962]]]}},{"id":"626","type":"Feature","properties":{"COD_IBGE":"2110856","MUNICIPIO":"São Francisco do Brejão","UF":"MA"},"geometry":{"type":"Polygon","coordinates":[[[-47.43109089999996,-5.2212469999999485],[-47.46708789999997,-5.181054099999926],[-47.48934269999995,-5.172007999999948],[-47.509388899999976,-5.131648199999972],[-47.51509949999996,-5.128859899999952],[-47.515465699999936,-5.155667899999969],[-47.52659099999994,-5.1774246999999605],[-47.53951089999998,-5.153452399999935],[-47.55458919999995,-5.095221599999945],[-47.51194959999998,-5.0619989999999575],[-47.49426299999993,-5.077193499999964],[-47.481705199999965,-5.073087099999952],[-47.47673109999994,-5.046742699999925],[-47.350535899999954,-5.0263583999999355],[-47.33072839999994,-5.043641399999956],[-47.31578379999996,-5.043937099999937],[-47.321285899999964,-5.058760599999971],[-47.312581199999954,-5.07622299999997],[-47.291340299999945,-5.079159599999969],[-47.29028539999996,-5.08615999999995],[-47.280838899999935,-5.080964199999926],[-47.26028669999994,-5.085715299999947],[-47.23004109999994,-5.151607699999943],[-47.21503689999997,-5.168311899999935],[-47.13555259999998,-5.143381799999929],[-47.15044469999998,-5.152985399999977],[-47.15654269999993,-5.178797599999939],[-47.179516399999955,-5.193437099999926],[-47.18506919999993,-5.221477399999969],[-47.20184089999998,-5.229993399999955],[-47.225600199999974,-5.265949399999954],[-47.27653189999995,-5.314073899999926],[-47.28433529999995,-5.303941399999928],[-47.31284509999995,-5.307438799999943],[-47.331245999999965,-5.266703799999959],[-47.34338769999994,-5.264368799999943],[-47.33929089999998,-5.257200999999952],[-47.35314189999997,-5.249783099999945],[-47.38175229999996,-5.272283399999935],[-47.41572999999994,-5.234147699999937],[-47.409417099999985,-5.216786499999955],[-47.43109089999996,-5.2212469999999485]]]}},{"id":"627","type":"Feature","properties":{"COD_IBGE":"2110906","MUNICIPIO":"São Francisco do Maranhão","UF":"MA"},"geometry":{"type":"Polygon","coordinates":[[[-42.88641089999993,-6.504609199999948],[-43.296642099999985,-6.342160799999931],[-43.35594619999995,-6.349449599999957],[-43.356866199999956,-6.34007239999994],[-43.31618359999993,-6.33244899999994],[-43.32881889999993,-6.290243999999973],[-43.334677599999964,-6.281125399999951],[-43.366408399999955,-6.298568899999964],[-43.368732799999975,-6.28782769999998],[-43.398221099999944,-6.277672799999948],[-43.31932169999993,-6.261158999999964],[-43.31346619999994,-6.193159299999934],[-43.32847909999998,-6.107610299999976],[-43.31444339999996,-6.0252256999999645],[-43.30686179999998,-6.020463999999947],[-43.33398519999997,-5.911090999999942],[-43.09642729999996,-5.9097101999999495],[-43.08694769999994,-5.919139299999927],[-43.08020449999998,-5.964435699999967],[-43.047865799999954,-5.995627799999966],[-43.050690799999984,-6.0181594999999675],[-43.076197699999966,-6.046197799999959],[-43.04771009999996,-6.103921899999932],[-42.99229859999997,-6.117574599999955],[-42.97978949999998,-6.133073099999933],[-42.96991109999993,-6.177325099999962],[-42.93466569999998,-6.191595599999971],[-42.89935979999996,-6.223091799999963],[-42.87575859999998,-6.225811999999962],[-42.85450279999998,-6.249856399999942],[-42.84658689999998,-6.282788099999948],[-42.859780099999966,-6.329947699999934],[-42.83456639999997,-6.325188199999957],[-42.829340499999944,-6.340603499999929],[-42.851522099999954,-6.358600699999954],[-42.856897199999935,-6.390505699999949],[-42.87793089999997,-6.4184931999999435],[-42.86554599999994,-6.482178999999974],[-42.88641089999993,-6.504609199999948]]]}},{"id":"628","type":"Feature","properties":{"COD_IBGE":"2111003","MUNICIPIO":"São João Batista","UF":"MA"},"geometry":{"type":"Polygon","coordinates":[[[-44.84384679999994,-3.0462635999999748],[-44.921992399999965,-3.0362645999999245],[-44.92285389999995,-3.017103499999962],[-44.93609639999994,-3.0243591999999353],[-44.92250699999994,-2.9993658999999298],[-44.93085599999995,-2.992603499999973],[-44.94376059999996,-2.9964660999999637],[-44.93365309999996,-2.988275099999953],[-44.93925049999996,-2.9764182999999775],[-44.968685499999935,-2.9714248999999313],[-44.96202199999993,-2.967099399999938],[-44.96416209999995,-2.950785899999971],[-44.97454449999998,-2.939038499999981],[-44.93200209999998,-2.9185507999999345],[-44.90537139999998,-2.936052199999949],[-44.862053499999945,-2.9458702999999673],[-44.79169099999996,-2.8881074999999328],[-44.78204539999996,-2.8958890999999767],[-44.73859729999998,-2.875182299999949],[-44.73363009999997,-2.886365699999942],[-44.708519999999965,-2.8902228999999693],[-44.65405619999996,-2.8878118999999742],[-44.679754199999934,-2.919447899999966],[-44.67443049999997,-2.998694999999941],[-44.65821569999997,-3.0153772999999546],[-44.58022189999997,-3.051374399999929],[-44.674252499999966,-3.152123999999958],[-44.691926699999954,-3.1318893999999773],[-44.74420229999998,-3.119718399999954],[-44.74924109999995,-3.10978369999998],[-44.77583439999995,-3.100390799999957],[-44.80956679999997,-3.0753907999999797],[-44.80655409999997,-3.0655589999999506],[-44.84384679999994,-3.0462635999999748]]]}},{"id":"629","type":"Feature","properties":{"COD_IBGE":"2111029","MUNICIPIO":"São João do Carú","UF":"MA"},"geometry":{"type":"Polygon","coordinates":[[[-46.273489799999936,-3.4857935999999654],[-46.10763629999997,-3.4866142999999283],[-46.10378119999996,-3.517930599999943],[-46.11812029999993,-3.5193574999999555],[-46.128317899999956,-3.5627031999999303],[-46.115742299999965,-3.58936099999994],[-46.102716499999985,-3.595616899999925],[-46.11170039999996,-3.605330199999969],[-46.120713199999955,-3.5980734999999413],[-46.13261649999998,-3.605969899999934],[-46.14339789999997,-3.585227399999951],[-46.15644109999994,-3.588462599999957],[-46.15973239999994,-3.579595799999936],[-46.18917289999996,-3.57311059999995],[-46.205343899999946,-3.596222199999943],[-46.21352459999997,-3.582549799999981],[-46.22194529999996,-3.5892871999999443],[-46.243489899999986,-3.5845275999999444],[-46.24069209999993,-3.5756035999999654],[-46.25490439999993,-3.5732703999999558],[-46.25745749999993,-3.557588399999929],[-46.27269299999995,-3.5552584999999794],[-46.277762199999984,-3.561943999999926],[-46.288334099999986,-3.5477054999999496],[-46.301476599999944,-3.5591993999999545],[-46.296772199999964,-3.539939499999946],[-46.31220469999994,-3.546339199999977],[-46.32740439999998,-3.538470099999927],[-46.323837699999956,-3.5499719999999684],[-46.33222989999996,-3.544416399999932],[-46.33813669999995,-3.5542736999999534],[-46.35402319999997,-3.5554259999999545],[-46.35651439999998,-3.5672801999999706],[-46.35740949999996,-3.5579565999999545],[-46.36822919999997,-3.5545306999999298],[-46.36485049999993,-3.570774599999936],[-46.37630509999997,-3.572403599999973],[-46.38259199999993,-3.5830437999999276],[-46.40369099999998,-3.5704324999999244],[-46.40303389999997,-3.591628299999968],[-46.42021799999998,-3.5921632999999247],[-46.42446469999993,-3.5768631999999343],[-46.437012599999946,-3.5912551999999778],[-46.43490949999995,-3.577143899999953],[-46.45175189999998,-3.576631299999974],[-46.45597369999996,-3.592965599999957],[-46.473802699999965,-3.595291599999939],[-46.47000069999996,-3.608897699999943],[-46.48030269999998,-3.6039883999999347],[-46.48947549999997,-3.61797329999996],[-46.50417409999994,-3.6180305999999405],[-46.52261389999995,-3.632348299999933],[-46.530674999999974,-3.6254488999999808],[-46.563322599999935,-3.6378544999999463],[-46.56821979999995,-3.6494875999999294],[-46.60019209999996,-3.668319599999961],[-46.59971909999996,-3.674792899999943],[-46.61692919999996,-3.6792083999999363],[-46.62121159999998,-3.695370099999934],[-46.64318449999996,-3.709186099999954],[-46.65978899999993,-3.696146699999929],[-46.69635069999998,-3.7049382999999807],[-46.69331539999996,-3.6764185999999768],[-46.630843099999936,-3.613061499999958],[-46.59328609999994,-3.591043799999966],[-46.49517259999993,-3.4963398999999526],[-46.459498199999985,-3.485753699999975],[-46.41382859999993,-3.40116919999997],[-46.39852719999993,-3.346598799999981],[-46.39567569999997,-3.2913663999999585],[-46.27837069999998,-3.3464490999999725],[-46.27380499999998,-3.4241318999999635],[-46.29194579999995,-3.435009999999977],[-46.26243889999995,-3.467304699999943],[-46.273489799999936,-3.4857935999999654]]]}},{"id":"630","type":"Feature","properties":{"COD_IBGE":"2111052","MUNICIPIO":"São João do Paraíso","UF":"MA"},"geometry":{"type":"Polygon","coordinates":[[[-46.971623499999964,-6.659096799999929],[-47.04795009999998,-6.672255899999925],[-47.082419899999934,-6.663906099999963],[-47.086374699999965,-6.656526099999951],[-47.12356489999996,-6.6622341999999435],[-47.16939689999998,-6.63314029999998],[-47.16671409999998,-6.619420999999932],[-47.17459439999993,-6.607951999999955],[-47.18406239999996,-6.609252399999946],[-47.196883699999944,-6.5929446999999755],[-47.20154499999995,-6.596172199999955],[-47.20766869999994,-6.592593499999964],[-47.207751299999984,-6.576038399999959],[-47.21642639999993,-6.568253699999957],[-47.18768499999993,-6.555983899999944],[-47.162463199999934,-6.527913399999932],[-47.14574429999993,-6.520743999999979],[-47.06905059999997,-6.546350299999972],[-47.105634099999975,-6.439769099999978],[-47.14059129999998,-6.423661299999935],[-47.12505729999998,-6.3839302999999745],[-47.05998919999996,-6.378835899999956],[-47.05560159999993,-6.359525699999949],[-47.04019699999998,-6.350218299999938],[-47.03901509999997,-6.337213799999972],[-47.028875599999935,-6.334704599999952],[-47.025728699999945,-6.313708199999951],[-47.01924309999998,-6.311756199999934],[-47.027265599999964,-6.286710199999959],[-46.995360199999936,-6.271410999999944],[-46.98332099999993,-6.281316599999968],[-46.97046969999997,-6.269024799999954],[-46.95662159999995,-6.27849649999996],[-46.953119199999946,-6.272987999999941],[-46.93122969999996,-6.27811029999998],[-46.93335089999994,-6.290816599999971],[-46.92736599999995,-6.285381399999949],[-46.92087989999993,-6.298220199999946],[-46.91780789999996,-6.292380399999956],[-46.90764559999997,-6.2969823999999335],[-46.86762769999996,-6.286420199999952],[-46.85078219999997,-6.293042399999933],[-46.843866599999956,-6.318660399999942],[-46.76517219999994,-6.355403499999966],[-46.78898429999998,-6.328299499999957],[-46.794952999999964,-6.297758199999976],[-46.80965059999994,-6.290534799999932],[-46.80569429999997,-6.235068799999965],[-46.81353369999994,-6.223927099999969],[-46.832051399999955,-6.220972099999926],[-46.84647739999997,-6.20329849999996],[-46.85412949999994,-6.203933099999972],[-46.84943729999998,-6.195492299999955],[-46.81764439999995,-6.198034399999926],[-46.81334719999995,-6.204400499999963],[-46.80803049999997,-6.19602679999997],[-46.80109999999996,-6.2040280999999595],[-46.79405019999996,-6.19057289999995],[-46.787455499999965,-6.198629099999948],[-46.78523729999995,-6.19140989999994],[-46.764892799999984,-6.195951199999968],[-46.75758369999994,-6.18913329999998],[-46.74247279999997,-6.198917599999959],[-46.70408159999994,-6.18796569999995],[-46.690477999999985,-6.189966799999979],[-46.68124199999994,-6.203240199999925],[-46.61336619999997,-6.210210699999948],[-46.609491799999944,-6.224271099999953],[-46.61748479999994,-6.242611499999953],[-46.634029699999985,-6.25255379999993],[-46.64367749999997,-6.27576849999997],[-46.68998519999997,-6.299174299999947],[-46.68878029999996,-6.321182799999974],[-46.67076509999998,-6.33867319999996],[-46.69323889999998,-6.342550999999958],[-46.69503049999997,-6.353523399999972],[-46.68486229999996,-6.355494399999941],[-46.690195399999936,-6.363457299999936],[-46.67889649999995,-6.373334199999931],[-46.694939799999986,-6.399159399999974],[-46.71710239999993,-6.416207699999973],[-46.70853469999997,-6.44116159999993],[-46.71571609999995,-6.452604999999949],[-46.72645099999994,-6.453264799999943],[-46.72892619999993,-6.465311199999974],[-46.71892409999998,-6.504904899999929],[-46.73404759999994,-6.527477499999975],[-46.733974599999954,-6.552244899999948],[-46.75285939999998,-6.5662035999999375],[-46.75276949999994,-6.586037999999974],[-46.76230849999996,-6.597392499999955],[-46.757178299999964,-6.624573599999962],[-46.738590399999964,-6.651677599999971],[-46.72718759999998,-6.6556688999999665],[-46.74129469999997,-6.67126959999996],[-46.733347299999934,-6.683375799999965],[-46.79664489999993,-6.692001199999936],[-46.85340279999997,-6.670417099999952],[-46.89962319999995,-6.683323199999961],[-46.91311509999997,-6.677874399999951],[-46.940687999999966,-6.683735299999967],[-46.96115409999993,-6.680513299999973],[-46.971623499999964,-6.659096799999929]]]}},{"id":"631","type":"Feature","properties":{"COD_IBGE":"2111078","MUNICIPIO":"São João do Soter","UF":"MA"},"geometry":{"type":"Polygon","coordinates":[[[-43.76128609999995,-5.202008299999932],[-43.78411989999995,-5.273703799999964],[-44.01686479999995,-5.166719499999942],[-44.00263189999998,-5.164275199999963],[-43.960095199999955,-5.050625899999943],[-43.92589659999993,-5.025935999999945],[-43.90184149999993,-5.026137899999981],[-43.87090349999994,-5.0006572999999435],[-43.85596489999995,-4.978084499999966],[-43.84822889999998,-4.944406299999969],[-43.831016699999964,-4.931712999999945],[-43.83293059999994,-4.893108299999938],[-43.85120019999994,-4.884595099999956],[-43.85265879999997,-4.872491499999967],[-43.843035999999984,-4.861622399999931],[-43.841255099999955,-4.810617799999932],[-43.82709149999994,-4.790427799999975],[-43.808676799999944,-4.803949999999929],[-43.80235659999994,-4.819731199999978],[-43.78130629999998,-4.8249867999999765],[-43.793912499999976,-4.825098699999955],[-43.79539859999994,-4.832721099999958],[-43.77016219999996,-4.842438399999935],[-43.76873109999997,-4.851291699999933],[-43.75601389999997,-4.855118499999946],[-43.74412149999995,-4.8446433999999385],[-43.71301689999996,-4.863754799999981],[-43.66728619999998,-4.849107299999957],[-43.60287729999993,-4.881428799999981],[-43.565005499999984,-4.878693299999952],[-43.550064599999985,-4.92982029999996],[-43.547893399999964,-4.985866899999962],[-43.61045589999998,-5.077413899999954],[-43.59361819999998,-5.112192899999968],[-43.62114679999996,-5.119975699999941],[-43.639229599999965,-5.113358299999959],[-43.66622789999997,-5.151977099999954],[-43.72480319999994,-5.183205899999962],[-43.72969459999996,-5.198532099999966],[-43.76128609999995,-5.202008299999932]]]}},{"id":"632","type":"Feature","properties":{"COD_IBGE":"2111102","MUNICIPIO":"São João dos Patos","UF":"MA"},"geometry":{"type":"Polygon","coordinates":[[[-43.707168999999965,-6.699817399999972],[-43.75382129999997,-6.703487999999936],[-43.79085709999998,-6.545092599999975],[-43.81016039999997,-6.507954899999959],[-43.82118939999998,-6.512698199999932],[-43.80873619999994,-6.467384999999979],[-43.78436329999994,-6.4549279999999385],[-43.811922599999946,-6.42834849999997],[-43.83836949999994,-6.382309599999928],[-43.83673339999996,-6.345376199999976],[-43.85926239999998,-6.284288299999957],[-43.64981339999997,-6.31711729999995],[-43.64962219999995,-6.341783699999951],[-43.62634809999997,-6.378399599999966],[-43.60567789999993,-6.48753389999996],[-43.58624679999997,-6.478600899999947],[-43.571167799999955,-6.4921838999999295],[-43.567544399999974,-6.509405099999981],[-43.54696889999997,-6.517970299999945],[-43.493084299999964,-6.578412599999979],[-43.47060929999998,-6.572437999999977],[-43.464189999999974,-6.594146999999964],[-43.439627299999984,-6.584620299999926],[-43.40200489999995,-6.609489699999926],[-43.454588599999965,-6.845996899999932],[-43.48118049999994,-6.835409899999945],[-43.505069799999944,-6.80083099999996],[-43.54163369999998,-6.78913689999996],[-43.561659099999986,-6.748120899999947],[-43.58437559999993,-6.7574842999999305],[-43.64287439999998,-6.716551099999947],[-43.67272099999997,-6.706269299999974],[-43.69854189999995,-6.7095513999999525],[-43.707168999999965,-6.699817399999972]]]}},{"id":"633","type":"Feature","properties":{"COD_IBGE":"2111201","MUNICIPIO":"São José de Ribamar","UF":"MA"},"geometry":{"type":"Polygon","coordinates":[[[-44.16168849999997,-2.6078330999999366],[-44.19474619999994,-2.562569099999962],[-44.207408199999975,-2.5670136999999613],[-44.20905449999998,-2.543199999999956],[-44.19518279999994,-2.5400414999999725],[-44.18968249999995,-2.520941099999959],[-44.21353209999995,-2.521365699999933],[-44.20549509999995,-2.500784299999964],[-44.21798559999996,-2.471241599999928],[-44.183691099999976,-2.460995799999978],[-44.18197709999998,-2.46600959999995],[-44.17821689999994,-2.5083587999999395],[-44.19276479999996,-2.5418407999999317],[-44.19073389999994,-2.55375429999998],[-44.14086899999995,-2.5546472999999423],[-44.07710519999995,-2.5423366999999644],[-44.073281399999985,-2.525022999999976],[-44.05943219999995,-2.523342899999932],[-44.055956599999945,-2.4656203999999775],[-44.02606119999996,-2.5028630999999564],[-44.03616119999998,-2.556688099999974],[-44.04903139999993,-2.554633699999954],[-44.053768899999966,-2.5647387999999296],[-44.08165289999994,-2.562737499999969],[-44.10566529999994,-2.6033727999999314],[-44.10569319999996,-2.629244799999981],[-44.13179109999993,-2.6563218999999663],[-44.13723289999996,-2.6812816999999427],[-44.17343809999994,-2.7021235999999362],[-44.18266349999993,-2.691302099999973],[-44.17050469999998,-2.681213199999945],[-44.170425499999965,-2.6581182999999555],[-44.18298999999996,-2.632257599999946],[-44.16351109999994,-2.618106599999976],[-44.16168849999997,-2.6078330999999366]]]}},{"id":"634","type":"Feature","properties":{"COD_IBGE":"2111250","MUNICIPIO":"São José dos Basílios","UF":"MA"},"geometry":{"type":"Polygon","coordinates":[[[-44.57508809999996,-5.150846999999942],[-44.62809149999998,-5.125585899999976],[-44.623481899999945,-5.118739199999936],[-44.63439359999995,-5.1121378999999365],[-44.63435449999997,-5.096807099999978],[-44.658559099999934,-5.085243499999933],[-44.656380799999965,-5.0735771999999315],[-44.66576749999996,-5.06620369999996],[-44.65971939999997,-5.04931849999997],[-44.63883889999994,-5.060731899999951],[-44.63923479999994,-5.037751199999946],[-44.61691339999993,-5.01352049999997],[-44.62076339999993,-5.005790599999955],[-44.60300119999994,-4.999208999999951],[-44.61114279999998,-4.987351299999943],[-44.606034199999954,-4.982849399999964],[-44.620620299999985,-4.967947899999956],[-44.61128189999994,-4.950628799999947],[-44.61866549999996,-4.936457399999938],[-44.614941699999974,-4.924643299999957],[-44.632129099999986,-4.9111718999999425],[-44.615692999999965,-4.890159599999947],[-44.64342689999995,-4.875619899999947],[-44.64299949999997,-4.8570247999999765],[-44.51415719999994,-4.975933699999928],[-44.49616159999994,-4.975901699999952],[-44.48495189999994,-5.017506099999935],[-44.49739519999997,-5.04077419999993],[-44.48565069999995,-5.093336699999952],[-44.48827549999993,-5.127386999999942],[-44.500788299999954,-5.110269199999948],[-44.51253419999995,-5.111296999999979],[-44.54487169999993,-5.170533499999976],[-44.55679639999994,-5.173711399999945],[-44.57508809999996,-5.150846999999942]]]}},{"id":"635","type":"Feature","properties":{"COD_IBGE":"2111300","MUNICIPIO":"São Luís","UF":"MA"},"geometry":{"type":"MultiPolygon","coordinates":[[[[-44.41169789999998,-2.7967512999999258],[-44.413585599999976,-2.797090599999933],[-44.41259889999998,-2.7956647999999404],[-44.41169789999998,-2.7967512999999258]]],[[[-44.30456899999996,-2.4875059999999394],[-44.212163499999974,-2.474555399999929],[-44.20549509999995,-2.500784299999964],[-44.21353209999995,-2.521365699999933],[-44.18967649999996,-2.521037299999932],[-44.19518279999994,-2.5400414999999725],[-44.20905449999998,-2.543199999999956],[-44.207408199999975,-2.5670136999999613],[-44.19474619999994,-2.562569099999962],[-44.16168849999997,-2.6078330999999366],[-44.16351109999994,-2.618106599999976],[-44.18298729999998,-2.6322359999999776],[-44.170425499999965,-2.6581182999999555],[-44.17050469999998,-2.681213199999945],[-44.182618299999945,-2.6909213999999793],[-44.17565319999994,-2.7020528999999556],[-44.19461559999996,-2.7051435999999285],[-44.22225949999995,-2.7263249999999744],[-44.24957169999993,-2.730321799999956],[-44.26576849999998,-2.7603877999999327],[-44.306955399999936,-2.779119299999934],[-44.328536199999974,-2.781898999999953],[-44.34595489999998,-2.7646420999999464],[-44.37201169999997,-2.757699999999943],[-44.38829549999997,-2.7659642999999505],[-44.38903929999998,-2.797103199999981],[-44.41004299999997,-2.7992346999999427],[-44.40305699999993,-2.7695456999999806],[-44.38626999999997,-2.7486588999999526],[-44.39170629999995,-2.72053829999993],[-44.38042919999998,-2.668177999999955],[-44.368172899999934,-2.654060999999956],[-44.35409189999996,-2.603197199999954],[-44.376977299999965,-2.564157199999954],[-44.35794309999994,-2.5542691999999647],[-44.34892639999998,-2.5269419999999627],[-44.32083549999993,-2.5271832999999333],[-44.31759059999996,-2.540368899999976],[-44.30933089999996,-2.5389346999999702],[-44.307007699999986,-2.5174235999999723],[-44.32032419999996,-2.5028506999999536],[-44.30456899999996,-2.4875059999999394]]],[[[-44.373812999999984,-2.577453999999932],[-44.37467429999998,-2.57819539999997],[-44.37493929999994,-2.5775996999999506],[-44.373812999999984,-2.577453999999932]]],[[[-44.363937299999975,-2.5438027999999804],[-44.36619459999997,-2.544490899999971],[-44.36594279999997,-2.542611999999963],[-44.363937299999975,-2.5438027999999804]]],[[[-44.36513069999995,-2.5393170999999484],[-44.366517399999964,-2.539076699999953],[-44.36582019999997,-2.538573999999926],[-44.36513069999995,-2.5393170999999484]]],[[[-44.36234369999994,-2.5270157999999583],[-44.370220899999936,-2.528321399999925],[-44.37258779999996,-2.521625899999947],[-44.364495699999964,-2.519003199999929],[-44.36234369999994,-2.5270157999999583]]],[[[-44.35984419999994,-2.522876399999973],[-44.359531999999945,-2.5236507999999276],[-44.360253299999954,-2.5234141999999338],[-44.35984419999994,-2.522876399999973]]]]}},{"id":"636","type":"Feature","properties":{"COD_IBGE":"2111409","MUNICIPIO":"São Luís Gonzaga do Maranhão","UF":"MA"},"geometry":{"type":"Polygon","coordinates":[[[-44.606339599999956,-4.452237599999933],[-44.85065969999994,-4.456446699999958],[-44.84922259999996,-4.439052099999969],[-44.86493169999994,-4.4257058999999686],[-44.86040689999993,-4.41306979999996],[-44.882937899999945,-4.414453999999978],[-44.87328569999994,-4.384279099999958],[-44.739912499999946,-4.2806697999999415],[-44.476936499999965,-4.278890799999942],[-44.47309999999993,-4.304861899999935],[-44.39585749999998,-4.318076099999928],[-44.42363729999994,-4.415347999999938],[-44.43079949999998,-4.4808097999999745],[-44.57736649999998,-4.47529609999998],[-44.58186099999995,-4.4594304999999395],[-44.606339599999956,-4.452237599999933]]]}},{"id":"637","type":"Feature","properties":{"COD_IBGE":"2111508","MUNICIPIO":"São Mateus do Maranhão","UF":"MA"},"geometry":{"type":"Polygon","coordinates":[[[-44.38562719999993,-4.023926599999925],[-44.40884449999993,-4.048625399999935],[-44.399330299999974,-4.066775499999949],[-44.402087999999935,-4.086038999999971],[-44.46280139999993,-4.085929599999929],[-44.454681999999934,-4.09809359999997],[-44.46049149999993,-4.111195499999951],[-44.44976669999994,-4.116035999999951],[-44.446878899999945,-4.129151799999931],[-44.48678799999993,-4.129702899999927],[-44.48681259999995,-4.09134279999995],[-44.57794919999998,-4.092725499999972],[-44.57307929999996,-4.114552499999945],[-44.633114199999966,-4.114582499999926],[-44.62690299999997,-4.110069499999952],[-44.63304089999997,-4.103411199999925],[-44.62940469999995,-4.093502499999943],[-44.65949729999994,-4.09395509999996],[-44.683718399999975,-4.075736799999959],[-44.69884319999994,-4.094545599999947],[-44.75848359999998,-4.091166699999974],[-44.75245759999996,-4.086000399999932],[-44.75648209999997,-4.073569299999974],[-44.744528199999934,-4.077267599999971],[-44.73732789999997,-4.0673375999999735],[-44.746912099999975,-4.061207999999965],[-44.73353229999998,-4.054386999999963],[-44.73644879999995,-4.025297799999976],[-44.72422519999998,-4.039709399999936],[-44.714027499999986,-4.026831899999934],[-44.66866489999995,-4.0158938999999805],[-44.65038259999994,-4.014767599999971],[-44.62653799999998,-4.031818999999928],[-44.617062499999975,-4.025296599999933],[-44.63593539999994,-4.009752799999944],[-44.63827229999998,-3.9852251999999453],[-44.62716119999993,-3.9804289999999583],[-44.63841739999998,-3.9424505999999724],[-44.622081299999934,-3.9309242999999583],[-44.627318199999934,-3.908642899999961],[-44.60971579999995,-3.899742099999969],[-44.61370599999998,-3.8729456999999456],[-44.62549819999998,-3.866011999999955],[-44.61387359999998,-3.8431437999999503],[-44.50539459999993,-3.8487515999999573],[-44.480042899999944,-3.9191644999999653],[-44.415454799999964,-3.9388179999999693],[-44.411107899999934,-3.9294356999999422],[-44.41919459999997,-3.9141440999999304],[-44.393182199999956,-3.8965713999999707],[-44.38758969999998,-3.878420099999971],[-44.36113739999996,-3.864948199999958],[-44.35621569999995,-3.8507469999999557],[-44.32293889999994,-3.864473999999973],[-44.31968249999994,-3.8817866999999637],[-44.33034649999996,-3.8964067999999656],[-44.34159869999996,-3.894273099999964],[-44.33804279999998,-3.9089607999999316],[-44.36762339999996,-3.9317479999999705],[-44.35469819999997,-3.9748001999999474],[-44.38315529999994,-3.997346999999934],[-44.38562719999993,-4.023926599999925]]]}},{"id":"638","type":"Feature","properties":{"COD_IBGE":"2111532","MUNICIPIO":"São Pedro da Água Branca","UF":"MA"},"geometry":{"type":"Polygon","coordinates":[[[-48.21237789999998,-4.924933199999941],[-48.187356799999975,-4.981945199999927],[-48.195163699999966,-4.994172299999946],[-48.19337399999995,-5.02136969999998],[-48.224485399999935,-5.066721899999948],[-48.21187569999995,-5.082726999999977],[-48.20524809999995,-5.12212489999996],[-48.19374019999998,-5.127439799999934],[-48.20478749999995,-5.135268099999962],[-48.200568299999986,-5.1608708999999635],[-48.22138769999998,-5.194618699999978],[-48.21485009999998,-5.23195549999997],[-48.22495189999995,-5.2355287999999405],[-48.29340319999994,-5.204048099999966],[-48.32090439999996,-5.201387699999941],[-48.36390979999993,-5.168380499999955],[-48.48632219999996,-5.193819799999972],[-48.51946019999997,-5.192135499999949],[-48.55773689999995,-5.223930499999938],[-48.56857259999998,-5.282932799999969],[-48.606131699999935,-5.336500799999953],[-48.630101699999955,-5.332957799999974],[-48.65146349999998,-5.311437799999965],[-48.67943839999998,-5.3058200999999485],[-48.69921009999996,-5.320123199999955],[-48.71212699999995,-5.35301359999994],[-48.755150699999945,-5.349165399999947],[-48.43315149999995,-5.0980654999999615],[-48.43462379999994,-5.076672999999971],[-48.419046299999934,-5.085710899999981],[-48.40037829999994,-5.074156199999948],[-48.21237789999998,-4.924933199999941]]]}},{"id":"639","type":"Feature","properties":{"COD_IBGE":"2111573","MUNICIPIO":"São Pedro dos Crentes","UF":"MA"},"geometry":{"type":"Polygon","coordinates":[[[-46.51265059999997,-6.774280199999964],[-46.49994389999995,-6.779643799999974],[-46.495816299999944,-6.808107799999959],[-46.48295289999993,-6.815931599999942],[-46.46383289999994,-6.810871299999974],[-46.451117099999976,-6.796017399999926],[-46.419935399999986,-6.812926199999936],[-46.40660349999996,-6.831998799999951],[-46.39604069999996,-6.82624839999994],[-46.39075969999993,-6.839425199999937],[-46.37095919999996,-6.842329199999938],[-46.36379819999996,-6.871607799999936],[-46.371153499999934,-6.878522799999928],[-46.36259469999993,-6.900070099999937],[-46.345294199999955,-6.912480599999981],[-46.30650149999997,-6.907492399999967],[-46.34017329999995,-6.9393969999999285],[-46.37380979999995,-6.920328999999981],[-46.41586179999996,-6.932319799999959],[-46.42375549999997,-6.917470899999955],[-46.425395599999945,-6.90388489999998],[-46.41608459999998,-6.892458499999975],[-46.425805099999934,-6.864476699999955],[-46.499833199999955,-6.86272299999996],[-46.52591879999994,-6.834510399999942],[-46.57735939999998,-6.814453899999933],[-46.61486069999995,-6.818674599999952],[-46.64822269999996,-6.8309403999999745],[-46.66144859999997,-6.847601199999929],[-46.682084299999985,-6.838852599999939],[-46.69692619999995,-6.8576033999999595],[-46.72283909999993,-6.861295299999938],[-46.732114199999955,-6.872129199999961],[-46.72736789999993,-6.878179199999977],[-46.73905999999994,-6.87634369999995],[-46.74042209999993,-6.89030669999994],[-46.752755099999945,-6.888652199999967],[-46.760441199999946,-6.905980399999976],[-46.77753309999997,-6.91462619999993],[-46.838563799999974,-6.930015599999933],[-46.85203599999994,-6.9530138999999735],[-46.86458509999994,-6.959698199999934],[-46.85548229999995,-6.982753999999943],[-46.88536709999994,-6.989988099999948],[-46.88833429999994,-7.021404999999959],[-46.91055989999995,-7.01901399999997],[-46.92209049999997,-7.030344999999954],[-46.941786899999954,-7.019140999999934],[-46.92472679999997,-7.00108849999998],[-46.91022949999996,-6.96489459999998],[-46.91091669999997,-6.949872999999968],[-46.929110899999955,-6.93699179999993],[-46.920316799999966,-6.924214399999926],[-46.93061519999998,-6.906601999999964],[-46.92083309999998,-6.8248254999999745],[-46.90781419999996,-6.805650599999979],[-46.89262169999995,-6.8073031999999785],[-46.87863269999997,-6.769561799999963],[-46.866231099999936,-6.766206199999942],[-46.866642999999954,-6.756671599999947],[-46.85466999999994,-6.7455525999999395],[-46.81191919999998,-6.740393499999925],[-46.81641479999996,-6.723460799999941],[-46.84050499999995,-6.722484699999939],[-46.83728469999994,-6.7053059999999505],[-46.85849969999998,-6.703058699999929],[-46.87600029999993,-6.676681299999927],[-46.84744429999995,-6.670912899999962],[-46.79664489999993,-6.692001199999936],[-46.73408919999997,-6.683001799999943],[-46.71565369999996,-6.698759099999961],[-46.679911699999934,-6.703368799999964],[-46.64900149999994,-6.729594299999974],[-46.61437659999996,-6.703587399999947],[-46.59293139999994,-6.715598599999964],[-46.57702709999995,-6.7054906999999275],[-46.576217199999974,-6.718752299999949],[-46.55537169999997,-6.738015599999926],[-46.52438689999997,-6.743851499999948],[-46.51265059999997,-6.774280199999964]]]}},{"id":"640","type":"Feature","properties":{"COD_IBGE":"2111607","MUNICIPIO":"São Raimundo das Mangabeiras","UF":"MA"},"geometry":{"type":"Polygon","coordinates":[[[-45.50835719999998,-6.804558799999938],[-45.45906189999994,-6.789111099999957],[-45.45026939999997,-6.777888399999938],[-45.42518739999997,-6.773687199999927],[-45.400749099999985,-6.757601499999964],[-45.368722899999966,-6.758381399999962],[-45.35407829999997,-6.777526099999932],[-45.36874419999998,-6.81612199999995],[-45.38082449999996,-6.820590699999968],[-45.36902589999994,-6.8999917999999525],[-45.524256899999955,-7.271332299999926],[-45.51875769999998,-7.279555499999958],[-45.52636279999996,-7.279160499999932],[-45.544215099999974,-7.303509899999938],[-45.55916119999995,-7.293524599999955],[-45.55635709999996,-7.314816899999926],[-45.564644699999974,-7.327202599999964],[-45.576022799999976,-7.314952099999971],[-45.59130989999994,-7.313624299999958],[-45.600558399999954,-7.34547699999996],[-45.621385499999974,-7.35099839999998],[-45.65188389999997,-7.397871799999962],[-45.67334089999997,-7.406586299999958],[-45.67863829999993,-7.394770199999925],[-45.70437869999995,-7.390045699999973],[-45.71982269999995,-7.3672233999999435],[-45.76736619999997,-7.33791709999997],[-45.805238799999984,-7.328470299999935],[-45.87039139999996,-7.2886042999999745],[-45.95911199999995,-7.0507654999999545],[-45.934884899999986,-7.046233299999926],[-45.91970379999998,-7.05892369999998],[-45.90727679999998,-7.056522799999925],[-45.85042139999996,-7.0105797999999595],[-45.81881119999997,-6.972953099999927],[-45.82881199999997,-6.955447299999946],[-45.848812599999974,-6.95428579999998],[-45.853593099999955,-6.942049999999938],[-45.878354799999954,-6.941460099999972],[-45.90559849999994,-6.956323299999951],[-45.92228209999996,-6.948149299999955],[-45.931358899999964,-6.959939099999929],[-45.94333539999997,-6.948848999999939],[-45.97105839999995,-6.941898999999978],[-45.96857159999996,-6.933735899999931],[-45.97886529999994,-6.9351272999999765],[-45.991031599999985,-6.9220178999999575],[-45.98438409999994,-6.919440799999961],[-45.99685949999997,-6.893150299999945],[-45.992642399999966,-6.8800092999999265],[-46.003753899999936,-6.86554179999996],[-46.002639999999985,-6.846192499999972],[-46.01482389999995,-6.839874699999939],[-46.011855399999945,-6.83367439999995],[-46.02686639999996,-6.817961899999943],[-46.00358279999995,-6.803781299999969],[-45.99344729999996,-6.774434699999972],[-45.93422889999994,-6.71840409999993],[-45.91226519999998,-6.726481299999932],[-45.82633149999998,-6.715592099999981],[-45.800863499999934,-6.719030699999962],[-45.746498299999985,-6.700131699999929],[-45.73296279999994,-6.713826199999971],[-45.721176499999956,-6.711357699999951],[-45.680461399999956,-6.727434899999935],[-45.649210299999936,-6.748633599999948],[-45.62283979999995,-6.797259799999949],[-45.60170539999996,-6.815729099999942],[-45.575378099999966,-6.819980699999974],[-45.54511499999995,-6.8034037999999555],[-45.50835719999998,-6.804558799999938]]]}},{"id":"641","type":"Feature","properties":{"COD_IBGE":"2111631","MUNICIPIO":"São Raimundo do Doca Bezerra","UF":"MA"},"geometry":{"type":"Polygon","coordinates":[[[-45.12274529999996,-5.12135109999997],[-45.33069309999996,-5.121758799999952],[-45.32565139999997,-5.1026264999999285],[-45.332090799999946,-5.104267299999947],[-45.32915849999995,-5.09546279999995],[-45.34788229999998,-5.094160599999952],[-45.349162099999944,-5.083238799999947],[-45.290645799999936,-5.068117599999937],[-45.260321499999975,-5.027970799999935],[-45.192357899999934,-4.996806099999958],[-45.18318379999994,-5.019453299999952],[-45.16300929999994,-5.026133699999946],[-45.14998479999997,-5.00600559999998],[-45.03386219999993,-5.059065499999974],[-45.04345129999996,-5.069778999999926],[-45.03041699999994,-5.084534499999961],[-44.96843299999995,-5.1157188999999335],[-44.97073309999996,-5.13087239999993],[-44.991472199999976,-5.132110199999943],[-45.00048879999997,-5.152452499999981],[-44.99688749999996,-5.164584899999966],[-45.007248699999934,-5.171210799999926],[-45.00853549999994,-5.190354299999967],[-45.02112169999998,-5.2088926999999785],[-45.12274529999996,-5.12135109999997]]]}},{"id":"642","type":"Feature","properties":{"COD_IBGE":"2111672","MUNICIPIO":"São Roberto","UF":"MA"},"geometry":{"type":"Polygon","coordinates":[[[-45.02772859999993,-5.086162199999933],[-45.04345129999996,-5.069778999999926],[-45.03386219999993,-5.059065499999974],[-45.14998479999997,-5.00600559999998],[-45.16300929999994,-5.026133699999946],[-45.18318379999994,-5.019453299999952],[-45.19250589999996,-4.998609999999928],[-45.11788979999994,-4.992134699999951],[-45.10427149999998,-4.968728099999964],[-45.057635199999936,-4.947016399999939],[-45.040255299999956,-4.9298120999999355],[-45.028522099999975,-4.961053999999933],[-45.00571269999995,-4.9666930999999295],[-44.932154099999934,-5.014935199999968],[-44.93410129999995,-5.0222018999999705],[-44.95292839999996,-5.0250184999999306],[-44.95306019999998,-5.037702699999954],[-44.94289629999997,-5.039224799999943],[-44.970410999999956,-5.078574599999968],[-44.96106199999997,-5.090337799999929],[-44.96976429999995,-5.115046699999937],[-45.02772859999993,-5.086162199999933]]]}},{"id":"643","type":"Feature","properties":{"COD_IBGE":"2111706","MUNICIPIO":"São Vicente Ferrer","UF":"MA"},"geometry":{"type":"Polygon","coordinates":[[[-44.90396009999995,-2.79347759999996],[-44.84429049999994,-2.808663699999954],[-44.81924299999997,-2.799224899999956],[-44.78770909999997,-2.8187423999999623],[-44.780430499999966,-2.842388299999925],[-44.79273359999996,-2.86742339999995],[-44.79169099999996,-2.8881074999999328],[-44.862053499999945,-2.9458702999999673],[-44.90537139999998,-2.936052199999949],[-44.93200209999998,-2.9185507999999345],[-44.97454449999998,-2.939038499999981],[-44.99035129999993,-2.935759899999937],[-44.99612959999996,-2.9250677999999652],[-45.01742669999993,-2.9363523999999757],[-45.018380899999954,-2.8983519999999316],[-45.027967099999955,-2.887304899999947],[-45.21767509999995,-2.953337499999975],[-45.21433959999996,-2.9259920999999736],[-45.19902799999994,-2.925216599999942],[-45.19170669999994,-2.9370433999999364],[-45.193191799999965,-2.9260395999999673],[-45.183595699999955,-2.926525599999934],[-45.20963349999994,-2.920891499999925],[-45.215990999999974,-2.9080178999999475],[-45.170271799999966,-2.9029954999999745],[-45.12772849999993,-2.889122099999952],[-45.12073439999995,-2.8782835999999747],[-45.105184399999985,-2.8828093999999282],[-45.039129499999945,-2.867462499999931],[-44.96892379999997,-2.834039099999927],[-44.96112739999995,-2.8406305999999404],[-44.92434429999997,-2.80101389999993],[-44.90396009999995,-2.79347759999996]]]}},{"id":"644","type":"Feature","properties":{"COD_IBGE":"2111722","MUNICIPIO":"Satubinha","UF":"MA"},"geometry":{"type":"Polygon","coordinates":[[[-45.25269079999998,-4.148608799999977],[-45.26993029999994,-4.120934699999964],[-45.31352429999998,-4.094330799999966],[-45.30998899999997,-4.074823399999957],[-45.31885529999994,-4.070607699999925],[-45.31734709999995,-4.059300999999948],[-45.29419909999996,-4.0238897999999494],[-45.31071709999998,-4.007101099999943],[-45.30806999999993,-3.9807982999999467],[-45.32278539999993,-3.9655036999999425],[-45.31623589999998,-3.9547072999999386],[-45.324976499999934,-3.929493799999932],[-45.31231699999995,-3.909813399999962],[-45.33623039999998,-3.903174599999943],[-45.34109719999998,-3.856664399999943],[-45.328561899999954,-3.855962899999952],[-45.32810109999997,-3.841189199999974],[-45.31332889999993,-3.8302836999999386],[-45.29912429999996,-3.7997717999999736],[-45.25610279999995,-3.798980599999936],[-45.21963959999994,-3.7723602999999457],[-45.20389229999995,-3.7849689999999327],[-45.20188729999995,-3.7751239999999484],[-45.18818989999994,-3.7775336999999354],[-45.18104159999996,-3.7571115999999734],[-45.14778529999995,-3.7304875999999467],[-45.15960609999996,-3.7668303999999466],[-45.172657399999935,-3.778100399999971],[-45.169723799999986,-3.7894373999999402],[-45.17789259999995,-3.788881799999956],[-45.19858679999993,-3.808777599999928],[-45.22004089999996,-4.03150039999997],[-45.20856989999993,-4.03318859999996],[-45.20941239999996,-4.0660283999999365],[-45.25269079999998,-4.148608799999977]]]}},{"id":"645","type":"Feature","properties":{"COD_IBGE":"2111748","MUNICIPIO":"Senador Alexandre Costa","UF":"MA"},"geometry":{"type":"Polygon","coordinates":[[[-44.09512689999997,-5.349442899999929],[-44.13087729999995,-5.229729499999962],[-44.01768089999996,-5.166341099999954],[-43.78411989999995,-5.273703799999964],[-43.85096139999996,-5.298626399999932],[-43.86825639999995,-5.3208664999999655],[-43.90903709999998,-5.3189325999999255],[-43.951790399999936,-5.33186969999997],[-44.012280799999985,-5.312151599999936],[-44.043313499999954,-5.316686899999979],[-44.05139209999993,-5.330340699999965],[-44.09512689999997,-5.349442899999929]]]}},{"id":"646","type":"Feature","properties":{"COD_IBGE":"2111763","MUNICIPIO":"Senador La Rocque","UF":"MA"},"geometry":{"type":"Polygon","coordinates":[[[-47.23920289999995,-5.5002302999999415],[-47.24095909999994,-5.513601499999936],[-47.25385649999998,-5.510383299999944],[-47.291858299999944,-5.545503199999928],[-47.307975699999986,-5.5368733999999336],[-47.31909919999998,-5.5564875999999686],[-47.32598839999997,-5.547095399999932],[-47.343308899999954,-5.5540860999999495],[-47.34992599999998,-5.539658999999972],[-47.358712999999966,-5.545927999999947],[-47.36238199999997,-5.537469999999928],[-47.37230699999998,-5.540021999999965],[-47.38172169999996,-5.514616099999955],[-47.39432369999997,-5.520359199999973],[-47.40647789999997,-5.508999499999959],[-47.39501459999997,-5.4919040999999424],[-47.39767569999998,-5.4813115999999695],[-47.38154039999995,-5.464228299999945],[-47.36023259999996,-5.451172799999938],[-47.35381849999993,-5.4574274999999375],[-47.33068309999993,-5.433214599999928],[-47.31839809999997,-5.394622499999969],[-47.308505399999945,-5.385875299999952],[-47.27077109999993,-5.380784699999936],[-47.25874969999995,-5.369245499999977],[-47.27352149999996,-5.364883999999961],[-47.24836779999998,-5.348299699999927],[-47.225257899999974,-5.342657199999962],[-47.20201319999995,-5.3551550999999336],[-47.17513799999995,-5.350348599999961],[-47.124842299999955,-5.317098199999975],[-47.06325409999994,-5.313341499999979],[-47.05425159999993,-5.299380399999961],[-47.03081599999996,-5.293865199999971],[-47.02867869999994,-5.278580899999952],[-46.99932239999998,-5.2647598999999445],[-46.99426889999995,-5.25034729999993],[-46.94774399999994,-5.21354539999993],[-46.921105599999976,-5.221149199999957],[-46.88732319999997,-5.205426799999941],[-46.88525149999998,-5.2231711999999675],[-46.89614179999995,-5.233193599999936],[-46.899791799999946,-5.263751399999933],[-46.91226089999998,-5.283654399999932],[-46.89990859999995,-5.340248199999962],[-46.907047499999976,-5.356843899999944],[-46.92680079999997,-5.353534399999944],[-46.947351599999934,-5.365009699999973],[-46.97983819999996,-5.368384299999946],[-47.045096899999976,-5.402894899999978],[-47.174401399999965,-5.451370699999927],[-47.23920289999995,-5.5002302999999415]]]}},{"id":"647","type":"Feature","properties":{"COD_IBGE":"2111789","MUNICIPIO":"Serrano do Maranhão","UF":"MA"},"geometry":{"type":"Polygon","coordinates":[[[-44.96694459999998,-2.1710422999999537],[-45.094734399999936,-2.0502813999999603],[-45.18978549999997,-2.040444599999944],[-45.191868899999974,-2.029282999999964],[-45.18092429999996,-2.0300450999999384],[-45.17890849999998,-2.011435899999981],[-45.19371339999998,-1.9956979999999476],[-45.176181199999974,-1.9973584999999616],[-45.17446509999996,-1.9572453999999766],[-45.154781699999944,-1.9500487999999336],[-45.15874779999996,-1.9268687999999656],[-45.14292819999997,-1.9031133999999383],[-45.17628429999996,-1.8817783999999733],[-45.17996479999994,-1.8501856999999404],[-45.16692989999996,-1.8394371999999635],[-45.12635259999996,-1.8350604999999405],[-45.09016809999997,-1.8079313999999727],[-45.09135429999998,-1.788025599999969],[-45.12102179999994,-1.7802288999999405],[-45.130299899999955,-1.769146899999953],[-45.098366099999964,-1.7409409999999639],[-45.08219719999994,-1.6941234999999324],[-45.06208789999994,-1.6885147999999504],[-45.03735109999997,-1.6928450999999427],[-45.03157749999997,-1.683796799999925],[-44.97864959999998,-1.6719287999999324],[-44.978103499999975,-1.6621917999999596],[-44.96421929999997,-1.656603099999927],[-44.91242579999994,-1.6512431999999535],[-44.90322249999997,-1.6374301999999261],[-44.92764939999995,-1.6081053999999426],[-44.87156199999998,-1.6013997999999674],[-44.83951119999995,-1.6366186999999286],[-44.81746439999995,-1.6405452999999284],[-44.81387449999994,-1.6492268999999737],[-44.827372999999966,-1.6712665999999672],[-44.81541139999996,-1.6639174999999682],[-44.80771989999994,-1.674936799999955],[-44.81575109999994,-1.6902952999999457],[-44.846086799999966,-1.6801020999999423],[-44.859718499999985,-1.6982064999999693],[-44.879737699999964,-1.708405599999935],[-44.923936599999934,-1.7179793999999333],[-44.889155899999935,-1.766539899999941],[-44.90433649999994,-1.817555499999969],[-44.92818669999997,-1.8162563999999293],[-44.974458599999934,-1.8337597999999389],[-44.971194699999955,-1.8446603999999525],[-44.928788699999984,-1.87798719999995],[-44.91513599999996,-1.8798431999999252],[-44.91394699999995,-1.9194121999999538],[-44.925225599999976,-1.9449225999999271],[-44.92491169999994,-2.014965699999948],[-44.96986199999998,-2.014678799999956],[-44.96694459999998,-2.1710422999999537]]]}},{"id":"648","type":"Feature","properties":{"COD_IBGE":"2111805","MUNICIPIO":"Sítio Novo","UF":"MA"},"geometry":{"type":"Polygon","coordinates":[[[-46.74134759999998,-6.672792699999945],[-46.72718759999998,-6.6556688999999665],[-46.738590399999964,-6.651677599999971],[-46.757178299999964,-6.624573599999962],[-46.76230849999996,-6.597392499999955],[-46.75276949999994,-6.586037999999974],[-46.75285939999998,-6.5662035999999375],[-46.733974599999954,-6.552244899999948],[-46.73404759999994,-6.527477499999975],[-46.71892409999998,-6.504904899999929],[-46.72892619999993,-6.465311199999974],[-46.72645099999994,-6.453264799999943],[-46.71571609999995,-6.452604999999949],[-46.70853469999997,-6.44116159999993],[-46.71710239999993,-6.416207699999973],[-46.694939799999986,-6.399159399999974],[-46.67889649999995,-6.373334199999931],[-46.690195399999936,-6.363457299999936],[-46.68486229999996,-6.355494399999941],[-46.69503049999997,-6.353523399999972],[-46.69323889999998,-6.342550999999958],[-46.67076509999998,-6.33867319999996],[-46.68878029999996,-6.321182799999974],[-46.68998519999997,-6.299174299999947],[-46.644874999999956,-6.276925199999937],[-46.609491799999944,-6.224271099999953],[-46.614229499999965,-6.209677299999953],[-46.68124199999994,-6.203240199999925],[-46.690477999999985,-6.189966799999979],[-46.70203669999995,-6.189912299999946],[-46.694668999999976,-6.163908699999979],[-46.68006969999993,-6.1557745999999725],[-46.67171019999995,-6.1302455999999665],[-46.69251499999996,-6.111061399999926],[-46.71163489999998,-6.112654599999928],[-46.71211789999995,-6.100980499999935],[-46.72706509999995,-6.085764199999971],[-46.71343459999997,-6.069261299999937],[-46.73146769999994,-6.056794399999944],[-46.74242639999994,-6.036813399999971],[-46.73534159999997,-6.009811599999978],[-46.751873099999955,-6.002221899999938],[-46.759487099999944,-5.979449099999954],[-46.77768619999995,-5.977259699999934],[-46.78495299999997,-5.963430899999935],[-46.783158199999946,-5.941082499999936],[-46.79083829999996,-5.925307299999929],[-46.77570509999998,-5.911486199999956],[-46.79275549999994,-5.890720299999941],[-46.78600279999995,-5.838418999999931],[-46.78102179999996,-5.826806999999974],[-46.76280429999997,-5.818156599999952],[-46.730524299999956,-5.747507399999961],[-46.694736399999954,-5.743605199999934],[-46.67066539999996,-5.768340499999965],[-46.638318399999946,-5.750435399999958],[-46.62716409999996,-5.756067199999961],[-46.61151399999994,-5.751254399999937],[-46.58741439999994,-5.732710099999963],[-46.50725369999998,-5.7412678999999684],[-46.493693399999984,-5.753990499999929],[-46.46905549999997,-5.751130199999977],[-46.46625419999998,-6.811843999999951],[-46.48098369999997,-6.816532399999971],[-46.495816299999944,-6.808107799999959],[-46.49680479999995,-6.786842099999944],[-46.517496999999935,-6.769844399999954],[-46.518524499999955,-6.750202999999942],[-46.55537169999997,-6.738015599999926],[-46.576217199999974,-6.718752299999949],[-46.575666799999965,-6.705957299999966],[-46.59293139999994,-6.715598599999964],[-46.61437659999996,-6.703587399999947],[-46.650359599999945,-6.729456699999957],[-46.68276399999996,-6.7019065999999725],[-46.71836889999997,-6.697561899999926],[-46.74134759999998,-6.672792699999945]]]}},{"id":"649","type":"Feature","properties":{"COD_IBGE":"2111904","MUNICIPIO":"Sucupira do Norte","UF":"MA"},"geometry":{"type":"Polygon","coordinates":[[[-44.09463989999995,-6.353805999999963],[-44.05785329999998,-6.369530399999974],[-44.18469229999994,-6.476622299999974],[-44.185618199999965,-6.488196399999936],[-44.19554419999997,-6.485786799999971],[-44.50742339999994,-6.749292099999934],[-44.63054749999998,-6.679970199999957],[-44.17168499999997,-6.255930599999942],[-44.09463989999995,-6.353805999999963]]]}},{"id":"650","type":"Feature","properties":{"COD_IBGE":"2111953","MUNICIPIO":"Sucupira do Riachão","UF":"MA"},"geometry":{"type":"Polygon","coordinates":[[[-43.586811599999976,-6.478289199999949],[-43.59640029999997,-6.4886304999999425],[-43.60567789999993,-6.48753389999996],[-43.62634809999997,-6.378399599999966],[-43.64962219999995,-6.341783699999951],[-43.64981339999997,-6.31711729999995],[-43.61294989999993,-6.322883199999978],[-43.60931399999998,-6.300722999999948],[-43.57791979999996,-6.262354999999957],[-43.55317009999993,-6.271310699999958],[-43.51424829999996,-6.258615799999973],[-43.49004059999993,-6.269067699999937],[-43.45542729999994,-6.25989949999996],[-43.422086699999966,-6.26205189999996],[-43.368732799999975,-6.28782769999998],[-43.366408399999955,-6.298568899999964],[-43.33368809999996,-6.2821316999999794],[-43.31618359999993,-6.33244899999994],[-43.356866199999956,-6.34007239999994],[-43.348672299999976,-6.380646199999944],[-43.341255599999954,-6.3845558999999525],[-43.34472019999998,-6.393364399999939],[-43.35100709999995,-6.399151999999958],[-43.37378149999995,-6.389787899999931],[-43.421759899999984,-6.401089499999955],[-43.40775959999996,-6.41564829999993],[-43.41222259999995,-6.455494099999953],[-43.39622409999998,-6.466800899999953],[-43.36894499999994,-6.526783199999954],[-43.383530399999984,-6.552707599999962],[-43.38180779999993,-6.591312899999934],[-43.40200489999995,-6.609489699999926],[-43.439627299999984,-6.584620299999926],[-43.464189999999974,-6.594146999999964],[-43.47060929999998,-6.572437999999977],[-43.49351429999996,-6.578120099999978],[-43.54696889999997,-6.517970299999945],[-43.567544399999974,-6.509405099999981],[-43.571167799999955,-6.4921838999999295],[-43.586811599999976,-6.478289199999949]]]}},{"id":"651","type":"Feature","properties":{"COD_IBGE":"2112001","MUNICIPIO":"Tasso Fragoso","UF":"MA"},"geometry":{"type":"Polygon","coordinates":[[[-45.744916099999955,-8.449154299999975],[-45.747916799999985,-8.494104099999959],[-45.73867779999995,-8.50065559999996],[-45.757090199999936,-8.526937399999952],[-45.753651899999966,-8.541489499999955],[-45.761828399999956,-8.56183219999997],[-45.795114199999944,-8.586474199999941],[-45.76619059999996,-8.609545599999933],[-45.777473499999985,-8.617433399999982],[-45.797801299999946,-8.61299809999997],[-45.81532869999995,-8.631907699999942],[-45.82202309999997,-8.648525999999947],[-45.81247959999996,-8.656467599999928],[-45.83932589999995,-8.714035199999955],[-45.86422729999998,-8.715522999999962],[-45.86370389999996,-8.729964699999925],[-45.88883709999993,-8.738017699999943],[-45.89224379999996,-8.762984899999935],[-45.90870739999997,-8.758893899999975],[-45.938392299999975,-8.786821299999929],[-45.95333169999998,-8.78279589999994],[-45.98699799999997,-8.798182699999927],[-46.054524999999956,-8.810209499999928],[-46.05617029999996,-8.816101299999957],[-46.07011029999995,-8.810029199999974],[-46.097380999999984,-8.830597199999943],[-46.13115039999997,-8.837334399999975],[-46.20049359999996,-8.806076299999972],[-46.23861009999996,-8.809280099999967],[-46.261194099999955,-8.801307999999949],[-46.28682949999995,-8.758030399999939],[-46.27369079999994,-8.726558699999941],[-46.24635039999998,-8.710379399999965],[-46.23347649999994,-8.672549799999956],[-46.14652169999994,-8.629731099999958],[-46.132790299999954,-8.598379299999976],[-46.111687899999936,-8.574675099999979],[-46.115619299999935,-8.524332699999945],[-46.09624519999994,-8.47748839999997],[-46.09680229999998,-8.359410599999933],[-46.082957299999975,-8.327922999999942],[-46.106298799999934,-8.296097499999973],[-46.10259819999993,-8.235594399999968],[-46.12050329999994,-8.226842199999965],[-46.13262789999993,-8.149893599999928],[-46.14843599999995,-8.11439779999995],[-46.144766199999935,-8.077055599999937],[-46.10106519999994,-8.056720599999949],[-46.097667599999966,-8.023987599999941],[-46.08127179999997,-8.028729399999975],[-46.06149149999993,-8.044722199999967],[-46.057330699999966,-8.065525199999968],[-46.03380889999994,-8.067965499999957],[-46.01256509999996,-8.128836699999965],[-46.002454399999976,-8.134464899999955],[-46.002894699999956,-8.162571699999944],[-45.926295299999936,-8.19734189999997],[-45.91326099999998,-8.185884099999953],[-45.91213639999995,-8.132695499999954],[-45.88786639999995,-8.130267899999978],[-45.85193669999995,-8.108500999999933],[-45.77865799999995,-8.102406799999926],[-45.76072849999997,-8.06006089999994],[-45.79449569999997,-8.01871609999995],[-45.77613149999996,-7.999955799999952],[-45.770824199999936,-7.981180499999937],[-45.790358899999944,-7.936664299999961],[-45.81919239999996,-7.932309099999941],[-45.827581899999984,-7.923055499999975],[-45.83470599999998,-7.833952999999951],[-45.81239219999998,-7.806794199999956],[-45.76244389999994,-7.781857699999932],[-45.738456499999984,-7.77933749999994],[-45.71644239999995,-7.7890493999999535],[-45.665340399999934,-7.790069199999948],[-45.641677699999946,-7.8056909999999675],[-45.621289899999965,-7.806841899999938],[-45.53829706499994,-7.861646288999964],[-45.53623319999997,-7.873495099999957],[-45.52042099999994,-7.885609399999964],[-45.54307899999998,-7.89608869999995],[-45.52389299999993,-7.911545299999943],[-45.531213399999956,-7.922406199999955],[-45.54447699999997,-7.920079999999928],[-45.54311839999997,-7.934453899999937],[-45.55647109999995,-7.953691899999967],[-45.54584559999995,-7.957731699999954],[-45.54754159999993,-7.967996399999947],[-45.568109799999945,-7.99412209999997],[-45.55109719999996,-8.014518799999962],[-45.56376309999996,-8.014192599999944],[-45.57765539999997,-8.028331299999934],[-45.56303879999996,-8.045643599999948],[-45.57008159999998,-8.073955599999977],[-45.58630429999994,-8.096402999999952],[-45.57636269999995,-8.114744499999972],[-45.587814099999946,-8.129945799999973],[-45.58372779999996,-8.156936199999961],[-45.613057399999946,-8.186514199999976],[-45.60978199999994,-8.205418099999974],[-45.66362639999994,-8.250530799999979],[-45.66712499999994,-8.28865419999994],[-45.69038169999993,-8.33597489999994],[-45.69057959999998,-8.355811199999948],[-45.70620549999995,-8.368703399999958],[-45.70636259999998,-8.387620999999967],[-45.72467549999993,-8.394823999999971],[-45.72214109999993,-8.404237099999932],[-45.73318879999994,-8.412950899999942],[-45.73039749999998,-8.42923159999998],[-45.744916099999955,-8.449154299999975]]]}},{"id":"652","type":"Feature","properties":{"COD_IBGE":"2112100","MUNICIPIO":"Timbiras","UF":"MA"},"geometry":{"type":"Polygon","coordinates":[[[-43.603097599999955,-4.120708199999967],[-43.588305599999956,-4.146774999999934],[-43.59834729999994,-4.183460299999979],[-43.59333639999994,-4.200894399999925],[-43.60231669999996,-4.21506119999998],[-43.59447559999995,-4.228532199999961],[-43.75226969999994,-4.241982999999948],[-43.807951499999945,-4.324748399999976],[-43.822842099999946,-4.328240799999946],[-43.835181999999975,-4.345953399999928],[-43.87317619999993,-4.356483199999957],[-43.92437229999996,-4.3062470999999505],[-43.936228899999946,-4.334560499999952],[-44.05542799999995,-4.388369399999931],[-44.06283049999996,-4.406031499999926],[-44.07207639999996,-4.4022425999999655],[-44.07407869999997,-4.397241799999961],[-44.05176099999994,-4.3839715999999385],[-44.06484389999997,-4.356385199999977],[-44.06448839999996,-4.293081299999926],[-44.04609309999995,-4.2748381999999765],[-44.03442609999996,-4.279097799999931],[-44.022262799999964,-4.265248799999938],[-44.01606359999994,-4.27162809999993],[-43.998731599999985,-4.252297599999963],[-43.89502289999996,-3.967479199999957],[-43.72934569999995,-3.935116799999946],[-43.703290799999934,-3.969502499999976],[-43.68951229999993,-3.9723952999999597],[-43.65556759999998,-4.00763349999994],[-43.645982999999944,-4.006271799999979],[-43.60217249999994,-4.043712699999958],[-43.594555199999945,-4.104919699999925],[-43.603097599999955,-4.120708199999967]]]}},{"id":"653","type":"Feature","properties":{"COD_IBGE":"2112209","MUNICIPIO":"Timon","UF":"MA"},"geometry":{"type":"Polygon","coordinates":[[[-42.81687489999996,-5.110554899999954],[-42.79899359999996,-5.1896780999999805],[-42.829484599999944,-5.23926419999998],[-42.81164929999994,-5.289673499999935],[-42.82371869999997,-5.343289699999957],[-42.86456879999997,-5.368733899999938],[-42.881014499999935,-5.390054099999929],[-42.90953179999997,-5.394486099999938],[-42.93068139999997,-5.439174099999946],[-42.96835539999995,-5.453523799999971],[-43.05953049999994,-5.384762599999931],[-43.09804939999998,-5.384884199999931],[-43.15140169999995,-5.354414599999927],[-43.16718679999997,-5.332816599999944],[-43.189413299999956,-5.2869437999999604],[-43.163994199999934,-5.2502571999999645],[-43.15929659999995,-5.2008835999999405],[-43.182500999999945,-5.168609199999935],[-43.20401799999996,-5.1662692999999535],[-43.20595649999996,-5.143160299999977],[-43.14257229999998,-5.115664099999947],[-43.13236449999994,-5.107218199999977],[-43.132423899999935,-5.08667319999995],[-43.11054969999998,-5.071266399999956],[-43.09520119999996,-5.068240399999979],[-43.063291299999946,-5.081059299999936],[-43.043341399999974,-5.075579699999935],[-43.03907069999997,-4.9273840999999265],[-42.889841299999944,-4.89471199999997],[-42.85391649999997,-4.937259799999936],[-42.86320059999997,-4.968123699999978],[-42.83955049999997,-5.064113999999961],[-42.81687489999996,-5.110554899999954]]]}},{"id":"654","type":"Feature","properties":{"COD_IBGE":"2112233","MUNICIPIO":"Trizidela do Vale","UF":"MA"},"geometry":{"type":"Polygon","coordinates":[[[-44.60592879999996,-4.5702843999999345],[-44.62879909999998,-4.585954699999945],[-44.639728299999945,-4.576128199999971],[-44.63582549999995,-4.590900799999929],[-44.65976559999996,-4.609986699999979],[-44.659632199999976,-4.63301789999997],[-44.64902019999994,-4.640335499999935],[-44.725266499999975,-4.65074489999995],[-44.747600999999975,-4.603898799999968],[-44.747652699999946,-4.454680899999971],[-44.60019099999994,-4.452130599999975],[-44.60748199999995,-4.460335999999927],[-44.596979199999964,-4.485721199999944],[-44.60755769999997,-4.499654499999963],[-44.60542519999996,-4.514342399999975],[-44.61326909999997,-4.517061399999932],[-44.60647249999994,-4.5348705999999765],[-44.612905799999965,-4.532361799999933],[-44.61781789999998,-4.545188499999938],[-44.60692889999996,-4.555190599999946],[-44.60592879999996,-4.5702843999999345]]]}},{"id":"655","type":"Feature","properties":{"COD_IBGE":"2112274","MUNICIPIO":"Tufilândia","UF":"MA"},"geometry":{"type":"Polygon","coordinates":[[[-45.62425669999993,-3.732862999999952],[-45.635861199999965,-3.7296314999999254],[-45.63973589999995,-3.7396408999999267],[-45.66089869999996,-3.745659299999943],[-45.64187229999993,-3.6260581999999317],[-45.62226829999997,-3.639582999999959],[-45.616964199999984,-3.6565095999999357],[-45.62249779999996,-3.667730699999936],[-45.614916799999946,-3.6794933999999557],[-45.58658899999995,-3.6802961999999297],[-45.55392869999997,-3.6581474999999273],[-45.52363769999994,-3.6594925999999646],[-45.51956649999994,-3.670428099999981],[-45.50309009999995,-3.6755750999999464],[-45.499273899999935,-3.698156899999958],[-45.51032299999997,-3.7047321999999667],[-45.537918299999944,-3.703155899999956],[-45.52705849999995,-3.789429899999959],[-45.528272999999956,-3.852219399999967],[-45.59815789999993,-3.9153444999999465],[-45.62425669999993,-3.732862999999952]]]}},{"id":"656","type":"Feature","properties":{"COD_IBGE":"2112308","MUNICIPIO":"Tuntum","UF":"MA"},"geometry":{"type":"Polygon","coordinates":[[[-44.66624209999998,-5.661074299999939],[-44.59102589999998,-5.593651899999941],[-44.574955099999954,-5.598502799999949],[-44.47250889999998,-5.5763928999999735],[-44.461456399999975,-5.60863269999993],[-44.447347099999945,-5.614051399999937],[-44.450429499999984,-5.6761156999999685],[-44.464732599999934,-5.735545499999944],[-44.52732679999997,-5.755101499999967],[-44.52518139999995,-5.765412899999944],[-44.54421949999994,-5.783242599999937],[-44.53736029999993,-5.8001277999999274],[-44.54100859999994,-5.820018199999936],[-44.55456469999996,-5.827298699999972],[-44.602107899999965,-5.828503499999954],[-44.60150199999998,-6.016973599999972],[-44.618195499999956,-6.028730799999948],[-44.63513379999995,-6.0274153999999385],[-44.636735399999964,-6.039012499999956],[-44.649269999999945,-6.032929099999933],[-44.66657539999994,-6.048281399999951],[-44.68481079999998,-6.047794999999951],[-44.69757199999998,-6.061665399999981],[-44.71954969999996,-6.068431199999964],[-44.739403299999935,-6.090186699999947],[-44.76554159999995,-6.0885851999999545],[-44.771317899999985,-6.104875899999968],[-44.79974239999996,-6.117725399999927],[-44.84654469999998,-5.983336299999962],[-44.83437619999995,-5.943986699999925],[-44.84632579999993,-5.908136299999967],[-44.90973589999993,-5.833211799999958],[-44.91379759999995,-5.80551399999996],[-44.92415669999997,-5.794672799999944],[-44.920292899999936,-5.688356499999941],[-44.938511699999935,-5.654479399999957],[-44.968232899999975,-5.6262583999999265],[-44.95684539999996,-5.56965189999994],[-44.96701189999993,-5.502190599999949],[-44.95287639999998,-5.49399029999995],[-44.936228599999936,-5.460816099999931],[-44.94051579999996,-5.450885299999925],[-44.933568099999945,-5.444650799999977],[-44.94017219999995,-5.4428042999999775],[-44.928378399999986,-5.406997599999954],[-44.92056919999993,-5.40776649999998],[-44.92605299999997,-5.38760469999994],[-44.91840419999994,-5.371629799999937],[-44.89331499999997,-5.370852599999978],[-44.895000599999946,-5.355216299999938],[-44.86997669999994,-5.3437143999999535],[-44.86720329999997,-5.321597899999972],[-44.83737739999998,-5.300407599999971],[-44.83110609999994,-5.276314299999967],[-44.81743719999997,-5.265920299999948],[-44.819785999999965,-5.256862499999954],[-44.80033989999998,-5.265785499999936],[-44.80615319999998,-5.240793599999961],[-44.81558769999998,-5.238973899999962],[-44.81053439999994,-5.230847399999959],[-44.81974629999996,-5.225680999999952],[-44.807050799999956,-5.224860899999953],[-44.79922149999993,-5.2100370999999654],[-44.79134609999994,-5.208803699999976],[-44.79041489999997,-5.216126999999972],[-44.77161639999997,-5.211161299999958],[-44.77639439999996,-5.201006499999949],[-44.76864039999998,-5.203679199999954],[-44.766722399999935,-5.184264799999937],[-44.758272999999974,-5.178202299999953],[-44.765315999999984,-5.170272799999964],[-44.74069629999997,-5.157252099999937],[-44.731375699999944,-5.142419199999949],[-44.71744019999994,-5.148972399999934],[-44.69685959999998,-5.1252216999999405],[-44.69661959999996,-5.109136399999954],[-44.68351699999994,-5.1055202999999665],[-44.67479969999994,-5.089507399999945],[-44.65955589999993,-5.093661099999963],[-44.65874579999996,-5.084869499999968],[-44.63435449999997,-5.096807099999978],[-44.63439359999995,-5.1121378999999365],[-44.623481899999945,-5.118739199999936],[-44.627695399999936,-5.125965699999938],[-44.609155499999986,-5.137779899999941],[-44.59706179999995,-5.1351205999999365],[-44.59857429999994,-5.143730199999936],[-44.579233699999975,-5.147944999999936],[-44.571594699999935,-5.162777299999959],[-44.56324539999997,-5.162711199999933],[-44.55679639999994,-5.173711399999945],[-44.54448309999998,-5.1699826999999345],[-44.53758629999993,-5.182105899999954],[-44.539036899999985,-5.2201835999999275],[-44.55374939999996,-5.2460179999999355],[-44.56953199999998,-5.25144199999994],[-44.56658489999995,-5.277818999999965],[-44.585380499999985,-5.294485999999949],[-44.554656499999965,-5.302422799999931],[-44.55348959999998,-5.321992899999941],[-44.53915009999997,-5.330902799999933],[-44.56443479999996,-5.355362599999978],[-44.560875899999985,-5.3822313999999665],[-44.54893359999994,-5.396941099999935],[-44.59133869999994,-5.374230999999952],[-44.59868299999994,-5.384721399999933],[-44.634856499999955,-5.400882699999954],[-44.64921099999998,-5.39723349999997],[-44.665731999999934,-5.409393999999963],[-44.74512189999996,-5.499682299999961],[-44.75082379999998,-5.524339699999928],[-44.74375969999994,-5.549387799999977],[-44.750940499999956,-5.561640699999941],[-44.74513529999996,-5.563143599999933],[-44.75893479999996,-5.593128099999944],[-44.720972899999936,-5.608660199999974],[-44.72679339999996,-5.644553799999926],[-44.66624209999998,-5.661074299999939]]]}},{"id":"657","type":"Feature","properties":{"COD_IBGE":"2112407","MUNICIPIO":"Turiaçu","UF":"MA"},"geometry":{"type":"MultiPolygon","coordinates":[[[[-45.32378309999996,-1.597037999999941],[-45.35602879999993,-1.712577299999964],[-45.34709209999994,-1.732492099999945],[-45.325167799999974,-1.7424967999999694],[-45.288846699999965,-1.7272066999999538],[-45.276973699999985,-1.7294689999999378],[-45.23596569999995,-1.7936350999999604],[-45.244975899999986,-1.8312224999999671],[-45.22101889999993,-1.8539025999999694],[-45.22200859999998,-1.874382399999945],[-45.212944999999934,-1.877785499999959],[-45.220871199999976,-1.8807138999999324],[-45.21732949999995,-1.8997790999999324],[-45.24620259999995,-1.93988939999997],[-45.249333399999955,-1.9573192999999378],[-45.28296349999994,-1.975971799999968],[-45.30391949999995,-2.0189125999999646],[-45.320551199999954,-2.0359013999999434],[-45.38982829999998,-2.0277853999999707],[-45.39366229999996,-2.018602299999941],[-45.42469489999996,-2.0392000999999595],[-45.44370089999995,-2.0238177999999607],[-45.47454789999995,-2.022307699999942],[-45.49978329999993,-2.0308696999999256],[-45.501903599999935,-2.039084099999968],[-45.53912269999995,-2.0485870999999634],[-45.60056179999998,-2.103354299999978],[-45.63174829999997,-2.105920699999956],[-45.65141909999994,-2.00091539999994],[-45.63972409999997,-1.965297899999939],[-45.62228019999998,-1.9506845999999314],[-45.712009999999964,-1.770193499999948],[-45.60157429999998,-1.5594121999999402],[-45.50659989999997,-1.4976051999999527],[-45.48037139999997,-1.491843099999926],[-45.47554089999994,-1.4798472999999603],[-45.458128999999985,-1.470121699999936],[-45.45554379999993,-1.452147899999943],[-45.444285899999954,-1.4473457999999368],[-45.43619719999998,-1.428395099999932],[-45.42327039999998,-1.4187766999999667],[-45.41656029999996,-1.4233936999999628],[-45.40451969999998,-1.4206917999999291],[-45.37170379999998,-1.3971134999999322],[-45.378927799999985,-1.389864399999965],[-45.368687799999975,-1.3807899999999336],[-45.37643449999996,-1.3787763999999356],[-45.376418299999955,-1.366739799999948],[-45.36046339999996,-1.3591891999999461],[-45.35756279999998,-1.3460141999999564],[-45.34068849999994,-1.3520168999999669],[-45.36601299999995,-1.3277621999999383],[-45.34861809999995,-1.312554499999976],[-45.30489759999995,-1.3364113999999745],[-45.311550599999975,-1.3401704999999424],[-45.30561259999996,-1.3501443999999765],[-45.31375289999994,-1.3729607999999303],[-45.30259549999994,-1.3858342999999422],[-45.29792549999996,-1.4130961999999272],[-45.30147809999994,-1.4389501999999652],[-45.38820499999997,-1.472016999999937],[-45.38272759999995,-1.4788820999999643],[-45.35702399999997,-1.4717039999999315],[-45.33678609999998,-1.4772239999999783],[-45.30844769999993,-1.4968107999999347],[-45.31955149999993,-1.5572433999999475],[-45.334055199999966,-1.5642285999999785],[-45.343469099999936,-1.5867940999999632],[-45.32378309999996,-1.597037999999941]]],[[[-45.41113729999995,-1.418312799999967],[-45.42030179999995,-1.4075518999999304],[-45.40894939999998,-1.3991432999999347],[-45.404573599999935,-1.4093424999999797],[-45.41113729999995,-1.418312799999967]]]]}},{"id":"658","type":"Feature","properties":{"COD_IBGE":"2112456","MUNICIPIO":"Turilândia","UF":"MA"},"geometry":{"type":"Polygon","coordinates":[[[-45.28509239999994,-2.2071511999999416],[-45.335190599999976,-2.277517399999965],[-45.34936529999993,-2.336986999999965],[-45.37951309999994,-2.308919899999978],[-45.384668199999965,-2.2808336999999597],[-45.39156329999997,-2.2767987999999377],[-45.430213299999934,-2.3047410999999443],[-45.45332449999995,-2.2976560999999265],[-45.45909779999994,-2.3053348999999344],[-45.451104199999975,-2.3127578999999514],[-45.472725699999955,-2.3189455999999495],[-45.48421419999994,-2.334091899999976],[-45.50030209999994,-2.3379781999999523],[-45.50664919999997,-2.33177349999994],[-45.51163249999996,-2.3429947999999285],[-45.502096499999936,-2.3482088999999746],[-45.514192899999955,-2.3626475999999457],[-45.52280369999994,-2.35745959999997],[-45.535888299999954,-2.365297299999952],[-45.54027679999996,-2.356929599999944],[-45.53050479999996,-2.3539667999999665],[-45.53282169999994,-2.346573199999966],[-45.57817499999993,-2.3838653999999337],[-45.613374599999986,-2.364586999999972],[-45.63058419999993,-2.3665174999999294],[-45.68415729999998,-2.3291465999999446],[-45.68392629999994,-2.2268476999999507],[-45.638522499999965,-2.1972544999999286],[-45.62901199999993,-2.1625210999999354],[-45.63174829999997,-2.105920699999956],[-45.60056179999998,-2.103354299999978],[-45.53912269999995,-2.0485870999999634],[-45.501903599999935,-2.039084099999968],[-45.49978329999993,-2.0308696999999256],[-45.47454789999995,-2.022307699999942],[-45.44370089999995,-2.0238177999999607],[-45.42469489999996,-2.0392000999999595],[-45.39366229999996,-2.018602299999941],[-45.38982829999998,-2.0277853999999707],[-45.320551199999954,-2.0359013999999434],[-45.30391949999995,-2.0189125999999646],[-45.28296349999994,-1.975971799999968],[-45.246373699999936,-1.952626299999963],[-45.24620259999995,-1.93988939999997],[-45.21672859999995,-1.8977586999999403],[-45.220871199999976,-1.8807138999999324],[-45.212943199999984,-1.8772464999999556],[-45.22140779999995,-1.8755278999999518],[-45.221159299999954,-1.8616187999999738],[-45.209894599999984,-1.8659363999999528],[-45.17802579999994,-1.856575199999952],[-45.175988099999984,-1.882184499999937],[-45.14292029999996,-1.9027242999999316],[-45.15874779999996,-1.9268687999999656],[-45.154781699999944,-1.9500487999999336],[-45.17446509999996,-1.9572453999999766],[-45.176181199999974,-1.9973584999999616],[-45.19371339999998,-1.9956979999999476],[-45.17899739999996,-2.011028299999964],[-45.18079089999998,-2.0298375999999507],[-45.19173689999997,-2.02904529999995],[-45.18883189999997,-2.040216799999939],[-45.21369519999996,-2.0416309999999385],[-45.21326439999996,-2.05595969999996],[-45.22300619999993,-2.0689118999999323],[-45.22925189999995,-2.061045199999967],[-45.23715199999998,-2.0680586999999377],[-45.24301269999995,-2.063148299999966],[-45.250147099999936,-2.07924799999995],[-45.244092199999955,-2.0823987999999645],[-45.250049599999954,-2.0825964999999655],[-45.24048359999995,-2.1080153999999425],[-45.256029499999954,-2.1211063999999737],[-45.25204119999995,-2.128767299999936],[-45.260591699999964,-2.1197451999999544],[-45.26875129999996,-2.124428499999965],[-45.262248099999965,-2.141157499999963],[-45.272841599999936,-2.1441162999999506],[-45.27610149999998,-2.156672199999946],[-45.28809579999995,-2.155384399999946],[-45.278888999999936,-2.163670799999977],[-45.28447139999997,-2.1598952999999597],[-45.29404379999994,-2.1655847999999764],[-45.27955319999995,-2.169770099999937],[-45.278310499999975,-2.180574999999976],[-45.29073129999995,-2.1856595999999513],[-45.28509239999994,-2.2071511999999416]]]}},{"id":"659","type":"Feature","properties":{"COD_IBGE":"2112506","MUNICIPIO":"Tutóia","UF":"MA"},"geometry":{"type":"Polygon","coordinates":[[[-42.31913819999994,-2.7530837999999562],[-42.26355579999995,-2.7579037999999514],[-42.25263049999995,-2.7380891999999335],[-42.26272949999998,-2.7278612999999723],[-42.256914999999935,-2.675737999999967],[-42.22948779999996,-2.6964946999999597],[-42.22255439999998,-2.692235299999936],[-42.19912649999998,-2.7086706999999706],[-42.14927289999997,-2.7210759999999254],[-42.11605839999993,-2.7518557999999302],[-42.12666599999994,-2.7656083999999623],[-42.12763709999996,-2.801176299999952],[-42.17385349999995,-2.8148488999999586],[-42.179388899999935,-2.831063899999947],[-42.174280599999975,-2.840690699999925],[-42.30927699999995,-3.092479199999957],[-42.53469739999997,-3.091902199999936],[-42.696325599999966,-3.1755619999999567],[-42.69655919999997,-3.0625912999999514],[-42.645055999999954,-3.039903899999956],[-42.627833899999985,-3.040213999999935],[-42.58761089999996,-3.0167859999999678],[-42.57213849999994,-3.000416399999949],[-42.57558679999994,-2.9891721999999277],[-42.588103599999954,-2.9841014999999516],[-42.59250089999995,-2.9654279999999744],[-42.56728179999993,-2.946939999999927],[-42.57193209999997,-2.9213510999999244],[-42.54213199999998,-2.9275331999999707],[-42.50577569999996,-2.9181050999999343],[-42.44516379999993,-2.8310317999999484],[-42.46770899999996,-2.8314425999999457],[-42.45442819999994,-2.8031866999999693],[-42.467575599999975,-2.786234199999967],[-42.469608799999946,-2.754439399999967],[-42.45576569999997,-2.74479359999998],[-42.43667239999996,-2.747130699999957],[-42.433678199999974,-2.7344818999999347],[-42.44232989999995,-2.723733599999946],[-42.47647189999998,-2.714277099999947],[-42.48573179999994,-2.700444999999945],[-42.421633499999984,-2.713917899999956],[-42.36869759999996,-2.714043599999968],[-42.35141729999998,-2.7410522999999785],[-42.31913819999994,-2.7530837999999562]]]}},{"id":"660","type":"Feature","properties":{"COD_IBGE":"2112605","MUNICIPIO":"Urbano Santos","UF":"MA"},"geometry":{"type":"Polygon","coordinates":[[[-43.43792029999997,-3.406127999999967],[-43.42308829999996,-3.365347199999974],[-43.45822979999997,-3.2849912999999447],[-43.60442709999995,-3.235811799999965],[-43.518105899999966,-3.240808999999956],[-43.51236669999997,-3.2235110999999392],[-43.34476059999997,-3.101833299999953],[-43.27873469999997,-3.081260499999928],[-43.26921269999997,-3.0627882999999656],[-43.31910959999993,-3.02193699999998],[-43.29784849999993,-3.0214672999999266],[-43.24275269999998,-2.99204229999998],[-43.22170649999998,-3.022263599999974],[-43.18047889999997,-2.9950161999999523],[-43.17627659999994,-3.0086284999999293],[-43.16862639999994,-3.003686699999946],[-43.164205599999946,-3.028817599999968],[-43.14396019999998,-3.0616661999999337],[-43.140635299999985,-3.0779161999999474],[-43.15026849999998,-3.0870067999999264],[-43.04282929999994,-3.1374238999999307],[-43.043088599999976,-3.1630124999999794],[-43.030580499999985,-3.172598199999925],[-43.08662349999997,-3.217899799999941],[-43.08682459999994,-3.2441566999999623],[-43.11194519999998,-3.244384699999955],[-43.130807199999936,-3.271560299999976],[-43.134716399999945,-3.292623399999968],[-43.126529999999946,-3.339642099999935],[-43.16099899999995,-3.364347299999963],[-43.163012299999934,-3.4331436999999596],[-43.13772779999994,-3.4657028999999397],[-43.15106289999994,-3.4620671999999786],[-43.15685909999996,-3.447082499999965],[-43.17936089999995,-3.4462065999999254],[-43.215557399999966,-3.39449929999995],[-43.235198699999955,-3.384512499999971],[-43.311509599999965,-3.5371673999999302],[-43.32017509999997,-3.541409099999953],[-43.31404289999995,-3.5589722999999367],[-43.32475929999998,-3.576109699999961],[-43.33587179999995,-3.5607861999999386],[-43.36328279999998,-3.5572100999999634],[-43.371389299999976,-3.5452075999999693],[-43.393700199999955,-3.5484563999999637],[-43.40255749999994,-3.5225491999999576],[-43.39086589999994,-3.512289199999941],[-43.40672859999995,-3.496141899999941],[-43.40953379999996,-3.4741112999999473],[-43.402177999999935,-3.464845099999934],[-43.405533899999966,-3.4431059999999434],[-43.44887099999994,-3.432338399999935],[-43.43336949999997,-3.4221398999999337],[-43.43792029999997,-3.406127999999967]]]}},{"id":"661","type":"Feature","properties":{"COD_IBGE":"2112704","MUNICIPIO":"Vargem Grande","UF":"MA"},"geometry":{"type":"Polygon","coordinates":[[[-43.98428569999993,-3.501220299999943],[-43.801390599999934,-3.4746672999999646],[-43.77421389999995,-3.5269753999999693],[-43.75370229999993,-3.5369832999999744],[-43.75184139999993,-3.546120599999938],[-43.740839499999936,-3.5362047999999504],[-43.737841199999934,-3.5453348999999434],[-43.709720499999946,-3.5597625999999423],[-43.71490449999993,-3.5680979999999636],[-43.69994649999995,-3.579320199999927],[-43.68716059999997,-3.5756554999999253],[-43.65890749999994,-3.5888351999999486],[-43.65099249999997,-3.578697199999965],[-43.643711199999984,-3.604940699999929],[-43.63285689999998,-3.612461899999971],[-43.62226419999996,-3.603570399999967],[-43.61602239999996,-3.6199840999999537],[-43.60683199999994,-3.619021499999974],[-43.72838809999996,-3.9349297999999635],[-43.89502289999996,-3.967479199999957],[-43.938070299999936,-4.000469199999941],[-43.99423269999994,-3.838191599999959],[-44.04909449999997,-3.71042099999994],[-44.02923439999995,-3.67860799999994],[-44.04120979999993,-3.652598599999976],[-44.03634939999995,-3.6476917999999614],[-44.050674399999934,-3.561371299999962],[-44.06667829999998,-3.5587791999999467],[-44.08201459999998,-3.532969699999967],[-44.09256409999995,-3.5329099999999585],[-44.09431669999998,-3.5221994999999424],[-44.08033249999994,-3.4793728999999303],[-44.05011909999996,-3.481932899999947],[-44.01696369999996,-3.507011499999976],[-43.97552009999998,-3.520101299999965],[-43.975023299999975,-3.508383199999969],[-43.98428569999993,-3.501220299999943]]]}},{"id":"662","type":"Feature","properties":{"COD_IBGE":"2112803","MUNICIPIO":"Viana","UF":"MA"},"geometry":{"type":"Polygon","coordinates":[[[-45.08831709999998,-3.2478435999999533],[-45.136014099999954,-3.2001238999999373],[-45.145646399999976,-3.2073415999999497],[-45.13910759999993,-3.191466999999932],[-45.15039239999993,-3.17794559999993],[-45.19472239999993,-3.1684373999999593],[-45.26752399999998,-3.136321099999975],[-45.319129499999974,-3.1259880999999723],[-45.27866889999996,-3.07938809999996],[-45.276568399999974,-3.0585583999999244],[-45.23078479999998,-3.0123960999999326],[-45.22841619999997,-2.972073899999941],[-45.21767509999995,-2.953337499999975],[-45.12569449999995,-2.9204956999999467],[-45.11986479999996,-2.936482999999953],[-45.095663499999944,-2.9314836999999443],[-45.14579689999994,-3.0144635999999423],[-45.14069759999995,-3.0675741999999673],[-45.11978809999994,-3.064035899999965],[-45.10400299999998,-3.083466099999953],[-45.081673499999965,-3.0903482999999596],[-45.06147059999995,-3.1412903999999457],[-45.05993449999994,-3.134174099999939],[-45.04294009999995,-3.1413426999999388],[-45.038315599999976,-3.1305933999999525],[-45.03615689999998,-3.1448040999999307],[-45.01383649999997,-3.149663499999974],[-45.01991959999998,-3.1375244999999268],[-45.01779339999996,-3.127785099999926],[-45.00203349999998,-3.1543957999999748],[-44.998209299999985,-3.1368408999999247],[-44.98673629999996,-3.140126299999963],[-44.99252379999996,-3.1519287999999506],[-44.98548559999995,-3.1572991999999545],[-44.98160109999998,-3.152189499999963],[-44.96819719999996,-3.186492499999929],[-44.949429399999985,-3.165175099999942],[-44.92457529999996,-3.1600804999999355],[-44.86518589999997,-3.0906781999999566],[-44.80440799999997,-3.1230608999999276],[-44.84192439999998,-3.0715895999999248],[-44.812004599999966,-3.064760799999931],[-44.80730479999994,-3.07792859999995],[-44.77583439999995,-3.100390799999957],[-44.74924109999995,-3.10978369999998],[-44.74420229999998,-3.119718399999954],[-44.691926699999954,-3.1318893999999773],[-44.674252499999966,-3.152123999999958],[-44.69982259999995,-3.1847316999999293],[-44.77671869999995,-3.2131489999999303],[-44.77996579999996,-3.2246805999999424],[-44.76523849999995,-3.2647618999999395],[-44.749878199999955,-3.281359299999963],[-44.74937749999998,-3.299398999999937],[-44.76806979999998,-3.3049177999999415],[-44.78945689999995,-3.2964374999999677],[-44.810546699999975,-3.269352099999935],[-44.82868579999996,-3.289151499999946],[-44.85382219999997,-3.295453299999963],[-44.83923939999994,-3.277460099999928],[-44.85532749999993,-3.276445899999942],[-44.87319189999994,-3.2619986999999355],[-44.86815309999997,-3.2789461999999503],[-44.87374299999993,-3.283946799999967],[-44.890379999999936,-3.2769331999999736],[-44.88385109999996,-3.2835068999999635],[-44.896379999999965,-3.301618099999928],[-44.92296619999996,-3.3070679999999584],[-44.93215449999997,-3.3009777999999415],[-44.928157399999975,-3.2924039999999763],[-44.93951619999996,-3.2940587999999593],[-44.94196789999995,-3.2859913999999435],[-44.93876579999994,-3.314224299999978],[-44.94679659999997,-3.315644099999929],[-44.93568609999994,-3.3282618999999727],[-44.95146289999997,-3.3402333999999314],[-44.97021349999994,-3.33006869999997],[-44.99348999999995,-3.3351171999999565],[-45.02268939999993,-3.312850899999944],[-45.01629429999997,-3.2985541999999555],[-45.03312729999993,-3.239363399999945],[-45.07302599999997,-3.264431199999933],[-45.07937649999997,-3.2488276999999357],[-45.09253439999998,-3.256274899999937],[-45.08831709999998,-3.2478435999999533]]]}},{"id":"663","type":"Feature","properties":{"COD_IBGE":"2112852","MUNICIPIO":"Vila Nova dos Martírios","UF":"MA"},"geometry":{"type":"Polygon","coordinates":[[[-48.079264999999964,-5.275064499999928],[-48.178544199999976,-5.26077609999993],[-48.22495189999995,-5.2355287999999405],[-48.21422519999993,-5.231155999999942],[-48.22138769999998,-5.194618699999978],[-48.200568299999986,-5.1608708999999635],[-48.20478749999995,-5.135268099999962],[-48.19374019999998,-5.127439799999934],[-48.20524809999995,-5.12212489999996],[-48.21187569999995,-5.082726999999977],[-48.224485399999935,-5.066721899999948],[-48.19337399999995,-5.02136969999998],[-48.195163699999966,-4.994172299999946],[-48.187356799999975,-4.981945199999927],[-48.21237789999998,-4.924933199999941],[-48.05836279999994,-4.804159699999957],[-48.01370199999997,-4.864007899999933],[-48.019213899999954,-4.936779399999978],[-47.979900999999984,-5.009532199999967],[-47.98421639999998,-5.047356599999944],[-47.94582079999998,-5.088863299999957],[-47.911168799999984,-5.151728399999968],[-47.88723679999998,-5.174839999999961],[-47.89374379999998,-5.175404299999968],[-47.898799199999985,-5.1943928999999684],[-47.91550319999993,-5.198883099999932],[-47.91120999999998,-5.214592799999934],[-47.93734859999995,-5.239575199999933],[-48.00405889999996,-5.234620199999938],[-48.04926469999998,-5.266101299999946],[-48.079264999999964,-5.275064499999928]]]}},{"id":"664","type":"Feature","properties":{"COD_IBGE":"2112902","MUNICIPIO":"Vitória do Mearim","UF":"MA"},"geometry":{"type":"Polygon","coordinates":[[[-44.92336369999998,-3.713406799999973],[-44.95307279999997,-3.6931760999999597],[-44.966402699999946,-3.7032863999999677],[-44.99893819999994,-3.7127997999999707],[-45.00394669999997,-3.7042813999999566],[-45.01034589999995,-3.714764099999968],[-45.04768349999995,-3.721135899999979],[-44.997272899999984,-3.587145899999939],[-45.03135789999993,-3.5710454999999683],[-45.015524099999936,-3.5357084999999415],[-45.04946759999996,-3.511935899999969],[-45.04139889999993,-3.5006654999999682],[-45.044356799999946,-3.489893699999925],[-45.03289579999995,-3.4811434999999733],[-45.03022469999996,-3.459069199999931],[-45.012464499999965,-3.4581110999999396],[-45.01141199999995,-3.4298837999999705],[-44.973598599999946,-3.4284266999999318],[-44.95123069999994,-3.4556119999999737],[-44.929430099999934,-3.462214299999971],[-44.92619109999998,-3.4400960999999484],[-44.90021649999994,-3.424786299999937],[-44.89907729999993,-3.400764299999935],[-44.87785429999997,-3.3833373999999594],[-44.893728599999974,-3.37445809999997],[-44.89217739999998,-3.3519216999999344],[-44.88207829999993,-3.3550656999999546],[-44.863711999999964,-3.3463605999999686],[-44.819348899999966,-3.473549099999957],[-44.830037999999945,-3.465886399999931],[-44.83152309999997,-3.4826194999999416],[-44.85348639999995,-3.4956906999999546],[-44.84764949999993,-3.5246035999999776],[-44.83598909999995,-3.5260792999999353],[-44.83890729999996,-3.539528599999926],[-44.82790709999995,-3.5314926999999443],[-44.823096599999985,-3.537275399999942],[-44.838906899999984,-3.5731225999999765],[-44.853741799999966,-3.5692962999999622],[-44.84094139999996,-3.587552999999957],[-44.829463199999964,-3.5840575999999373],[-44.80818549999998,-3.5946702999999616],[-44.80313109999997,-3.610433099999966],[-44.81515699999994,-3.6262056999999572],[-44.81390479999993,-3.6395415999999727],[-44.79357229999994,-3.6612300999999547],[-44.79768629999995,-3.671780599999977],[-44.81018819999997,-3.6657561999999757],[-44.806849599999964,-3.681357099999957],[-44.814933199999984,-3.6719563999999423],[-44.82085019999994,-3.6786864999999693],[-44.84632089999997,-3.669202799999937],[-44.847520299999985,-3.687550999999928],[-44.86635069999994,-3.6946625999999583],[-44.86015749999996,-3.7163803999999345],[-44.879651199999955,-3.746264799999949],[-44.89704329999995,-3.7404255999999805],[-44.90371269999997,-3.7509540999999444],[-44.92732929999994,-3.7526520999999775],[-44.93044009999994,-3.7462085999999317],[-44.91798739999996,-3.7391053999999713],[-44.92336369999998,-3.713406799999973]]]}},{"id":"665","type":"Feature","properties":{"COD_IBGE":"2113009","MUNICIPIO":"Vitorino Freire","UF":"MA"},"geometry":{"type":"Polygon","coordinates":[[[-45.12747839999997,-4.413283199999967],[-45.24094669999994,-4.393710599999963],[-45.29491029999997,-4.4242695999999455],[-45.335105399999975,-4.423932099999945],[-45.422005199999944,-4.4408266999999455],[-45.422824799999944,-4.417098299999964],[-45.46956579999994,-4.427989599999933],[-45.51173579999994,-4.396005399999979],[-45.479834799999935,-4.3695244999999545],[-45.46967829999994,-4.346809999999948],[-45.454032799999936,-4.346855499999947],[-45.437879899999984,-4.3307907999999316],[-45.43326539999998,-4.336426399999937],[-45.41871099999997,-4.326959099999954],[-45.44769119999995,-4.307541499999957],[-45.44820409999994,-4.291548099999943],[-45.41890129999996,-4.254364399999929],[-45.40219319999994,-4.185933499999976],[-45.387665899999945,-4.171496699999977],[-45.364299399999936,-4.168907099999956],[-45.356097699999964,-4.131461399999978],[-45.37468499999994,-4.117396099999951],[-45.40491009999994,-4.11572289999998],[-45.40821809999994,-4.126318199999957],[-45.43165849999997,-4.14148339999997],[-45.44559779999997,-4.138237599999968],[-45.44818899999996,-4.122045399999934],[-45.426325099999985,-4.088422599999944],[-45.42174389999997,-4.066295499999967],[-45.403496099999984,-4.056351599999971],[-45.39856119999996,-4.01040409999996],[-45.37844549999994,-3.990900099999976],[-45.35765739999994,-3.984926899999948],[-45.37272049999996,-3.9077513999999383],[-45.34231059999996,-3.8700977999999395],[-45.33597149999997,-3.873727199999962],[-45.33623039999998,-3.903174599999943],[-45.31231699999995,-3.909813399999962],[-45.324976499999934,-3.929493799999932],[-45.31623589999998,-3.9547072999999386],[-45.32278539999993,-3.9655036999999425],[-45.30806999999993,-3.9807982999999467],[-45.31071709999998,-4.007101099999943],[-45.29419909999996,-4.0238897999999494],[-45.31734709999995,-4.059300999999948],[-45.31885529999994,-4.070607699999925],[-45.30998899999997,-4.074823399999957],[-45.31352429999998,-4.094330799999966],[-45.26993029999994,-4.120934699999964],[-45.25457559999995,-4.148317499999962],[-45.23959949999994,-4.14863239999994],[-45.215675999999974,-4.164255999999966],[-45.21043499999996,-4.184309599999949],[-45.19755139999995,-4.189117299999964],[-45.20399539999994,-4.197431999999935],[-45.10672429999994,-4.328836499999966],[-45.12699779999997,-4.366456099999937],[-45.12187179999995,-4.378028699999959],[-45.13306869999997,-4.395061999999939],[-45.12747839999997,-4.413283199999967]]]}},{"id":"666","type":"Feature","properties":{"COD_IBGE":"2114007","MUNICIPIO":"Zé Doca","UF":"MA"},"geometry":{"type":"Polygon","coordinates":[[[-45.66195239999996,-3.3386279999999715],[-45.798668599999985,-3.3355308999999806],[-45.87854239999996,-3.3159648999999263],[-45.90939309999993,-3.378663099999926],[-45.94140139999996,-3.3657709999999383],[-45.97591049999994,-3.373405699999978],[-45.99596859999997,-3.3676364999999464],[-46.02076899999997,-3.3780155999999693],[-46.06064619999995,-3.3631063999999355],[-46.197008299999936,-3.3629479999999603],[-46.255493799999954,-3.3168933999999695],[-46.265511699999934,-3.3208580999999526],[-46.27837069999998,-3.3464490999999725],[-46.39567569999997,-3.2913663999999585],[-46.39116199999995,-3.2737449999999626],[-46.34972839999995,-3.2139402999999334],[-46.31080899999995,-3.190764099999967],[-46.278832799999975,-3.1916978999999515],[-46.26671319999997,-3.1591414999999756],[-46.247671699999955,-3.15724739999996],[-46.24062419999996,-3.166411699999969],[-46.22501639999996,-3.1583173999999303],[-46.20112369999998,-3.1670852999999397],[-46.09896189999995,-3.148018299999933],[-46.09100319999993,-3.1386319999999728],[-46.094131499999946,-3.1237133999999287],[-46.08125529999995,-3.1179994999999394],[-46.075368399999945,-3.104284199999938],[-46.06131779999998,-3.1107110999999463],[-46.05572549999994,-3.094072199999971],[-46.02788859999998,-3.07462019999997],[-46.016270299999974,-3.0805676999999605],[-46.00172029999993,-3.061730999999952],[-45.98898019999996,-3.0739434999999276],[-45.982392999999945,-3.0707257999999342],[-45.981153699999936,-3.0785706999999434],[-45.959668799999974,-3.063497499999926],[-45.945911699999954,-3.0670904999999493],[-45.94334259999994,-3.0457335999999486],[-45.93053729999997,-3.0526049999999714],[-45.92328799999996,-3.037279999999953],[-45.93229749999995,-3.0304097999999726],[-45.92505259999996,-3.0210488999999257],[-45.918773199999976,-3.0286905999999476],[-45.90239649999995,-3.0275598999999715],[-45.930814399999974,-3.094958599999927],[-45.92156879999993,-3.107558099999949],[-45.92063919999998,-3.1305377999999564],[-45.951066399999945,-3.1813019999999597],[-45.92666749999995,-3.2363509999999565],[-45.807843799999944,-3.229895699999929],[-45.782435599999985,-3.2380262999999445],[-45.780638299999964,-3.216718399999934],[-45.71115699999996,-3.1013074999999617],[-45.64194399999997,-3.1195257999999626],[-45.63907379999995,-3.083047699999952],[-45.62398469999994,-3.053249199999925],[-45.60352309999996,-3.1739488999999708],[-45.57934709999995,-3.242244699999958],[-45.55218469999994,-3.279482899999948],[-45.490324499999986,-3.306817199999955],[-45.44408979999997,-3.3994244999999523],[-45.54218949999995,-3.484976399999937],[-45.545276899999976,-3.470286699999974],[-45.57004919999997,-3.453753699999936],[-45.66195239999996,-3.3386279999999715]]]}}]}