{"type":"FeatureCollection","features":[{"id":"5103","type":"Feature","properties":{"COD_IBGE":"5000203","MUNICIPIO":"Água Clara","UF":"MS"},"geometry":{"type":"Polygon","coordinates":[[[-52.86814869999995,-20.45499499999994],[-52.897702299999935,-20.448193699999933],[-52.93385129999996,-20.405613399999936],[-52.94331459999995,-20.405667799999947],[-52.954488599999934,-20.375163699999973],[-52.96239659999998,-20.376852999999983],[-52.970648799999935,-20.36412279999996],[-53.00746039999996,-20.34825369999993],[-53.009675399999935,-20.339332799999966],[-53.03164599999997,-20.33445679999994],[-53.06985899999995,-20.298623499999962],[-53.098850599999935,-20.239771099999928],[-53.088239699999974,-20.208944499999973],[-53.09554669999994,-20.191591699999947],[-53.11977989999997,-20.163094499999943],[-53.11799519999994,-20.15629999999993],[-53.151158599999974,-20.137805899999933],[-53.173107699999946,-20.092714199999932],[-53.17994109999995,-20.05925179999997],[-53.22361939999996,-20.02200659999994],[-53.239981899999975,-20.02149309999993],[-53.25404559999998,-20.00786379999994],[-53.25736249999994,-19.989743999999973],[-53.27565489999995,-19.976700799999946],[-53.29813439999998,-19.92711259999993],[-53.31423509999996,-19.91414579999997],[-53.314125299999944,-19.90050759999997],[-53.329466699999955,-19.886736799999937],[-53.34384109999996,-19.89093289999994],[-53.36664289999993,-19.877386199999933],[-53.382221699999945,-19.848904999999945],[-53.38842109999996,-19.81694129999994],[-53.40509289999994,-19.79156489999997],[-53.431623599999966,-19.777847899999927],[-53.44985329999997,-19.734628699999973],[-53.463486899999964,-19.728875999999957],[-53.45777469999996,-19.718956999999932],[-53.467409299999986,-19.697671399999933],[-53.48827679999994,-19.69081149999994],[-53.49404189999996,-19.660004199999946],[-53.48507139999998,-19.655993799999976],[-53.48131549999994,-19.643833299999983],[-53.48859699999997,-19.635115199999973],[-53.47851239999994,-19.636635999999953],[-53.48256489999994,-19.63085949999993],[-53.474221899999975,-19.61529749999994],[-53.48468779999996,-19.59332409999996],[-53.48267849999996,-19.578322699999944],[-53.45720469999998,-19.567339199999935],[-53.410266899999954,-19.52170689999997],[-53.383649299999945,-19.51354299999997],[-53.34644499999996,-19.450024199999973],[-53.32769939999997,-19.49715599999996],[-53.140295099999946,-19.45657609999995],[-53.09341109999997,-19.460927099999935],[-53.09812459999995,-19.423437899999954],[-53.071702899999934,-19.418983399999945],[-53.019695499999955,-19.43038009999998],[-52.983727399999964,-19.463248999999962],[-52.936298799999975,-19.483955699999967],[-52.92600519999996,-19.50029459999996],[-52.90413799999993,-19.50016379999994],[-52.88903809999994,-19.52132869999997],[-52.86256249999997,-19.536967499999946],[-52.82945159999997,-19.531190099999947],[-52.81141059999993,-19.537978899999928],[-52.756317199999955,-19.520445799999948],[-52.73502569999994,-19.544352299999957],[-52.70541899999995,-19.555102099999942],[-52.69363839999994,-19.52639679999993],[-52.65617949999995,-19.49064469999996],[-52.62150399999996,-19.42086519999998],[-52.58117969999995,-19.410094699999945],[-52.57510419999994,-19.436876799999936],[-52.51945749999993,-19.491219499999943],[-52.529890499999965,-19.501030799999967],[-52.51865049999998,-19.52095849999995],[-52.52165979999995,-19.540858199999946],[-52.50472099999996,-19.55956089999995],[-52.51121469999998,-19.56748299999998],[-52.494799299999954,-19.579748799999948],[-52.47611909999995,-19.615173599999935],[-52.55252279999996,-19.64020229999994],[-52.57152979999995,-19.678261499999962],[-52.59060979999998,-19.697805399999936],[-52.594650799999954,-19.74103969999993],[-52.60827849999998,-19.761464199999978],[-52.61481669999995,-19.793810899999983],[-52.64535889999996,-19.804525299999966],[-52.70496239999994,-19.807443999999975],[-52.77723999999995,-19.867015699999968],[-52.80135619999999,-19.874698199999955],[-52.784047499999986,-19.887732399999948],[-52.743582499999945,-19.88361229999998],[-52.73867029999997,-19.89962449999996],[-52.724357399999974,-19.90984119999996],[-52.725323199999934,-19.95256569999998],[-52.71212749999995,-20.008656499999972],[-52.715378199999975,-20.03937049999996],[-52.692935499999976,-20.062132599999927],[-52.69877239999994,-20.081468799999982],[-52.72968489999994,-20.101202499999943],[-52.73547819999993,-20.113106499999958],[-52.72668669999996,-20.15503499999994],[-52.70158969999994,-20.196827999999982],[-52.736069499999985,-20.247173799999928],[-52.723518499999955,-20.29456799999997],[-52.676811999999984,-20.369285399999967],[-52.62367699999999,-20.40750479999997],[-52.58395439999998,-20.468402199999957],[-52.565597999999966,-20.47317229999993],[-52.52924839999997,-20.533315699999946],[-52.50192629999998,-20.549832899999956],[-52.49097649999993,-20.581654499999956],[-52.46501579999995,-20.606517999999937],[-52.44252529999994,-20.669438299999968],[-52.42610799999994,-20.68715569999995],[-52.40904589999997,-20.731777499999964],[-52.411608599999965,-20.74538339999998],[-52.38357119999995,-20.760181299999942],[-52.374641199999985,-20.778621199999975],[-52.37913249999997,-20.78212629999996],[-52.359928699999955,-20.801312399999972],[-52.36700129999997,-20.82462979999997],[-52.35509909999996,-20.828150199999982],[-52.354735199999936,-20.84968699999996],[-52.366765999999984,-20.864525899999933],[-52.360450699999944,-20.871122199999945],[-52.364293299999986,-20.884324099999958],[-52.388417699999934,-20.877435399999968],[-52.442188499999986,-20.839580199999943],[-52.48033549999997,-20.82708839999998],[-52.50926629999998,-20.798679499999935],[-52.536131499999954,-20.790468499999974],[-52.602305899999976,-20.72251749999998],[-52.60172789999996,-20.713734099999954],[-52.66693319999996,-20.673229999999933],[-52.68664249999995,-20.64704279999995],[-52.70845049999997,-20.63864609999996],[-52.718109599999934,-20.62157519999994],[-52.73350719999996,-20.617694099999937],[-52.732132699999966,-20.608915399999944],[-52.75876989999995,-20.57379869999994],[-52.80887679999995,-20.539435499999968],[-52.82171239999997,-20.540526799999952],[-52.843714199999965,-20.51123769999998],[-52.86814869999995,-20.45499499999994]]]}},{"id":"5104","type":"Feature","properties":{"COD_IBGE":"5000252","MUNICIPIO":"Alcinópolis","UF":"MS"},"geometry":{"type":"Polygon","coordinates":[[[-53.555739899999935,-18.015023499999927],[-53.517876799999954,-18.020648199999982],[-53.499126899999965,-18.03590719999994],[-53.47257849999994,-18.039148799999964],[-53.46015539999996,-18.022032599999932],[-53.457294299999944,-17.999698999999964],[-53.43901729999993,-17.98392659999996],[-53.421327099999985,-17.985789099999977],[-53.417879599999935,-17.99479629999996],[-53.41263269999996,-17.988490499999955],[-53.38077119999997,-18.008757199999934],[-53.34259499999996,-18.00829079999994],[-53.29917409999996,-17.995482099999947],[-53.23730919999997,-18.00817509999996],[-53.222365099999934,-18.13067959999995],[-53.31426239999996,-18.209467699999948],[-53.32956349999995,-18.20958859999996],[-53.35774259999994,-18.19399509999994],[-53.379443899999956,-18.203125099999966],[-53.33128979999998,-18.23481579999998],[-53.34749459999995,-18.257019699999944],[-53.40021849999994,-18.239975199999947],[-53.439476199999945,-18.25403369999998],[-53.455107099999964,-18.269202999999948],[-53.46162289999995,-18.27860959999998],[-53.43098779999997,-18.331395099999952],[-53.44889529999995,-18.35062279999994],[-53.43574579999995,-18.384189799999945],[-53.461805599999934,-18.403399399999955],[-53.48725429999996,-18.41576969999994],[-53.498915899999986,-18.401315499999953],[-53.50762649999996,-18.40921499999996],[-53.521280899999965,-18.407865699999945],[-53.52472289999997,-18.416822799999977],[-53.54574089999994,-18.418969499999946],[-53.56641169999995,-18.437320399999976],[-53.60685889999996,-18.44019849999995],[-53.65022729999998,-18.45823349999995],[-53.68856019999998,-18.44581469999997],[-53.69955739999995,-18.451175599999942],[-53.71171849999996,-18.44634599999995],[-53.72771779999994,-18.45630559999995],[-53.73961909999997,-18.44716399999993],[-53.75065009999997,-18.44935179999993],[-53.76856139999995,-18.46763029999994],[-53.78083309999994,-18.46758829999993],[-53.77344169999998,-18.474002999999982],[-53.78330699999998,-18.485615499999938],[-53.79735589999996,-18.483262599999932],[-53.79376079999997,-18.47483219999998],[-53.81070059999996,-18.468193499999927],[-53.81424509999994,-18.479025899999954],[-53.834465499999965,-18.461249599999974],[-53.851170699999955,-18.461067899999932],[-53.86602389999996,-18.476497499999937],[-53.86385769999998,-18.484121999999957],[-53.87168329999997,-18.48120799999998],[-53.88055479999997,-18.48952029999998],[-53.88171569999997,-18.506143099999974],[-53.89997679999993,-18.503908999999965],[-53.921924399999966,-18.529900899999973],[-53.93045069999994,-18.52268859999998],[-53.96583339999995,-18.52584319999994],[-53.98135039999994,-18.54295209999998],[-54.00415159999994,-18.53591659999995],[-54.044960999999944,-18.502354799999978],[-54.05095159999996,-18.48917979999993],[-54.057345099999964,-18.489271299999928],[-54.05692369999997,-18.501759599999957],[-54.069647299999986,-18.514862599999958],[-54.08019479999996,-18.516927599999974],[-54.076070899999934,-18.496649299999945],[-54.085936999999944,-18.464812799999947],[-54.078821199999936,-18.446559299999933],[-54.092349799999965,-18.413637999999935],[-54.08628589999995,-18.40370919999998],[-54.091094399999974,-18.35556719999994],[-54.11688479999998,-18.35041629999995],[-54.12634769999994,-18.335218899999973],[-54.14043299999997,-18.33107499999994],[-54.174656599999935,-18.346243999999956],[-54.205448599999954,-18.34999829999998],[-54.145417899999984,-18.307064199999957],[-54.129504699999984,-18.28311109999993],[-54.14009669999996,-18.25164019999994],[-54.14196529999998,-18.15936309999995],[-54.18437439999997,-18.101913999999965],[-54.20295149999998,-18.09146419999996],[-54.15070659999998,-18.09327849999994],[-54.15378479999998,-18.100355399999955],[-54.13892299999998,-18.10438229999994],[-54.12414299999995,-18.09891209999995],[-54.12278879999997,-18.105186999999944],[-54.11872029999995,-18.09615359999998],[-54.10471529999995,-18.10546979999998],[-54.10149789999997,-18.084869499999968],[-54.084223399999985,-18.08933719999993],[-54.08738509999995,-18.081740199999956],[-54.07983729999995,-18.07434859999995],[-54.087940799999956,-18.077508999999964],[-54.08933929999995,-18.069094199999938],[-54.07617639999995,-18.056129099999964],[-54.066313099999945,-18.062581999999964],[-54.08019279999996,-18.043980999999974],[-54.06798649999996,-18.04420049999993],[-54.068892999999946,-18.016980399999966],[-54.07623959999995,-18.011972299999968],[-54.06159909999997,-18.00676089999996],[-54.061685899999986,-17.990349299999934],[-54.052829299999985,-17.992592799999954],[-54.050390499999935,-17.977146499999947],[-54.03633019999995,-17.97277289999994],[-54.04115569999993,-17.963465699999972],[-54.03230929999995,-17.953227999999967],[-54.00770419999998,-17.947535399999936],[-54.006469799999934,-17.94078429999996],[-53.99277909999995,-17.94301619999993],[-53.99134419999996,-17.935981199999958],[-53.985915699999964,-17.942294999999945],[-53.982862899999986,-17.933757399999934],[-53.97293679999996,-17.94040979999994],[-53.974532099999976,-17.93017109999994],[-53.970370499999945,-17.934680999999955],[-53.95310879999994,-17.92439079999997],[-53.95166349999994,-17.915790699999945],[-53.94891489999998,-17.923423799999966],[-53.93241109999997,-17.91317379999998],[-53.922356699999966,-17.920163299999956],[-53.901301899999964,-17.91684689999994],[-53.898550599999965,-17.908802399999956],[-53.87693779999995,-17.92352889999995],[-53.87268579999994,-17.91686459999994],[-53.870160099999964,-17.92739869999997],[-53.86005529999994,-17.921159299999943],[-53.84273929999995,-17.94000319999998],[-53.83755159999998,-17.93470259999998],[-53.82146949999998,-17.96205649999996],[-53.80865989999995,-17.96100619999993],[-53.81010319999996,-17.97087289999996],[-53.79318919999997,-17.974661199999957],[-53.786462599999936,-17.994124299999953],[-53.77421719999995,-18.000770099999954],[-53.73382189999995,-17.995334899999932],[-53.69218769999998,-18.013676499999974],[-53.690356399999985,-18.002481099999954],[-53.66246599999994,-17.986022599999956],[-53.661245399999984,-17.977512299999944],[-53.616130399999975,-17.976188699999966],[-53.589544699999976,-18.012611599999957],[-53.56499249999996,-18.00455859999994],[-53.55723729999994,-18.005654999999933],[-53.555739899999935,-18.015023499999927]]]}},{"id":"5105","type":"Feature","properties":{"COD_IBGE":"5000609","MUNICIPIO":"Amambai","UF":"MS"},"geometry":{"type":"Polygon","coordinates":[[[-55.15724329999995,-23.363553599999932],[-55.22119329999998,-23.327323699999965],[-55.22715929999998,-23.315238699999952],[-55.241535699999986,-23.31510339999994],[-55.24942809999993,-23.301902799999937],[-55.34136029999996,-23.26158689999994],[-55.358516399999985,-23.220072499999958],[-55.37326969999998,-23.207903199999976],[-55.43389569999994,-23.09857939999995],[-55.43016839999996,-23.07781369999998],[-55.42054759999996,-23.07429589999998],[-55.429376899999966,-23.06474359999993],[-55.41966889999998,-23.04676569999998],[-55.424810899999954,-23.041271799999947],[-55.41331479999997,-23.038836799999956],[-55.40223389999994,-23.022409099999948],[-55.392759299999966,-23.027062799999953],[-55.39240849999993,-23.02140509999998],[-55.37862439999998,-23.02130219999998],[-55.378625599999964,-23.013066599999945],[-55.36564159999995,-23.01154429999997],[-55.33748779999996,-22.98889809999997],[-55.31563149999994,-22.99433819999996],[-55.309450099999935,-22.986710999999957],[-55.30126739999997,-22.99291009999996],[-55.29663649999998,-22.969903399999964],[-55.28474639999996,-22.95907559999995],[-55.26363709999998,-22.963377599999944],[-55.25363029999994,-22.949729899999966],[-55.20137159999996,-22.943231399999945],[-55.19638409999993,-22.93114479999997],[-55.18106789999996,-22.927278599999966],[-55.16283069999997,-22.93090879999994],[-55.15340179999998,-22.94247569999993],[-55.113724899999966,-22.927061699999967],[-55.10615379999996,-22.93357229999998],[-55.08069679999994,-22.931687499999953],[-55.06919519999997,-22.925880399999983],[-55.074379499999964,-22.916898999999944],[-55.05633009999997,-22.915418899999963],[-55.047550599999965,-22.926319699999965],[-55.04097849999994,-22.918372699999964],[-55.03538589999994,-22.92575009999996],[-55.01969649999995,-22.910695499999974],[-55.00457229999995,-22.91441489999994],[-54.991146699999945,-22.906221899999935],[-54.98300829999994,-22.912533499999938],[-54.98651249999995,-22.926600599999972],[-54.979259799999966,-22.928498599999955],[-54.97752269999995,-22.94427959999996],[-54.96852149999995,-22.947573199999965],[-54.95150599999994,-22.93625659999998],[-54.959263599999986,-22.92931889999994],[-54.95548899999994,-22.920240999999976],[-54.95141649999994,-22.92675509999998],[-54.92298079999995,-22.924713099999963],[-54.913915799999984,-22.909643899999935],[-54.90467289999998,-22.91109579999994],[-54.90672059999997,-22.89379759999997],[-54.87483819999994,-22.884204099999977],[-54.87284719999997,-22.87579809999994],[-54.84100529999995,-22.889508899999953],[-54.834281199999964,-22.877639399999964],[-54.82801809999995,-22.882105499999966],[-54.81216139999998,-22.87170759999998],[-54.80055239999996,-22.874757099999954],[-54.79946449999994,-22.884969299999966],[-54.786387599999955,-22.87943329999996],[-54.76667619999995,-22.889642999999978],[-54.73152159999995,-22.887940499999957],[-54.725890799999945,-22.895005599999934],[-54.68683139999996,-22.889723799999956],[-54.66271939999996,-22.90535449999993],[-54.66134569999997,-22.917459299999962],[-54.64702879999999,-22.915430799999967],[-54.64173949999997,-22.932086999999967],[-54.62901909999994,-22.921571599999936],[-54.613221899999985,-22.929999599999974],[-54.58327509999998,-22.95318359999993],[-54.57478759999998,-22.97193699999997],[-54.55690389999995,-22.971035099999938],[-54.557575499999984,-22.977573199999938],[-54.532573799999966,-22.96919829999996],[-54.53222409999995,-22.98648609999998],[-54.51706729999995,-22.991734399999928],[-54.52292679999994,-23.000382599999966],[-54.511059099999954,-23.015216899999928],[-54.47364129999994,-23.04003339999997],[-54.47797989999998,-23.06327049999993],[-54.498112299999946,-23.07401589999995],[-54.52190849999994,-23.11227249999996],[-54.55900719999994,-23.126504799999964],[-54.59056599999997,-23.15602249999995],[-54.63416539999997,-23.163766899999928],[-54.65480439999993,-23.186107599999957],[-54.66189159999993,-23.214900799999953],[-54.653075599999966,-23.263882899999942],[-54.643503099999975,-23.274779999999964],[-54.67208279999994,-23.311324299999967],[-54.707087299999955,-23.286890599999936],[-54.731852799999956,-23.293685899999957],[-54.77178489999994,-23.290682699999934],[-54.789689899999985,-23.306014199999936],[-54.81585779999995,-23.30708539999995],[-54.84019969999997,-23.357496099999935],[-54.83675909999994,-23.387712499999964],[-54.86460619999997,-23.40888239999998],[-54.88268899999997,-23.44113889999994],[-54.84236219999997,-23.474754399999938],[-54.84317839999994,-23.49208589999995],[-54.81365409999995,-23.547550099999967],[-54.881500399999936,-23.550187999999935],[-54.92163679999993,-23.566772399999934],[-54.968794299999956,-23.542473599999937],[-55.02045769999995,-23.496821099999977],[-55.08837459999995,-23.47111769999998],[-55.109337299999936,-23.439386399999933],[-55.14546649999994,-23.409495999999933],[-55.15724329999995,-23.363553599999932]]]}},{"id":"5106","type":"Feature","properties":{"COD_IBGE":"5000708","MUNICIPIO":"Anastácio","UF":"MS"},"geometry":{"type":"Polygon","coordinates":[[[-55.886987799999986,-20.80475249999995],[-55.938462399999935,-20.821689599999956],[-55.96793429999997,-20.81967009999994],[-56.004962699999965,-20.805476099999964],[-56.00169329999994,-20.792005099999983],[-56.01030509999998,-20.793286099999932],[-56.01197099999996,-20.786819999999977],[-56.00735049999997,-20.77559839999998],[-56.02381249999996,-20.772640799999976],[-56.02963689999996,-20.78587099999993],[-56.039856499999985,-20.766032999999936],[-56.05552789999996,-20.761054799999954],[-56.06627629999997,-20.76923809999994],[-56.074161999999944,-20.762544299999945],[-56.08945989999995,-20.766155099999935],[-56.106811799999946,-20.73995629999996],[-56.11765109999993,-20.74095079999995],[-56.11633249999994,-20.727762799999937],[-56.134505099999956,-20.724379599999963],[-56.12813159999996,-20.71065909999993],[-56.14086299999997,-20.691772399999934],[-56.12983589999993,-20.682748299999957],[-56.164286999999945,-20.66400249999998],[-56.147106099999974,-20.650855199999967],[-56.15481669999997,-20.640400799999952],[-56.14974989999996,-20.624960699999974],[-56.15845799999994,-20.620237199999963],[-56.14020119999998,-20.620087299999966],[-56.12876649999998,-20.60639169999996],[-56.13941229999995,-20.54537789999995],[-56.13375559999997,-20.500310299999967],[-56.14459169999998,-20.494190299999957],[-56.14982059999994,-20.45373189999998],[-56.18056949999993,-20.44463899999994],[-56.17925629999996,-20.431855199999973],[-56.10195909999993,-20.418984299999977],[-55.83277709999999,-20.460407699999962],[-55.82846089999998,-20.47190379999995],[-55.80910559999995,-20.468941799999982],[-55.77661569999998,-20.493936899999937],[-55.68662469999998,-20.482742799999983],[-55.67921659999996,-20.47508339999996],[-55.66621849999996,-20.48503759999994],[-55.654156599999965,-20.48814429999993],[-55.64486939999995,-20.481327299999975],[-55.62147609999994,-20.49886749999996],[-55.60965199999998,-20.49664789999997],[-55.60267189999996,-20.519001599999967],[-55.58562399999994,-20.51057629999997],[-55.574321699999985,-20.520959699999935],[-55.58098129999996,-20.54007329999996],[-55.56708189999995,-20.544730999999956],[-55.578245299999935,-20.554794999999956],[-55.585785999999985,-20.608003399999973],[-55.580337199999974,-20.62669989999995],[-55.55607949999995,-20.64285659999996],[-55.562567599999966,-20.657897699999978],[-55.54979389999994,-20.672188199999937],[-55.55255209999996,-20.68441619999993],[-55.532551799999965,-20.70409129999996],[-55.527219799999955,-20.700983899999983],[-55.52716449999997,-20.74039259999995],[-55.47068969999998,-20.768893599999956],[-55.46374899999995,-20.79571459999994],[-55.44898059999997,-20.808592999999973],[-55.450486799999965,-20.826733299999944],[-55.412796999999955,-20.845647699999972],[-55.41867789999998,-20.86317719999994],[-55.40813349999996,-20.86879449999998],[-55.39446009999995,-20.896502299999952],[-55.40028849999993,-20.91231659999994],[-55.38733739999998,-20.928367399999956],[-55.36795969999997,-20.931411699999956],[-55.37149169999998,-20.95762529999996],[-55.355764799999974,-20.966130499999963],[-55.34050499999995,-20.985042999999962],[-55.34395959999995,-20.992659499999945],[-55.32220019999994,-21.007281899999953],[-55.307552499999986,-21.03951909999995],[-55.319024199999944,-21.05090649999994],[-55.36246939999995,-21.03442979999994],[-55.425073399999974,-21.05695359999993],[-55.442912699999965,-21.035748099999978],[-55.45463579999995,-21.03523439999998],[-55.47329999999994,-21.019412199999977],[-55.48879889999995,-21.020882299999982],[-55.51138709999998,-20.995894199999952],[-55.57036929999998,-20.99082549999997],[-55.58455989999993,-20.997538799999973],[-55.59126709999998,-20.985697499999958],[-55.62094939999997,-20.975276699999938],[-55.65083119999997,-20.936863199999948],[-55.68652799999995,-20.91790569999995],[-55.69353109999997,-20.87215699999996],[-55.71134609999996,-20.846242399999937],[-55.706453099999976,-20.835118299999976],[-55.72620919999997,-20.824737699999957],[-55.71841249999994,-20.797274399999935],[-55.73973889999996,-20.763290599999948],[-55.754562299999975,-20.75454439999993],[-55.77770199999998,-20.76386519999994],[-55.78839319999997,-20.74739509999995],[-55.84556639999994,-20.733350799999982],[-55.84571189999997,-20.75500809999994],[-55.87106609999995,-20.775805999999932],[-55.87097049999994,-20.78626639999993],[-55.886987799999986,-20.80475249999995]]]}},{"id":"5107","type":"Feature","properties":{"COD_IBGE":"5000807","MUNICIPIO":"Anaurilândia","UF":"MS"},"geometry":{"type":"Polygon","coordinates":[[[-52.94819159999997,-22.473351999999977],[-53.00214299999993,-22.424773899999934],[-52.98799569999994,-22.421613699999966],[-53.002319099999966,-22.36015089999995],[-53.03968229999998,-22.311636799999974],[-53.047573599999964,-22.26717469999994],[-53.109202299999936,-22.141255799999954],[-53.11300939999995,-22.103387599999962],[-53.10671339999993,-22.074617099999955],[-53.11598209999994,-22.011863199999937],[-53.13438309999998,-21.974871099999973],[-53.14974499999994,-21.97445399999998],[-53.07152999999994,-21.83823119999994],[-53.030839999999955,-21.855403699999954],[-52.96114079999995,-21.860382999999956],[-52.871064899999965,-21.879815099999973],[-52.63378559999995,-21.83212279999998],[-52.60824319999995,-21.91646019999996],[-52.572396599999934,-21.948341899999946],[-52.52171889999994,-21.98018469999994],[-52.49746309999995,-22.006158599999935],[-52.468997299999955,-22.014437699999974],[-52.44760839999998,-22.035582999999974],[-52.40209289999996,-22.028119499999946],[-52.377491599999985,-22.037387099999933],[-52.36951389999996,-22.064412999999945],[-52.39311349999997,-22.100243399999954],[-52.39190639999998,-22.114678899999944],[-52.40818829999995,-22.14163519999994],[-52.47996569999998,-22.200881799999934],[-52.487714299999936,-22.217205999999976],[-52.57918719999998,-22.25195279999997],[-52.65027649999996,-22.30100099999993],[-52.69513409999996,-22.31461059999998],[-52.74583499999994,-22.343312999999966],[-52.79833089999994,-22.378273399999955],[-52.857842699999935,-22.441482699999938],[-52.94819159999997,-22.473351999999977]]]}},{"id":"5108","type":"Feature","properties":{"COD_IBGE":"5000856","MUNICIPIO":"Angélica","UF":"MS"},"geometry":{"type":"Polygon","coordinates":[[[-53.84326969999995,-22.208567399999936],[-53.898740299999986,-22.198913499999946],[-53.93080459999993,-22.164758699999936],[-53.958898999999974,-22.16142949999994],[-53.97733939999995,-22.148277399999927],[-53.997482299999945,-22.158020799999974],[-54.00876759999994,-22.153493999999966],[-53.99386359999994,-22.119972599999983],[-54.08721869999994,-22.08330239999998],[-54.09215409999996,-22.067307899999946],[-54.085288299999945,-22.03013619999996],[-54.09304439999994,-21.98580759999993],[-54.13240519999994,-21.930147199999965],[-54.10036489999993,-21.912855499999978],[-54.076989399999945,-21.92937089999998],[-54.06829849999997,-21.914823199999944],[-54.07815569999997,-21.906769699999927],[-54.02664639999995,-21.896604399999944],[-54.001557599999956,-21.908160799999962],[-53.99024939999998,-21.900680199999954],[-53.97256199999998,-21.911008299999935],[-53.962851599999965,-21.895762799999943],[-53.95177549999994,-21.91123289999996],[-53.96044889999996,-21.91996219999993],[-53.95545629999998,-21.92336359999996],[-53.938630399999965,-21.909627899999975],[-53.942341899999974,-21.89701119999995],[-53.91445559999994,-21.89803089999998],[-53.90362049999993,-21.91086759999996],[-53.89211999999998,-21.90648049999993],[-53.896371999999985,-21.87912019999993],[-53.88011799999998,-21.882456299999944],[-53.872761099999934,-21.897821299999976],[-53.84820599999995,-21.902730799999972],[-53.83547569999996,-21.897265799999957],[-53.81208549999997,-21.92000919999998],[-53.79667909999995,-21.912390399999936],[-53.79000439999999,-21.942354699999953],[-53.760317999999984,-21.96040839999995],[-53.76590689999995,-21.993706799999927],[-53.73580899999996,-21.987025699999947],[-53.73370339999997,-22.001124999999945],[-53.749913299999946,-22.008041399999968],[-53.687197399999945,-22.03962329999996],[-53.69265749999994,-22.05461939999998],[-53.67307129999995,-22.073784699999976],[-53.66340799999995,-22.111675499999933],[-53.62628399999994,-22.12301949999994],[-53.624251399999935,-22.143537399999957],[-53.59613239999993,-22.147727799999927],[-53.585945299999935,-22.158465399999955],[-53.59478789999997,-22.174133299999937],[-53.58828639999996,-22.194921299999976],[-53.607343199999946,-22.189783399999953],[-53.62158939999995,-22.204244399999936],[-53.684881099999984,-22.231555899999933],[-53.77837059999996,-22.236580999999944],[-53.84326969999995,-22.208567399999936]]]}},{"id":"5109","type":"Feature","properties":{"COD_IBGE":"5000906","MUNICIPIO":"Antônio João","UF":"MS"},"geometry":{"type":"Polygon","coordinates":[[[-56.005079999999964,-22.29420259999995],[-56.06108249999994,-22.275550099999975],[-56.06942609999999,-22.286723499999937],[-56.09268069999996,-22.285642499999938],[-56.117857699999945,-22.27033629999994],[-56.128969799999936,-22.274985899999933],[-56.13059089999996,-22.284204899999963],[-56.16069289999996,-22.282073499999967],[-56.165732599999956,-22.28830729999993],[-56.17438099999998,-22.279156399999977],[-56.18894339999997,-22.28191759999993],[-56.193284999999946,-22.27100969999998],[-56.20907509999995,-22.27820669999994],[-56.23356409999997,-22.255949899999962],[-56.23745919999993,-22.236622499999953],[-56.27632079999995,-22.236797099999933],[-56.299424999999985,-22.217459799999972],[-56.31659959999996,-22.218392499999936],[-56.34624919999993,-22.187961299999927],[-56.34586049999996,-22.179435599999977],[-56.33170899999993,-22.175130299999978],[-56.311173199999985,-22.189009599999963],[-56.28981349999998,-22.161007299999937],[-56.25857909999996,-22.162633699999958],[-56.233475399999975,-22.17455719999998],[-56.203475899999944,-22.173491699999943],[-56.20207889999995,-22.10621699999996],[-56.133878599999946,-22.11287219999997],[-56.112966599999936,-22.127496699999938],[-56.105906499999946,-22.114977799999963],[-56.09513059999995,-22.12025979999993],[-56.07979349999994,-22.08908759999997],[-56.07013299999994,-22.093876699999953],[-56.06928879999998,-22.10915179999995],[-56.058213499999965,-22.10692259999996],[-56.05640009999996,-22.115857499999947],[-56.04761739999998,-22.113459399999954],[-56.024255299999936,-22.131143899999927],[-56.04755449999993,-22.09328899999997],[-56.017312199999935,-22.09358359999993],[-56.009560299999976,-22.076554199999975],[-56.01795119999997,-22.062170399999957],[-56.00843949999995,-22.05743999999993],[-55.998735099999976,-22.075822899999935],[-55.97088009999993,-22.09850229999995],[-55.96203289999994,-22.092651399999966],[-55.93953289999996,-22.095994599999983],[-55.87720529999996,-22.149641799999927],[-55.837729999999965,-22.139967999999953],[-55.81564369999995,-22.152116199999966],[-55.79370679999994,-22.150093599999934],[-55.77285469999998,-22.141784799999982],[-55.77329659999998,-22.13090049999994],[-55.754740399999946,-22.115027099999963],[-55.747014399999955,-22.123590499999978],[-55.723080599999946,-22.118087699999933],[-55.71623139999997,-22.12307409999994],[-55.71074139999996,-22.11471729999994],[-55.69744829999996,-22.125846199999955],[-55.695244499999944,-22.139367999999934],[-55.689728199999934,-22.130103899999938],[-55.68032039999997,-22.13105479999996],[-55.686624999999935,-22.12403359999996],[-55.681935399999986,-22.11977539999998],[-55.67475609999997,-22.11743819999998],[-55.67263379999997,-22.127406399999927],[-55.661315499999944,-22.12145899999996],[-55.66337669999996,-22.11232259999997],[-55.64517429999995,-22.119569299999966],[-55.64553549999994,-22.13411469999994],[-55.639344999999935,-22.131051999999954],[-55.64285759999996,-22.137202499999944],[-55.651056799999935,-22.13336959999998],[-55.66620309999996,-22.141199899999947],[-55.658515499999965,-22.148047599999927],[-55.66751659999994,-22.156501099999957],[-55.65824539999994,-22.162193899999977],[-55.66957019999995,-22.161981399999945],[-55.67111459999995,-22.170235299999945],[-55.69247909999996,-22.180623599999933],[-55.68380939999997,-22.188953699999956],[-55.68866839999998,-22.203569499999958],[-55.69854719999995,-22.201835699999947],[-55.712940999999944,-22.226918299999966],[-55.70459809999994,-22.23575889999995],[-55.71170909999995,-22.236682799999983],[-55.70634689999997,-22.249465099999952],[-55.72082489999997,-22.257952599999953],[-55.73087129999993,-22.276656899999978],[-55.74672959999998,-22.28200019999997],[-55.759415099999956,-22.322836999999936],[-55.74803119999996,-22.34563179999998],[-55.76671219999997,-22.384207199999935],[-55.79109269999998,-22.388420699999983],[-55.803711599999986,-22.37224299999997],[-55.80085529999997,-22.355304199999978],[-55.82426749999996,-22.340637499999957],[-55.83911489999997,-22.30151669999998],[-55.83530179999997,-22.296062499999948],[-55.853263099999936,-22.280302999999947],[-55.90181199999995,-22.28518189999994],[-55.92912009999998,-22.278543599999978],[-55.94599819999996,-22.283583299999975],[-55.94954809999996,-22.293129799999974],[-55.96983389999997,-22.292214999999942],[-55.98098089999996,-22.278717399999948],[-56.00031309999997,-22.283953999999937],[-56.005079999999964,-22.29420259999995]]]}},{"id":"5110","type":"Feature","properties":{"COD_IBGE":"5001003","MUNICIPIO":"Aparecida do Taboado","UF":"MS"},"geometry":{"type":"Polygon","coordinates":[[[-51.11516409999996,-19.819287299999928],[-51.067787599999974,-19.814052299999958],[-51.038144399999965,-19.789568199999962],[-51.02362889999995,-19.803945599999963],[-51.01930689999995,-19.870450199999937],[-50.99947129999998,-19.906375499999967],[-51.02114889999996,-19.96402829999994],[-51.00480709999994,-19.999217099999953],[-51.00603649999994,-20.02529979999997],[-51.01788839999995,-20.048392499999977],[-51.00047499999994,-20.085384399999953],[-51.065390099999945,-20.245537799999966],[-51.13696829999998,-20.297462199999927],[-51.295684499999936,-20.328482099999974],[-51.34354689999998,-20.35563499999995],[-51.36248399999994,-20.32026639999998],[-51.41664569999995,-20.291838299999938],[-51.45252849999997,-20.257321299999944],[-51.50172479999998,-20.240642899999955],[-51.562351999999976,-20.189026599999977],[-51.58138999999994,-20.158183299999962],[-51.596587099999965,-20.152611699999966],[-51.624001599999986,-20.120536999999956],[-51.628285999999946,-20.101500399999964],[-51.65217709999996,-20.087359499999934],[-51.66909889999994,-20.059903599999927],[-51.68914539999997,-20.046444899999926],[-51.67651479999995,-20.012443899999937],[-51.64221699999996,-19.99503919999995],[-51.638723099999936,-19.982824199999982],[-51.55670889999993,-19.965747499999964],[-51.468205799999964,-19.96292349999993],[-51.42954219999996,-19.931249999999977],[-51.41968049999997,-19.907238199999938],[-51.395712499999945,-19.902134099999955],[-51.36119739999998,-19.863581799999963],[-51.33725339999995,-19.865298999999936],[-51.316818799999965,-19.84635499999996],[-51.30028919999995,-19.854599399999927],[-51.273533999999984,-19.84811629999996],[-51.234108599999956,-19.863012699999956],[-51.19096489999998,-19.855504699999926],[-51.17281379999997,-19.86662309999997],[-51.152948299999935,-19.857616099999973],[-51.13672909999997,-19.83140929999996],[-51.11516409999996,-19.819287299999928]]]}},{"id":"5111","type":"Feature","properties":{"COD_IBGE":"5001102","MUNICIPIO":"Aquidauana","UF":"MS"},"geometry":{"type":"Polygon","coordinates":[[[-55.77661569999998,-20.493936899999937],[-55.80959409999997,-20.46876869999994],[-55.82846089999998,-20.47190379999995],[-55.83277709999999,-20.460407699999962],[-56.10195909999993,-20.418984299999977],[-56.10715829999998,-20.37711409999997],[-56.13264959999998,-20.35492199999993],[-56.148392299999955,-20.360037699999964],[-56.14808259999995,-20.349044799999945],[-56.16421029999998,-20.329275199999927],[-56.192204699999934,-20.33043989999993],[-56.19888439999994,-20.308105299999966],[-56.22688069999998,-20.291176999999948],[-56.227538899999956,-20.27297729999998],[-56.23828699999996,-20.263295699999958],[-56.22325939999996,-20.247464099999945],[-56.23895089999996,-20.19602509999993],[-56.21601519999996,-20.17414599999995],[-56.24987439999995,-20.107451099999935],[-56.24352279999994,-20.08765189999997],[-56.253312999999935,-20.05159619999995],[-56.25321439999993,-20.006828999999982],[-56.26070009999995,-19.98801949999995],[-56.28922679999994,-19.977851399999963],[-56.32192599999996,-19.92742089999996],[-56.350221799999986,-19.927313999999967],[-56.36561389999997,-19.906482299999936],[-56.39239299999997,-19.893874799999935],[-56.39914369999997,-19.878794099999936],[-56.43137409999997,-19.869199999999978],[-56.49573429999998,-19.816640199999938],[-56.57467989999998,-19.814528799999948],[-56.630487399999936,-19.833846299999948],[-56.63845599999996,-19.812391699999978],[-56.64933089999994,-19.80630869999993],[-56.647107999999946,-19.78250209999993],[-56.67531079999998,-19.779385599999955],[-56.67741979999994,-19.772110699999928],[-56.68923939999996,-19.774459899999954],[-56.69820269999997,-19.765945599999952],[-56.70876519999996,-19.767737199999942],[-56.71362399999998,-19.784854399999972],[-56.724953599999935,-19.781169699999964],[-56.73349159999998,-19.794134499999927],[-56.73904849999997,-19.776580299999978],[-56.754713799999934,-19.77411399999994],[-56.781709699999965,-19.79787719999996],[-56.795480699999985,-19.78630979999997],[-56.80212579999994,-19.791829099999973],[-56.826300799999956,-19.776285899999948],[-56.82955449999997,-19.75687309999995],[-56.841705899999965,-19.748041099999966],[-56.84586139999993,-19.75211369999994],[-56.84995719999995,-19.732403699999963],[-56.85845679999994,-19.73606189999998],[-56.84747669999996,-19.72760429999994],[-56.85516739999997,-19.71694789999998],[-56.871366199999954,-19.709667199999956],[-56.875639699999965,-19.72019709999995],[-56.880687499999965,-19.704749799999945],[-56.874521399999935,-19.698909199999946],[-56.88945879999994,-19.700715599999967],[-56.89860779999998,-19.68290109999998],[-56.91242059999996,-19.69271649999996],[-56.93829329999994,-19.686225099999945],[-56.938736999999946,-19.695955599999934],[-56.94115879999998,-19.68902399999996],[-56.95929119999994,-19.693276399999945],[-56.96536949999995,-19.68394109999997],[-56.95902929999994,-19.68069429999997],[-56.99412629999995,-19.68526429999997],[-57.00011869999997,-19.666754599999933],[-56.99499319999995,-19.657524399999943],[-56.98622799999998,-19.66028579999994],[-56.99044049999998,-19.651345799999945],[-56.983592199999975,-19.644332799999972],[-56.99390119999998,-19.63316939999993],[-56.98804519999993,-19.620397899999944],[-56.999638999999945,-19.616447499999936],[-56.97911879999998,-19.609712099999967],[-56.96357189999998,-19.62349759999995],[-56.90350159999997,-19.60998969999997],[-56.883370499999955,-19.622961999999973],[-56.87585779999995,-19.61663139999996],[-56.86613459999995,-19.620312799999965],[-56.85178089999994,-19.605789699999946],[-56.618880599999954,-19.513636299999973],[-56.58019439999998,-19.277413399999944],[-55.97312169999998,-19.27890469999994],[-55.97175499999997,-19.465945699999963],[-55.94952749999993,-19.465615299999968],[-55.938031699999954,-19.44076769999998],[-55.92592579999996,-19.437120999999934],[-55.91952459999993,-19.422129199999972],[-55.89833039999996,-19.416430099999957],[-55.88945989999996,-19.390978899999936],[-55.860392099999956,-19.371337799999935],[-55.85161429999994,-19.352749099999983],[-55.83629629999996,-19.350740299999927],[-55.82565859999994,-19.338287099999945],[-55.81936859999996,-19.321591099999978],[-55.82282529999998,-19.285749899999928],[-55.79003919999997,-19.257286199999953],[-55.76497819999997,-19.192495599999972],[-55.73770159999998,-19.16237579999995],[-55.72608239999994,-19.127235499999927],[-55.70919599999996,-19.110712699999965],[-55.700373999999954,-19.08646959999993],[-55.66836089999998,-19.057674599999928],[-55.65371899999997,-19.054821699999934],[-55.631484299999954,-19.026332199999956],[-55.55786109999997,-18.972915799999953],[-55.52794209999996,-18.940359399999977],[-55.39900289999997,-18.582093699999973],[-55.464948799999945,-19.218648499999972],[-55.43370609999994,-19.23649409999996],[-55.42203509999996,-19.25775059999995],[-55.40006559999995,-19.26558579999994],[-55.379994599999975,-19.257693399999937],[-55.35191099999997,-19.264304399999958],[-55.35134799999997,-19.25051869999993],[-55.32936689999997,-19.23744259999995],[-55.309807399999954,-19.245471299999963],[-55.304368299999965,-19.257929399999966],[-55.27672819999998,-19.24893929999996],[-55.25135179999995,-19.25079359999995],[-55.22295849999995,-19.284979999999962],[-55.21761819999995,-19.27949629999995],[-55.200901199999976,-19.28802969999998],[-55.169984599999964,-19.33334489999993],[-55.13702179999996,-19.346269099999972],[-55.120820899999956,-19.339051499999982],[-55.11432139999994,-19.326674899999944],[-55.10154159999996,-19.331879799999967],[-55.12401169999998,-19.352960199999927],[-55.111905099999944,-19.369942899999955],[-55.14920099999995,-19.386335199999962],[-55.16347779999995,-19.403466999999978],[-55.18748889999995,-19.40422159999997],[-55.203930999999955,-19.41675719999995],[-55.206520499999954,-19.441250799999978],[-55.22137989999993,-19.463891399999966],[-55.22263259999994,-19.48969059999996],[-55.23993079999997,-19.500666299999978],[-55.26593969999993,-19.585783499999934],[-55.28845719999998,-19.607392299999958],[-55.285036299999945,-19.61806789999997],[-55.30576549999995,-19.67266879999994],[-55.32170279999997,-19.686960899999974],[-55.32203259999994,-19.70098399999995],[-55.34701819999998,-19.738551799999982],[-55.34659469999997,-19.76073569999994],[-55.382357999999954,-19.779811199999926],[-55.37808009999998,-19.787479099999928],[-55.39460939999998,-19.80149739999996],[-55.39162419999997,-19.820048799999938],[-55.378609799999936,-19.84978659999996],[-55.33675999999997,-19.88204529999996],[-55.33070219999996,-19.93029919999998],[-55.30913749999996,-19.949929099999963],[-55.32337239999998,-19.972259899999926],[-55.31695709999997,-19.988222099999973],[-55.28515569999996,-19.990382299999965],[-55.26799809999994,-20.000597599999935],[-55.25161659999998,-19.982849399999964],[-55.22999129999994,-19.985618899999963],[-55.22239779999995,-19.978996999999936],[-55.19972229999996,-19.994128299999943],[-55.17966679999995,-19.99275629999994],[-55.139674799999966,-19.971797099999947],[-55.13925089999998,-19.98631389999997],[-55.12860809999995,-19.999142399999982],[-55.11112039999995,-20.005007999999975],[-55.09778719999997,-20.021077399999967],[-55.09638679999995,-20.04559779999994],[-55.06385119999993,-20.109022599999946],[-55.06548559999993,-20.127214699999968],[-55.08042829999994,-20.13622209999994],[-55.080452899999955,-20.151922799999966],[-55.087742799999944,-20.155719999999974],[-55.10583349999996,-20.14882259999996],[-55.132869599999935,-20.156631999999945],[-55.13537869999993,-20.144676999999945],[-55.146986599999934,-20.147910099999933],[-55.20134319999994,-20.177955099999963],[-55.20120519999995,-20.189960999999983],[-55.21737639999998,-20.187720799999965],[-55.21687099999997,-20.201163099999974],[-55.22982129999997,-20.202318099999957],[-55.24590209999997,-20.226366799999937],[-55.33160219999996,-20.17148009999994],[-55.33705409999993,-20.159553999999957],[-55.357986299999936,-20.174901199999965],[-55.39425689999996,-20.175854999999956],[-55.411870599999986,-20.168630399999927],[-55.41159269999997,-20.154909999999973],[-55.42447129999994,-20.14558999999997],[-55.44267589999998,-20.155372899999975],[-55.44971639999994,-20.149364099999957],[-55.44644939999995,-20.141174899999953],[-55.471612499999935,-20.15082239999998],[-55.482089299999984,-20.14563309999994],[-55.486309699999936,-20.16733499999998],[-55.51351779999993,-20.209900199999936],[-55.51372669999995,-20.218811899999935],[-55.502143399999966,-20.227367399999935],[-55.521951299999955,-20.24587349999996],[-55.51619469999997,-20.282321999999965],[-55.48601839999998,-20.301822899999934],[-55.47552689999998,-20.299643599999968],[-55.47079569999994,-20.30637969999998],[-55.45923009999996,-20.29995109999993],[-55.45155579999994,-20.308531199999948],[-55.46070529999997,-20.35408689999997],[-55.44535579999996,-20.387591199999974],[-55.44539999999995,-20.415448099999935],[-55.45003839999998,-20.438414399999942],[-55.459297299999946,-20.44032009999995],[-55.44989629999998,-20.448824299999956],[-55.463629899999944,-20.47624399999995],[-55.47728489999997,-20.457996899999955],[-55.48418769999995,-20.468475799999965],[-55.50489859999993,-20.456277899999975],[-55.553088799999955,-20.508728599999927],[-55.56478729999998,-20.509220099999936],[-55.56704959999996,-20.492807999999968],[-55.60228029999996,-20.519064299999968],[-55.60965199999998,-20.49664789999997],[-55.62147609999994,-20.49886749999996],[-55.64486939999995,-20.481327299999975],[-55.654156599999965,-20.48814429999993],[-55.66621849999996,-20.48503759999994],[-55.67921659999996,-20.47508339999996],[-55.68662469999998,-20.482742799999983],[-55.752742499999954,-20.491885999999965],[-55.769039099999986,-20.488175399999932],[-55.77661569999998,-20.493936899999937]]]}},{"id":"5112","type":"Feature","properties":{"COD_IBGE":"5001243","MUNICIPIO":"Aral Moreira","UF":"MS"},"geometry":{"type":"Polygon","coordinates":[[[-55.64758389999997,-22.949865399999965],[-55.65096639999996,-22.88728549999996],[-55.66121839999994,-22.88218799999993],[-55.665854699999954,-22.85246209999997],[-55.64917049999997,-22.80162219999994],[-55.65232579999997,-22.79229479999998],[-55.63527529999993,-22.770290199999977],[-55.618033399999945,-22.767533299999968],[-55.62661389999994,-22.757632499999943],[-55.613058699999954,-22.73894359999997],[-55.613607499999944,-22.692813399999977],[-55.573779299999956,-22.72358749999995],[-55.555194599999936,-22.75052139999997],[-55.52535179999995,-22.76543429999998],[-55.51773959999997,-22.74946749999998],[-55.52042329999995,-22.72071399999993],[-55.50209829999994,-22.72301559999994],[-55.45861309999998,-22.69568929999997],[-55.43133359999996,-22.69373459999997],[-55.423636199999976,-22.701751199999933],[-55.41262919999997,-22.691521299999977],[-55.39548509999997,-22.69071169999995],[-55.38248349999998,-22.696642399999973],[-55.38171969999996,-22.70851369999997],[-55.36201969999996,-22.70407259999996],[-55.35097519999994,-22.708239099999957],[-55.35332999999997,-22.716216199999963],[-55.339118499999984,-22.71566459999997],[-55.34313579999997,-22.727133899999956],[-55.32008949999994,-22.724581399999977],[-55.31724499999996,-22.730884299999957],[-55.310929699999974,-22.72492559999995],[-55.309411599999976,-22.75470919999998],[-55.28714599999995,-22.76158929999997],[-55.28617669999994,-22.776233799999943],[-55.26635659999994,-22.78528549999993],[-55.27046539999998,-22.79160449999995],[-55.255727699999966,-22.811743199999967],[-55.23409659999999,-22.805686999999978],[-55.245061599999985,-22.825999299999978],[-55.23718919999993,-22.843232599999965],[-55.219064499999945,-22.847302599999978],[-55.21508189999997,-22.86208799999997],[-55.20176079999993,-22.859566899999948],[-55.19652279999997,-22.87289839999994],[-55.16591119999998,-22.882295299999953],[-55.162678599999936,-22.91232629999996],[-55.13110969999997,-22.92063059999998],[-55.12521289999995,-22.905373099999963],[-55.10499859999993,-22.892469499999947],[-55.096723199999985,-22.903086299999927],[-55.07715069999995,-22.894826299999977],[-55.06407079999997,-22.910495499999968],[-55.073994599999935,-22.912595499999952],[-55.06898179999996,-22.92533199999997],[-55.08119039999997,-22.931808199999978],[-55.10615379999996,-22.93357229999998],[-55.113724899999966,-22.927061699999967],[-55.15340179999998,-22.94247569999993],[-55.16283069999997,-22.93090879999994],[-55.18106789999996,-22.927278599999966],[-55.19638409999993,-22.93114479999997],[-55.20137159999996,-22.943231399999945],[-55.25363029999994,-22.949729899999966],[-55.26363709999998,-22.963377599999944],[-55.28474639999996,-22.95907559999995],[-55.29663649999998,-22.969903399999964],[-55.30126739999997,-22.99291009999996],[-55.309450099999935,-22.986710999999957],[-55.31563149999994,-22.99433819999996],[-55.33748779999996,-22.98889809999997],[-55.36564159999995,-23.01154429999997],[-55.378625599999964,-23.013066599999945],[-55.37869319999999,-23.02134149999995],[-55.39240849999993,-23.02140509999998],[-55.392759299999966,-23.027062799999953],[-55.402308199999936,-23.022444999999948],[-55.41331479999997,-23.038836799999956],[-55.42489949999998,-23.04140129999996],[-55.41966889999998,-23.04676569999998],[-55.429376899999966,-23.06474359999993],[-55.42074719999994,-23.074774699999978],[-55.47922809999994,-23.128714099999968],[-55.49615759999995,-23.165000599999928],[-55.49336539999996,-23.200516299999947],[-55.52004419999997,-23.239825999999937],[-55.530139599999984,-23.243539599999963],[-55.53909919999995,-23.241198899999972],[-55.546196399999985,-23.220196999999928],[-55.53416169999997,-23.216861299999948],[-55.523281199999985,-23.19778699999995],[-55.54309939999996,-23.180787899999928],[-55.541885399999956,-23.156132399999933],[-55.573396299999956,-23.14334329999997],[-55.596781799999974,-23.152597699999944],[-55.59973349999996,-23.10415999999998],[-55.61735919999995,-23.081724599999973],[-55.61131089999998,-23.07683529999997],[-55.61131849999998,-23.047664999999938],[-55.63938929999995,-23.025909199999944],[-55.62844199999995,-22.99832639999994],[-55.63390579999998,-22.991780999999946],[-55.62192739999995,-22.984494299999938],[-55.63682759999995,-22.964789399999972],[-55.63458019999996,-22.95512679999996],[-55.64758389999997,-22.949865399999965]]]}},{"id":"5113","type":"Feature","properties":{"COD_IBGE":"5001508","MUNICIPIO":"Bandeirantes","UF":"MS"},"geometry":{"type":"Polygon","coordinates":[[[-54.46042209999996,-19.881151199999977],[-54.47913479999994,-19.879859499999952],[-54.49418829999996,-19.86590709999996],[-54.51210949999995,-19.873822099999927],[-54.58339569999998,-19.868724699999973],[-54.61388999999997,-19.88202979999994],[-54.634992299999965,-19.876445599999954],[-54.65745059999995,-19.75752549999993],[-54.67834499999998,-19.76160969999995],[-54.68020699999994,-19.752935399999956],[-54.70454129999996,-19.779722599999957],[-54.704140999999936,-19.772356499999944],[-54.73411149999998,-19.77439549999997],[-54.73283959999998,-19.724432099999945],[-54.72594849999996,-19.71287559999996],[-54.733731199999966,-19.70429889999997],[-54.73008779999998,-19.689617399999975],[-54.74465249999997,-19.67745179999997],[-54.76100479999997,-19.62843179999993],[-54.73691949999994,-19.623437399999943],[-54.73453319999999,-19.608325199999967],[-54.71133299999997,-19.591367799999944],[-54.66846409999994,-19.595319099999926],[-54.63916359999996,-19.578002599999934],[-54.627430499999946,-19.56056099999995],[-54.58899939999998,-19.564731499999937],[-54.551205299999936,-19.531324299999937],[-54.51288949999997,-19.53783329999993],[-54.503317599999946,-19.558068799999944],[-54.489823299999955,-19.562498199999936],[-54.46911689999996,-19.540133899999944],[-54.45828579999994,-19.54004539999994],[-54.43064769999995,-19.553308999999956],[-54.39896909999993,-19.596124499999974],[-54.358862199999976,-19.598619499999927],[-54.338724999999954,-19.61109829999998],[-54.28731499999998,-19.622134199999948],[-54.198714999999936,-19.614962099999957],[-54.170466199999964,-19.627332999999965],[-54.12914039999998,-19.66159669999996],[-54.09632879999998,-19.660232699999938],[-54.06523249999998,-19.63421919999996],[-54.02216819999995,-19.632945699999937],[-54.00871159999997,-19.66910889999997],[-53.992907299999956,-19.685944499999948],[-53.999263499999984,-19.70276329999996],[-53.98780029999995,-19.715380099999948],[-53.99535019999996,-19.729422899999975],[-53.986860899999954,-19.750448399999982],[-53.99192259999995,-19.766556099999946],[-53.97690959999994,-19.785790299999974],[-53.97205269999995,-19.83795129999993],[-53.96310809999994,-19.86154609999994],[-53.94826519999998,-19.86739229999995],[-53.92075449999999,-19.907177099999956],[-53.895568899999944,-19.995150799999976],[-53.95097959999998,-19.99848839999993],[-53.95829839999993,-20.031009499999982],[-53.97613439999998,-20.048093499999936],[-54.05433279999994,-20.069810099999927],[-54.059421199999974,-20.08760479999995],[-54.10004339999995,-20.118092399999966],[-54.12328459999998,-20.10028219999998],[-54.172064199999966,-20.090714099999957],[-54.18426219999998,-20.064418299999943],[-54.22891559999994,-20.03845069999994],[-54.25925639999997,-20.045339699999943],[-54.28934129999993,-20.02806769999995],[-54.31918669999993,-20.03325209999997],[-54.36973219999999,-20.02335949999997],[-54.40912549999996,-20.032314699999972],[-54.393515899999954,-19.99654279999993],[-54.407406299999934,-19.979637399999945],[-54.431379799999945,-19.98755979999993],[-54.44883319999997,-19.980909099999963],[-54.459549799999934,-19.948045099999945],[-54.45172919999993,-19.92658689999996],[-54.46042209999996,-19.881151199999977]]]}},{"id":"5114","type":"Feature","properties":{"COD_IBGE":"5001904","MUNICIPIO":"Bataguassu","UF":"MS"},"geometry":{"type":"Polygon","coordinates":[[[-52.46540699999997,-22.018874299999936],[-52.497999799999945,-22.005790699999977],[-52.60824319999995,-21.91646019999996],[-52.63378559999995,-21.83212279999998],[-52.871064899999965,-21.879815099999973],[-52.96114079999995,-21.860382999999956],[-53.030839999999955,-21.855403699999954],[-53.07605419999993,-21.836976899999968],[-53.080717499999935,-21.798636399999964],[-53.036490999999955,-21.689670699999965],[-53.03938199999993,-21.62246049999993],[-53.01310959999995,-21.618425099999968],[-52.97869819999994,-21.653553899999963],[-52.95201399999996,-21.653370199999927],[-52.93521659999993,-21.66648159999994],[-52.882884599999954,-21.656999499999927],[-52.839846199999954,-21.67298919999996],[-52.81803309999998,-21.66834209999996],[-52.73388609999995,-21.726805399999932],[-52.69245989999996,-21.739570999999955],[-52.66030519999998,-21.722360799999933],[-52.64162569999996,-21.723191199999974],[-52.628604999999936,-21.70823249999995],[-52.539111599999956,-21.712693599999966],[-52.51603629999994,-21.69893899999994],[-52.50662809999994,-21.706440199999975],[-52.48986569999994,-21.688419599999975],[-52.39619389999996,-21.671011299999975],[-52.38510599999995,-21.660221599999943],[-52.33740869999997,-21.63987659999998],[-52.321682099999975,-21.640981299999964],[-52.310337199999935,-21.63121099999995],[-52.290287199999966,-21.64526019999994],[-52.25670629999996,-21.63286729999993],[-52.21384409999996,-21.655699399999946],[-52.17255199999994,-21.706611899999928],[-52.17700279999997,-21.730353799999932],[-52.167281299999956,-21.73619259999998],[-52.17380499999996,-21.744519999999966],[-52.16126179999998,-21.77077369999995],[-52.183984399999986,-21.81446049999994],[-52.19056139999998,-21.846144699999968],[-52.30881189999997,-21.95191959999994],[-52.345434799999964,-22.061975399999938],[-52.37890559999994,-22.108176499999956],[-52.39190639999998,-22.114678899999944],[-52.39646709999994,-22.108758499999965],[-52.36951389999996,-22.064412999999945],[-52.37955119999998,-22.034767899999963],[-52.40209289999996,-22.028119499999946],[-52.44760839999998,-22.035582999999974],[-52.46540699999997,-22.018874299999936]]]}},{"id":"5115","type":"Feature","properties":{"COD_IBGE":"5002001","MUNICIPIO":"Batayporã","UF":"MS"},"geometry":{"type":"Polygon","coordinates":[[[-53.33456289999998,-22.45626729999998],[-53.338953699999934,-22.359297699999956],[-53.35616019999998,-22.333956499999942],[-53.14974499999994,-21.97445399999998],[-53.13438309999998,-21.974871099999973],[-53.11598209999994,-22.011863199999937],[-53.109731599999975,-22.050862999999936],[-53.10889119999996,-22.142126599999983],[-53.047573599999964,-22.26717469999994],[-53.03968229999998,-22.311636799999974],[-53.002319099999966,-22.36015089999995],[-52.98799569999994,-22.421613699999966],[-53.00214299999993,-22.424773899999934],[-52.94819159999997,-22.473351999999977],[-52.98824589999998,-22.486878299999944],[-53.01436119999994,-22.52066579999996],[-53.07380649999993,-22.548857599999963],[-53.107862299999965,-22.59551149999993],[-53.10518719999993,-22.62192959999993],[-53.188890699999945,-22.72194719999993],[-53.327364099999954,-22.76456509999997],[-53.34708239999998,-22.747944299999972],[-53.33190129999997,-22.730400799999927],[-53.29324239999994,-22.723234799999943],[-53.27559949999994,-22.685203299999955],[-53.27455009999994,-22.64940009999998],[-53.280908899999986,-22.642011199999956],[-53.281847599999935,-22.574724699999933],[-53.30820369999998,-22.538335099999983],[-53.31383109999996,-22.49891649999995],[-53.32589319999994,-22.488514899999927],[-53.33456289999998,-22.45626729999998]]]}},{"id":"5116","type":"Feature","properties":{"COD_IBGE":"5002100","MUNICIPIO":"Bela Vista","UF":"MS"},"geometry":{"type":"Polygon","coordinates":[[[-56.63432119999993,-21.561229999999966],[-56.54002079999998,-21.527295699999968],[-56.52807819999998,-21.557460799999944],[-56.52305999999999,-21.606783699999937],[-56.49654499999997,-21.62829039999997],[-56.459105199999954,-21.634214399999962],[-56.45245629999994,-21.62779749999993],[-56.440062499999954,-21.638070599999935],[-56.401692099999934,-21.640875199999982],[-56.392309599999976,-21.631402199999968],[-56.36439649999994,-21.626343599999927],[-56.32143589999998,-21.654722799999945],[-56.282348999999954,-21.665184499999953],[-56.251100399999984,-21.781360199999938],[-56.20424369999995,-21.780486099999962],[-56.17370649999998,-21.79605769999995],[-56.15119809999993,-21.826762599999938],[-56.145946899999956,-21.87341909999998],[-56.11285979999997,-21.871577699999932],[-56.08698059999995,-21.89360249999993],[-56.098793299999954,-21.90270759999993],[-56.084307999999965,-21.906539599999974],[-56.112219299999936,-21.926897399999973],[-56.073134799999934,-21.908086199999957],[-56.06902059999993,-21.918750199999977],[-56.080709799999966,-21.931456499999967],[-56.05926549999998,-21.928952799999934],[-56.06099969999997,-21.93933979999997],[-56.074541299999964,-21.945843699999955],[-56.06130939999997,-21.950094399999955],[-56.059596099999965,-21.954552499999977],[-56.081325499999934,-21.954030299999943],[-56.07504119999999,-21.962247399999967],[-56.08211899999998,-21.96737669999993],[-56.079921999999954,-21.974180799999942],[-56.064471699999956,-21.966573299999936],[-56.06081899999998,-21.98959549999995],[-56.05390349999993,-21.97072449999996],[-56.050811399999986,-21.97774789999994],[-56.046014699999944,-21.97156339999998],[-56.043577099999936,-21.97832429999994],[-56.03628829999997,-21.97571929999998],[-56.04652719999996,-21.99418479999997],[-56.019978599999945,-21.97964929999995],[-56.02006749999998,-21.992009399999972],[-56.039939199999935,-22.00447639999993],[-56.027751799999976,-22.003277099999934],[-56.03320439999993,-22.018623499999933],[-56.043233199999975,-22.02411029999996],[-56.051767799999936,-22.018826899999965],[-56.06025129999995,-22.025567799999976],[-56.04616079999994,-22.036558399999933],[-56.03244929999994,-22.035713699999974],[-56.02287979999994,-22.05013379999997],[-56.01166839999996,-22.047811199999956],[-56.01838969999994,-22.06439469999998],[-56.009560299999976,-22.076554199999975],[-56.017312199999935,-22.09358359999993],[-56.04755449999993,-22.09328899999997],[-56.02310939999995,-22.13045939999995],[-56.04761739999998,-22.113459399999954],[-56.05640009999996,-22.115857499999947],[-56.058213499999965,-22.10692259999996],[-56.06928879999998,-22.10915179999995],[-56.07013299999994,-22.093876699999953],[-56.07979349999994,-22.08908759999997],[-56.09513059999995,-22.12025979999993],[-56.105906499999946,-22.114977799999963],[-56.112966599999936,-22.127496699999938],[-56.133878599999946,-22.11287219999997],[-56.20207889999995,-22.10621699999996],[-56.203475899999944,-22.173491699999943],[-56.233475399999975,-22.17455719999998],[-56.25857909999996,-22.162633699999958],[-56.28981349999998,-22.161007299999937],[-56.30539829999998,-22.186668999999938],[-56.31747879999995,-22.189826099999948],[-56.33170899999993,-22.175130299999978],[-56.348149999999976,-22.180286399999943],[-56.36475479999996,-22.169590599999935],[-56.37383769999997,-22.14996259999998],[-56.36766319999998,-22.13685419999996],[-56.37189179999996,-22.12604159999995],[-56.38444899999996,-22.110397899999953],[-56.38093429999998,-22.104513999999938],[-56.39563819999995,-22.09418809999994],[-56.38877119999995,-22.089853799999958],[-56.393239999999935,-22.074651999999958],[-56.43103279999997,-22.08702619999997],[-56.43832699999996,-22.081054799999947],[-56.44758889999997,-22.08503529999996],[-56.44864559999996,-22.07668979999994],[-56.45369019999998,-22.08493079999994],[-56.47119819999995,-22.07994539999993],[-56.47651899999994,-22.09407239999996],[-56.507453199999986,-22.096258199999966],[-56.525180699999964,-22.120847599999934],[-56.51925849999998,-22.14097659999993],[-56.54002299999996,-22.147162599999945],[-56.53338629999996,-22.159260699999948],[-56.557052099999964,-22.169091399999957],[-56.55151619999998,-22.186081399999978],[-56.55631719999997,-22.196384099999932],[-56.56989539999995,-22.20732499999997],[-56.57996339999994,-22.20398689999996],[-56.59344209999995,-22.21838219999995],[-56.59973759999997,-22.21135019999997],[-56.598904699999935,-22.218517599999927],[-56.609740199999976,-22.221424499999955],[-56.60559209999997,-22.23198169999995],[-56.626899899999955,-22.246411399999943],[-56.64188599999994,-22.243909199999962],[-56.636505099999965,-22.263230499999963],[-56.64174889999998,-22.26506029999996],[-56.65058399999998,-22.25446759999994],[-56.678977499999974,-22.246465599999965],[-56.682424399999945,-22.221501199999977],[-56.703278799999964,-22.217054399999938],[-56.69403219999998,-22.22862759999998],[-56.72039199999995,-22.264888799999937],[-56.74688169999996,-22.235666899999956],[-56.75182739999997,-22.246812999999975],[-56.767066299999954,-22.244213899999977],[-56.76300009999994,-22.251834799999983],[-56.77665589999998,-22.260488799999962],[-56.78833849999995,-22.25353629999995],[-56.78573749999998,-22.241302599999983],[-56.79363689999997,-22.242559899999947],[-56.80587479999997,-22.25759499999998],[-56.80268559999996,-22.283504499999935],[-56.842385899999954,-22.301587799999936],[-56.879858199999944,-22.27770369999996],[-56.875350099999935,-22.26351589999996],[-56.88824669999997,-22.24530599999997],[-56.90553959999994,-22.266627299999982],[-56.926815799999986,-22.24988609999997],[-56.94721089999996,-22.25611109999994],[-56.95909729999994,-22.237983999999983],[-56.98745259999998,-22.242637799999954],[-56.996712499999944,-22.22251739999996],[-57.009772099999964,-22.235810699999945],[-57.01877959999996,-22.231265399999927],[-57.046516699999984,-22.24195169999996],[-57.04928929999994,-22.224272799999937],[-57.038977699999975,-22.22031279999993],[-57.036497699999984,-22.200832799999944],[-57.02796969999997,-22.195979199999954],[-57.04243759999997,-22.16228929999994],[-57.03784429999996,-22.14943999999997],[-56.994796399999984,-22.13616959999996],[-57.00493049999994,-22.129601399999956],[-56.99923169999994,-22.115202799999963],[-57.016650599999934,-22.11690649999997],[-57.01322989999994,-22.10395019999993],[-57.028161299999965,-22.101513999999952],[-57.02499519999998,-22.094313599999964],[-57.003740999999934,-22.092147299999965],[-57.00063499999993,-22.080842399999938],[-56.98687439999998,-22.07590529999993],[-56.990342199999986,-22.080860799999982],[-56.97917119999994,-22.093275699999936],[-56.96109659999996,-22.07600249999996],[-56.94161059999993,-22.076151099999947],[-56.94851709999995,-22.065373299999976],[-56.933196599999974,-22.067435599999953],[-56.93424109999995,-22.055709999999976],[-56.92604739999996,-22.051690899999983],[-56.90591509999996,-22.053755099999933],[-56.911730699999964,-22.06133939999995],[-56.90063109999994,-22.07060409999997],[-56.88643659999997,-22.042964299999937],[-56.85266539999998,-22.031888699999968],[-56.85897829999993,-21.992304099999956],[-56.87598499999996,-21.98302499999994],[-56.86375009999995,-21.980375299999935],[-56.86036169999994,-21.952981199999954],[-56.84784929999995,-21.957637199999965],[-56.85616969999995,-21.94972219999994],[-56.860300999999936,-21.923241599999983],[-56.836178099999984,-21.89286969999995],[-56.84214519999995,-21.88864149999995],[-56.83616939999996,-21.875685999999973],[-56.840885399999934,-21.863579999999956],[-56.836352199999965,-21.858394199999964],[-56.82978369999995,-21.867307299999936],[-56.81690119999996,-21.86432659999997],[-56.81886129999998,-21.85470229999993],[-56.805929599999956,-21.844652999999937],[-56.815733199999954,-21.83153049999993],[-56.803902999999934,-21.825832599999956],[-56.802733599999954,-21.816674499999976],[-56.78755849999993,-21.813281099999983],[-56.78926999999993,-21.797138899999936],[-56.803097899999955,-21.787139499999967],[-56.80034559999996,-21.769060999999965],[-56.77849139999995,-21.73313479999996],[-56.78466129999998,-21.72052869999993],[-56.76898449999993,-21.71434739999995],[-56.76154319999995,-21.693620799999962],[-56.761687999999936,-21.681840999999963],[-56.804232999999954,-21.655502299999966],[-56.79602309999996,-21.62577209999995],[-56.801535799999954,-21.625216399999942],[-56.80349239999998,-21.585730999999953],[-56.81453449999998,-21.56679909999997],[-56.77806439999995,-21.561356899999964],[-56.76369699999998,-21.551196199999936],[-56.70342679999993,-21.544321799999977],[-56.66122219999994,-21.589445999999953],[-56.63432119999993,-21.561229999999966]]]}},{"id":"5117","type":"Feature","properties":{"COD_IBGE":"5002159","MUNICIPIO":"Bodoquena","UF":"MS"},"geometry":{"type":"Polygon","coordinates":[[[-56.40524279999994,-20.385522099999946],[-56.39024329999995,-20.39630569999997],[-56.39103389999997,-20.403773499999943],[-56.40062069999993,-20.40123669999997],[-56.39188079999997,-20.41307029999996],[-56.40477269999997,-20.430537199999947],[-56.39895579999995,-20.43316679999998],[-56.40317879999998,-20.440456499999982],[-56.38565229999995,-20.44154939999993],[-56.39843979999995,-20.462823299999968],[-56.387015599999984,-20.490415199999973],[-56.403102899999965,-20.53728959999995],[-56.39538849999997,-20.545807899999943],[-56.41359649999998,-20.567158699999936],[-56.407181299999934,-20.586033099999952],[-56.47601769999994,-20.61793199999994],[-56.49156679999999,-20.60965109999995],[-56.504736399999956,-20.61309179999995],[-56.508254499999964,-20.624971999999957],[-56.49761859999995,-20.656875499999956],[-56.52108479999998,-20.67183229999995],[-56.51955739999994,-20.679989499999976],[-56.53481839999995,-20.67260289999996],[-56.55360749999994,-20.682772799999952],[-56.55203999999998,-20.69156479999998],[-56.58219989999998,-20.71357569999998],[-56.58104769999994,-20.743691499999954],[-56.60149439999998,-20.747834599999976],[-56.61590229999996,-20.761362899999938],[-56.615236799999934,-20.806038199999932],[-56.62113649999998,-20.81259179999995],[-56.639748199999985,-20.81014399999998],[-56.683067499999936,-20.846331799999973],[-56.69712079999994,-20.885814799999935],[-56.85967729999999,-20.88638889999993],[-56.87383289999997,-20.857560699999965],[-56.85860709999997,-20.83503639999998],[-56.84645869999997,-20.79238689999994],[-56.86852229999994,-20.76379799999995],[-56.87188659999998,-20.728088299999968],[-56.89271269999995,-20.684179899999947],[-56.86890159999996,-20.638790599999936],[-56.87761999999998,-20.59582679999994],[-56.87337139999994,-20.580199299999947],[-56.89404769999999,-20.556846899999982],[-56.91153029999998,-20.505280699999958],[-56.923977399999956,-20.49090099999995],[-56.920551899999964,-20.464830999999947],[-56.93916059999998,-20.44207319999998],[-56.935195799999974,-20.424810599999944],[-56.94887739999996,-20.410465099999954],[-56.97757309999997,-20.42717209999995],[-56.99301619999994,-20.419212699999946],[-56.98724079999994,-20.414582399999972],[-56.990540599999974,-20.394691299999977],[-57.00254689999997,-20.38292339999998],[-56.99681599999997,-20.381714099999954],[-56.99809349999998,-20.36911729999997],[-57.00904299999996,-20.36387449999995],[-57.014266099999986,-20.34539189999998],[-56.944476899999984,-20.32770679999993],[-56.946482499999945,-20.30360819999993],[-56.963336599999934,-20.29190749999998],[-56.96824239999995,-20.27329569999995],[-56.957422099999974,-20.245993399999975],[-56.96703169999995,-20.23549319999995],[-56.96413009999998,-20.225539199999957],[-56.99797609999996,-20.18891979999995],[-56.94711529999995,-20.18696239999997],[-56.930686299999934,-20.19714419999997],[-56.92697929999997,-20.214105899999936],[-56.90543539999993,-20.236793499999976],[-56.88710839999993,-20.23945889999993],[-56.87810079999997,-20.257084299999974],[-56.82809599999996,-20.26896819999996],[-56.83182339999996,-20.361968599999955],[-56.825334699999985,-20.362314499999968],[-56.81531549999994,-20.391003499999954],[-56.80077669999997,-20.39354559999998],[-56.779564799999946,-20.417177799999934],[-56.75245129999996,-20.402397699999938],[-56.74106309999996,-20.40697979999993],[-56.72718999999995,-20.399971299999947],[-56.71736759999993,-20.409676599999955],[-56.70208799999995,-20.404499899999962],[-56.70041039999995,-20.396287099999938],[-56.693326799999966,-20.401746899999978],[-56.68814169999996,-20.384908499999938],[-56.68006409999998,-20.385527099999933],[-56.680629299999964,-20.35769369999997],[-56.52753779999995,-20.360563299999967],[-56.456421699999964,-20.31373309999998],[-56.42473559999996,-20.32223259999995],[-56.42118899999997,-20.348301599999957],[-56.41394779999996,-20.344349799999975],[-56.41616369999997,-20.334622899999943],[-56.388309799999945,-20.333833099999936],[-56.398479099999975,-20.34828579999993],[-56.39104279999998,-20.352093599999932],[-56.40150589999996,-20.36981899999995],[-56.39440749999994,-20.375622199999952],[-56.40524279999994,-20.385522099999946]]]}},{"id":"5118","type":"Feature","properties":{"COD_IBGE":"5002209","MUNICIPIO":"Bonito","UF":"MS"},"geometry":{"type":"Polygon","coordinates":[[[-56.476540599999964,-20.61807589999995],[-56.407181299999934,-20.586033099999952],[-56.41359649999998,-20.567158699999936],[-56.39538849999997,-20.545807899999943],[-56.403102899999965,-20.53728959999995],[-56.39240689999997,-20.51763889999995],[-56.39734219999997,-20.50545889999995],[-56.38747159999997,-20.49617399999994],[-56.388851399999965,-20.485829799999976],[-56.376576599999964,-20.48384169999997],[-56.369827999999984,-20.489450199999965],[-56.37894259999996,-20.498210099999937],[-56.35826259999993,-20.52578859999994],[-56.36437919999997,-20.53185159999998],[-56.352322999999956,-20.53315809999998],[-56.354305099999976,-20.545356399999946],[-56.35047649999996,-20.54161799999997],[-56.34596739999995,-20.553092599999957],[-56.33167489999994,-20.556191199999944],[-56.323903299999984,-20.58297989999994],[-56.31666439999998,-20.588617899999974],[-56.314395599999955,-20.57919739999994],[-56.29760029999994,-20.575452799999937],[-56.307842799999946,-20.59102059999998],[-56.29547919999993,-20.594150199999945],[-56.29978699999998,-20.59848089999997],[-56.292368899999985,-20.599731899999938],[-56.297793799999965,-20.60582249999993],[-56.28618659999995,-20.612517499999967],[-56.28909409999994,-20.618971399999964],[-56.27709669999996,-20.620578199999954],[-56.283018899999945,-20.634029399999974],[-56.275000199999965,-20.63552909999993],[-56.27478259999998,-20.644323499999928],[-56.26292109999997,-20.637701499999935],[-56.25236069999994,-20.643102399999975],[-56.248107999999945,-20.636284699999976],[-56.24846089999994,-20.64268789999994],[-56.24137659999997,-20.64104839999993],[-56.245587099999966,-20.648536299999932],[-56.22919439999998,-20.65839529999994],[-56.221279299999935,-20.643070199999954],[-56.21006339999997,-20.647009799999978],[-56.21745889999994,-20.631699999999967],[-56.212330099999974,-20.613254499999982],[-56.21911629999994,-20.611193199999946],[-56.21008349999994,-20.603335199999947],[-56.20074059999996,-20.60471599999994],[-56.20267759999996,-20.619011099999966],[-56.18455679999994,-20.632200299999965],[-56.170645099999945,-20.616340399999956],[-56.151996699999984,-20.617413899999974],[-56.15861649999994,-20.621151599999962],[-56.14974989999996,-20.624960699999974],[-56.15481669999997,-20.640400799999952],[-56.14713479999995,-20.651008299999944],[-56.16378329999998,-20.669628899999964],[-56.14682049999993,-20.67006539999994],[-56.12997029999997,-20.68254289999993],[-56.14086299999997,-20.691772399999934],[-56.12813159999996,-20.71065909999993],[-56.134505099999956,-20.724379599999963],[-56.11633249999994,-20.727762799999937],[-56.11765109999993,-20.74095079999995],[-56.106811799999946,-20.73995629999996],[-56.08471149999997,-20.76616279999996],[-56.091097899999966,-20.78093599999994],[-56.115081799999984,-20.771164599999963],[-56.13659639999997,-20.78872819999998],[-56.132039299999974,-20.795708499999932],[-56.12447139999995,-20.792763199999968],[-56.12630699999994,-20.799261199999933],[-56.10866119999997,-20.817287299999975],[-56.12371189999993,-20.823669199999927],[-56.12339119999996,-20.838967899999943],[-56.096946199999934,-20.856718799999953],[-56.100365099999976,-20.871451099999945],[-56.114096899999936,-20.85930479999996],[-56.129587399999934,-20.862557099999947],[-56.128768399999956,-20.851382099999967],[-56.16125009999996,-20.837132699999927],[-56.16180029999998,-20.864912799999956],[-56.151090599999975,-20.871469599999955],[-56.158176699999956,-20.884251699999936],[-56.14642209999994,-20.88295389999996],[-56.14716009999995,-20.890551199999948],[-56.16955869999998,-20.88911339999993],[-56.189930999999945,-20.903061299999933],[-56.15873439999996,-20.948847399999977],[-56.176618099999985,-20.95110939999995],[-56.18600239999995,-20.936005799999975],[-56.19523429999998,-20.93520879999994],[-56.19939879999998,-20.963527299999953],[-56.19084379999998,-20.957595699999956],[-56.18114349999996,-20.967104999999947],[-56.212968399999966,-20.99708959999998],[-56.19847499999997,-21.020033799999965],[-56.212022299999944,-21.030288799999937],[-56.198885099999984,-21.030601099999956],[-56.18652289999994,-21.04240649999997],[-56.18672939999993,-21.06176709999994],[-56.17681309999995,-21.071307399999966],[-56.18796539999994,-21.084153999999955],[-56.21499789999996,-21.079264999999964],[-56.23261809999997,-21.104746399999954],[-56.22368609999995,-21.116460399999937],[-56.224158699999975,-21.13926349999997],[-56.215206499999965,-21.147680599999944],[-56.21409159999996,-21.170721899999933],[-56.221946199999934,-21.18299909999996],[-56.197946799999954,-21.185774099999946],[-56.18536729999994,-21.197315799999956],[-56.211697399999935,-21.211418599999945],[-56.229273199999966,-21.20619709999994],[-56.226475799999946,-21.227959099999964],[-56.20662109999995,-21.23660229999996],[-56.21857769999997,-21.25028249999997],[-56.216227499999945,-21.26021369999995],[-56.20258999999999,-21.262523199999976],[-56.19620899999995,-21.27877479999995],[-56.23215359999995,-21.292439899999977],[-56.234560699999975,-21.31138439999995],[-56.22767669999996,-21.323832799999934],[-56.23560269999996,-21.33905859999993],[-56.25095189999996,-21.34316199999995],[-56.257375699999955,-21.359644499999945],[-56.29011989999998,-21.35218279999998],[-56.296168799999975,-21.39339309999997],[-56.29023339999998,-21.40382649999998],[-56.305746599999964,-21.41777339999993],[-56.338283299999944,-21.41119989999993],[-56.358712999999966,-21.419845099999975],[-56.36991729999994,-21.411813499999937],[-56.416908399999954,-21.433375699999942],[-56.43914149999995,-21.434798599999965],[-56.45041319999996,-21.42469189999997],[-56.45784919999994,-21.433996699999966],[-56.48599959999996,-21.440455399999962],[-56.53169159999993,-21.436899299999936],[-56.55901849999998,-21.423714099999927],[-56.61834479999993,-21.440989499999944],[-56.65694629999996,-21.42944639999996],[-56.785519799999975,-21.449925599999972],[-56.80358359999997,-21.43468059999998],[-56.81505249999998,-21.402172699999937],[-56.80409949999995,-21.350158499999964],[-56.81196669999997,-21.326051999999947],[-56.788295999999946,-21.292336999999975],[-56.79656219999998,-21.229489499999943],[-56.83129709999997,-21.15181259999997],[-56.85889219999996,-21.113747299999943],[-56.84474409999996,-21.075342099999943],[-56.86703389999997,-21.04444449999994],[-56.86940759999993,-21.017977499999972],[-56.860468899999944,-20.982519699999955],[-56.88050549999997,-20.930515399999933],[-56.85967729999999,-20.88638889999993],[-56.69712079999994,-20.885814799999935],[-56.683067499999936,-20.846331799999973],[-56.639748199999985,-20.81014399999998],[-56.62113649999998,-20.81259179999995],[-56.615236799999934,-20.806038199999932],[-56.61590229999996,-20.761362899999938],[-56.60149439999998,-20.747834599999976],[-56.58104769999994,-20.743691499999954],[-56.58219989999998,-20.71357569999998],[-56.55203999999998,-20.69156479999998],[-56.55360749999994,-20.682772799999952],[-56.53481839999995,-20.67260289999996],[-56.51955739999994,-20.679989499999976],[-56.52108479999998,-20.67183229999995],[-56.49761859999995,-20.656875499999956],[-56.508254499999964,-20.624971999999957],[-56.504736399999956,-20.61309179999995],[-56.49156679999999,-20.60965109999995],[-56.476540599999964,-20.61807589999995]]]}},{"id":"5119","type":"Feature","properties":{"COD_IBGE":"5002308","MUNICIPIO":"Brasilândia","UF":"MS"},"geometry":{"type":"Polygon","coordinates":[[[-52.16226599999993,-21.582362399999965],[-52.17117489999998,-21.562265799999977],[-52.18847839999995,-21.55786029999996],[-52.19371639999997,-21.539470499999936],[-52.211253599999964,-21.545324199999982],[-52.22394769999994,-21.537105699999927],[-52.223653199999944,-21.518582599999945],[-52.24493209999997,-21.51270009999996],[-52.269707799999935,-21.48440789999995],[-52.27889079999994,-21.48502129999997],[-52.28855269999997,-21.47357829999993],[-52.32435859999998,-21.47626589999993],[-52.35242299999993,-21.45393699999994],[-52.358083599999986,-21.43493469999993],[-52.38422529999997,-21.408257499999934],[-52.420019199999956,-21.38821969999998],[-52.43137029999997,-21.389740999999958],[-52.45932069999998,-21.362078399999973],[-52.47816069999993,-21.354371799999967],[-52.528347199999985,-21.27088109999994],[-52.551174799999956,-21.249607699999956],[-52.56619479999995,-21.20313669999996],[-52.59010449999994,-21.190179199999932],[-52.61271459999995,-21.14888049999996],[-52.67997819999994,-21.102445399999965],[-52.72768759999997,-21.049449299999935],[-52.783696099999986,-21.013984499999935],[-52.83850179999996,-20.963606699999957],[-52.88568529999998,-20.94247439999998],[-52.930851099999984,-20.90949269999993],[-52.961144099999956,-20.87334519999996],[-52.997157899999934,-20.859884299999976],[-53.02127449999995,-20.81417879999998],[-53.020050599999934,-20.783105499999976],[-53.039565599999946,-20.73628309999998],[-53.09381109999998,-20.70990649999993],[-53.114433099999985,-20.689435199999934],[-53.12749229999997,-20.68988799999994],[-53.10300609999996,-20.674812199999963],[-53.08408369999995,-20.68103199999996],[-53.038683599999956,-20.65389369999997],[-52.96523989999997,-20.64554049999998],[-52.90851339999995,-20.61903899999993],[-52.80982629999994,-20.538993199999936],[-52.74678579999994,-20.58561469999995],[-52.73326019999996,-20.617911799999945],[-52.718109599999934,-20.62157519999994],[-52.70845049999997,-20.63864609999996],[-52.68664249999995,-20.64704279999995],[-52.66693319999996,-20.673229999999933],[-52.60172789999996,-20.713734099999954],[-52.602305899999976,-20.72251749999998],[-52.536037299999975,-20.790542899999934],[-52.50926629999998,-20.798679499999935],[-52.480721899999935,-20.826855099999932],[-52.42119629999996,-20.850817199999938],[-52.38819859999995,-20.877558699999952],[-52.361193199999946,-20.884844199999975],[-52.308379499999944,-20.954129499999965],[-52.25023569999996,-20.98069339999995],[-52.22837109999995,-20.97157629999998],[-52.21410509999998,-20.97558909999998],[-52.12192609999994,-21.03641049999993],[-52.08049099999994,-21.053891199999953],[-52.040657899999985,-21.084571899999958],[-52.02715969999997,-21.104983699999934],[-52.006188399999985,-21.11253679999993],[-51.99118009999995,-21.130247899999972],[-51.992777899999965,-21.14851939999994],[-51.96811549999995,-21.167620099999965],[-51.95323749999994,-21.169582799999944],[-51.94494989999998,-21.18491419999998],[-51.89212239999995,-21.182113399999935],[-51.889304599999946,-21.19880349999994],[-51.87972049999996,-21.19791689999994],[-51.86367759999996,-21.22671109999993],[-51.84937299999996,-21.27619089999996],[-51.861959999999954,-21.341617499999927],[-51.90753569999998,-21.386455799999965],[-51.928681799999936,-21.455816099999936],[-51.95239929999997,-21.473603699999956],[-51.96790329999993,-21.50176209999995],[-51.99693309999998,-21.515861299999983],[-52.066452399999946,-21.50459159999997],[-52.09596239999996,-21.54206359999995],[-52.103211699999974,-21.571154299999932],[-52.16226599999993,-21.582362399999965]]]}},{"id":"5120","type":"Feature","properties":{"COD_IBGE":"5002407","MUNICIPIO":"Caarapó","UF":"MS"},"geometry":{"type":"Polygon","coordinates":[[[-54.848359399999936,-22.83269169999994],[-54.89124089999996,-22.81107949999995],[-54.90532269999994,-22.81539689999994],[-54.90736769999995,-22.79673409999998],[-54.931762299999946,-22.79919949999993],[-54.93010769999995,-22.79019599999998],[-54.91929019999998,-22.788503799999944],[-54.93366019999996,-22.772380599999963],[-54.92931569999996,-22.767392899999948],[-54.93501909999998,-22.76007889999994],[-54.944790599999976,-22.76335759999995],[-54.943730699999946,-22.77006199999994],[-54.94787259999998,-22.763439799999958],[-54.957502499999975,-22.766631299999972],[-54.96307429999996,-22.75552349999998],[-54.97100389999997,-22.755737599999975],[-54.96427449999993,-22.733568399999967],[-54.986180299999944,-22.727499699999953],[-54.98770939999997,-22.71354219999995],[-55.00014009999995,-22.701550699999927],[-55.02296489999998,-22.698008399999935],[-55.04091239999997,-22.67504219999995],[-55.07486519999998,-22.671205199999974],[-55.09039539999998,-22.657442699999933],[-55.11068359999996,-22.65314799999993],[-55.128112199999975,-22.634822399999962],[-55.12759569999997,-22.606464699999947],[-55.101741699999934,-22.581757299999936],[-55.09766709999997,-22.54782199999994],[-55.069267399999944,-22.539006099999938],[-55.05381929999999,-22.524155699999937],[-55.04747239999995,-22.503948699999967],[-55.02503139999993,-22.50327249999998],[-55.01327949999995,-22.479251699999963],[-54.98609309999995,-22.45191609999995],[-54.965670999999986,-22.39915979999995],[-54.96404659999996,-22.364269699999966],[-54.945726699999966,-22.37148039999994],[-54.93707759999995,-22.362830199999962],[-54.931861399999946,-22.375605999999948],[-54.91317819999995,-22.37364169999995],[-54.91152859999994,-22.391911799999946],[-54.89138219999995,-22.37688359999993],[-54.822461799999985,-22.39887079999994],[-54.815408299999945,-22.38833169999998],[-54.80689579999995,-22.38896219999998],[-54.79558929999996,-22.40180909999998],[-54.78351269999996,-22.40026789999996],[-54.77965259999996,-22.423937699999954],[-54.77038529999999,-22.419194499999946],[-54.755155799999955,-22.43174259999995],[-54.74327699999998,-22.41507299999995],[-54.731970899999965,-22.425805399999945],[-54.74045319999993,-22.43316619999996],[-54.72183899999993,-22.441250599999933],[-54.71926319999994,-22.433668499999953],[-54.66760179999994,-22.41934559999993],[-54.64597279999998,-22.436125199999935],[-54.63320859999993,-22.435136399999976],[-54.62477229999996,-22.417673099999945],[-54.61939849999993,-22.421990999999935],[-54.609501499999965,-22.41017759999994],[-54.58742909999995,-22.403901599999983],[-54.53609319999998,-22.41323399999993],[-54.52399449999996,-22.40714909999997],[-54.51715049999996,-22.447409499999935],[-54.47185149999996,-22.50770069999993],[-54.47224739999996,-22.591150599999935],[-54.45418379999995,-22.621321699999953],[-54.477518499999974,-22.632690799999978],[-54.48224779999998,-22.62147539999995],[-54.49683259999995,-22.621100799999965],[-54.49950359999997,-22.609199299999943],[-54.536163199999976,-22.606685599999935],[-54.574684099999956,-22.631066199999964],[-54.647815399999956,-22.633836299999928],[-54.70330359999997,-22.61741829999994],[-54.68354229999994,-22.670542099999977],[-54.65715419999998,-22.693748399999947],[-54.71371999999997,-22.720232899999928],[-54.72428689999998,-22.75112699999994],[-54.74482989999996,-22.77102629999996],[-54.73975759999996,-22.808902099999955],[-54.74964669999997,-22.848424299999976],[-54.73677769999995,-22.865885099999957],[-54.73731319999996,-22.89119889999995],[-54.76702889999996,-22.88956349999995],[-54.786387599999955,-22.87943329999996],[-54.80031599999995,-22.884606099999928],[-54.80055239999996,-22.874757099999954],[-54.81828729999995,-22.86729409999998],[-54.82000259999995,-22.848669599999937],[-54.850247399999944,-22.84006349999993],[-54.848359399999936,-22.83269169999994]]]}},{"id":"5121","type":"Feature","properties":{"COD_IBGE":"5002605","MUNICIPIO":"Camapuã","UF":"MS"},"geometry":{"type":"Polygon","coordinates":[[[-54.016698599999984,-19.638511299999948],[-54.06523249999998,-19.63421919999996],[-54.102317599999935,-19.66220789999994],[-54.12914039999998,-19.66159669999996],[-54.170466199999964,-19.627332999999965],[-54.198714999999936,-19.614962099999957],[-54.28731499999998,-19.622134199999948],[-54.33985719999998,-19.61076959999997],[-54.358862199999976,-19.598619499999927],[-54.39896909999993,-19.596124499999974],[-54.43587699999995,-19.540736799999934],[-54.42979049999997,-19.47633989999997],[-54.389236799999935,-19.461357499999963],[-54.37147589999995,-19.426309999999944],[-54.37723719999997,-19.415303799999947],[-54.35486499999996,-19.41810739999994],[-54.351563399999975,-19.409180499999934],[-54.32969389999994,-19.417223699999965],[-54.32843459999998,-19.41103419999996],[-54.316757199999984,-19.41096129999994],[-54.31766479999993,-19.324364199999934],[-54.29825009999996,-19.313320699999963],[-54.27571759999995,-19.313924399999962],[-54.274654099999964,-19.29065309999993],[-54.253263999999945,-19.271028299999955],[-54.25063339999997,-19.25767589999998],[-54.206016499999976,-19.25297379999995],[-54.210430299999985,-19.24188929999997],[-54.19733459999998,-19.23615469999993],[-54.20508819999998,-19.227252799999974],[-54.19287259999999,-19.219680099999948],[-54.21243939999994,-19.20951199999996],[-54.20924779999996,-19.196949399999937],[-54.19847209999995,-19.19618239999994],[-54.196446099999946,-19.193986799999948],[-54.219421599999976,-19.184820099999968],[-54.208141599999976,-19.169452999999976],[-54.22066129999996,-19.157358099999954],[-54.21629709999996,-19.12672589999994],[-54.20537369999994,-19.120833199999936],[-54.22669039999994,-19.12038039999993],[-54.241952599999934,-19.108852999999954],[-54.22981469999996,-19.08824169999997],[-54.25416579999995,-19.078804699999978],[-54.24159999999995,-19.05312329999998],[-54.25793719999996,-19.03972219999997],[-54.23463069999997,-19.033238799999936],[-54.205330199999935,-19.04773709999995],[-54.207378699999936,-19.03747359999994],[-54.197261699999956,-19.024702599999955],[-54.17120509999995,-19.024912299999983],[-54.159832499999936,-19.015818399999944],[-54.12612789999997,-19.019350499999973],[-54.11352879999998,-19.053044099999966],[-54.075383699999975,-19.073216599999967],[-54.05794609999998,-19.090042299999936],[-54.05854899999997,-19.101399799999967],[-54.03372759999996,-19.09691319999996],[-54.02576499999998,-19.102110299999936],[-53.98328619999995,-19.075687099999982],[-53.987680799999964,-19.042350599999963],[-53.98001739999995,-19.044951199999957],[-53.97766229999996,-19.020439099999976],[-53.95969169999995,-19.01619839999995],[-53.95609399999995,-19.003948199999968],[-53.89546219999994,-19.01260069999995],[-53.827047499999935,-18.99661109999994],[-53.77482619999995,-19.008962099999962],[-53.73089779999998,-18.988915599999928],[-53.70198359999995,-18.960469899999964],[-53.70673999999997,-18.994766099999936],[-53.686566899999946,-19.001793799999973],[-53.660785499999974,-18.986628399999972],[-53.59927179999994,-18.97487739999997],[-53.56272409999997,-18.92829439999997],[-53.552458799999954,-18.929162799999972],[-53.493400099999974,-18.895524699999953],[-53.48957109999998,-18.849739799999952],[-53.46322059999994,-18.874513099999945],[-53.456212799999946,-18.894427599999972],[-53.436544099999935,-18.89622829999996],[-53.41610419999995,-18.912769599999933],[-53.40107489999997,-18.94123589999998],[-53.382425299999966,-18.943544299999928],[-53.386950499999955,-18.981146299999978],[-53.40193369999997,-19.00638239999995],[-53.369337299999984,-19.020609999999976],[-53.339698699999985,-19.050096199999928],[-53.39490349999994,-19.08003599999995],[-53.40397269999994,-19.099949299999935],[-53.421394099999986,-19.111885899999947],[-53.428723299999945,-19.15983209999996],[-53.44342689999996,-19.178400199999942],[-53.487099299999954,-19.186067599999944],[-53.60794269999997,-19.18330549999996],[-53.60897209999996,-19.214404799999954],[-53.61623199999997,-19.22025969999993],[-53.61124419999993,-19.236796399999946],[-53.63776079999997,-19.26682569999997],[-53.61595969999996,-19.286622299999976],[-53.62121459999997,-19.292858999999964],[-53.60696709999996,-19.302450999999962],[-53.603090899999984,-19.328918699999974],[-53.58012779999996,-19.352733199999932],[-53.58029929999998,-19.369080099999962],[-53.56368359999993,-19.39584169999995],[-53.56243329999995,-19.41990379999993],[-53.54777169999994,-19.44707049999994],[-53.555859699999985,-19.458650099999943],[-53.53198999999995,-19.485639999999933],[-53.514422399999944,-19.540189899999973],[-53.49941069999994,-19.545544199999938],[-53.50422679999997,-19.568453199999965],[-53.48271959999994,-19.588690699999972],[-53.474222699999984,-19.615244599999983],[-53.48256489999994,-19.63085949999993],[-53.47851239999994,-19.636635999999953],[-53.48856349999994,-19.635017799999957],[-53.481323499999974,-19.64414919999996],[-53.49513039999994,-19.672920099999942],[-53.48812529999998,-19.69102229999993],[-53.46375879999994,-19.703595099999973],[-53.457766299999946,-19.71906009999998],[-53.463486899999964,-19.728875999999957],[-53.449810499999955,-19.734694799999943],[-53.42598499999997,-19.787207499999965],[-53.45515029999996,-19.79800279999995],[-53.47123469999997,-19.788135199999942],[-53.49416169999995,-19.794271999999978],[-53.52154929999995,-19.781917499999963],[-53.56315269999993,-19.784432699999968],[-53.579353099999935,-19.77105839999996],[-53.600318899999934,-19.771652399999937],[-53.63395459999998,-19.740026899999975],[-53.648564599999986,-19.70782049999997],[-53.71038749999997,-19.68129669999996],[-53.72134479999994,-19.664260499999955],[-53.762022799999954,-19.636722299999974],[-53.783780899999954,-19.61535249999997],[-53.79793459999996,-19.576724199999944],[-53.85386949999997,-19.531089899999927],[-53.86258749999996,-19.530281899999977],[-53.90871939999994,-19.707098499999972],[-53.92737439999996,-19.71445369999998],[-53.94730009999995,-19.708394399999975],[-53.965909899999986,-19.722493999999926],[-53.98805299999998,-19.722559299999944],[-53.999263499999984,-19.70276329999996],[-53.992907299999956,-19.685944499999948],[-54.01562469999993,-19.655913299999952],[-54.016698599999984,-19.638511299999948]]]}},{"id":"5122","type":"Feature","properties":{"COD_IBGE":"5002704","MUNICIPIO":"Campo Grande","UF":"MS"},"geometry":{"type":"Polygon","coordinates":[[[-54.63729299999994,-20.88919679999998],[-54.68370169999997,-20.889044799999965],[-54.67416019999996,-20.87011789999997],[-54.68395009999995,-20.873280699999953],[-54.686733799999956,-20.86019159999995],[-54.695023299999946,-20.85974049999993],[-54.692976999999985,-20.845060099999955],[-54.70576029999995,-20.833482699999934],[-54.69488709999996,-20.826564299999973],[-54.71052539999994,-20.82969449999996],[-54.69347929999998,-20.81094769999993],[-54.70150259999997,-20.806734999999946],[-54.69727949999998,-20.795463199999972],[-54.708456499999954,-20.792499199999952],[-54.69554619999997,-20.771819499999935],[-54.72073309999996,-20.74412239999998],[-54.719174899999985,-20.73187719999993],[-54.71230319999995,-20.730862099999968],[-54.72214509999998,-20.71434329999994],[-54.751408899999944,-20.69177499999995],[-54.768742299999985,-20.693771699999957],[-54.80581479999995,-20.73551569999995],[-54.82684939999996,-20.740763699999945],[-54.842488799999956,-20.687742199999946],[-54.814467099999945,-20.66117559999998],[-54.796812099999954,-20.662373699999932],[-54.784835699999974,-20.630619799999977],[-54.76738549999993,-20.614753599999972],[-54.79650779999997,-20.57158809999993],[-54.80017159999994,-20.520391599999982],[-54.791605499999946,-20.502545399999974],[-54.76276189999999,-20.481422099999975],[-54.76274479999995,-20.32617709999994],[-54.769465199999956,-20.315891199999953],[-54.77978249999995,-20.315301699999964],[-54.778048499999954,-20.30558929999995],[-54.79253049999994,-20.310743299999956],[-54.81615149999993,-20.302655699999946],[-54.82046159999993,-20.28269369999998],[-54.85473119999995,-20.28076089999996],[-54.87953539999995,-20.265810099999953],[-54.889783299999976,-20.267605599999968],[-54.904953199999966,-20.247857499999952],[-54.924333899999965,-20.24631279999994],[-54.91762669999997,-20.243303899999944],[-54.92247599999996,-20.22858039999994],[-54.911616599999945,-20.204406999999946],[-54.87937859999994,-20.208640699999933],[-54.86232149999995,-20.199688799999933],[-54.85938729999998,-20.17397959999994],[-54.84819659999994,-20.167235699999935],[-54.83787049999995,-20.172906599999976],[-54.82315619999997,-20.166052999999977],[-54.81233949999995,-20.175170899999955],[-54.78043269999995,-20.172596899999974],[-54.770388399999945,-20.19133199999993],[-54.74878169999994,-20.19368039999995],[-54.74135389999998,-20.20162609999994],[-54.725157699999954,-20.194247299999972],[-54.71877049999995,-20.203911199999936],[-54.67667809999995,-20.215687699999933],[-54.65061929999996,-20.23558309999993],[-54.645118399999944,-20.252366499999937],[-54.61590729999995,-20.258187799999973],[-54.607304899999974,-20.251194099999964],[-54.517351099999985,-20.285055399999976],[-54.49794889999998,-20.333570599999973],[-54.48968729999996,-20.392367199999967],[-54.444957699999975,-20.39705079999993],[-54.418663299999935,-20.42198659999997],[-54.388550099999975,-20.426987099999963],[-54.36466379999996,-20.46044329999995],[-54.335663599999975,-20.478318099999967],[-54.302238399999965,-20.480501499999946],[-54.29407089999995,-20.49400899999995],[-54.25699559999998,-20.49663069999997],[-54.18346699999995,-20.466631699999937],[-54.19548169999996,-20.53703719999993],[-54.177500399999985,-20.597375599999964],[-54.206640499999935,-20.673040699999945],[-54.20238519999998,-20.711033499999928],[-54.17540349999996,-20.725189599999965],[-54.17266929999994,-20.750928099999953],[-54.15600189999998,-20.774050899999963],[-54.128563499999984,-20.788397499999974],[-54.11134529999998,-20.78526679999993],[-54.09209739999994,-20.798030799999935],[-54.064476999999954,-20.836477499999944],[-54.02301789999996,-20.854907899999944],[-54.016942599999936,-20.88130309999997],[-54.00460089999996,-20.89533259999996],[-54.005489799999964,-20.92279099999996],[-53.98605349999997,-20.93391799999995],[-53.97312029999995,-20.95306279999994],[-53.95244729999996,-20.960274399999946],[-53.90842669999995,-20.957905799999935],[-53.88797639999996,-20.97898909999998],[-53.86601829999995,-20.98104989999996],[-53.84388649999994,-21.016999599999963],[-53.85063029999998,-21.019322399999965],[-53.848014399999954,-21.04398679999997],[-53.82822809999993,-21.05072439999998],[-53.80452849999995,-21.07383619999996],[-53.787085899999965,-21.06956249999996],[-53.75866419999994,-21.08053629999995],[-53.75289529999998,-21.10298789999996],[-53.73550179999995,-21.107454899999937],[-53.73887869999999,-21.11765349999996],[-53.72688329999994,-21.132318699999928],[-53.72685809999996,-21.14589799999993],[-53.68732749999998,-21.17600509999994],[-53.67964469999998,-21.237316799999974],[-53.642258399999946,-21.30185869999997],[-53.64012839999998,-21.328861399999937],[-53.633050999999966,-21.33076929999993],[-53.63749869999998,-21.340410299999974],[-53.61670289999995,-21.365248599999973],[-53.62124479999994,-21.382186399999966],[-53.61272479999997,-21.384792999999945],[-53.62325279999993,-21.410573599999964],[-53.61733429999998,-21.417376599999955],[-53.627680199999986,-21.423095399999966],[-53.631007899999986,-21.434428399999945],[-53.62462939999995,-21.43721849999997],[-53.63616069999995,-21.446526199999937],[-53.63970909999995,-21.457285599999977],[-53.632676499999945,-21.460728099999983],[-53.63959369999998,-21.461417899999958],[-53.61298199999993,-21.478783499999963],[-53.61876819999998,-21.481438899999944],[-53.60651769999998,-21.502430299999958],[-53.61823489999995,-21.520105099999967],[-53.60389029999993,-21.53559379999996],[-53.61122229999995,-21.54834429999994],[-53.60057169999993,-21.554017399999964],[-53.60398819999995,-21.563724599999944],[-53.61468169999995,-21.561693899999966],[-53.620348699999965,-21.57364469999993],[-53.628254899999945,-21.568961599999966],[-53.63898549999993,-21.579707799999937],[-53.64394669999996,-21.56103989999997],[-53.654674299999954,-21.56593689999994],[-53.67431789999995,-21.552333999999973],[-53.69620999999995,-21.55726409999994],[-53.699204399999985,-21.580276499999968],[-53.70628489999996,-21.56609629999997],[-53.72555159999996,-21.57028299999996],[-53.719024099999956,-21.581037099999946],[-53.73854199999994,-21.58506449999993],[-53.74499199999997,-21.578867199999934],[-53.73770369999994,-21.574722399999928],[-53.740665099999944,-21.568128999999942],[-53.75811289999996,-21.571118799999965],[-53.76185039999996,-21.580093999999974],[-53.769217899999944,-21.558033399999943],[-53.77243269999997,-21.568029499999966],[-53.79596829999997,-21.568012499999952],[-53.813705899999945,-21.55850819999995],[-53.820735499999955,-21.545213799999942],[-53.82679069999995,-21.556933899999933],[-53.837136499999986,-21.552699599999983],[-53.84828509999994,-21.56691449999994],[-53.87545359999996,-21.56439009999997],[-53.92283269999996,-21.54049779999997],[-53.940990699999986,-21.546005099999945],[-53.960534199999984,-21.542182999999966],[-53.965043299999934,-21.532707199999948],[-53.98112599999996,-21.53732649999995],[-53.99403899999999,-21.51436229999996],[-54.01071469999994,-21.50933699999996],[-54.00865529999999,-21.495506699999964],[-54.01336119999996,-21.501983799999948],[-54.03594229999993,-21.486107199999935],[-54.04628739999998,-21.468029599999966],[-54.06615379999994,-21.46884929999993],[-54.066907699999945,-21.454354499999965],[-54.081717399999945,-21.453818299999966],[-54.08543119999996,-21.44178839999995],[-54.10110969999994,-21.439069899999936],[-54.10740849999996,-21.408040899999946],[-54.13055949999995,-21.402070599999945],[-54.172466199999974,-21.34887189999995],[-54.19541719999995,-21.33964899999995],[-54.20198629999993,-21.315832399999977],[-54.20899899999995,-21.314430999999956],[-54.20096929999994,-21.299337099999946],[-54.22152569999997,-21.297938899999963],[-54.21559249999996,-21.285806099999945],[-54.23464739999997,-21.291426199999933],[-54.23879279999994,-21.271880599999974],[-54.23399059999997,-21.26665799999995],[-54.22450169999996,-21.272914899999932],[-54.22314949999998,-21.259649799999977],[-54.25180319999998,-21.256834199999957],[-54.258492399999966,-21.236283199999946],[-54.264310999999964,-21.243501299999934],[-54.272770299999934,-21.237641999999937],[-54.26046859999997,-21.221072899999967],[-54.26034789999994,-21.204761899999937],[-54.27454419999998,-21.196036799999945],[-54.26682869999996,-21.183155299999953],[-54.306627299999946,-21.16522539999994],[-54.29159439999995,-21.15856109999993],[-54.29826049999997,-21.15442409999997],[-54.292168999999944,-21.13976889999998],[-54.31716259999996,-21.131503099999975],[-54.32965059999998,-21.115074599999957],[-54.33852809999996,-21.121118799999977],[-54.34594729999998,-21.103095999999937],[-54.37668739999998,-21.10590469999994],[-54.391575999999986,-21.082075199999963],[-54.39264289999994,-21.061331499999937],[-54.41644189999994,-21.05325629999993],[-54.40824199999997,-21.04216109999993],[-54.43024539999993,-21.03439899999995],[-54.42596159999994,-21.025078899999983],[-54.45229839999996,-21.023207599999978],[-54.46359119999994,-21.008483299999966],[-54.49157999999994,-21.004136099999982],[-54.49848719999994,-20.993925499999932],[-54.51722449999994,-20.998124399999938],[-54.51532989999998,-20.98123549999997],[-54.529009299999984,-20.973139299999957],[-54.52794189999997,-20.957499299999938],[-54.538048799999956,-20.96667869999993],[-54.56610999999998,-20.95010919999993],[-54.59035159999996,-20.918391799999938],[-54.60523699999993,-20.91658899999993],[-54.60174939999996,-20.90509359999993],[-54.61428659999996,-20.902975199999958],[-54.620055099999945,-20.91130039999996],[-54.63674489999994,-20.90544499999993],[-54.63729299999994,-20.88919679999998]]]}},{"id":"5123","type":"Feature","properties":{"COD_IBGE":"5002803","MUNICIPIO":"Caracol","UF":"MS"},"geometry":{"type":"Polygon","coordinates":[[[-56.76287879999995,-21.681375499999945],[-56.766404499999965,-21.70847139999995],[-56.78466129999998,-21.72052869999993],[-56.77849139999995,-21.73313479999996],[-56.79402719999996,-21.749426299999982],[-56.802603499999975,-21.780378799999937],[-56.80041499999999,-21.791418299999975],[-56.78926999999993,-21.797138899999936],[-56.78755849999993,-21.813281099999983],[-56.802733599999954,-21.816674499999976],[-56.803902999999934,-21.825832599999956],[-56.815733199999954,-21.83153049999993],[-56.805929599999956,-21.844652999999937],[-56.81886129999998,-21.85470229999993],[-56.81690119999996,-21.86432659999997],[-56.82978369999995,-21.867307299999936],[-56.836352199999965,-21.858394199999964],[-56.840885399999934,-21.863579999999956],[-56.83616939999996,-21.875685999999973],[-56.84214519999995,-21.88864149999995],[-56.836178099999984,-21.89286969999995],[-56.86035019999997,-21.92352059999996],[-56.85616969999995,-21.94972219999994],[-56.84784929999995,-21.957637199999965],[-56.86036169999994,-21.952981199999954],[-56.86375009999995,-21.980375299999935],[-56.87598499999996,-21.98302499999994],[-56.85897829999993,-21.992304099999956],[-56.85266539999998,-22.031888699999968],[-56.88643659999997,-22.042964299999937],[-56.90063109999994,-22.07060409999997],[-56.911730699999964,-22.06133939999995],[-56.90591509999996,-22.053755099999933],[-56.92604739999996,-22.051690899999983],[-56.93424109999995,-22.055709999999976],[-56.933196599999974,-22.067435599999953],[-56.94851709999995,-22.065373299999976],[-56.94161059999993,-22.076151099999947],[-56.96109659999996,-22.07600249999996],[-56.97917119999994,-22.093275699999936],[-56.990342199999986,-22.080860799999982],[-56.98289669999997,-22.07777569999996],[-56.98687439999998,-22.07590529999993],[-57.00063499999993,-22.080842399999938],[-57.003740999999934,-22.092147299999965],[-57.02485349999995,-22.09416779999998],[-57.028161299999965,-22.101513999999952],[-57.01322989999994,-22.10395019999993],[-57.016650599999934,-22.11690649999997],[-56.99923169999994,-22.115202799999963],[-57.00493049999994,-22.129601399999956],[-56.994796399999984,-22.13616959999996],[-57.03784429999996,-22.14943999999997],[-57.04243759999997,-22.16228929999994],[-57.02796969999997,-22.195979199999954],[-57.04969139999997,-22.232012599999962],[-57.06042629999996,-22.230653899999936],[-57.05901479999994,-22.241800499999954],[-57.08280769999993,-22.251188299999967],[-57.08943829999998,-22.241314699999975],[-57.102290799999935,-22.248458899999946],[-57.11232159999997,-22.240362999999945],[-57.104386199999965,-22.22768489999993],[-57.11112479999997,-22.22553449999998],[-57.14846359999996,-22.233836199999928],[-57.16711069999997,-22.227798899999982],[-57.183920099999966,-22.236368599999935],[-57.190772599999946,-22.216165099999955],[-57.20142759999993,-22.210864499999957],[-57.20758939999996,-22.220607299999983],[-57.20819369999998,-22.213701799999967],[-57.214824299999975,-22.218548299999952],[-57.20827419999995,-22.22736519999995],[-57.215183499999966,-22.227051999999958],[-57.217969799999935,-22.24108229999996],[-57.237761199999966,-22.251280099999974],[-57.25610579999994,-22.23752879999995],[-57.27043569999995,-22.237128299999938],[-57.27184379999994,-22.229411399999947],[-57.27774419999997,-22.235432299999957],[-57.292547499999955,-22.21874239999994],[-57.31045769999997,-22.228427599999975],[-57.320158299999946,-22.245604699999944],[-57.33499879999994,-22.22918509999994],[-57.34059279999997,-22.235253399999976],[-57.35768889999997,-22.226400299999966],[-57.36038069999995,-22.233843999999976],[-57.36459529999996,-22.227598399999977],[-57.374726099999975,-22.231758399999933],[-57.38626719999996,-22.20441649999998],[-57.396405399999935,-22.20883189999995],[-57.397654399999965,-22.201979999999935],[-57.414963899999975,-22.196514899999954],[-57.42509699999994,-22.205058399999928],[-57.42505479999994,-22.19696179999994],[-57.43356109999996,-22.200481099999934],[-57.44656719999995,-22.18730419999997],[-57.455661599999985,-22.18913459999993],[-57.45450679999993,-22.195546599999943],[-57.459707299999934,-22.187390299999947],[-57.48926119999999,-22.191412799999966],[-57.49344139999994,-22.18160339999997],[-57.50587239999999,-22.185239899999942],[-57.51683369999995,-22.17362499999996],[-57.50646709999995,-22.174423699999977],[-57.50851729999994,-22.157690899999977],[-57.50158699999997,-22.157694999999933],[-57.49911969999994,-22.16789149999994],[-57.49318989999995,-22.164471299999946],[-57.49879189999996,-22.156865299999936],[-57.48807469999997,-22.150350799999956],[-57.48795199999995,-22.135422799999958],[-57.46596409999995,-22.131866999999943],[-57.464486499999964,-22.107982999999933],[-57.453679299999976,-22.105038499999978],[-57.45893289999998,-22.08005579999997],[-57.44919179999994,-22.082763799999952],[-57.44557119999996,-22.069031199999927],[-57.429976599999975,-22.069545799999958],[-57.43339539999994,-22.060569399999963],[-57.42038659999997,-22.054061399999966],[-57.425870799999984,-22.044471399999964],[-57.41710889999996,-22.022933399999943],[-57.39796649999994,-22.003426599999955],[-57.37823509999998,-21.99599999999998],[-57.38651589999995,-21.984960199999932],[-57.378722299999936,-21.96958369999993],[-57.36782059999996,-21.97114229999994],[-57.35828209999994,-21.959574499999974],[-57.34046639999997,-21.96370849999994],[-57.30515139999994,-21.930452699999933],[-57.298468199999945,-21.939107899999954],[-57.27885689999994,-21.94199969999994],[-57.28014009999998,-21.935714599999983],[-57.27153939999994,-21.93381519999997],[-57.253576899999985,-21.94159449999995],[-57.24311089999998,-21.919002599999942],[-57.229773499999965,-21.911774399999956],[-57.22902099999993,-21.895782999999938],[-57.193722599999944,-21.887610499999937],[-57.19596629999995,-21.87905049999995],[-57.18982259999996,-21.877203399999928],[-57.19974089999994,-21.86784259999996],[-57.19086949999996,-21.854410599999937],[-57.19083329999995,-21.825927299999933],[-57.15777929999996,-21.784831999999938],[-57.17099929999995,-21.76421229999994],[-57.15807829999994,-21.750862599999948],[-57.16053809999994,-21.741854099999955],[-57.15097789999999,-21.742013999999983],[-57.13807529999997,-21.727651799999933],[-57.14317689999996,-21.709420199999954],[-57.11915069999998,-21.707126899999935],[-57.109424899999965,-21.679307799999947],[-57.09375609999995,-21.678687199999956],[-57.09385889999999,-21.66992819999996],[-57.08381869999994,-21.665096799999958],[-57.08866699999999,-21.66099459999998],[-57.062770299999954,-21.665334799999982],[-57.01328539999997,-21.62822269999998],[-56.99252709999996,-21.64082439999993],[-56.96170669999998,-21.641883099999973],[-56.97292879999998,-21.62824919999997],[-56.958648299999936,-21.624488999999983],[-56.95268269999997,-21.631466599999953],[-56.947348999999974,-21.595880399999942],[-56.92238889999999,-21.595282699999927],[-56.91532769999998,-21.58129759999997],[-56.863546499999984,-21.570131999999944],[-56.852361299999984,-21.56065069999994],[-56.829819999999984,-21.570643899999936],[-56.81453449999998,-21.56679909999997],[-56.80349239999998,-21.585730999999953],[-56.801535799999954,-21.625216399999942],[-56.79602309999996,-21.62577209999995],[-56.804232999999954,-21.655502299999966],[-56.76287879999995,-21.681375499999945]]]}},{"id":"5124","type":"Feature","properties":{"COD_IBGE":"5002902","MUNICIPIO":"Cassilândia","UF":"MS"},"geometry":{"type":"Polygon","coordinates":[[[-51.73017029999994,-19.10377139999997],[-51.71165109999998,-19.103038899999945],[-51.70011459999995,-19.118794899999955],[-51.68256299999996,-19.120927199999983],[-51.65716429999998,-19.137849699999947],[-51.63838599999997,-19.12636649999996],[-51.608434699999975,-19.140999699999952],[-51.59221199999996,-19.126787399999955],[-51.57677239999998,-19.12618989999993],[-51.53915929999994,-19.142679999999928],[-51.55446279999995,-19.17910009999997],[-51.55386359999994,-19.211015999999972],[-51.57123789999997,-19.248399699999936],[-51.56962459999994,-19.283217099999945],[-51.60374789999997,-19.26793639999994],[-51.63669369999997,-19.269759799999974],[-51.653368599999965,-19.255194399999937],[-51.724996199999964,-19.240136099999972],[-51.74963319999995,-19.210225899999955],[-51.75844959999995,-19.218155399999944],[-51.79783179999998,-19.22142569999994],[-51.80524529999997,-19.23837629999997],[-51.83195789999996,-19.225526799999955],[-51.93658599999998,-19.212948899999958],[-51.97998869999998,-19.19108959999994],[-52.02022019999998,-19.198814999999968],[-52.051099599999986,-19.22738769999995],[-52.05618939999994,-19.25020029999996],[-52.078581499999984,-19.25915279999998],[-52.12863289999996,-19.215101699999934],[-52.17090049999996,-19.197254199999975],[-52.188949899999955,-19.212016699999936],[-52.189120799999955,-19.220315099999937],[-52.207786099999964,-19.219348199999956],[-52.22248059999998,-19.237898799999982],[-52.20039049999997,-19.24815979999994],[-52.16239609999997,-19.306555999999944],[-52.089398399999936,-19.304917099999955],[-52.078579299999944,-19.322561699999937],[-52.11082849999997,-19.364160599999934],[-52.12607159999993,-19.373900299999946],[-52.15218909999999,-19.349078599999928],[-52.17015999999995,-19.35177099999993],[-52.18514159999995,-19.33634889999996],[-52.20171849999997,-19.347059899999977],[-52.202974799999936,-19.369428099999936],[-52.21780929999994,-19.375550399999952],[-52.26594309999996,-19.363012999999967],[-52.32469349999997,-19.36651809999995],[-52.386578199999974,-19.33631859999997],[-52.44097069999998,-19.33649749999995],[-52.468245499999966,-19.326458699999932],[-52.48941729999996,-19.254653899999937],[-52.541844699999956,-19.223734899999954],[-52.52765069999998,-19.062490499999967],[-52.57848819999998,-19.02353819999996],[-52.58299709999994,-19.006316999999967],[-52.577477199999976,-19.001560299999937],[-52.58556539999995,-18.995836899999972],[-52.57952389999997,-18.991241499999944],[-52.587126299999966,-18.982846799999948],[-52.59952259999994,-18.983327499999973],[-52.592867499999954,-18.966755099999943],[-52.54946629999995,-18.932742899999937],[-52.53439739999993,-18.90717239999998],[-52.51791399999996,-18.924270399999955],[-52.52001649999994,-18.94090369999998],[-52.507620299999985,-18.939233899999977],[-52.517055599999935,-18.95703069999996],[-52.47008519999997,-18.969930499999975],[-52.490894099999934,-18.923358699999937],[-52.46616709999995,-18.921281299999976],[-52.49482869999997,-18.882290499999954],[-52.47852709999995,-18.867447699999957],[-52.47425949999996,-18.85908829999994],[-52.48556359999998,-18.854132499999935],[-52.47044719999997,-18.835996699999953],[-52.48231769999995,-18.78605299999998],[-52.41189559999998,-18.743976499999974],[-52.40827369999994,-18.756497899999943],[-52.367182499999956,-18.79416189999995],[-52.36951279999994,-18.799487599999964],[-52.35390079999996,-18.80020339999993],[-52.354053799999974,-18.814047399999936],[-52.33349289999995,-18.82933419999995],[-52.30514069999998,-18.840439799999956],[-52.29335379999998,-18.82924509999998],[-52.263230299999975,-18.828224399999954],[-52.25610399999994,-18.838663199999928],[-52.237437899999975,-18.843291299999976],[-52.18308739999998,-18.84763529999998],[-52.153034599999955,-18.891675599999928],[-52.110806399999944,-18.89870179999997],[-52.10579269999994,-18.92592979999995],[-52.08815049999998,-18.935442699999953],[-52.092911199999946,-18.94228899999996],[-52.079994399999975,-18.950849199999936],[-52.04363909999995,-18.95068779999997],[-52.04046139999997,-18.960661199999947],[-52.017587799999944,-18.964273099999957],[-52.015551699999946,-18.982637299999965],[-52.00028109999994,-18.967439699999943],[-51.99566159999995,-18.97423459999993],[-51.98094999999995,-18.972353599999963],[-51.97713679999998,-18.981724699999972],[-51.96762129999996,-18.976710899999944],[-51.968786499999965,-18.967061299999955],[-51.950994299999934,-18.981137699999977],[-51.94000769999997,-18.968471999999963],[-51.92559899999998,-18.97661409999995],[-51.926003099999946,-18.98492269999997],[-51.89678089999995,-18.99470199999996],[-51.89066429999997,-19.017768599999954],[-51.85768159999998,-19.050531299999932],[-51.84216959999998,-19.04242119999998],[-51.83507279999998,-19.045858799999962],[-51.843275999999946,-19.05644949999993],[-51.815705299999934,-19.055094699999927],[-51.79631199999994,-19.066431799999975],[-51.79108239999994,-19.079831199999944],[-51.744453799999974,-19.08604829999996],[-51.747876599999984,-19.09367949999995],[-51.73017029999994,-19.10377139999997]]]}},{"id":"5125","type":"Feature","properties":{"COD_IBGE":"5002951","MUNICIPIO":"Chapadão do Sul","UF":"MS"},"geometry":{"type":"Polygon","coordinates":[[[-52.68246519999997,-19.330356499999937],[-52.702799099999936,-19.281290499999955],[-52.725567799999965,-19.26846569999998],[-52.757150999999965,-19.273972799999967],[-52.75534529999993,-19.268151899999964],[-52.79153689999998,-19.256077799999957],[-52.81064249999997,-19.257289899999932],[-52.813960899999984,-19.245733799999982],[-52.81803279999997,-19.250518299999953],[-52.84917849999994,-19.240804899999944],[-52.85026049999993,-19.232873799999936],[-52.90060259999996,-19.24862889999997],[-52.916526499999975,-19.22650989999994],[-52.91239379999996,-19.220218699999975],[-52.93487689999995,-19.195172299999967],[-52.93057419999997,-19.180720599999972],[-52.94088879999998,-19.17774689999993],[-52.94005509999994,-19.148216799999943],[-52.96701529999996,-19.14187499999997],[-52.97584359999996,-19.126432499999964],[-52.971274499999936,-19.10811639999997],[-52.938705599999935,-19.10776949999996],[-52.92056309999998,-19.092524899999944],[-52.88205819999996,-19.078180199999963],[-52.82702709999995,-18.93232469999998],[-52.87654679999997,-18.888045399999953],[-52.898837999999955,-18.785882699999945],[-52.95931269999994,-18.785647599999947],[-52.97799509999999,-18.796636299999932],[-53.01862689999996,-18.795045699999946],[-53.034891899999934,-18.80223559999996],[-53.05300409999995,-18.792557599999952],[-53.037187899999935,-18.742488299999934],[-53.043344299999944,-18.723306199999968],[-53.022632199999975,-18.699270599999977],[-53.01783729999994,-18.67139469999995],[-52.99087059999994,-18.66757599999994],[-52.96068339999994,-18.650473099999942],[-52.921748099999945,-18.613474999999937],[-52.91432219999996,-18.61981959999997],[-52.91675959999998,-18.640294599999947],[-52.872213999999985,-18.646117699999934],[-52.846468699999946,-18.666952999999978],[-52.825431099999946,-18.672399799999937],[-52.809101199999986,-18.667214999999942],[-52.74601499999994,-18.69240689999998],[-52.716103299999986,-18.69140909999993],[-52.68394379999995,-18.677612199999942],[-52.63241199999993,-18.695589799999937],[-52.62123709999997,-18.688432399999954],[-52.588692099999946,-18.68793349999993],[-52.55240439999994,-18.65708209999997],[-52.53154929999994,-18.65748069999995],[-52.51018209999995,-18.67429519999996],[-52.44802559999994,-18.691966499999978],[-52.424351799999954,-18.732983099999956],[-52.41239319999994,-18.73975409999997],[-52.48231769999995,-18.78605299999998],[-52.47044719999997,-18.835996699999953],[-52.48556359999998,-18.854132499999935],[-52.47425949999996,-18.85908829999994],[-52.47852709999995,-18.867447699999957],[-52.49482869999997,-18.882290499999954],[-52.46616709999995,-18.921281299999976],[-52.490894099999934,-18.923358699999937],[-52.47008519999997,-18.969930499999975],[-52.517055599999935,-18.95703069999996],[-52.507620299999985,-18.939233899999977],[-52.52001649999994,-18.94090369999998],[-52.51791399999996,-18.924270399999955],[-52.53439739999993,-18.90717239999998],[-52.54946629999995,-18.932742899999937],[-52.592867499999954,-18.966755099999943],[-52.59952259999994,-18.983327499999973],[-52.587126299999966,-18.982846799999948],[-52.57952389999997,-18.991241499999944],[-52.58556539999995,-18.995836899999972],[-52.577477199999976,-19.001560299999937],[-52.58299709999994,-19.006316999999967],[-52.57848819999998,-19.02353819999996],[-52.52765069999998,-19.062490499999967],[-52.541844699999956,-19.223734899999954],[-52.48984359999997,-19.254138099999977],[-52.46991849999995,-19.323994899999946],[-52.438349899999935,-19.343514999999968],[-52.45423039999997,-19.37343679999998],[-52.44795499999998,-19.378222999999934],[-52.46718949999996,-19.39174879999996],[-52.46640869999993,-19.41861689999996],[-52.473681399999975,-19.419055899999933],[-52.47144739999993,-19.431852099999958],[-52.46257429999997,-19.435905499999933],[-52.47023159999998,-19.43992659999998],[-52.46977369999996,-19.454443099999935],[-52.45805819999998,-19.45873439999997],[-52.47284309999998,-19.481386399999963],[-52.47114559999994,-19.491950199999962],[-52.48493279999997,-19.50106729999993],[-52.48734579999996,-19.528350299999943],[-52.507727999999986,-19.551137899999958],[-52.52165979999995,-19.540858199999946],[-52.51865049999998,-19.52095849999995],[-52.529890499999965,-19.501030799999967],[-52.51945749999993,-19.491219499999943],[-52.57528989999997,-19.43657399999995],[-52.57587079999996,-19.41301169999997],[-52.56607719999994,-19.397032199999956],[-52.578354299999944,-19.399239399999942],[-52.58832069999994,-19.378664499999957],[-52.603269299999965,-19.375663999999972],[-52.608208099999956,-19.36627009999995],[-52.616219299999955,-19.369056499999942],[-52.61116389999995,-19.36069999999995],[-52.62201339999996,-19.352569899999935],[-52.644547399999965,-19.35360499999996],[-52.65394329999998,-19.343359199999952],[-52.66419179999997,-19.344802899999934],[-52.68246519999997,-19.330356499999937]]]}},{"id":"5126","type":"Feature","properties":{"COD_IBGE":"5003108","MUNICIPIO":"Corguinho","UF":"MS"},"geometry":{"type":"Polygon","coordinates":[[[-54.889190499999984,-19.93905909999995],[-54.882196499999964,-19.94862089999998],[-54.895468999999935,-19.949818999999934],[-54.893087099999946,-19.97749179999994],[-54.906120499999986,-19.989469499999927],[-54.89744439999998,-19.998072299999933],[-54.90405309999994,-20.00527619999997],[-54.91169469999994,-20.00174809999993],[-54.91535909999993,-20.01874859999998],[-54.92660409999996,-20.023130799999933],[-54.92922579999998,-20.04022889999993],[-54.91218539999994,-20.04280449999993],[-54.927367699999934,-20.04829579999995],[-54.91831369999994,-20.056230099999937],[-54.927200599999935,-20.054080299999953],[-54.935879099999966,-20.069014099999947],[-54.95620969999993,-20.080895399999974],[-54.954229399999974,-20.09412539999994],[-54.97339699999998,-20.092810199999974],[-54.97793569999993,-20.10628769999994],[-54.995364999999936,-20.112675299999978],[-54.99785029999998,-20.127608099999975],[-55.014793399999974,-20.120768099999964],[-55.018199599999946,-20.132085099999927],[-55.02849439999994,-20.125012999999967],[-55.043795099999954,-20.135609899999963],[-55.048923599999966,-20.144407199999932],[-55.04099019999995,-20.15555399999994],[-55.06178799999998,-20.165892499999927],[-55.06911739999998,-20.15433939999997],[-55.077377499999955,-20.160622299999943],[-55.08367249999998,-20.154237099999932],[-55.08042829999994,-20.13622209999994],[-55.06751579999997,-20.13245749999993],[-55.06385119999993,-20.109022599999946],[-55.09638679999995,-20.04559779999994],[-55.09778719999997,-20.021077399999967],[-55.11112039999995,-20.005007999999975],[-55.12860809999995,-19.999142399999982],[-55.13925089999998,-19.98631389999997],[-55.139674799999966,-19.971797099999947],[-55.17966679999995,-19.99275629999994],[-55.19972229999996,-19.994128299999943],[-55.22239779999995,-19.978996999999936],[-55.22999129999994,-19.985618899999963],[-55.25145009999994,-19.982798499999944],[-55.26825829999996,-20.000619899999947],[-55.32322609999994,-19.981209299999932],[-55.30978859999993,-19.947705199999973],[-55.33070219999996,-19.93029919999998],[-55.33720249999993,-19.881204599999933],[-55.37838899999997,-19.850017599999944],[-55.38862859999995,-19.83321109999997],[-55.39460939999998,-19.80149739999996],[-55.37808009999998,-19.787479099999928],[-55.382357999999954,-19.779811199999926],[-55.37619909999995,-19.773547699999938],[-55.36372529999994,-19.774243399999932],[-55.34659469999997,-19.76073569999994],[-55.34701819999998,-19.738551799999982],[-55.32203259999994,-19.70098399999995],[-55.32170279999997,-19.686960899999974],[-55.30576549999995,-19.67266879999994],[-55.285036299999945,-19.61806789999997],[-55.28845719999998,-19.607392299999958],[-55.26593969999993,-19.585783499999934],[-55.241135199999974,-19.521397099999945],[-55.17398709999998,-19.594889099999932],[-55.14622799999995,-19.614304999999945],[-55.08482909999998,-19.63061829999998],[-55.05701639999995,-19.608890499999973],[-55.04080579999999,-19.612030199999936],[-55.03314859999995,-19.624985599999945],[-55.05178929999994,-19.629627899999946],[-55.03890379999996,-19.63759479999993],[-55.04616569999996,-19.664749299999983],[-55.03693539999995,-19.679953699999942],[-55.02759039999995,-19.676442299999962],[-55.027144599999986,-19.698472099999947],[-55.01204889999997,-19.701273899999933],[-54.97005029999997,-19.68486349999995],[-54.934524599999975,-19.694657199999938],[-54.901404999999954,-19.679337199999964],[-54.89281119999998,-19.652417799999967],[-54.83859389999998,-19.647577199999944],[-54.83812899999998,-19.608093099999962],[-54.824243199999955,-19.593753999999933],[-54.812258499999984,-19.53597579999996],[-54.81833409999996,-19.491072299999928],[-54.799124699999936,-19.47612879999997],[-54.79490539999995,-19.45541989999998],[-54.786273999999935,-19.472879199999966],[-54.732874799999934,-19.508175499999936],[-54.73514419999998,-19.517635299999938],[-54.747141399999975,-19.52144199999998],[-54.74880179999997,-19.53452969999995],[-54.73092879999996,-19.54365249999995],[-54.73681399999998,-19.552895599999943],[-54.72800659999996,-19.559703699999943],[-54.733122299999934,-19.56879509999993],[-54.72059839999997,-19.59381869999993],[-54.73556179999997,-19.610001099999977],[-54.73539819999996,-19.62224139999995],[-54.76220579999995,-19.632212299999935],[-54.75266929999998,-19.639864099999954],[-54.74465249999997,-19.67745179999997],[-54.73008779999998,-19.689617399999975],[-54.733731199999966,-19.70429889999997],[-54.72594849999996,-19.71287559999996],[-54.73283959999998,-19.724432099999945],[-54.73392819999998,-19.77246299999996],[-54.76217339999994,-19.780402299999935],[-54.76205239999996,-19.78783199999998],[-54.78346119999998,-19.798667099999932],[-54.81790929999994,-19.839663899999948],[-54.834052199999974,-19.839039199999945],[-54.84045679999997,-19.86610159999998],[-54.83397139999994,-19.871055099999978],[-54.83521749999994,-19.887387899999965],[-54.84262579999995,-19.88648479999995],[-54.84316249999995,-19.89904279999996],[-54.85027629999996,-19.897282599999983],[-54.870703799999944,-19.924439699999937],[-54.88177779999995,-19.923013599999933],[-54.889190499999984,-19.93905909999995]]]}},{"id":"5127","type":"Feature","properties":{"COD_IBGE":"5003157","MUNICIPIO":"Coronel Sapucaia","UF":"MS"},"geometry":{"type":"Polygon","coordinates":[[[-55.55485679999998,-23.28296279999995],[-55.522657799999934,-23.259712999999977],[-55.537278399999934,-23.251262399999973],[-55.53909919999995,-23.241198899999972],[-55.52004419999997,-23.239825999999937],[-55.49336539999996,-23.200516299999947],[-55.49615759999995,-23.165000599999928],[-55.47922809999994,-23.128714099999968],[-55.45565319999997,-23.111252699999966],[-55.446767499999964,-23.093763799999977],[-55.434087199999965,-23.09100899999993],[-55.42190629999993,-23.127602399999944],[-55.38388749999996,-23.178571099999942],[-55.373209299999985,-23.207992699999977],[-55.35882049999998,-23.21956309999996],[-55.34136029999996,-23.26158689999994],[-55.24942809999993,-23.301902799999937],[-55.23441249999996,-23.318969799999934],[-55.227083499999935,-23.315285699999947],[-55.20845499999996,-23.338338199999953],[-55.200858799999935,-23.33538649999997],[-55.190146599999935,-23.34788979999996],[-55.16516279999996,-23.356066399999975],[-55.15359639999997,-23.378623999999945],[-55.16637719999994,-23.377659799999947],[-55.20351699999998,-23.399876699999936],[-55.271888899999965,-23.57027949999997],[-55.29740009999995,-23.510734999999954],[-55.36344599999995,-23.50466629999994],[-55.39488819999997,-23.487795499999947],[-55.41671469999994,-23.492876199999955],[-55.43524639999998,-23.45760189999993],[-55.455696899999964,-23.45686779999994],[-55.46003399999995,-23.468039999999974],[-55.48662899999994,-23.486013899999932],[-55.56040819999998,-23.483080299999983],[-55.56211519999994,-23.476212699999962],[-55.543249499999945,-23.474245099999962],[-55.54469439999997,-23.44933169999996],[-55.515589699999964,-23.409575399999937],[-55.50448069999993,-23.378469799999948],[-55.519421199999954,-23.36517429999998],[-55.53456639999996,-23.33335519999997],[-55.55484739999997,-23.320548199999962],[-55.54917759999995,-23.30370659999994],[-55.55485679999998,-23.28296279999995]]]}},{"id":"5128","type":"Feature","properties":{"COD_IBGE":"5003207","MUNICIPIO":"Corumbá","UF":"MS"},"geometry":{"type":"Polygon","coordinates":[[[-57.75983389999993,-17.666491399999927],[-57.78053339999997,-17.647394299999974],[-57.77255719999994,-17.613596299999926],[-57.78239159999998,-17.61554209999997],[-57.784267299999954,-17.60770619999994],[-57.77460819999993,-17.599379399999975],[-57.78744899999998,-17.594339499999933],[-57.776694299999974,-17.58674899999994],[-57.79118289999997,-17.58731869999997],[-57.78108559999998,-17.577905099999953],[-57.800377399999945,-17.559524799999963],[-57.753574199999946,-17.56716199999994],[-57.740051499999936,-17.53630519999996],[-57.72805759999994,-17.52974789999996],[-57.71213899999998,-17.543133799999964],[-57.69689039999997,-17.620642799999928],[-57.66883769999998,-17.671906499999977],[-57.68072519999998,-17.684910199999933],[-57.68461309999998,-17.71648149999993],[-57.663554199999965,-17.729853799999944],[-57.640303899999935,-17.71735929999994],[-57.61199879999998,-17.75029369999993],[-57.62002879999994,-17.754763499999967],[-57.61488589999993,-17.766812199999947],[-57.60095049999995,-17.77529069999997],[-57.61258319999996,-17.77941119999997],[-57.60588379999996,-17.802339399999937],[-57.57633149999998,-17.800528399999962],[-57.57144869999996,-17.815394499999968],[-57.55866499999996,-17.815436899999952],[-57.552003799999966,-17.82820529999998],[-57.53102789999997,-17.83911349999994],[-57.53477689999994,-17.853633799999955],[-57.51911099999995,-17.861657699999967],[-57.477585799999986,-17.85905329999997],[-57.477668999999935,-17.87888209999994],[-57.452468899999985,-17.902643499999954],[-57.44672529999997,-17.874504099999967],[-57.421736899999985,-17.854198399999973],[-57.41074999999995,-17.858093099999962],[-57.39852109999998,-17.839366799999937],[-57.38568639999994,-17.844272899999964],[-57.37649779999998,-17.82576359999996],[-57.35345639999997,-17.83785839999996],[-57.32522629999994,-17.82915079999998],[-57.308084099999974,-17.810807299999965],[-57.29976899999997,-17.816848599999958],[-57.29002239999994,-17.811553699999934],[-57.29349629999996,-17.81993269999998],[-57.283330399999954,-17.822693999999956],[-57.283772899999974,-17.812912799999935],[-57.264835699999935,-17.82034959999993],[-57.252612099999965,-17.810761999999954],[-57.23263309999999,-17.812384099999974],[-57.25202369999994,-17.793455999999935],[-57.24296819999995,-17.79758439999995],[-57.22713739999995,-17.78278469999998],[-57.20424829999996,-17.789251899999954],[-57.17485149999993,-17.776238599999942],[-57.15593999999999,-17.778411799999958],[-57.14674409999998,-17.767505099999937],[-57.115607799999964,-17.78108629999997],[-57.11360909999996,-17.77172369999994],[-57.09858079999998,-17.770417599999973],[-57.09310339999996,-17.75367339999997],[-57.07982459999994,-17.74913429999998],[-57.07391209999997,-17.73546349999998],[-57.04491459999997,-17.730321299999957],[-57.03337689999995,-17.694741199999953],[-57.01926989999998,-17.692166499999928],[-57.01327479999998,-17.672429399999942],[-56.98821909999998,-17.65928999999994],[-56.983850099999984,-17.641893099999947],[-56.959107899999935,-17.61283889999993],[-56.960546799999975,-17.605155599999932],[-56.981411099999946,-17.61101549999995],[-56.97596269999997,-17.595961099999954],[-56.98235569999997,-17.580232999999964],[-56.95037929999995,-17.56863489999995],[-56.944960899999955,-17.552949499999954],[-56.90957629999997,-17.532546399999944],[-56.895771999999965,-17.53938329999994],[-56.875967499999945,-17.53297219999996],[-56.86147039999997,-17.505209599999944],[-56.861964599999965,-17.483906899999965],[-56.85023879999994,-17.48678129999996],[-56.84782299999995,-17.46400639999996],[-56.82541249999997,-17.45889169999998],[-56.840909899999986,-17.44200859999995],[-56.81970089999999,-17.431691799999953],[-56.84201799999994,-17.418189299999938],[-56.83024689999996,-17.407380399999965],[-56.82974279999996,-17.391325799999947],[-56.787862099999984,-17.389544899999976],[-56.78674929999994,-17.370504899999958],[-56.76287619999994,-17.36063919999998],[-56.76887449999998,-17.340858699999956],[-56.75721119999997,-17.33684009999996],[-56.756885599999976,-17.325686299999973],[-56.738766399999975,-17.324499299999957],[-56.73385419999994,-17.309860199999946],[-56.718019599999934,-17.308332099999973],[-56.713543899999934,-17.318794799999978],[-56.69298919999994,-17.31748299999998],[-56.695910099999935,-17.326938799999937],[-56.68318139999997,-17.316566399999942],[-56.66357499999998,-17.338829699999962],[-56.65563279999998,-17.333390299999962],[-56.66268679999996,-17.326759899999956],[-56.656711299999984,-17.321441499999935],[-56.64546279999996,-17.339347699999962],[-56.64743789999994,-17.31698709999995],[-56.63043869999996,-17.33420099999995],[-56.625018299999965,-17.322085499999957],[-56.595892299999946,-17.33254439999996],[-56.57656989999998,-17.33105489999997],[-56.57935329999998,-17.32030279999998],[-56.57116279999997,-17.315301699999964],[-56.55101559999997,-17.32287629999996],[-56.532374199999936,-17.312963799999977],[-56.52718039999996,-17.321157599999935],[-56.522126999999955,-17.310583899999926],[-56.506044799999984,-17.30604459999995],[-56.51545839999994,-17.292824699999926],[-56.50684899999993,-17.294721799999934],[-56.50176879999998,-17.286325399999953],[-56.49821019999996,-17.29871079999998],[-56.47312499999998,-17.310011199999963],[-56.46751759999995,-17.302279399999975],[-56.46396239999996,-17.315667599999927],[-56.45237369999995,-17.31017559999998],[-56.450877599999956,-17.326391599999965],[-56.44233099999997,-17.331282099999953],[-56.41868249999993,-17.311904699999957],[-56.40809559999997,-17.316102299999955],[-56.38306629999994,-17.28795839999998],[-56.360654899999986,-17.280844299999956],[-56.356679499999984,-17.26704989999996],[-56.34295989999998,-17.27304229999993],[-56.351707499999975,-17.27753699999994],[-56.33587359999996,-17.28994849999998],[-56.33498679999997,-17.28242549999993],[-56.32326329999995,-17.28571549999998],[-56.31354099999999,-17.269429099999968],[-56.29784979999994,-17.27658809999997],[-56.28170609999995,-17.26343419999995],[-56.28540229999999,-17.24741849999998],[-56.26812639999997,-17.248127799999963],[-56.26904109999998,-17.239791999999966],[-56.256548099999975,-17.24379179999994],[-56.26240139999993,-17.231233199999963],[-56.252290899999934,-17.234163899999942],[-56.25134479999997,-17.21902309999996],[-56.22093049999995,-17.228790699999934],[-56.22295239999994,-17.219292199999927],[-56.208765599999936,-17.227269199999967],[-56.213014999999984,-17.210614299999975],[-56.189149499999985,-17.21036829999997],[-56.185431999999935,-17.18923259999997],[-56.17709689999998,-17.195969899999966],[-56.152729499999964,-17.185475099999962],[-56.13986999999997,-17.191191799999956],[-56.140149399999984,-17.17950339999993],[-56.11234409999997,-17.166348599999935],[-56.084461999999974,-17.177663799999948],[-56.06168039999994,-17.17071089999996],[-56.05098419999996,-17.18694819999996],[-56.04411929999998,-17.171395099999927],[-56.00551019999995,-17.204196799999977],[-56.02098459999996,-17.21364239999997],[-56.008627599999954,-17.21419039999995],[-56.010785399999975,-17.239043299999935],[-56.003760099999965,-17.233729899999958],[-56.003841799999975,-17.244791299999974],[-55.98873639999994,-17.241516499999932],[-55.98695829999997,-17.258480299999974],[-55.98081369999994,-17.246699999999976],[-55.96817619999996,-17.254710199999977],[-55.95192439999994,-17.25019839999993],[-55.955817699999955,-17.25645359999993],[-55.94131409999994,-17.27788389999995],[-55.931481599999984,-17.273812499999963],[-55.92634049999998,-17.25785989999997],[-55.91664449999996,-17.265043099999957],[-55.88653789999995,-17.263899099999946],[-55.90192629999996,-17.273400799999933],[-55.89087479999995,-17.27233279999996],[-55.88656219999996,-17.284764699999982],[-55.875504999999976,-17.28060439999996],[-55.87481109999993,-17.268634899999938],[-55.85822919999998,-17.28352959999995],[-55.85142309999998,-17.279274399999963],[-55.84192019999995,-17.30123229999998],[-55.82745479999994,-17.28837219999997],[-55.828039399999966,-17.306603999999936],[-55.82095399999997,-17.297698899999943],[-55.80440349999998,-17.299426299999936],[-55.80501099999998,-17.309439899999973],[-55.78764449999994,-17.328645799999947],[-55.78065069999997,-17.321427399999948],[-55.77253979999995,-17.332049599999948],[-55.76120659999998,-17.323531999999943],[-55.72156049999995,-17.349495599999955],[-55.709097499999984,-17.337615699999958],[-55.70134679999995,-17.354129499999942],[-55.69322859999994,-17.339890199999957],[-55.68623319999995,-17.35087029999994],[-55.68064889999994,-17.338984599999947],[-55.668105099999934,-17.35068709999996],[-55.65656729999995,-17.33826209999995],[-55.64459019999998,-17.359221499999933],[-55.64003009999993,-17.339717899999982],[-55.62633979999998,-17.364029699999946],[-55.61378539999998,-17.36810669999994],[-55.61342149999996,-17.359851999999933],[-55.58560909999994,-17.373617199999956],[-55.586596499999985,-17.398214499999938],[-55.579871099999934,-17.400843099999975],[-55.586593999999934,-17.403381299999978],[-55.587062799999956,-17.42170669999996],[-55.575338999999985,-17.418799899999954],[-55.57487269999996,-17.434665999999936],[-55.550482999999986,-17.44690879999996],[-55.55736919999998,-17.451895399999955],[-55.54273809999995,-17.45651479999998],[-55.537031799999966,-17.468484099999955],[-55.52219759999997,-17.472102999999947],[-55.52408929999996,-17.481176499999947],[-55.50453239999996,-17.48098129999994],[-55.504341599999975,-17.48651179999996],[-55.47264209999997,-17.48135639999998],[-55.443737399999975,-17.511776099999963],[-55.44391989999997,-17.505673799999954],[-55.405204399999946,-17.512396799999976],[-55.382334999999955,-17.525475899999947],[-55.37711329999996,-17.51504259999996],[-55.35375989999994,-17.53161689999996],[-55.350672799999984,-17.548558399999933],[-55.33786779999997,-17.545239699999968],[-55.32408819999995,-17.553029699999968],[-55.32964969999995,-17.548438699999963],[-55.32250329999994,-17.542433199999948],[-55.29442309999996,-17.541725999999926],[-55.29653469999994,-17.55111519999997],[-55.28383469999994,-17.552157299999976],[-55.289561799999944,-17.56031269999994],[-55.275674899999956,-17.565072099999952],[-55.26920119999994,-17.55677469999995],[-55.26414009999996,-17.57792139999998],[-55.25409019999995,-17.576946499999963],[-55.24253379999993,-17.602123999999947],[-55.243337699999984,-17.59430659999998],[-55.22722959999999,-17.598843699999975],[-55.21814029999996,-17.60751719999996],[-55.21913889999996,-17.613238399999943],[-55.225670399999956,-17.609322499999962],[-55.22149969999998,-17.61709929999995],[-55.204810099999975,-17.613759999999957],[-55.192254799999944,-17.628245899999968],[-55.18389519999994,-17.61980539999996],[-55.17572949999993,-17.63492169999995],[-55.16681129999995,-17.634207699999934],[-55.170613999999944,-17.640833999999927],[-55.14200329999994,-17.639287099999933],[-55.13899639999994,-17.647832499999936],[-55.39900289999997,-18.582093699999973],[-55.52794209999996,-18.940359399999977],[-55.55786109999997,-18.972915799999953],[-55.631484299999954,-19.026332199999956],[-55.65371899999997,-19.054821699999934],[-55.66836089999998,-19.057674599999928],[-55.700373999999954,-19.08646959999993],[-55.70919599999996,-19.110712699999965],[-55.72608239999994,-19.127235499999927],[-55.73770159999998,-19.16237579999995],[-55.76497819999997,-19.192495599999972],[-55.79003919999997,-19.257286199999953],[-55.82282529999998,-19.285749899999928],[-55.81936859999996,-19.321591099999978],[-55.82622449999997,-19.339063099999976],[-55.83629629999996,-19.350740299999927],[-55.85161429999994,-19.352749099999983],[-55.860392099999956,-19.371337799999935],[-55.88945989999996,-19.390978899999936],[-55.89833039999996,-19.416430099999957],[-55.91952459999993,-19.422129199999972],[-55.92592579999996,-19.437120999999934],[-55.938031699999954,-19.44076769999998],[-55.94917859999998,-19.46536889999993],[-55.97175499999997,-19.465945699999963],[-55.97312169999998,-19.27890469999994],[-56.58019439999998,-19.277413399999944],[-56.618880599999954,-19.513636299999973],[-56.85178089999994,-19.605789699999946],[-56.86613459999995,-19.620312799999965],[-56.87585779999995,-19.61663139999996],[-56.883370499999955,-19.622961999999973],[-56.90350159999997,-19.60998969999997],[-56.96357189999998,-19.62349759999995],[-56.97911879999998,-19.609712099999967],[-56.99957559999996,-19.616210999999964],[-57.002516499999956,-19.66794189999996],[-57.06749519999994,-20.015302299999973],[-57.027693699999986,-20.01545299999998],[-57.025432199999955,-20.028117099999974],[-57.002090099999975,-20.049973999999963],[-57.00311859999994,-20.112248999999963],[-56.98670009999995,-20.132336599999974],[-56.99767779999996,-20.147083599999974],[-56.99256099999997,-20.156252499999937],[-56.99797609999996,-20.18891979999995],[-56.96581059999994,-20.22146749999996],[-57.01948599999997,-20.272509799999966],[-57.04580189999996,-20.281291799999963],[-57.08274659999995,-20.267185499999982],[-57.105150299999934,-20.277930499999968],[-57.13310789999997,-20.27273379999997],[-57.14809769999994,-20.250075699999968],[-57.17594339999994,-20.23514679999994],[-57.19781909999995,-20.231361499999934],[-57.204720399999985,-20.23911049999998],[-57.23310639999994,-20.225795799999958],[-57.25811509999994,-20.18562079999998],[-57.271407099999976,-20.179241699999977],[-57.30027609999996,-20.19067069999994],[-57.30734869999998,-20.204462499999977],[-57.30202039999995,-20.211292199999946],[-57.30595329999994,-20.270596999999952],[-57.32102539999994,-20.268227899999943],[-57.32795719999996,-20.28742529999994],[-57.33798959999996,-20.28633489999993],[-57.32702539999997,-20.296396799999968],[-57.327655799999945,-20.309862099999975],[-57.336775399999965,-20.321542199999953],[-57.35811689999997,-20.32042299999995],[-57.386425299999985,-20.340940699999976],[-57.39331759999993,-20.336358899999937],[-57.41326389999995,-20.363253999999927],[-57.42052689999997,-20.355047299999967],[-57.427364599999976,-20.363618499999973],[-57.41428899999994,-20.367494799999974],[-57.41388009999997,-20.380912299999977],[-57.43027999999998,-20.43522429999996],[-57.438683699999956,-20.433265199999937],[-57.433656499999984,-20.44288149999994],[-57.44375499999995,-20.443786699999976],[-57.434540599999934,-20.450533399999927],[-57.45963909999995,-20.462972699999966],[-57.462690399999985,-20.475135299999977],[-57.47066799999993,-20.471662099999946],[-57.46941499999997,-20.48670839999994],[-57.476232799999934,-20.489535699999976],[-57.47100229999995,-20.493536199999937],[-57.47700729999997,-20.49458919999995],[-57.46850279999995,-20.496591099999932],[-57.47160279999997,-20.50948649999998],[-57.48729479999997,-20.512238999999965],[-57.49367749999993,-20.527261299999964],[-57.485537299999976,-20.549494099999947],[-57.48017289999996,-20.54581829999995],[-57.46146719999996,-20.561166799999967],[-57.45794939999996,-20.553450599999962],[-57.44940569999994,-20.574410299999954],[-57.46175159999996,-20.570660199999963],[-57.46119479999999,-20.579685299999937],[-57.47023799999994,-20.580648699999927],[-57.467179999999985,-20.592205899999954],[-57.484119599999985,-20.59053259999996],[-57.51613299999997,-20.607806099999948],[-57.511832399999946,-20.620500799999945],[-57.52221059999994,-20.61407459999998],[-57.54047029999998,-20.623102899999935],[-57.56121029999997,-20.609625299999948],[-57.57106239999996,-20.613988499999948],[-57.57406109999994,-20.62930149999994],[-57.60540709999998,-20.62647389999995],[-57.611810299999945,-20.644768299999953],[-57.64076819999997,-20.66569099999998],[-57.63725899999997,-20.67602839999995],[-57.64826839999995,-20.69661679999996],[-57.64253199999996,-20.70016739999994],[-57.657772299999976,-20.71909169999998],[-57.67924719999996,-20.73179399999998],[-57.710977699999944,-20.726218899999935],[-57.72203239999993,-20.733165499999927],[-57.719038799999964,-20.74407249999996],[-57.73415849999998,-20.75168149999996],[-57.73102229999995,-20.766524199999935],[-57.74044679999997,-20.771487599999944],[-57.73486139999994,-20.782436899999936],[-57.745525199999975,-20.798281999999972],[-57.772304599999984,-20.803206099999954],[-57.78183539999998,-20.79169879999995],[-57.79403849999994,-20.796065599999963],[-57.788755099999946,-20.800967299999968],[-57.79694329999995,-20.80044429999998],[-57.79672469999997,-20.810344199999975],[-57.81643829999996,-20.81047239999998],[-57.81221889999995,-20.821900399999947],[-57.82651169999997,-20.828741599999944],[-57.829607299999964,-20.840400899999963],[-57.82035819999999,-20.844257999999968],[-57.82891879999994,-20.852337199999965],[-57.81190859999998,-20.860945199999946],[-57.827922299999955,-20.870502199999976],[-57.83247039999998,-20.885582799999952],[-57.846911499999976,-20.889105899999947],[-57.83956159999997,-20.89360629999993],[-57.84258479999994,-20.907010499999956],[-57.83596759999995,-20.90712439999993],[-57.847407299999986,-20.916449499999942],[-57.83318849999995,-20.922883399999932],[-57.84510239999997,-20.92802789999996],[-57.83370609999997,-20.93628099999995],[-57.856753599999934,-20.949468299999978],[-57.87461149999996,-20.93980309999995],[-57.88653109999996,-20.908646499999975],[-57.92188839999994,-20.904473399999972],[-57.928944299999955,-20.89522979999998],[-57.87699299999997,-20.85656359999996],[-57.85789639999996,-20.850927999999953],[-57.85939689999998,-20.824855699999944],[-57.89887369999997,-20.788700999999946],[-57.94122719999996,-20.800815899999975],[-57.96176529999997,-20.792624299999943],[-57.93415429999993,-20.745954499999982],[-57.86800309999995,-20.749410099999977],[-57.870172999999966,-20.725470599999937],[-57.92311889999996,-20.66453379999996],[-57.936794599999985,-20.670012699999972],[-57.95824669999996,-20.704898199999946],[-57.98788799999994,-20.69955159999995],[-57.97038599999996,-20.64419179999993],[-57.99557429999999,-20.631726399999934],[-58.01263789999996,-20.612611499999957],[-57.997182899999984,-20.572371399999952],[-58.02017549999994,-20.509762999999964],[-57.99690709999999,-20.45075559999998],[-57.99813819999997,-20.436973699999953],[-58.021842799999945,-20.401924699999938],[-58.06718939999996,-20.391126399999962],[-58.08401769999995,-20.372166299999947],[-58.10305049999994,-20.321168799999953],[-58.08973659999998,-20.276852799999972],[-58.096649799999966,-20.25392499999998],[-58.11952349999996,-20.249581599999942],[-58.144550299999935,-20.271777399999962],[-58.159396999999956,-20.263848399999972],[-58.163567599999965,-20.22732629999996],[-58.121846199999936,-20.194392599999958],[-58.132596999999976,-20.18193599999995],[-58.159334599999966,-20.181416499999955],[-58.16872029999996,-20.167301099999975],[-58.152864299999976,-20.15302289999994],[-58.11675459999998,-20.146652899999935],[-58.09222119999998,-20.10831459999997],[-58.04806519999994,-20.105415599999958],[-58.03213039999997,-20.06313309999996],[-57.97898139999995,-20.05546149999998],[-57.95811619999995,-20.023049499999956],[-57.933849099999975,-20.02036739999994],[-57.90361629999995,-20.043263799999977],[-57.85909909999998,-19.97174689999997],[-58.13138299999997,-19.759361299999966],[-57.78329199999996,-19.035068699999954],[-57.71044679999994,-19.03466359999993],[-57.692187399999966,-19.010271199999977],[-57.70314079999997,-18.987576499999932],[-57.71924089999993,-18.97813539999993],[-57.71971129999997,-18.899464099999932],[-57.76668939999996,-18.899467699999946],[-57.558284199999946,-18.240669899999943],[-57.453819599999974,-18.23075369999998],[-57.47528519999997,-18.216961899999944],[-57.481372499999964,-18.197608699999932],[-57.50513449999994,-18.198616699999945],[-57.57412999999997,-18.131602199999975],[-57.600382699999955,-18.042673599999944],[-57.72143109999996,-17.828987499999982],[-57.683991299999946,-17.82899189999995],[-57.68401389999997,-17.80904929999997],[-57.71930779999997,-17.773083399999962],[-57.71129949999994,-17.72866149999993],[-57.730294399999934,-17.72001369999998],[-57.74102279999994,-17.694875599999932],[-57.75183009999995,-17.694191899999964],[-57.75983389999993,-17.666491399999927]],[[-57.61598189999995,-19.002079699999967],[-57.62019429999998,-19.023064499999975],[-57.632557599999984,-19.032071799999983],[-57.63980779999997,-19.083781199999976],[-57.66132819999996,-19.087939699999936],[-57.67517929999997,-19.124400699999967],[-57.66733599999998,-19.16735609999995],[-57.607943399999954,-19.185694599999977],[-57.59795839999998,-19.200553799999966],[-57.57990709999996,-19.191010199999937],[-57.55306939999997,-19.195706299999927],[-57.540228799999966,-19.21342379999993],[-57.52294539999997,-19.219402099999968],[-57.50562649999995,-19.203721799999983],[-57.50188429999997,-19.116273299999932],[-57.484443099999964,-19.08483599999994],[-57.459593799999936,-19.06050709999994],[-57.46617859999998,-19.027485199999944],[-57.51027159999995,-19.01932949999997],[-57.525213399999984,-19.009072499999945],[-57.551030999999966,-19.016285099999948],[-57.58167389999994,-19.002121299999942],[-57.61598189999995,-19.002079699999967]]]}},{"id":"5129","type":"Feature","properties":{"COD_IBGE":"5003256","MUNICIPIO":"Costa Rica","UF":"MS"},"geometry":{"type":"Polygon","coordinates":[[[-53.17377549999998,-18.041559699999937],[-53.071645099999955,-18.035708599999964],[-53.07862879999993,-18.05302949999998],[-53.12365169999998,-18.05882829999996],[-53.143239999999935,-18.08183669999994],[-53.12973809999994,-18.160702499999957],[-53.11018759999996,-18.219563299999948],[-53.10115239999993,-18.310831099999973],[-53.071739599999944,-18.341542499999946],[-53.02482209999994,-18.35060489999995],[-53.014737199999956,-18.326883099999975],[-52.984096299999976,-18.307326399999965],[-52.935230099999956,-18.29655429999997],[-52.87320669999997,-18.314833499999963],[-52.822542699999985,-18.310571299999935],[-52.79691769999994,-18.316002199999957],[-52.771045699999945,-18.33353859999994],[-52.75848099999996,-18.357650299999932],[-52.76190159999993,-18.37131059999996],[-52.78606769999993,-18.390309099999968],[-52.800481299999944,-18.416092299999946],[-52.87329369999998,-18.426791599999945],[-52.88095729999998,-18.46549269999997],[-52.906784399999935,-18.48551299999997],[-52.915760499999976,-18.508902899999953],[-52.94251099999997,-18.517030699999964],[-52.96235139999993,-18.54081969999993],[-52.96492719999998,-18.550028899999973],[-52.93445359999998,-18.59911219999998],[-52.93987109999995,-18.613262599999928],[-52.921125899999936,-18.61340089999993],[-52.96068339999994,-18.650473099999942],[-52.99087059999994,-18.66757599999994],[-53.01783729999994,-18.67139469999995],[-53.022632199999975,-18.699270599999977],[-53.043344299999944,-18.723306199999968],[-53.037187899999935,-18.742488299999934],[-53.05300299999993,-18.79241959999996],[-53.04576909999997,-18.797807699999964],[-53.06137669999998,-18.809075699999937],[-53.10915689999996,-18.880712899999935],[-53.13052879999998,-18.89907029999995],[-53.142890499999965,-18.899788599999965],[-53.14679769999998,-18.922401699999966],[-53.166606599999966,-18.943623999999943],[-53.16586019999994,-18.98428139999993],[-53.17235869999996,-18.986977999999965],[-53.18186559999998,-18.98040459999993],[-53.17472109999994,-18.971885199999974],[-53.184207699999945,-18.97514819999998],[-53.196258899999975,-18.95721869999994],[-53.239332899999965,-18.943558399999972],[-53.252030099999956,-18.926139499999977],[-53.26540449999993,-18.92136249999993],[-53.278201699999954,-18.89663829999995],[-53.29156679999994,-18.890391199999954],[-53.299672999999984,-18.895165499999962],[-53.302201699999955,-18.887668299999973],[-53.32623119999994,-18.898044099999936],[-53.382425299999966,-18.943544299999928],[-53.40107489999997,-18.94123589999998],[-53.418155999999954,-18.910430299999973],[-53.436544099999935,-18.89622829999996],[-53.456212799999946,-18.894427599999972],[-53.46322059999994,-18.874513099999945],[-53.48957109999998,-18.849739799999952],[-53.48855139999995,-18.837546999999972],[-53.345338899999945,-18.775398999999936],[-53.37954339999993,-18.734839499999964],[-53.37486269999994,-18.69803749999994],[-53.36874209999996,-18.696318099999928],[-53.37308249999995,-18.68039729999998],[-53.41263329999998,-18.654350299999976],[-53.433145199999956,-18.654558599999973],[-53.43494449999997,-18.630562399999974],[-53.45668299999994,-18.629840199999933],[-53.46738229999994,-18.621236499999952],[-53.46283779999993,-18.602160499999968],[-53.470907599999975,-18.596995999999933],[-53.47244999999998,-18.577490099999977],[-53.50054369999998,-18.521460499999932],[-53.51813499999997,-18.513918099999955],[-53.560423199999946,-18.47024849999997],[-53.56137369999993,-18.45138979999996],[-53.58059479999997,-18.43718149999995],[-53.559379999999976,-18.43456649999996],[-53.54574089999994,-18.418969499999946],[-53.52472289999997,-18.416822799999977],[-53.521280899999965,-18.407865699999945],[-53.50762649999996,-18.40921499999996],[-53.498915899999986,-18.401315499999953],[-53.48703699999999,-18.415727299999958],[-53.436210899999935,-18.384770899999978],[-53.44889529999995,-18.35062279999994],[-53.430866599999945,-18.328539899999953],[-53.46162289999995,-18.27860959999998],[-53.455107099999964,-18.269202999999948],[-53.439476199999945,-18.25403369999998],[-53.40021849999994,-18.239975199999947],[-53.34749459999995,-18.257019699999944],[-53.33128979999998,-18.23481579999998],[-53.379443899999956,-18.203125099999966],[-53.35774259999994,-18.19399509999994],[-53.32956349999995,-18.20958859999996],[-53.31426239999996,-18.209467699999948],[-53.22261469999995,-18.13107169999995],[-53.22547009999994,-18.06618179999998],[-53.236315599999955,-18.051339999999982],[-53.23776399999997,-18.007443199999955],[-53.198791599999936,-18.02030609999997],[-53.19053939999998,-18.036298599999952],[-53.17377549999998,-18.041559699999937]]]}},{"id":"5130","type":"Feature","properties":{"COD_IBGE":"5003306","MUNICIPIO":"Coxim","UF":"MS"},"geometry":{"type":"Polygon","coordinates":[[[-54.740320199999985,-18.526712699999962],[-54.76256619999998,-18.579136799999958],[-54.75643299999996,-18.520642899999928],[-54.76436019999994,-18.50544169999995],[-54.75661439999993,-18.490835299999958],[-54.78344049999998,-18.469284999999957],[-54.799182299999984,-18.46601549999997],[-54.80596659999998,-18.446432999999956],[-54.825995499999976,-18.44423949999998],[-54.848108199999956,-18.42053029999994],[-54.85252619999994,-18.424331999999936],[-54.84369399999997,-18.43530999999996],[-54.86191869999993,-18.42796029999994],[-54.87010559999993,-18.43864899999994],[-54.880379199999936,-18.42887369999994],[-54.880834499999935,-18.444153399999948],[-54.89106229999993,-18.449094599999967],[-54.91102119999994,-18.43530089999996],[-54.93409379999997,-18.43760539999994],[-54.95332289999993,-18.425487699999962],[-54.95939299999998,-18.412260199999935],[-54.973089699999946,-18.418409099999963],[-54.97365529999996,-18.39394459999994],[-54.99171579999995,-18.38906449999996],[-54.995207999999934,-18.38213109999998],[-54.98644369999994,-18.37161409999993],[-55.00692819999995,-18.359258799999964],[-54.99811519999997,-18.35206869999996],[-55.01360109999996,-18.34377029999996],[-55.029050799999936,-18.348321899999974],[-55.03224129999995,-18.32973819999995],[-55.04727449999996,-18.333803299999943],[-55.04115159999998,-18.317663799999934],[-55.053845699999954,-18.31869379999995],[-55.054322199999945,-18.30858889999996],[-55.04637789999998,-18.293974899999967],[-55.034406399999966,-18.29045789999998],[-55.06547669999998,-18.286663699999963],[-55.06881709999993,-18.26673549999998],[-55.07756699999993,-18.280479799999966],[-55.090781499999935,-18.278284499999927],[-55.10951719999997,-18.245829499999957],[-55.14091509999997,-18.238336499999946],[-55.148993099999984,-18.22146799999996],[-55.16208439999997,-18.233015999999964],[-55.17344479999997,-18.227568799999972],[-55.17778649999997,-18.237945899999943],[-55.20166409999996,-18.221876299999963],[-55.21266739999999,-18.23849189999993],[-55.23108229999997,-18.222739799999943],[-55.23948379999996,-18.252863099999956],[-55.24937799999998,-18.244542199999955],[-55.24936669999994,-18.22619789999993],[-55.281708899999956,-18.257522499999936],[-55.29149219999994,-18.24315329999996],[-55.306181899999956,-18.247979099999952],[-55.13899639999994,-17.647832499999936],[-55.14110229999994,-17.683230899999955],[-55.144798899999955,-17.69938079999997],[-55.15368599999994,-17.70113189999995],[-55.14900079999995,-17.715529599999968],[-55.15960299999995,-17.741301999999962],[-55.15228349999995,-17.75518829999993],[-55.133943199999976,-17.757501699999978],[-55.13492179999997,-17.800746999999944],[-55.12717849999996,-17.82930189999996],[-55.11003999999997,-17.82944759999998],[-55.10089069999998,-17.845891199999983],[-55.083540599999935,-17.851267399999927],[-55.08419829999997,-17.863512799999967],[-55.07713699999994,-17.86182729999996],[-55.06160289999997,-17.878718799999945],[-55.04254149999997,-17.876544299999978],[-55.036411499999986,-17.889163399999973],[-55.01898449999993,-17.88926179999993],[-55.013280099999974,-17.879140399999926],[-54.98853719999994,-17.882207299999948],[-54.971802699999955,-17.89685449999996],[-54.96516139999994,-17.892658299999937],[-54.94225319999998,-17.915372599999955],[-54.946514099999945,-17.92771149999993],[-54.937574799999936,-17.948306899999977],[-54.90453059999999,-17.972809599999948],[-54.905759699999976,-17.978913499999976],[-54.89804109999994,-17.977219899999966],[-54.86265989999998,-18.001749699999948],[-54.81085419999994,-17.996496899999954],[-54.801432799999986,-17.98217969999996],[-54.77252919999995,-17.982150599999954],[-54.75216739999996,-17.972827799999948],[-54.741193599999974,-17.958789799999977],[-54.73847439999997,-17.93651589999996],[-54.68888359999994,-17.91468109999994],[-54.67730819999997,-17.963865599999963],[-54.67838599999993,-18.001505299999963],[-54.699528499999985,-18.12656869999995],[-54.66724949999997,-18.15830059999996],[-54.65444439999993,-18.185833299999956],[-54.61280329999994,-18.175818999999933],[-54.59979939999994,-18.187869099999944],[-54.59530209999997,-18.218413299999952],[-54.60335289999995,-18.251958699999932],[-54.59244759999996,-18.279320299999938],[-54.58273939999998,-18.24844049999996],[-54.54966219999994,-18.209243199999946],[-54.524784599999975,-18.19038139999998],[-54.48898339999994,-18.181610899999953],[-54.45421049999993,-18.151282299999934],[-54.44005509999994,-18.151909399999965],[-54.43184239999994,-18.13501119999995],[-54.41956279999994,-18.129670199999964],[-54.39728309999998,-18.126574799999958],[-54.39667999999995,-18.140873299999953],[-54.38730349999997,-18.14735989999997],[-54.34633729999996,-18.140130899999974],[-54.33710529999996,-18.13174559999993],[-54.305377599999986,-18.136813599999982],[-54.304026299999975,-18.126756799999953],[-54.28380089999996,-18.117833599999926],[-54.27648739999995,-18.13235169999996],[-54.26867429999999,-18.11061619999998],[-54.24949929999997,-18.11231779999997],[-54.25029329999995,-18.10432519999995],[-54.23807439999996,-18.09585379999993],[-54.20295149999998,-18.09146419999996],[-54.18437439999997,-18.101913999999965],[-54.14308719999997,-18.15678239999994],[-54.14009669999996,-18.25164019999994],[-54.129504699999984,-18.28311109999993],[-54.145417899999984,-18.307064199999957],[-54.205448599999954,-18.34999829999998],[-54.174656599999935,-18.346243999999956],[-54.14043299999997,-18.33107499999994],[-54.12634769999994,-18.335218899999973],[-54.11688479999998,-18.35041629999995],[-54.091094399999974,-18.35556719999994],[-54.08628589999995,-18.40370919999998],[-54.092349799999965,-18.413637999999935],[-54.078918399999964,-18.445722099999955],[-54.085936999999944,-18.464812799999947],[-54.076472799999976,-18.50972409999997],[-54.08073859999996,-18.515882499999975],[-54.112945699999955,-18.513904599999933],[-54.11968069999995,-18.529831899999976],[-54.155164799999966,-18.53491649999995],[-54.17728539999996,-18.58076499999993],[-54.20766999999995,-18.58308009999996],[-54.225871799999936,-18.576381999999967],[-54.263963599999954,-18.585212299999966],[-54.27854449999995,-18.58055669999993],[-54.288654399999984,-18.558683599999938],[-54.29658519999998,-18.56545179999995],[-54.30850039999996,-18.562431299999957],[-54.336409999999944,-18.59306959999998],[-54.32836789999993,-18.60229869999995],[-54.348119699999984,-18.620754499999975],[-54.341929999999934,-18.62997809999996],[-54.35440369999998,-18.63478509999993],[-54.34765999999996,-18.639782599999933],[-54.357342899999935,-18.658277099999964],[-54.38300639999994,-18.677882299999965],[-54.381816399999934,-18.694139999999948],[-54.39275109999994,-18.70471059999994],[-54.42481759999998,-18.71002599999997],[-54.44597989999994,-18.72926469999993],[-54.45622679999997,-18.720397599999956],[-54.47370109999997,-18.729246199999977],[-54.53237729999995,-18.72523099999995],[-54.57356809999993,-18.71253189999993],[-54.61409279999998,-18.671126199999946],[-54.613048799999945,-18.653583199999957],[-54.624959599999954,-18.643035699999928],[-54.62204989999998,-18.626244999999926],[-54.673618999999974,-18.61115049999995],[-54.681047199999966,-18.60142819999993],[-54.693087299999945,-18.601535999999953],[-54.692389299999945,-18.59484269999996],[-54.72541579999995,-18.589975299999935],[-54.730253199999936,-18.570127199999945],[-54.745844699999964,-18.553877899999975],[-54.740320199999985,-18.526712699999962]]]}},{"id":"5131","type":"Feature","properties":{"COD_IBGE":"5003454","MUNICIPIO":"Deodápolis","UF":"MS"},"geometry":{"type":"Polygon","coordinates":[[[-54.11492099999998,-22.35537919999996],[-54.280575099999965,-22.29218439999994],[-54.26244159999993,-22.25168629999996],[-54.309046199999955,-22.22888599999993],[-54.27947329999995,-22.217438199999947],[-54.29097799999994,-22.211944699999947],[-54.267271799999946,-22.191829499999983],[-54.26405379999994,-22.181154999999933],[-54.279584899999975,-22.17502819999993],[-54.26049059999997,-22.16576969999994],[-54.26448149999993,-22.153694599999938],[-54.250370299999986,-22.15741559999998],[-54.24482829999994,-22.143420499999934],[-54.23901069999994,-22.146207199999935],[-54.224631199999976,-22.13348869999993],[-54.228062499999965,-22.12405209999997],[-54.239628799999934,-22.122288199999957],[-54.239273999999966,-22.095876399999952],[-54.24615629999994,-22.09045229999998],[-54.23957369999994,-22.09016319999995],[-54.24314879999997,-22.08299379999994],[-54.21591629999995,-22.03930779999996],[-54.21569109999996,-22.024513699999943],[-54.20133709999993,-22.016555799999935],[-54.20785509999996,-22.001722799999982],[-54.22069929999998,-21.995563299999958],[-54.21974659999995,-21.97688789999995],[-54.23067159999994,-21.972571899999934],[-54.23358529999996,-21.961136499999952],[-54.231993399999965,-21.95383899999996],[-54.214635499999986,-21.949856799999964],[-54.21256099999994,-21.933238999999958],[-54.20091129999997,-21.938991999999928],[-54.18938399999996,-21.92355329999998],[-54.167786999999976,-21.941708999999946],[-54.125580499999955,-21.945745399999964],[-54.09680759999998,-21.978193399999952],[-54.085288299999945,-22.03013619999996],[-54.09215409999996,-22.067307899999946],[-54.08721869999994,-22.08330239999998],[-53.99386359999994,-22.119972599999983],[-54.00876759999994,-22.153493999999966],[-53.997482299999945,-22.158020799999974],[-54.016309399999955,-22.166760199999942],[-54.09339079999995,-22.328585799999928],[-54.11492099999998,-22.35537919999996]]]}},{"id":"5132","type":"Feature","properties":{"COD_IBGE":"5003488","MUNICIPIO":"Dois Irmãos do Buriti","UF":"MS"},"geometry":{"type":"Polygon","coordinates":[[[-55.22200899999996,-20.68961409999997],[-55.208695999999975,-20.696150299999942],[-55.20491999999996,-20.72188609999995],[-55.175852299999974,-20.737318899999934],[-55.15147769999999,-20.802344799999958],[-55.153450299999975,-20.826430699999946],[-55.17049179999998,-20.841719099999978],[-55.16456919999996,-20.860691199999962],[-55.19287989999998,-20.877745199999936],[-55.20196139999996,-20.895929799999976],[-55.20182969999996,-20.96421399999997],[-55.183109599999966,-20.99005489999996],[-55.208267099999944,-21.003095599999938],[-55.207727699999964,-21.035509599999955],[-55.25404269999996,-21.015669899999978],[-55.266395699999975,-20.998331599999972],[-55.30082549999997,-21.021536399999945],[-55.307552499999986,-21.03951909999995],[-55.32220019999994,-21.007281899999953],[-55.34395959999995,-20.992659499999945],[-55.34050499999995,-20.985042999999962],[-55.355764799999974,-20.966130499999963],[-55.37149169999998,-20.95762529999996],[-55.36795969999997,-20.931411699999956],[-55.38733739999998,-20.928367399999956],[-55.40028849999993,-20.91231659999994],[-55.39446009999995,-20.896502299999952],[-55.40813349999996,-20.86879449999998],[-55.41867789999998,-20.86317719999994],[-55.412796999999955,-20.845647699999972],[-55.450486799999965,-20.826733299999944],[-55.44898059999997,-20.808592999999973],[-55.46374899999995,-20.79571459999994],[-55.47068969999998,-20.768893599999956],[-55.52716449999997,-20.74039259999995],[-55.527219799999955,-20.700983899999983],[-55.532551799999965,-20.70409129999996],[-55.55255209999996,-20.68441619999993],[-55.54979389999994,-20.672188199999937],[-55.562567599999966,-20.657897699999978],[-55.55607949999995,-20.64285659999996],[-55.580337199999974,-20.62669989999995],[-55.585785999999985,-20.608003399999973],[-55.578245299999935,-20.554794999999956],[-55.56708189999995,-20.544730999999956],[-55.58112429999994,-20.53969929999994],[-55.574321699999985,-20.520959699999935],[-55.58708909999996,-20.509861199999932],[-55.58169989999993,-20.50141549999995],[-55.56659589999998,-20.49287449999997],[-55.56478729999998,-20.509220099999936],[-55.553088799999955,-20.508728599999927],[-55.50489859999993,-20.456277899999975],[-55.48418769999995,-20.468475799999965],[-55.47728489999997,-20.457996899999955],[-55.464522999999986,-20.476917699999944],[-55.44989629999998,-20.448824299999956],[-55.459297299999946,-20.44032009999995],[-55.45003839999998,-20.438414399999942],[-55.44535579999996,-20.387591199999974],[-55.46102119999995,-20.34524159999995],[-55.451678699999945,-20.308190899999943],[-55.45923009999996,-20.29995109999993],[-55.47079569999994,-20.30637969999998],[-55.47552689999998,-20.299643599999968],[-55.48742549999997,-20.301221399999974],[-55.51619469999997,-20.282321999999965],[-55.52018069999997,-20.26846299999994],[-55.521799999999985,-20.24351359999997],[-55.502143399999966,-20.227367399999935],[-55.51372669999995,-20.218811899999935],[-55.50997659999996,-20.198423099999957],[-55.486309699999936,-20.16733499999998],[-55.482089299999984,-20.14563309999994],[-55.471612499999935,-20.15082239999998],[-55.44644939999995,-20.141174899999953],[-55.44971639999994,-20.149364099999957],[-55.44267589999998,-20.155372899999975],[-55.42447129999994,-20.14558999999997],[-55.41159269999997,-20.154909999999973],[-55.411870599999986,-20.168630399999927],[-55.39425689999996,-20.175854999999956],[-55.357986299999936,-20.174901199999965],[-55.33705409999993,-20.159553999999957],[-55.33160219999996,-20.17148009999994],[-55.24590209999997,-20.226366799999937],[-55.25510769999994,-20.23067839999993],[-55.25493229999995,-20.24637679999995],[-55.27275089999995,-20.245217899999943],[-55.263922699999966,-20.272711699999945],[-55.27101689999995,-20.286751599999945],[-55.247233999999935,-20.286243199999944],[-55.24296609999993,-20.30137959999996],[-55.253342799999984,-20.310208199999977],[-55.247355899999945,-20.323611699999958],[-55.26411009999998,-20.33832469999993],[-55.27903949999995,-20.32212899999996],[-55.296313199999986,-20.322266999999954],[-55.29491859999996,-20.33734099999998],[-55.308253399999955,-20.34098579999994],[-55.31970309999997,-20.336836699999935],[-55.319664999999986,-20.32617349999998],[-55.34546309999996,-20.31515319999994],[-55.349728599999935,-20.325444199999936],[-55.34149519999994,-20.34715479999994],[-55.35566239999997,-20.34704729999993],[-55.35823389999996,-20.365201499999955],[-55.35025589999998,-20.377046899999982],[-55.36938589999994,-20.40209589999995],[-55.387653899999975,-20.40934409999994],[-55.391823399999964,-20.42367029999997],[-55.37927909999996,-20.44755209999994],[-55.360178099999985,-20.43745169999994],[-55.35300029999996,-20.447103899999945],[-55.356138499999986,-20.429146299999957],[-55.34643179999995,-20.43350289999995],[-55.34512499999994,-20.419605599999954],[-55.32417209999994,-20.404594799999927],[-55.30650939999998,-20.41371399999997],[-55.30927989999998,-20.423031799999933],[-55.28436279999994,-20.448712099999966],[-55.27142009999994,-20.450336999999934],[-55.27289079999997,-20.473591299999953],[-55.26198139999997,-20.48442369999998],[-55.252129199999956,-20.48092079999998],[-55.25637489999997,-20.50355559999997],[-55.23582129999994,-20.518409799999972],[-55.24060509999998,-20.52715889999996],[-55.23416839999999,-20.536055999999974],[-55.21357789999996,-20.54848869999995],[-55.216727799999944,-20.557369799999947],[-55.20373829999994,-20.579406199999937],[-55.20969649999995,-20.595593299999962],[-55.19993159999996,-20.60882429999998],[-55.211930999999936,-20.620644399999946],[-55.20845699999995,-20.631826199999978],[-55.217939599999966,-20.652256499999964],[-55.21008679999994,-20.66939949999994],[-55.22200899999996,-20.68961409999997]]]}},{"id":"5133","type":"Feature","properties":{"COD_IBGE":"5003504","MUNICIPIO":"Douradina","UF":"MS"},"geometry":{"type":"Polygon","coordinates":[[[-54.62537789999993,-22.09245619999996],[-54.63972469999993,-22.101513599999976],[-54.65629089999993,-22.09252429999998],[-54.67943049999997,-22.094378999999947],[-54.68237949999997,-22.065983399999936],[-54.662391699999944,-22.04213379999993],[-54.662090699999965,-22.015264299999956],[-54.625683899999956,-21.942490199999952],[-54.628734399999985,-21.92511319999994],[-54.589819499999976,-21.92227779999996],[-54.58224169999994,-21.929582599999947],[-54.57476399999996,-21.918907599999955],[-54.55996899999997,-21.91854569999998],[-54.55678769999997,-21.90265069999998],[-54.548739499999954,-21.90105319999998],[-54.54535329999993,-21.91424849999993],[-54.53184299999998,-21.911303499999974],[-54.52551639999996,-21.91764539999997],[-54.52063089999996,-21.936599299999955],[-54.498820199999955,-21.934039799999937],[-54.51264459999993,-22.014601399999947],[-54.54329839999997,-22.05620829999998],[-54.55415209999995,-22.102023799999927],[-54.58016619999995,-22.129771699999935],[-54.62537789999993,-22.09245619999996]]]}},{"id":"5134","type":"Feature","properties":{"COD_IBGE":"5003702","MUNICIPIO":"Dourados","UF":"MS"},"geometry":{"type":"Polygon","coordinates":[[[-54.777259399999934,-22.41253789999996],[-54.81426189999996,-22.38809999999995],[-54.82232899999997,-22.398857799999973],[-54.84173899999996,-22.396096299999954],[-54.89138219999995,-22.37688359999993],[-54.91152859999994,-22.391911799999946],[-54.91102559999996,-22.37578119999995],[-54.931861399999946,-22.375605999999948],[-54.93385559999996,-22.363985399999933],[-54.945726699999966,-22.37148039999994],[-54.97537599999998,-22.363900299999955],[-54.98543109999997,-22.35710759999995],[-54.97657389999995,-22.35075829999994],[-54.981092099999955,-22.34033809999994],[-54.996820499999956,-22.344856599999957],[-55.02047079999994,-22.337653099999955],[-55.02584849999994,-22.321593999999948],[-55.034302999999966,-22.324864499999933],[-55.040242199999966,-22.312216999999976],[-55.05280609999994,-22.30898229999997],[-55.05304959999995,-22.296946999999932],[-55.07028249999996,-22.28598869999996],[-55.075334099999964,-22.265550099999928],[-55.10172589999996,-22.260779199999945],[-55.102808299999936,-22.246453299999928],[-55.124045199999955,-22.24537129999993],[-55.14315389999996,-22.22372779999995],[-55.162840899999935,-22.223566699999935],[-55.194953699999985,-22.246965399999965],[-55.21115119999996,-22.241651799999943],[-55.20506899999998,-22.231598899999938],[-55.212616699999955,-22.22333229999998],[-55.227484199999935,-22.22946719999993],[-55.24796689999994,-22.222571699999946],[-55.26095619999995,-22.226437699999963],[-55.28599889999998,-22.19274969999998],[-55.322629699999936,-22.19761399999993],[-55.32873519999998,-22.21499749999998],[-55.33773619999994,-22.193573699999945],[-55.344146799999976,-22.205939399999977],[-55.37221489999996,-22.20987599999995],[-55.37021169999997,-22.19379749999996],[-55.378570999999965,-22.191165699999942],[-55.38401249999998,-22.17542469999995],[-55.37612779999995,-22.165956299999948],[-55.386288099999945,-22.161385499999938],[-55.39139339999997,-22.145921899999962],[-55.406532899999945,-22.140030099999933],[-55.40367599999996,-22.151858499999946],[-55.41429949999997,-22.15515929999998],[-55.427556899999956,-22.139576399999953],[-55.43654509999993,-22.147898699999928],[-55.44584709999998,-22.13830109999998],[-55.447323799999936,-22.14821519999998],[-55.46544099999994,-22.12504119999994],[-55.49529129999996,-22.11852689999995],[-55.49909029999998,-22.034948399999962],[-55.523222299999986,-21.984212699999944],[-55.48728779999993,-21.97180099999997],[-55.478309399999944,-21.95622979999996],[-55.43904229999998,-21.93723449999993],[-55.41357929999998,-21.894910099999947],[-55.39454929999994,-21.88828129999996],[-55.39036239999996,-21.89475109999995],[-55.369444699999974,-21.880009899999948],[-55.337242999999944,-21.89790469999997],[-55.31661779999996,-21.896397999999976],[-55.269165999999984,-21.918016299999977],[-55.22733599999998,-21.925893199999962],[-55.17802139999998,-21.912757599999964],[-55.15041299999996,-21.92129189999997],[-55.10410669999993,-21.90389049999993],[-55.09032309999998,-21.90858979999996],[-55.061863399999936,-21.89717849999994],[-55.034063799999956,-21.899254999999982],[-55.01069439999998,-21.886547699999937],[-55.00704399999995,-21.897550899999942],[-55.02232569999995,-21.91814899999997],[-55.008870599999966,-21.93890639999995],[-55.02285449999994,-21.963612699999942],[-55.08036219999997,-21.982231499999955],[-55.09949359999996,-22.005606299999954],[-55.10545199999996,-22.034554899999932],[-55.086275299999954,-22.073990299999934],[-55.09542669999996,-22.110484499999927],[-55.09168459999995,-22.122022799999968],[-55.04454579999998,-22.103444599999932],[-55.01719799999995,-22.14168639999997],[-54.97892909999996,-22.15169489999994],[-54.955718099999956,-22.176994199999967],[-54.92441299999996,-22.191718399999957],[-54.870589999999936,-22.20070419999996],[-54.84020519999996,-22.181608299999937],[-54.836764399999936,-22.171060099999977],[-54.82866509999997,-22.174362199999962],[-54.767952399999956,-22.136631299999976],[-54.744380099999944,-22.112824099999955],[-54.70647249999996,-22.097667299999955],[-54.69507399999998,-22.07340729999993],[-54.68237949999997,-22.065983399999936],[-54.67943049999997,-22.094378999999947],[-54.65629089999993,-22.09252429999998],[-54.63972469999993,-22.101513599999976],[-54.62537789999993,-22.09245619999996],[-54.58016619999995,-22.129771699999935],[-54.55415209999995,-22.102023799999927],[-54.54329839999997,-22.05620829999998],[-54.51264459999993,-22.014601399999947],[-54.49610869999998,-21.90904439999997],[-54.47299229999999,-21.892552499999965],[-54.427539399999944,-21.903939599999944],[-54.43493999999998,-21.924890499999947],[-54.409874799999955,-21.934252799999967],[-54.396275199999934,-21.92496269999998],[-54.37662869999997,-21.932177499999966],[-54.37265499999995,-21.948702699999956],[-54.36511279999996,-21.933893099999977],[-54.36339449999997,-21.947107899999935],[-54.336931799999945,-21.94563869999996],[-54.335054499999956,-21.951706999999942],[-54.326496099999986,-21.935288899999932],[-54.307789699999944,-21.93388669999996],[-54.30137259999998,-21.940258099999937],[-54.28547499999996,-21.932706499999938],[-54.27441419999997,-21.965949699999953],[-54.26831519999996,-21.948523699999953],[-54.26062219999994,-21.94976829999996],[-54.25630639999997,-21.96246659999997],[-54.24161859999998,-21.955938699999933],[-54.24120069999998,-21.94797399999993],[-54.227601799999945,-21.955538399999966],[-54.230871599999944,-21.97225229999998],[-54.22002829999997,-21.976261799999975],[-54.22076189999996,-21.99545439999997],[-54.207591899999954,-22.002008199999977],[-54.20133709999993,-22.016555799999935],[-54.21569109999996,-22.024513699999943],[-54.21591629999995,-22.03930779999996],[-54.24314879999997,-22.08299379999994],[-54.23957369999994,-22.09016319999995],[-54.24615629999994,-22.09045229999998],[-54.239273999999966,-22.095876399999952],[-54.239628799999934,-22.122288199999957],[-54.228062499999965,-22.12405209999997],[-54.22439399999996,-22.13285529999996],[-54.23901069999994,-22.146207199999935],[-54.24482829999994,-22.143420499999934],[-54.250370299999986,-22.15741559999998],[-54.26456439999998,-22.153797899999972],[-54.26049059999997,-22.16576969999994],[-54.279584899999975,-22.17502819999993],[-54.26405379999994,-22.181154999999933],[-54.267271799999946,-22.191829499999983],[-54.29097799999994,-22.211944699999947],[-54.27927509999995,-22.217079499999954],[-54.30862899999994,-22.22805189999997],[-54.30311409999996,-22.23793459999996],[-54.31674019999997,-22.243327299999976],[-54.31731179999997,-22.254926999999952],[-54.34943259999994,-22.251852499999927],[-54.38250739999995,-22.271666799999934],[-54.383905899999945,-22.277545699999962],[-54.37635659999995,-22.277846799999963],[-54.41383209999998,-22.326287299999933],[-54.44144309999996,-22.32758629999995],[-54.43885789999996,-22.347246299999938],[-54.45906749999995,-22.330748899999946],[-54.462604399999975,-22.33850659999996],[-54.51954449999994,-22.348658799999953],[-54.531334399999935,-22.336227299999962],[-54.53104549999995,-22.316650399999958],[-54.56639289999998,-22.29398569999995],[-54.64235659999997,-22.352777199999935],[-54.63249579999996,-22.369733399999973],[-54.59321279999995,-22.38279239999997],[-54.57489879999997,-22.40140589999993],[-54.609501499999965,-22.41017759999994],[-54.61939849999993,-22.421990999999935],[-54.62477229999996,-22.417673099999945],[-54.632980799999984,-22.435072899999966],[-54.64597279999998,-22.436125199999935],[-54.66760179999994,-22.41934559999993],[-54.71915179999996,-22.433623799999964],[-54.72331819999994,-22.44104619999996],[-54.74045319999993,-22.43316619999996],[-54.731970899999965,-22.425805399999945],[-54.74327699999998,-22.41507299999995],[-54.755155799999955,-22.43174259999995],[-54.77038529999999,-22.419194499999946],[-54.77965259999996,-22.423937699999954],[-54.777259399999934,-22.41253789999996]]]}},{"id":"5135","type":"Feature","properties":{"COD_IBGE":"5003751","MUNICIPIO":"Eldorado","UF":"MS"},"geometry":{"type":"Polygon","coordinates":[[[-54.37049809999996,-23.816445599999952],[-54.39356849999996,-23.813716799999952],[-54.41707399999996,-23.786663699999963],[-54.37778479999997,-23.72579829999995],[-54.38797039999997,-23.70540859999994],[-54.32658999999995,-23.551286199999936],[-54.30488449999996,-23.562033499999927],[-54.21082629999995,-23.574398499999973],[-54.19623079999997,-23.59610209999994],[-54.15275959999997,-23.612332599999945],[-54.14196489999995,-23.626318999999967],[-54.120128799999975,-23.626652199999967],[-54.10649349999994,-23.641356799999983],[-54.08613749999995,-23.63758459999997],[-54.056172499999946,-23.64505589999993],[-54.06409049999996,-23.666678499999932],[-54.06185149999993,-23.68093989999994],[-54.05112249999996,-23.687171499999977],[-54.05189969999998,-23.72113669999993],[-54.080458599999986,-23.780897099999947],[-54.08398589999996,-23.86498469999998],[-54.11533489999994,-23.90366259999996],[-54.145526899999936,-23.921992399999965],[-54.18516439999996,-23.928277199999968],[-54.189917399999956,-23.915007599999967],[-54.19310409999997,-23.924172599999963],[-54.196762699999965,-23.914524399999948],[-54.20741779999997,-23.924086199999977],[-54.205158799999936,-23.91578409999994],[-54.21243459999994,-23.911761199999944],[-54.21429359999996,-23.919625099999962],[-54.22143509999995,-23.911007599999948],[-54.227674399999955,-23.915997999999945],[-54.22560409999994,-23.908774499999936],[-54.25277319999998,-23.894997099999955],[-54.273812299999975,-23.860333799999978],[-54.30010579999998,-23.846663299999932],[-54.30301179999998,-23.837577499999952],[-54.33487749999995,-23.83720949999997],[-54.37049809999996,-23.816445599999952]]]}},{"id":"5136","type":"Feature","properties":{"COD_IBGE":"5003801","MUNICIPIO":"Fátima do Sul","UF":"MS"},"geometry":{"type":"Polygon","coordinates":[[[-54.52399449999996,-22.40714909999997],[-54.53543259999998,-22.413234899999964],[-54.56500959999994,-22.410406699999953],[-54.59217739999997,-22.38336479999998],[-54.63249579999996,-22.369733399999973],[-54.64235659999997,-22.352777199999935],[-54.56639289999998,-22.29398569999995],[-54.53104549999995,-22.316650399999958],[-54.531334399999935,-22.336227299999962],[-54.51954449999994,-22.348658799999953],[-54.462604399999975,-22.33850659999996],[-54.45906749999995,-22.330748899999946],[-54.43885789999996,-22.347246299999938],[-54.44144309999996,-22.32758629999995],[-54.41403699999995,-22.32647389999994],[-54.37635659999995,-22.277846799999963],[-54.383464999999944,-22.272663399999942],[-54.359775799999966,-22.25625839999998],[-54.328530899999976,-22.249976699999934],[-54.31746039999996,-22.255007499999977],[-54.31674019999997,-22.243327299999976],[-54.303395999999964,-22.235670699999957],[-54.26244159999993,-22.25168629999996],[-54.32539459999998,-22.392466599999977],[-54.43373219999995,-22.350524099999973],[-54.44291819999995,-22.37088799999998],[-54.46985579999995,-22.36064639999995],[-54.51123339999998,-22.45260929999995],[-54.52399449999996,-22.40714909999997]]]}},{"id":"5137","type":"Feature","properties":{"COD_IBGE":"5003900","MUNICIPIO":"Figueirão","UF":"MS"},"geometry":{"type":"Polygon","coordinates":[[[-53.59927179999994,-18.97487739999997],[-53.68521949999996,-19.001620499999945],[-53.69742889999998,-18.99952389999993],[-53.70673999999997,-18.994766099999936],[-53.70198359999995,-18.960469899999964],[-53.73089779999998,-18.988915599999928],[-53.77482619999995,-19.008962099999962],[-53.827047499999935,-18.99661109999994],[-53.89546219999994,-19.01260069999995],[-53.95593919999993,-19.00390299999998],[-53.95969169999995,-19.01619839999995],[-53.97766229999996,-19.020439099999976],[-53.98001739999995,-19.044951199999957],[-53.987680799999964,-19.042350599999963],[-53.984240099999965,-19.076800899999967],[-54.02551179999995,-19.10204079999994],[-54.03372759999996,-19.09691319999996],[-54.05806549999994,-19.101710399999945],[-54.05794609999998,-19.090042299999936],[-54.075383699999975,-19.073216599999967],[-54.11352879999998,-19.053044099999966],[-54.12578679999996,-19.01951209999993],[-54.159832499999936,-19.015818399999944],[-54.17108589999998,-19.024882699999978],[-54.18619339999998,-19.02261109999995],[-54.189892999999984,-18.976298199999974],[-54.19978219999996,-18.95655869999996],[-54.192976199999976,-18.939862499999947],[-54.20795409999994,-18.89429249999995],[-54.258780299999955,-18.83358579999998],[-54.26047659999995,-18.791171299999974],[-54.278387899999984,-18.77473759999998],[-54.28185869999999,-18.75722319999994],[-54.300972799999954,-18.737768899999935],[-54.32683149999997,-18.73303679999998],[-54.34145149999995,-18.717488999999944],[-54.36752749999994,-18.718740599999933],[-54.393082799999945,-18.705451599999947],[-54.39151739999994,-18.699265099999934],[-54.381816399999934,-18.694139999999948],[-54.38300639999994,-18.677882299999965],[-54.357342899999935,-18.658277099999964],[-54.34765999999996,-18.639782599999933],[-54.35440369999998,-18.63478509999993],[-54.341929999999934,-18.62997809999996],[-54.348119699999984,-18.620754499999975],[-54.32836789999993,-18.60229869999995],[-54.33636539999998,-18.592996099999937],[-54.30831219999993,-18.562360599999977],[-54.29658519999998,-18.56545179999995],[-54.288654399999984,-18.558683599999938],[-54.27854449999995,-18.58055669999993],[-54.263963599999954,-18.585212299999966],[-54.225871799999936,-18.576381999999967],[-54.179424799999936,-18.581453799999963],[-54.16064159999996,-18.556816399999946],[-54.155164799999966,-18.53491649999995],[-54.11968069999995,-18.529831899999976],[-54.11288209999998,-18.513888099999974],[-54.06978309999994,-18.514959699999963],[-54.05692369999997,-18.501759599999957],[-54.056949299999985,-18.48895319999997],[-54.001299899999935,-18.538031699999976],[-53.980731599999956,-18.542976599999974],[-53.96583339999995,-18.52584319999994],[-53.93045069999994,-18.52268859999998],[-53.921924399999966,-18.529900899999973],[-53.89997679999993,-18.503908999999965],[-53.88171569999997,-18.506143099999974],[-53.88055479999997,-18.48952029999998],[-53.87168329999997,-18.48120799999998],[-53.86385769999998,-18.484121999999957],[-53.86602389999996,-18.476497499999937],[-53.851170699999955,-18.461067899999932],[-53.834465499999965,-18.461249599999974],[-53.81424509999994,-18.479025899999954],[-53.81070059999996,-18.468193499999927],[-53.79376079999997,-18.47483219999998],[-53.79735589999996,-18.483262599999932],[-53.78330699999998,-18.485615499999938],[-53.77344169999998,-18.474002999999982],[-53.78083309999994,-18.46758829999993],[-53.76856139999995,-18.46763029999994],[-53.75065009999997,-18.44935179999993],[-53.73961909999997,-18.44716399999993],[-53.72771779999994,-18.45630559999995],[-53.71171849999996,-18.44634599999995],[-53.69955739999995,-18.451175599999942],[-53.68856019999998,-18.44581469999997],[-53.65406779999995,-18.458587799999975],[-53.58059479999997,-18.43718149999995],[-53.56137369999993,-18.45138979999996],[-53.560423199999946,-18.47024849999997],[-53.51813499999997,-18.513918099999955],[-53.50054369999998,-18.521460499999932],[-53.47244999999998,-18.577490099999977],[-53.470907599999975,-18.596995999999933],[-53.46283779999993,-18.602160499999968],[-53.46738229999994,-18.621236499999952],[-53.45668299999994,-18.629840199999933],[-53.43494449999997,-18.630562399999974],[-53.433145199999956,-18.654558599999973],[-53.41263329999998,-18.654350299999976],[-53.37308249999995,-18.68039729999998],[-53.36874209999996,-18.696318099999928],[-53.37486269999994,-18.69803749999994],[-53.37954339999993,-18.734839499999964],[-53.345338899999945,-18.775398999999936],[-53.48855139999995,-18.837546999999972],[-53.493400099999974,-18.895524699999953],[-53.501691499999936,-18.90344579999993],[-53.56272409999997,-18.92829439999997],[-53.59927179999994,-18.97487739999997]]]}},{"id":"5138","type":"Feature","properties":{"COD_IBGE":"5004007","MUNICIPIO":"Glória de Dourados","UF":"MS"},"geometry":{"type":"Polygon","coordinates":[[[-54.11462439999997,-22.53408749999994],[-54.348222599999986,-22.442916999999966],[-54.280575099999965,-22.29218439999994],[-54.11492099999998,-22.35537919999996],[-54.11763599999995,-22.375095599999952],[-54.10368579999994,-22.42914769999993],[-54.057465699999966,-22.474697599999956],[-54.02778949999998,-22.54392439999998],[-54.050912799999935,-22.544645499999945],[-54.067345899999964,-22.55961099999996],[-54.102868599999965,-22.567169499999977],[-54.110186399999975,-22.563256699999954],[-54.11462439999997,-22.53408749999994]]]}},{"id":"5139","type":"Feature","properties":{"COD_IBGE":"5004106","MUNICIPIO":"Guia Lopes da Laguna","UF":"MS"},"geometry":{"type":"Polygon","coordinates":[[[-56.12568109999995,-21.46849609999998],[-56.14322039999996,-21.46069659999995],[-56.144708299999934,-21.446120099999973],[-56.16090349999996,-21.43438409999993],[-56.18557339999995,-21.441121899999928],[-56.19709549999993,-21.43176539999996],[-56.19628229999995,-21.407011799999964],[-56.217309899999975,-21.38308909999995],[-56.21001699999994,-21.373197199999936],[-56.21410549999996,-21.366637699999956],[-56.20637229999994,-21.36316039999997],[-56.21231499999993,-21.35521799999998],[-56.203236499999946,-21.354997499999968],[-56.20228119999996,-21.34394519999995],[-56.212126799999965,-21.33993609999993],[-56.20884419999999,-21.330150699999933],[-56.21851159999994,-21.323467499999936],[-56.21208189999999,-21.302067699999952],[-56.22588019999995,-21.287801799999954],[-56.19964649999997,-21.28153759999998],[-56.189391599999965,-21.311098999999956],[-56.14005119999996,-21.34293779999996],[-56.09430349999997,-21.35123559999994],[-56.05074229999997,-21.346284399999945],[-56.016988599999934,-21.359754099999975],[-55.96168919999997,-21.40196279999998],[-55.93006429999997,-21.40890399999995],[-55.92062729999998,-21.41849039999994],[-55.92097849999993,-21.437298099999964],[-55.87868119999996,-21.449470099999928],[-55.84304369999995,-21.48887929999995],[-55.82515049999995,-21.48674509999995],[-55.82602689999993,-21.49862319999994],[-55.81365779999999,-21.49607579999997],[-55.81325169999997,-21.503268099999957],[-55.80092949999994,-21.493984099999977],[-55.80659769999994,-21.50924279999998],[-55.79977939999998,-21.515314699999976],[-55.792308299999945,-21.506211599999972],[-55.79630249999997,-21.51974619999993],[-55.77966199999997,-21.523386999999957],[-55.80085599999995,-21.530321499999957],[-55.806336699999974,-21.524491499999954],[-55.81212759999994,-21.535951499999953],[-55.82028669999994,-21.528609999999958],[-55.81906309999994,-21.536720199999934],[-55.81219159999995,-21.545879999999954],[-55.79898999999995,-21.543978299999935],[-55.80603189999994,-21.550506799999937],[-55.803972399999964,-21.563098799999977],[-55.794516999999985,-21.56257469999997],[-55.78261889999993,-21.546383099999957],[-55.77407909999994,-21.557337399999938],[-55.78601229999998,-21.557192099999952],[-55.77833969999995,-21.566526299999964],[-55.789546299999984,-21.56681539999994],[-55.788523699999985,-21.573427699999968],[-55.80086709999995,-21.567764099999977],[-55.79621849999995,-21.58061719999995],[-55.775261599999965,-21.583495399999947],[-55.786976599999946,-21.587302799999975],[-55.79035899999997,-21.597932999999955],[-55.77853619999996,-21.591961499999968],[-55.779893899999934,-21.59892569999994],[-55.765805099999966,-21.597351999999944],[-55.75960379999998,-21.58203709999998],[-55.74962809999994,-21.584279299999935],[-55.75936969999998,-21.58954929999993],[-55.757702999999935,-21.60758359999994],[-55.74673709999996,-21.60500959999996],[-55.74042129999998,-21.62210799999997],[-55.751404099999945,-21.62101169999994],[-55.766971799999965,-21.603744399999982],[-55.77042629999994,-21.613609699999927],[-55.75839199999996,-21.616597699999943],[-55.74244009999995,-21.644101499999977],[-55.757270999999946,-21.62801419999994],[-55.76334719999994,-21.634722599999975],[-55.763417699999934,-21.61912609999996],[-55.774897299999964,-21.623253099999943],[-55.779929299999935,-21.61215119999997],[-55.786706899999956,-21.61929109999994],[-55.794741699999975,-21.61025099999995],[-55.793016199999954,-21.62209409999997],[-55.800959699999964,-21.625053999999977],[-55.803250799999944,-21.612450899999942],[-55.80933429999993,-21.617493099999933],[-55.805240399999946,-21.603188399999965],[-55.80834829999998,-21.59833249999997],[-55.813226499999985,-21.604912199999944],[-55.812022999999954,-21.598040499999968],[-55.81628349999994,-21.593504699999983],[-55.82939109999995,-21.608699899999976],[-55.814202199999954,-21.608551499999976],[-55.81922079999998,-21.619542499999966],[-55.806355199999985,-21.624983199999974],[-55.81547189999998,-21.63297849999998],[-55.79870529999994,-21.632596599999943],[-55.80329389999997,-21.643599199999983],[-55.817094199999985,-21.64785059999997],[-55.83012919999993,-21.625990599999966],[-55.83920279999995,-21.627521499999943],[-55.84030729999995,-21.63493139999997],[-55.831496399999935,-21.631473099999937],[-55.82766069999997,-21.639260899999954],[-55.83030269999995,-21.653530599999954],[-55.83784529999997,-21.656310299999973],[-55.82920749999994,-21.656213899999955],[-55.82832119999995,-21.66229839999994],[-55.840925599999935,-21.65765579999993],[-55.84195289999997,-21.646254599999963],[-55.85848919999995,-21.643360899999948],[-55.859559899999965,-21.652037399999926],[-55.84948209999993,-21.65402949999998],[-55.85436839999994,-21.66002569999995],[-55.84617799999995,-21.660518799999977],[-55.85154319999998,-21.667791299999976],[-55.84462339999993,-21.66862109999994],[-55.845298999999955,-21.681063999999935],[-55.851612699999976,-21.67234559999997],[-55.85843619999997,-21.675524999999936],[-55.85916109999994,-21.66364059999995],[-55.86923919999998,-21.68868379999998],[-55.86274489999994,-21.686878199999967],[-55.86187239999998,-21.690951299999938],[-55.87038409999997,-21.69271969999994],[-55.86792939999998,-21.655054099999973],[-55.87948299999994,-21.66283839999994],[-55.88466399999999,-21.68416209999998],[-55.890233499999965,-21.671379499999944],[-55.88288149999994,-21.657451999999978],[-55.888119899999936,-21.65453329999997],[-55.89571369999993,-21.67079289999998],[-55.90258259999996,-21.653192699999977],[-55.90441149999998,-21.672649499999977],[-55.91099429999997,-21.674675299999933],[-55.90507329999997,-21.68440339999995],[-55.91264189999998,-21.68184309999998],[-55.91491329999997,-21.68816039999996],[-55.92236809999997,-21.673681699999975],[-55.91379879999994,-21.642764599999964],[-55.92454399999997,-21.646994699999937],[-55.923200399999985,-21.670100499999933],[-55.931272699999965,-21.677239699999973],[-55.935207899999966,-21.662206599999934],[-55.94591449999996,-21.661384099999964],[-55.941916799999944,-21.64725569999996],[-55.95982989999993,-21.650259699999935],[-55.94669159999995,-21.63655979999993],[-55.95885449999997,-21.643350299999952],[-55.96524699999998,-21.634261599999945],[-55.97179849999998,-21.643350699999928],[-55.962653999999986,-21.648837899999933],[-55.97444999999993,-21.655366399999934],[-55.960168599999975,-21.654154199999937],[-55.95309499999996,-21.67492729999998],[-55.94103339999998,-21.67097089999993],[-55.946064099999944,-21.680636799999945],[-55.93391989999998,-21.68537669999995],[-55.95811029999999,-21.686964699999976],[-55.94716109999996,-21.694831499999964],[-55.95157279999995,-21.71616549999993],[-55.93794059999993,-21.703079199999934],[-55.92997829999996,-21.707384299999944],[-55.92906329999994,-21.695013099999983],[-55.922700599999985,-21.71089889999996],[-55.90440549999994,-21.703567299999975],[-55.89918579999994,-21.712259099999983],[-55.90889869999995,-21.71196679999997],[-55.912644899999975,-21.72233449999993],[-55.91632529999998,-21.71640999999994],[-55.932218499999976,-21.719831299999953],[-55.91987839999996,-21.728678199999933],[-55.943655699999965,-21.729085099999963],[-55.94412809999994,-21.740985199999955],[-55.934374599999956,-21.73476549999998],[-55.92059649999993,-21.742890099999954],[-55.921362199999976,-21.735405999999955],[-55.91080679999993,-21.730621799999938],[-55.913127299999985,-21.74155049999996],[-55.901589599999966,-21.742039699999964],[-55.90141479999994,-21.731475099999955],[-55.88261109999996,-21.732646399999965],[-55.89229849999998,-21.745707099999947],[-55.880800499999964,-21.749085999999977],[-55.88156929999997,-21.755830499999945],[-55.88992749999994,-21.75388309999994],[-55.89486849999997,-21.762867399999948],[-55.87477309999997,-21.762300599999946],[-55.88389109999997,-21.766977399999973],[-55.877218899999946,-21.767081099999928],[-55.87787359999999,-21.77685329999997],[-55.860675999999955,-21.771186299999954],[-55.863849899999934,-21.775199099999952],[-55.85622399999994,-21.77633119999996],[-55.87216959999995,-21.778753999999935],[-55.87574099999995,-21.79314809999994],[-55.88571049999996,-21.775695999999982],[-55.89675689999996,-21.771810399999936],[-55.90376709999998,-21.780470699999967],[-55.913644199999965,-21.76684629999994],[-55.91248939999997,-21.77348319999993],[-55.92436029999993,-21.777657099999942],[-55.928213599999935,-21.76967389999993],[-55.93760099999997,-21.778399399999955],[-55.91982869999998,-21.784434999999974],[-55.926476899999955,-21.788257399999964],[-55.92346009999994,-21.79489949999993],[-55.93954789999998,-21.78607169999998],[-55.95490609999996,-21.791177699999935],[-55.945996099999945,-21.802051499999948],[-55.97096989999994,-21.80111999999997],[-55.94773259999994,-21.804388399999937],[-55.94469269999996,-21.813287899999978],[-55.935355399999935,-21.80376169999994],[-55.912364999999966,-21.81339369999995],[-55.91028069999999,-21.806866499999956],[-55.898510399999964,-21.80562169999996],[-55.89683279999997,-21.81277019999993],[-55.901566199999934,-21.807416699999976],[-55.91196219999995,-21.81584339999995],[-55.94553929999995,-21.818329699999936],[-55.985689399999956,-21.80912019999994],[-55.99160889999996,-21.803619199999957],[-55.97923529999997,-21.790019799999982],[-55.98586499999993,-21.768289899999957],[-56.01063419999997,-21.748668599999974],[-56.026113099999975,-21.720993799999974],[-56.040831399999945,-21.722977299999968],[-56.048920899999985,-21.692389999999932],[-56.08921329999998,-21.688226699999973],[-56.092801399999985,-21.661231199999975],[-56.11226709999994,-21.644305199999962],[-56.11500619999998,-21.628197299999954],[-56.12438799999995,-21.628832699999975],[-56.12564999999995,-21.610478099999966],[-56.11915819999996,-21.60695899999996],[-56.12787009999994,-21.603183399999978],[-56.11642699999999,-21.590791199999956],[-56.13469009999994,-21.580155299999944],[-56.10367389999993,-21.54025759999996],[-56.10988579999997,-21.520050099999935],[-56.11987639999995,-21.51599729999998],[-56.11219459999995,-21.504152099999942],[-56.12568109999995,-21.46849609999998]]]}},{"id":"5140","type":"Feature","properties":{"COD_IBGE":"5004304","MUNICIPIO":"Iguatemi","UF":"MS"},"geometry":{"type":"Polygon","coordinates":[[[-54.511228399999936,-23.738478099999952],[-54.60124229999997,-23.726057199999957],[-54.613676099999964,-23.73333729999996],[-54.64055799999994,-23.730985399999952],[-54.659533899999985,-23.70107619999993],[-54.65885529999997,-23.679759799999943],[-54.674330199999986,-23.647719999999936],[-54.74824829999994,-23.578507099999968],[-54.772450299999946,-23.575688599999978],[-54.81125869999994,-23.54804699999994],[-54.83991409999999,-23.500355199999944],[-54.846725799999945,-23.48271049999994],[-54.84236219999997,-23.474754399999938],[-54.88267749999994,-23.440979399999947],[-54.86460619999997,-23.40888239999998],[-54.83675909999994,-23.387712499999964],[-54.84019969999997,-23.357496099999935],[-54.81537199999997,-23.306489099999965],[-54.789689899999985,-23.306014199999936],[-54.77162979999997,-23.290654399999937],[-54.731852799999956,-23.293685899999957],[-54.707087299999955,-23.286890599999936],[-54.67208279999994,-23.311324299999967],[-54.643503099999975,-23.274779999999964],[-54.653075599999966,-23.263882899999942],[-54.66189159999993,-23.214900799999953],[-54.65458739999997,-23.185824699999955],[-54.63416539999997,-23.163766899999928],[-54.59056599999997,-23.15602249999995],[-54.55900719999994,-23.126504799999964],[-54.52190849999994,-23.11227249999996],[-54.498112299999946,-23.07401589999995],[-54.46647219999994,-23.049049499999967],[-54.47389709999993,-23.04340549999995],[-54.462108299999954,-23.04191359999993],[-54.44761049999994,-23.05905219999994],[-54.427404199999955,-23.057131699999957],[-54.432979899999964,-23.07740979999994],[-54.42364079999999,-23.06837409999997],[-54.42435119999993,-23.084121099999948],[-54.40847469999994,-23.08983939999996],[-54.38717769999994,-23.08570459999993],[-54.37854989999994,-23.09499539999996],[-54.362576599999954,-23.09299539999995],[-54.35563799999994,-23.100328399999967],[-54.34722889999995,-23.09298229999996],[-54.334757399999944,-23.10026789999995],[-54.365353099999936,-23.149762299999963],[-54.37830799999995,-23.183129899999983],[-54.377390899999966,-23.222961699999928],[-54.39991669999995,-23.25778409999998],[-54.385717599999964,-23.271574399999963],[-54.372559799999976,-23.311022799999932],[-54.28614689999995,-23.372652999999957],[-54.30016599999993,-23.386293499999965],[-54.264441799999986,-23.396733799999936],[-54.24141019999996,-23.417673399999956],[-54.23710969999996,-23.449873999999966],[-54.255466499999955,-23.503333699999928],[-54.25387159999997,-23.53621519999996],[-54.274829299999965,-23.564067999999963],[-54.30488449999996,-23.562033499999927],[-54.32473129999994,-23.551190899999938],[-54.33038499999998,-23.554227699999956],[-54.38797039999997,-23.70540859999994],[-54.37778479999997,-23.72579829999995],[-54.40971019999995,-23.76730299999997],[-54.42020659999997,-23.79360239999994],[-54.45476359999998,-23.78614989999994],[-54.45204579999995,-23.768880899999942],[-54.46053509999996,-23.76671799999997],[-54.45425369999998,-23.75954299999995],[-54.470642199999986,-23.757576299999982],[-54.46922929999994,-23.750216299999977],[-54.49323979999997,-23.75362219999994],[-54.511228399999936,-23.738478099999952]]]}},{"id":"5141","type":"Feature","properties":{"COD_IBGE":"5004403","MUNICIPIO":"Inocência","UF":"MS"},"geometry":{"type":"Polygon","coordinates":[[[-51.82589219999994,-19.42233209999995],[-51.77856769999994,-19.486401599999965],[-51.795447699999954,-19.568880999999976],[-51.72006879999998,-19.627428099999975],[-51.69226539999994,-19.67220489999994],[-51.68592099999995,-19.69884079999997],[-51.666498599999954,-19.71053569999998],[-51.64900289999997,-19.74568019999998],[-51.622061299999984,-19.762134999999944],[-51.61234009999998,-19.75866739999998],[-51.606488999999954,-19.796267899999975],[-51.585919399999966,-19.789882199999965],[-51.59239359999998,-19.80345639999996],[-51.58779769999995,-19.81750809999994],[-51.580249899999956,-19.814037999999982],[-51.56205229999995,-19.824025199999937],[-51.55495509999997,-19.85922009999996],[-51.533299599999964,-19.870268599999974],[-51.536750799999936,-19.87810479999996],[-51.52498419999995,-19.888826499999936],[-51.51148639999997,-19.88447759999997],[-51.50711629999995,-19.900234999999952],[-51.51350729999996,-19.91246529999995],[-51.49805229999998,-19.919177899999966],[-51.49709659999996,-19.93744099999998],[-51.48711679999997,-19.935977999999977],[-51.48866259999994,-19.95239609999993],[-51.47514509999996,-19.95922669999993],[-51.55670889999993,-19.965747499999964],[-51.638723099999936,-19.982824199999982],[-51.64221699999996,-19.99503919999995],[-51.67651479999995,-20.012443899999937],[-51.688525399999946,-20.047354299999938],[-51.69751269999995,-20.047167199999933],[-51.73044859999993,-20.032821199999944],[-51.75052919999996,-20.03438289999997],[-51.762041899999986,-20.017913199999953],[-51.75767209999998,-19.989052999999956],[-51.78044479999994,-19.912706999999955],[-51.847654999999975,-20.005731499999968],[-51.87059229999994,-20.00311439999996],[-51.89603469999997,-20.024654399999974],[-51.97309489999998,-20.020983899999976],[-52.03287889999996,-20.042046899999946],[-52.057587499999954,-20.073325099999977],[-52.092471699999976,-20.084584999999947],[-52.10740889999994,-20.12271119999997],[-52.120297499999936,-20.130553499999962],[-52.12893349999996,-20.114625799999942],[-52.146664199999975,-20.107622999999933],[-52.153331899999955,-20.07990419999993],[-52.167530599999964,-20.071835199999953],[-52.167071599999986,-20.058413499999972],[-52.18374159999996,-20.052553099999955],[-52.200567399999954,-20.03277079999998],[-52.19596979999994,-20.017104099999926],[-52.220415199999934,-19.96097709999998],[-52.22084939999996,-19.942447399999935],[-52.212872199999936,-19.934324499999946],[-52.21996409999997,-19.91954409999994],[-52.21022149999993,-19.90262619999993],[-52.21580839999996,-19.893859599999928],[-52.21233189999998,-19.870163899999966],[-52.293637399999966,-19.788223199999948],[-52.30376259999997,-19.74955529999994],[-52.33470659999995,-19.72920279999994],[-52.33048709999997,-19.716650399999935],[-52.34259679999997,-19.70079789999994],[-52.34076989999994,-19.678274699999974],[-52.349255599999935,-19.662400799999944],[-52.37276069999996,-19.651967399999933],[-52.370174099999986,-19.642721799999947],[-52.389048299999956,-19.633264099999963],[-52.424126799999954,-19.627958399999955],[-52.43744309999994,-19.63783669999998],[-52.45340079999994,-19.614978599999972],[-52.46949399999994,-19.616345299999978],[-52.48193519999995,-19.60718959999997],[-52.494799299999954,-19.579748799999948],[-52.51133009999995,-19.56727429999995],[-52.50472099999996,-19.55956089999995],[-52.51564559999997,-19.550396999999975],[-52.507727999999986,-19.551137899999958],[-52.48740029999993,-19.528443899999957],[-52.48493279999997,-19.50106729999993],[-52.47114559999994,-19.491950199999962],[-52.47284309999998,-19.481386399999963],[-52.45805819999998,-19.45873439999997],[-52.46977369999996,-19.454443099999935],[-52.47023159999998,-19.43992659999998],[-52.46258289999997,-19.43643949999995],[-52.47144739999993,-19.431852099999958],[-52.473681399999975,-19.419055899999933],[-52.466242799999975,-19.418061699999953],[-52.46718949999996,-19.39174879999996],[-52.44795499999998,-19.378222999999934],[-52.45423039999997,-19.37343679999998],[-52.44333569999998,-19.36299219999995],[-52.440751499999976,-19.33580989999996],[-52.42942819999996,-19.331600999999978],[-52.38454189999993,-19.336949299999958],[-52.32718029999995,-19.36605549999996],[-52.26594309999996,-19.363012999999967],[-52.218574899999965,-19.37568529999993],[-52.202974799999936,-19.369428099999936],[-52.20171849999997,-19.347059899999977],[-52.18514159999995,-19.33634889999996],[-52.17015999999995,-19.35177099999993],[-52.15218909999999,-19.349078599999928],[-52.12607159999993,-19.373900299999946],[-52.078579299999944,-19.322561699999937],[-52.089398399999936,-19.304917099999955],[-52.16239609999997,-19.306555999999944],[-52.20039049999997,-19.24815979999994],[-52.22209929999997,-19.233681699999977],[-52.207786099999964,-19.219348199999956],[-52.19189799999998,-19.22238159999995],[-52.17189589999998,-19.197730399999955],[-52.16163759999995,-19.198293499999977],[-52.10781919999994,-19.229529299999967],[-52.09032369999994,-19.255415399999947],[-52.078581499999984,-19.25915279999998],[-52.05618939999994,-19.25020029999996],[-52.051099599999986,-19.22738769999995],[-52.02022019999998,-19.198814999999968],[-51.97998869999998,-19.19108959999994],[-51.93658599999998,-19.212948899999958],[-51.868449099999964,-19.22304669999994],[-51.87649509999994,-19.22792949999996],[-51.870906299999945,-19.241093099999944],[-51.854787699999974,-19.248523899999952],[-51.85047759999998,-19.267043299999955],[-51.862919499999975,-19.286316099999965],[-51.83843639999998,-19.33334949999994],[-51.82589219999994,-19.42233209999995]]]}},{"id":"5142","type":"Feature","properties":{"COD_IBGE":"5004502","MUNICIPIO":"Itaporã","UF":"MS"},"geometry":{"type":"Polygon","coordinates":[[[-54.68739229999994,-21.94026759999997],[-54.666498099999956,-21.94491729999993],[-54.65566309999997,-21.938862299999982],[-54.66575609999995,-21.937276399999973],[-54.66220699999997,-21.924669499999936],[-54.64908899999995,-21.933790599999952],[-54.637917399999935,-21.915947699999947],[-54.62711189999993,-21.921686199999954],[-54.625683899999956,-21.942490199999952],[-54.65970509999994,-22.008955199999946],[-54.66139009999995,-22.038582899999938],[-54.671052799999984,-22.05600899999996],[-54.69507399999998,-22.07340729999993],[-54.70647249999996,-22.097667299999955],[-54.744380099999944,-22.112824099999955],[-54.767952399999956,-22.136631299999976],[-54.82866509999997,-22.174362199999962],[-54.836764399999936,-22.171060099999977],[-54.84020519999996,-22.181608299999937],[-54.870589999999936,-22.20070419999996],[-54.92441299999996,-22.191718399999957],[-54.955718099999956,-22.176994199999967],[-54.97892909999996,-22.15169489999994],[-55.01719799999995,-22.14168639999997],[-55.04454579999998,-22.103444599999932],[-55.09168459999995,-22.122022799999968],[-55.09542669999996,-22.110484499999927],[-55.086275299999954,-22.073990299999934],[-55.10545199999996,-22.034554899999932],[-55.09949359999996,-22.005606299999954],[-55.08036219999997,-21.982231499999955],[-55.02285449999994,-21.963612699999942],[-55.008870599999966,-21.93890639999995],[-55.02232569999995,-21.91814899999997],[-55.00704399999995,-21.897550899999942],[-55.01069439999998,-21.886547699999937],[-54.99676599999998,-21.871615299999974],[-54.984519999999975,-21.82376499999998],[-54.96221019999996,-21.809177699999964],[-54.94527889999995,-21.805715599999928],[-54.92209529999997,-21.82402069999995],[-54.87925829999995,-21.824056999999982],[-54.847365399999944,-21.84553189999997],[-54.82958839999998,-21.83153139999996],[-54.81282339999996,-21.836474599999974],[-54.79473849999994,-21.82717759999997],[-54.78206709999995,-21.849762099999964],[-54.78602719999998,-21.86760399999997],[-54.77249819999997,-21.873686799999973],[-54.76968899999997,-21.898084599999947],[-54.76198939999995,-21.90524849999997],[-54.74389209999998,-21.897014299999967],[-54.73266869999998,-21.879213299999947],[-54.68908589999995,-21.864144299999964],[-54.69082729999997,-21.89466299999998],[-54.67383959999995,-21.89890879999996],[-54.69966889999995,-21.91632249999998],[-54.68518409999996,-21.930357999999956],[-54.68739229999994,-21.94026759999997]]]}},{"id":"5143","type":"Feature","properties":{"COD_IBGE":"5004601","MUNICIPIO":"Itaquiraí","UF":"MS"},"geometry":{"type":"Polygon","coordinates":[[[-54.255466499999955,-23.503333699999928],[-54.23710969999996,-23.449873999999966],[-54.24141019999996,-23.417673399999956],[-54.264441799999986,-23.396733799999936],[-54.30016599999993,-23.386293499999965],[-54.28614689999995,-23.372652999999957],[-54.372559799999976,-23.311022799999932],[-54.385717599999964,-23.271574399999963],[-54.39995079999994,-23.25762869999994],[-54.377390899999966,-23.222961699999928],[-54.37830799999995,-23.183129899999983],[-54.365353099999936,-23.149762299999963],[-54.33885719999995,-23.103903299999956],[-54.32480339999995,-23.10228479999995],[-54.33048889999998,-23.09517509999995],[-54.318215899999984,-23.091312399999936],[-54.307105899999954,-23.102415099999973],[-54.28565579999997,-23.10157259999994],[-54.28483399999993,-23.110977999999932],[-54.25972139999993,-23.130919999999946],[-54.22827979999994,-23.13002899999998],[-54.22506459999994,-23.146320699999933],[-54.21668509999995,-23.140407299999936],[-54.20447789999997,-23.144408299999952],[-54.19347369999997,-23.13197729999996],[-54.18460289999996,-23.13531439999997],[-54.180807399999935,-23.168722699999933],[-54.13484639999996,-23.174945199999968],[-54.11479399999996,-23.16564189999997],[-54.11081569999993,-23.157231599999932],[-54.122315399999934,-23.16174979999994],[-54.11971539999996,-23.152399999999943],[-54.091711299999986,-23.148627399999953],[-54.08476209999998,-23.13398069999994],[-54.065290499999946,-23.13480599999997],[-54.00205399999999,-23.15752279999998],[-53.967224699999974,-23.159960499999954],[-53.94721139999996,-23.16814759999994],[-53.93240009999994,-23.186063099999956],[-53.90918259999995,-23.185441999999966],[-53.90696419999995,-23.192584199999942],[-53.89690929999995,-23.187336199999947],[-53.892337699999985,-23.191291199999966],[-53.898956399999975,-23.197956199999965],[-53.871191599999975,-23.203352699999982],[-53.85469309999996,-23.21773289999993],[-53.85033919999995,-23.253586999999982],[-53.83337359999996,-23.259935799999937],[-53.82959279999994,-23.270937499999945],[-53.83637799999997,-23.27777489999994],[-53.82416039999998,-23.290506599999958],[-53.827265899999986,-23.306462499999952],[-53.83579339999994,-23.305847599999936],[-53.84246849999994,-23.31796509999998],[-53.82966559999994,-23.330657599999938],[-53.84734589999994,-23.32913439999993],[-53.84999239999996,-23.34444019999995],[-53.85768829999995,-23.339804899999933],[-53.86811799999998,-23.353351799999928],[-53.88347129999994,-23.35740439999995],[-53.88180529999994,-23.36678889999996],[-53.913178899999934,-23.404157899999973],[-53.98659669999995,-23.46479359999995],[-54.02401779999997,-23.586078399999963],[-54.03222979999998,-23.651661699999977],[-54.05112249999996,-23.687171499999977],[-54.06232829999993,-23.679904299999976],[-54.06370909999998,-23.663565699999936],[-54.05486709999997,-23.648954999999944],[-54.061076499999956,-23.640008299999977],[-54.10649349999994,-23.641356799999983],[-54.120128799999975,-23.626652199999967],[-54.14196489999995,-23.626318999999967],[-54.15275959999997,-23.612332599999945],[-54.188841999999966,-23.601072599999952],[-54.21082629999995,-23.574398499999973],[-54.274829299999965,-23.564067999999963],[-54.25387159999997,-23.53621519999996],[-54.255466499999955,-23.503333699999928]]]}},{"id":"5144","type":"Feature","properties":{"COD_IBGE":"5004700","MUNICIPIO":"Ivinhema","UF":"MS"},"geometry":{"type":"Polygon","coordinates":[[[-53.51918569999998,-22.534446699999933],[-53.556903999999975,-22.55126439999998],[-53.56152739999993,-22.570071499999983],[-53.618959099999984,-22.556209099999933],[-53.66264979999994,-22.57161689999998],[-53.76834749999995,-22.545213199999978],[-53.842990499999985,-22.511705099999972],[-53.87789019999997,-22.461716899999942],[-53.914029599999935,-22.43267229999998],[-54.02541099999996,-22.546616399999948],[-54.057465699999966,-22.474697599999956],[-54.10368579999994,-22.42914769999993],[-54.11817159999998,-22.363847499999963],[-54.09339079999995,-22.328585799999928],[-54.016309399999955,-22.166760199999942],[-53.977526799999964,-22.148219299999937],[-53.958898999999974,-22.16142949999994],[-53.93080459999993,-22.164758699999936],[-53.898740299999986,-22.198913499999946],[-53.82697919999998,-22.211131199999954],[-53.77807539999998,-22.236615899999947],[-53.68468749999994,-22.23151619999993],[-53.62158939999995,-22.204244399999936],[-53.607343199999946,-22.189783399999953],[-53.58871499999998,-22.19422009999994],[-53.589094399999965,-22.213926899999933],[-53.56188969999994,-22.234160799999927],[-53.57547119999998,-22.24762149999998],[-53.56663709999998,-22.277201799999943],[-53.552323799999954,-22.292805699999974],[-53.55685399999999,-22.308267299999955],[-53.53378569999995,-22.334977699999968],[-53.53639029999994,-22.35504579999997],[-53.553488699999946,-22.363296499999933],[-53.536815099999956,-22.362531199999978],[-53.538948199999936,-22.374927499999956],[-53.527964199999985,-22.396041399999945],[-53.51437119999997,-22.402931999999964],[-53.510134799999946,-22.43398229999997],[-53.49631339999996,-22.434981299999947],[-53.48291389999997,-22.455318499999976],[-53.50090809999995,-22.490730199999973],[-53.497702199999935,-22.502053899999964],[-53.51631389999994,-22.517693099999974],[-53.51918569999998,-22.534446699999933]]]}},{"id":"5145","type":"Feature","properties":{"COD_IBGE":"5004809","MUNICIPIO":"Japorã","UF":"MS"},"geometry":{"type":"Polygon","coordinates":[[[-54.56858079999995,-23.87446699999998],[-54.56439489999997,-23.854213499999958],[-54.584167899999954,-23.837027899999953],[-54.600789599999985,-23.85224299999993],[-54.60973659999996,-23.851376399999936],[-54.616588399999955,-23.835020499999928],[-54.646774799999946,-23.833763099999942],[-54.66947209999995,-23.812504799999942],[-54.683786699999985,-23.830502499999966],[-54.70176429999998,-23.782564999999977],[-54.70935869999994,-23.731100099999935],[-54.66540459999993,-23.72903189999994],[-54.64905779999998,-23.718096599999967],[-54.634004999999945,-23.73247159999994],[-54.60149919999998,-23.731535699999938],[-54.60124229999997,-23.726057199999957],[-54.57086909999998,-23.735394199999973],[-54.53105899999997,-23.733352899999943],[-54.49323979999997,-23.75362219999994],[-54.468645299999935,-23.75046439999994],[-54.470642199999986,-23.757576299999982],[-54.45425369999998,-23.75954299999995],[-54.46053509999996,-23.76671799999997],[-54.45204579999995,-23.768880899999942],[-54.45476359999998,-23.78614989999994],[-54.434302799999955,-23.794257199999947],[-54.41611419999998,-23.788489999999967],[-54.39006489999997,-23.81394549999993],[-54.419663499999956,-23.851850199999944],[-54.406542299999956,-23.859892199999933],[-54.40056959999998,-23.879471299999977],[-54.36959319999994,-23.885757299999966],[-54.36210209999996,-23.90562929999993],[-54.382720699999936,-23.90763409999994],[-54.42683009999996,-23.93109009999995],[-54.43413849999996,-23.929067199999963],[-54.42622099999994,-23.91571179999994],[-54.44013949999999,-23.904276099999947],[-54.46928719999994,-23.897725799999932],[-54.487316599999986,-23.90368049999995],[-54.49300469999997,-23.885155099999963],[-54.51488139999998,-23.885178399999972],[-54.523157399999945,-23.873592199999962],[-54.53890149999995,-23.869097799999963],[-54.56858079999995,-23.87446699999998]]]}},{"id":"5146","type":"Feature","properties":{"COD_IBGE":"5004908","MUNICIPIO":"Jaraguari","UF":"MS"},"geometry":{"type":"Polygon","coordinates":[[[-54.49794889999998,-20.333570599999973],[-54.51677059999997,-20.285515499999974],[-54.53492079999995,-20.274630499999944],[-54.607304899999974,-20.251194099999964],[-54.61590729999995,-20.258187799999973],[-54.645118399999944,-20.252366499999937],[-54.65061929999996,-20.23558309999993],[-54.67667809999995,-20.215687699999933],[-54.71877049999995,-20.203911199999936],[-54.725157699999954,-20.194247299999972],[-54.74135389999998,-20.20162609999994],[-54.77075069999995,-20.19110909999995],[-54.78154579999995,-20.172668999999928],[-54.76133329999993,-20.042825599999958],[-54.73828439999994,-20.04589089999996],[-54.709905299999946,-20.016052299999956],[-54.67611659999994,-20.01522579999994],[-54.67289759999994,-20.006438599999967],[-54.663144399999965,-20.010234199999957],[-54.64231529999995,-20.000909699999966],[-54.62382719999994,-20.013729599999976],[-54.579557199999954,-20.01324539999996],[-54.57319409999997,-20.02514979999995],[-54.54515999999995,-20.009740799999975],[-54.538972799999954,-20.019199499999957],[-54.522763399999974,-20.019930599999952],[-54.500756499999966,-20.00070409999995],[-54.40799229999993,-20.032647099999963],[-54.36973219999999,-20.02335949999997],[-54.31918669999993,-20.03325209999997],[-54.28934129999993,-20.02806769999995],[-54.25925639999997,-20.045339699999943],[-54.22547039999995,-20.039472299999943],[-54.18426219999998,-20.064418299999943],[-54.172064199999966,-20.090714099999957],[-54.116809899999964,-20.102860199999952],[-54.08177649999993,-20.141811299999972],[-54.06912669999997,-20.14643549999994],[-54.06602289999995,-20.17755379999994],[-54.046317999999985,-20.19682769999997],[-54.049014899999975,-20.208767499999965],[-54.03464169999995,-20.211830499999962],[-54.01578489999997,-20.240723899999978],[-54.010802199999944,-20.235875299999975],[-54.006438799999955,-20.264428299999963],[-53.99694329999994,-20.26068699999996],[-53.995613599999956,-20.27466439999995],[-53.98426919999997,-20.276925699999936],[-53.98862749999995,-20.309236399999975],[-53.96326399999998,-20.31586589999995],[-53.941499299999975,-20.33973139999995],[-53.91494919999997,-20.341381199999944],[-53.90873689999995,-20.352853799999934],[-53.88375599999995,-20.36327209999996],[-53.89041579999997,-20.37465969999994],[-53.917652199999964,-20.369515499999977],[-53.941016899999966,-20.38221459999994],[-53.96633769999994,-20.381491299999936],[-53.98346689999994,-20.397154899999975],[-53.989296499999966,-20.390936199999942],[-54.003326999999956,-20.400890299999958],[-54.00829259999995,-20.39339209999997],[-54.009442099999944,-20.409514099999967],[-54.02255279999997,-20.411462899999947],[-54.02580819999997,-20.40200569999996],[-54.026786699999946,-20.413728799999944],[-54.035107299999936,-20.412513199999978],[-54.03922069999999,-20.423442199999954],[-54.058051399999954,-20.41973809999996],[-54.05974159999994,-20.428522699999974],[-54.078166299999964,-20.426246399999968],[-54.08204889999996,-20.43502419999993],[-54.096013599999935,-20.430484599999943],[-54.10368779999993,-20.438950499999976],[-54.11908139999997,-20.43671889999996],[-54.11400499999996,-20.443871899999976],[-54.12840279999995,-20.44269029999998],[-54.14128559999995,-20.456803899999954],[-54.156493599999976,-20.445579299999963],[-54.16113709999996,-20.455351699999937],[-54.17825499999998,-20.46548279999996],[-54.18345059999996,-20.460881099999938],[-54.202891199999954,-20.479529599999978],[-54.219082699999944,-20.476854899999978],[-54.221827099999985,-20.487133599999936],[-54.23290949999995,-20.483618099999944],[-54.24259829999994,-20.49407679999996],[-54.28891009999995,-20.494439399999976],[-54.302238399999965,-20.480501499999946],[-54.33328239999997,-20.479153199999928],[-54.35588839999997,-20.466834199999937],[-54.38304889999995,-20.430807899999934],[-54.418663299999935,-20.42198659999997],[-54.444957699999975,-20.39705079999993],[-54.48968729999996,-20.392367199999967],[-54.49794889999998,-20.333570599999973]]]}},{"id":"5147","type":"Feature","properties":{"COD_IBGE":"5005004","MUNICIPIO":"Jardim","UF":"MS"},"geometry":{"type":"Polygon","coordinates":[[[-56.14877389999998,-21.870209099999954],[-56.15119809999993,-21.826762599999938],[-56.17370649999998,-21.79605769999995],[-56.20424369999995,-21.780486099999962],[-56.251100399999984,-21.781360199999938],[-56.282348999999954,-21.665184499999953],[-56.32143589999998,-21.654722799999945],[-56.36439649999994,-21.626343599999927],[-56.392309599999976,-21.631402199999968],[-56.401692099999934,-21.640875199999982],[-56.440062499999954,-21.638070599999935],[-56.45245629999994,-21.62779749999993],[-56.459105199999954,-21.634214399999962],[-56.49654499999997,-21.62829039999997],[-56.52305999999999,-21.606783699999937],[-56.52807819999998,-21.557460799999944],[-56.54002079999998,-21.527295699999968],[-56.63313789999995,-21.560597299999927],[-56.66122219999994,-21.589445999999953],[-56.70342679999993,-21.544321799999977],[-56.714273299999945,-21.54310829999997],[-56.829819999999984,-21.570643899999936],[-56.852361299999984,-21.56065069999994],[-56.863546499999984,-21.570131999999944],[-56.893857899999944,-21.57231029999997],[-56.921497399999964,-21.58496969999993],[-56.919515299999944,-21.59413829999994],[-56.93503839999994,-21.595202899999947],[-56.94155269999993,-21.59354849999994],[-56.942641599999945,-21.579795299999944],[-56.93345199999993,-21.57488669999998],[-56.93987889999994,-21.56555419999995],[-56.93259899999998,-21.553102699999954],[-56.924141299999974,-21.55369399999995],[-56.93207109999997,-21.539087699999982],[-56.89977159999995,-21.52269709999996],[-56.907299799999976,-21.514021899999932],[-56.89403299999998,-21.514574299999936],[-56.89220229999995,-21.50591049999997],[-56.88050139999996,-21.503014899999982],[-56.88183449999997,-21.493745099999956],[-56.86054699999994,-21.479633699999965],[-56.86424949999997,-21.470167599999968],[-56.85619859999997,-21.46211829999993],[-56.84980719999999,-21.462885299999982],[-56.852594299999964,-21.46863819999993],[-56.845369699999935,-21.461989999999957],[-56.82994579999996,-21.465970899999945],[-56.831942399999946,-21.473602599999936],[-56.82137519999998,-21.475632599999983],[-56.81560159999998,-21.489414499999953],[-56.808217999999954,-21.480698599999982],[-56.81287459999999,-21.47689719999994],[-56.802989199999956,-21.477426799999932],[-56.80991319999998,-21.458545399999934],[-56.79685189999998,-21.44823699999995],[-56.79323919999996,-21.453249699999958],[-56.79276749999997,-21.44549089999998],[-56.785519799999975,-21.449925599999972],[-56.65694629999996,-21.42944639999996],[-56.61834479999993,-21.440989499999944],[-56.55901849999998,-21.423714099999927],[-56.53169159999993,-21.436899299999936],[-56.48599959999996,-21.440455399999962],[-56.45784919999994,-21.433996699999966],[-56.45041319999996,-21.42469189999997],[-56.43914149999995,-21.434798599999965],[-56.416908399999954,-21.433375699999942],[-56.36991729999994,-21.411813499999937],[-56.358712999999966,-21.419845099999975],[-56.338283299999944,-21.41119989999993],[-56.305746599999964,-21.41777339999993],[-56.29023339999998,-21.40382649999998],[-56.296168799999975,-21.39339309999997],[-56.29011989999998,-21.35218279999998],[-56.25952059999997,-21.36098069999997],[-56.249256299999956,-21.35254139999995],[-56.25095189999996,-21.34316199999995],[-56.23560269999996,-21.33905859999993],[-56.22767669999996,-21.323832799999934],[-56.234560699999975,-21.31138439999995],[-56.22729419999996,-21.291090899999972],[-56.21223909999998,-21.30162679999995],[-56.21849249999997,-21.323629299999936],[-56.20884419999999,-21.330150699999933],[-56.21163149999995,-21.340891099999965],[-56.20228119999996,-21.34394519999995],[-56.203236499999946,-21.354997499999968],[-56.21231499999993,-21.35521799999998],[-56.20637229999994,-21.36316039999997],[-56.21410549999996,-21.366637699999956],[-56.21001699999994,-21.373197199999936],[-56.217309899999975,-21.38308909999995],[-56.19628229999995,-21.407011799999964],[-56.19709549999993,-21.43176539999996],[-56.18557339999995,-21.441121899999928],[-56.16090349999996,-21.43438409999993],[-56.144708299999934,-21.446120099999973],[-56.14298009999993,-21.460928399999943],[-56.11996809999994,-21.470160199999953],[-56.11212299999994,-21.505015399999934],[-56.11994329999993,-21.515741999999932],[-56.10988579999997,-21.520050099999935],[-56.10370219999999,-21.540635299999963],[-56.13472989999997,-21.581466099999943],[-56.11649569999997,-21.590606999999977],[-56.12787009999994,-21.603183399999978],[-56.11915819999996,-21.60695899999996],[-56.12564999999995,-21.610478099999966],[-56.124460699999986,-21.628634499999976],[-56.11500619999998,-21.628197299999954],[-56.11226709999994,-21.644305199999962],[-56.092801399999985,-21.661231199999975],[-56.089280299999984,-21.68812639999993],[-56.04909199999997,-21.692281199999968],[-56.040831399999945,-21.722977299999968],[-56.02628189999996,-21.72089589999996],[-56.023535599999946,-21.73068989999996],[-56.01520459999995,-21.731907599999943],[-56.01063419999997,-21.748668599999974],[-55.98037379999994,-21.781271999999944],[-55.98085199999997,-21.79476189999997],[-55.99160889999996,-21.803619199999957],[-55.98705129999996,-21.80849509999996],[-55.94553929999995,-21.818329699999936],[-55.91196219999995,-21.81584339999995],[-55.901566199999934,-21.807416699999976],[-55.894123699999966,-21.811485999999945],[-55.90769659999995,-21.81265929999995],[-55.90533119999998,-21.82133399999998],[-55.91741659999997,-21.81626979999993],[-55.933984099999975,-21.821506599999964],[-55.93583609999996,-21.826816899999983],[-55.92197319999997,-21.830929199999957],[-55.93414339999998,-21.838302899999974],[-55.91586189999998,-21.845618799999954],[-55.933879599999955,-21.852500499999962],[-55.922067099999936,-21.85868229999994],[-55.927882299999965,-21.866155499999934],[-55.92412539999998,-21.85963399999997],[-55.93779609999996,-21.857204899999942],[-55.93666979999995,-21.84732029999998],[-55.94970529999995,-21.85362079999993],[-55.94778829999996,-21.833484599999963],[-55.95670019999994,-21.831017499999973],[-55.95779719999996,-21.82054409999995],[-55.96857959999994,-21.82231969999998],[-55.96428339999994,-21.856991599999958],[-55.97325609999996,-21.833098399999983],[-55.98266169999994,-21.844966099999965],[-55.98539379999994,-21.833440199999927],[-55.992380999999966,-21.838169499999935],[-55.98930889999997,-21.816449199999965],[-56.00980079999994,-21.811810399999956],[-56.003989899999965,-21.80288969999998],[-56.01501929999995,-21.792299499999956],[-56.008448999999985,-21.78287359999996],[-56.02208289999999,-21.78360289999995],[-56.01064789999998,-21.80312559999993],[-56.020894699999985,-21.82211159999997],[-56.00829879999998,-21.81803919999993],[-56.00493719999997,-21.83415999999994],[-56.032786399999964,-21.832861399999956],[-56.033529199999975,-21.84084839999997],[-56.00359839999999,-21.84553479999994],[-56.01185239999995,-21.86523879999993],[-55.978759699999955,-21.861802199999943],[-55.98095399999994,-21.87881959999993],[-56.00208989999999,-21.871328799999958],[-56.01208189999994,-21.877630199999942],[-55.98828669999995,-21.89408359999993],[-56.00239719999996,-21.904358699999932],[-55.97970579999998,-21.90467899999993],[-55.97789899999998,-21.913904199999934],[-55.98811249999994,-21.918339999999944],[-55.979508299999964,-21.92112529999997],[-55.97783549999997,-21.927736599999946],[-55.99167129999995,-21.926860699999963],[-55.99001119999997,-21.914220099999966],[-56.010451699999976,-21.910403299999928],[-56.00963079999997,-21.903215099999954],[-56.022132899999974,-21.922359899999947],[-56.01953709999998,-21.907914499999947],[-56.02516809999997,-21.90571659999995],[-56.01367549999998,-21.89396199999993],[-56.03089879999993,-21.89555169999994],[-56.02734789999994,-21.882150399999944],[-56.044426499999986,-21.88431799999995],[-56.04194219999994,-21.919145399999934],[-56.057091499999956,-21.909329999999954],[-56.05496769999996,-21.89683189999994],[-56.06708669999995,-21.896507499999927],[-56.06315489999997,-21.884822999999983],[-56.08619779999998,-21.89527049999998],[-56.11285979999997,-21.871577699999932],[-56.136814699999945,-21.87725329999995],[-56.14877389999998,-21.870209099999954]]]}},{"id":"5148","type":"Feature","properties":{"COD_IBGE":"5005103","MUNICIPIO":"Jateí","UF":"MS"},"geometry":{"type":"Polygon","coordinates":[[[-54.325994399999956,-22.584694799999966],[-54.38870079999998,-22.63170789999998],[-54.40692619999999,-22.634796199999982],[-54.43037419999996,-22.625981499999966],[-54.348222599999986,-22.442916999999966],[-54.11462439999997,-22.53408749999994],[-54.110186399999975,-22.563256699999954],[-54.102868599999965,-22.567169499999977],[-54.067345899999964,-22.55961099999996],[-54.050912799999935,-22.544645499999945],[-54.02778949999998,-22.54392439999998],[-54.002607299999966,-22.567896099999928],[-53.98341439999996,-22.574666699999966],[-53.97923739999993,-22.595641799999953],[-53.95913099999996,-22.60881039999998],[-53.92542659999998,-22.663066499999957],[-53.86389459999998,-22.685463099999936],[-53.831127599999945,-22.70870759999997],[-53.80386999999996,-22.713864299999955],[-53.78862439999995,-22.72806389999994],[-53.76067699999999,-22.731711099999927],[-53.72080729999993,-22.71581919999994],[-53.68007909999994,-22.714634199999978],[-53.66265889999994,-22.70380119999993],[-53.649224499999946,-22.708839799999964],[-53.62129429999993,-22.695699299999944],[-53.618579299999965,-22.682401099999936],[-53.59567009999995,-22.66256059999995],[-53.55861189999996,-22.66657779999997],[-53.56176919999996,-22.68132029999998],[-53.546741199999985,-22.69074919999997],[-53.54891449999997,-22.707894799999963],[-53.534879699999976,-22.718352099999947],[-53.540862999999945,-22.74366649999996],[-53.524998299999936,-22.736347499999965],[-53.519473199999936,-22.74360539999998],[-53.52500369999996,-22.755859199999975],[-53.493677599999955,-22.746519899999953],[-53.48704369999996,-22.75823879999996],[-53.505719899999974,-22.762760199999946],[-53.52486359999995,-22.79347729999995],[-53.560000799999955,-22.810307699999953],[-53.56834139999995,-22.835311899999965],[-53.61250819999998,-22.859925499999974],[-53.62239749999998,-22.901997499999936],[-53.65159829999993,-22.91868599999998],[-53.64919139999995,-22.956861699999934],[-53.65645089999998,-22.981419699999947],[-53.66002999999995,-22.96406819999993],[-53.673082299999976,-22.962951799999928],[-53.68914239999998,-22.94044219999995],[-53.70518079999994,-22.93194649999998],[-53.73207699999995,-22.93434019999995],[-53.76333869999996,-22.901212999999927],[-53.824836999999945,-22.89836619999994],[-53.87032759999994,-22.875622499999963],[-53.94130499999994,-22.862578799999937],[-53.95618449999995,-22.845212499999946],[-53.979011499999956,-22.83504149999993],[-53.983806399999935,-22.81933779999997],[-54.002636999999936,-22.808327599999927],[-54.00726679999997,-22.79578689999994],[-54.08995299999998,-22.76035829999995],[-54.14175309999996,-22.713374099999953],[-54.16830249999998,-22.71216329999993],[-54.19248169999997,-22.722473799999932],[-54.22746769999998,-22.710514699999976],[-54.325994399999956,-22.584694799999966]]]}},{"id":"5149","type":"Feature","properties":{"COD_IBGE":"5005152","MUNICIPIO":"Juti","UF":"MS"},"geometry":{"type":"Polygon","coordinates":[[[-54.58327509999998,-22.95318359999993],[-54.62742469999995,-22.92170939999994],[-54.64173949999997,-22.932086999999967],[-54.64702879999999,-22.915430799999967],[-54.66134569999997,-22.917459299999962],[-54.66271939999996,-22.90535449999993],[-54.687019599999985,-22.889643199999966],[-54.725890799999945,-22.895005599999934],[-54.73839899999996,-22.88759799999997],[-54.73677769999995,-22.865885099999957],[-54.74964669999997,-22.848424299999976],[-54.73975759999996,-22.808902099999955],[-54.74482989999996,-22.77102629999996],[-54.72428689999998,-22.75112699999994],[-54.71371999999997,-22.720232899999928],[-54.65715419999998,-22.693748399999947],[-54.68354229999994,-22.670542099999977],[-54.70330359999997,-22.61741829999994],[-54.648816599999975,-22.633761599999957],[-54.59794939999995,-22.634151999999972],[-54.574684099999956,-22.631066199999964],[-54.536163199999976,-22.606685599999935],[-54.49950359999997,-22.609199299999943],[-54.49683259999995,-22.621100799999965],[-54.48224779999998,-22.62147539999995],[-54.477518499999974,-22.632690799999978],[-54.44723369999997,-22.619887399999982],[-54.406299399999966,-22.634825999999975],[-54.37784789999995,-22.62593869999995],[-54.325994399999956,-22.584694799999966],[-54.22746769999998,-22.710514699999976],[-54.19181199999997,-22.722486299999957],[-54.146204299999965,-22.711774499999933],[-54.091128399999945,-22.757638999999983],[-54.12755009999995,-22.77565149999998],[-54.14417299999997,-22.77729779999993],[-54.16722759999993,-22.763661399999933],[-54.42588079999996,-22.821603599999946],[-54.41634639999995,-22.864925099999937],[-54.43057969999995,-22.88582329999997],[-54.432111599999985,-22.95843499999995],[-54.47397959999995,-23.04357209999995],[-54.46745869999995,-23.049844699999937],[-54.47540099999998,-23.049995699999954],[-54.47381389999998,-23.03977189999995],[-54.511059099999954,-23.015216899999928],[-54.52292679999994,-23.000382599999966],[-54.51706729999995,-22.991734399999928],[-54.53222409999995,-22.98648609999998],[-54.532573799999966,-22.96919829999996],[-54.557575499999984,-22.977573199999938],[-54.55690389999995,-22.971035099999938],[-54.57420769999993,-22.97220189999996],[-54.58240039999998,-22.96706389999997],[-54.58327509999998,-22.95318359999993]]]}},{"id":"5150","type":"Feature","properties":{"COD_IBGE":"5005202","MUNICIPIO":"Ladário","UF":"MS"},"geometry":{"type":"Polygon","coordinates":[[[-57.607943399999954,-19.185694599999977],[-57.66733599999998,-19.16735609999995],[-57.677624299999934,-19.137433099999953],[-57.66132819999996,-19.087939699999936],[-57.63980779999997,-19.083781199999976],[-57.632557599999984,-19.032071799999983],[-57.62019429999998,-19.023064499999975],[-57.61416640799996,-18.999445811999976],[-57.58167389999994,-19.002121299999942],[-57.551030999999966,-19.016285099999948],[-57.525213399999984,-19.009072499999945],[-57.51027159999995,-19.01932949999997],[-57.46617859999998,-19.027485199999944],[-57.459593799999936,-19.06050709999994],[-57.49233229999999,-19.095451899999944],[-57.50323899999995,-19.122108199999957],[-57.50761359999996,-19.209824699999956],[-57.529407599999956,-19.21948489999994],[-57.55306939999997,-19.195706299999927],[-57.57990709999996,-19.191010199999937],[-57.59795839999998,-19.200553799999966],[-57.607943399999954,-19.185694599999977]]]}},{"id":"5151","type":"Feature","properties":{"COD_IBGE":"5005251","MUNICIPIO":"Laguna Carapã","UF":"MS"},"geometry":{"type":"Polygon","coordinates":[[[-55.10367779999996,-22.893122699999935],[-55.12521289999995,-22.905373099999963],[-55.13110969999997,-22.92063059999998],[-55.162678599999936,-22.91232629999996],[-55.16591119999998,-22.882295299999953],[-55.19652279999997,-22.87289839999994],[-55.20176079999993,-22.859566899999948],[-55.21508189999997,-22.86208799999997],[-55.219064499999945,-22.847302599999978],[-55.23718919999993,-22.843232599999965],[-55.245061599999985,-22.825999299999978],[-55.23409659999999,-22.805686999999978],[-55.255727699999966,-22.811743199999967],[-55.27046539999998,-22.79160449999995],[-55.26635659999994,-22.78528549999993],[-55.28617669999994,-22.776233799999943],[-55.28714599999995,-22.76158929999997],[-55.309411599999976,-22.75470919999998],[-55.310929699999974,-22.72492559999995],[-55.31724499999996,-22.730884299999957],[-55.32008949999994,-22.724581399999977],[-55.34313579999997,-22.727133899999956],[-55.339118499999984,-22.71566459999997],[-55.353697899999986,-22.715764399999955],[-55.35770729999996,-22.701566499999956],[-55.34872299999995,-22.673645699999952],[-55.35558219999996,-22.65699159999997],[-55.368174299999964,-22.65287029999996],[-55.355012999999985,-22.596160999999938],[-55.36484449999995,-22.561030999999957],[-55.34628239999995,-22.54110979999996],[-55.35272179999998,-22.524998599999947],[-55.368817399999955,-22.52548369999994],[-55.339059099999986,-22.50862829999994],[-55.34721829999995,-22.484278699999948],[-55.32420719999993,-22.482973799999968],[-55.30770519999999,-22.499310799999932],[-55.29334789999996,-22.493999299999928],[-55.29565169999995,-22.484483099999977],[-55.272688899999935,-22.48562359999994],[-55.252750799999944,-22.474554799999964],[-55.24355979999996,-22.484136899999953],[-55.246632499999976,-22.475534899999957],[-55.232924999999966,-22.47867439999993],[-55.23283739999994,-22.469309299999964],[-55.21735879999994,-22.46470249999993],[-55.20559339999994,-22.44671459999995],[-55.176688799999965,-22.43966809999995],[-55.11894319999993,-22.405124399999977],[-55.11359489999995,-22.416323499999976],[-55.09122089999994,-22.425317099999972],[-55.065944299999956,-22.419657299999983],[-55.05362799999995,-22.41281349999997],[-55.05631219999998,-22.39789829999995],[-55.044197199999985,-22.369137499999965],[-55.01186269999994,-22.370082099999934],[-54.98577759999995,-22.357219399999963],[-54.96404659999996,-22.364269699999966],[-54.965670999999986,-22.39915979999995],[-54.98134849999997,-22.443898499999932],[-55.02503139999993,-22.50327249999998],[-55.04747239999995,-22.503948699999967],[-55.05381929999999,-22.524155699999937],[-55.069267399999944,-22.539006099999938],[-55.09766709999997,-22.54782199999994],[-55.101741699999934,-22.581757299999936],[-55.12759569999997,-22.606464699999947],[-55.12674979999997,-22.641248899999937],[-55.07486519999998,-22.671205199999974],[-55.04066839999996,-22.675159899999983],[-55.02296489999998,-22.698008399999935],[-55.00014009999995,-22.701550699999927],[-54.98770939999997,-22.71354219999995],[-54.986180299999944,-22.727499699999953],[-54.96427449999993,-22.733568399999967],[-54.97100389999997,-22.755737599999975],[-54.96307429999996,-22.75552349999998],[-54.957502499999975,-22.766631299999972],[-54.94787259999998,-22.763439799999958],[-54.943730699999946,-22.77006199999994],[-54.944790599999976,-22.76335759999995],[-54.93501909999998,-22.76007889999994],[-54.92931569999996,-22.767392899999948],[-54.93366019999996,-22.772380599999963],[-54.91929019999998,-22.788503799999944],[-54.93010769999995,-22.79019599999998],[-54.931762299999946,-22.79919949999993],[-54.90736769999995,-22.79673409999998],[-54.90532269999994,-22.81539689999994],[-54.89119679999993,-22.811092499999972],[-54.848438999999985,-22.832618999999966],[-54.850247399999944,-22.84006349999993],[-54.82014149999998,-22.84856629999996],[-54.822888199999966,-22.856749699999966],[-54.81303929999996,-22.871753499999954],[-54.82801809999995,-22.882105499999966],[-54.834281199999964,-22.877639399999964],[-54.84100529999995,-22.889508899999953],[-54.87284719999997,-22.87579809999994],[-54.87483819999994,-22.884204099999977],[-54.90672059999997,-22.89379759999997],[-54.90467289999998,-22.91109579999994],[-54.913915799999984,-22.909643899999935],[-54.92298079999995,-22.924713099999963],[-54.95141649999994,-22.92675509999998],[-54.95548899999994,-22.920240999999976],[-54.959263599999986,-22.92931889999994],[-54.95150599999994,-22.93625659999998],[-54.96897489999998,-22.947634999999934],[-54.97754719999995,-22.944234799999947],[-54.979259799999966,-22.928498599999955],[-54.98651249999995,-22.926600599999972],[-54.98296919999996,-22.91264519999993],[-54.990675099999976,-22.906303599999944],[-55.00457229999995,-22.91441489999994],[-55.01939999999996,-22.910567799999967],[-55.03488589999995,-22.92551609999998],[-55.04124939999997,-22.918355599999927],[-55.047550599999965,-22.926319699999965],[-55.05633009999997,-22.915418899999963],[-55.07264719999995,-22.91746519999998],[-55.064580999999976,-22.90699509999996],[-55.07715069999995,-22.894826299999977],[-55.096723199999985,-22.903086299999927],[-55.10367779999996,-22.893122699999935]]]}},{"id":"5152","type":"Feature","properties":{"COD_IBGE":"5005400","MUNICIPIO":"Maracaju","UF":"MS"},"geometry":{"type":"Polygon","coordinates":[[[-54.98742089999996,-21.62432179999996],[-54.99499909999997,-21.64371509999995],[-54.98566949999997,-21.649090599999965],[-54.99714489999997,-21.663946599999974],[-54.959168999999974,-21.67111209999996],[-54.946717699999965,-21.691624399999966],[-54.935955099999944,-21.68276039999995],[-54.93954929999995,-21.700309199999936],[-54.91923099999997,-21.699780499999974],[-54.925738799999976,-21.716321499999935],[-54.939953499999945,-21.719924099999957],[-54.934618899999975,-21.72756499999997],[-54.92281239999994,-21.72886189999997],[-54.90849859999997,-21.75007819999996],[-54.89634049999995,-21.74651709999995],[-54.89569709999995,-21.759169699999973],[-54.87977139999998,-21.771122399999967],[-54.87022319999994,-21.765071899999953],[-54.85796769999996,-21.773595599999965],[-54.862555499999985,-21.780212699999936],[-54.83044309999997,-21.78828599999997],[-54.83715129999996,-21.820892899999933],[-54.82767929999994,-21.826510999999982],[-54.836450999999954,-21.83951019999995],[-54.847365399999944,-21.84553189999997],[-54.87925829999995,-21.824056999999982],[-54.92209529999997,-21.82402069999995],[-54.94527889999995,-21.805715599999928],[-54.96221019999996,-21.809177699999964],[-54.984519999999975,-21.82376499999998],[-55.00157969999998,-21.879938899999956],[-55.034063799999956,-21.899254999999982],[-55.061863399999936,-21.89717849999994],[-55.09032309999998,-21.90858979999996],[-55.10410669999993,-21.90389049999993],[-55.15041299999996,-21.92129189999997],[-55.193237299999964,-21.914558799999952],[-55.22733599999998,-21.925893199999962],[-55.269165999999984,-21.918016299999977],[-55.31661779999996,-21.896397999999976],[-55.34975719999994,-21.893848099999957],[-55.36394489999998,-21.87944909999993],[-55.39036239999996,-21.89475109999995],[-55.40057099999996,-21.888444599999957],[-55.410068499999966,-21.896146099999953],[-55.41970639999994,-21.86778499999997],[-55.43901439999996,-21.87892549999998],[-55.44372009999995,-21.867938299999935],[-55.46748349999996,-21.874071499999957],[-55.462725499999976,-21.86147569999997],[-55.473514499999965,-21.864159099999938],[-55.471506499999975,-21.85349759999997],[-55.48685299999994,-21.852841299999966],[-55.49083719999999,-21.84333049999998],[-55.50250349999993,-21.85281559999993],[-55.51090259999995,-21.848416699999973],[-55.50889719999998,-21.83139159999996],[-55.522929799999986,-21.822482199999968],[-55.52829449999996,-21.829917199999954],[-55.54375349999998,-21.79817689999993],[-55.55303239999995,-21.80867089999998],[-55.569689299999936,-21.796523999999977],[-55.58911299999994,-21.807988299999977],[-55.61165699999998,-21.786361099999965],[-55.64963369999998,-21.784888699999954],[-55.678766199999984,-21.763351399999976],[-55.71011869999995,-21.75446809999994],[-55.73088839999997,-21.787168299999962],[-55.752773899999966,-21.763793299999975],[-55.76498019999997,-21.728957999999977],[-55.78280929999994,-21.72113779999995],[-55.78758629999999,-21.70398149999994],[-55.79685619999998,-21.700866299999973],[-55.79383839999997,-21.694759699999963],[-55.82108789999995,-21.67239969999997],[-55.81766079999994,-21.66588059999998],[-55.837811999999985,-21.656598299999928],[-55.82766069999997,-21.639260899999954],[-55.831496399999935,-21.631473099999937],[-55.84030729999995,-21.63493139999997],[-55.838989699999956,-21.62738429999996],[-55.83012919999993,-21.625990599999966],[-55.817094199999985,-21.64785059999997],[-55.803500199999974,-21.64384179999996],[-55.79815479999996,-21.633390799999972],[-55.813770199999965,-21.636305299999947],[-55.81523389999995,-21.629259099999956],[-55.806355199999985,-21.624983199999974],[-55.81922079999998,-21.619542499999966],[-55.814202199999954,-21.608551499999976],[-55.829132899999934,-21.609284899999977],[-55.81628349999994,-21.593504699999983],[-55.813226499999985,-21.604912199999944],[-55.80834829999998,-21.59833249999997],[-55.805240399999946,-21.603188399999965],[-55.80933429999993,-21.617493099999933],[-55.803250799999944,-21.612450899999942],[-55.800959699999964,-21.625053999999977],[-55.793016199999954,-21.62209409999997],[-55.794741699999975,-21.61025099999995],[-55.786706899999956,-21.61929109999994],[-55.779929299999935,-21.61215119999997],[-55.774897299999964,-21.623253099999943],[-55.763417699999934,-21.61912609999996],[-55.76334719999994,-21.634722599999975],[-55.757270999999946,-21.62801419999994],[-55.742787599999986,-21.644361199999935],[-55.75839199999996,-21.616597699999943],[-55.77005349999996,-21.614881199999957],[-55.76966059999995,-21.60474019999998],[-55.751404099999945,-21.62101169999994],[-55.74024349999996,-21.621622099999968],[-55.74673709999996,-21.60500959999996],[-55.757702999999935,-21.60758359999994],[-55.75936969999998,-21.58954929999993],[-55.749998699999935,-21.583977199999936],[-55.75960379999998,-21.58203709999998],[-55.765805099999966,-21.597351999999944],[-55.779893899999934,-21.59892569999994],[-55.77853619999996,-21.591961499999968],[-55.790508999999986,-21.59782309999997],[-55.786976599999946,-21.587302799999975],[-55.775261599999965,-21.583495399999947],[-55.79621849999995,-21.58061719999995],[-55.80086709999995,-21.567764099999977],[-55.788523699999985,-21.573427699999968],[-55.789546299999984,-21.56681539999994],[-55.77833969999995,-21.566526299999964],[-55.78601229999998,-21.557192099999952],[-55.77407909999994,-21.557337399999938],[-55.78261889999993,-21.546383099999957],[-55.794516999999985,-21.56257469999997],[-55.803972399999964,-21.563098799999977],[-55.80603189999994,-21.550506799999937],[-55.79898999999995,-21.543978299999935],[-55.81250079999995,-21.54573629999993],[-55.82130939999996,-21.529637599999944],[-55.81212759999994,-21.535951499999953],[-55.806336699999974,-21.524491499999954],[-55.80085599999995,-21.530321499999957],[-55.77966199999997,-21.523386999999957],[-55.79630249999997,-21.51974619999993],[-55.792308299999945,-21.506211599999972],[-55.79977939999998,-21.515314699999976],[-55.80659769999994,-21.50924279999998],[-55.80092949999994,-21.493984099999977],[-55.81219939999994,-21.50318599999997],[-55.81365779999999,-21.49607579999997],[-55.82506619999998,-21.499428099999932],[-55.82506569999998,-21.48687519999993],[-55.83691419999997,-21.486113599999953],[-55.83881169999995,-21.47800019999994],[-55.82316769999994,-21.48202509999993],[-55.83387289999996,-21.46567349999998],[-55.818412499999965,-21.452288499999952],[-55.828336999999976,-21.44635509999995],[-55.81247469999994,-21.44267569999994],[-55.816637999999955,-21.45051189999998],[-55.80488059999993,-21.458464999999933],[-55.79811609999996,-21.452215799999976],[-55.80151809999995,-21.459678099999962],[-55.794156199999975,-21.456829399999947],[-55.79433469999998,-21.46268699999996],[-55.787435699999946,-21.46730589999993],[-55.79499359999994,-21.454475199999933],[-55.77884819999997,-21.45909039999998],[-55.77937819999994,-21.450870599999973],[-55.77122039999995,-21.450083999999947],[-55.81155719999998,-21.42569469999995],[-55.79307099999994,-21.42177849999996],[-55.786698799999954,-21.40934939999994],[-55.78293009999999,-21.432203499999957],[-55.77021089999994,-21.42755559999995],[-55.779160899999965,-21.438259399999936],[-55.76797049999993,-21.44083749999993],[-55.75494179999998,-21.42702989999998],[-55.75386849999995,-21.437052799999947],[-55.76715649999994,-21.44159419999994],[-55.75539219999996,-21.45333679999993],[-55.75810249999995,-21.46256939999995],[-55.745884899999965,-21.443681599999934],[-55.737708699999985,-21.456061099999943],[-55.74198639999997,-21.46446499999996],[-55.72659119999997,-21.460511699999927],[-55.73168579999998,-21.44959339999997],[-55.724471999999935,-21.44177419999994],[-55.73723899999993,-21.437929199999928],[-55.729629699999975,-21.43492779999997],[-55.73450109999993,-21.43037279999993],[-55.74432529999996,-21.433690999999953],[-55.746047799999985,-21.42865349999994],[-55.734136099999944,-21.427982399999962],[-55.750095999999985,-21.415938299999937],[-55.742057699999975,-21.41292109999995],[-55.74985319999996,-21.40156939999997],[-55.74447639999994,-21.40607119999993],[-55.737282799999946,-21.396577099999945],[-55.74055959999998,-21.38399119999997],[-55.72922529999994,-21.39371639999996],[-55.73541689999996,-21.40413079999996],[-55.72332499999993,-21.40255579999996],[-55.73417389999997,-21.414273999999978],[-55.731407299999944,-21.42773649999998],[-55.72406739999997,-21.425594799999942],[-55.71822479999997,-21.443965999999932],[-55.71227139999996,-21.417765199999963],[-55.70175939999996,-21.421316899999965],[-55.71215549999994,-21.435843999999975],[-55.701548499999944,-21.433846399999936],[-55.70487809999997,-21.465958499999942],[-55.696798899999976,-21.474389599999938],[-55.69281579999995,-21.44521089999995],[-55.68733339999994,-21.45058119999993],[-55.69235639999994,-21.467790899999954],[-55.67847829999994,-21.46058469999997],[-55.68292239999994,-21.482693799999936],[-55.67704429999998,-21.488647699999945],[-55.67230069999994,-21.473117899999977],[-55.661575899999946,-21.491708699999947],[-55.66363789999997,-21.484020199999975],[-55.654732699999954,-21.48251339999996],[-55.664661999999964,-21.467972999999972],[-55.65158239999994,-21.46702679999993],[-55.65230879999996,-21.459113699999932],[-55.67919989999996,-21.438555399999927],[-55.68260079999993,-21.428585399999974],[-55.67085989999998,-21.42406139999997],[-55.67031579999997,-21.413464499999975],[-55.690386899999964,-21.406494599999974],[-55.69222069999995,-21.396860699999934],[-55.68489459999995,-21.40209569999996],[-55.67529429999996,-21.393844399999978],[-55.67349959999996,-21.40721999999994],[-55.65496239999993,-21.410654999999963],[-55.65585439999995,-21.41498249999995],[-55.661319599999956,-21.416360099999963],[-55.66274549999997,-21.42046149999993],[-55.650908999999956,-21.41492569999997],[-55.63688049999996,-21.425703299999952],[-55.62700929999994,-21.424166899999932],[-55.63627759999997,-21.41917799999993],[-55.62903279999995,-21.414206099999944],[-55.64446929999997,-21.411817699999972],[-55.63359939999998,-21.401127199999962],[-55.65193879999998,-21.402574999999956],[-55.65210949999994,-21.394394399999953],[-55.66391009999995,-21.40085849999997],[-55.66001179999995,-21.37971479999993],[-55.64097899999996,-21.39059359999993],[-55.63290699999993,-21.37344159999998],[-55.64714299999997,-21.380141999999978],[-55.648074399999985,-21.368557299999964],[-55.671104499999956,-21.38793979999997],[-55.683164999999974,-21.381444599999952],[-55.68523669999996,-21.389513799999975],[-55.69144199999994,-21.384028399999977],[-55.70150019999994,-21.39097819999995],[-55.705060799999956,-21.377525899999966],[-55.672054499999945,-21.379858399999932],[-55.65777209999993,-21.365263899999945],[-55.676554899999985,-21.36868279999993],[-55.67389319999995,-21.35377909999994],[-55.66399629999995,-21.356787099999963],[-55.66772959999997,-21.345746299999973],[-55.64853909999994,-21.340265199999976],[-55.669670199999985,-21.334785499999953],[-55.69518759999994,-21.366330199999936],[-55.69218689999997,-21.349198599999966],[-55.702377199999944,-21.344844199999955],[-55.67524449999996,-21.328836799999976],[-55.701378499999976,-21.331653899999935],[-55.68371319999994,-21.316948399999944],[-55.70110749999998,-21.318378999999936],[-55.70098349999995,-21.315627399999983],[-55.68307429999999,-21.30805829999997],[-55.682055299999945,-21.315986099999975],[-55.667310499999985,-21.313863199999957],[-55.67812199999997,-21.311649899999964],[-55.67121109999994,-21.30544939999993],[-55.67826759999997,-21.299979399999927],[-55.71189199999998,-21.30367309999997],[-55.69440149999997,-21.290677699999947],[-55.66924229999995,-21.29990859999998],[-55.66460949999998,-21.284996899999953],[-55.683249699999976,-21.28057949999993],[-55.66028399999993,-21.26876089999996],[-55.67005999999998,-21.262877299999957],[-55.68322249999994,-21.271800799999937],[-55.68359809999998,-21.259879799999965],[-55.69031629999995,-21.27448549999997],[-55.698743399999955,-21.27571219999993],[-55.70302339999995,-21.267343799999935],[-55.68746729999998,-21.25269039999995],[-55.71268209999994,-21.257389599999954],[-55.68869489999997,-21.245675699999936],[-55.691620599999965,-21.239091599999938],[-55.679337199999964,-21.240256299999942],[-55.67718679999996,-21.25209229999996],[-55.66808499999996,-21.240251499999943],[-55.67980799999998,-21.233775999999978],[-55.675142499999936,-21.224521299999935],[-55.694454399999984,-21.226359599999967],[-55.67916799999995,-21.21995949999996],[-55.69416629999995,-21.212342099999944],[-55.67393069999997,-21.218914599999948],[-55.66451069999994,-21.21118329999996],[-55.68741249999994,-21.19674329999998],[-55.67491169999994,-21.191164799999967],[-55.67411229999993,-21.20032249999997],[-55.66384999999997,-21.198520799999983],[-55.65105999999997,-21.210068699999965],[-55.66140859999996,-21.22603689999994],[-55.64934439999996,-21.220882699999947],[-55.65176709999997,-21.230233299999952],[-55.644299099999955,-21.235630499999957],[-55.64368589999998,-21.225071499999956],[-55.63762209999999,-21.221564599999965],[-55.63018919999996,-21.24408159999996],[-55.62864609999997,-21.231977299999983],[-55.62058919999998,-21.232163799999967],[-55.634133099999985,-21.22653459999998],[-55.62202079999997,-21.219358599999964],[-55.618915399999935,-21.21255009999993],[-55.631767999999965,-21.22168709999994],[-55.63765669999998,-21.217115299999932],[-55.63375089999994,-21.199965499999962],[-55.65578019999998,-21.18233289999995],[-55.64104059999994,-21.19113109999995],[-55.642389099999946,-21.181883599999935],[-55.62710629999998,-21.19366109999993],[-55.621680899999944,-21.18211809999997],[-55.63031709999996,-21.18231019999996],[-55.629474699999946,-21.17296989999994],[-55.61924959999993,-21.17410659999996],[-55.62526299999996,-21.165347399999973],[-55.634145699999976,-21.166448899999978],[-55.62543379999994,-21.163850699999955],[-55.619546199999945,-21.16607209999995],[-55.610524699999985,-21.18082019999997],[-55.59645679999994,-21.169486099999972],[-55.61198479999996,-21.16444199999995],[-55.60818729999994,-21.155970699999955],[-55.62628609999996,-21.155452599999933],[-55.61428609999996,-21.137202999999943],[-55.637518899999975,-21.143091999999967],[-55.62409749999995,-21.132456899999966],[-55.63191669999998,-21.128038999999944],[-55.61541239999997,-21.124803199999974],[-55.62951429999998,-21.122557599999936],[-55.631572999999946,-21.111504199999956],[-55.64736279999994,-21.125221499999952],[-55.64260099999996,-21.114900399999954],[-55.650246299999935,-21.117512699999963],[-55.64927239999997,-21.110364199999935],[-55.630118599999946,-21.105119699999932],[-55.67430859999996,-21.079068199999938],[-55.65708639999997,-21.072081499999967],[-55.665273499999955,-21.083062299999938],[-55.64372059999994,-21.084546399999965],[-55.64096489999997,-21.095182699999953],[-55.63363119999997,-21.09004639999995],[-55.62887189999998,-21.09791389999998],[-55.62686869999993,-21.083565799999974],[-55.63659469999993,-21.076580999999976],[-55.62760049999997,-21.075720099999955],[-55.61653469999993,-21.09058509999994],[-55.61219229999995,-21.08386919999998],[-55.60567709999998,-21.091785999999956],[-55.614928599999985,-21.06876879999993],[-55.625336499999946,-21.06842329999995],[-55.63156189999995,-21.064395899999965],[-55.617278099999965,-21.064116799999965],[-55.61825799999997,-21.05564279999993],[-55.61271089999997,-21.067637299999944],[-55.59325709999996,-21.06533929999995],[-55.584154799999965,-21.042395599999963],[-55.58524939999995,-21.05013279999997],[-55.576271599999984,-21.04764119999993],[-55.582404699999984,-21.052537599999937],[-55.57385519999997,-21.055480899999964],[-55.58190479999996,-21.060764999999947],[-55.57464239999996,-21.062734499999976],[-55.59434179999994,-21.070861599999944],[-55.586483999999984,-21.073955099999978],[-55.589901199999986,-21.08093059999993],[-55.58148139999997,-21.07680579999993],[-55.57770469999997,-21.083932499999946],[-55.549897199999975,-21.061612699999955],[-55.552860599999974,-21.044127499999945],[-55.52073859999996,-21.068674199999975],[-55.54504499999996,-21.057601099999943],[-55.542996899999935,-21.072283599999935],[-55.555281099999945,-21.06832259999993],[-55.552610399999935,-21.07898979999993],[-55.558056499999964,-21.077233199999966],[-55.56838279999994,-21.09425349999998],[-55.55213059999994,-21.09185139999994],[-55.554377199999976,-21.085218999999938],[-55.53478009999998,-21.07397839999993],[-55.52797919999995,-21.080625599999962],[-55.53538839999993,-21.097914699999933],[-55.51936669999998,-21.08959889999994],[-55.51938679999995,-21.08245899999997],[-55.50431999999995,-21.087436399999945],[-55.50571839999998,-21.07568989999993],[-55.49398009999993,-21.075432899999953],[-55.48891609999998,-21.054731199999935],[-55.50242039999995,-21.03968249999997],[-55.48180179999997,-21.019742399999927],[-55.442912699999965,-21.035748099999978],[-55.425073399999974,-21.05695359999993],[-55.358920799999964,-21.03409739999995],[-55.319024199999944,-21.05090649999994],[-55.30082549999997,-21.021536399999945],[-55.266395699999975,-20.998331599999972],[-55.25404269999996,-21.015669899999978],[-55.27287979999994,-21.011400099999946],[-55.27913929999994,-21.035735599999953],[-55.29438649999997,-21.054759499999932],[-55.29396989999998,-21.06843189999995],[-55.30677119999996,-21.079908899999964],[-55.30733109999994,-21.105169399999966],[-55.32170819999993,-21.11923379999996],[-55.30638579999999,-21.138448299999936],[-55.31605769999993,-21.168704799999944],[-55.33056259999995,-21.17469609999995],[-55.320730699999956,-21.178333099999975],[-55.328565399999945,-21.198118699999952],[-55.31365559999995,-21.209510299999977],[-55.319499399999984,-21.242118799999957],[-55.30046749999997,-21.248874199999932],[-55.293731399999956,-21.265446899999972],[-55.302921699999956,-21.30252969999998],[-55.28091829999994,-21.318493899999964],[-55.29725469999994,-21.346018399999934],[-55.28505269999994,-21.35408019999994],[-55.28466019999996,-21.36679769999995],[-55.26711549999993,-21.392012499999964],[-55.269501799999944,-21.40108829999997],[-55.25614779999995,-21.409090399999968],[-55.236489699999936,-21.408200999999963],[-55.239712199999985,-21.417476699999952],[-55.21206369999993,-21.427864599999964],[-55.21072079999993,-21.44201039999996],[-55.194448799999975,-21.45995449999998],[-55.19120749999996,-21.44662429999994],[-55.16712639999997,-21.46073659999996],[-55.173176499999954,-21.480092499999955],[-55.15531519999996,-21.48549429999997],[-55.14923059999995,-21.474666599999978],[-55.13951899999995,-21.479511499999944],[-55.13844489999997,-21.499139299999968],[-55.14683459999998,-21.503581999999938],[-55.13752139999997,-21.511801699999978],[-55.12625049999997,-21.505513899999983],[-55.120009599999946,-21.521005199999934],[-55.13952139999998,-21.533745799999963],[-55.10331549999995,-21.539280099999928],[-55.10537769999996,-21.554049299999974],[-55.09630779999998,-21.57136989999998],[-55.08685129999998,-21.56579359999995],[-55.08842549999997,-21.55890789999995],[-55.063815699999964,-21.557207999999946],[-55.058909599999936,-21.58654279999996],[-55.044745699999964,-21.58159349999994],[-55.04602749999998,-21.567893599999934],[-55.038975499999935,-21.568079999999952],[-55.02584529999996,-21.59396769999995],[-55.01769749999994,-21.593608599999982],[-55.02582819999998,-21.610170099999948],[-55.01577089999995,-21.62426709999994],[-54.99491249999994,-21.61848059999994],[-54.98742089999996,-21.62432179999996]]]}},{"id":"5153","type":"Feature","properties":{"COD_IBGE":"5005608","MUNICIPIO":"Miranda","UF":"MS"},"geometry":{"type":"Polygon","coordinates":[[[-56.39294629999995,-20.33441369999997],[-56.41616369999997,-20.334622899999943],[-56.41394779999996,-20.344349799999975],[-56.42118899999997,-20.348301599999957],[-56.42473559999996,-20.32223259999995],[-56.456421699999964,-20.31373309999998],[-56.52753779999995,-20.360563299999967],[-56.680629299999964,-20.35769369999997],[-56.68006409999998,-20.385527099999933],[-56.68814169999996,-20.384908499999938],[-56.693326799999966,-20.401746899999978],[-56.70041039999995,-20.396287099999938],[-56.70208799999995,-20.404499899999962],[-56.71736759999993,-20.409676599999955],[-56.72718999999995,-20.399971299999947],[-56.74106309999996,-20.40697979999993],[-56.75245129999996,-20.402397699999938],[-56.779564799999946,-20.417177799999934],[-56.80077669999997,-20.39354559999998],[-56.81531549999994,-20.391003499999954],[-56.825334699999985,-20.362314499999968],[-56.83182339999996,-20.361968599999955],[-56.82809599999996,-20.26896819999996],[-56.87810079999997,-20.257084299999974],[-56.88710839999993,-20.23945889999993],[-56.90543539999993,-20.236793499999976],[-56.92697929999997,-20.214105899999936],[-56.930686299999934,-20.19714419999997],[-56.94711529999995,-20.18696239999997],[-56.99797609999996,-20.18891979999995],[-56.99256099999997,-20.156252499999937],[-56.99767779999996,-20.147083599999974],[-56.98670009999995,-20.132336599999974],[-57.00311859999994,-20.112248999999963],[-57.002090099999975,-20.049973999999963],[-57.025432199999955,-20.028117099999974],[-57.027693699999986,-20.01545299999998],[-57.06749519999994,-20.015302299999973],[-56.995258999999976,-19.62124149999994],[-56.98775419999998,-19.62101219999994],[-56.99390119999998,-19.63316939999993],[-56.98353569999995,-19.64653759999993],[-56.99044049999998,-19.651345799999945],[-56.98622799999998,-19.66028579999994],[-56.99499319999995,-19.657524399999943],[-57.00011869999997,-19.666754599999933],[-56.99412629999995,-19.68526429999997],[-56.95902929999994,-19.68069429999997],[-56.96536949999995,-19.68394109999997],[-56.95929119999994,-19.693276399999945],[-56.94115879999998,-19.68902399999996],[-56.938736999999946,-19.695955599999934],[-56.93829329999994,-19.686225099999945],[-56.91242059999996,-19.69271649999996],[-56.89860779999998,-19.68290109999998],[-56.88945879999994,-19.700715599999967],[-56.874521399999935,-19.698909199999946],[-56.880687499999965,-19.704749799999945],[-56.875639699999965,-19.72019709999995],[-56.871366199999954,-19.709667199999956],[-56.85497209999994,-19.71717099999995],[-56.84747669999996,-19.72760429999994],[-56.85501059999996,-19.731291099999964],[-56.85845679999994,-19.73606189999998],[-56.849432999999976,-19.73293739999997],[-56.84586139999993,-19.75211369999994],[-56.841705899999965,-19.748041099999966],[-56.82955449999997,-19.75687309999995],[-56.826300799999956,-19.776285899999948],[-56.810778599999935,-19.787640799999963],[-56.80150319999996,-19.791883199999972],[-56.795480699999985,-19.78630979999997],[-56.78192909999996,-19.79794069999997],[-56.754713799999934,-19.77411399999994],[-56.73904849999997,-19.776580299999978],[-56.73349159999998,-19.794134499999927],[-56.724953599999935,-19.781169699999964],[-56.71362399999998,-19.784854399999972],[-56.70876519999996,-19.767737199999942],[-56.69820269999997,-19.765945599999952],[-56.68923939999996,-19.774459899999954],[-56.67741979999994,-19.772110699999928],[-56.67531079999998,-19.779385599999955],[-56.647107999999946,-19.78250209999993],[-56.64933089999994,-19.80630869999993],[-56.63845599999996,-19.812391699999978],[-56.630487399999936,-19.833846299999948],[-56.57467989999998,-19.814528799999948],[-56.49500399999994,-19.81689689999996],[-56.43137409999997,-19.869199999999978],[-56.39914369999997,-19.878794099999936],[-56.39239299999997,-19.893874799999935],[-56.36561389999997,-19.906482299999936],[-56.350221799999986,-19.927313999999967],[-56.32192599999996,-19.92742089999996],[-56.28879999999998,-19.978283099999942],[-56.260531999999955,-19.98819119999996],[-56.24352279999994,-20.08765189999997],[-56.248429699999974,-20.113549099999943],[-56.21601519999996,-20.17414599999995],[-56.23895089999996,-20.19602509999993],[-56.22325939999996,-20.247464099999945],[-56.23802619999998,-20.26411059999998],[-56.227538899999956,-20.27297729999998],[-56.22688069999998,-20.291176999999948],[-56.19888439999994,-20.308105299999966],[-56.192204699999934,-20.33043989999993],[-56.16189639999993,-20.33084809999997],[-56.148392299999955,-20.360037699999964],[-56.13264959999998,-20.35492199999993],[-56.10715829999998,-20.37711409999997],[-56.11030359999995,-20.389829799999973],[-56.09944329999996,-20.40103629999993],[-56.10195909999993,-20.418984299999977],[-56.182596899999965,-20.43591129999993],[-56.179691899999966,-20.44520799999998],[-56.14982059999994,-20.45373189999998],[-56.14459169999998,-20.494190299999957],[-56.13375559999997,-20.500310299999967],[-56.13941229999995,-20.54537789999995],[-56.13188249999996,-20.613774099999944],[-56.141939099999945,-20.620617799999934],[-56.170123899999965,-20.61614899999995],[-56.18431039999996,-20.632235599999944],[-56.20267759999996,-20.619011099999966],[-56.20074059999996,-20.60471599999994],[-56.21008349999994,-20.603335199999947],[-56.21911629999994,-20.611193199999946],[-56.212330099999974,-20.613254499999982],[-56.21745889999994,-20.631699999999967],[-56.21006339999997,-20.647009799999978],[-56.221279299999935,-20.643070199999954],[-56.22919439999998,-20.65839529999994],[-56.245587099999966,-20.648536299999932],[-56.24137659999997,-20.64104839999993],[-56.24846089999994,-20.64268789999994],[-56.248107999999945,-20.636284699999976],[-56.25236069999994,-20.643102399999975],[-56.26292109999997,-20.637701499999935],[-56.27490039999998,-20.644228899999973],[-56.275000199999965,-20.63552909999993],[-56.283018899999945,-20.634029399999974],[-56.27709669999996,-20.620578199999954],[-56.28909409999994,-20.618971399999964],[-56.28618659999995,-20.612517499999967],[-56.297793799999965,-20.60582249999993],[-56.292368899999985,-20.599731899999938],[-56.29978699999998,-20.59848089999997],[-56.29547919999993,-20.594150199999945],[-56.307842799999946,-20.59102059999998],[-56.29760029999994,-20.575452799999937],[-56.314395599999955,-20.57919739999994],[-56.31666439999998,-20.588617899999974],[-56.323903299999984,-20.58297989999994],[-56.33167489999994,-20.556191199999944],[-56.34596739999995,-20.553092599999957],[-56.35047649999996,-20.54161799999997],[-56.354305099999976,-20.545356399999946],[-56.352322999999956,-20.53315809999998],[-56.36437919999997,-20.53185159999998],[-56.35831259999998,-20.525633699999958],[-56.37896219999993,-20.49815339999998],[-56.36994279999993,-20.488746299999946],[-56.39517089999998,-20.478729199999975],[-56.398355299999935,-20.46247489999996],[-56.386529199999984,-20.452372899999943],[-56.38573599999995,-20.441105899999968],[-56.40283899999997,-20.440830799999958],[-56.39895579999995,-20.43316679999998],[-56.404791399999965,-20.43072669999998],[-56.391908899999976,-20.41341239999997],[-56.40062069999993,-20.40123669999997],[-56.39103389999997,-20.403773499999943],[-56.39027639999995,-20.395851799999946],[-56.395132399999966,-20.38704359999997],[-56.408984299999986,-20.384670299999982],[-56.39440749999994,-20.375622199999952],[-56.40150589999996,-20.36981899999995],[-56.390808799999945,-20.357691199999977],[-56.39846899999998,-20.348409499999946],[-56.39294629999995,-20.33441369999997]]]}},{"id":"5154","type":"Feature","properties":{"COD_IBGE":"5005681","MUNICIPIO":"Mundo Novo","UF":"MS"},"geometry":{"type":"Polygon","coordinates":[[[-54.30472659999998,-23.83653959999998],[-54.25277319999998,-23.894997099999955],[-54.22560409999994,-23.908774499999936],[-54.22834149999994,-23.91561439999998],[-54.22143509999995,-23.911007599999948],[-54.21429359999996,-23.919625099999962],[-54.21243459999994,-23.911761199999944],[-54.205158799999936,-23.91578409999994],[-54.20741779999997,-23.924086199999977],[-54.196762699999965,-23.914524399999948],[-54.19310409999997,-23.924172599999963],[-54.189917399999956,-23.915007599999967],[-54.18516439999996,-23.928277199999968],[-54.15410469999995,-23.92599119999994],[-54.11533489999994,-23.90366259999996],[-54.086429899999985,-23.865526899999963],[-54.07990569999998,-23.888978299999962],[-54.10176499999994,-23.951963499999977],[-54.12028449999997,-23.974129199999936],[-54.17468669999994,-24.001972699999953],[-54.245304799999985,-24.053973699999972],[-54.287355599999955,-24.068583599999954],[-54.309959499999934,-24.04631489999997],[-54.324187999999936,-24.003822199999945],[-54.34630149999998,-24.001390899999933],[-54.35195699999997,-24.007672599999978],[-54.383788799999934,-23.986786199999983],[-54.39430799999997,-23.965255599999978],[-54.41470059999995,-23.958110199999965],[-54.42683009999996,-23.93109009999995],[-54.382720699999936,-23.90763409999994],[-54.36210209999996,-23.90562929999993],[-54.36959319999994,-23.885757299999966],[-54.40056959999998,-23.879471299999977],[-54.406542299999956,-23.859892199999933],[-54.419663499999956,-23.851850199999944],[-54.39006489999997,-23.81394549999993],[-54.36092039999994,-23.818826299999955],[-54.33487749999995,-23.83720949999997],[-54.30472659999998,-23.83653959999998]]]}},{"id":"5155","type":"Feature","properties":{"COD_IBGE":"5005707","MUNICIPIO":"Naviraí","UF":"MS"},"geometry":{"type":"Polygon","coordinates":[[[-54.194951799999956,-23.132607899999982],[-54.20447789999997,-23.144408299999952],[-54.21668509999995,-23.140407299999936],[-54.22506459999994,-23.146320699999933],[-54.22845899999999,-23.12990659999997],[-54.25972139999993,-23.130919999999946],[-54.28483399999993,-23.110977999999932],[-54.28546359999996,-23.101670699999943],[-54.307105899999954,-23.102415099999973],[-54.317783299999974,-23.09142559999998],[-54.331516799999974,-23.09611089999993],[-54.32364759999996,-23.098603599999933],[-54.32730929999997,-23.10362209999994],[-54.34706929999999,-23.093001999999956],[-54.35563799999994,-23.100328399999967],[-54.362576599999954,-23.09299539999995],[-54.37854989999994,-23.09499539999996],[-54.38717769999994,-23.08570459999993],[-54.40926269999994,-23.08969449999995],[-54.424797499999954,-23.08376359999994],[-54.423742199999936,-23.068314399999963],[-54.432781499999976,-23.07801859999995],[-54.42749269999996,-23.05703459999995],[-54.44761049999994,-23.05905219999994],[-54.45019979999995,-23.04848759999993],[-54.46746639999998,-23.04131669999998],[-54.432111599999985,-22.95843499999995],[-54.43057969999995,-22.88582329999997],[-54.41634639999995,-22.864925099999937],[-54.42588079999996,-22.821603599999946],[-54.16722759999993,-22.763661399999933],[-54.14417299999997,-22.77729779999993],[-54.12755009999995,-22.77565149999998],[-54.091128399999945,-22.757638999999983],[-54.00726679999997,-22.79578689999994],[-54.002636999999936,-22.808327599999927],[-53.983806399999935,-22.81933779999997],[-53.979011499999956,-22.83504149999993],[-53.92621479999997,-22.869951199999946],[-53.870448599999975,-22.87558839999997],[-53.824836999999945,-22.89836619999994],[-53.76333869999996,-22.901212999999927],[-53.73039019999993,-22.935206299999948],[-53.69645959999997,-22.935419999999965],[-53.673082299999976,-22.962951799999928],[-53.66002999999995,-22.96406819999993],[-53.66060999999996,-22.979708999999957],[-53.629895799999986,-23.013504799999964],[-53.63658869999995,-23.125030799999934],[-53.65475459999993,-23.144160099999965],[-53.66799959999997,-23.18235009999995],[-53.693555199999935,-23.22139139999996],[-53.73412109999998,-23.325335499999937],[-53.77548789999997,-23.37513139999993],[-53.81602179999993,-23.38564489999993],[-53.932054999999934,-23.44594879999994],[-53.96019759999996,-23.443414899999937],[-53.90743159999994,-23.39803539999997],[-53.88180529999994,-23.36678889999996],[-53.88347129999994,-23.35740439999995],[-53.86811799999998,-23.353351799999928],[-53.85768829999995,-23.339804899999933],[-53.84999239999996,-23.34444019999995],[-53.84734589999994,-23.32913439999993],[-53.82927049999995,-23.32967059999993],[-53.83915659999997,-23.328206699999953],[-53.84246849999994,-23.31796509999998],[-53.83579339999994,-23.305847599999936],[-53.827265899999986,-23.306462499999952],[-53.82416039999998,-23.290506599999958],[-53.83637799999997,-23.27777489999994],[-53.82959279999994,-23.270937499999945],[-53.83337359999996,-23.259935799999937],[-53.85033919999995,-23.253586999999982],[-53.858739699999944,-23.21278979999994],[-53.898956399999975,-23.197956199999965],[-53.892337699999985,-23.191291199999966],[-53.89690929999995,-23.187336199999947],[-53.90696419999995,-23.192584199999942],[-53.90918259999995,-23.185441999999966],[-53.93254839999997,-23.18601069999994],[-53.94721139999996,-23.16814759999994],[-53.967224699999974,-23.159960499999954],[-54.00205399999999,-23.15752279999998],[-54.065290499999946,-23.13480599999997],[-54.08476209999998,-23.13398069999994],[-54.091711299999986,-23.148627399999953],[-54.11971539999996,-23.152399999999943],[-54.122315399999934,-23.16174979999994],[-54.11081569999993,-23.157231599999932],[-54.11479399999996,-23.16564189999997],[-54.13484639999996,-23.174945199999968],[-54.180807399999935,-23.168722699999933],[-54.18261739999997,-23.13779489999996],[-54.194951799999956,-23.132607899999982]]]}},{"id":"5156","type":"Feature","properties":{"COD_IBGE":"5005806","MUNICIPIO":"Nioaque","UF":"MS"},"geometry":{"type":"Polygon","coordinates":[[[-55.63018919999996,-21.24408159999996],[-55.63762209999999,-21.221564599999965],[-55.644299099999955,-21.235630499999957],[-55.65176709999997,-21.230233299999952],[-55.64934439999996,-21.220882699999947],[-55.66140859999996,-21.22603689999994],[-55.65116899999998,-21.209628899999927],[-55.665323599999965,-21.197770299999945],[-55.67411229999993,-21.20032249999997],[-55.675556599999936,-21.191165499999954],[-55.687437999999986,-21.197023299999955],[-55.66462249999995,-21.211438199999975],[-55.67393069999997,-21.218914599999948],[-55.67902939999993,-21.21411459999996],[-55.689934799999946,-21.210805599999958],[-55.69416629999995,-21.212342099999944],[-55.67916799999995,-21.21995949999996],[-55.694454399999984,-21.226359599999967],[-55.675142499999936,-21.224521299999935],[-55.67980799999998,-21.233775999999978],[-55.667209799999966,-21.236699199999975],[-55.66908689999997,-21.242056899999966],[-55.67718679999996,-21.25209229999996],[-55.679337199999964,-21.240256299999942],[-55.691620599999965,-21.239091599999938],[-55.68869489999997,-21.245675699999936],[-55.69690559999998,-21.24437419999998],[-55.69517819999999,-21.249524299999962],[-55.69982829999998,-21.24871559999997],[-55.71269609999996,-21.25718619999998],[-55.68746729999998,-21.25269039999995],[-55.70302339999995,-21.267343799999935],[-55.698743399999955,-21.27571219999993],[-55.69031629999995,-21.27448549999997],[-55.68359809999998,-21.259879799999965],[-55.68322249999994,-21.271800799999937],[-55.67005999999998,-21.262877299999957],[-55.66028399999993,-21.26876089999996],[-55.683249699999976,-21.28057949999993],[-55.66460949999998,-21.284996899999953],[-55.66924229999995,-21.29990859999998],[-55.69440149999997,-21.290677699999947],[-55.71189199999998,-21.30367309999997],[-55.67826759999997,-21.299979399999927],[-55.67121109999994,-21.30544939999993],[-55.67812199999997,-21.311649899999964],[-55.667310499999985,-21.313863199999957],[-55.682055299999945,-21.315986099999975],[-55.68307429999999,-21.30805829999997],[-55.70098349999995,-21.315627399999983],[-55.68371319999994,-21.316948399999944],[-55.701378499999976,-21.331653899999935],[-55.67524449999996,-21.328836799999976],[-55.702377199999944,-21.344844199999955],[-55.69218689999997,-21.349198599999966],[-55.694996999999944,-21.36662229999996],[-55.689160999999956,-21.366493399999968],[-55.68602979999997,-21.347237199999938],[-55.67086249999994,-21.34240189999997],[-55.669670199999985,-21.334785499999953],[-55.64853909999994,-21.340265199999976],[-55.66772959999997,-21.345746299999973],[-55.66399629999995,-21.356787099999963],[-55.67389319999995,-21.35377909999994],[-55.676554899999985,-21.36868279999993],[-55.65777209999993,-21.365263899999945],[-55.672054499999945,-21.379858399999932],[-55.70452489999997,-21.37657189999993],[-55.70253949999994,-21.39038949999997],[-55.69144199999994,-21.384028399999977],[-55.68523669999996,-21.389513799999975],[-55.683164999999974,-21.381444599999952],[-55.671104499999956,-21.38793979999997],[-55.648074399999985,-21.368557299999964],[-55.64714299999997,-21.380141999999978],[-55.63973749999997,-21.38151449999998],[-55.63715039999994,-21.374723699999947],[-55.63216959999994,-21.37416559999997],[-55.64097899999996,-21.39059359999993],[-55.66001179999995,-21.37971479999993],[-55.663940699999955,-21.40058799999997],[-55.65210949999994,-21.394394399999953],[-55.65193879999998,-21.402574999999956],[-55.63359939999998,-21.401127199999962],[-55.64446929999997,-21.411817699999972],[-55.62903279999995,-21.414206099999944],[-55.63627759999997,-21.41917799999993],[-55.63410779999998,-21.423230199999978],[-55.62934599999994,-21.42195179999993],[-55.627170399999954,-21.424259099999972],[-55.63688049999996,-21.425703299999952],[-55.650908999999956,-21.41492569999997],[-55.66274549999997,-21.42046149999993],[-55.65496239999993,-21.410654999999963],[-55.67349959999996,-21.40721999999994],[-55.675480499999935,-21.393750099999977],[-55.68489459999995,-21.40209569999996],[-55.692569799999944,-21.397513799999956],[-55.690386899999964,-21.406494599999974],[-55.67031579999997,-21.413464499999975],[-55.67085989999998,-21.42406139999997],[-55.68260079999993,-21.428585399999974],[-55.67919989999996,-21.438555399999927],[-55.65230879999996,-21.459113699999932],[-55.65158239999994,-21.46702679999993],[-55.664661999999964,-21.467972999999972],[-55.654732699999954,-21.48251339999996],[-55.66363789999997,-21.484020199999975],[-55.66183559999996,-21.491883899999948],[-55.67230069999994,-21.473117899999977],[-55.676388799999984,-21.48846969999994],[-55.68291179999994,-21.482866899999976],[-55.67839429999998,-21.46087179999995],[-55.69235639999994,-21.467790899999954],[-55.68733339999994,-21.45058119999993],[-55.69281579999995,-21.44521089999995],[-55.696798899999976,-21.474389599999938],[-55.70487809999997,-21.465958499999942],[-55.701548499999944,-21.433846399999936],[-55.71215549999994,-21.435843999999975],[-55.70134559999997,-21.421994199999972],[-55.71227139999996,-21.417765199999963],[-55.71833959999998,-21.443956499999956],[-55.72406739999997,-21.425594799999942],[-55.73111339999997,-21.428108899999927],[-55.73552399999994,-21.41881959999995],[-55.72332499999993,-21.40255579999996],[-55.73550359999996,-21.40401789999993],[-55.729193099999975,-21.394389099999955],[-55.73627159999995,-21.385217799999964],[-55.742673399999944,-21.404330499999958],[-55.74985319999996,-21.40156939999997],[-55.742057699999975,-21.41292109999995],[-55.750095999999985,-21.415938299999937],[-55.734136099999944,-21.427982399999962],[-55.746047799999985,-21.42865349999994],[-55.74432529999996,-21.433690999999953],[-55.73450109999993,-21.43037279999993],[-55.729629699999975,-21.43492779999997],[-55.73723899999993,-21.437929199999928],[-55.724471999999935,-21.44177419999994],[-55.73168579999998,-21.44959339999997],[-55.72659119999997,-21.460511699999927],[-55.74198639999997,-21.46446499999996],[-55.737708699999985,-21.456061099999943],[-55.745884899999965,-21.443681599999934],[-55.75810249999995,-21.46256939999995],[-55.75539219999996,-21.45333679999993],[-55.76715649999994,-21.44159419999994],[-55.75386849999995,-21.437052799999947],[-55.75494179999998,-21.42702989999998],[-55.76797049999993,-21.44083749999993],[-55.779160899999965,-21.438259399999936],[-55.77021089999994,-21.42755559999995],[-55.78293009999999,-21.432203499999957],[-55.786698799999954,-21.40934939999994],[-55.79307099999994,-21.42177849999996],[-55.80200999999994,-21.42122009999997],[-55.81155719999998,-21.42569469999995],[-55.77122039999995,-21.450083999999947],[-55.77937819999994,-21.450870599999973],[-55.77884819999997,-21.45909039999998],[-55.79499359999994,-21.454475199999933],[-55.790385699999945,-21.45765689999996],[-55.787435699999946,-21.46730589999993],[-55.794156199999975,-21.456829399999947],[-55.80151809999995,-21.459678099999962],[-55.79811609999996,-21.452215799999976],[-55.80488059999993,-21.458464999999933],[-55.816637999999955,-21.45051189999998],[-55.81247469999994,-21.44267569999994],[-55.828336999999976,-21.44635509999995],[-55.818412499999965,-21.452288499999952],[-55.83387289999996,-21.46567349999998],[-55.82316769999994,-21.48202509999993],[-55.837599599999976,-21.47453399999995],[-55.84058539999995,-21.49009289999998],[-55.87868119999996,-21.449470099999928],[-55.92097849999993,-21.437298099999964],[-55.92062729999998,-21.41849039999994],[-55.93006429999997,-21.40890399999995],[-55.96168919999997,-21.40196279999998],[-56.016988599999934,-21.359754099999975],[-56.052236999999934,-21.346108699999945],[-56.11815759999996,-21.34938589999996],[-56.189391599999965,-21.311098999999956],[-56.202422499999955,-21.26275049999998],[-56.21435249999996,-21.262839199999974],[-56.21877109999997,-21.252840799999944],[-56.20673409999995,-21.23621069999996],[-56.226475799999946,-21.227959099999964],[-56.229273199999966,-21.20619709999994],[-56.211697399999935,-21.211418599999945],[-56.18536729999994,-21.197315799999956],[-56.197946799999954,-21.185774099999946],[-56.221946199999934,-21.18299909999996],[-56.21409159999996,-21.170721899999933],[-56.215206499999965,-21.147680599999944],[-56.224158699999975,-21.13926349999997],[-56.22368609999995,-21.116460399999937],[-56.23261809999997,-21.104746399999954],[-56.21499789999996,-21.079264999999964],[-56.18796539999994,-21.084153999999955],[-56.176870399999984,-21.071873799999935],[-56.18672939999993,-21.06176709999994],[-56.18652289999994,-21.04240649999997],[-56.198885099999984,-21.030601099999956],[-56.212022299999944,-21.030288799999937],[-56.19847499999997,-21.020033799999965],[-56.213013599999954,-20.997355399999947],[-56.18114349999996,-20.967104999999947],[-56.19084379999998,-20.957595699999956],[-56.19939879999998,-20.963527299999953],[-56.19523429999998,-20.93520879999994],[-56.18600239999995,-20.936005799999975],[-56.176618099999985,-20.95110939999995],[-56.15873439999996,-20.948847399999977],[-56.189930999999945,-20.903061299999933],[-56.16955869999998,-20.88911339999993],[-56.14716009999995,-20.890551199999948],[-56.14642209999994,-20.88295389999996],[-56.158176699999956,-20.884251699999936],[-56.151090599999975,-20.871469599999955],[-56.161726999999985,-20.865157199999942],[-56.16148889999994,-20.83742399999994],[-56.15337159999996,-20.83541539999993],[-56.128768399999956,-20.851382099999967],[-56.129587399999934,-20.862557099999947],[-56.114096899999936,-20.85930479999996],[-56.10016609999997,-20.87102029999994],[-56.096946199999934,-20.856718799999953],[-56.12332539999994,-20.83924509999997],[-56.12371189999993,-20.823669199999927],[-56.10860119999995,-20.81760529999997],[-56.12630699999994,-20.799261199999933],[-56.12447139999995,-20.792763199999968],[-56.13655219999998,-20.79000199999996],[-56.12724609999998,-20.777821999999958],[-56.10855879999997,-20.77131959999997],[-56.09142319999995,-20.78104689999998],[-56.08256559999995,-20.762837499999932],[-56.06627629999997,-20.76923809999994],[-56.05552789999996,-20.761054799999954],[-56.03770049999997,-20.767242099999976],[-56.02963689999996,-20.78587099999993],[-56.02381249999996,-20.772640799999976],[-56.00701129999993,-20.775815799999975],[-56.01197099999996,-20.786819999999977],[-56.01030509999998,-20.793286099999932],[-56.00169329999994,-20.792005099999983],[-56.004962699999965,-20.805476099999964],[-55.96793429999997,-20.81967009999994],[-55.938462399999935,-20.821689599999956],[-55.91773159999997,-20.808338799999945],[-55.886987799999986,-20.80475249999995],[-55.87097049999994,-20.78626639999993],[-55.87106609999995,-20.775805999999932],[-55.84571189999997,-20.75500809999994],[-55.84556639999994,-20.733350799999982],[-55.78839319999997,-20.74739509999995],[-55.779822399999944,-20.76331749999997],[-55.754562299999975,-20.75454439999993],[-55.73973889999996,-20.763290599999948],[-55.71841249999994,-20.797274399999935],[-55.72620919999997,-20.824737699999957],[-55.706453099999976,-20.835118299999976],[-55.71134609999996,-20.846242399999937],[-55.69353109999997,-20.87215699999996],[-55.68652799999995,-20.91790569999995],[-55.65083119999997,-20.936863199999948],[-55.62094939999997,-20.975276699999938],[-55.59126709999998,-20.985697499999958],[-55.584914899999944,-20.99741599999993],[-55.57087729999995,-20.990841699999976],[-55.51620139999994,-20.994119499999954],[-55.48611519999997,-21.02236899999997],[-55.50242039999995,-21.03968249999997],[-55.48891609999998,-21.054731199999935],[-55.49398009999993,-21.075432899999953],[-55.50571839999998,-21.07568989999993],[-55.50431999999995,-21.087436399999945],[-55.51938679999995,-21.08245899999997],[-55.51936669999998,-21.08959889999994],[-55.53511009999994,-21.09783589999995],[-55.52797919999995,-21.080625599999962],[-55.53478009999998,-21.07397839999993],[-55.554377199999976,-21.085218999999938],[-55.55213059999994,-21.09185139999994],[-55.56838279999994,-21.09425349999998],[-55.558056499999964,-21.077233199999966],[-55.552610399999935,-21.07898979999993],[-55.555281099999945,-21.06832259999993],[-55.542996899999935,-21.072283599999935],[-55.54504499999996,-21.057601099999943],[-55.52073859999996,-21.068674199999975],[-55.552860599999974,-21.044127499999945],[-55.549897199999975,-21.061612699999955],[-55.57770469999997,-21.083932499999946],[-55.58148139999997,-21.07680579999993],[-55.589901199999986,-21.08093059999993],[-55.586483999999984,-21.073955099999978],[-55.59434179999994,-21.070861599999944],[-55.57464239999996,-21.062734499999976],[-55.58190479999996,-21.060764999999947],[-55.57385519999997,-21.055480899999964],[-55.582404699999984,-21.052537599999937],[-55.576271599999984,-21.04764119999993],[-55.58524939999995,-21.05013279999997],[-55.584154799999965,-21.042395599999963],[-55.59325709999996,-21.06533929999995],[-55.61271089999997,-21.067637299999944],[-55.61825799999997,-21.05564279999993],[-55.617278099999965,-21.064116799999965],[-55.63156189999995,-21.064395899999965],[-55.614928599999985,-21.06876879999993],[-55.60567709999998,-21.091785999999956],[-55.61219229999995,-21.08386919999998],[-55.61653469999993,-21.09058509999994],[-55.62760049999997,-21.075720099999955],[-55.63659469999993,-21.076580999999976],[-55.62686869999993,-21.083565799999974],[-55.62887189999998,-21.09791389999998],[-55.63363119999997,-21.09004639999995],[-55.64096489999997,-21.095182699999953],[-55.64372059999994,-21.084546399999965],[-55.665273499999955,-21.083062299999938],[-55.65708639999997,-21.072081499999967],[-55.67430859999996,-21.079068199999938],[-55.630118599999946,-21.105119699999932],[-55.64927239999997,-21.110364199999935],[-55.650246299999935,-21.117512699999963],[-55.64260099999996,-21.114900399999954],[-55.64736279999994,-21.125221499999952],[-55.631572999999946,-21.111504199999956],[-55.62951429999998,-21.122557599999936],[-55.61541239999997,-21.124803199999974],[-55.63191669999998,-21.128038999999944],[-55.62409749999995,-21.132456899999966],[-55.637518899999975,-21.143091999999967],[-55.61428609999996,-21.137202999999943],[-55.62628609999996,-21.155452599999933],[-55.60818729999994,-21.155970699999955],[-55.61198479999996,-21.16444199999995],[-55.59645679999994,-21.169486099999972],[-55.610524699999985,-21.18082019999997],[-55.619546199999945,-21.16607209999995],[-55.62543379999994,-21.163850699999955],[-55.634145699999976,-21.166448899999978],[-55.62526299999996,-21.165347399999973],[-55.61924959999993,-21.17410659999996],[-55.629474699999946,-21.17296989999994],[-55.63031709999996,-21.18231019999996],[-55.621680899999944,-21.18211809999997],[-55.62710629999998,-21.19366109999993],[-55.642389099999946,-21.181883599999935],[-55.64104059999994,-21.19113109999995],[-55.651493899999934,-21.182878199999948],[-55.65578019999998,-21.18233289999995],[-55.63375089999994,-21.199965499999962],[-55.63765669999998,-21.217115299999932],[-55.631767999999965,-21.22168709999994],[-55.62244369999996,-21.21206589999997],[-55.618915399999935,-21.21255009999993],[-55.634133099999985,-21.22653459999998],[-55.62058919999998,-21.232163799999967],[-55.62864609999997,-21.231977299999983],[-55.63018919999996,-21.24408159999996]]]}},{"id":"5157","type":"Feature","properties":{"COD_IBGE":"5006002","MUNICIPIO":"Nova Alvorada do Sul","UF":"MS"},"geometry":{"type":"Polygon","coordinates":[[[-54.51319119999994,-21.526885299999947],[-54.60118689999996,-21.488844399999948],[-54.622519799999964,-21.52138439999993],[-54.65345069999995,-21.54350919999996],[-54.664003899999955,-21.533084499999973],[-54.65438379999995,-21.523726499999952],[-54.67702699999995,-21.527835599999946],[-54.68594319999994,-21.51812259999997],[-54.68195309999999,-21.508246999999983],[-54.69480209999995,-21.501340699999957],[-54.681700699999965,-21.49769459999993],[-54.69048539999994,-21.49234119999994],[-54.67802939999996,-21.48041749999993],[-54.665501699999936,-21.48120679999994],[-54.66770699999995,-21.465709199999935],[-54.69720559999996,-21.451632699999948],[-54.692786199999944,-21.444068999999956],[-54.707984599999975,-21.42791669999997],[-54.68684469999994,-21.40752699999996],[-54.70642809999998,-21.37365159999996],[-54.69866969999998,-21.35127979999993],[-54.680772299999944,-21.345085299999937],[-54.67424489999996,-21.30604479999994],[-54.644371199999966,-21.302654299999972],[-54.59956089999997,-21.26285749999994],[-54.58332939999997,-21.260026299999936],[-54.57352869999994,-21.23909679999997],[-54.516237599999954,-21.20948139999996],[-54.559049699999946,-21.148341399999936],[-54.52157509999995,-21.12717779999997],[-54.50191279999996,-21.130876499999943],[-54.48224509999994,-21.122511999999972],[-54.50892389999996,-21.00951249999997],[-54.50683109999994,-20.99413039999996],[-54.49941839999997,-20.993835799999943],[-54.49157999999994,-21.004136099999982],[-54.46359119999994,-21.008483299999966],[-54.45229839999996,-21.023207599999978],[-54.42596159999994,-21.025078899999983],[-54.43024539999993,-21.03439899999995],[-54.40824199999997,-21.04216109999993],[-54.41644189999994,-21.05325629999993],[-54.39264289999994,-21.061331499999937],[-54.391575999999986,-21.082075199999963],[-54.376554099999964,-21.10599899999994],[-54.34594729999998,-21.103095999999937],[-54.33852809999996,-21.121118799999977],[-54.32965059999998,-21.115074599999957],[-54.31716259999996,-21.131503099999975],[-54.292168999999944,-21.13976889999998],[-54.29826049999997,-21.15442409999997],[-54.29159439999995,-21.15856109999993],[-54.306627299999946,-21.16522539999994],[-54.26682869999996,-21.183155299999953],[-54.27454419999998,-21.196036799999945],[-54.26034789999994,-21.204761899999937],[-54.26046859999997,-21.221072899999967],[-54.272770299999934,-21.237641999999937],[-54.264310999999964,-21.243501299999934],[-54.258492399999966,-21.236283199999946],[-54.25180319999998,-21.256834199999957],[-54.22314949999998,-21.259649799999977],[-54.22450169999996,-21.272914899999932],[-54.23399059999997,-21.26665799999995],[-54.23879279999994,-21.271880599999974],[-54.23464739999997,-21.291426199999933],[-54.21559249999996,-21.285806099999945],[-54.22152569999997,-21.297938899999963],[-54.20096929999994,-21.299337099999946],[-54.20899899999995,-21.314430999999956],[-54.20198629999993,-21.315832399999977],[-54.19541719999995,-21.33964899999995],[-54.172466199999974,-21.34887189999995],[-54.13055949999995,-21.402070599999945],[-54.10740849999996,-21.408040899999946],[-54.10110969999994,-21.439069899999936],[-54.08543119999996,-21.44178839999995],[-54.081717399999945,-21.453818299999966],[-54.066907699999945,-21.454354499999965],[-54.06615379999994,-21.46884929999993],[-54.04628739999998,-21.468029599999966],[-54.03594229999993,-21.486107199999935],[-54.01336119999996,-21.501983799999948],[-54.00865529999999,-21.495506699999964],[-54.01071469999994,-21.50933699999996],[-53.99403899999999,-21.51436229999996],[-53.98112599999996,-21.53732649999995],[-53.965043299999934,-21.532707199999948],[-53.960534199999984,-21.542182999999966],[-53.940990699999986,-21.546005099999945],[-53.92283269999996,-21.54049779999997],[-53.87545359999996,-21.56439009999997],[-53.84828509999994,-21.56691449999994],[-53.837136499999986,-21.552699599999983],[-53.82679069999995,-21.556933899999933],[-53.826613399999985,-21.546493399999974],[-53.820735499999955,-21.545213799999942],[-53.813705899999945,-21.55850819999995],[-53.79596829999997,-21.568012499999952],[-53.77243269999997,-21.568029499999966],[-53.769217899999944,-21.558033399999943],[-53.76185039999996,-21.580093999999974],[-53.75811289999996,-21.571118799999965],[-53.740665099999944,-21.568128999999942],[-53.73770369999994,-21.574722399999928],[-53.74499199999997,-21.578867199999934],[-53.73854199999994,-21.58506449999993],[-53.719024099999956,-21.581037099999946],[-53.72555159999996,-21.57028299999996],[-53.70628489999996,-21.56609629999997],[-53.699204399999985,-21.580276499999968],[-53.69620999999995,-21.55726409999994],[-53.66998289999998,-21.552020599999935],[-53.66967569999997,-21.560595399999954],[-53.641391899999974,-21.56333129999996],[-53.63920099999996,-21.57964439999995],[-53.62721289999996,-21.56907149999995],[-53.60835369999995,-21.59023609999997],[-53.62633469999997,-21.61319569999995],[-53.73357569999996,-21.621503099999927],[-53.727187999999956,-21.664375699999937],[-53.741777799999966,-21.68415509999994],[-53.732338899999945,-21.73029319999995],[-53.73706329999993,-21.78939429999997],[-53.72770189999994,-21.805735399999946],[-53.78105819999996,-21.867680399999927],[-53.79235609999995,-21.922438399999976],[-53.79847069999994,-21.911852099999976],[-53.81298949999996,-21.91967539999996],[-53.836715599999934,-21.896742699999947],[-53.84820599999995,-21.902730799999972],[-53.87424939999994,-21.897253399999954],[-53.88011799999998,-21.882456299999944],[-53.900180999999975,-21.882043499999952],[-53.90885389999994,-21.873765799999944],[-53.905881499999964,-21.86720459999998],[-53.92577629999994,-21.85628239999994],[-53.95720559999995,-21.85472089999996],[-53.962138299999935,-21.847249099999942],[-53.95419179999993,-21.849918499999944],[-53.952486299999975,-21.831371199999978],[-53.96136179999996,-21.83478649999995],[-53.962701299999935,-21.815076099999942],[-53.98017109999995,-21.80460019999998],[-53.992737699999964,-21.77748509999998],[-54.00917529999998,-21.78407679999998],[-54.03320629999996,-21.771480199999928],[-54.04142009999998,-21.77702519999997],[-54.04994689999995,-21.765165199999956],[-54.060888999999975,-21.767086399999982],[-54.058896499999946,-21.757574199999965],[-54.08904219999994,-21.74512729999998],[-54.110727199999985,-21.75261169999993],[-54.11783589999993,-21.738730799999928],[-54.137216799999976,-21.747105099999942],[-54.15683229999996,-21.733348499999977],[-54.18416559999997,-21.734908299999972],[-54.19161049999997,-21.72475179999998],[-54.206015099999945,-21.728877599999976],[-54.21287389999998,-21.717791699999964],[-54.208793499999956,-21.703385799999978],[-54.223677399999985,-21.688488099999972],[-54.23372379999995,-21.682646099999943],[-54.24468429999996,-21.690107599999976],[-54.27293969999994,-21.674895099999958],[-54.27026509999996,-21.664412399999947],[-54.27951239999993,-21.653466899999955],[-54.28475759999998,-21.66062789999995],[-54.29280939999995,-21.646784099999934],[-54.302633399999934,-21.65122699999995],[-54.31253629999998,-21.634484499999928],[-54.32591869999993,-21.632407499999943],[-54.343107799999984,-21.613949099999957],[-54.35523959999995,-21.578457199999946],[-54.333750099999975,-21.553283299999975],[-54.33370559999997,-21.51688429999996],[-54.37673849999993,-21.536277299999938],[-54.40553219999998,-21.569896099999937],[-54.424652599999945,-21.57803339999998],[-54.43672579999998,-21.59924719999998],[-54.46167889999998,-21.572924799999953],[-54.487277699999936,-21.566295099999934],[-54.49488729999996,-21.54207379999997],[-54.51319119999994,-21.526885299999947]]]}},{"id":"5158","type":"Feature","properties":{"COD_IBGE":"5006200","MUNICIPIO":"Nova Andradina","UF":"MS"},"geometry":{"type":"Polygon","coordinates":[[[-53.24502649999994,-21.59982059999993],[-53.23015589999994,-21.58189249999998],[-53.208698599999934,-21.570760099999973],[-53.19010629999997,-21.57725469999997],[-53.18100229999993,-21.59576629999998],[-53.168961199999956,-21.589327499999968],[-53.15584709999996,-21.59285399999993],[-53.138598599999966,-21.57508239999993],[-53.119538499999976,-21.592661499999963],[-53.10537499999998,-21.584215399999948],[-53.08193649999998,-21.588734299999942],[-53.042956699999934,-21.61623389999994],[-53.02924449999995,-21.607834399999945],[-53.02508279999995,-21.61549919999993],[-53.039858899999956,-21.62375069999996],[-53.036527999999976,-21.689836899999932],[-53.08092719999996,-21.799525099999983],[-53.07152999999994,-21.83823119999994],[-53.50004609999996,-22.584557399999937],[-53.514425399999936,-22.575343199999963],[-53.540207399999986,-22.579263699999956],[-53.56164469999993,-22.569961599999942],[-53.56144279999995,-22.557969899999932],[-53.55018339999998,-22.545522699999935],[-53.51918569999998,-22.534446699999933],[-53.51631389999994,-22.517693099999974],[-53.497702199999935,-22.502053899999964],[-53.50090809999995,-22.490730199999973],[-53.48291389999997,-22.455318499999976],[-53.49631339999996,-22.434981299999947],[-53.510134799999946,-22.43398229999997],[-53.51437119999997,-22.402931999999964],[-53.527964199999985,-22.396041399999945],[-53.538948199999936,-22.374927499999956],[-53.536815099999956,-22.362531199999978],[-53.553488699999946,-22.363296499999933],[-53.53639029999994,-22.35504579999997],[-53.53378569999995,-22.334977699999968],[-53.55634079999999,-22.309371899999974],[-53.552323799999954,-22.292805699999974],[-53.57441609999995,-22.254355699999962],[-53.57443459999996,-22.24254929999995],[-53.56281299999995,-22.231524499999978],[-53.590151799999944,-22.211125599999946],[-53.58674629999996,-22.187538099999927],[-53.59478789999997,-22.174133299999937],[-53.58617879999997,-22.157644699999935],[-53.59613239999993,-22.147727799999927],[-53.624251399999935,-22.143537399999957],[-53.62628399999994,-22.12301949999994],[-53.66340799999995,-22.111675499999933],[-53.67307129999995,-22.073784699999976],[-53.69265749999994,-22.05461939999998],[-53.68668439999993,-22.040325199999927],[-53.749594299999956,-22.008475999999973],[-53.73221189999998,-21.998748899999953],[-53.73641089999995,-21.98659779999997],[-53.76576319999998,-21.99386759999993],[-53.760317999999984,-21.96040839999995],[-53.789211499999965,-21.94328409999997],[-53.79324059999993,-21.929546399999936],[-53.78605659999994,-21.914912999999956],[-53.78695329999994,-21.87877919999994],[-53.72770189999994,-21.805735399999946],[-53.73706329999993,-21.78939429999997],[-53.732338899999945,-21.73029319999995],[-53.741777799999966,-21.68415509999994],[-53.727187999999956,-21.664375699999937],[-53.73357569999996,-21.621503099999927],[-53.62633469999997,-21.61319569999995],[-53.61350269999997,-21.593985799999928],[-53.595136199999956,-21.589543899999967],[-53.58878729999998,-21.59392909999997],[-53.595973699999945,-21.600300999999945],[-53.57831559999994,-21.60977429999997],[-53.56600199999997,-21.600927299999967],[-53.54880819999994,-21.606615099999942],[-53.50973799999997,-21.587006199999962],[-53.49396699999994,-21.600020099999938],[-53.48985589999995,-21.588454799999965],[-53.46712269999995,-21.572158599999966],[-53.44345949999996,-21.574127999999973],[-53.439409499999954,-21.555737499999964],[-53.42878009999998,-21.55247259999993],[-53.41927029999994,-21.56565539999997],[-53.40225799999996,-21.56025109999996],[-53.39649609999998,-21.56966499999993],[-53.38238019999994,-21.56718049999995],[-53.376385599999935,-21.57577809999998],[-53.381700799999976,-21.57983829999995],[-53.36246639999996,-21.576149399999963],[-53.352680099999986,-21.585946999999976],[-53.34487999999993,-21.583600699999977],[-53.33948099999998,-21.597428699999966],[-53.319589399999984,-21.597983099999965],[-53.31515129999997,-21.581244399999946],[-53.30413869999995,-21.588695899999948],[-53.28666909999998,-21.583757599999956],[-53.27763059999995,-21.59254219999997],[-53.26263729999994,-21.58212889999993],[-53.24865579999994,-21.588634299999967],[-53.24502649999994,-21.59982059999993]]]}},{"id":"5159","type":"Feature","properties":{"COD_IBGE":"5006259","MUNICIPIO":"Novo Horizonte do Sul","UF":"MS"},"geometry":{"type":"Polygon","coordinates":[[[-53.77742929999994,-22.731843099999935],[-53.91341169999998,-22.662185199999954],[-53.92549809999997,-22.663009199999976],[-53.95913099999996,-22.60881039999998],[-53.97923739999993,-22.595641799999953],[-53.98341439999996,-22.574666699999966],[-54.002607299999966,-22.567896099999928],[-54.004292299999975,-22.56296759999998],[-54.02016839999993,-22.552414599999963],[-54.02008539999997,-22.550712699999963],[-54.02528669999998,-22.54817079999998],[-54.02778949999998,-22.54392439999998],[-53.91477169999996,-22.432815799999958],[-53.87789019999997,-22.461716899999942],[-53.85661829999998,-22.500317799999948],[-53.805502599999954,-22.533063199999958],[-53.67882759999998,-22.570384199999978],[-53.60332379999994,-22.55629609999994],[-53.53945939999994,-22.57944299999997],[-53.51282119999996,-22.57563719999996],[-53.49910969999996,-22.58715879999994],[-53.49977149999995,-22.60525039999993],[-53.51436069999994,-22.600156099999936],[-53.52442019999995,-22.609658599999932],[-53.51166519999998,-22.62950639999997],[-53.523308199999974,-22.642160199999978],[-53.542335299999934,-22.653161299999965],[-53.55355049999997,-22.649504299999933],[-53.56362739999997,-22.669709299999965],[-53.59580839999995,-22.66258399999998],[-53.618579299999965,-22.682401099999936],[-53.62129429999993,-22.695699299999944],[-53.649224499999946,-22.708839799999964],[-53.66265889999994,-22.70380119999993],[-53.68007909999994,-22.714634199999978],[-53.70105279999996,-22.71194959999997],[-53.77742929999994,-22.731843099999935]]]}},{"id":"5160","type":"Feature","properties":{"COD_IBGE":"5006275","MUNICIPIO":"Paraíso das Águas","UF":"MS"},"geometry":{"type":"Polygon","coordinates":[[[-52.89588519999995,-19.247397399999954],[-52.85026049999993,-19.232873799999936],[-52.84917849999994,-19.240804899999944],[-52.81803279999997,-19.250518299999953],[-52.813960899999984,-19.245733799999982],[-52.81064249999997,-19.257289899999932],[-52.79153689999998,-19.256077799999957],[-52.75534529999993,-19.268151899999964],[-52.757150999999965,-19.273972799999967],[-52.718465299999934,-19.271619099999953],[-52.68675809999996,-19.30249239999995],[-52.68246519999997,-19.330356499999937],[-52.649577499999964,-19.351911299999927],[-52.621124899999984,-19.35309289999998],[-52.61116389999995,-19.36069999999995],[-52.616219299999955,-19.369056499999942],[-52.608208099999956,-19.36627009999995],[-52.603269299999965,-19.375663999999972],[-52.58832069999994,-19.378664499999957],[-52.57762279999997,-19.399734299999977],[-52.566187699999944,-19.39690479999996],[-52.569943499999965,-19.406884099999957],[-52.62150399999996,-19.42086519999998],[-52.65617949999995,-19.49064469999996],[-52.69363839999994,-19.52639679999993],[-52.70541899999995,-19.555102099999942],[-52.73502569999994,-19.544352299999957],[-52.756317199999955,-19.520445799999948],[-52.81141059999993,-19.537978899999928],[-52.82945159999997,-19.531190099999947],[-52.86256249999997,-19.536967499999946],[-52.88903809999994,-19.52132869999997],[-52.90413799999993,-19.50016379999994],[-52.92600519999996,-19.50029459999996],[-52.936298799999975,-19.483955699999967],[-52.983727399999964,-19.463248999999962],[-53.019695499999955,-19.43038009999998],[-53.07272419999998,-19.418917499999964],[-53.09812459999995,-19.423437899999954],[-53.09341109999997,-19.460927099999935],[-53.140295099999946,-19.45657609999995],[-53.32769939999997,-19.49715599999996],[-53.34644499999996,-19.450024199999973],[-53.383649299999945,-19.51354299999997],[-53.410266899999954,-19.52170689999997],[-53.48810499999996,-19.58670969999997],[-53.50422679999997,-19.568453199999965],[-53.49941069999994,-19.545544199999938],[-53.514422399999944,-19.540189899999973],[-53.53198999999995,-19.485639999999933],[-53.555859699999985,-19.458650099999943],[-53.54777169999994,-19.44707049999994],[-53.56243329999995,-19.41990379999993],[-53.56368359999993,-19.39584169999995],[-53.58029929999998,-19.369080099999962],[-53.58012779999996,-19.352733199999932],[-53.603090899999984,-19.328918699999974],[-53.60696709999996,-19.302450999999962],[-53.62121459999997,-19.292858999999964],[-53.61595969999996,-19.286622299999976],[-53.63776079999997,-19.26682569999997],[-53.61126989999997,-19.236864899999944],[-53.61622189999997,-19.220185499999957],[-53.602338299999985,-19.180009499999983],[-53.57486819999997,-19.18716409999996],[-53.51866739999997,-19.181032399999935],[-53.487099299999954,-19.186067599999944],[-53.441239199999984,-19.17697529999998],[-53.428723299999945,-19.15983209999996],[-53.421394099999986,-19.111885899999947],[-53.40397269999994,-19.099949299999935],[-53.39490349999994,-19.08003599999995],[-53.339698699999985,-19.050096199999928],[-53.369337299999984,-19.020609999999976],[-53.40193369999997,-19.00638239999995],[-53.386950499999955,-18.981146299999978],[-53.382425299999966,-18.943544299999928],[-53.32623119999994,-18.898044099999936],[-53.302580999999975,-18.887642399999947],[-53.29921079999997,-18.895304099999976],[-53.28612169999997,-18.891916799999933],[-53.24845829999998,-18.937218899999948],[-53.21363939999998,-18.95629639999993],[-53.196258899999975,-18.95721869999994],[-53.19399299999998,-18.96941259999994],[-53.17472109999994,-18.971885199999974],[-53.181771099999935,-18.980859799999962],[-53.168994699999985,-18.986810799999944],[-53.166606599999966,-18.943623999999943],[-53.14679769999998,-18.922401699999966],[-53.142890499999965,-18.899788599999965],[-53.13052879999998,-18.89907029999995],[-53.10915689999996,-18.880712899999935],[-53.06103909999996,-18.808760999999947],[-53.04581369999994,-18.797894799999938],[-52.97799509999999,-18.796636299999932],[-52.949907199999984,-18.78527329999997],[-52.898837999999955,-18.785882699999945],[-52.87654679999997,-18.888045399999953],[-52.827048599999955,-18.930584499999952],[-52.833482999999944,-18.96222419999998],[-52.88205819999996,-19.078180199999963],[-52.92056309999998,-19.092524899999944],[-52.938705599999935,-19.10776949999996],[-52.971274499999936,-19.10811639999997],[-52.97593019999994,-19.122019199999954],[-52.96701529999996,-19.14187499999997],[-52.94005509999994,-19.148216799999943],[-52.94088879999998,-19.17774689999993],[-52.93057419999997,-19.180720599999972],[-52.93487689999995,-19.195172299999967],[-52.89588519999995,-19.247397399999954]]]}},{"id":"5161","type":"Feature","properties":{"COD_IBGE":"5006309","MUNICIPIO":"Paranaíba","UF":"MS"},"geometry":{"type":"Polygon","coordinates":[[[-51.052351199999976,-19.33513279999994],[-51.020505199999945,-19.38228229999993],[-51.02575209999998,-19.398715399999958],[-51.00534739999995,-19.400828699999977],[-51.00144869999997,-19.41533069999997],[-50.98862279999997,-19.407933999999955],[-50.98530219999998,-19.431382799999938],[-50.95213149999995,-19.442633499999943],[-50.93590839999996,-19.460643999999945],[-50.93499779999996,-19.467477499999973],[-50.96237849999994,-19.48189569999994],[-50.962946199999976,-19.50057879999997],[-50.93088129999995,-19.54224389999996],[-50.92290909999997,-19.571624799999938],[-50.93424219999997,-19.59177909999994],[-50.961802199999966,-19.58173979999998],[-50.98755459999995,-19.589507599999934],[-51.01211269999993,-19.652328599999976],[-51.038180799999964,-19.69176749999997],[-51.04608179999997,-19.73558289999994],[-51.02790169999997,-19.756575399999974],[-51.03993939999998,-19.777118299999927],[-51.033497899999986,-19.790679299999965],[-51.067787599999974,-19.814052299999958],[-51.07913879999995,-19.81049829999995],[-51.12637639999997,-19.82279989999995],[-51.15289519999993,-19.857571999999948],[-51.17274609999998,-19.86660939999996],[-51.19096489999998,-19.855504699999926],[-51.234108599999956,-19.863012699999956],[-51.273533999999984,-19.84811629999996],[-51.30028919999995,-19.854599399999927],[-51.316818799999965,-19.84635499999996],[-51.33725339999995,-19.865298999999936],[-51.36119739999998,-19.863581799999963],[-51.395712499999945,-19.902134099999955],[-51.41968049999997,-19.907238199999938],[-51.429582299999936,-19.93129449999998],[-51.472217099999966,-19.96406719999993],[-51.47941989999998,-19.952781199999947],[-51.48866259999994,-19.95239609999993],[-51.48711679999997,-19.935977999999977],[-51.49709659999996,-19.93744099999998],[-51.49805229999998,-19.919177899999966],[-51.51350729999996,-19.91246529999995],[-51.50711629999995,-19.900234999999952],[-51.51148639999997,-19.88447759999997],[-51.52498419999995,-19.888826499999936],[-51.536750799999936,-19.87810479999996],[-51.533299599999964,-19.870268599999974],[-51.55495509999997,-19.85922009999996],[-51.56205229999995,-19.824025199999937],[-51.580249899999956,-19.814037999999982],[-51.58779769999995,-19.81750809999994],[-51.59239359999998,-19.80345639999996],[-51.585919399999966,-19.789882199999965],[-51.606488999999954,-19.796267899999975],[-51.61234009999998,-19.75866739999998],[-51.622061299999984,-19.762134999999944],[-51.64900289999997,-19.74568019999998],[-51.666498599999954,-19.71053569999998],[-51.68592099999995,-19.69884079999997],[-51.69226539999994,-19.67220489999994],[-51.72006879999998,-19.627428099999975],[-51.795447699999954,-19.568880999999976],[-51.77856769999994,-19.486401599999965],[-51.80357299999997,-19.443122099999982],[-51.82552119999997,-19.42355969999994],[-51.83843639999998,-19.33334949999994],[-51.862919499999975,-19.286316099999965],[-51.85047759999998,-19.267043299999955],[-51.854787699999974,-19.248523899999952],[-51.870906299999945,-19.241093099999944],[-51.87649509999994,-19.22792949999996],[-51.86381449999993,-19.220533899999964],[-51.80524529999997,-19.23837629999997],[-51.79783179999998,-19.22142569999994],[-51.75844959999995,-19.218155399999944],[-51.74963319999995,-19.210225899999955],[-51.724996199999964,-19.240136099999972],[-51.653368599999965,-19.255194399999937],[-51.63669369999997,-19.269759799999974],[-51.60374789999997,-19.26793639999994],[-51.56962459999994,-19.283217099999945],[-51.57123789999997,-19.248399699999936],[-51.55386359999994,-19.211015999999972],[-51.55446279999995,-19.17910009999997],[-51.54049349999997,-19.144227399999977],[-51.527102799999966,-19.13892199999998],[-51.51385019999998,-19.150398799999948],[-51.50173749999993,-19.14701999999994],[-51.49764789999995,-19.161401099999978],[-51.474073199999964,-19.15371289999996],[-51.458514599999944,-19.167777599999965],[-51.44649039999996,-19.15885049999997],[-51.43861999999996,-19.171348399999943],[-51.420073499999944,-19.16621079999993],[-51.41774159999994,-19.17397189999997],[-51.40535719999997,-19.175546999999938],[-51.41143589999996,-19.18065649999994],[-51.39832059999998,-19.194777399999964],[-51.378608199999974,-19.192554799999982],[-51.37011839999997,-19.199587099999974],[-51.36877019999997,-19.221631499999944],[-51.344867499999964,-19.21390679999996],[-51.337033599999984,-19.22228739999997],[-51.307096899999976,-19.218081499999982],[-51.30680539999997,-19.239127499999938],[-51.29788759999997,-19.23860389999993],[-51.28647139999998,-19.252404499999955],[-51.27970399999998,-19.248915599999975],[-51.27597319999995,-19.261126399999966],[-51.251297299999976,-19.273699999999963],[-51.22549989999993,-19.25897939999993],[-51.20801009999997,-19.266193999999928],[-51.20352829999996,-19.260546199999965],[-51.18020869999998,-19.28291859999996],[-51.14322509999994,-19.287072399999943],[-51.12653689999996,-19.303286799999967],[-51.08853309999995,-19.307732199999975],[-51.052351199999976,-19.33513279999994]]]}},{"id":"5162","type":"Feature","properties":{"COD_IBGE":"5006358","MUNICIPIO":"Paranhos","UF":"MS"},"geometry":{"type":"Polygon","coordinates":[[[-55.450620999999956,-23.816472199999964],[-55.430179599999974,-23.790141199999937],[-55.43382479999997,-23.771058799999935],[-55.44724209999998,-23.76020959999994],[-55.44867439999996,-23.742269499999964],[-55.43625739999993,-23.716760299999976],[-55.441127499999936,-23.71010229999996],[-55.45482599999997,-23.716977199999974],[-55.46346719999997,-23.711967399999935],[-55.462155999999936,-23.683942699999932],[-55.47596629999998,-23.67519619999996],[-55.47467389999997,-23.650469899999962],[-55.48401039999993,-23.64026629999995],[-55.510341299999936,-23.63261769999997],[-55.51109299999996,-23.623249199999975],[-55.532092199999965,-23.630323399999952],[-55.53986839999993,-23.62518599999993],[-55.538180299999965,-23.59189349999997],[-55.52652699999999,-23.56735109999994],[-55.54668389999995,-23.52260979999994],[-55.551696499999935,-23.48943959999997],[-55.56040819999998,-23.483080299999983],[-55.48662899999994,-23.486013899999932],[-55.454165099999955,-23.456687299999942],[-55.42919929999994,-23.460056599999973],[-55.41671469999994,-23.492876199999955],[-55.39488819999997,-23.487795499999947],[-55.36344599999995,-23.50466629999994],[-55.29740009999995,-23.510734999999954],[-55.26963759999995,-23.58784069999996],[-55.24339319999996,-23.613886999999977],[-55.243636599999945,-23.64107809999996],[-55.220429199999955,-23.664596999999958],[-55.184065499999974,-23.681298899999945],[-55.16618379999994,-23.73571709999993],[-55.128579299999956,-23.74940229999993],[-55.13161749999995,-23.76822039999996],[-55.14190419999994,-23.775454999999965],[-55.19225209999996,-23.79164549999996],[-55.20014039999995,-23.80247939999998],[-55.248256399999946,-23.805273799999952],[-55.27983899999998,-23.826203199999952],[-55.274171499999966,-23.84874089999994],[-55.239144099999976,-23.88303439999993],[-55.24630909999996,-23.88531059999997],[-55.24536949999998,-23.899230699999976],[-55.23644859999996,-23.920440999999983],[-55.27120099999996,-23.92563739999997],[-55.26202299999994,-23.99170859999998],[-55.30417579999994,-23.96502659999993],[-55.31772159999997,-23.96289379999996],[-55.33608899999996,-23.992951499999947],[-55.34548589999997,-23.99459719999993],[-55.37550259999995,-23.97984219999995],[-55.37833969999997,-23.970572199999935],[-55.387599199999954,-23.96750069999996],[-55.39642569999995,-23.976222399999983],[-55.41386129999995,-23.96529799999996],[-55.41964359999997,-23.943774899999937],[-55.432767499999954,-23.940719099999967],[-55.427869199999975,-23.926319299999932],[-55.44633529999999,-23.916931499999976],[-55.43556659999996,-23.87238069999995],[-55.44154579999997,-23.82934659999995],[-55.450620999999956,-23.816472199999964]]]}},{"id":"5163","type":"Feature","properties":{"COD_IBGE":"5006408","MUNICIPIO":"Pedro Gomes","UF":"MS"},"geometry":{"type":"Polygon","coordinates":[[[-54.61280329999994,-18.175818999999933],[-54.65444439999993,-18.185833299999956],[-54.66724949999997,-18.15830059999996],[-54.69925239999998,-18.12754419999993],[-54.67730819999997,-17.963865599999963],[-54.69862079999996,-17.863245699999936],[-54.74716129999996,-17.781546599999956],[-54.752027699999985,-17.728592599999956],[-54.66963879999997,-17.71523639999998],[-54.63109019999996,-17.698536299999944],[-54.55847799999998,-17.71174609999997],[-54.53644189999994,-17.707055799999978],[-54.526800599999945,-17.76245609999995],[-54.504110699999956,-17.73608029999997],[-54.48641159999994,-17.752256299999942],[-54.47460429999995,-17.736909599999933],[-54.45851429999993,-17.74336549999998],[-54.453547699999945,-17.71757809999997],[-54.44200799999999,-17.73721009999997],[-54.444149299999935,-17.74762019999997],[-54.430349399999955,-17.747680999999943],[-54.43843899999996,-17.75469979999997],[-54.43519539999994,-17.76685699999996],[-54.41979199999997,-17.762954699999966],[-54.41038889999999,-17.77559549999995],[-54.42088309999997,-17.780566499999964],[-54.42388409999995,-17.79384989999994],[-54.401171799999986,-17.785151799999937],[-54.39006079999996,-17.75912089999997],[-54.38270759999995,-17.771861599999966],[-54.36654749999997,-17.763610899999946],[-54.36486529999996,-17.790608499999962],[-54.341745199999934,-17.766856899999937],[-54.328896999999984,-17.77299709999994],[-54.31426099999993,-17.765165999999965],[-54.311096299999974,-17.779133999999942],[-54.294298899999944,-17.78030069999994],[-54.29577299999994,-17.811329899999976],[-54.28374619999994,-17.806574799999964],[-54.28112439999995,-17.81343899999996],[-54.260580699999934,-17.81693379999996],[-54.27890619999994,-17.839988799999958],[-54.25353199999995,-17.82489329999993],[-54.24730889999995,-17.80290659999997],[-54.238324499999976,-17.811549599999978],[-54.23103229999998,-17.78499409999995],[-54.222438599999975,-17.791417499999966],[-54.21728759999996,-17.79196589999998],[-54.21571869999997,-17.793370099999947],[-54.214125999999965,-17.79401619999993],[-54.21297619999996,-17.793761899999936],[-54.21752929999997,-17.778208399999983],[-54.208338399999946,-17.77726219999994],[-54.201296199999945,-17.76290689999996],[-54.17277329999996,-17.75938309999998],[-54.158802899999955,-17.773235599999964],[-54.138366099999985,-17.767155299999956],[-54.15751919999997,-17.75801819999998],[-54.15444569999994,-17.743862899999954],[-54.140003699999966,-17.742638099999965],[-54.15308639999995,-17.70295219999997],[-54.12142339999997,-17.72294519999997],[-54.123184899999956,-17.71399809999997],[-54.111793699999964,-17.71250759999998],[-54.11385999999993,-17.700498099999947],[-54.12278109999994,-17.69862519999998],[-54.12108439999997,-17.685227399999974],[-54.10419989999997,-17.681910999999957],[-54.08787829999994,-17.693171999999947],[-54.084894299999974,-17.68296239999995],[-54.10171409999998,-17.66494819999997],[-54.07344899999998,-17.66930949999994],[-54.08383989999999,-17.654190099999937],[-54.07776839999997,-17.65867309999993],[-54.07642739999994,-17.650982599999963],[-54.063832099999956,-17.64919009999994],[-54.067291799999964,-17.663063699999952],[-54.056883099999936,-17.668667399999947],[-54.05132929999996,-17.63806479999994],[-54.04350649999998,-17.646059999999977],[-54.03087259999995,-17.64189609999994],[-54.02568279999997,-17.65235389999998],[-54.01561369999996,-17.645358399999964],[-54.01252959999994,-17.65265389999996],[-54.02072689999994,-17.65637529999998],[-54.01536109999995,-17.665667199999973],[-54.02247339999997,-17.670330899999954],[-53.989287599999955,-17.672500299999967],[-53.99323689999994,-17.661312899999928],[-54.00351359999996,-17.65913699999993],[-53.990531199999964,-17.65141269999998],[-53.99737369999997,-17.648038799999938],[-53.99178139999998,-17.63725359999995],[-53.973510499999975,-17.643437699999936],[-53.972988499999985,-17.650809799999934],[-53.95804629999998,-17.63430969999996],[-53.95632839999996,-17.645215999999948],[-53.94564889999998,-17.645758399999977],[-53.94818689999994,-17.653960299999937],[-53.92937429999995,-17.65185699999995],[-53.938259399999936,-17.660041999999976],[-53.927617199999986,-17.662350999999944],[-53.93040289999993,-17.67125189999996],[-53.945496899999966,-17.672831299999928],[-53.91951149999994,-17.67208329999994],[-53.92823079999994,-17.69390119999997],[-53.91499459999994,-17.694481199999927],[-53.90513939999994,-17.67641969999994],[-53.898360699999955,-17.699365099999966],[-53.890773399999944,-17.70184969999997],[-53.874900199999956,-17.69224369999995],[-53.889968599999975,-17.68842159999997],[-53.88051169999994,-17.68164919999998],[-53.88818189999995,-17.67310679999997],[-53.909834099999955,-17.671715399999982],[-53.89614369999998,-17.650449999999978],[-53.87118349999997,-17.660807099999943],[-53.864295399999946,-17.64909979999993],[-53.85294929999998,-17.652612199999965],[-53.85075039999998,-17.642962999999952],[-53.83037909999996,-17.636595599999964],[-53.818393699999945,-17.664946199999974],[-53.80954819999994,-17.653532199999972],[-53.788741699999946,-17.65099179999993],[-53.77794739999996,-17.668059099999937],[-53.757244199999946,-17.672764099999938],[-53.80632849999995,-17.67237119999993],[-53.85590909999996,-17.702717199999938],[-53.95443709999995,-17.86861629999993],[-53.951129899999955,-17.90319379999994],[-53.94466319999998,-17.907338299999935],[-53.952887199999964,-17.92413789999995],[-53.970370499999945,-17.934680999999955],[-53.974298999999974,-17.929964499999983],[-53.97293679999996,-17.94040979999994],[-53.982862899999986,-17.933757399999934],[-53.98830379999998,-17.942500199999927],[-53.99134419999996,-17.935981199999958],[-53.99277909999995,-17.94301619999993],[-54.006469799999934,-17.94078429999996],[-54.00770419999998,-17.947535399999936],[-54.03806009999994,-17.95779609999994],[-54.03618469999998,-17.97257959999996],[-54.050390499999935,-17.977146499999947],[-54.05262049999993,-17.99235959999993],[-54.061685899999986,-17.990349299999934],[-54.06159909999997,-18.00676089999996],[-54.07623959999995,-18.011972299999968],[-54.068892999999946,-18.016980399999966],[-54.06798649999996,-18.04420049999993],[-54.08019279999996,-18.043980999999974],[-54.06642069999998,-18.063020199999983],[-54.074637199999984,-18.05620159999995],[-54.082950799999935,-18.060222099999976],[-54.08948419999996,-18.069596099999956],[-54.08773149999996,-18.07761839999995],[-54.07983729999995,-18.07434859999995],[-54.08738509999995,-18.081740199999956],[-54.08401289999995,-18.089060699999948],[-54.10149789999997,-18.084869499999968],[-54.10366399999998,-18.105044499999963],[-54.11810219999995,-18.09625429999994],[-54.12278879999997,-18.105186999999944],[-54.12414299999995,-18.09891209999995],[-54.13892299999998,-18.10438229999994],[-54.15378479999998,-18.100355399999955],[-54.15031259999995,-18.093376199999966],[-54.19411789999998,-18.088946199999953],[-54.23807439999996,-18.09585379999993],[-54.25029329999995,-18.10432519999995],[-54.24949929999997,-18.11231779999997],[-54.26867429999999,-18.11061619999998],[-54.27648739999995,-18.13235169999996],[-54.28380089999996,-18.117833599999926],[-54.304026299999975,-18.126756799999953],[-54.305377599999986,-18.136813599999982],[-54.33710529999996,-18.13174559999993],[-54.34633729999996,-18.140130899999974],[-54.38730349999997,-18.14735989999997],[-54.39667999999995,-18.140873299999953],[-54.39728309999998,-18.126574799999958],[-54.42018249999995,-18.129874599999937],[-54.43184239999994,-18.13501119999995],[-54.44005509999994,-18.151909399999965],[-54.45421049999993,-18.151282299999934],[-54.48898339999994,-18.181610899999953],[-54.524784599999975,-18.19038139999998],[-54.54966219999994,-18.209243199999946],[-54.58273939999998,-18.24844049999996],[-54.59244759999996,-18.279320299999938],[-54.60335289999995,-18.251958699999932],[-54.59530209999997,-18.218413299999952],[-54.59888229999996,-18.189508599999954],[-54.61280329999994,-18.175818999999933]]]}},{"id":"5164","type":"Feature","properties":{"COD_IBGE":"5006606","MUNICIPIO":"Ponta Porã","UF":"MS"},"geometry":{"type":"Polygon","coordinates":[[[-55.698470999999984,-22.563272299999937],[-55.72364669999996,-22.551782299999957],[-55.74728269999997,-22.505514999999946],[-55.75284289999996,-22.474750399999948],[-55.73581389999998,-22.460087099999953],[-55.73391529999998,-22.441531699999928],[-55.746721599999944,-22.38405849999998],[-55.76671219999997,-22.384207199999935],[-55.74803119999996,-22.34563179999998],[-55.759415099999956,-22.322836999999936],[-55.74672959999998,-22.28200019999997],[-55.73087129999993,-22.276656899999978],[-55.72082489999997,-22.257952599999953],[-55.70634689999997,-22.249465099999952],[-55.71170909999995,-22.236682799999983],[-55.70459809999994,-22.23575889999995],[-55.712940999999944,-22.226918299999966],[-55.69854719999995,-22.201835699999947],[-55.68866839999998,-22.203569499999958],[-55.68380939999997,-22.188953699999956],[-55.69247909999996,-22.180623599999933],[-55.67111459999995,-22.170235299999945],[-55.66957019999995,-22.161981399999945],[-55.65847379999997,-22.162723099999937],[-55.66751659999994,-22.156501099999957],[-55.658515499999965,-22.148047599999927],[-55.666477199999974,-22.141670499999975],[-55.651308599999936,-22.133414699999946],[-55.642427199999986,-22.13685289999995],[-55.641434699999934,-22.128404699999976],[-55.64510999999993,-22.13435019999997],[-55.650230299999976,-22.12733049999997],[-55.64517429999995,-22.119569299999966],[-55.66355579999998,-22.112359899999944],[-55.66099749999995,-22.121181599999943],[-55.67263379999997,-22.127406399999927],[-55.67625519999996,-22.11724099999998],[-55.686582199999975,-22.123631399999965],[-55.68048539999995,-22.13129079999993],[-55.689728199999934,-22.130103899999938],[-55.69475029999995,-22.139408799999956],[-55.69954229999996,-22.12257619999997],[-55.71074139999996,-22.11471729999994],[-55.71623139999997,-22.12307409999994],[-55.723080599999946,-22.118087699999933],[-55.747014399999955,-22.123590499999978],[-55.754740399999946,-22.115027099999963],[-55.77329659999998,-22.13090049999994],[-55.77285469999998,-22.141784799999982],[-55.79370679999994,-22.150093599999934],[-55.81564369999995,-22.152116199999966],[-55.837729999999965,-22.139967999999953],[-55.87720529999996,-22.149641799999927],[-55.93953289999996,-22.095994599999983],[-55.96203289999994,-22.092651399999966],[-55.97088009999993,-22.09850229999995],[-55.998735099999976,-22.075822899999935],[-56.00533319999994,-22.05845199999993],[-56.015878499999985,-22.060253899999964],[-56.01166839999996,-22.047811199999956],[-56.02287979999994,-22.05013379999997],[-56.03244929999994,-22.035713699999974],[-56.04616079999994,-22.036558399999933],[-56.06009349999994,-22.026037299999928],[-56.03320439999993,-22.018623499999933],[-56.027751799999976,-22.003277099999934],[-56.039939199999935,-22.00447639999993],[-56.02006749999998,-21.992009399999972],[-56.01991289999995,-21.980027899999982],[-56.04652719999996,-21.99418479999997],[-56.03628829999997,-21.97571929999998],[-56.043577099999936,-21.97832429999994],[-56.046014699999944,-21.97156339999998],[-56.050811399999986,-21.97774789999994],[-56.05390349999993,-21.97072449999996],[-56.06081899999998,-21.98959549999995],[-56.064471699999956,-21.966573299999936],[-56.079921999999954,-21.974180799999942],[-56.07504119999999,-21.962247399999967],[-56.081325499999934,-21.954030299999943],[-56.05954589999993,-21.95429349999995],[-56.074541299999964,-21.945843699999955],[-56.06099969999997,-21.93933979999997],[-56.05926549999998,-21.928952799999934],[-56.08119359999995,-21.930493999999953],[-56.06902059999993,-21.918750199999977],[-56.072743199999934,-21.90828689999995],[-56.11231779999997,-21.92677709999998],[-56.084307999999965,-21.906539599999974],[-56.098332599999935,-21.903215099999954],[-56.095565299999976,-21.898644299999944],[-56.076167099999964,-21.896059799999932],[-56.06426849999997,-21.884714299999928],[-56.06708669999995,-21.896507499999927],[-56.05496769999996,-21.89683189999994],[-56.057091499999956,-21.909329999999954],[-56.04194219999994,-21.919145399999934],[-56.04730619999998,-21.903245099999936],[-56.04114529999998,-21.881745799999976],[-56.02494009999998,-21.883952999999963],[-56.03068109999998,-21.895704399999943],[-56.013797899999986,-21.89342869999996],[-56.02516809999997,-21.90571659999995],[-56.01953709999998,-21.907914499999947],[-56.022132899999974,-21.922359899999947],[-56.00963079999997,-21.903215099999954],[-56.010451699999976,-21.910403299999928],[-55.99001119999997,-21.914220099999966],[-55.99167129999995,-21.926860699999963],[-55.976063099999976,-21.926154099999962],[-55.98799109999993,-21.91908669999998],[-55.97789899999998,-21.913904199999934],[-55.97999009999995,-21.90430109999994],[-56.00258939999998,-21.904128299999968],[-55.988356899999985,-21.89470599999993],[-55.99346579999997,-21.88615699999997],[-56.01206179999997,-21.87824519999998],[-56.00208989999999,-21.871328799999958],[-55.98095399999994,-21.87881959999993],[-55.978759699999955,-21.861802199999943],[-56.01185239999995,-21.86523879999993],[-56.00359839999999,-21.84553479999994],[-56.033529199999975,-21.84084839999997],[-56.032786399999964,-21.832861399999956],[-56.00493719999997,-21.83415999999994],[-56.00829879999998,-21.81803919999993],[-56.020894699999985,-21.82211159999997],[-56.01064789999998,-21.80312559999993],[-56.021835299999964,-21.78338089999994],[-56.008448999999985,-21.78287359999996],[-56.01501929999995,-21.792299499999956],[-56.003989899999965,-21.80288969999998],[-56.00980079999994,-21.811810399999956],[-55.98930889999997,-21.816449199999965],[-55.992380999999966,-21.838169499999935],[-55.98539379999994,-21.833440199999927],[-55.98266169999994,-21.844966099999965],[-55.97325609999996,-21.833098399999983],[-55.96428339999994,-21.856991599999958],[-55.96857959999994,-21.82231969999998],[-55.95779719999996,-21.82054409999995],[-55.95670019999994,-21.831017499999973],[-55.94778829999996,-21.833484599999963],[-55.94970529999995,-21.85362079999993],[-55.93666979999995,-21.84732029999998],[-55.93779609999996,-21.857204899999942],[-55.92412539999998,-21.85963399999997],[-55.927882299999965,-21.866155499999934],[-55.922067099999936,-21.85868229999994],[-55.933879599999955,-21.852500499999962],[-55.91586189999998,-21.845618799999954],[-55.93414339999998,-21.838302899999974],[-55.92197319999997,-21.830929199999957],[-55.93583609999996,-21.826816899999983],[-55.933984099999975,-21.821506599999964],[-55.91741659999997,-21.81626979999993],[-55.90533119999998,-21.82133399999998],[-55.90769659999995,-21.81265929999995],[-55.901985399999944,-21.80981859999997],[-55.89755569999994,-21.813380799999948],[-55.89429329999996,-21.811092499999972],[-55.89889279999994,-21.805575399999952],[-55.92348419999996,-21.812644999999975],[-55.935355399999935,-21.80376169999994],[-55.94469269999996,-21.813287899999978],[-55.94773259999994,-21.804388399999937],[-55.97096989999994,-21.80111999999997],[-55.945996099999945,-21.802051499999948],[-55.95490609999996,-21.791177699999935],[-55.93954789999998,-21.78607169999998],[-55.92346009999994,-21.79489949999993],[-55.926476899999955,-21.788257399999964],[-55.91982869999998,-21.784434999999974],[-55.93760099999997,-21.778399399999955],[-55.928213599999935,-21.76967389999993],[-55.92436029999993,-21.777657099999942],[-55.91248939999997,-21.77348319999993],[-55.91742399999998,-21.770372099999975],[-55.913644199999965,-21.76684629999994],[-55.90376709999998,-21.780470699999967],[-55.89675689999996,-21.771810399999936],[-55.88571049999996,-21.775695999999982],[-55.87574099999995,-21.79314809999994],[-55.87216959999995,-21.778753999999935],[-55.85622399999994,-21.77633119999996],[-55.863849899999934,-21.775199099999952],[-55.860675999999955,-21.771186299999954],[-55.87787359999999,-21.77685329999997],[-55.877218899999946,-21.767081099999928],[-55.88389109999997,-21.766977399999973],[-55.87477309999997,-21.762300599999946],[-55.89486849999997,-21.762867399999948],[-55.88992749999994,-21.75388309999994],[-55.88156929999997,-21.755830499999945],[-55.880800499999964,-21.749085999999977],[-55.89229849999998,-21.745707099999947],[-55.88261109999996,-21.732646399999965],[-55.90141479999994,-21.731475099999955],[-55.901589599999966,-21.742039699999964],[-55.913127299999985,-21.74155049999996],[-55.91080679999993,-21.730621799999938],[-55.921362199999976,-21.735405999999955],[-55.92059649999993,-21.742890099999954],[-55.934374599999956,-21.73476549999998],[-55.94412809999994,-21.740985199999955],[-55.943655699999965,-21.729085099999963],[-55.91987839999996,-21.728678199999933],[-55.932218499999976,-21.719831299999953],[-55.91632529999998,-21.71640999999994],[-55.912644899999975,-21.72233449999993],[-55.90889869999995,-21.71196679999997],[-55.89918579999994,-21.712259099999983],[-55.90440549999994,-21.703567299999975],[-55.922700599999985,-21.71089889999996],[-55.92906329999994,-21.695013099999983],[-55.92997829999996,-21.707384299999944],[-55.93794059999993,-21.703079199999934],[-55.95157279999995,-21.71616549999993],[-55.94716109999996,-21.694831499999964],[-55.95811029999999,-21.686964699999976],[-55.93391989999998,-21.68537669999995],[-55.946064099999944,-21.680636799999945],[-55.94103339999998,-21.67097089999993],[-55.95309499999996,-21.67492729999998],[-55.960168599999975,-21.654154199999937],[-55.97444999999993,-21.655366399999934],[-55.962653999999986,-21.648837899999933],[-55.97179849999998,-21.643350699999928],[-55.96478179999997,-21.634044999999958],[-55.95885449999997,-21.643350299999952],[-55.94669159999995,-21.63655979999993],[-55.95982989999993,-21.650259699999935],[-55.941916799999944,-21.64725569999996],[-55.94591449999996,-21.661384099999964],[-55.935207899999966,-21.662206599999934],[-55.931272699999965,-21.677239699999973],[-55.923200399999985,-21.670100499999933],[-55.92454399999997,-21.646994699999937],[-55.91379879999994,-21.642764599999964],[-55.92236809999997,-21.673681699999975],[-55.91491329999997,-21.68816039999996],[-55.91264189999998,-21.68184309999998],[-55.90507329999997,-21.68440339999995],[-55.91099429999997,-21.674675299999933],[-55.90441149999998,-21.672649499999977],[-55.90258259999996,-21.653192699999977],[-55.89571369999993,-21.67079289999998],[-55.888119899999936,-21.65453329999997],[-55.88288149999994,-21.657451999999978],[-55.890233499999965,-21.671379499999944],[-55.88466399999999,-21.68416209999998],[-55.87948299999994,-21.66283839999994],[-55.86792939999998,-21.655054099999973],[-55.87038409999997,-21.69271969999994],[-55.86187239999998,-21.690951299999938],[-55.86923919999998,-21.68868379999998],[-55.85916109999994,-21.66364059999995],[-55.85843619999997,-21.675524999999936],[-55.851612699999976,-21.67234559999997],[-55.845298999999955,-21.681063999999935],[-55.84462339999993,-21.66862109999994],[-55.85154319999998,-21.667791299999976],[-55.84617799999995,-21.660518799999977],[-55.85436839999994,-21.66002569999995],[-55.84948209999993,-21.65402949999998],[-55.859559899999965,-21.652037399999926],[-55.858723699999985,-21.643734499999937],[-55.84195289999997,-21.646254599999963],[-55.840925599999935,-21.65765579999993],[-55.81766079999994,-21.66588059999998],[-55.82108789999995,-21.67239969999997],[-55.79383839999997,-21.694759699999963],[-55.79685619999998,-21.700866299999973],[-55.78758629999999,-21.70398149999994],[-55.782329699999934,-21.721680899999967],[-55.76498019999997,-21.728957999999977],[-55.752773899999966,-21.763793299999975],[-55.73088839999997,-21.787168299999962],[-55.70764959999997,-21.75484369999998],[-55.678766199999984,-21.763351399999976],[-55.64963369999998,-21.784888699999954],[-55.61165699999998,-21.786361099999965],[-55.58911299999994,-21.807988299999977],[-55.569689299999936,-21.796523999999977],[-55.55303239999995,-21.80867089999998],[-55.54375349999998,-21.79817689999993],[-55.52829449999996,-21.829917199999954],[-55.522929799999986,-21.822482199999968],[-55.50889719999998,-21.83139159999996],[-55.51090259999995,-21.848416699999973],[-55.50250349999993,-21.85281559999993],[-55.49083719999999,-21.84333049999998],[-55.48685299999994,-21.852841299999966],[-55.471506499999975,-21.85349759999997],[-55.473514499999965,-21.864159099999938],[-55.462725499999976,-21.86147569999997],[-55.46748349999996,-21.874071499999957],[-55.44372009999995,-21.867938299999935],[-55.43901439999996,-21.87892549999998],[-55.41970639999994,-21.86778499999997],[-55.411703099999954,-21.894704699999977],[-55.422995699999944,-21.902386599999943],[-55.438351599999976,-21.936623099999963],[-55.478309399999944,-21.95622979999996],[-55.48728779999993,-21.97180099999997],[-55.523222299999986,-21.984212699999944],[-55.49909029999998,-22.034948399999962],[-55.49529129999996,-22.11852689999995],[-55.46544099999994,-22.12504119999994],[-55.447323799999936,-22.14821519999998],[-55.44584709999998,-22.13830109999998],[-55.43654509999993,-22.147898699999928],[-55.427556899999956,-22.139576399999953],[-55.41429949999997,-22.15515929999998],[-55.40367599999996,-22.151858499999946],[-55.406532899999945,-22.140030099999933],[-55.39139339999997,-22.145921899999962],[-55.386288099999945,-22.161385499999938],[-55.37612779999995,-22.165956299999948],[-55.38401249999998,-22.17542469999995],[-55.378570999999965,-22.191165699999942],[-55.370275499999934,-22.19361179999993],[-55.37204019999996,-22.209967499999948],[-55.344146799999976,-22.205939399999977],[-55.33773619999994,-22.193573699999945],[-55.32873519999998,-22.21499749999998],[-55.322629699999936,-22.19761399999993],[-55.28599889999998,-22.19274969999998],[-55.26095619999995,-22.226437699999963],[-55.24796689999994,-22.222571699999946],[-55.227484199999935,-22.22946719999993],[-55.212616699999955,-22.22333229999998],[-55.20506899999998,-22.231598899999938],[-55.21115119999996,-22.241651799999943],[-55.194953699999985,-22.246965399999965],[-55.162840899999935,-22.223566699999935],[-55.14300509999998,-22.22378269999996],[-55.124045199999955,-22.24537129999993],[-55.102808299999936,-22.246453299999928],[-55.10172589999996,-22.260779199999945],[-55.075334099999964,-22.265550099999928],[-55.07028249999996,-22.28598869999996],[-55.05304959999995,-22.296946999999932],[-55.05280609999994,-22.30898229999997],[-55.040242199999966,-22.312216999999976],[-55.034302999999966,-22.324864499999933],[-55.02584849999994,-22.321593999999948],[-55.02047079999994,-22.337653099999955],[-54.996820499999956,-22.344856599999957],[-54.98139979999996,-22.340179399999954],[-54.97654899999998,-22.350557099999946],[-55.01186269999994,-22.370082099999934],[-55.044197199999985,-22.369137499999965],[-55.05631219999998,-22.39789829999995],[-55.05362799999995,-22.41281349999997],[-55.065944299999956,-22.419657299999983],[-55.09122089999994,-22.425317099999972],[-55.11359489999995,-22.416323499999976],[-55.11894319999993,-22.405124399999977],[-55.176688799999965,-22.43966809999995],[-55.20559339999994,-22.44671459999995],[-55.21735879999994,-22.46470249999993],[-55.23283739999994,-22.469309299999964],[-55.232924999999966,-22.47867439999993],[-55.246632499999976,-22.475534899999957],[-55.24355979999996,-22.484136899999953],[-55.252750799999944,-22.474554799999964],[-55.272688899999935,-22.48562359999994],[-55.29565169999995,-22.484483099999977],[-55.29334789999996,-22.493999299999928],[-55.30770519999999,-22.499310799999932],[-55.32420719999993,-22.482973799999968],[-55.347909699999946,-22.48473649999994],[-55.339059099999986,-22.50862829999994],[-55.368817399999955,-22.52548369999994],[-55.35272179999998,-22.524998599999947],[-55.34628239999995,-22.54110979999996],[-55.36484449999995,-22.561030999999957],[-55.355012999999985,-22.596160999999938],[-55.368174299999964,-22.65287029999996],[-55.35558219999996,-22.65699159999997],[-55.34872299999995,-22.673645699999952],[-55.35770729999996,-22.701566499999956],[-55.35146959999997,-22.707982899999934],[-55.38171969999996,-22.70851369999997],[-55.38934189999998,-22.691030099999978],[-55.41262919999997,-22.691521299999977],[-55.423636199999976,-22.701751199999933],[-55.43133359999996,-22.69373459999997],[-55.45861309999998,-22.69568929999997],[-55.50209829999994,-22.72301559999994],[-55.52042329999995,-22.72071399999993],[-55.51773959999997,-22.74946749999998],[-55.52535179999995,-22.76543429999998],[-55.555194599999936,-22.75052139999997],[-55.573779299999956,-22.72358749999995],[-55.60719849999998,-22.70116669999993],[-55.62515789999998,-22.62825289999995],[-55.682883499999946,-22.588869099999954],[-55.698470999999984,-22.563272299999937]]]}},{"id":"5165","type":"Feature","properties":{"COD_IBGE":"5006903","MUNICIPIO":"Porto Murtinho","UF":"MS"},"geometry":{"type":"Polygon","coordinates":[[[-57.74203359999996,-22.11471709999995],[-57.73399329999995,-22.12073909999998],[-57.739004499999965,-22.134769699999936],[-57.76281039999998,-22.135899999999936],[-57.77927349999993,-22.125174499999957],[-57.80103479999997,-22.150866599999972],[-57.82902969999998,-22.120190599999944],[-57.86612579999996,-22.13604369999996],[-57.88995539999996,-22.122618299999942],[-57.929719699999964,-22.120271899999977],[-57.92168179999999,-22.108433699999978],[-57.93561269999998,-22.101841199999967],[-57.94199889999999,-22.082915699999944],[-57.95501369999994,-22.087211399999944],[-57.96099469999996,-22.078736799999945],[-57.97066899999999,-22.090424799999937],[-57.99507219999998,-22.088708699999927],[-57.98430799999994,-22.06368809999998],[-58.00959249999994,-22.04527509999997],[-58.006161099999986,-22.031213099999945],[-57.974946099999954,-22.015408999999977],[-57.96473679999997,-22.001087199999972],[-57.96501959999995,-21.983613299999945],[-57.93699529999998,-21.927920599999936],[-57.94798499999996,-21.90039029999997],[-57.935925699999984,-21.889295699999934],[-57.914134599999954,-21.88509099999993],[-57.92004479999997,-21.87374909999994],[-57.97163599999993,-21.848380299999974],[-57.931109299999946,-21.824588999999946],[-57.90849309999999,-21.773968599999932],[-57.94027479999994,-21.758350699999937],[-57.945757999999955,-21.740408299999956],[-57.88323349999996,-21.689067399999942],[-57.93344859999996,-21.65160919999994],[-57.942215799999985,-21.620899599999973],[-57.91402599999998,-21.590476699999954],[-57.96161619999998,-21.562443499999972],[-57.96840149999997,-21.52777039999995],[-57.926664399999936,-21.46886109999997],[-57.92725699999994,-21.449831399999937],[-57.91008619999997,-21.420973699999934],[-57.90809649999994,-21.40260989999996],[-57.86112439999994,-21.350616899999977],[-57.853695699999946,-21.332109899999978],[-57.85473579999996,-21.316871799999944],[-57.894962599999985,-21.30717249999998],[-57.921685999999966,-21.280051899999933],[-57.85302139999993,-21.22713159999995],[-57.848958299999936,-21.187857299999962],[-57.864989099999946,-21.136336099999937],[-57.84589089999997,-21.09692819999998],[-57.86579399999994,-21.066710099999966],[-57.86861289999996,-21.046174099999973],[-57.81752949999998,-20.98058249999997],[-57.82526909999996,-20.965240999999935],[-57.81978129999993,-20.937995599999965],[-57.84510239999997,-20.92802789999996],[-57.83318849999995,-20.922883399999932],[-57.847759199999985,-20.914296099999945],[-57.83596759999995,-20.90712439999993],[-57.84258479999994,-20.907010499999956],[-57.83956159999997,-20.89360629999993],[-57.84670859999994,-20.888535699999977],[-57.83247039999998,-20.885582799999952],[-57.827922299999955,-20.870502199999976],[-57.81190859999998,-20.860945199999946],[-57.82876159999995,-20.852725199999952],[-57.82032159999994,-20.84379869999998],[-57.829671099999985,-20.835906999999963],[-57.81301129999997,-20.823853999999983],[-57.81620849999996,-20.81028219999996],[-57.79465829999998,-20.80878699999994],[-57.79694329999995,-20.80044429999998],[-57.788755099999946,-20.800967299999968],[-57.793886199999974,-20.79593909999994],[-57.77719819999999,-20.791975099999945],[-57.771265599999936,-20.80333939999997],[-57.745525199999975,-20.798281999999972],[-57.73486139999994,-20.782436899999936],[-57.74044679999997,-20.771487599999944],[-57.73102229999995,-20.766524199999935],[-57.73415849999998,-20.75168149999996],[-57.719412699999964,-20.744788399999948],[-57.72232139999994,-20.733821699999964],[-57.71555609999996,-20.72780389999997],[-57.68101429999996,-20.732108799999935],[-57.657772299999976,-20.71909169999998],[-57.64253199999996,-20.70016739999994],[-57.64826839999995,-20.69661679999996],[-57.63725899999997,-20.67602839999995],[-57.64076819999997,-20.66569099999998],[-57.611810299999945,-20.644768299999953],[-57.605611899999985,-20.62661339999994],[-57.57406109999994,-20.62930149999994],[-57.57106239999996,-20.613988499999948],[-57.56121029999997,-20.609625299999948],[-57.54047029999998,-20.623102899999935],[-57.52221059999994,-20.61407459999998],[-57.511832399999946,-20.620500799999945],[-57.51613299999997,-20.607806099999948],[-57.484119599999985,-20.59053259999996],[-57.467179999999985,-20.592205899999954],[-57.47023799999994,-20.580648699999927],[-57.46119479999999,-20.579685299999937],[-57.46175159999996,-20.570660199999963],[-57.44940569999994,-20.574410299999954],[-57.45794939999996,-20.553450599999962],[-57.46146719999996,-20.561166799999967],[-57.48017289999996,-20.54581829999995],[-57.485537299999976,-20.549494099999947],[-57.49367749999993,-20.527261299999964],[-57.48729479999997,-20.512238999999965],[-57.47160279999997,-20.50948649999998],[-57.46850279999995,-20.496591099999932],[-57.47700729999997,-20.49458919999995],[-57.47100229999995,-20.493536199999937],[-57.476232799999934,-20.489535699999976],[-57.46941499999997,-20.48670839999994],[-57.47066799999993,-20.471662099999946],[-57.462690399999985,-20.475135299999977],[-57.45963909999995,-20.462972699999966],[-57.434540599999934,-20.450533399999927],[-57.44375499999995,-20.443786699999976],[-57.433656499999984,-20.44288149999994],[-57.438683699999956,-20.433265199999937],[-57.43027999999998,-20.43522429999996],[-57.41388009999997,-20.380912299999977],[-57.41428899999994,-20.367494799999974],[-57.427364599999976,-20.363618499999973],[-57.42052689999997,-20.355047299999967],[-57.41326389999995,-20.363253999999927],[-57.39331759999993,-20.336358899999937],[-57.386425299999985,-20.340940699999976],[-57.35811689999997,-20.32042299999995],[-57.336775399999965,-20.321542199999953],[-57.327655799999945,-20.309862099999975],[-57.32702539999997,-20.296396799999968],[-57.33798959999996,-20.28633489999993],[-57.32795719999996,-20.28742529999994],[-57.32102539999994,-20.268227899999943],[-57.30595329999994,-20.270596999999952],[-57.30202039999995,-20.211292199999946],[-57.30734869999998,-20.204462499999977],[-57.29971039999998,-20.19025739999995],[-57.271407099999976,-20.179241699999977],[-57.25811509999994,-20.18562079999998],[-57.23310639999994,-20.225795799999958],[-57.204720399999985,-20.23911049999998],[-57.19781909999995,-20.231361499999934],[-57.17594339999994,-20.23514679999994],[-57.14809769999994,-20.250075699999968],[-57.13310789999997,-20.27273379999997],[-57.105150299999934,-20.277930499999968],[-57.08274659999995,-20.267185499999982],[-57.04580189999996,-20.281291799999963],[-57.01948599999997,-20.272509799999966],[-56.967325899999935,-20.222878999999978],[-56.957422099999974,-20.245993399999975],[-56.96824239999995,-20.27329569999995],[-56.963336599999934,-20.29190749999998],[-56.946482499999945,-20.30360819999993],[-56.94466649999998,-20.32830519999993],[-57.014266099999986,-20.34539189999998],[-57.00904299999996,-20.36387449999995],[-56.99809349999998,-20.36911729999997],[-56.99681599999997,-20.381714099999954],[-57.00254689999997,-20.38292339999998],[-56.990540599999974,-20.394691299999977],[-56.98724079999994,-20.414582399999972],[-56.99301619999994,-20.419212699999946],[-56.97757309999997,-20.42717209999995],[-56.94887739999996,-20.410465099999954],[-56.935195799999974,-20.424810599999944],[-56.93916059999998,-20.44207319999998],[-56.920551899999964,-20.464830999999947],[-56.923977399999956,-20.49090099999995],[-56.91153029999998,-20.505280699999958],[-56.89404769999999,-20.556846899999982],[-56.87337139999994,-20.580199299999947],[-56.87761999999998,-20.59582679999994],[-56.86890159999996,-20.638790599999936],[-56.89271269999995,-20.684179899999947],[-56.87188659999998,-20.728088299999968],[-56.86852229999994,-20.76379799999995],[-56.84645869999997,-20.79238689999994],[-56.85860709999997,-20.83503639999998],[-56.87383289999997,-20.857560699999965],[-56.85966639999998,-20.88637609999995],[-56.88050549999997,-20.930515399999933],[-56.860468899999944,-20.982519699999955],[-56.86940759999993,-21.017977499999972],[-56.86703389999997,-21.04444449999994],[-56.84474409999996,-21.075342099999943],[-56.85889219999996,-21.113747299999943],[-56.83129709999997,-21.15181259999997],[-56.79656219999998,-21.229489499999943],[-56.788295999999946,-21.292336999999975],[-56.81196669999997,-21.326051999999947],[-56.80409949999995,-21.350158499999964],[-56.81505249999998,-21.402172699999937],[-56.80358359999997,-21.43468059999998],[-56.787127399999974,-21.44848369999994],[-56.80825299999998,-21.455930299999977],[-56.802989199999956,-21.477426799999932],[-56.81287459999999,-21.47689719999994],[-56.808217999999954,-21.480698599999982],[-56.816000299999985,-21.489539299999933],[-56.82137519999998,-21.475632599999983],[-56.831942399999946,-21.473602599999936],[-56.82994579999996,-21.465970899999945],[-56.845369699999935,-21.461989999999957],[-56.852594299999964,-21.46863819999993],[-56.84980719999999,-21.462885299999982],[-56.85619859999997,-21.46211829999993],[-56.86424949999997,-21.470167599999968],[-56.86054699999994,-21.479633699999965],[-56.88183449999997,-21.493745099999956],[-56.88050139999996,-21.503014899999982],[-56.89220229999995,-21.50591049999997],[-56.89403299999998,-21.514574299999936],[-56.907299799999976,-21.514021899999932],[-56.89977159999995,-21.52269709999996],[-56.93178799999998,-21.538503299999945],[-56.924141299999974,-21.55369399999995],[-56.93676719999996,-21.55658029999995],[-56.93345199999993,-21.57488669999998],[-56.948839599999985,-21.59782189999993],[-56.95268269999997,-21.631466599999953],[-56.958648299999936,-21.624488999999983],[-56.97292879999998,-21.62824919999997],[-56.96170669999998,-21.641883099999973],[-56.99252709999996,-21.64082439999993],[-57.01328539999997,-21.62822269999998],[-57.062770299999954,-21.665334799999982],[-57.08866699999999,-21.66099459999998],[-57.08381869999994,-21.665096799999958],[-57.09385889999999,-21.66992819999996],[-57.09375609999995,-21.678687199999956],[-57.109424899999965,-21.679307799999947],[-57.11915069999998,-21.707126899999935],[-57.14300089999995,-21.709216599999934],[-57.13807529999997,-21.727651799999933],[-57.15097789999999,-21.742013999999983],[-57.16053809999994,-21.741854099999955],[-57.15807829999994,-21.750862599999948],[-57.17099929999995,-21.76421229999994],[-57.159207899999956,-21.773838099999978],[-57.15791019999995,-21.785517699999957],[-57.19083329999995,-21.825927299999933],[-57.19086949999996,-21.854410599999937],[-57.19974089999994,-21.86784259999996],[-57.18982259999996,-21.877203399999928],[-57.19596629999995,-21.87905049999995],[-57.193722599999944,-21.887610499999937],[-57.22902099999993,-21.895782999999938],[-57.229773499999965,-21.911774399999956],[-57.24311089999998,-21.919002599999942],[-57.253576899999985,-21.94159449999995],[-57.27153939999994,-21.93381519999997],[-57.28014009999998,-21.935714599999983],[-57.27885689999994,-21.94199969999994],[-57.298468199999945,-21.939107899999954],[-57.30515139999994,-21.930452699999933],[-57.34046639999997,-21.96370849999994],[-57.35828209999994,-21.959574499999974],[-57.36782059999996,-21.97114229999994],[-57.378722299999936,-21.96958369999993],[-57.38651589999995,-21.984960199999932],[-57.37823509999998,-21.99599999999998],[-57.39796649999994,-22.003426599999955],[-57.41710889999996,-22.022933399999943],[-57.425870799999984,-22.044471399999964],[-57.42038659999997,-22.054061399999966],[-57.43339539999994,-22.060569399999963],[-57.429976599999975,-22.069545799999958],[-57.44557119999996,-22.069031199999927],[-57.44919179999994,-22.082763799999952],[-57.45893289999998,-22.08005579999997],[-57.453679299999976,-22.105038499999978],[-57.464486499999964,-22.107982999999933],[-57.46596409999995,-22.131866999999943],[-57.48795199999995,-22.135422799999958],[-57.48807469999997,-22.150350799999956],[-57.49879189999996,-22.156865299999936],[-57.49318989999995,-22.164471299999946],[-57.49911969999994,-22.16789149999994],[-57.50158699999997,-22.157694999999933],[-57.50851729999994,-22.157690899999977],[-57.508969899999954,-22.17658709999995],[-57.522707099999934,-22.168474699999933],[-57.543588599999964,-22.181703099999936],[-57.58076629999994,-22.175336999999956],[-57.58838689999993,-22.165178199999957],[-57.58448009999995,-22.140741599999956],[-57.600868299999945,-22.140160899999955],[-57.598098499999935,-22.130492199999935],[-57.61285429999998,-22.12387629999995],[-57.612594799999954,-22.094561299999953],[-57.63698299999999,-22.10580669999996],[-57.664295299999935,-22.10641309999994],[-57.69110929999994,-22.088396399999965],[-57.706925499999954,-22.091050699999982],[-57.704394899999954,-22.09979469999996],[-57.71693069999998,-22.11379059999996],[-57.73234299999996,-22.099517299999945],[-57.74203359999996,-22.11471709999995]]]}},{"id":"5166","type":"Feature","properties":{"COD_IBGE":"5007109","MUNICIPIO":"Ribas do Rio Pardo","UF":"MS"},"geometry":{"type":"Polygon","coordinates":[[[-53.861113899999964,-20.985211499999934],[-53.88797639999996,-20.97898909999998],[-53.90842669999995,-20.957905799999935],[-53.95244729999996,-20.960274399999946],[-53.97312029999995,-20.95306279999994],[-53.98605349999997,-20.93391799999995],[-54.005489799999964,-20.92279099999996],[-54.00460089999996,-20.89533259999996],[-54.016942599999936,-20.88130309999997],[-54.02301789999996,-20.854907899999944],[-54.064476999999954,-20.836477499999944],[-54.09209739999994,-20.798030799999935],[-54.11134529999998,-20.78526679999993],[-54.128563499999984,-20.788397499999974],[-54.15775159999998,-20.772472799999946],[-54.17269929999998,-20.75084949999996],[-54.17540349999996,-20.725189599999965],[-54.20238519999998,-20.711033499999928],[-54.206640499999935,-20.673040699999945],[-54.17796949999996,-20.602449599999943],[-54.19548169999996,-20.53703719999993],[-54.18279389999998,-20.490151499999968],[-54.183823899999936,-20.46118309999997],[-54.17825499999998,-20.46548279999996],[-54.156493599999976,-20.445579299999963],[-54.14128559999995,-20.456803899999954],[-54.12840279999995,-20.44269029999998],[-54.11400499999996,-20.443871899999976],[-54.11908139999997,-20.43671889999996],[-54.10368779999993,-20.438950499999976],[-54.096013599999935,-20.430484599999943],[-54.08204889999996,-20.43502419999993],[-54.078166299999964,-20.426246399999968],[-54.05974159999994,-20.428522699999974],[-54.06091329999998,-20.420417499999928],[-54.03922069999999,-20.423442199999954],[-54.035107299999936,-20.412513199999978],[-54.026786699999946,-20.413728799999944],[-54.02927959999994,-20.403613699999937],[-54.023149899999964,-20.40169099999997],[-54.02255279999997,-20.411462899999947],[-54.00917479999998,-20.409369099999935],[-54.00829259999995,-20.39339209999997],[-54.003326999999956,-20.400890299999958],[-53.989296499999966,-20.390936199999942],[-53.98346689999994,-20.397154899999975],[-53.96633769999994,-20.381491299999936],[-53.941016899999966,-20.38221459999994],[-53.917652199999964,-20.369515499999977],[-53.89041579999997,-20.37465969999994],[-53.88375599999995,-20.36327209999996],[-53.90873689999995,-20.352853799999934],[-53.91494919999997,-20.341381199999944],[-53.941499299999975,-20.33973139999995],[-53.96326399999998,-20.31586589999995],[-53.98862889999998,-20.309234999999944],[-53.98426919999997,-20.276925699999936],[-53.995613599999956,-20.27466439999995],[-53.99694329999994,-20.26068699999996],[-54.006438799999955,-20.264428299999963],[-54.010802199999944,-20.235875299999975],[-54.01578489999997,-20.240723899999978],[-54.03464169999995,-20.211830499999962],[-54.049014899999975,-20.208767499999965],[-54.046317999999985,-20.19682769999997],[-54.06602289999995,-20.17755379999994],[-54.06877909999997,-20.146976999999936],[-54.08177649999993,-20.141811299999972],[-54.10004339999995,-20.118092399999966],[-54.059421199999974,-20.08760479999995],[-54.05433279999994,-20.069810099999927],[-53.97613439999998,-20.048093499999936],[-53.95829839999993,-20.031009499999982],[-53.95097959999998,-19.99848839999993],[-53.895568899999944,-19.995150799999976],[-53.92075449999999,-19.907177099999956],[-53.94826519999998,-19.86739229999995],[-53.96310809999994,-19.86154609999994],[-53.97205269999995,-19.83795129999993],[-53.96968909999998,-19.81585819999998],[-53.978182999999945,-19.78151889999998],[-53.99192259999995,-19.766556099999946],[-53.986860899999954,-19.750448399999982],[-53.99535019999996,-19.729422899999975],[-53.98491749999994,-19.721231599999953],[-53.965909899999986,-19.722493999999926],[-53.954642999999976,-19.709955099999945],[-53.92702039999995,-19.714402099999973],[-53.90434769999996,-19.702243499999952],[-53.86258749999996,-19.530281899999977],[-53.82248569999996,-19.55121429999997],[-53.79451549999993,-19.581379099999936],[-53.78269609999995,-19.61687569999998],[-53.72134479999994,-19.664260499999955],[-53.71038749999997,-19.68129669999996],[-53.648564599999986,-19.70782049999997],[-53.63395459999998,-19.740026899999975],[-53.600318899999934,-19.771652399999937],[-53.579353099999935,-19.77105839999996],[-53.56315269999993,-19.784432699999968],[-53.52154929999995,-19.781917499999963],[-53.49416169999995,-19.794271999999978],[-53.47123469999997,-19.788135199999942],[-53.453027299999974,-19.797867699999927],[-53.42471709999995,-19.784902699999975],[-53.40509289999994,-19.79156489999997],[-53.36664289999993,-19.877386199999933],[-53.34384109999996,-19.89093289999994],[-53.329466699999955,-19.886736799999937],[-53.314125299999944,-19.90050759999997],[-53.31423509999996,-19.91414579999997],[-53.29813439999998,-19.92711259999993],[-53.27565489999995,-19.976700799999946],[-53.25736249999994,-19.989743999999973],[-53.25404559999998,-20.00786379999994],[-53.239981899999975,-20.02149309999993],[-53.22361939999996,-20.02200659999994],[-53.17994109999995,-20.05925179999997],[-53.173107699999946,-20.092714199999932],[-53.151158599999974,-20.137805899999933],[-53.11799519999994,-20.15629999999993],[-53.11977989999997,-20.163094499999943],[-53.09554669999994,-20.191591699999947],[-53.088239699999974,-20.208944499999973],[-53.098850599999935,-20.239771099999928],[-53.06985899999995,-20.298623499999962],[-53.03164599999997,-20.33445679999994],[-53.009675399999935,-20.339332799999966],[-53.00746039999996,-20.34825369999993],[-52.970648799999935,-20.36412279999996],[-52.96239659999998,-20.376852999999983],[-52.954488599999934,-20.375163699999973],[-52.94331459999995,-20.405667799999947],[-52.93385129999996,-20.405613399999936],[-52.90045639999994,-20.446198299999935],[-52.86858709999996,-20.454340199999933],[-52.84327549999995,-20.511995999999954],[-52.81712479999993,-20.541359099999966],[-52.894203499999946,-20.61176379999995],[-52.964862299999936,-20.645400799999948],[-53.03875739999995,-20.65391569999997],[-53.085333299999945,-20.681349499999953],[-53.10278029999995,-20.674778999999944],[-53.128362799999934,-20.69013089999993],[-53.16743239999994,-20.688702099999944],[-53.17899539999996,-20.72273709999996],[-53.16692349999994,-20.759812799999963],[-53.175648499999966,-20.822970399999974],[-53.233973599999956,-20.877937299999928],[-53.26049869999997,-20.88829889999994],[-53.294180799999936,-20.952958299999977],[-53.28089369999998,-20.978772999999933],[-53.24562609999998,-20.99745189999993],[-53.218796199999986,-21.048990199999935],[-53.190485999999964,-21.068542299999933],[-53.17476769999996,-21.11110649999995],[-53.14066319999995,-21.14050409999993],[-53.143179799999984,-21.15772039999996],[-53.134546099999966,-21.169272299999932],[-53.13956839999997,-21.179141399999935],[-53.12792409999997,-21.21820359999998],[-53.13309869999995,-21.226710699999956],[-53.12537599999996,-21.23339379999993],[-53.12496429999993,-21.261314699999957],[-53.114416699999936,-21.268909099999973],[-53.11987289999996,-21.28299789999994],[-53.11464529999995,-21.303098999999975],[-53.09810229999994,-21.329560499999957],[-53.09588569999994,-21.351131299999963],[-53.05222619999995,-21.40825529999995],[-53.05174469999997,-21.42630079999998],[-53.06130689999998,-21.43211409999998],[-53.03602549999994,-21.48885089999993],[-53.04064029999995,-21.499813399999937],[-53.027579199999934,-21.496154699999977],[-53.02266529999997,-21.504542799999967],[-53.02796609999996,-21.519123499999978],[-53.014016099999935,-21.54915909999994],[-52.997329899999954,-21.63249689999998],[-53.02993539999994,-21.60728339999997],[-53.042956699999934,-21.61623389999994],[-53.08193649999998,-21.588734299999942],[-53.10537499999998,-21.584215399999948],[-53.119538499999976,-21.592661499999963],[-53.138202099999944,-21.57513689999996],[-53.15584709999996,-21.59285399999993],[-53.168961199999956,-21.589327499999968],[-53.18018829999994,-21.595811499999968],[-53.19010629999997,-21.57725469999997],[-53.20882789999996,-21.570753199999956],[-53.23015589999994,-21.58189249999998],[-53.23200589999993,-21.59276019999993],[-53.24413169999997,-21.59999289999996],[-53.24881809999994,-21.588476799999967],[-53.26318889999993,-21.582058899999936],[-53.27763059999995,-21.59254219999997],[-53.28666909999998,-21.583757599999956],[-53.30413869999995,-21.588695899999948],[-53.31515129999997,-21.581244399999946],[-53.319589399999984,-21.597983099999965],[-53.339111799999955,-21.597484299999962],[-53.34487999999993,-21.583600699999977],[-53.352680099999986,-21.585946999999976],[-53.36246639999996,-21.576149399999963],[-53.381700799999976,-21.57983829999995],[-53.376385599999935,-21.57577809999998],[-53.38238019999994,-21.56718049999995],[-53.39649609999998,-21.56966499999993],[-53.40225799999996,-21.56025109999996],[-53.41927029999994,-21.56565539999997],[-53.42856389999997,-21.552467899999954],[-53.439409499999954,-21.555737499999964],[-53.44345949999996,-21.574127999999973],[-53.46712269999995,-21.572158599999966],[-53.48985589999995,-21.588454799999965],[-53.49396699999994,-21.600020099999938],[-53.50973799999997,-21.587006199999962],[-53.54880819999994,-21.606615099999942],[-53.56600199999997,-21.600927299999967],[-53.57831559999994,-21.60977429999997],[-53.596140799999944,-21.60007559999997],[-53.58956159999997,-21.591342099999963],[-53.605152199999964,-21.59494989999996],[-53.62119719999998,-21.575447199999928],[-53.61482369999993,-21.56179389999994],[-53.60480169999994,-21.56434719999993],[-53.60044199999999,-21.554478099999983],[-53.611131899999975,-21.548557099999982],[-53.60389029999993,-21.53559379999996],[-53.61823489999995,-21.520105099999967],[-53.60653039999994,-21.502012899999954],[-53.61876819999998,-21.481438899999944],[-53.614680299999975,-21.47627659999995],[-53.63648189999998,-21.469127899999933],[-53.63959369999998,-21.461417899999958],[-53.632676499999945,-21.460728099999983],[-53.63970909999995,-21.457285599999977],[-53.63616069999995,-21.446526199999937],[-53.62462939999995,-21.43721849999997],[-53.631007899999986,-21.434428399999945],[-53.627680199999986,-21.423095399999966],[-53.617372899999964,-21.417497599999933],[-53.62324369999993,-21.410484699999927],[-53.612724499999956,-21.384713199999965],[-53.62124479999994,-21.382186399999966],[-53.61724499999997,-21.363075599999945],[-53.637513499999955,-21.340373899999975],[-53.633050999999966,-21.33076929999993],[-53.64012839999998,-21.328861399999937],[-53.647738699999934,-21.289373699999942],[-53.67964469999998,-21.237316799999974],[-53.68470169999995,-21.18051239999994],[-53.706059799999935,-21.15633859999997],[-53.72688709999994,-21.14585889999995],[-53.72688329999994,-21.132318699999928],[-53.73887869999999,-21.11765349999996],[-53.73550179999995,-21.107454899999937],[-53.75289529999998,-21.10298789999996],[-53.75866419999994,-21.08053629999995],[-53.787085899999965,-21.06956249999996],[-53.80452849999995,-21.07383619999996],[-53.82822809999993,-21.05072439999998],[-53.848014399999954,-21.04398679999997],[-53.85063029999998,-21.019322399999965],[-53.84388649999994,-21.016999599999963],[-53.861113899999964,-20.985211499999934]]]}},{"id":"5167","type":"Feature","properties":{"COD_IBGE":"5007208","MUNICIPIO":"Rio Brilhante","UF":"MS"},"geometry":{"type":"Polygon","coordinates":[[[-54.533420399999954,-21.911502199999973],[-54.54535329999993,-21.91424849999993],[-54.547514699999965,-21.902165399999944],[-54.55678769999997,-21.90265069999998],[-54.55996899999997,-21.91854569999998],[-54.57476399999996,-21.918907599999955],[-54.58440159999998,-21.929927799999973],[-54.589819499999976,-21.92227779999996],[-54.61920379999998,-21.928806399999928],[-54.63738749999993,-21.915787199999954],[-54.64835439999996,-21.933600299999966],[-54.66242139999997,-21.92486359999998],[-54.66575609999995,-21.937276399999973],[-54.656421199999954,-21.939891899999964],[-54.684603799999934,-21.94443689999997],[-54.68518409999996,-21.930357999999956],[-54.69966889999995,-21.91632249999998],[-54.67383959999995,-21.89890879999996],[-54.690679999999986,-21.894989299999963],[-54.68973129999995,-21.864105199999983],[-54.71465559999996,-21.878183499999977],[-54.73266869999998,-21.879213299999947],[-54.74389209999998,-21.897014299999967],[-54.76211999999998,-21.905205399999943],[-54.77249819999997,-21.873686799999973],[-54.78602719999998,-21.86760399999997],[-54.78206709999995,-21.849762099999964],[-54.79128239999994,-21.830461699999944],[-54.799760299999946,-21.82579919999995],[-54.813630899999964,-21.836486299999933],[-54.83669119999996,-21.822216499999968],[-54.83053179999996,-21.78817829999997],[-54.862555499999985,-21.780212699999936],[-54.85796769999996,-21.773595599999965],[-54.87022319999994,-21.765071899999953],[-54.87977139999998,-21.771122399999967],[-54.89569709999995,-21.759169699999973],[-54.89634049999995,-21.74651709999995],[-54.90849859999997,-21.75007819999996],[-54.92281239999994,-21.72886189999997],[-54.934618899999975,-21.72756499999997],[-54.939953499999945,-21.719924099999957],[-54.925738799999976,-21.716321499999935],[-54.91923099999997,-21.699780499999974],[-54.93954929999995,-21.700309199999936],[-54.935955099999944,-21.68276039999995],[-54.946717699999965,-21.691624399999966],[-54.95791959999997,-21.67180159999998],[-54.99746099999999,-21.66351149999997],[-54.98566949999997,-21.649090599999965],[-54.99499909999997,-21.64371509999995],[-54.98714579999995,-21.62329509999995],[-54.99491249999994,-21.61848059999994],[-55.01499159999997,-21.624764899999946],[-55.02582819999998,-21.610170099999948],[-55.017686899999944,-21.59438259999996],[-55.02584529999996,-21.59396769999995],[-55.02797449999997,-21.583654199999955],[-55.01795459999994,-21.560027699999978],[-55.01336199999997,-21.484583699999973],[-54.89257409999993,-21.337720099999956],[-54.864423099999954,-21.33695389999997],[-54.83646749999997,-21.352592799999968],[-54.82391689999997,-21.338296199999945],[-54.800922499999956,-21.34770679999997],[-54.79551319999996,-21.341837899999973],[-54.79114529999998,-21.341506799999934],[-54.78298769999998,-21.34735699999993],[-54.78518429999997,-21.367248399999937],[-54.77197739999997,-21.369980699999928],[-54.77013019999998,-21.378126599999973],[-54.699312599999985,-21.356818499999974],[-54.70627419999994,-21.374630399999944],[-54.68684469999994,-21.40752699999996],[-54.707984599999975,-21.42791669999997],[-54.692786199999944,-21.444068999999956],[-54.69720559999996,-21.451632699999948],[-54.66814119999998,-21.464803599999982],[-54.665373699999975,-21.480812299999968],[-54.67802939999996,-21.48041749999993],[-54.69048539999994,-21.49234119999994],[-54.681700699999965,-21.49769459999993],[-54.69480209999995,-21.501340699999957],[-54.68195309999999,-21.508246999999983],[-54.68594319999994,-21.51812259999997],[-54.67702699999995,-21.527835599999946],[-54.65438379999995,-21.523726499999952],[-54.663981399999955,-21.533325899999966],[-54.650270499999976,-21.544786599999952],[-54.59614929999998,-21.489953899999932],[-54.50946099999993,-21.527107199999932],[-54.49488729999996,-21.54207379999997],[-54.487277699999936,-21.566295099999934],[-54.46167889999998,-21.572924799999953],[-54.43672579999998,-21.59924719999998],[-54.424652599999945,-21.57803339999998],[-54.40553219999998,-21.569896099999937],[-54.37673849999993,-21.536277299999938],[-54.33370559999997,-21.51688429999996],[-54.333750099999975,-21.553283299999975],[-54.355267399999946,-21.57964949999996],[-54.34318859999996,-21.61380429999997],[-54.32591869999993,-21.632407499999943],[-54.31253629999998,-21.634484499999928],[-54.30224109999995,-21.651445099999933],[-54.292389999999955,-21.647017199999937],[-54.285717799999986,-21.660388599999976],[-54.27981059999996,-21.653244099999938],[-54.27026509999996,-21.664412399999947],[-54.27308579999993,-21.674767999999972],[-54.247719899999936,-21.68886169999996],[-54.23344279999998,-21.682641399999966],[-54.223677399999985,-21.688488099999972],[-54.208793499999956,-21.703385799999978],[-54.21287389999998,-21.717791699999964],[-54.20565499999998,-21.729078499999957],[-54.19161049999997,-21.72475179999998],[-54.18416559999997,-21.734908299999972],[-54.15683229999996,-21.733348499999977],[-54.137216799999976,-21.747105099999942],[-54.11783589999993,-21.738730799999928],[-54.110727199999985,-21.75261169999993],[-54.08904219999994,-21.74512729999998],[-54.058896499999946,-21.757574199999965],[-54.060888999999975,-21.767086399999982],[-54.04994689999995,-21.765165199999956],[-54.04142009999998,-21.77702519999997],[-54.03320629999996,-21.771480199999928],[-54.00917529999998,-21.78407679999998],[-53.992737699999964,-21.77748509999998],[-53.98017109999995,-21.80460019999998],[-53.962701299999935,-21.815076099999942],[-53.96136179999996,-21.83478649999995],[-53.952486299999975,-21.831371199999978],[-53.95419179999993,-21.849918499999944],[-53.962138299999935,-21.847249099999942],[-53.95768489999995,-21.854282199999943],[-53.92577629999994,-21.85628239999994],[-53.905881499999964,-21.86720459999998],[-53.90867149999997,-21.874219799999935],[-53.890662299999974,-21.898225999999966],[-53.90362049999993,-21.91086759999996],[-53.91492569999997,-21.897866199999953],[-53.94309849999996,-21.897248299999944],[-53.938630399999965,-21.909627899999975],[-53.95663899999994,-21.923470899999927],[-53.95177549999994,-21.91123289999996],[-53.96308689999995,-21.89568079999998],[-53.97256199999998,-21.911008299999935],[-53.99024939999998,-21.900680199999954],[-54.001557599999956,-21.908160799999962],[-54.026211599999954,-21.89659649999993],[-54.075543599999946,-21.905600799999945],[-54.06829849999997,-21.914823199999944],[-54.07469639999994,-21.928094199999975],[-54.106807499999945,-21.913957799999935],[-54.13278159999999,-21.930710099999942],[-54.12813339999997,-21.94735879999996],[-54.149508399999945,-21.93914929999994],[-54.167786999999976,-21.941708999999946],[-54.19016039999997,-21.92364299999997],[-54.20091129999997,-21.938991999999928],[-54.21286269999996,-21.93352619999996],[-54.22095249999995,-21.95345759999998],[-54.24120069999998,-21.94797399999993],[-54.24161859999998,-21.955938699999933],[-54.25584429999998,-21.962530499999957],[-54.26062219999994,-21.94976829999996],[-54.26885459999994,-21.948737199999982],[-54.27342689999995,-21.96616259999996],[-54.28516609999997,-21.93279689999997],[-54.30137259999998,-21.940258099999937],[-54.307789699999944,-21.93388669999996],[-54.326496099999986,-21.935288899999932],[-54.335054499999956,-21.951706999999942],[-54.336931799999945,-21.94563869999996],[-54.36339449999997,-21.947107899999935],[-54.36511279999996,-21.933893099999977],[-54.37265499999995,-21.948702699999956],[-54.37782619999996,-21.93167449999993],[-54.396275199999934,-21.92496269999998],[-54.409874799999955,-21.934252799999967],[-54.43549959999996,-21.924620999999945],[-54.42703529999994,-21.904496199999983],[-54.45115959999998,-21.900804299999947],[-54.45476419999994,-21.89260829999995],[-54.47299229999999,-21.892552499999965],[-54.49484099999995,-21.907477099999937],[-54.494724099999985,-21.931005399999947],[-54.508763499999986,-21.939354699999967],[-54.521960699999966,-21.935483399999953],[-54.533420399999954,-21.911502199999973]]]}},{"id":"5168","type":"Feature","properties":{"COD_IBGE":"5007307","MUNICIPIO":"Rio Negro","UF":"MS"},"geometry":{"type":"Polygon","coordinates":[[[-55.04080579999999,-19.612030199999936],[-55.05701639999995,-19.608890499999973],[-55.08482909999998,-19.63061829999998],[-55.14622799999995,-19.614304999999945],[-55.17398709999998,-19.594889099999932],[-55.241135199999974,-19.521397099999945],[-55.23993079999997,-19.500666299999978],[-55.22263259999994,-19.48969059999996],[-55.22137989999993,-19.463891399999966],[-55.206520499999954,-19.441250799999978],[-55.203930999999955,-19.41675719999995],[-55.18748889999995,-19.40422159999997],[-55.16347779999995,-19.403466999999978],[-55.14920099999995,-19.386335199999962],[-55.111905099999944,-19.369942899999955],[-55.12401169999998,-19.352960199999927],[-55.10004079999993,-19.33248729999997],[-55.091229699999985,-19.341087199999947],[-55.05240519999995,-19.347449499999982],[-55.04753929999998,-19.326859399999933],[-55.023215499999935,-19.308231899999953],[-55.02562169999993,-19.29783029999993],[-55.01897459999998,-19.300792099999967],[-55.01262899999995,-19.292679299999975],[-55.021159799999964,-19.289512299999956],[-55.00316349999997,-19.265290499999935],[-55.00871379999995,-19.25204309999998],[-54.98878259999998,-19.23343449999993],[-54.91035859999994,-19.233825899999943],[-54.89200869999996,-19.20828199999994],[-54.88134189999994,-19.20729549999993],[-54.87397919999995,-19.188729299999977],[-54.86116899999996,-19.18681209999994],[-54.789470999999935,-19.205107399999974],[-54.76628379999994,-19.22523149999995],[-54.741368199999954,-19.229202699999973],[-54.74898839999997,-19.265632799999935],[-54.71074039999996,-19.30332039999996],[-54.72439849999995,-19.31453319999997],[-54.747253599999965,-19.37549009999998],[-54.78217659999996,-19.425464999999974],[-54.77855489999996,-19.43670179999998],[-54.79490539999995,-19.45541989999998],[-54.799124699999936,-19.47612879999997],[-54.81816649999996,-19.490358399999934],[-54.812258499999984,-19.53597579999996],[-54.824243199999955,-19.593753999999933],[-54.83812899999998,-19.608093099999962],[-54.83859389999998,-19.647577199999944],[-54.89281119999998,-19.652417799999967],[-54.901404999999954,-19.679337199999964],[-54.934524599999975,-19.694657199999938],[-54.96970669999996,-19.684842599999968],[-54.99125389999995,-19.689739999999972],[-55.00038499999994,-19.700226999999927],[-55.024774099999945,-19.69960549999996],[-55.02752859999998,-19.67655259999998],[-55.037391699999944,-19.67959389999993],[-55.04774589999994,-19.65834719999998],[-55.03958439999997,-19.657269999999983],[-55.03890379999996,-19.63759479999993],[-55.051738899999975,-19.629410699999937],[-55.03311699999995,-19.62492119999996],[-55.04080579999999,-19.612030199999936]]]}},{"id":"5169","type":"Feature","properties":{"COD_IBGE":"5007406","MUNICIPIO":"Rio Verde de Mato Grosso","UF":"MS"},"geometry":{"type":"Polygon","coordinates":[[[-54.520808099999954,-18.84438309999996],[-54.49827269999997,-18.86025909999995],[-54.48240629999998,-18.859396799999956],[-54.482910999999945,-18.873717299999953],[-54.45997699999998,-18.89529909999993],[-54.441404499999976,-18.901417599999945],[-54.44801499999994,-18.91918359999994],[-54.42890049999994,-18.92862139999994],[-54.420596099999955,-18.94968179999995],[-54.39620569999994,-18.950790299999937],[-54.40070009999994,-18.97514639999997],[-54.39349119999997,-18.982029099999977],[-54.404303099999936,-18.98809209999996],[-54.40977549999997,-18.976821899999948],[-54.435130699999945,-18.97328749999997],[-54.43922189999995,-18.98446619999993],[-54.45437539999995,-18.973908799999947],[-54.486590699999965,-18.97977309999993],[-54.551731099999984,-18.953525999999954],[-54.56615409999995,-18.956875799999978],[-54.58244339999993,-18.974264999999946],[-54.63084599999996,-18.989450499999975],[-54.65095069999995,-19.007826199999954],[-54.69086629999998,-19.024158399999976],[-54.69761949999997,-19.046615199999962],[-54.72152159999996,-19.064621699999975],[-54.721560899999986,-19.098131799999976],[-54.753010899999936,-19.14047949999997],[-54.75721519999996,-19.160111899999947],[-54.78792299999998,-19.17188299999998],[-54.80532679999993,-19.201145199999928],[-54.871379299999944,-19.18705799999998],[-54.88134189999994,-19.20729549999993],[-54.89200869999996,-19.20828199999994],[-54.91035859999994,-19.233825899999943],[-54.993575299999975,-19.23572189999993],[-55.008788599999946,-19.252240299999983],[-55.003204299999936,-19.26538359999995],[-55.02026529999995,-19.282019599999956],[-55.02088029999993,-19.290420499999982],[-55.012665599999934,-19.292759099999955],[-55.01897459999998,-19.300792099999967],[-55.02574299999998,-19.297961199999975],[-55.02316769999993,-19.308163599999943],[-55.04750799999994,-19.326818599999967],[-55.05676479999994,-19.351015899999936],[-55.113608399999976,-19.326572899999974],[-55.13702179999996,-19.346269099999972],[-55.169984599999964,-19.33334489999993],[-55.200901199999976,-19.28802969999998],[-55.21761819999995,-19.27949629999995],[-55.22295849999995,-19.284979999999962],[-55.25135179999995,-19.25079359999995],[-55.27672819999998,-19.24893929999996],[-55.304368299999965,-19.257929399999966],[-55.309807399999954,-19.245471299999963],[-55.32936689999997,-19.23744259999995],[-55.35134799999997,-19.25051869999993],[-55.35191099999997,-19.264304399999958],[-55.379994599999975,-19.257693399999937],[-55.40006559999995,-19.26558579999994],[-55.42203509999996,-19.25775059999995],[-55.43370609999994,-19.23649409999996],[-55.464948799999945,-19.218648499999972],[-55.39900289999997,-18.582093699999973],[-55.30694289999997,-18.247448799999972],[-55.29149219999994,-18.24315329999996],[-55.281708899999956,-18.257522499999936],[-55.24936669999994,-18.22619789999993],[-55.24991419999998,-18.242901999999958],[-55.240845899999954,-18.253092799999934],[-55.23108229999997,-18.222739799999943],[-55.214066299999956,-18.238287699999944],[-55.20049519999998,-18.221834299999955],[-55.17778649999997,-18.237945899999943],[-55.17344479999997,-18.227568799999972],[-55.16208439999997,-18.233015999999964],[-55.14969699999995,-18.221140099999957],[-55.14091509999997,-18.238336499999946],[-55.10951719999997,-18.245829499999957],[-55.090781499999935,-18.278284499999927],[-55.07756699999993,-18.280479799999966],[-55.06881709999993,-18.26673549999998],[-55.06547669999998,-18.286663699999963],[-55.034406399999966,-18.29045789999998],[-55.04637789999998,-18.293974899999967],[-55.054322199999945,-18.30858889999996],[-55.053845699999954,-18.31869379999995],[-55.04115159999998,-18.317663799999934],[-55.04727449999996,-18.333803299999943],[-55.03224129999995,-18.32973819999995],[-55.029050799999936,-18.348321899999974],[-55.01360109999996,-18.34377029999996],[-54.99811519999997,-18.35206869999996],[-55.00692819999995,-18.359258799999964],[-54.98644369999994,-18.37161409999993],[-54.995207999999934,-18.38213109999998],[-54.99171579999995,-18.38906449999996],[-54.97365529999996,-18.39394459999994],[-54.973089699999946,-18.418409099999963],[-54.95939299999998,-18.412260199999935],[-54.95332289999993,-18.425487699999962],[-54.93409379999997,-18.43760539999994],[-54.91102119999994,-18.43530089999996],[-54.89106229999993,-18.449094599999967],[-54.880834499999935,-18.444153399999948],[-54.880379199999936,-18.42887369999994],[-54.87010559999993,-18.43864899999994],[-54.86191869999993,-18.42796029999994],[-54.84369399999997,-18.43530999999996],[-54.848649199999954,-18.42042809999998],[-54.82537259999998,-18.444622099999947],[-54.80596659999998,-18.446432999999956],[-54.80003709999994,-18.46528449999994],[-54.78344049999998,-18.469284999999957],[-54.75594979999994,-18.492582899999945],[-54.76436019999994,-18.50544169999995],[-54.75643299999996,-18.520642899999928],[-54.76256619999998,-18.579136799999958],[-54.73929499999997,-18.526954699999976],[-54.745844699999964,-18.553877899999975],[-54.730253199999936,-18.570127199999945],[-54.725159099999985,-18.59021169999994],[-54.692389299999945,-18.59484269999996],[-54.693087299999945,-18.601535999999953],[-54.681047199999966,-18.60142819999993],[-54.673618999999974,-18.61115049999995],[-54.62204989999998,-18.626244999999926],[-54.624959599999954,-18.643035699999928],[-54.613048799999945,-18.653583199999957],[-54.61409279999998,-18.671126199999946],[-54.573744799999986,-18.71155269999997],[-54.57930229999994,-18.733683199999973],[-54.56588069999998,-18.74433179999994],[-54.569333599999936,-18.762089299999957],[-54.52840349999997,-18.784023399999967],[-54.53082279999995,-18.801088899999968],[-54.51631649999996,-18.82008509999997],[-54.520808099999954,-18.84438309999996]]]}},{"id":"5170","type":"Feature","properties":{"COD_IBGE":"5007505","MUNICIPIO":"Rochedo","UF":"MS"},"geometry":{"type":"Polygon","coordinates":[[[-54.893087099999946,-19.97749179999994],[-54.895468999999935,-19.949818999999934],[-54.88192399999997,-19.947441199999957],[-54.886941399999955,-19.929689199999927],[-54.877667299999985,-19.920995199999936],[-54.870703799999944,-19.924439699999937],[-54.85027629999996,-19.897282599999983],[-54.84316249999995,-19.89904279999996],[-54.84262579999995,-19.88648479999995],[-54.834973599999955,-19.88693189999998],[-54.83397139999994,-19.871055099999978],[-54.84045679999997,-19.86610159999998],[-54.834052199999974,-19.839039199999945],[-54.81790929999994,-19.839663899999948],[-54.78346119999998,-19.798667099999932],[-54.76205239999996,-19.78783199999998],[-54.76217339999994,-19.780402299999935],[-54.73791159999996,-19.772020099999963],[-54.714481399999954,-19.777534299999957],[-54.704140999999936,-19.772356499999944],[-54.70279449999998,-19.779262899999935],[-54.676728999999966,-19.752784899999938],[-54.67858149999995,-19.76151539999995],[-54.66542479999998,-19.763329899999974],[-54.66217149999994,-19.75368889999993],[-54.652086199999985,-19.770494999999983],[-54.634992299999965,-19.876445599999954],[-54.61388999999997,-19.88202979999994],[-54.58339569999998,-19.868724699999973],[-54.51210949999995,-19.873822099999927],[-54.49418829999996,-19.86590709999996],[-54.47913479999994,-19.879859499999952],[-54.46042209999996,-19.881151199999977],[-54.45172919999993,-19.92658689999996],[-54.459549799999934,-19.948045099999945],[-54.44883319999997,-19.980909099999963],[-54.431379799999945,-19.98755979999993],[-54.407406299999934,-19.979637399999945],[-54.393515899999954,-19.99654279999993],[-54.40912549999996,-20.032314699999972],[-54.500756499999966,-20.00070409999995],[-54.522763399999974,-20.019930599999952],[-54.538972799999954,-20.019199499999957],[-54.54515999999995,-20.009740799999975],[-54.57028049999997,-20.025377999999932],[-54.579557199999954,-20.01324539999996],[-54.62382719999994,-20.013729599999976],[-54.64146389999996,-20.000962899999934],[-54.663144399999965,-20.010234199999957],[-54.67289759999994,-20.006438599999967],[-54.67611659999994,-20.01522579999994],[-54.709905299999946,-20.016052299999956],[-54.73828439999994,-20.04589089999996],[-54.76262389999994,-20.044655099999943],[-54.78154579999995,-20.172668999999928],[-54.84819659999994,-20.167235699999935],[-54.85938729999998,-20.17397959999994],[-54.86232149999995,-20.199688799999933],[-54.902449599999954,-20.209060699999952],[-54.916828099999975,-20.20569759999995],[-54.91518279999997,-20.196255699999938],[-54.923563299999955,-20.192463999999973],[-54.93591019999997,-20.195138199999974],[-54.94582389999994,-20.174420899999973],[-54.96080439999997,-20.166464599999927],[-54.97309039999993,-20.173212099999944],[-54.994460999999944,-20.164402799999948],[-54.99460179999994,-20.15739439999993],[-54.999150499999985,-20.162677499999972],[-55.00992439999993,-20.15521309999997],[-55.038949499999944,-20.159879199999978],[-55.048931599999946,-20.144249899999977],[-55.02883029999998,-20.125119299999938],[-55.019154199999946,-20.132353499999965],[-55.015150999999946,-20.12083709999996],[-54.99785029999998,-20.127608099999975],[-54.995364999999936,-20.112675299999978],[-54.97793569999993,-20.10628769999994],[-54.97339699999998,-20.092810199999974],[-54.954229399999974,-20.09412539999994],[-54.95620969999993,-20.080895399999974],[-54.935879099999966,-20.069014099999947],[-54.927200599999935,-20.054080299999953],[-54.91831369999994,-20.056230099999937],[-54.927367699999934,-20.04829579999995],[-54.91218539999994,-20.04280449999993],[-54.92922579999998,-20.04022889999993],[-54.92660409999996,-20.023130799999933],[-54.91535909999993,-20.01874859999998],[-54.91169469999994,-20.00174809999993],[-54.90405309999994,-20.00527619999997],[-54.89744439999998,-19.998072299999933],[-54.906120499999986,-19.989469499999927],[-54.893087099999946,-19.97749179999994]]]}},{"id":"5171","type":"Feature","properties":{"COD_IBGE":"5007554","MUNICIPIO":"Santa Rita do Pardo","UF":"MS"},"geometry":{"type":"Polygon","coordinates":[[[-52.820298099999945,-21.66868599999998],[-52.839846199999954,-21.67298919999996],[-52.882884599999954,-21.656999499999927],[-52.93447199999997,-21.666607399999975],[-52.95201399999996,-21.653370199999927],[-52.97842039999995,-21.65370539999998],[-52.99326639999998,-21.640003699999966],[-53.01515819999997,-21.545082799999932],[-53.02796609999996,-21.519123499999978],[-53.02266529999997,-21.504542799999967],[-53.027579199999934,-21.496154699999977],[-53.04064029999995,-21.499813399999937],[-53.03602549999994,-21.48885089999993],[-53.06130689999998,-21.43211409999998],[-53.05174469999997,-21.42630079999998],[-53.05222619999995,-21.40825529999995],[-53.09588569999994,-21.351131299999963],[-53.09810229999994,-21.329560499999957],[-53.11464529999995,-21.303098999999975],[-53.11987289999996,-21.28299789999994],[-53.114416699999936,-21.268909099999973],[-53.12496429999993,-21.261314699999957],[-53.12537599999996,-21.23339379999993],[-53.13309869999995,-21.226710699999956],[-53.12792409999997,-21.21820359999998],[-53.13956839999997,-21.179141399999935],[-53.134546099999966,-21.169272299999932],[-53.143179799999984,-21.15772039999996],[-53.14066319999995,-21.14050409999993],[-53.17476769999996,-21.11110649999995],[-53.190485999999964,-21.068542299999933],[-53.218796199999986,-21.048990199999935],[-53.24562609999998,-20.99745189999993],[-53.27010839999997,-20.988284199999953],[-53.29257409999997,-20.95960839999998],[-53.29144389999993,-20.941945999999973],[-53.27678929999996,-20.92850169999997],[-53.26049869999997,-20.88829889999994],[-53.233973599999956,-20.877937299999928],[-53.175648499999966,-20.822970399999974],[-53.16692349999994,-20.759812799999963],[-53.17899539999996,-20.72273709999996],[-53.166017099999976,-20.68778329999998],[-53.114433099999985,-20.689435199999934],[-53.09381109999998,-20.70990649999993],[-53.039565599999946,-20.73628309999998],[-53.020050599999934,-20.783105499999976],[-53.02127449999995,-20.81417879999998],[-52.997157899999934,-20.859884299999976],[-52.961144099999956,-20.87334519999996],[-52.930851099999984,-20.90949269999993],[-52.88568529999998,-20.94247439999998],[-52.83850179999996,-20.963606699999957],[-52.783696099999986,-21.013984499999935],[-52.72768759999997,-21.049449299999935],[-52.67997819999994,-21.102445399999965],[-52.61271459999995,-21.14888049999996],[-52.59010449999994,-21.190179199999932],[-52.56619479999995,-21.20313669999996],[-52.551174799999956,-21.249607699999956],[-52.528347199999985,-21.27088109999994],[-52.47816069999993,-21.354371799999967],[-52.45932069999998,-21.362078399999973],[-52.43137029999997,-21.389740999999958],[-52.420019199999956,-21.38821969999998],[-52.38422529999997,-21.408257499999934],[-52.358083599999986,-21.43493469999993],[-52.35242299999993,-21.45393699999994],[-52.32435859999998,-21.47626589999993],[-52.28855269999997,-21.47357829999993],[-52.27889079999994,-21.48502129999997],[-52.269707799999935,-21.48440789999995],[-52.24493209999997,-21.51270009999996],[-52.223653199999944,-21.518582599999945],[-52.22394769999994,-21.537105699999927],[-52.211253599999964,-21.545324199999982],[-52.19371639999997,-21.539470499999936],[-52.18847839999995,-21.55786029999996],[-52.17117489999998,-21.562265799999977],[-52.161523099999954,-21.58373339999997],[-52.10216409999998,-21.569813499999952],[-52.068875599999956,-21.59810749999997],[-52.04832279999994,-21.650605799999937],[-52.07649239999995,-21.714880199999982],[-52.10286519999994,-21.74529119999994],[-52.14004879999993,-21.75573019999996],[-52.16126179999998,-21.77077369999995],[-52.17380499999996,-21.744519999999966],[-52.167281299999956,-21.73619259999998],[-52.17700279999997,-21.730353799999932],[-52.172434099999975,-21.706919599999935],[-52.19154019999996,-21.687928799999952],[-52.196316499999966,-21.669525499999963],[-52.25700969999997,-21.632798699999967],[-52.290287199999966,-21.64526019999994],[-52.310337199999935,-21.63121099999995],[-52.321682099999975,-21.640981299999964],[-52.33740869999997,-21.63987659999998],[-52.38510599999995,-21.660221599999943],[-52.39619389999996,-21.671011299999975],[-52.48986569999994,-21.688419599999975],[-52.50695399999995,-21.706520199999943],[-52.51603629999994,-21.69893899999994],[-52.539111599999956,-21.712693599999966],[-52.628604999999936,-21.70823249999995],[-52.64162569999996,-21.723191199999974],[-52.66030519999998,-21.722360799999933],[-52.690803399999936,-21.73949669999996],[-52.73388609999995,-21.726805399999932],[-52.820298099999945,-21.66868599999998]]]}},{"id":"5172","type":"Feature","properties":{"COD_IBGE":"5007695","MUNICIPIO":"São Gabriel do Oeste","UF":"MS"},"geometry":{"type":"Polygon","coordinates":[[[-54.37762189999995,-19.415992099999983],[-54.37147589999995,-19.426309999999944],[-54.389236799999935,-19.461357499999963],[-54.42979049999997,-19.47633989999997],[-54.43755479999999,-19.523859699999946],[-54.43064769999995,-19.553308999999956],[-54.46818669999993,-19.53981269999997],[-54.489823299999955,-19.562498199999936],[-54.503317599999946,-19.558068799999944],[-54.51288949999997,-19.53783329999993],[-54.551205299999936,-19.531324299999937],[-54.58624269999996,-19.563430099999948],[-54.627430499999946,-19.56056099999995],[-54.63916359999996,-19.578002599999934],[-54.676210899999944,-19.596892199999957],[-54.69714229999994,-19.58998669999994],[-54.72264339999998,-19.597765299999935],[-54.723906599999964,-19.577941599999974],[-54.733122299999934,-19.56879509999993],[-54.72800659999996,-19.559703699999943],[-54.73681399999998,-19.552895599999943],[-54.73092879999996,-19.54365249999995],[-54.74906349999998,-19.532366699999955],[-54.73247679999997,-19.50877399999996],[-54.786273999999935,-19.472879199999966],[-54.79490539999995,-19.45541989999998],[-54.747253599999965,-19.37549009999998],[-54.72439849999995,-19.31453319999997],[-54.71074039999996,-19.30332039999996],[-54.74898839999997,-19.265632799999935],[-54.741368199999954,-19.229202699999973],[-54.76628379999994,-19.22523149999995],[-54.80532679999993,-19.201145199999928],[-54.80550649999998,-19.19346879999995],[-54.786095399999965,-19.170405199999948],[-54.75721519999996,-19.160111899999947],[-54.753010899999936,-19.14047949999997],[-54.721560899999986,-19.098131799999976],[-54.72152159999996,-19.064621699999975],[-54.69761949999997,-19.046615199999962],[-54.69086629999998,-19.024158399999976],[-54.65095069999995,-19.007826199999954],[-54.60914699999995,-18.97846979999997],[-54.57609249999996,-18.97098449999993],[-54.558061899999984,-18.95436479999995],[-54.486482499999966,-18.979791899999952],[-54.45437539999995,-18.973908799999947],[-54.43922189999995,-18.98446619999993],[-54.435130699999945,-18.97328749999997],[-54.40977549999997,-18.976821899999948],[-54.404303099999936,-18.98809209999996],[-54.39335029999995,-18.981852999999944],[-54.40070009999994,-18.97514639999997],[-54.39620569999994,-18.950790299999937],[-54.420596099999955,-18.94968179999995],[-54.42890049999994,-18.92862139999994],[-54.44801499999994,-18.91918359999994],[-54.441493299999934,-18.90132159999996],[-54.45997699999998,-18.89529909999993],[-54.482910999999945,-18.873717299999953],[-54.482482499999946,-18.859343699999954],[-54.49806029999996,-18.860333499999967],[-54.52062579999995,-18.846880299999953],[-54.51631649999996,-18.82008509999997],[-54.53082279999995,-18.801088899999968],[-54.528371799999945,-18.784096699999964],[-54.569333599999936,-18.762089299999957],[-54.56588069999998,-18.74433179999994],[-54.57930229999994,-18.733683199999973],[-54.574033499999985,-18.712270899999965],[-54.53237729999995,-18.72523099999995],[-54.47550529999995,-18.729277999999965],[-54.455303399999934,-18.72049839999994],[-54.44597989999994,-18.72926469999993],[-54.42481759999998,-18.71002599999997],[-54.393262499999935,-18.704976899999963],[-54.36752749999994,-18.718740599999933],[-54.34145149999995,-18.717488999999944],[-54.32683149999997,-18.73303679999998],[-54.300972799999954,-18.737768899999935],[-54.26047659999995,-18.791171299999974],[-54.25884589999998,-18.83345369999995],[-54.24074879999995,-18.86076849999995],[-54.212436099999934,-18.884102799999937],[-54.193065899999965,-18.939452999999958],[-54.19978219999996,-18.95655869999996],[-54.189892999999984,-18.976298199999974],[-54.18619339999998,-19.02261109999995],[-54.20284699999996,-19.03073379999995],[-54.20518499999997,-19.04770689999998],[-54.23463069999997,-19.033238799999936],[-54.25818199999998,-19.04046859999994],[-54.24159999999995,-19.05312329999998],[-54.25416579999995,-19.078804699999978],[-54.22981469999996,-19.08824169999997],[-54.241952599999934,-19.108852999999954],[-54.22669039999994,-19.12038039999993],[-54.20537369999994,-19.120833199999936],[-54.21629709999996,-19.12672589999994],[-54.22066129999996,-19.157358099999954],[-54.208141599999976,-19.169452999999976],[-54.219421599999976,-19.184820099999968],[-54.196446099999946,-19.193986799999948],[-54.20924779999996,-19.196949399999937],[-54.21243939999994,-19.20951199999996],[-54.19287259999999,-19.219680099999948],[-54.20508819999998,-19.227252799999974],[-54.19736579999994,-19.236242299999958],[-54.210430299999985,-19.24188929999997],[-54.206016499999976,-19.25297379999995],[-54.25063339999997,-19.25767589999998],[-54.253263999999945,-19.271028299999955],[-54.274654099999964,-19.29065309999993],[-54.27571759999995,-19.313924399999962],[-54.29825009999996,-19.313320699999963],[-54.31766479999993,-19.324364199999934],[-54.316757199999984,-19.41096129999994],[-54.32843459999998,-19.41103419999996],[-54.32969389999994,-19.417223699999965],[-54.351563399999975,-19.409180499999934],[-54.35486499999996,-19.41810739999994],[-54.37762189999995,-19.415992099999983]]]}},{"id":"5173","type":"Feature","properties":{"COD_IBGE":"5007703","MUNICIPIO":"Sete Quedas","UF":"MS"},"geometry":{"type":"Polygon","coordinates":[[[-54.998589299999935,-23.95758929999994],[-55.05128529999996,-23.98055889999995],[-55.06233149999997,-23.99328859999997],[-55.07286149999993,-23.97995489999994],[-55.09035759999995,-23.982574599999964],[-55.10717159999996,-23.961946999999952],[-55.13807289999994,-23.98695699999996],[-55.155947899999944,-23.98315109999993],[-55.17865879999994,-23.993798699999957],[-55.19842029999995,-23.986693599999967],[-55.20692429999997,-24.003602499999943],[-55.229040199999986,-24.013966599999947],[-55.26202299999994,-23.99170859999998],[-55.27120099999996,-23.92563739999997],[-55.23644859999996,-23.920440999999983],[-55.24536949999998,-23.899230699999976],[-55.24630909999996,-23.88531059999997],[-55.239144099999976,-23.88303439999993],[-55.274171499999966,-23.84874089999994],[-55.27983899999998,-23.826203199999952],[-55.248256399999946,-23.805273799999952],[-55.20014039999995,-23.80247939999998],[-55.19225209999996,-23.79164549999996],[-55.13161749999995,-23.76822039999996],[-55.13356029999994,-23.77425549999998],[-55.11032789999996,-23.781694999999957],[-55.10592849999995,-23.79713499999997],[-55.08074319999997,-23.82237589999994],[-55.07617449999998,-23.841771499999936],[-55.04494089999997,-23.839244899999983],[-55.03393689999996,-23.85659419999996],[-55.02469169999995,-23.853179199999943],[-54.99899129999994,-23.874344899999983],[-55.00441699999993,-23.888332799999944],[-54.99749869999994,-23.892636599999946],[-54.985015299999986,-23.874373399999968],[-54.96541759999997,-23.86530019999998],[-54.96266119999996,-23.847582199999977],[-54.951058399999965,-23.853154699999948],[-54.94215509999998,-23.839451699999927],[-54.92393029999994,-23.84369479999998],[-54.89990739999996,-23.82390259999994],[-54.87915669999995,-23.83435339999994],[-54.86924839999995,-23.819571199999928],[-54.79729179999998,-23.793208999999933],[-54.79056069999996,-23.77795109999994],[-54.786151099999984,-23.783231099999966],[-54.75751489999993,-23.76301209999997],[-54.74089379999998,-23.76372729999997],[-54.71819339999996,-23.733920199999943],[-54.709694199999944,-23.736459899999943],[-54.683786699999985,-23.830502499999966],[-54.698573099999976,-23.841996799999947],[-54.69793439999995,-23.857772199999943],[-54.70518339999995,-23.864606299999934],[-54.74529249999995,-23.868708399999946],[-54.759109499999965,-23.856741099999965],[-54.76404949999994,-23.866211499999963],[-54.796067799999946,-23.86993689999997],[-54.814320399999986,-23.890427699999975],[-54.83632049999994,-23.883916399999976],[-54.84979169999997,-23.897002999999927],[-54.84990819999996,-23.908224399999938],[-54.87353269999994,-23.90926369999994],[-54.88511569999997,-23.896998999999937],[-54.89359099999996,-23.910765899999944],[-54.90868789999996,-23.911370399999953],[-54.913275399999975,-23.922149899999965],[-54.926877099999956,-23.92481399999997],[-54.92707969999998,-23.961828799999978],[-54.94114109999998,-23.968514899999946],[-54.998589299999935,-23.95758929999994]]]}},{"id":"5174","type":"Feature","properties":{"COD_IBGE":"5007802","MUNICIPIO":"Selvíria","UF":"MS"},"geometry":{"type":"Polygon","coordinates":[[[-51.847654999999975,-20.005731499999968],[-51.78044479999994,-19.912706999999955],[-51.75767209999998,-19.989052999999956],[-51.762041899999986,-20.017913199999953],[-51.75112699999994,-20.033911199999977],[-51.73044859999993,-20.032821199999944],[-51.67076579999997,-20.058341499999926],[-51.65217709999996,-20.087359499999934],[-51.628285999999946,-20.101500399999964],[-51.624001599999986,-20.120536999999956],[-51.596587099999965,-20.152611699999966],[-51.58138999999994,-20.158183299999962],[-51.562351999999976,-20.189026599999977],[-51.50172479999998,-20.240642899999955],[-51.45252849999997,-20.257321299999944],[-51.41664569999995,-20.291838299999938],[-51.36248399999994,-20.32026639999998],[-51.34354689999998,-20.35563499999995],[-51.409279599999934,-20.45957059999995],[-51.44436809999996,-20.478917099999933],[-51.46378269999997,-20.50145269999996],[-51.50022229999996,-20.56821629999996],[-51.567631699999936,-20.618324899999948],[-51.58127079999997,-20.621617499999957],[-51.58320979999996,-20.596171599999934],[-51.61422019999998,-20.579597099999944],[-51.624877099999935,-20.55329949999998],[-51.660275499999955,-20.50745399999994],[-51.67611769999996,-20.492371899999966],[-51.699478699999986,-20.49059749999998],[-51.72255649999994,-20.454733499999975],[-51.75131899999997,-20.435694099999978],[-51.78907259999994,-20.449112299999967],[-51.83287759999996,-20.443387599999937],[-51.85956369999997,-20.46109809999996],[-51.873916099999974,-20.482666499999937],[-51.89652239999998,-20.480440999999928],[-51.92748459999996,-20.524234699999965],[-51.93294999999995,-20.522073499999976],[-51.95031799999998,-20.51234839999995],[-51.96725139999995,-20.483854899999983],[-51.98624029999996,-20.48261519999994],[-51.986123299999974,-20.471459299999935],[-52.01256479999995,-20.461081699999966],[-52.00547459999996,-20.431092299999932],[-52.04734769999993,-20.38777659999994],[-52.055915099999936,-20.365241199999957],[-52.06737609999993,-20.362168899999972],[-52.06985229999998,-20.326460699999927],[-52.08050869999994,-20.30548079999994],[-52.07540199999994,-20.288975299999947],[-52.09150639999996,-20.280803099999957],[-52.08210669999994,-20.26828329999995],[-52.09597059999999,-20.252260499999977],[-52.08520039999996,-20.22365069999995],[-52.09176869999993,-20.210750099999927],[-52.085027699999955,-20.19529019999993],[-52.100913799999944,-20.17513859999997],[-52.10773999999998,-20.14350879999995],[-52.12042939999998,-20.132217699999956],[-52.10740889999994,-20.12271119999997],[-52.10113499999994,-20.09688669999997],[-52.08298599999995,-20.07912099999993],[-52.057587499999954,-20.073325099999977],[-52.03357179999995,-20.042483499999946],[-51.99598679999997,-20.026307199999962],[-51.89603469999997,-20.024654399999974],[-51.87059229999994,-20.00311439999996],[-51.847654999999975,-20.005731499999968]]]}},{"id":"5175","type":"Feature","properties":{"COD_IBGE":"5007901","MUNICIPIO":"Sidrolândia","UF":"MS"},"geometry":{"type":"Polygon","coordinates":[[[-55.066009399999984,-20.742433999999946],[-54.99747499999995,-20.75768419999997],[-54.97532529999995,-20.77604169999995],[-54.95441569999997,-20.768578699999978],[-54.93572459999996,-20.78293569999994],[-54.90799109999995,-20.783067899999935],[-54.89499999999998,-20.766271399999937],[-54.88129969999994,-20.76380869999997],[-54.86934389999993,-20.783548999999937],[-54.82340399999998,-20.778328399999964],[-54.81629899999996,-20.740768799999955],[-54.792708999999945,-20.71679869999997],[-54.76963249999994,-20.694075699999928],[-54.742916899999955,-20.69664169999993],[-54.71269029999996,-20.727260499999943],[-54.72073309999996,-20.74412239999998],[-54.69559389999995,-20.77160779999997],[-54.708456499999954,-20.792499199999952],[-54.69727949999998,-20.795463199999972],[-54.70150259999997,-20.806734999999946],[-54.69347929999998,-20.81094769999993],[-54.71052539999994,-20.82969449999996],[-54.69488709999996,-20.826564299999973],[-54.70576029999995,-20.833482699999934],[-54.692976999999985,-20.845060099999955],[-54.695023299999946,-20.85974049999993],[-54.686733799999956,-20.86019159999995],[-54.68395009999995,-20.873280699999953],[-54.67416019999996,-20.87011789999997],[-54.68356469999998,-20.88928249999998],[-54.64439969999995,-20.89411149999995],[-54.63753189999994,-20.88892869999995],[-54.63702729999994,-20.90507679999996],[-54.629566599999976,-20.90979109999995],[-54.605461299999945,-20.90281509999994],[-54.60523699999993,-20.91658899999993],[-54.59035159999996,-20.918391799999938],[-54.56622539999995,-20.95003209999993],[-54.538048799999956,-20.96667869999993],[-54.52794189999997,-20.957499299999938],[-54.529009299999984,-20.973139299999957],[-54.51527429999993,-20.981482099999937],[-54.51948209999995,-20.99560239999994],[-54.50683109999994,-20.99413039999996],[-54.48224509999994,-21.122511999999972],[-54.50191279999996,-21.130876499999943],[-54.52157509999995,-21.12717779999997],[-54.559049699999946,-21.148341399999936],[-54.516237599999954,-21.20948139999996],[-54.57352869999994,-21.23909679999997],[-54.58332939999997,-21.260026299999936],[-54.59956089999997,-21.26285749999994],[-54.644371199999966,-21.302654299999972],[-54.67424489999996,-21.30604479999994],[-54.68235439999995,-21.34638769999998],[-54.77013019999998,-21.378126599999973],[-54.77197739999997,-21.369980699999928],[-54.78518429999997,-21.367248399999937],[-54.78298769999998,-21.34735699999993],[-54.79114529999998,-21.341506799999934],[-54.800922499999956,-21.34770679999997],[-54.82391689999997,-21.338296199999945],[-54.83646749999997,-21.352592799999968],[-54.864423099999954,-21.33695389999997],[-54.89257409999993,-21.337720099999956],[-55.01336199999997,-21.484583699999973],[-55.01795459999994,-21.560027699999978],[-55.02791609999997,-21.585984699999983],[-55.044110399999965,-21.566222099999948],[-55.044681999999966,-21.58152599999994],[-55.058651699999984,-21.586574199999973],[-55.063815699999964,-21.557207999999946],[-55.08842549999997,-21.55890789999995],[-55.08685129999998,-21.56579359999995],[-55.09630779999998,-21.57136989999998],[-55.10537769999996,-21.554049299999974],[-55.10331549999995,-21.539280099999928],[-55.13973969999995,-21.533492899999942],[-55.120009599999946,-21.521005199999934],[-55.12625049999997,-21.505513899999983],[-55.13752139999997,-21.511801699999978],[-55.14683459999998,-21.503581999999938],[-55.13844489999997,-21.499139299999968],[-55.140027799999984,-21.47898669999995],[-55.14923059999995,-21.474666599999978],[-55.15531519999996,-21.48549429999997],[-55.173176499999954,-21.480092499999955],[-55.16712639999997,-21.46073659999996],[-55.19120749999996,-21.44662429999994],[-55.194448799999975,-21.45995449999998],[-55.21072079999993,-21.44201039999996],[-55.21206369999993,-21.427864599999964],[-55.239712199999985,-21.417476699999952],[-55.236489699999936,-21.408200999999963],[-55.25614779999995,-21.409090399999968],[-55.26993509999994,-21.40066509999997],[-55.26711549999993,-21.392012499999964],[-55.28466019999996,-21.36679769999995],[-55.28505269999994,-21.35408019999994],[-55.298078499999974,-21.343849599999942],[-55.28091829999994,-21.318493899999964],[-55.302921699999956,-21.30252969999998],[-55.293731399999956,-21.265446899999972],[-55.30046749999997,-21.248874199999932],[-55.319499399999984,-21.242118799999957],[-55.31365559999995,-21.209510299999977],[-55.328565399999945,-21.198118699999952],[-55.320730699999956,-21.178333099999975],[-55.33056259999995,-21.17469609999995],[-55.31605769999993,-21.168704799999944],[-55.30628879999995,-21.137029799999937],[-55.32149059999995,-21.116467899999975],[-55.30752839999997,-21.105686599999956],[-55.30722339999994,-21.08091879999995],[-55.29396989999998,-21.06843189999995],[-55.29438649999997,-21.054759499999932],[-55.27913929999994,-21.035735599999953],[-55.27287979999994,-21.011400099999946],[-55.207727699999964,-21.035509599999955],[-55.208267099999944,-21.003095599999938],[-55.183082499999955,-20.98993829999995],[-55.20182969999996,-20.96421399999997],[-55.20196139999996,-20.895929799999976],[-55.19287989999998,-20.877745199999936],[-55.16456919999996,-20.860691199999962],[-55.17049179999998,-20.841719099999978],[-55.153450299999975,-20.826430699999946],[-55.15147769999999,-20.802344799999958],[-55.175852299999974,-20.737318899999934],[-55.20491999999996,-20.72188609999995],[-55.208695999999975,-20.696150299999942],[-55.222343199999955,-20.690984799999967],[-55.21008679999994,-20.66939949999994],[-55.217939599999966,-20.652256499999964],[-55.20845699999995,-20.631826199999978],[-55.211930999999936,-20.620644399999946],[-55.19993159999996,-20.60882429999998],[-55.208736199999976,-20.58815469999996],[-55.193070699999964,-20.584655399999974],[-55.17587119999996,-20.604025399999955],[-55.16022819999995,-20.601751699999966],[-55.12739579999993,-20.62557469999996],[-55.11693759999997,-20.623468699999933],[-55.10589269999997,-20.648532099999954],[-55.091864999999984,-20.65286059999994],[-55.082478899999956,-20.670411799999954],[-55.08910649999996,-20.675141999999937],[-55.07986189999997,-20.68919829999993],[-55.08495579999993,-20.69587669999993],[-55.07603139999998,-20.698540999999977],[-55.08231889999996,-20.71963349999993],[-55.071675899999946,-20.721657599999958],[-55.066009399999984,-20.742433999999946]]]}},{"id":"5176","type":"Feature","properties":{"COD_IBGE":"5007935","MUNICIPIO":"Sonora","UF":"MS"},"geometry":{"type":"Polygon","coordinates":[[[-54.07703759999998,-17.61501069999997],[-54.073269299999936,-17.587801299999967],[-54.05529859999996,-17.57034169999997],[-54.04590799999994,-17.53722739999995],[-54.058077099999934,-17.513129299999946],[-54.04124619999993,-17.50052359999995],[-54.03763779999997,-17.48644879999995],[-53.99499429999997,-17.46839579999994],[-53.973050099999966,-17.472243999999932],[-53.95224669999993,-17.45933739999998],[-53.87843879999997,-17.375198599999976],[-53.83326809999994,-17.357110199999966],[-53.83496299999996,-17.33576039999997],[-53.82007269999997,-17.29461569999995],[-53.78571329999994,-17.28751509999995],[-53.759078399999964,-17.243142499999976],[-53.733209999999985,-17.23090179999997],[-53.69449569999995,-17.23398389999994],[-53.692458199999976,-17.24646359999997],[-53.680074899999966,-17.253569699999957],[-53.70388529999997,-17.661344499999927],[-53.70932579999993,-17.66564349999993],[-53.73368359999995,-17.66297549999996],[-53.765412399999946,-17.67184709999998],[-53.77794739999996,-17.668059099999937],[-53.788741699999946,-17.65099179999993],[-53.80954819999994,-17.653532199999972],[-53.81787099999997,-17.665166399999976],[-53.83037909999996,-17.636595599999964],[-53.85075039999998,-17.642962999999952],[-53.85294929999998,-17.652612199999965],[-53.864295399999946,-17.64909979999993],[-53.87118349999997,-17.660807099999943],[-53.89640379999997,-17.650636499999962],[-53.909834099999955,-17.671715399999982],[-53.88818189999995,-17.67310679999997],[-53.88051169999994,-17.68164919999998],[-53.889968599999975,-17.68842159999997],[-53.874900199999956,-17.69224369999995],[-53.890773399999944,-17.70184969999997],[-53.898360699999955,-17.699365099999966],[-53.90513939999994,-17.67641969999994],[-53.91499459999994,-17.694481199999927],[-53.92823079999994,-17.69390119999997],[-53.91951149999994,-17.67208329999994],[-53.945496899999966,-17.672831299999928],[-53.93040289999993,-17.67125189999996],[-53.927617199999986,-17.662350999999944],[-53.938259399999936,-17.660041999999976],[-53.92937429999995,-17.65185699999995],[-53.94818689999994,-17.653960299999937],[-53.94564889999998,-17.645758399999977],[-53.95632839999996,-17.645215999999948],[-53.95804629999998,-17.63430969999996],[-53.972988499999985,-17.650809799999934],[-53.973510499999975,-17.643437699999936],[-53.99178139999998,-17.63725359999995],[-53.99737369999997,-17.648038799999938],[-53.990531199999964,-17.65141269999998],[-54.00351359999996,-17.65913699999993],[-53.99323689999994,-17.661312899999928],[-53.989287599999955,-17.672500299999967],[-54.02247339999997,-17.670330899999954],[-54.01536109999995,-17.665667199999973],[-54.02072689999994,-17.65637529999998],[-54.01252959999994,-17.65265389999996],[-54.01561369999996,-17.645358399999964],[-54.02568279999997,-17.65235389999998],[-54.03087259999995,-17.64189609999994],[-54.04350649999998,-17.646059999999977],[-54.04546759999994,-17.63855979999994],[-54.05132929999996,-17.63806479999994],[-54.056883099999936,-17.668667399999947],[-54.067291799999964,-17.663063699999952],[-54.063832099999956,-17.64919009999994],[-54.07642739999994,-17.650982599999963],[-54.07776839999997,-17.65867309999993],[-54.08383989999999,-17.654190099999937],[-54.07344899999998,-17.66930949999994],[-54.10171409999998,-17.66494819999997],[-54.084894299999974,-17.68296239999995],[-54.08787829999994,-17.693171999999947],[-54.10419989999997,-17.681910999999957],[-54.12108439999997,-17.685227399999974],[-54.12278109999994,-17.69862519999998],[-54.11385999999993,-17.700498099999947],[-54.111793699999964,-17.71250759999998],[-54.123184899999956,-17.71399809999997],[-54.12142339999997,-17.72294519999997],[-54.15308639999995,-17.70295219999997],[-54.140003699999966,-17.742638099999965],[-54.15444569999994,-17.743862899999954],[-54.15751919999997,-17.75801819999998],[-54.138366099999985,-17.767155299999956],[-54.158802899999955,-17.773235599999964],[-54.17277329999996,-17.75938309999998],[-54.201296199999945,-17.76290689999996],[-54.208338399999946,-17.77726219999994],[-54.21752929999997,-17.778208399999983],[-54.21297619999996,-17.793761899999936],[-54.23103229999998,-17.78499409999995],[-54.238324499999976,-17.811549599999978],[-54.24730889999995,-17.80290659999997],[-54.25353199999995,-17.82489329999993],[-54.27890619999994,-17.839988799999958],[-54.260580699999934,-17.81693379999996],[-54.28112439999995,-17.81343899999996],[-54.28374619999994,-17.806574799999964],[-54.29577299999994,-17.811329899999976],[-54.294298899999944,-17.78030069999994],[-54.311096299999974,-17.779133999999942],[-54.31426099999993,-17.765165999999965],[-54.328896999999984,-17.77299709999994],[-54.341745199999934,-17.766856899999937],[-54.36486529999996,-17.790608499999962],[-54.36654749999997,-17.763610899999946],[-54.38270759999995,-17.771861599999966],[-54.39006079999996,-17.75912089999997],[-54.401171799999986,-17.785151799999937],[-54.42388409999995,-17.79384989999994],[-54.42088309999997,-17.780566499999964],[-54.41038889999999,-17.77559549999995],[-54.41979199999997,-17.762954699999966],[-54.43519539999994,-17.76685699999996],[-54.43843899999996,-17.75469979999997],[-54.430349399999955,-17.747680999999943],[-54.444149299999935,-17.74762019999997],[-54.44200799999999,-17.73721009999997],[-54.453547699999945,-17.71757809999997],[-54.45851429999993,-17.74336549999998],[-54.47460429999995,-17.736909599999933],[-54.48641159999994,-17.752256299999942],[-54.504110699999956,-17.73608029999997],[-54.526800599999945,-17.76245609999995],[-54.53644189999994,-17.707055799999978],[-54.55847799999998,-17.71174609999997],[-54.63096909999996,-17.69852439999994],[-54.66973359999997,-17.715259799999956],[-54.74177359999993,-17.72448099999997],[-54.75664299999994,-17.73218959999997],[-54.74772239999999,-17.779683199999965],[-54.730055499999935,-17.81827099999998],[-54.704200999999955,-17.84962909999996],[-54.68888359999994,-17.91468109999994],[-54.73847439999997,-17.93651589999996],[-54.741193599999974,-17.958789799999977],[-54.75216739999996,-17.972827799999948],[-54.77252919999995,-17.982150599999954],[-54.801432799999986,-17.98217969999996],[-54.80563179999996,-17.994814599999927],[-54.83278889999997,-17.994149899999968],[-54.83985439999998,-18.00249119999995],[-54.86265989999998,-18.001749699999948],[-54.89804109999994,-17.977219899999966],[-54.90582989999996,-17.97886909999994],[-54.90453059999999,-17.972809599999948],[-54.937574799999936,-17.948306899999977],[-54.946514099999945,-17.92771149999993],[-54.94225319999998,-17.915372599999955],[-54.965224699999965,-17.892617299999927],[-54.971802699999955,-17.89685449999996],[-54.98853719999994,-17.882207299999948],[-55.013280099999974,-17.879140399999926],[-55.01898449999993,-17.88926179999993],[-55.036411499999986,-17.889163399999973],[-55.04254149999997,-17.876544299999978],[-55.06160289999997,-17.878718799999945],[-55.07713699999994,-17.86182729999996],[-55.08419829999997,-17.863512799999967],[-55.083540599999935,-17.851267399999927],[-55.10089069999998,-17.845891199999983],[-55.11003999999997,-17.82944759999998],[-55.12621909999996,-17.83056019999998],[-55.13492179999997,-17.800746999999944],[-55.133943199999976,-17.757501699999978],[-55.15228349999995,-17.75518829999993],[-55.15960299999995,-17.741301999999962],[-55.14900079999995,-17.715529599999968],[-55.15368599999994,-17.70113189999995],[-55.144798899999955,-17.69938079999997],[-55.14110229999994,-17.683230899999955],[-55.14125889999997,-17.658019499999966],[-55.13708749999995,-17.65018779999997],[-55.118087499999945,-17.648833899999943],[-55.108757699999956,-17.628660399999944],[-55.09670419999998,-17.627641899999958],[-55.09336629999996,-17.636036799999943],[-55.072648199999946,-17.631632599999932],[-55.06381529999993,-17.64245989999995],[-55.03205639999993,-17.640502899999944],[-55.010753199999954,-17.629340299999967],[-54.99183409999995,-17.63839919999998],[-54.974275499999976,-17.617047399999933],[-54.91430749999995,-17.608450699999935],[-54.894828899999936,-17.621516999999926],[-54.880636599999946,-17.616870199999937],[-54.86086379999995,-17.62385349999994],[-54.85158629999995,-17.613033299999927],[-54.82500419999997,-17.609675899999957],[-54.821310799999935,-17.59738619999996],[-54.80075419999997,-17.582596699999954],[-54.75878089999998,-17.56569639999998],[-54.76217099999997,-17.55441609999997],[-54.74691299999995,-17.519942199999946],[-54.718804499999976,-17.51836469999995],[-54.70058579999994,-17.506313099999943],[-54.69972289999998,-17.49738059999993],[-54.68469279999994,-17.507172699999956],[-54.66794989999994,-17.50356329999994],[-54.65499659999995,-17.490159699999936],[-54.636080799999945,-17.495724399999972],[-54.617336199999954,-17.49042389999994],[-54.58166279999995,-17.468006999999943],[-54.55418839999999,-17.488668399999938],[-54.53633199999996,-17.477585199999965],[-54.48130919999994,-17.487664799999948],[-54.46691489999995,-17.529074199999968],[-54.42147239999997,-17.536495499999944],[-54.403714399999956,-17.564542699999947],[-54.38294099999996,-17.57153299999993],[-54.384604499999966,-17.601364099999955],[-54.37441679999995,-17.608577499999967],[-54.386693099999945,-17.63536229999994],[-54.33558489999996,-17.66172309999996],[-54.27454959999994,-17.654048199999977],[-54.24374379999995,-17.62890459999994],[-54.17883279999995,-17.602851099999953],[-54.15421679999997,-17.605872499999975],[-54.134187199999985,-17.618726399999957],[-54.07703759999998,-17.61501069999997]]]}},{"id":"5177","type":"Feature","properties":{"COD_IBGE":"5007950","MUNICIPIO":"Tacuru","UF":"MS"},"geometry":{"type":"Polygon","coordinates":[[[-55.075531799999965,-23.842081099999973],[-55.08074319999997,-23.82237589999994],[-55.10592849999995,-23.79713499999997],[-55.11137899999994,-23.78043759999997],[-55.13396149999994,-23.77398299999993],[-55.13011979999993,-23.74653509999996],[-55.16618379999994,-23.73571709999993],[-55.184065499999974,-23.681298899999945],[-55.220429199999955,-23.664596999999958],[-55.24123229999998,-23.64403889999994],[-55.24339319999996,-23.613886999999977],[-55.27108509999994,-23.58268019999997],[-55.271888899999965,-23.57027949999997],[-55.20351699999998,-23.399876699999936],[-55.16156669999998,-23.376378299999942],[-55.14538459999994,-23.409613999999976],[-55.109337299999936,-23.439386399999933],[-55.08837459999995,-23.47111769999998],[-55.020551799999964,-23.496766299999933],[-54.969299399999954,-23.54218019999996],[-54.92163679999993,-23.566772399999934],[-54.881500399999936,-23.550187999999935],[-54.835388999999964,-23.55327479999994],[-54.812680099999966,-23.54621419999995],[-54.772450299999946,-23.575688599999978],[-54.74824829999994,-23.578507099999968],[-54.67020549999995,-23.65292999999997],[-54.67382029999993,-23.65823599999993],[-54.65885529999997,-23.679759799999943],[-54.659533899999985,-23.70107619999993],[-54.649607799999956,-23.713190399999974],[-54.64945249999994,-23.72115649999995],[-54.66540459999993,-23.72903189999994],[-54.67818799999998,-23.72497889999994],[-54.70877969999998,-23.730750599999965],[-54.71047089999996,-23.737252499999954],[-54.71796949999998,-23.73374689999997],[-54.74089379999998,-23.76372729999997],[-54.75751489999993,-23.76301209999997],[-54.786151099999984,-23.783231099999966],[-54.79056069999996,-23.77795109999994],[-54.79729179999998,-23.793208999999933],[-54.86924839999995,-23.819571199999928],[-54.87915669999995,-23.83435339999994],[-54.89990739999996,-23.82390259999994],[-54.92393029999994,-23.84369479999998],[-54.94215509999998,-23.839451699999927],[-54.951058399999965,-23.853154699999948],[-54.96266119999996,-23.847582199999977],[-54.96541759999997,-23.86530019999998],[-54.985015299999986,-23.874373399999968],[-54.996817799999974,-23.89249419999993],[-55.00441699999993,-23.888332799999944],[-54.99899129999994,-23.874344899999983],[-55.02469169999995,-23.853179199999943],[-55.03393689999996,-23.85659419999996],[-55.04494089999997,-23.839244899999983],[-55.075531799999965,-23.842081099999973]]]}},{"id":"5178","type":"Feature","properties":{"COD_IBGE":"5007976","MUNICIPIO":"Taquarussu","UF":"MS"},"geometry":{"type":"Polygon","coordinates":[[[-53.50004609999996,-22.584557399999937],[-53.35616019999998,-22.333956499999942],[-53.338953699999934,-22.359297699999956],[-53.33152209999997,-22.47255389999998],[-53.31383109999996,-22.49891649999995],[-53.30815699999994,-22.538433099999963],[-53.281775299999936,-22.57499669999993],[-53.276077199999975,-22.68659279999997],[-53.29324239999994,-22.723234799999943],[-53.32837609999996,-22.729128899999978],[-53.34251999999998,-22.73900919999994],[-53.34682129999993,-22.75237459999994],[-53.336455599999965,-22.752273099999968],[-53.327364099999954,-22.76456509999997],[-53.35950789999998,-22.779556499999956],[-53.37753219999996,-22.80323409999994],[-53.404146899999944,-22.808780699999943],[-53.42965079999993,-22.832955399999946],[-53.54188319999997,-22.88619159999996],[-53.570771099999945,-22.928491299999962],[-53.60742349999998,-22.951333499999976],[-53.634002399999986,-23.00338229999994],[-53.640696899999966,-23.004397299999937],[-53.65645089999998,-22.981419699999947],[-53.65047869999995,-22.91639829999997],[-53.62239749999998,-22.901997499999936],[-53.612183399999935,-22.859575199999938],[-53.56834139999995,-22.835311899999965],[-53.560000799999955,-22.810307699999953],[-53.52486359999995,-22.79347729999995],[-53.505719899999974,-22.762760199999946],[-53.48731079999993,-22.75894729999993],[-53.493677599999955,-22.746519899999953],[-53.52500369999996,-22.755859199999975],[-53.519473199999936,-22.74360539999998],[-53.524998299999936,-22.736347499999965],[-53.540862999999945,-22.74366649999996],[-53.535241499999984,-22.717030499999964],[-53.54765279999998,-22.710684699999945],[-53.54616889999994,-22.691874999999982],[-53.562193399999956,-22.679556799999943],[-53.55355049999997,-22.649504299999933],[-53.54118129999995,-22.652727399999947],[-53.51252359999995,-22.631900299999927],[-53.52384779999994,-22.608364199999983],[-53.51436069999994,-22.600156099999936],[-53.49815319999993,-22.60354579999995],[-53.50004609999996,-22.584557399999937]]]}},{"id":"5179","type":"Feature","properties":{"COD_IBGE":"5008008","MUNICIPIO":"Terenos","UF":"MS"},"geometry":{"type":"Polygon","coordinates":[[[-54.76274479999995,-20.32617709999994],[-54.76276189999999,-20.481422099999975],[-54.791605499999946,-20.502545399999974],[-54.80017159999994,-20.520391599999982],[-54.79650779999997,-20.57158809999993],[-54.76738549999993,-20.614753599999972],[-54.784835699999974,-20.630619799999977],[-54.796812099999954,-20.662373699999932],[-54.814467099999945,-20.66117559999998],[-54.842488799999956,-20.687742199999946],[-54.82684939999996,-20.740763699999945],[-54.81629899999996,-20.740768799999955],[-54.82340399999998,-20.778328399999964],[-54.86781639999998,-20.783779799999934],[-54.87846969999998,-20.764215499999978],[-54.89499999999998,-20.766271399999937],[-54.90807559999996,-20.78309719999993],[-54.93572459999996,-20.78293569999994],[-54.95441569999997,-20.768578699999978],[-54.97532529999995,-20.77604169999995],[-54.99747499999995,-20.75768419999997],[-55.06593449999997,-20.74249149999997],[-55.071675899999946,-20.721657599999958],[-55.08240209999997,-20.719435399999952],[-55.07603139999998,-20.698540999999977],[-55.08499809999995,-20.695794199999966],[-55.07986189999997,-20.68919829999993],[-55.08910399999996,-20.67509259999997],[-55.08246769999994,-20.67047139999994],[-55.09413019999994,-20.659163099999944],[-55.09149439999993,-20.653287399999954],[-55.10589269999997,-20.648532099999954],[-55.11734539999998,-20.623087699999928],[-55.12739579999993,-20.62557469999996],[-55.16022819999995,-20.601751699999966],[-55.17587119999996,-20.604025399999955],[-55.193070699999964,-20.584655399999974],[-55.204654999999946,-20.58721749999995],[-55.21674669999993,-20.557305199999973],[-55.213563799999974,-20.548509199999955],[-55.23416839999999,-20.536055999999974],[-55.24060509999998,-20.52715889999996],[-55.23582129999994,-20.518409799999972],[-55.256432899999936,-20.503434999999968],[-55.252129199999956,-20.48092079999998],[-55.26995589999996,-20.478393799999935],[-55.27142009999994,-20.450336999999934],[-55.28401039999994,-20.448940299999947],[-55.30477559999997,-20.42996469999997],[-55.30650939999998,-20.41371399999997],[-55.32417209999994,-20.404594799999927],[-55.335854799999936,-20.40921549999996],[-55.34643179999995,-20.43350289999995],[-55.35634049999993,-20.429559499999982],[-55.353323699999976,-20.447180899999978],[-55.360178099999985,-20.43745169999994],[-55.37927909999996,-20.44755209999994],[-55.391823399999964,-20.42367029999997],[-55.387653899999975,-20.40934409999994],[-55.36938589999994,-20.40209589999995],[-55.35025589999998,-20.377046899999982],[-55.35823389999996,-20.365201499999955],[-55.35566239999997,-20.34704729999993],[-55.34149519999994,-20.34715479999994],[-55.349728599999935,-20.325444199999936],[-55.34571209999996,-20.315368099999944],[-55.319664999999986,-20.32617349999998],[-55.315534199999945,-20.339593599999944],[-55.29522749999995,-20.337651199999982],[-55.29780119999998,-20.32343519999995],[-55.29217819999997,-20.321717099999944],[-55.27903949999995,-20.32212899999996],[-55.26342439999996,-20.337944499999935],[-55.246754399999986,-20.32273319999996],[-55.253269099999955,-20.309501099999977],[-55.24288629999995,-20.300483499999928],[-55.249490099999946,-20.283870899999954],[-55.271322699999985,-20.286209199999973],[-55.263922699999966,-20.272711699999945],[-55.27248519999995,-20.24422329999993],[-55.254815399999984,-20.246275599999933],[-55.25491779999999,-20.230366699999934],[-55.229489299999955,-20.202038399999935],[-55.21694749999995,-20.201265199999966],[-55.21737639999998,-20.187720799999965],[-55.20120519999995,-20.189960999999983],[-55.20134319999994,-20.177955099999963],[-55.13633949999996,-20.14446769999995],[-55.132869599999935,-20.156631999999945],[-55.105579999999975,-20.148846299999946],[-55.07762619999994,-20.160600399999964],[-55.06928529999993,-20.154259899999943],[-55.06241469999998,-20.16590629999996],[-55.04191929999996,-20.156407799999954],[-55.00992439999993,-20.15521309999997],[-55.009567499999946,-20.160976499999947],[-54.99460179999994,-20.15739439999993],[-54.994460999999944,-20.164402799999948],[-54.973596499999985,-20.17316119999998],[-54.96346169999998,-20.165607799999975],[-54.948132499999986,-20.172522399999934],[-54.93591019999997,-20.195138199999974],[-54.91504709999998,-20.196579399999962],[-54.92321089999996,-20.24801599999995],[-54.904953199999966,-20.247857499999952],[-54.889783299999976,-20.267605599999968],[-54.87953539999995,-20.265810099999953],[-54.85473119999995,-20.28076089999996],[-54.82046159999993,-20.28269369999998],[-54.82113799999996,-20.298419699999954],[-54.80265879999996,-20.30862499999995],[-54.777589399999954,-20.30598969999994],[-54.77978249999995,-20.315301699999964],[-54.769465199999956,-20.315891199999953],[-54.76274479999995,-20.32617709999994]]]}},{"id":"5180","type":"Feature","properties":{"COD_IBGE":"5008305","MUNICIPIO":"Três Lagoas","UF":"MS"},"geometry":{"type":"Polygon","coordinates":[[[-51.62552509999995,-20.87414549999994],[-51.613477699999976,-20.890078399999936],[-51.62358729999994,-20.94443289999998],[-51.65964629999996,-20.96850349999994],[-51.72297139999995,-20.977436799999964],[-51.76848229999996,-21.036522099999956],[-51.789670899999976,-21.102119499999958],[-51.82358999999997,-21.12683979999997],[-51.87586189999996,-21.13614739999997],[-51.87576029999997,-21.18104409999995],[-51.885505799999976,-21.198764799999935],[-51.89299399999993,-21.18179719999995],[-51.94494989999998,-21.18491419999998],[-51.95323749999994,-21.169582799999944],[-51.96811549999995,-21.167620099999965],[-51.992777899999965,-21.14851939999994],[-51.99118009999995,-21.130247899999972],[-52.006188399999985,-21.11253679999993],[-52.02715969999997,-21.104983699999934],[-52.040657899999985,-21.084571899999958],[-52.082328099999984,-21.052724999999953],[-52.12192609999994,-21.03641049999993],[-52.22107559999995,-20.97255599999994],[-52.250026599999956,-20.980726199999935],[-52.264445499999965,-20.969693399999983],[-52.28933109999997,-20.965721799999983],[-52.343597999999986,-20.91595019999994],[-52.34550599999994,-20.901434799999947],[-52.366926399999954,-20.881256899999983],[-52.36044019999997,-20.871317999999974],[-52.36673479999996,-20.864428799999928],[-52.354735199999936,-20.84968699999996],[-52.35509909999996,-20.828150199999982],[-52.36700129999997,-20.82462979999997],[-52.359951699999954,-20.801253299999928],[-52.37913249999997,-20.78212629999996],[-52.374641199999985,-20.778621199999975],[-52.38357119999995,-20.760181299999942],[-52.411608599999965,-20.74538339999998],[-52.40904589999997,-20.731777499999964],[-52.42610799999994,-20.68715569999995],[-52.44252529999994,-20.669438299999968],[-52.46501579999995,-20.606517999999937],[-52.49097649999993,-20.581654499999956],[-52.50192629999998,-20.549832899999956],[-52.52924839999997,-20.533315699999946],[-52.565597999999966,-20.47317229999993],[-52.58395439999998,-20.468402199999957],[-52.62367699999999,-20.40750479999997],[-52.676811999999984,-20.369285399999967],[-52.723518499999955,-20.29456799999997],[-52.736069499999985,-20.247173799999928],[-52.70158969999994,-20.196827999999982],[-52.72668669999996,-20.15503499999994],[-52.73547819999993,-20.113106499999958],[-52.72968489999994,-20.101202499999943],[-52.69877239999994,-20.081468799999982],[-52.692935499999976,-20.062132599999927],[-52.715378199999975,-20.03937049999996],[-52.71212749999995,-20.008656499999972],[-52.725323199999934,-19.95256569999998],[-52.724357399999974,-19.90984119999996],[-52.73867029999997,-19.89962449999996],[-52.743582499999945,-19.88361229999998],[-52.784047499999986,-19.887732399999948],[-52.80135619999999,-19.874698199999955],[-52.77723999999995,-19.867015699999968],[-52.70496239999994,-19.807443999999975],[-52.64535889999996,-19.804525299999966],[-52.61481669999995,-19.793810899999983],[-52.60827849999998,-19.761464199999978],[-52.594650799999954,-19.74103969999993],[-52.59060979999998,-19.697805399999936],[-52.57152979999995,-19.678261499999962],[-52.55251729999998,-19.640198099999964],[-52.49780919999995,-19.626385899999946],[-52.476211699999965,-19.610964099999933],[-52.45340079999994,-19.614978599999972],[-52.437125899999955,-19.637975799999936],[-52.416193599999986,-19.628174399999978],[-52.37097429999994,-19.64205949999996],[-52.373379099999966,-19.651356199999952],[-52.34969659999996,-19.66193999999996],[-52.34133369999995,-19.676922299999944],[-52.34259679999997,-19.70079789999994],[-52.33007859999998,-19.719620599999928],[-52.33497059999996,-19.728658699999983],[-52.30376259999997,-19.74955529999994],[-52.29600169999998,-19.78484789999993],[-52.21248659999998,-19.86989319999998],[-52.21022149999993,-19.90262619999993],[-52.21996409999997,-19.91954409999994],[-52.212872199999936,-19.934324499999946],[-52.22084939999996,-19.942447399999935],[-52.220415199999934,-19.96097709999998],[-52.19596979999994,-20.017104099999926],[-52.200567399999954,-20.03277079999998],[-52.18374159999996,-20.052553099999955],[-52.167071599999986,-20.058413499999972],[-52.167530599999964,-20.071835199999953],[-52.153331899999955,-20.07990419999993],[-52.146664199999975,-20.107622999999933],[-52.127926499999944,-20.11563339999998],[-52.10288509999998,-20.15404079999996],[-52.10083059999994,-20.175297399999977],[-52.08906289999993,-20.183041499999945],[-52.08459329999994,-20.199389699999927],[-52.09176869999993,-20.210750099999927],[-52.08516609999998,-20.223432999999943],[-52.09597059999999,-20.252260499999977],[-52.08210669999994,-20.26828329999995],[-52.09186029999995,-20.28004439999995],[-52.07540199999994,-20.288975299999947],[-52.08050869999994,-20.30548079999994],[-52.06985229999998,-20.326460699999927],[-52.06737609999993,-20.362168899999972],[-52.055915099999936,-20.365241199999957],[-52.04734769999993,-20.38777659999994],[-52.005061499999954,-20.43191939999997],[-52.01256479999995,-20.461081699999966],[-51.986123299999974,-20.471459299999935],[-51.98624029999996,-20.48261519999994],[-51.96725139999995,-20.483854899999983],[-51.95031799999998,-20.51234839999995],[-51.92748459999996,-20.524234699999965],[-51.900611899999944,-20.48376989999997],[-51.873916099999974,-20.482666499999937],[-51.85956369999997,-20.46109809999996],[-51.83287759999996,-20.443387599999937],[-51.78907259999994,-20.449112299999967],[-51.75131899999997,-20.435694099999978],[-51.72255649999994,-20.454733499999975],[-51.699478699999986,-20.49059749999998],[-51.67611769999996,-20.492371899999966],[-51.660275499999955,-20.50745399999994],[-51.624877099999935,-20.55329949999998],[-51.61422019999998,-20.579597099999944],[-51.58320979999996,-20.596171599999934],[-51.58127079999997,-20.621617499999957],[-51.567631699999936,-20.618324899999948],[-51.59414819999995,-20.64384769999998],[-51.63399689999994,-20.747479299999952],[-51.62239839999995,-20.77687199999997],[-51.63297719999997,-20.82155819999997],[-51.62552509999995,-20.87414549999994]]]}},{"id":"5181","type":"Feature","properties":{"COD_IBGE":"5008404","MUNICIPIO":"Vicentina","UF":"MS"},"geometry":{"type":"Polygon","coordinates":[[[-54.47224739999996,-22.591150599999935],[-54.47776029999994,-22.493505899999946],[-54.51123339999998,-22.45260929999995],[-54.46985579999995,-22.36064639999995],[-54.44291819999995,-22.37088799999998],[-54.43373219999995,-22.350524099999973],[-54.32539459999998,-22.392466599999977],[-54.43037419999996,-22.625981499999966],[-54.45418379999995,-22.621321699999953],[-54.47224739999996,-22.591150599999935]]]}}]}