{"type":"FeatureCollection","features":[{"id":"1075","type":"Feature","properties":{"COD_IBGE":"2400109","MUNICIPIO":"Acari","UF":"RN"},"geometry":{"type":"Polygon","coordinates":[[[-36.703515799999934,-6.538199299999974],[-36.76572479999993,-6.50878739999996],[-36.774315599999966,-6.472962399999972],[-36.76122859999998,-6.478546399999971],[-36.74225839999997,-6.392937599999925],[-36.75242999999995,-6.353894899999943],[-36.73915119999998,-6.336423099999934],[-36.75415359999994,-6.320543099999952],[-36.73855999999995,-6.301807399999973],[-36.716394899999955,-6.300996899999973],[-36.70958979999995,-6.276956899999959],[-36.67561829999994,-6.26996859999997],[-36.662532899999974,-6.278518899999938],[-36.630612499999984,-6.26851309999995],[-36.617507099999955,-6.292319299999974],[-36.59605879999998,-6.288233299999945],[-36.58475309999994,-6.306375899999978],[-36.564436299999954,-6.3128551999999445],[-36.54242499999998,-6.372902799999963],[-36.504377499999975,-6.386450899999943],[-36.528927099999976,-6.443338299999937],[-36.52821099999994,-6.479284199999938],[-36.551445599999965,-6.484077199999945],[-36.57977719999997,-6.472908299999972],[-36.62579999999997,-6.511261099999956],[-36.630916499999955,-6.52633979999996],[-36.648099499999944,-6.532872299999951],[-36.67974799999996,-6.579349199999967],[-36.678976199999966,-6.5513387999999395],[-36.69506179999996,-6.557892999999979],[-36.703515799999934,-6.538199299999974]]]}},{"id":"1076","type":"Feature","properties":{"COD_IBGE":"2400208","MUNICIPIO":"Açu","UF":"RN"},"geometry":{"type":"Polygon","coordinates":[[[-36.92845289999997,-5.353741699999944],[-36.838431499999956,-5.403757199999973],[-36.87422609999993,-5.45823299999995],[-36.871117099999935,-5.483406299999956],[-36.88606549999997,-5.493276499999979],[-36.903771699999936,-5.529559199999937],[-36.899117399999966,-5.553301799999929],[-36.88229289999998,-5.572010199999966],[-36.89777769999995,-5.601260599999932],[-36.88166689999997,-5.651214999999979],[-36.88782039999995,-5.703217199999926],[-36.96152859999995,-5.752510399999949],[-36.96510759999995,-5.77354239999994],[-36.980114699999945,-5.783848499999976],[-36.97740029999994,-5.813621199999943],[-37.00621529999995,-5.831487699999968],[-37.01535709999996,-5.8708464999999705],[-37.035788399999944,-5.891008599999964],[-36.99409749999995,-5.771707999999933],[-37.05456049999998,-5.745787999999948],[-37.10459399999996,-5.656221499999958],[-37.17275929999994,-5.490492299999971],[-37.12613529999993,-5.293424499999958],[-37.05123129999998,-5.294082799999956],[-37.02943189999996,-5.32569529999995],[-36.92845289999997,-5.353741699999944]]]}},{"id":"1077","type":"Feature","properties":{"COD_IBGE":"2400307","MUNICIPIO":"Afonso Bezerra","UF":"RN"},"geometry":{"type":"Polygon","coordinates":[[[-36.58037369999994,-5.528788399999939],[-36.699045299999966,-5.5261480999999435],[-36.69972439999998,-5.463812599999926],[-36.86040499999996,-5.442342399999973],[-36.860305799999935,-5.433848699999942],[-36.83991459999993,-5.407491199999981],[-36.83798719999993,-5.392230599999948],[-36.537381799999935,-5.412795699999947],[-36.43986849999993,-5.36988139999994],[-36.46990729999993,-5.59837239999996],[-36.57272539999997,-5.585927599999934],[-36.57894059999995,-5.578924099999938],[-36.58037369999994,-5.528788399999939]]]}},{"id":"1078","type":"Feature","properties":{"COD_IBGE":"2400406","MUNICIPIO":"Água Nova","UF":"RN"},"geometry":{"type":"Polygon","coordinates":[[[-38.31144299999994,-6.176593699999955],[-38.28854419999993,-6.187901499999953],[-38.278778699999975,-6.180863199999976],[-38.266753499999936,-6.184182499999963],[-38.27115219999996,-6.197739799999965],[-38.26528309999998,-6.209234199999969],[-38.28209019999997,-6.239963199999977],[-38.30157819999994,-6.2413075999999705],[-38.35788379999997,-6.217644499999949],[-38.35749959999998,-6.201383299999975],[-38.31144299999994,-6.176593699999955]]]}},{"id":"1079","type":"Feature","properties":{"COD_IBGE":"2400505","MUNICIPIO":"Alexandria","UF":"RN"},"geometry":{"type":"Polygon","coordinates":[[[-38.04348269999997,-6.320576699999947],[-37.98390639999997,-6.310632099999964],[-37.96333039999996,-6.256454699999949],[-37.88179279999997,-6.273097499999949],[-37.908095999999944,-6.285189899999978],[-37.90082279999996,-6.318318399999953],[-37.843195299999934,-6.333088099999941],[-37.83425999999997,-6.342385399999955],[-37.84411679999994,-6.354356899999971],[-37.841530999999975,-6.3630306999999675],[-37.85982749999994,-6.37487729999998],[-37.88822469999997,-6.3643694999999525],[-37.88624949999996,-6.397000599999956],[-37.90153209999994,-6.39967919999998],[-37.92605139999995,-6.42113779999994],[-37.94543749999997,-6.4226200999999605],[-37.955395599999974,-6.398208299999965],[-37.96802249999996,-6.405122499999948],[-37.968678299999965,-6.41874329999996],[-37.97908419999993,-6.4266931999999315],[-38.01369569999997,-6.427427299999977],[-38.00822509999995,-6.43219229999994],[-38.01996889999998,-6.446004899999934],[-38.012946599999964,-6.468853499999966],[-38.03417289999993,-6.475847399999964],[-38.040644499999985,-6.473043599999926],[-38.03625669999997,-6.459991699999932],[-38.04634759999993,-6.4409303999999565],[-38.07086609999993,-6.463926599999979],[-38.08983009999997,-6.45596299999994],[-38.09803599999998,-6.429405899999949],[-38.091719299999966,-6.415276699999936],[-38.11040479999997,-6.402106599999968],[-38.10645079999995,-6.378487499999949],[-38.12560879999995,-6.367236199999979],[-38.10361439999997,-6.356259899999941],[-38.09984149999997,-6.3302953999999545],[-38.08893969999997,-6.333134799999925],[-38.089392499999974,-6.317055799999935],[-38.05546959999998,-6.310986699999944],[-38.04346289999995,-6.312487199999964],[-38.04348269999997,-6.320576699999947]]]}},{"id":"1080","type":"Feature","properties":{"COD_IBGE":"2400604","MUNICIPIO":"Almino Afonso","UF":"RN"},"geometry":{"type":"Polygon","coordinates":[[[-37.81070189999997,-6.168129999999962],[-37.79721699999993,-6.149457499999926],[-37.81123469999994,-6.125537899999927],[-37.80654869999995,-6.099639499999967],[-37.793588099999965,-6.099580399999979],[-37.77735679999995,-6.067777199999966],[-37.75718789999996,-6.08790659999994],[-37.76232079999994,-6.092791699999964],[-37.75285579999996,-6.097310499999935],[-37.74219509999995,-6.121735599999965],[-37.71106309999993,-6.13081649999998],[-37.68763759999996,-6.109311599999955],[-37.70899659999998,-6.177003999999954],[-37.745789599999966,-6.191031399999929],[-37.75457159999996,-6.200193299999967],[-37.75307939999993,-6.214429699999926],[-37.775616499999956,-6.23134349999998],[-37.763066299999934,-6.24113559999995],[-37.77661319999993,-6.245874899999933],[-37.79759509999997,-6.225706299999956],[-37.79726489999996,-6.192702599999961],[-37.81070189999997,-6.168129999999962]]]}},{"id":"1081","type":"Feature","properties":{"COD_IBGE":"2400703","MUNICIPIO":"Alto do Rodrigues","UF":"RN"},"geometry":{"type":"Polygon","coordinates":[[[-36.537381799999935,-5.412795699999947],[-36.83798719999993,-5.392230599999948],[-36.84202349999998,-5.374485599999957],[-36.83393229999996,-5.367602399999953],[-36.81259239999997,-5.368151199999943],[-36.81094439999998,-5.344503499999973],[-36.78035639999996,-5.309758299999942],[-36.775309799999945,-5.290779599999951],[-36.75456099999997,-5.272675999999933],[-36.66436239999996,-5.372180399999934],[-36.55541439999996,-5.394906699999979],[-36.537381799999935,-5.412795699999947]]]}},{"id":"1082","type":"Feature","properties":{"COD_IBGE":"2400802","MUNICIPIO":"Angicos","UF":"RN"},"geometry":{"type":"Polygon","coordinates":[[[-36.699045299999966,-5.5261480999999435],[-36.58037369999994,-5.528788399999939],[-36.57894059999995,-5.578924099999938],[-36.57272539999997,-5.585927599999934],[-36.46990729999993,-5.59837239999996],[-36.30516899999998,-5.651084799999978],[-36.262237599999935,-5.6798835999999255],[-36.27354599999995,-5.7092907999999625],[-36.27888029999997,-5.714160099999958],[-36.290845899999965,-5.705951599999935],[-36.30622509999995,-5.707445899999925],[-36.310967199999936,-5.718787899999938],[-36.325678299999936,-5.721452499999941],[-36.35655839999998,-5.717303999999956],[-36.363514599999974,-5.7072941999999784],[-36.52383599999996,-5.6996279999999615],[-36.52332769999998,-5.691070999999965],[-36.53248529999996,-5.690966099999969],[-36.56792759999996,-5.757593099999951],[-36.645875099999955,-5.758010599999977],[-36.67471399999994,-5.706083499999977],[-36.69918699999994,-5.695786799999951],[-36.71473999999995,-5.7000143999999295],[-36.73176479999995,-5.684292299999925],[-36.75598489999993,-5.622516899999937],[-36.77179479999995,-5.6146205999999665],[-36.76727009999996,-5.60146519999995],[-36.75599409999995,-5.6001911999999265],[-36.725338499999964,-5.573751699999946],[-36.699045299999966,-5.5261480999999435]]]}},{"id":"1083","type":"Feature","properties":{"COD_IBGE":"2400901","MUNICIPIO":"Antônio Martins","UF":"RN"},"geometry":{"type":"Polygon","coordinates":[[[-37.88179279999997,-6.273097499999949],[-38.06354319999997,-6.253613199999961],[-38.05491429999995,-6.1610255999999595],[-38.04166029999993,-6.169102599999974],[-38.04619279999997,-6.181078099999979],[-38.02237489999993,-6.209492099999977],[-37.99323679999998,-6.210266899999965],[-37.94707859999994,-6.160476099999926],[-37.93314959999998,-6.165620899999965],[-37.92685369999998,-6.155083499999932],[-37.92228279999995,-6.1649728999999525],[-37.92524729999997,-6.143385999999964],[-37.909973899999954,-6.140585899999962],[-37.902282199999945,-6.149047999999937],[-37.91477669999995,-6.15013179999994],[-37.90817109999995,-6.158793399999979],[-37.91481399999998,-6.164846599999976],[-37.90972409999995,-6.163381699999945],[-37.90125939999996,-6.152048499999978],[-37.89377969999998,-6.156025299999953],[-37.90691499999997,-6.175550699999974],[-37.88949669999994,-6.166870099999926],[-37.855069399999934,-6.183802699999944],[-37.79779099999996,-6.217263599999967],[-37.79168629999998,-6.234030399999938],[-37.77661319999993,-6.245874899999933],[-37.794435799999974,-6.256473299999925],[-37.84691719999995,-6.254474999999957],[-37.88179279999997,-6.273097499999949]]]}},{"id":"1084","type":"Feature","properties":{"COD_IBGE":"2401008","MUNICIPIO":"Apodi","UF":"RN"},"geometry":{"type":"Polygon","coordinates":[[[-37.69158749999997,-5.653212099999962],[-37.707720999999935,-5.721264399999939],[-37.72086889999997,-5.740455599999962],[-37.73390899999998,-5.912026899999944],[-37.89552699999996,-5.941654699999958],[-37.91314659999995,-5.903534999999977],[-37.872249599999975,-5.878652899999963],[-37.87986049999995,-5.75431889999993],[-37.856084099999975,-5.747379599999931],[-37.88132019999995,-5.696946199999957],[-38.05859279999993,-5.75485139999995],[-38.04700839999998,-5.7302627999999345],[-38.07522599999993,-5.723469099999932],[-38.08716719999995,-5.730521999999951],[-38.090138199999956,-5.720233399999927],[-38.08198539999995,-5.670122699999979],[-38.03426969999998,-5.637152799999967],[-38.01396409999995,-5.594398099999978],[-37.99832739999994,-5.585317499999974],[-37.993183399999964,-5.559291499999972],[-37.94805649999995,-5.5346448999999325],[-37.93263429999996,-5.50310769999993],[-37.90157729999993,-5.499792399999933],[-37.88648459999996,-5.443829599999958],[-37.86048159999996,-5.406685699999969],[-37.86427519999995,-5.378352599999971],[-37.85765739999994,-5.356723699999975],[-37.84747039999996,-5.340023099999939],[-37.81280229999993,-5.316569199999947],[-37.642206199999976,-5.415159899999935],[-37.761436199999935,-5.5777444999999375],[-37.67619829999995,-5.634761499999968],[-37.67998389999997,-5.649620699999957],[-37.69158749999997,-5.653212099999962]]]}},{"id":"1085","type":"Feature","properties":{"COD_IBGE":"2401107","MUNICIPIO":"Areia Branca","UF":"RN"},"geometry":{"type":"MultiPolygon","coordinates":[[[[-37.151735299999984,-5.078280599999971],[-37.153107999999975,-5.048404399999981],[-37.13090859999994,-5.025779099999966],[-37.13664899999998,-5.005052599999942],[-37.13119199999994,-4.992430599999977],[-37.147426199999984,-4.977960999999937],[-37.13731379999996,-4.953497999999968],[-37.144764599999974,-4.937162899999976],[-37.12450769999998,-4.935135799999955],[-37.10776969999995,-4.92261069999995],[-37.040562299999976,-4.950186699999961],[-37.001873099999955,-4.928661499999976],[-36.97793909999996,-4.931388199999958],[-36.960532899999976,-4.918428099999971],[-36.918831299999965,-4.946519299999977],[-36.878146999999956,-4.950699099999952],[-36.855667299999936,-4.972319599999935],[-36.89918559999995,-4.977294399999948],[-36.90826039999996,-4.9897900999999365],[-36.96595199999996,-4.985890299999937],[-36.96579429999997,-5.021867699999973],[-37.011423899999954,-5.021946399999933],[-37.011319699999945,-5.042405599999938],[-37.02861409999997,-5.042458899999929],[-37.02843439999998,-5.059685499999944],[-37.05093809999994,-5.059772499999951],[-37.050801099999944,-5.096586699999932],[-37.111731299999974,-5.096782599999926],[-37.11140519999998,-5.124650699999961],[-37.13740789999997,-5.105351999999925],[-37.151735299999984,-5.078280599999971]]],[[[-37.04482889999997,-4.816359199999965],[-37.04501259999995,-4.81881379999993],[-37.045752799999946,-4.8166795999999295],[-37.04482889999997,-4.816359199999965]]]]}},{"id":"1086","type":"Feature","properties":{"COD_IBGE":"2401206","MUNICIPIO":"Arês","UF":"RN"},"geometry":{"type":"Polygon","coordinates":[[[-35.15702579999993,-6.1481617999999685],[-35.110788799999966,-6.186945099999946],[-35.149942099999976,-6.218108199999961],[-35.18868119999996,-6.214454699999976],[-35.22894709999997,-6.242862899999977],[-35.28567639999994,-6.205322199999955],[-35.298069099999964,-6.1613073999999415],[-35.25974229999997,-6.170392799999945],[-35.237486399999966,-6.164680999999973],[-35.21352829999995,-6.174345199999948],[-35.19601739999996,-6.163538499999959],[-35.17451179999995,-6.164542299999937],[-35.15702579999993,-6.1481617999999685]]]}},{"id":"1087","type":"Feature","properties":{"COD_IBGE":"2401305","MUNICIPIO":"Campo Grande","UF":"RN"},"geometry":{"type":"Polygon","coordinates":[[[-37.37591659999998,-5.988160199999925],[-37.37520529999995,-5.960583199999974],[-37.400793799999974,-5.962540399999966],[-37.43655049999995,-5.985380199999952],[-37.467452599999945,-5.752280499999927],[-37.31311339999996,-5.709940999999958],[-37.25479809999996,-5.718220199999962],[-37.243884399999956,-5.708004199999948],[-37.220578899999964,-5.71749699999998],[-37.22540429999998,-5.789836199999968],[-37.17948839999997,-5.819060899999954],[-37.19495879999994,-5.8237406999999735],[-37.26045329999994,-5.908570399999974],[-37.162338199999965,-6.021171199999969],[-37.173931299999936,-6.048015899999939],[-37.19429489999993,-6.0480331999999635],[-37.204397599999936,-6.03815179999998],[-37.22268719999994,-6.042148099999963],[-37.23186019999997,-6.02759489999994],[-37.250613699999974,-6.025911899999926],[-37.27247739999996,-6.0557024999999385],[-37.30059419999998,-6.050259899999958],[-37.335779499999944,-6.067459499999927],[-37.35443419999996,-6.086485899999957],[-37.37878299999994,-6.085132599999952],[-37.374164399999984,-6.0699588999999605],[-37.38263539999997,-6.066918499999929],[-37.35905399999996,-6.0060993999999255],[-37.37591659999998,-5.988160199999925]]]}},{"id":"1088","type":"Feature","properties":{"COD_IBGE":"2401404","MUNICIPIO":"Baía Formosa","UF":"RN"},"geometry":{"type":"Polygon","coordinates":[[[-34.970821299999955,-6.4373489999999265],[-34.96923709999993,-6.470551899999975],[-34.968457899999976,-6.4871998999999505],[-34.970924399999944,-6.48950009999993],[-34.97836119999994,-6.487263799999937],[-34.99206749999996,-6.501494599999944],[-35.02854089999994,-6.505522599999949],[-35.036963199999946,-6.517125299999975],[-35.063067699999976,-6.526535299999978],[-35.09454739999995,-6.498103399999934],[-35.112549599999966,-6.505117499999926],[-35.11012919999996,-6.446116599999925],[-35.131844899999976,-6.407733199999939],[-35.11509819999998,-6.411222199999941],[-35.11498949999998,-6.401467599999933],[-35.10154189999997,-6.400993899999946],[-35.093643499999985,-6.3790067999999565],[-35.06254689999997,-6.363306999999963],[-35.07071439999993,-6.350746899999933],[-35.03187449999996,-6.310838499999932],[-35.021699499999954,-6.363064999999949],[-34.99077239999997,-6.371873099999959],[-34.970821299999955,-6.4373489999999265]]]}},{"id":"1089","type":"Feature","properties":{"COD_IBGE":"2401453","MUNICIPIO":"Baraúna","UF":"RN"},"geometry":{"type":"Polygon","coordinates":[[[-37.583095399999934,-5.277932299999975],[-37.78816199999994,-5.219197399999928],[-37.79002889999998,-5.2109402999999475],[-37.77630979999998,-5.18712069999998],[-37.76495559999995,-5.139616199999978],[-37.73342249999996,-5.100641199999927],[-37.725089399999945,-5.070624299999963],[-37.67762039999997,-5.054085699999973],[-37.64033809999995,-4.926404399999967],[-37.46708129999996,-4.8859246999999755],[-37.46902499999993,-4.89932749999997],[-37.492371799999944,-4.924544599999933],[-37.49842689999997,-4.996510399999977],[-37.49725899999993,-5.011042399999951],[-37.48857919999995,-5.016896299999928],[-37.583095399999934,-5.277932299999975]]]}},{"id":"1090","type":"Feature","properties":{"COD_IBGE":"2401503","MUNICIPIO":"Barcelona","UF":"RN"},"geometry":{"type":"Polygon","coordinates":[[[-35.83477199999993,-5.947096399999964],[-35.92480409999996,-6.010632499999929],[-36.03183199999995,-6.069389399999977],[-35.97683109999997,-6.01439849999997],[-35.984180099999946,-5.997985399999948],[-35.96270259999994,-5.963832899999943],[-35.96667599999995,-5.901299199999926],[-35.91924359999996,-5.908572299999946],[-35.91623079999994,-5.893258099999969],[-35.91309629999995,-5.90273499999995],[-35.90253519999993,-5.896138199999939],[-35.88699269999995,-5.90927309999995],[-35.87262289999995,-5.901053299999944],[-35.85109739999996,-5.913333699999953],[-35.83477199999993,-5.947096399999964]]]}},{"id":"1091","type":"Feature","properties":{"COD_IBGE":"2401602","MUNICIPIO":"Bento Fernandes","UF":"RN"},"geometry":{"type":"Polygon","coordinates":[[[-35.827115299999946,-5.616056399999934],[-35.76415119999996,-5.638291099999947],[-35.772054399999945,-5.6190769999999475],[-35.757091499999945,-5.627964899999938],[-35.746811899999955,-5.6196921999999745],[-35.746235799999965,-5.63221249999998],[-35.73874939999996,-5.635980399999937],[-35.71090429999998,-5.635198599999967],[-35.69721819999995,-5.665588299999968],[-35.63213629999996,-5.714432399999964],[-35.77709989999994,-5.716385999999943],[-35.939639399999976,-5.733011899999951],[-35.93404419999996,-5.715904299999977],[-35.94166519999993,-5.6687784999999735],[-35.924289999999985,-5.64985489999998],[-35.92367919999998,-5.634934699999974],[-35.89837679999994,-5.624303399999974],[-35.88345419999996,-5.630948399999966],[-35.87046529999998,-5.621546799999976],[-35.86853659999997,-5.605364999999949],[-35.863869499999964,-5.611879299999941],[-35.827115299999946,-5.616056399999934]]]}},{"id":"1092","type":"Feature","properties":{"COD_IBGE":"2401651","MUNICIPIO":"Bodó","UF":"RN"},"geometry":{"type":"Polygon","coordinates":[[[-36.540382799999975,-5.98974149999998],[-36.475008299999956,-5.926573099999928],[-36.42677749999996,-5.9046608999999535],[-36.41482369999994,-5.8584288999999785],[-36.38605719999998,-5.852215099999967],[-36.36821469999995,-5.874658699999941],[-36.33046909999996,-5.874268499999971],[-36.33851729999998,-5.907362399999954],[-36.37200519999993,-5.895604399999968],[-36.36308559999998,-5.968923999999959],[-36.39242819999998,-5.989763299999936],[-36.39467679999996,-6.01296119999995],[-36.410643799999946,-6.021217199999967],[-36.448729999999955,-6.0114906999999675],[-36.444167499999935,-6.04141999999996],[-36.52178859999998,-6.04667059999997],[-36.54743909999996,-6.056274599999938],[-36.540382799999975,-5.98974149999998]]]}},{"id":"1093","type":"Feature","properties":{"COD_IBGE":"2401701","MUNICIPIO":"Bom Jesus","UF":"RN"},"geometry":{"type":"Polygon","coordinates":[[[-35.53975079999998,-6.001589599999932],[-35.57077859999998,-6.0795446999999285],[-35.64748279999998,-6.016037899999958],[-35.65019289999998,-5.976435199999969],[-35.57222669999993,-5.932308099999943],[-35.55561649999993,-5.948495499999979],[-35.53975079999998,-6.001589599999932]]]}},{"id":"1094","type":"Feature","properties":{"COD_IBGE":"2401800","MUNICIPIO":"Brejinho","UF":"RN"},"geometry":{"type":"Polygon","coordinates":[[[-35.339371899999946,-6.185445899999934],[-35.358129599999984,-6.249812499999962],[-35.40136019999994,-6.245389999999929],[-35.40514819999993,-6.263526099999979],[-35.420938399999955,-6.273231099999975],[-35.436425199999974,-6.253426499999932],[-35.40301999999997,-6.2103245999999785],[-35.381389799999965,-6.15845969999998],[-35.339371899999946,-6.185445899999934]]]}},{"id":"1095","type":"Feature","properties":{"COD_IBGE":"2401859","MUNICIPIO":"Caiçara do Norte","UF":"RN"},"geometry":{"type":"Polygon","coordinates":[[[-36.06236579999995,-5.30401489999997],[-36.15173029999994,-5.257187099999953],[-36.09945469999997,-5.077174299999967],[-36.037535299999945,-5.051468599999964],[-36.04349999999994,-5.064190199999928],[-36.03358239999994,-5.073815999999965],[-36.04206759999994,-5.083806099999947],[-36.053950199999974,-5.202813299999946],[-36.06593419999996,-5.234118699999954],[-36.001948599999935,-5.256109299999935],[-36.06236579999995,-5.30401489999997]]]}},{"id":"1096","type":"Feature","properties":{"COD_IBGE":"2401909","MUNICIPIO":"Caiçara do Rio do Vento","UF":"RN"},"geometry":{"type":"Polygon","coordinates":[[[-35.94159909999996,-5.727791699999955],[-35.92391509999993,-5.765107899999975],[-35.93854539999995,-5.794749499999966],[-35.92552219999993,-5.8002539999999385],[-35.92566579999993,-5.807501699999932],[-35.94146949999998,-5.814255399999979],[-35.97562399999998,-5.794659299999978],[-36.011689599999954,-5.833655299999975],[-36.06379869999995,-5.8587466999999265],[-36.06544969999993,-5.849515199999928],[-36.09957869999994,-5.829911399999958],[-36.112496299999975,-5.842200499999933],[-36.11560339999994,-5.809178899999949],[-36.06253479999998,-5.655286799999942],[-36.02398729999993,-5.698012199999937],[-35.97063209999993,-5.71430689999994],[-35.934210399999984,-5.714874899999927],[-35.94159909999996,-5.727791699999955]]]}},{"id":"1097","type":"Feature","properties":{"COD_IBGE":"2402006","MUNICIPIO":"Caicó","UF":"RN"},"geometry":{"type":"Polygon","coordinates":[[[-37.14975259999994,-6.626799999999946],[-37.174937399999976,-6.613933599999939],[-37.21836269999994,-6.619728399999929],[-37.23088289999998,-6.569665999999927],[-37.21691489999995,-6.559397499999932],[-37.21344679999993,-6.527429499999926],[-37.19963679999995,-6.514744999999948],[-37.20619089999997,-6.469895299999962],[-37.18660659999995,-6.43777579999994],[-37.14037539999998,-6.448480899999936],[-37.14080289999998,-6.4279705999999805],[-37.073289399999965,-6.403639299999952],[-37.08185039999995,-6.359879299999932],[-37.07537129999997,-6.307454899999925],[-37.08135629999998,-6.292317299999979],[-37.04571559999994,-6.223915699999964],[-37.00311949999997,-6.221691699999951],[-36.97366559999995,-6.192512699999952],[-36.957317099999955,-6.1907637999999565],[-36.92693049999997,-6.2157527999999616],[-36.924054299999966,-6.23894619999993],[-36.89442089999994,-6.238927299999943],[-36.91099529999997,-6.244555899999966],[-36.929715399999964,-6.280610699999954],[-36.90212789999998,-6.31848969999993],[-36.90504559999994,-6.340269999999975],[-36.88631869999995,-6.342868999999951],[-36.87332889999993,-6.379695399999946],[-36.860815799999955,-6.388782999999933],[-36.87412649999993,-6.418671299999971],[-36.957727499999976,-6.491671699999927],[-36.96271809999996,-6.509968599999979],[-36.95137099999994,-6.521639499999935],[-36.940287499999954,-6.56126519999998],[-36.95137439999996,-6.570318999999927],[-36.93689959999995,-6.5776848999999515],[-36.98062009999995,-6.617136399999936],[-36.97982179999997,-6.641564899999935],[-37.00359119999996,-6.709612299999947],[-37.03526059999996,-6.734165799999971],[-37.05971079999995,-6.720735399999967],[-37.066274799999974,-6.706136599999979],[-37.084482299999934,-6.699486699999966],[-37.08301319999998,-6.690914999999961],[-37.10288149999997,-6.684729299999958],[-37.109465899999975,-6.65682419999996],[-37.12081479999995,-6.6600027999999725],[-37.13172429999997,-6.6525852999999415],[-37.14975259999994,-6.626799999999946]]]}},{"id":"1098","type":"Feature","properties":{"COD_IBGE":"2402105","MUNICIPIO":"Campo Redondo","UF":"RN"},"geometry":{"type":"Polygon","coordinates":[[[-36.15805319999998,-6.166029099999946],[-36.133759399999974,-6.210572799999966],[-36.15354219999995,-6.299805999999933],[-36.20554019999997,-6.301350699999944],[-36.236519699999974,-6.311974599999928],[-36.24621419999994,-6.302121899999975],[-36.25589789999998,-6.30331039999993],[-36.27263439999996,-6.30717199999998],[-36.27913539999997,-6.317627099999925],[-36.29539659999995,-6.2858357999999726],[-36.25867279999994,-6.245813699999928],[-36.267119399999956,-6.227278499999954],[-36.257667699999956,-6.198790899999949],[-36.256848899999966,-6.158015199999966],[-36.15805319999998,-6.166029099999946]]]}},{"id":"1099","type":"Feature","properties":{"COD_IBGE":"2402204","MUNICIPIO":"Canguaretama","UF":"RN"},"geometry":{"type":"Polygon","coordinates":[[[-35.116763799999944,-6.281752999999981],[-35.11743869999998,-6.33380399999993],[-35.084468999999956,-6.339934199999959],[-35.05549569999994,-6.326975199999936],[-35.06981339999993,-6.316287199999977],[-35.05946449999993,-6.317158899999981],[-35.06340949999998,-6.297873399999958],[-35.046910999999966,-6.296427499999936],[-35.04428889999997,-6.283845299999939],[-35.033394999999985,-6.286398499999962],[-35.03106429999997,-6.3056715999999255],[-35.07071439999993,-6.350746899999933],[-35.06254689999997,-6.363306999999963],[-35.093643499999985,-6.3790067999999565],[-35.10154189999997,-6.400993899999946],[-35.11498949999998,-6.401467599999933],[-35.11509819999998,-6.411222199999941],[-35.131844899999976,-6.407733199999939],[-35.11012919999996,-6.446116599999925],[-35.112232699999936,-6.507850099999928],[-35.145807099999956,-6.552759799999933],[-35.171442999999954,-6.430524599999956],[-35.180479599999956,-6.43254509999997],[-35.18797569999998,-6.414910599999928],[-35.229164699999956,-6.420363899999927],[-35.23164689999993,-6.403072899999927],[-35.25670709999997,-6.389903799999956],[-35.272214599999984,-6.370207499999935],[-35.23605159999994,-6.349284799999964],[-35.22168309999995,-6.357521599999927],[-35.16996969999997,-6.355322599999965],[-35.16308349999997,-6.3422985999999355],[-35.165090299999974,-6.318644499999948],[-35.14547699999997,-6.31689259999996],[-35.14525159999994,-6.299027599999931],[-35.116763799999944,-6.281752999999981]]]}},{"id":"1100","type":"Feature","properties":{"COD_IBGE":"2402303","MUNICIPIO":"Caraúbas","UF":"RN"},"geometry":{"type":"Polygon","coordinates":[[[-37.467452599999945,-5.752280499999927],[-37.447513199999946,-5.902718499999935],[-37.494123799999954,-5.894168999999977],[-37.53212989999997,-5.924145199999941],[-37.52810559999995,-5.916576899999939],[-37.55460519999997,-5.958944599999938],[-37.58602639999998,-5.980852899999945],[-37.648576299999945,-5.941312099999948],[-37.73378989999998,-5.911870499999964],[-37.72086889999997,-5.740455599999962],[-37.707720999999935,-5.721264399999939],[-37.69158749999997,-5.653212099999962],[-37.67998389999997,-5.649620699999957],[-37.67619829999995,-5.634761499999968],[-37.57855994999994,-5.571604399999956],[-37.493236199999956,-5.566844699999933],[-37.44212019999998,-5.586933399999964],[-37.467452599999945,-5.752280499999927]]]}},{"id":"1101","type":"Feature","properties":{"COD_IBGE":"2402402","MUNICIPIO":"Carnaúba dos Dantas","UF":"RN"},"geometry":{"type":"Polygon","coordinates":[[[-36.56730229999994,-6.599500699999965],[-36.58750729999997,-6.584798699999965],[-36.63640579999998,-6.592401699999925],[-36.67974799999996,-6.579349199999967],[-36.648099499999944,-6.532872299999951],[-36.630916499999955,-6.52633979999996],[-36.62579999999997,-6.511261099999956],[-36.57977719999997,-6.472908299999972],[-36.551445599999965,-6.484077199999945],[-36.52821099999994,-6.479284199999938],[-36.525846799999954,-6.501161299999978],[-36.48263049999997,-6.5195379999999545],[-36.47562179999994,-6.544933999999955],[-36.44597489999995,-6.556201899999962],[-36.436279199999944,-6.628224499999931],[-36.44934879999994,-6.624197599999945],[-36.46051799999998,-6.634393599999953],[-36.47348059999996,-6.614406699999961],[-36.511657499999956,-6.594413399999951],[-36.524542699999984,-6.599653299999943],[-36.52074269999997,-6.610601599999939],[-36.56730229999994,-6.599500699999965]]]}},{"id":"1102","type":"Feature","properties":{"COD_IBGE":"2402501","MUNICIPIO":"Carnaubais","UF":"RN"},"geometry":{"type":"Polygon","coordinates":[[[-36.838431499999956,-5.403757199999973],[-36.92845289999997,-5.353741699999944],[-37.02943189999996,-5.32569529999995],[-37.05123129999998,-5.294082799999956],[-36.92805039999996,-5.293776499999979],[-36.93009749999993,-5.13101219999993],[-36.90265189999997,-5.149735299999975],[-36.797036599999956,-5.174624399999971],[-36.74857429999997,-5.152003199999967],[-36.72911579999993,-5.175029499999937],[-36.71561769999994,-5.211890199999971],[-36.72567589999994,-5.229475699999966],[-36.72457899999995,-5.260452799999939],[-36.75056549999994,-5.268180299999926],[-36.775309799999945,-5.290779599999951],[-36.78035639999996,-5.309758299999942],[-36.811951499999964,-5.346487999999965],[-36.81259239999997,-5.368151199999943],[-36.840782899999965,-5.372057999999981],[-36.838431499999956,-5.403757199999973]]]}},{"id":"1103","type":"Feature","properties":{"COD_IBGE":"2402600","MUNICIPIO":"Ceará-Mirim","UF":"RN"},"geometry":{"type":"Polygon","coordinates":[[[-35.44743699999998,-5.733031199999971],[-35.46095639999993,-5.716021199999943],[-35.47684739999994,-5.712757599999975],[-35.486746799999935,-5.721476799999948],[-35.55189989999997,-5.703347099999974],[-35.54819409999993,-5.688077999999962],[-35.49444569999997,-5.666000699999927],[-35.51208269999995,-5.650059299999953],[-35.52140779999996,-5.577669599999979],[-35.50180599999993,-5.4923036999999795],[-35.470905899999934,-5.485816299999954],[-35.45433509999998,-5.469826199999943],[-35.43383199999994,-5.468915599999946],[-35.41223359999998,-5.457229999999981],[-35.40351479999998,-5.464596299999926],[-35.358227899999974,-5.469621099999927],[-35.328898299999935,-5.490146299999935],[-35.28356379999997,-5.492617799999948],[-35.25838109999995,-5.530372499999942],[-35.25583199999994,-5.516868799999941],[-35.24766479999994,-5.515487599999972],[-35.24840199999994,-5.546107399999926],[-35.22619139999995,-5.581045099999926],[-35.22712809999996,-5.612149299999942],[-35.28481139999997,-5.624291599999935],[-35.36168909999998,-5.7290636999999265],[-35.40995899999996,-5.737801599999955],[-35.44743699999998,-5.733031199999971]]]}},{"id":"1104","type":"Feature","properties":{"COD_IBGE":"2402709","MUNICIPIO":"Cerro Corá","UF":"RN"},"geometry":{"type":"Polygon","coordinates":[[[-36.34337149999993,-6.097949799999981],[-36.41169979999995,-6.104200299999945],[-36.419961599999965,-6.090145399999926],[-36.426755999999955,-6.092566799999929],[-36.448729999999955,-6.0114906999999675],[-36.410643799999946,-6.021217199999967],[-36.39467679999996,-6.01296119999995],[-36.39242819999998,-5.989763299999936],[-36.36308559999998,-5.968923999999959],[-36.37200519999993,-5.895604399999968],[-36.33851729999998,-5.907362399999954],[-36.32067079999996,-5.865573499999925],[-36.28475199999997,-5.859291499999927],[-36.25396359999996,-5.83104359999993],[-36.25909909999996,-5.863068299999952],[-36.22417939999997,-5.8999533999999585],[-36.28135709999998,-6.0440419999999335],[-36.30221689999996,-6.115371699999969],[-36.295700299999964,-6.122166199999981],[-36.34337149999993,-6.097949799999981]]]}},{"id":"1105","type":"Feature","properties":{"COD_IBGE":"2402808","MUNICIPIO":"Coronel Ezequiel","UF":"RN"},"geometry":{"type":"Polygon","coordinates":[[[-36.09610429999998,-6.420198599999935],[-36.22119709999998,-6.402802599999973],[-36.29633839999997,-6.370410399999969],[-36.27847739999993,-6.349357099999963],[-36.27913539999997,-6.317627099999925],[-36.27263439999996,-6.30717199999998],[-36.24621419999994,-6.302121899999975],[-36.236519699999974,-6.311974599999928],[-36.20554019999997,-6.301350699999944],[-36.153763599999934,-6.299836599999935],[-36.09610429999998,-6.420198599999935]]]}},{"id":"1106","type":"Feature","properties":{"COD_IBGE":"2402907","MUNICIPIO":"Coronel João Pessoa","UF":"RN"},"geometry":{"type":"Polygon","coordinates":[[[-38.48104439999997,-6.304659299999969],[-38.488187299999936,-6.283115799999962],[-38.481525199999965,-6.252019899999937],[-38.469943299999954,-6.252709299999935],[-38.46232859999998,-6.231415799999979],[-38.448491599999954,-6.221854899999926],[-38.43039679999998,-6.23644719999993],[-38.364962899999966,-6.172896799999933],[-38.35749959999998,-6.201383299999975],[-38.36111669999997,-6.228823199999965],[-38.382762999999954,-6.266981699999974],[-38.40213699999998,-6.275904199999957],[-38.39979399999993,-6.2867054999999255],[-38.45761259999995,-6.32970679999994],[-38.48104439999997,-6.304659299999969]]]}},{"id":"1107","type":"Feature","properties":{"COD_IBGE":"2403004","MUNICIPIO":"Cruzeta","UF":"RN"},"geometry":{"type":"Polygon","coordinates":[[[-36.77287359999997,-6.298387399999967],[-36.73915119999998,-6.336423099999934],[-36.75242999999995,-6.353894899999943],[-36.74225839999997,-6.392937599999925],[-36.76122859999998,-6.478546399999971],[-36.774315599999966,-6.472962399999972],[-36.77349909999998,-6.466473999999948],[-36.80312079999993,-6.463577399999963],[-36.821857199999954,-6.436516799999936],[-36.84956239999997,-6.443979899999931],[-36.847122799999966,-6.430085899999938],[-36.87412649999993,-6.418671299999971],[-36.860815799999955,-6.388782999999933],[-36.87332889999993,-6.379695399999946],[-36.88631869999995,-6.342868999999951],[-36.90504559999994,-6.340269999999975],[-36.90212789999998,-6.31848969999993],[-36.917142499999954,-6.305160599999965],[-36.92928959999995,-6.275377699999979],[-36.91784969999998,-6.2675058999999465],[-36.91099529999997,-6.244555899999966],[-36.895322799999974,-6.239400599999954],[-36.851716099999976,-6.2693949999999745],[-36.83768109999994,-6.269812699999932],[-36.83450639999995,-6.285713999999928],[-36.82216399999993,-6.288898299999971],[-36.81621689999997,-6.303670599999975],[-36.77287359999997,-6.298387399999967]]]}},{"id":"1108","type":"Feature","properties":{"COD_IBGE":"2403103","MUNICIPIO":"Currais Novos","UF":"RN"},"geometry":{"type":"Polygon","coordinates":[[[-36.59164599999997,-6.247734499999979],[-36.60684659999998,-6.229718799999944],[-36.59918239999996,-6.216071299999953],[-36.617677999999955,-6.195412399999952],[-36.61566149999993,-6.174646999999936],[-36.62794349999996,-6.155341999999962],[-36.622307199999966,-6.13176459999994],[-36.59956989999995,-6.125127499999962],[-36.59107089999998,-6.139793699999927],[-36.58007479999998,-6.131570999999951],[-36.57832169999995,-6.141412299999956],[-36.57247289999998,-6.132026599999961],[-36.55315939999997,-6.131353899999965],[-36.54723319999994,-6.143749799999966],[-36.53028779999994,-6.130395199999953],[-36.51571179999996,-6.099871099999973],[-36.502670799999976,-6.098408899999981],[-36.50555339999994,-6.10451269999993],[-36.50310349999995,-6.107982399999969],[-36.494966699999964,-6.103444499999966],[-36.487177799999984,-6.111865999999964],[-36.509046499999954,-6.121958999999947],[-36.50329869999996,-6.137425999999948],[-36.459902899999975,-6.115301199999976],[-36.42897729999993,-6.112677099999928],[-36.43214339999997,-6.142137399999967],[-36.39888199999996,-6.118243599999971],[-36.41169979999995,-6.104200299999945],[-36.34337149999993,-6.097949799999981],[-36.295700299999964,-6.122166199999981],[-36.256848899999966,-6.158015199999966],[-36.257667699999956,-6.198790899999949],[-36.267119399999956,-6.227278499999954],[-36.25867279999994,-6.245813699999928],[-36.29109479999994,-6.277004899999952],[-36.29497959999998,-6.292106799999942],[-36.307591299999956,-6.281497899999977],[-36.35757669999998,-6.309987299999932],[-36.39456139999993,-6.293974799999944],[-36.43030599999997,-6.362254999999948],[-36.49984859999995,-6.358164899999963],[-36.504377499999975,-6.386450899999943],[-36.54242499999998,-6.372902799999963],[-36.564436299999954,-6.3128551999999445],[-36.58475309999994,-6.306375899999978],[-36.59605879999998,-6.288233299999945],[-36.60682179999998,-6.289418499999954],[-36.59164599999997,-6.247734499999979]]]}},{"id":"1109","type":"Feature","properties":{"COD_IBGE":"2403202","MUNICIPIO":"Doutor Severiano","UF":"RN"},"geometry":{"type":"Polygon","coordinates":[[[-38.40879989999996,-6.177872999999977],[-38.46597959999997,-6.121443899999974],[-38.44077119999997,-6.096874299999968],[-38.447316599999965,-6.085277699999949],[-38.40153649999996,-6.053494999999941],[-38.38195529999996,-6.052788699999951],[-38.38569159999997,-6.064679199999944],[-38.366214799999966,-6.0882980999999745],[-38.34736439999995,-6.080701599999941],[-38.34536039999995,-6.068077599999981],[-38.33958739999997,-6.077691499999958],[-38.34872999999993,-6.122768399999927],[-38.374283899999966,-6.167720599999939],[-38.38884349999995,-6.163032099999953],[-38.40879989999996,-6.177872999999977]]]}},{"id":"1110","type":"Feature","properties":{"COD_IBGE":"2403251","MUNICIPIO":"Parnamirim","UF":"RN"},"geometry":{"type":"Polygon","coordinates":[[[-35.25028089999995,-5.961755099999948],[-35.29608509999997,-5.958238499999936],[-35.28241409999998,-5.849817199999961],[-35.24286319999993,-5.86491099999995],[-35.22506279999993,-5.881092799999976],[-35.21793539999993,-5.868573699999956],[-35.17619529999996,-5.899817699999971],[-35.15410659999998,-5.897834099999955],[-35.15096029999995,-5.953749999999957],[-35.143016099999954,-5.96473229999998],[-35.12886559999998,-5.967218999999943],[-35.120978599999944,-5.981721199999981],[-35.12978659999993,-5.982120399999928],[-35.18271619999996,-5.937779599999942],[-35.20404989999997,-5.93349429999995],[-35.24023519999997,-5.949040999999966],[-35.25028089999995,-5.961755099999948]]]}},{"id":"1111","type":"Feature","properties":{"COD_IBGE":"2403301","MUNICIPIO":"Encanto","UF":"RN"},"geometry":{"type":"Polygon","coordinates":[[[-38.34872999999993,-6.122768399999927],[-38.33958739999997,-6.077691499999958],[-38.31992139999994,-6.077038899999934],[-38.30480229999995,-6.086967399999935],[-38.27490039999998,-6.065798799999925],[-38.26133409999994,-6.07486769999997],[-38.26696569999996,-6.112150699999972],[-38.249573399999974,-6.135930799999926],[-38.24911599999996,-6.163794099999961],[-38.28854419999993,-6.187901499999953],[-38.31100759999998,-6.176394899999934],[-38.35774689999994,-6.201547399999981],[-38.36734579999995,-6.1634365999999545],[-38.34872999999993,-6.122768399999927]]]}},{"id":"1112","type":"Feature","properties":{"COD_IBGE":"2403400","MUNICIPIO":"Equador","UF":"RN"},"geometry":{"type":"Polygon","coordinates":[[[-36.71306819999995,-6.816167499999949],[-36.69500169999998,-6.833548299999961],[-36.676199199999985,-6.817241199999955],[-36.65872189999993,-6.826630299999977],[-36.61147879999993,-6.799770899999942],[-36.57488209999997,-6.80623259999993],[-36.57243569999997,-6.825716899999975],[-36.56015619999994,-6.840773399999932],[-36.57407939999996,-6.857457699999941],[-36.567939699999954,-6.874796599999968],[-36.60979419999995,-6.936837099999934],[-36.68721809999994,-6.925962699999957],[-36.71855389999996,-6.982734799999946],[-36.74411259999994,-6.967773699999952],[-36.76649899999995,-6.934345399999927],[-36.72602079999996,-6.816602499999931],[-36.71306819999995,-6.816167499999949]]]}},{"id":"1113","type":"Feature","properties":{"COD_IBGE":"2403509","MUNICIPIO":"Espírito Santo","UF":"RN"},"geometry":{"type":"Polygon","coordinates":[[[-35.26831279999993,-6.3123394999999505],[-35.27121169999998,-6.372204099999976],[-35.30961879999995,-6.403112199999953],[-35.33889279999994,-6.381105899999966],[-35.34653549999996,-6.35841819999996],[-35.34220899999997,-6.31525629999993],[-35.333132999999975,-6.313792899999953],[-35.32323539999993,-6.271131199999957],[-35.325972399999955,-6.2282608999999525],[-35.31895569999995,-6.190958599999931],[-35.28567639999994,-6.205322199999955],[-35.26831279999993,-6.3123394999999505]]]}},{"id":"1114","type":"Feature","properties":{"COD_IBGE":"2403608","MUNICIPIO":"Extremoz","UF":"RN"},"geometry":{"type":"Polygon","coordinates":[[[-35.27643849999998,-5.703222499999981],[-35.286990499999945,-5.721941399999935],[-35.313212799999974,-5.7379697999999735],[-35.33982499999996,-5.738228699999979],[-35.36103469999995,-5.728511499999968],[-35.28481139999997,-5.624291599999935],[-35.22712809999996,-5.612149299999942],[-35.22238239999996,-5.628593399999943],[-35.214498799999944,-5.630025299999943],[-35.216187299999945,-5.676380599999959],[-35.19220139999993,-5.7005940999999325],[-35.203632099999936,-5.7432432999999605],[-35.23711069999996,-5.7145993999999405],[-35.27643849999998,-5.703222499999981]]]}},{"id":"1115","type":"Feature","properties":{"COD_IBGE":"2403707","MUNICIPIO":"Felipe Guerra","UF":"RN"},"geometry":{"type":"Polygon","coordinates":[[[-37.57855994999994,-5.571604399999956],[-37.67616479999998,-5.63478269999996],[-37.761436199999935,-5.5777444999999375],[-37.643644999999935,-5.41588059999998],[-37.562393499999985,-5.492301399999974],[-37.57855994999994,-5.571604399999956]]]}},{"id":"1116","type":"Feature","properties":{"COD_IBGE":"2403756","MUNICIPIO":"Fernando Pedroza","UF":"RN"},"geometry":{"type":"Polygon","coordinates":[[[-36.56792759999996,-5.757593099999951],[-36.53248529999996,-5.690966099999969],[-36.52332769999998,-5.691070999999965],[-36.52383599999996,-5.6996279999999615],[-36.363514599999974,-5.7072941999999784],[-36.35655839999998,-5.717303999999956],[-36.325678299999936,-5.721452499999941],[-36.310967199999936,-5.718787899999938],[-36.30622509999995,-5.707445899999925],[-36.290845899999965,-5.705951599999935],[-36.27888029999997,-5.714160099999958],[-36.27354599999995,-5.7092907999999625],[-36.28475199999997,-5.859291499999927],[-36.356358099999966,-5.849041499999942],[-36.38921959999993,-5.795377199999962],[-36.50917069999997,-5.755942399999981],[-36.55038739999998,-5.769374899999946],[-36.56792759999996,-5.757593099999951]]]}},{"id":"1117","type":"Feature","properties":{"COD_IBGE":"2403806","MUNICIPIO":"Florânia","UF":"RN"},"geometry":{"type":"Polygon","coordinates":[[[-36.81503719999995,-6.304058599999962],[-36.83450639999995,-6.285713999999928],[-36.83768109999994,-6.269812699999932],[-36.851716099999976,-6.2693949999999745],[-36.89442089999994,-6.238927299999943],[-36.924054299999966,-6.23894619999993],[-36.92693049999997,-6.2157527999999616],[-36.957317099999955,-6.1907637999999565],[-36.92167809999995,-6.181459099999927],[-36.90431619999998,-6.184809299999927],[-36.89215079999997,-6.176616799999977],[-36.894195999999965,-6.145292799999936],[-36.901860599999964,-6.134280799999942],[-36.924463799999955,-6.13199439999994],[-36.93404889999994,-6.088956999999937],[-36.92116429999993,-6.0820476999999755],[-36.89872679999996,-6.085773899999936],[-36.86974419999996,-6.060957999999971],[-36.86778749999996,-6.048480599999948],[-36.849110199999984,-6.041408399999966],[-36.83490809999995,-6.0415084999999635],[-36.83610809999993,-6.05239789999996],[-36.82950219999998,-6.054238099999964],[-36.801324299999976,-6.05010139999996],[-36.78804799999995,-6.039384999999925],[-36.78212639999998,-6.050076599999954],[-36.749500799999964,-6.06267779999996],[-36.74276919999994,-6.0551507999999785],[-36.73086409999996,-6.056597999999951],[-36.71988149999993,-6.071947899999941],[-36.72749799999997,-6.085450699999967],[-36.71988829999998,-6.0952561999999375],[-36.73931059999995,-6.11177669999995],[-36.73152849999997,-6.112913799999944],[-36.72973859999996,-6.149765999999943],[-36.786758599999985,-6.195101099999931],[-36.70370349999996,-6.220763599999941],[-36.73493369999994,-6.279690099999925],[-36.73892149999995,-6.301786799999945],[-36.75415359999994,-6.320543099999952],[-36.77287359999997,-6.298387399999967],[-36.81503719999995,-6.304058599999962]]]}},{"id":"1118","type":"Feature","properties":{"COD_IBGE":"2403905","MUNICIPIO":"Francisco Dantas","UF":"RN"},"geometry":{"type":"Polygon","coordinates":[[[-38.147667799999965,-6.096063899999933],[-38.19214849999997,-6.0418019999999615],[-38.18335669999993,-6.032681999999966],[-38.18345569999997,-6.015735099999972],[-38.16303259999995,-6.0091862999999535],[-38.165475199999946,-6.00047799999993],[-38.14593249999996,-5.972712799999954],[-38.11453119999993,-5.959145999999976],[-38.08672939999997,-6.014967699999943],[-38.071402999999975,-6.027992099999949],[-38.08516169999996,-6.038490299999978],[-38.08203549999996,-6.049776299999962],[-38.075901999999985,-6.03573259999996],[-38.07599929999998,-6.042801299999951],[-38.05436519999995,-6.044565099999943],[-38.070072299999936,-6.066726199999948],[-38.06798509999993,-6.076095299999963],[-38.03335979999997,-6.059988799999928],[-38.02525309999993,-6.083854799999926],[-38.010532799999964,-6.088436099999967],[-38.008808699999975,-6.096372199999962],[-38.04378189999994,-6.125989299999958],[-38.147667799999965,-6.096063899999933]]]}},{"id":"1119","type":"Feature","properties":{"COD_IBGE":"2404002","MUNICIPIO":"Frutuoso Gomes","UF":"RN"},"geometry":{"type":"Polygon","coordinates":[[[-37.80271609999994,-6.161817199999973],[-37.81070189999997,-6.168129999999962],[-37.79726489999996,-6.192702599999961],[-37.79779099999996,-6.217263599999967],[-37.88949669999994,-6.166870099999926],[-37.87015749999995,-6.14557979999995],[-37.88020739999996,-6.120407299999954],[-37.85767649999997,-6.123218899999927],[-37.863958099999934,-6.103980399999955],[-37.81450959999995,-6.143830699999967],[-37.803836599999954,-6.143652199999963],[-37.80271609999994,-6.161817199999973]]]}},{"id":"1120","type":"Feature","properties":{"COD_IBGE":"2404101","MUNICIPIO":"Galinhos","UF":"RN"},"geometry":{"type":"Polygon","coordinates":[[[-36.290436099999965,-5.087720299999944],[-36.15688419999998,-5.096291399999927],[-36.12548979999997,-5.091470999999956],[-36.09945469999997,-5.077174299999967],[-36.15173029999994,-5.257187099999953],[-36.27583999999996,-5.289477499999975],[-36.27630689999995,-5.20721999999995],[-36.288989399999934,-5.155637799999965],[-36.28798989999996,-5.125023899999974],[-36.309597199999985,-5.107118599999978],[-36.290436099999965,-5.087720299999944]]]}},{"id":"1121","type":"Feature","properties":{"COD_IBGE":"2404200","MUNICIPIO":"Goianinha","UF":"RN"},"geometry":{"type":"Polygon","coordinates":[[[-35.26669119999997,-6.324288499999966],[-35.28567639999994,-6.205322199999955],[-35.22894709999997,-6.242862899999977],[-35.18868119999996,-6.214454699999976],[-35.149942099999976,-6.218108199999961],[-35.15599739999993,-6.2566664999999375],[-35.14547699999997,-6.31689259999996],[-35.155962199999976,-6.313151299999959],[-35.16645289999997,-6.320100499999967],[-35.16738669999995,-6.353999399999964],[-35.19866929999995,-6.359285399999976],[-35.23605159999994,-6.349284799999964],[-35.272214599999984,-6.370207499999935],[-35.26669119999997,-6.324288499999966]]]}},{"id":"1122","type":"Feature","properties":{"COD_IBGE":"2404309","MUNICIPIO":"Governador Dix-Sept Rosado","UF":"RN"},"geometry":{"type":"Polygon","coordinates":[[[-37.57855994999994,-5.571604399999956],[-37.562393499999985,-5.492301399999974],[-37.642206199999976,-5.415159899999935],[-37.81280229999993,-5.316569199999947],[-37.78310989999994,-5.29481549999997],[-37.79185899999993,-5.268771399999935],[-37.782964299999946,-5.232264599999951],[-37.78816199999994,-5.219197399999928],[-37.583095399999934,-5.277932299999975],[-37.425980899999956,-5.311215699999934],[-37.29578499999997,-5.391396899999961],[-37.30361499999998,-5.397729399999946],[-37.293285099999935,-5.417229299999974],[-37.30199539999995,-5.443430499999977],[-37.29467059999996,-5.4778987999999345],[-37.382352899999944,-5.478191099999947],[-37.44212019999998,-5.586933399999964],[-37.493236199999956,-5.566844699999933],[-37.57855994999994,-5.571604399999956]]]}},{"id":"1123","type":"Feature","properties":{"COD_IBGE":"2404408","MUNICIPIO":"Grossos","UF":"RN"},"geometry":{"type":"Polygon","coordinates":[[[-37.22099579999997,-4.8814027999999325],[-37.15645179999996,-4.946262399999966],[-37.13797479999994,-4.948761799999943],[-37.147426199999984,-4.977960999999937],[-37.131051499999955,-4.994583499999976],[-37.14006699999993,-5.007955899999956],[-37.16669429999996,-5.015040699999929],[-37.17666209999993,-4.9702005999999415],[-37.20876949999996,-4.99167319999998],[-37.30784749999998,-4.945602199999939],[-37.27035029999996,-4.94553499999995],[-37.26930409999994,-4.9121582999999305],[-37.262683799999934,-4.904116899999963],[-37.22099579999997,-4.8814027999999325]]]}},{"id":"1124","type":"Feature","properties":{"COD_IBGE":"2404507","MUNICIPIO":"Guamaré","UF":"RN"},"geometry":{"type":"Polygon","coordinates":[[[-36.27583999999996,-5.289477499999975],[-36.36818509999995,-5.250781699999948],[-36.43064409999994,-5.1330970999999295],[-36.406821699999966,-5.080693199999928],[-36.37205129999995,-5.089199699999938],[-36.33115329999998,-5.087112399999967],[-36.288215099999945,-5.124467699999968],[-36.288989399999934,-5.155637799999965],[-36.27630689999995,-5.20721999999995],[-36.27583999999996,-5.289477499999975]]]}},{"id":"1125","type":"Feature","properties":{"COD_IBGE":"2404606","MUNICIPIO":"Ielmo Marinho","UF":"RN"},"geometry":{"type":"Polygon","coordinates":[[[-35.490782699999954,-5.719868399999939],[-35.47684739999994,-5.712757599999975],[-35.46095639999993,-5.716021199999943],[-35.446864199999936,-5.733358399999929],[-35.47158509999997,-5.8348247999999785],[-35.48750119999994,-5.8296878999999535],[-35.52901019999996,-5.8818085999999425],[-35.59452589999995,-5.8674850999999535],[-35.63544059999998,-5.803540999999939],[-35.65649819999993,-5.7181143999999335],[-35.55769449999997,-5.721130099999925],[-35.54746419999998,-5.7027455999999574],[-35.54735519999997,-5.709589999999935],[-35.490782699999954,-5.719868399999939]]]}},{"id":"1126","type":"Feature","properties":{"COD_IBGE":"2404705","MUNICIPIO":"Ipanguaçu","UF":"RN"},"geometry":{"type":"Polygon","coordinates":[[[-36.88248989999994,-5.5732472999999345],[-36.899117399999966,-5.553301799999929],[-36.903771699999936,-5.529559199999937],[-36.88606549999997,-5.493276499999979],[-36.871117099999935,-5.483406299999956],[-36.87422609999993,-5.45823299999995],[-36.86040499999996,-5.442342399999973],[-36.69972439999998,-5.463812599999926],[-36.699045299999966,-5.5261480999999435],[-36.713829799999985,-5.556910899999934],[-36.743848699999944,-5.591619699999967],[-36.77121299999993,-5.6059355999999525],[-36.77143499999994,-5.616393599999981],[-36.75598489999993,-5.622516899999937],[-36.75098379999997,-5.646848499999976],[-36.81589329999997,-5.642625499999951],[-36.897526099999936,-5.603482299999939],[-36.88248989999994,-5.5732472999999345]]]}},{"id":"1127","type":"Feature","properties":{"COD_IBGE":"2404804","MUNICIPIO":"Ipueira","UF":"RN"},"geometry":{"type":"Polygon","coordinates":[[[-37.196956299999954,-6.825872699999934],[-37.23459929999996,-6.824635999999941],[-37.25514389999995,-6.811061499999937],[-37.25732679999993,-6.780395899999974],[-37.27394929999997,-6.766790399999934],[-37.26392079999994,-6.73216999999994],[-37.20433179999998,-6.761733899999967],[-37.15087049999994,-6.736751799999979],[-37.09393979999993,-6.7236440999999445],[-37.087486799999965,-6.729978199999948],[-37.07541709999998,-6.754133999999965],[-37.128935799999965,-6.765976999999964],[-37.153707699999984,-6.799789199999964],[-37.196956299999954,-6.825872699999934]]]}},{"id":"1128","type":"Feature","properties":{"COD_IBGE":"2404853","MUNICIPIO":"Itajá","UF":"RN"},"geometry":{"type":"Polygon","coordinates":[[[-36.893565799999976,-5.710836099999938],[-36.88344489999997,-5.639621799999929],[-36.89223339999995,-5.630842899999948],[-36.897526099999936,-5.603482299999939],[-36.81589329999997,-5.642625499999951],[-36.75098379999997,-5.646848499999976],[-36.739131199999974,-5.655958999999939],[-36.73176479999995,-5.684292299999925],[-36.702679699999976,-5.701433299999962],[-36.74173689999998,-5.736069699999973],[-36.75488059999998,-5.758555599999966],[-36.77605189999997,-5.763622199999929],[-36.78671019999996,-5.754892999999981],[-36.805052099999955,-5.756187899999929],[-36.84919229999997,-5.724144899999942],[-36.86166869999994,-5.725657399999932],[-36.893565799999976,-5.710836099999938]]]}},{"id":"1129","type":"Feature","properties":{"COD_IBGE":"2404903","MUNICIPIO":"Itaú","UF":"RN"},"geometry":{"type":"Polygon","coordinates":[[[-37.91679499999998,-5.854906599999936],[-37.95100389999993,-5.863504599999942],[-38.01443509999996,-5.854237399999931],[-37.990516199999945,-5.8290823999999475],[-37.98012709999995,-5.8331794999999715],[-37.97517099999993,-5.816299199999946],[-37.909754299999975,-5.7842050999999515],[-37.881226399999946,-5.697132499999952],[-37.856084099999975,-5.747379599999931],[-37.87986049999995,-5.75431889999993],[-37.872249599999975,-5.878652899999963],[-37.91314659999995,-5.903534999999977],[-37.91679499999998,-5.854906599999936]]]}},{"id":"1130","type":"Feature","properties":{"COD_IBGE":"2405009","MUNICIPIO":"Jaçanã","UF":"RN"},"geometry":{"type":"Polygon","coordinates":[[[-36.22021069999994,-6.402903699999968],[-36.177343399999984,-6.407295599999941],[-36.09648109999995,-6.420259599999952],[-36.111792399999956,-6.429389499999957],[-36.14375069999994,-6.4253245999999535],[-36.24977209999997,-6.437359899999933],[-36.25116289999994,-6.40442349999995],[-36.295221399999946,-6.394560499999955],[-36.29881309999996,-6.376540599999942],[-36.29633839999997,-6.370410399999969],[-36.26583249999993,-6.379870099999948],[-36.22021069999994,-6.402903699999968]]]}},{"id":"1131","type":"Feature","properties":{"COD_IBGE":"2405108","MUNICIPIO":"Jandaíra","UF":"RN"},"geometry":{"type":"Polygon","coordinates":[[[-36.12854689999995,-5.456816599999968],[-36.15994329999995,-5.434112499999969],[-36.22323159999996,-5.433874199999934],[-36.27583999999996,-5.289477499999975],[-36.156799999999976,-5.255529999999965],[-36.06236579999995,-5.30401489999997],[-36.036914399999944,-5.301239799999962],[-36.01240299999995,-5.399050099999954],[-35.999744799999974,-5.416019199999937],[-35.99240819999994,-5.463787599999932],[-36.02767069999993,-5.4452450999999655],[-36.063302299999975,-5.405398699999978],[-36.12854689999995,-5.456816599999968]]]}},{"id":"1132","type":"Feature","properties":{"COD_IBGE":"2405207","MUNICIPIO":"Janduís","UF":"RN"},"geometry":{"type":"Polygon","coordinates":[[[-37.37591659999998,-5.988160199999925],[-37.35905399999996,-6.0060993999999255],[-37.45649529999997,-6.096654899999976],[-37.51481019999994,-6.06452059999998],[-37.59309699999994,-5.981919799999957],[-37.55460519999997,-5.958944599999938],[-37.53495149999998,-5.924473299999931],[-37.52810559999995,-5.916576899999939],[-37.53212989999997,-5.924145199999941],[-37.488512399999934,-5.893993599999931],[-37.447513199999946,-5.902718499999935],[-37.43655049999995,-5.985380199999952],[-37.400793799999974,-5.962540399999966],[-37.37520529999995,-5.960583199999974],[-37.37591659999998,-5.988160199999925]]]}},{"id":"1133","type":"Feature","properties":{"COD_IBGE":"2405306","MUNICIPIO":"Januário Cicco","UF":"RN"},"geometry":{"type":"Polygon","coordinates":[[[-35.54171489999993,-6.09707549999996],[-35.53542599999997,-6.142030899999952],[-35.55041849999998,-6.199901699999941],[-35.57661509999997,-6.208932599999969],[-35.60391549999997,-6.208321299999966],[-35.61602929999998,-6.197540999999944],[-35.659987299999955,-6.2222145999999725],[-35.66331649999995,-6.197901699999932],[-35.74064539999995,-6.182675299999971],[-35.682185999999945,-6.168172599999934],[-35.65380279999994,-6.1771940999999515],[-35.63860299999993,-6.137526299999934],[-35.57077859999998,-6.0795446999999285],[-35.55772919999998,-6.04677659999993],[-35.543375099999935,-6.058164199999965],[-35.53172079999996,-6.091641299999935],[-35.54171489999993,-6.09707549999996]]]}},{"id":"1134","type":"Feature","properties":{"COD_IBGE":"2405405","MUNICIPIO":"Japi","UF":"RN"},"geometry":{"type":"Polygon","coordinates":[[[-35.965241499999934,-6.484359599999948],[-35.96501479999995,-6.387801399999944],[-35.92707759999996,-6.372890299999938],[-35.90719799999994,-6.352609099999938],[-35.89296809999996,-6.352593499999955],[-35.87054589999997,-6.36278219999997],[-35.86846899999995,-6.384173099999941],[-35.84318859999996,-6.376695799999936],[-35.85457379999997,-6.4345177999999805],[-35.847265999999934,-6.439125199999978],[-35.84810349999998,-6.451657799999964],[-35.779926099999955,-6.483275899999967],[-35.95015419999993,-6.492348499999935],[-35.965241499999934,-6.484359599999948]]]}},{"id":"1135","type":"Feature","properties":{"COD_IBGE":"2405504","MUNICIPIO":"Jardim de Angicos","UF":"RN"},"geometry":{"type":"Polygon","coordinates":[[[-35.92367919999998,-5.634934699999974],[-35.94166519999993,-5.6687784999999735],[-35.934210399999984,-5.714874899999927],[-35.97063209999993,-5.71430689999994],[-36.02398729999993,-5.698012199999937],[-36.06253479999998,-5.655286799999942],[-35.99240819999994,-5.463787599999932],[-35.91127949999998,-5.629661099999964],[-35.92367919999998,-5.634934699999974]]]}},{"id":"1136","type":"Feature","properties":{"COD_IBGE":"2405603","MUNICIPIO":"Jardim de Piranhas","UF":"RN"},"geometry":{"type":"Polygon","coordinates":[[[-37.381312599999944,-6.436798899999928],[-37.39751999999993,-6.418098799999939],[-37.39716119999997,-6.40506309999995],[-37.37754099999995,-6.369332099999951],[-37.37811809999994,-6.347006399999941],[-37.36652789999994,-6.325582699999927],[-37.33042439999997,-6.306327599999975],[-37.31697559999998,-6.278665499999931],[-37.27472649999993,-6.281426099999976],[-37.27055249999995,-6.251714399999969],[-37.25152739999993,-6.226458299999933],[-37.23427149999998,-6.213278299999956],[-37.20158129999993,-6.205703999999969],[-37.19294389999993,-6.183079799999973],[-37.17422099999993,-6.1801035999999385],[-37.15692299999995,-6.152488199999937],[-37.126675699999964,-6.15687719999994],[-37.137015099999985,-6.169841399999939],[-37.13319599999994,-6.17544799999996],[-37.15893959999994,-6.1984299999999735],[-37.219910899999945,-6.230644799999936],[-37.21953209999998,-6.368087099999968],[-37.318479199999956,-6.454669099999933],[-37.381312599999944,-6.436798899999928]]]}},{"id":"1137","type":"Feature","properties":{"COD_IBGE":"2405702","MUNICIPIO":"Jardim do Seridó","UF":"RN"},"geometry":{"type":"Polygon","coordinates":[[[-36.69068669999996,-6.61734139999993],[-36.72226779999994,-6.646712999999977],[-36.74442709999994,-6.652079599999979],[-36.76481289999998,-6.669199599999956],[-36.78622309999997,-6.668015199999957],[-36.81609439999994,-6.682126599999947],[-36.85242569999997,-6.649246099999971],[-36.86641739999993,-6.655762299999935],[-36.870539399999984,-6.6305624999999395],[-36.89233939999997,-6.623348199999953],[-36.89308059999996,-6.6140768999999295],[-36.918299599999955,-6.600798399999974],[-36.93097489999997,-6.577592599999946],[-36.95137439999996,-6.570318999999927],[-36.940287499999954,-6.56126519999998],[-36.95135629999993,-6.522270799999944],[-36.93924899999996,-6.51333829999993],[-36.92122599999993,-6.524398899999937],[-36.90230029999998,-6.517017599999974],[-36.836082499999975,-6.53864909999993],[-36.74915729999998,-6.513417599999968],[-36.703515799999934,-6.538199299999974],[-36.69506179999996,-6.557892999999979],[-36.678976199999966,-6.5513387999999395],[-36.67974799999996,-6.579349199999967],[-36.669096199999956,-6.610305599999947],[-36.69068669999996,-6.61734139999993]]]}},{"id":"1138","type":"Feature","properties":{"COD_IBGE":"2405801","MUNICIPIO":"João Câmara","UF":"RN"},"geometry":{"type":"Polygon","coordinates":[[[-35.76279159999996,-5.638417599999968],[-35.832628599999964,-5.610549099999957],[-35.863869499999964,-5.611879299999941],[-35.86853659999997,-5.605364999999949],[-35.87046529999998,-5.621546799999976],[-35.88345419999996,-5.630948399999966],[-35.89837679999994,-5.624303399999974],[-35.91127949999998,-5.629661099999964],[-35.99240819999994,-5.463787599999932],[-35.999744799999974,-5.416019199999937],[-36.01240299999995,-5.399050099999954],[-35.97547039999995,-5.332101499999965],[-35.83188859999996,-5.306082199999935],[-35.81421329999995,-5.464778699999954],[-35.797924999999964,-5.461184599999967],[-35.777216599999974,-5.4428254999999695],[-35.745060199999955,-5.458278899999925],[-35.746811899999955,-5.6196921999999745],[-35.757091499999945,-5.627964899999938],[-35.77284069999996,-5.6196738999999525],[-35.76279159999996,-5.638417599999968]]]}},{"id":"1139","type":"Feature","properties":{"COD_IBGE":"2405900","MUNICIPIO":"João Dias","UF":"RN"},"geometry":{"type":"Polygon","coordinates":[[[-37.80684779999996,-6.256254099999978],[-37.77661319999993,-6.245874899999933],[-37.76174109999994,-6.252873399999942],[-37.77142189999995,-6.27306509999994],[-37.75766249999998,-6.290772199999935],[-37.81042099999996,-6.291657999999927],[-37.82403009999996,-6.306033699999944],[-37.814754999999934,-6.315143199999966],[-37.843195299999934,-6.333088099999941],[-37.90082279999996,-6.318318399999953],[-37.908095999999944,-6.285189899999978],[-37.84691719999995,-6.254474999999957],[-37.80684779999996,-6.256254099999978]]]}},{"id":"1140","type":"Feature","properties":{"COD_IBGE":"2406007","MUNICIPIO":"José da Penha","UF":"RN"},"geometry":{"type":"Polygon","coordinates":[[[-38.27525829999996,-6.378354599999966],[-38.31664289999998,-6.383826499999941],[-38.33658029999998,-6.374200899999948],[-38.33195539999997,-6.3034412999999745],[-38.297573599999964,-6.278066799999976],[-38.25658079999994,-6.281133399999931],[-38.247640899999965,-6.289723799999933],[-38.24748249999993,-6.333778799999948],[-38.22532659999996,-6.35703019999994],[-38.23806509999997,-6.370248999999944],[-38.25267779999996,-6.418375499999968],[-38.25824529999994,-6.405459299999961],[-38.28669929999995,-6.39175709999995],[-38.27525829999996,-6.378354599999966]]]}},{"id":"1141","type":"Feature","properties":{"COD_IBGE":"2406106","MUNICIPIO":"Jucurutu","UF":"RN"},"geometry":{"type":"Polygon","coordinates":[[[-36.964770699999974,-5.924688299999957],[-36.95050969999994,-5.93042029999998],[-36.93659799999995,-5.968354799999929],[-36.91482849999994,-5.965620899999976],[-36.906767799999955,-5.975459899999976],[-36.892253799999935,-5.977152399999966],[-36.86949229999993,-5.972689199999934],[-36.84895729999994,-6.01033149999995],[-36.85464829999995,-6.025270399999954],[-36.84806489999994,-6.03620989999996],[-36.86778749999996,-6.048480599999948],[-36.86974419999996,-6.060957999999971],[-36.89872679999996,-6.085773899999936],[-36.92116429999993,-6.0820476999999755],[-36.93404889999994,-6.088956999999937],[-36.924463799999955,-6.13199439999994],[-36.901860599999964,-6.134280799999942],[-36.894195999999965,-6.145292799999936],[-36.89215079999997,-6.176616799999977],[-36.911476999999934,-6.186336499999925],[-36.92167809999995,-6.181459099999927],[-36.971055699999965,-6.191304999999943],[-37.00311949999997,-6.221691699999951],[-37.03335759999993,-6.226493999999946],[-37.06294339999994,-6.218217699999968],[-37.070079799999974,-6.237475899999936],[-37.08162629999998,-6.2406442999999285],[-37.11656979999998,-6.206190399999969],[-37.13194749999997,-6.208426199999963],[-37.12919499999998,-6.1925500999999485],[-37.140719599999954,-6.180951799999946],[-37.126675699999964,-6.15687719999994],[-37.166380999999944,-6.153908799999954],[-37.17509609999996,-6.142183099999954],[-37.16678619999993,-6.108645499999966],[-37.17554619999993,-6.05293469999998],[-37.15449099999995,-5.992551799999944],[-37.12216289999998,-5.954871399999945],[-37.06692259999994,-5.984602399999972],[-37.035467799999935,-5.890743599999951],[-37.01535709999996,-5.8708464999999705],[-37.00965779999996,-5.837124699999947],[-36.97740029999994,-5.813621199999943],[-36.966031699999974,-5.846298999999931],[-36.93680389999997,-5.865879199999938],[-36.95949359999997,-5.899258199999963],[-36.97225009999994,-5.904807399999925],[-36.964770699999974,-5.924688299999957]]]}},{"id":"1142","type":"Feature","properties":{"COD_IBGE":"2406155","MUNICIPIO":"Jundiá","UF":"RN"},"geometry":{"type":"Polygon","coordinates":[[[-35.36676609999995,-6.30132999999995],[-35.34542689999995,-6.195319799999936],[-35.339371899999946,-6.185445899999934],[-35.31895569999995,-6.190958599999931],[-35.333132999999975,-6.313792899999953],[-35.348928899999976,-6.314507899999967],[-35.36676609999995,-6.30132999999995]]]}},{"id":"1143","type":"Feature","properties":{"COD_IBGE":"2406205","MUNICIPIO":"Lagoa d'Anta","UF":"RN"},"geometry":{"type":"Polygon","coordinates":[[[-35.55867369999993,-6.430419699999959],[-35.67155599999995,-6.4152325999999675],[-35.68302169999998,-6.358106599999928],[-35.669929199999956,-6.348700299999962],[-35.66905389999994,-6.309455199999945],[-35.61554979999994,-6.349933699999951],[-35.59702459999994,-6.385839899999951],[-35.55503719999996,-6.391018499999973],[-35.54424299999994,-6.417379299999936],[-35.55856479999994,-6.42237549999993],[-35.55867369999993,-6.430419699999959]]]}},{"id":"1144","type":"Feature","properties":{"COD_IBGE":"2406304","MUNICIPIO":"Lagoa de Pedras","UF":"RN"},"geometry":{"type":"Polygon","coordinates":[[[-35.470443699999976,-6.230259599999954],[-35.56772109999997,-6.2057415999999535],[-35.55961499999995,-6.19821879999995],[-35.52703779999996,-6.201312099999939],[-35.44549099999995,-6.154112199999929],[-35.44547659999995,-6.141988499999968],[-35.42331969999998,-6.13269379999997],[-35.41351049999997,-6.132415999999978],[-35.381389799999965,-6.15845969999998],[-35.40301999999997,-6.2103245999999785],[-35.436425199999974,-6.253426499999932],[-35.470443699999976,-6.230259599999954]]]}},{"id":"1145","type":"Feature","properties":{"COD_IBGE":"2406403","MUNICIPIO":"Lagoa de Velhos","UF":"RN"},"geometry":{"type":"Polygon","coordinates":[[[-35.822527099999945,-6.0731757999999445],[-35.92480409999996,-6.010632499999929],[-35.83477199999993,-5.947096399999964],[-35.778337499999964,-6.015874999999937],[-35.822527099999945,-6.0731757999999445]]]}},{"id":"1146","type":"Feature","properties":{"COD_IBGE":"2406502","MUNICIPIO":"Lagoa Nova","UF":"RN"},"geometry":{"type":"Polygon","coordinates":[[[-36.42826859999997,-6.088126899999963],[-36.39857379999995,-6.117494199999953],[-36.42420839999994,-6.130931999999973],[-36.42906729999993,-6.1417893999999364],[-36.42897729999993,-6.112677099999928],[-36.459902899999975,-6.115301199999976],[-36.50329869999996,-6.137425999999948],[-36.509046499999954,-6.121958999999947],[-36.487177799999984,-6.111865999999964],[-36.494966699999964,-6.103444499999966],[-36.50310349999995,-6.107982399999969],[-36.502670799999976,-6.098408899999981],[-36.51836169999996,-6.102261999999939],[-36.51469489999994,-6.108391099999949],[-36.526305099999945,-6.113803399999938],[-36.53028779999994,-6.130395199999953],[-36.54798109999996,-6.1437947999999665],[-36.55315939999997,-6.131353899999965],[-36.57247289999998,-6.132026599999961],[-36.57832169999995,-6.141412299999956],[-36.58007479999998,-6.131570999999951],[-36.59107089999998,-6.139793699999927],[-36.59956989999995,-6.125127499999962],[-36.622307199999966,-6.13176459999994],[-36.63871539999997,-6.089008199999967],[-36.52178859999998,-6.04667059999997],[-36.444167499999935,-6.04141999999996],[-36.42826859999997,-6.088126899999963]]]}},{"id":"1147","type":"Feature","properties":{"COD_IBGE":"2406601","MUNICIPIO":"Lagoa Salgada","UF":"RN"},"geometry":{"type":"Polygon","coordinates":[[[-35.500221099999976,-6.112147299999947],[-35.443740799999944,-6.140551099999925],[-35.44549099999995,-6.154112199999929],[-35.52703779999996,-6.201312099999939],[-35.55041849999998,-6.199901699999941],[-35.53542599999997,-6.142030899999952],[-35.54171489999993,-6.09707549999996],[-35.52652159999997,-6.090539399999955],[-35.500221099999976,-6.112147299999947]]]}},{"id":"1148","type":"Feature","properties":{"COD_IBGE":"2406700","MUNICIPIO":"Lajes","UF":"RN"},"geometry":{"type":"Polygon","coordinates":[[[-36.268246499999975,-5.6955096999999455],[-36.17972849999995,-5.477532599999961],[-36.22323159999996,-5.433874199999934],[-36.15994329999995,-5.434112499999969],[-36.12854689999995,-5.456816599999968],[-36.14090059999995,-5.500239499999964],[-36.17197879999998,-5.5446794999999724],[-36.14369439999996,-5.566936399999975],[-36.143164999999954,-5.591525999999931],[-36.06253479999998,-5.655286799999942],[-36.11560339999994,-5.809178899999949],[-36.11783939999998,-5.859051299999976],[-36.13741299999998,-5.863947699999926],[-36.15637049999998,-5.849525699999958],[-36.180022099999974,-5.853468999999961],[-36.19681929999996,-5.883116599999937],[-36.212878699999976,-5.8737257999999315],[-36.22417939999997,-5.8999533999999585],[-36.25909909999996,-5.863068299999952],[-36.25396359999996,-5.83104359999993],[-36.28475199999997,-5.859291499999927],[-36.268246499999975,-5.6955096999999455]]]}},{"id":"1149","type":"Feature","properties":{"COD_IBGE":"2406809","MUNICIPIO":"Lajes Pintadas","UF":"RN"},"geometry":{"type":"Polygon","coordinates":[[[-36.133759399999974,-6.210572799999966],[-36.15753799999993,-6.166043299999956],[-36.22619879999996,-6.1641241999999465],[-36.224504399999944,-6.141488699999968],[-36.17376719999993,-6.121740699999975],[-36.16290619999995,-6.106472099999962],[-36.12864419999994,-6.090244899999959],[-36.11715239999995,-6.091721299999961],[-36.11638059999996,-6.104430999999977],[-36.08547079999994,-6.096751099999949],[-36.07786109999995,-6.196145799999954],[-36.133759399999974,-6.210572799999966]]]}},{"id":"1150","type":"Feature","properties":{"COD_IBGE":"2406908","MUNICIPIO":"Lucrécia","UF":"RN"},"geometry":{"type":"Polygon","coordinates":[[[-37.79735999999997,-6.1505866999999625],[-37.863958099999934,-6.103980399999955],[-37.83237879999996,-6.082211299999926],[-37.84582249999994,-6.05690629999998],[-37.78904119999993,-6.090893999999935],[-37.79615519999993,-6.101125099999933],[-37.805920999999955,-6.098568599999965],[-37.811248999999975,-6.119943399999954],[-37.79735999999997,-6.1505866999999625]]]}},{"id":"1151","type":"Feature","properties":{"COD_IBGE":"2407005","MUNICIPIO":"Luís Gomes","UF":"RN"},"geometry":{"type":"Polygon","coordinates":[[[-38.38453439999995,-6.422219499999926],[-38.39931939999997,-6.4097924999999805],[-38.43834399999997,-6.409874799999955],[-38.450791799999934,-6.392765499999939],[-38.48649029999996,-6.397748399999955],[-38.48856139999998,-6.361608599999954],[-38.44685799999996,-6.319171899999958],[-38.40866429999994,-6.293457499999931],[-38.396474799999964,-6.318659699999955],[-38.39456459999997,-6.345094699999947],[-38.33129699999995,-6.328736099999958],[-38.34380169999997,-6.456651799999975],[-38.36097559999996,-6.461987499999964],[-38.363790499999936,-6.453641999999945],[-38.373662999999965,-6.455780999999945],[-38.38453439999995,-6.422219499999926]]]}},{"id":"1152","type":"Feature","properties":{"COD_IBGE":"2407104","MUNICIPIO":"Macaíba","UF":"RN"},"geometry":{"type":"Polygon","coordinates":[[[-35.43194999999997,-5.8452360999999655],[-35.30108029999997,-5.839704299999937],[-35.281969799999956,-5.829472499999952],[-35.29608509999997,-5.958238499999936],[-35.546734999999956,-6.053954799999929],[-35.55772919999998,-6.04677659999993],[-35.53740119999998,-5.995684399999959],[-35.55561649999993,-5.948495499999979],[-35.57222669999993,-5.932308099999943],[-35.48750119999994,-5.8296878999999535],[-35.43194999999997,-5.8452360999999655]]]}},{"id":"1153","type":"Feature","properties":{"COD_IBGE":"2407203","MUNICIPIO":"Macau","UF":"RN"},"geometry":{"type":"Polygon","coordinates":[[[-36.71559039999994,-5.080898599999955],[-36.61339609999993,-5.09433359999997],[-36.61040929999996,-5.078442099999961],[-36.58124289999995,-5.089018599999974],[-36.54403849999994,-5.088893999999925],[-36.53444059999998,-5.071159499999965],[-36.50354139999996,-5.061802499999942],[-36.47391229999994,-5.069694499999969],[-36.44923019999993,-5.0664438999999675],[-36.406821699999966,-5.080693199999928],[-36.43064409999994,-5.1330970999999295],[-36.36818509999995,-5.250781699999948],[-36.380341199999975,-5.2712677999999755],[-36.383340499999974,-5.318014699999935],[-36.41450629999997,-5.3377375999999686],[-36.43986849999993,-5.36988139999994],[-36.51562609999996,-5.402238099999977],[-36.51477489999996,-5.301887399999941],[-36.54210219999993,-5.30151079999996],[-36.53515459999994,-5.264626499999963],[-36.55754969999998,-5.2208166999999435],[-36.72911579999993,-5.175029499999937],[-36.72144489999994,-5.135387499999979],[-36.73055739999995,-5.133050699999956],[-36.730429399999935,-5.118472899999972],[-36.71949479999995,-5.119408299999975],[-36.717336399999965,-5.111521499999981],[-36.73996809999994,-5.10664909999997],[-36.751474299999984,-5.095809299999928],[-36.71559039999994,-5.080898599999955]]]}},{"id":"1154","type":"Feature","properties":{"COD_IBGE":"2407252","MUNICIPIO":"Major Sales","UF":"RN"},"geometry":{"type":"Polygon","coordinates":[[[-38.34757999999994,-6.4480135999999675],[-38.33658029999998,-6.374200899999948],[-38.31664289999998,-6.383826499999941],[-38.30951459999994,-6.377667299999928],[-38.27525829999996,-6.378354599999966],[-38.30683669999996,-6.426080299999967],[-38.34757999999994,-6.4480135999999675]]]}},{"id":"1155","type":"Feature","properties":{"COD_IBGE":"2407302","MUNICIPIO":"Marcelino Vieira","UF":"RN"},"geometry":{"type":"Polygon","coordinates":[[[-38.18372849999997,-6.203934499999946],[-38.12915039999996,-6.17583129999997],[-38.057303599999955,-6.19573319999995],[-38.06354319999997,-6.253613199999961],[-38.097542199999964,-6.314509299999941],[-38.10361439999997,-6.356259899999941],[-38.16470789999994,-6.386756299999945],[-38.18835769999998,-6.361734599999977],[-38.203108499999985,-6.380781699999943],[-38.23845179999995,-6.385588799999937],[-38.23806509999997,-6.370248999999944],[-38.22532659999996,-6.35703019999994],[-38.24748249999993,-6.333778799999948],[-38.247640899999965,-6.289723799999933],[-38.258506599999976,-6.275612399999943],[-38.249127999999985,-6.249257899999975],[-38.193922499999985,-6.220579199999975],[-38.18372849999997,-6.203934499999946]]]}},{"id":"1156","type":"Feature","properties":{"COD_IBGE":"2407401","MUNICIPIO":"Martins","UF":"RN"},"geometry":{"type":"Polygon","coordinates":[[[-37.909973899999954,-6.140585899999962],[-37.92524729999997,-6.143385999999964],[-37.92008109999995,-6.145720299999937],[-37.92228279999995,-6.1649728999999525],[-37.92685369999998,-6.155083499999932],[-37.93314959999998,-6.165620899999965],[-37.94707859999994,-6.160476099999926],[-37.940416599999935,-6.154852999999946],[-37.94961579999995,-6.151704499999937],[-37.93955719999997,-6.122703599999966],[-37.94105399999995,-6.099245799999949],[-37.98099079999997,-6.075554899999929],[-37.94320799999997,-6.00983169999995],[-37.934875199999965,-6.017196199999944],[-37.93392689999996,-6.004269999999963],[-37.89715209999997,-6.007916799999975],[-37.861548599999935,-6.030892799999947],[-37.83237879999996,-6.082211299999926],[-37.86587709999998,-6.106943499999943],[-37.85767649999997,-6.123218899999927],[-37.88020739999996,-6.120407299999954],[-37.87015749999995,-6.14557979999995],[-37.89408369999995,-6.173709499999973],[-37.90739119999995,-6.174562599999945],[-37.89446269999996,-6.154048299999943],[-37.91481399999998,-6.164846599999976],[-37.90817109999995,-6.158793399999979],[-37.91477669999995,-6.15013179999994],[-37.902282199999945,-6.149047999999937],[-37.909973899999954,-6.140585899999962]]]}},{"id":"1157","type":"Feature","properties":{"COD_IBGE":"2407500","MUNICIPIO":"Maxaranguape","UF":"RN"},"geometry":{"type":"Polygon","coordinates":[[[-35.27524069999998,-5.501704099999927],[-35.29749829999997,-5.487067799999977],[-35.328898299999935,-5.490146299999935],[-35.358227899999974,-5.469621099999927],[-35.40351479999998,-5.464596299999926],[-35.41223359999998,-5.457229999999981],[-35.43383199999994,-5.468915599999946],[-35.45433509999998,-5.469826199999943],[-35.470905899999934,-5.485816299999954],[-35.50180599999993,-5.4923036999999795],[-35.48157829999997,-5.453365599999927],[-35.41369249999997,-5.43648289999993],[-35.40114879999993,-5.437239899999952],[-35.387681199999975,-5.45257179999993],[-35.37384869999994,-5.416863399999954],[-35.32186089999993,-5.376877499999978],[-35.30994099999998,-5.390652199999977],[-35.308044999999936,-5.414738199999931],[-35.292411899999934,-5.4266750999999545],[-35.28800239999998,-5.460560199999975],[-35.27283829999993,-5.479054499999961],[-35.25958429999997,-5.481713799999966],[-35.25647739999994,-5.530264699999975],[-35.27524069999998,-5.501704099999927]]]}},{"id":"1158","type":"Feature","properties":{"COD_IBGE":"2407609","MUNICIPIO":"Messias Targino","UF":"RN"},"geometry":{"type":"Polygon","coordinates":[[[-37.45649529999997,-6.096654899999976],[-37.35905399999996,-6.0060993999999255],[-37.38263539999997,-6.066918499999929],[-37.374164399999984,-6.0699588999999605],[-37.37878299999994,-6.085132599999952],[-37.39218359999995,-6.108173299999976],[-37.44569309999997,-6.112201399999947],[-37.45894739999994,-6.145002199999965],[-37.482991099999936,-6.15168099999994],[-37.50339629999996,-6.144396599999936],[-37.50289079999993,-6.152140499999973],[-37.52187689999994,-6.1517910999999685],[-37.57737949999995,-6.033989599999927],[-37.55739059999996,-6.015982099999974],[-37.51481019999994,-6.06452059999998],[-37.45649529999997,-6.096654899999976]]]}},{"id":"1159","type":"Feature","properties":{"COD_IBGE":"2407708","MUNICIPIO":"Montanhas","UF":"RN"},"geometry":{"type":"Polygon","coordinates":[[[-35.27400259999996,-6.48203239999998],[-35.22442939999996,-6.5216327999999635],[-35.229778599999975,-6.53032909999996],[-35.274565199999984,-6.5438777999999616],[-35.34126379999998,-6.538616899999965],[-35.31436089999994,-6.4496054999999615],[-35.27812919999997,-6.449301099999957],[-35.27400259999996,-6.48203239999998]]]}},{"id":"1160","type":"Feature","properties":{"COD_IBGE":"2407807","MUNICIPIO":"Monte Alegre","UF":"RN"},"geometry":{"type":"Polygon","coordinates":[[[-35.29842579999996,-6.066398999999933],[-35.322609099999966,-6.109452699999963],[-35.326089499999966,-6.1408298999999715],[-35.352381599999944,-6.181966599999953],[-35.41351049999997,-6.132415999999978],[-35.443740799999944,-6.140551099999925],[-35.465544799999975,-6.12160769999997],[-35.500221099999976,-6.112147299999947],[-35.534195799999964,-6.090233599999976],[-35.545389299999954,-6.055632899999978],[-35.50872979999997,-6.051349999999957],[-35.48838489999997,-6.062948899999981],[-35.49263639999998,-6.07452909999995],[-35.45655709999994,-6.0784503999999515],[-35.44263749999993,-6.061902499999974],[-35.43220789999998,-6.065462099999934],[-35.42679599999997,-6.046217199999944],[-35.41159769999996,-6.053786499999944],[-35.39128739999995,-6.051842399999941],[-35.379457799999955,-6.060891099999935],[-35.32325909999997,-6.0482487999999535],[-35.29842579999996,-6.066398999999933]]]}},{"id":"1161","type":"Feature","properties":{"COD_IBGE":"2407906","MUNICIPIO":"Monte das Gameleiras","UF":"RN"},"geometry":{"type":"Polygon","coordinates":[[[-35.773323699999935,-6.482844099999966],[-35.84810349999998,-6.451657799999964],[-35.847265999999934,-6.439125199999978],[-35.85457379999997,-6.4345177999999805],[-35.84344249999998,-6.377772899999968],[-35.77344979999998,-6.4076442999999585],[-35.76467919999993,-6.418613599999958],[-35.766479999999945,-6.4437094999999545],[-35.77622759999997,-6.450987399999974],[-35.773323699999935,-6.482844099999966]]]}},{"id":"1162","type":"Feature","properties":{"COD_IBGE":"2408003","MUNICIPIO":"Mossoró","UF":"RN"},"geometry":{"type":"Polygon","coordinates":[[[-37.29578499999997,-5.391396899999961],[-37.425980899999956,-5.311215699999934],[-37.583095399999934,-5.277932299999975],[-37.48857919999995,-5.016896299999928],[-37.49725899999993,-5.011042399999951],[-37.49842689999997,-4.996510399999977],[-37.492034899999965,-4.923067899999978],[-37.46902499999993,-4.89932749999997],[-37.46708129999996,-4.8859246999999755],[-37.44644589999996,-4.880961399999933],[-37.42725959999996,-4.91149409999997],[-37.36507229999995,-4.907440399999928],[-37.34526389999996,-4.935010599999941],[-37.20876949999996,-4.99167319999998],[-37.17666209999993,-4.9702005999999415],[-37.16669429999996,-5.015040699999929],[-37.13664899999998,-5.005052599999942],[-37.13224029999998,-5.011741499999971],[-37.13175549999994,-5.03048739999997],[-37.153107999999975,-5.048404399999981],[-37.152809599999955,-5.07648759999995],[-37.14095439999994,-5.101182799999947],[-37.105409899999984,-5.132690099999934],[-37.11109099999993,-5.1665541999999505],[-37.156487899999945,-5.166662599999938],[-37.15583899999996,-5.293891599999938],[-37.12613529999993,-5.293424499999958],[-37.17275929999994,-5.490492299999971],[-37.29467059999996,-5.4778987999999345],[-37.30199539999995,-5.443430499999977],[-37.293285099999935,-5.417229299999974],[-37.30361499999998,-5.397729399999946],[-37.29578499999997,-5.391396899999961]]]}},{"id":"1163","type":"Feature","properties":{"COD_IBGE":"2408102","MUNICIPIO":"Natal","UF":"RN"},"geometry":{"type":"Polygon","coordinates":[[[-35.21793539999993,-5.868573699999956],[-35.22506279999993,-5.881092799999976],[-35.24286319999993,-5.86491099999995],[-35.28253269999993,-5.849579199999937],[-35.28151539999993,-5.822044699999935],[-35.255543899999964,-5.805028499999935],[-35.24756139999994,-5.782245199999977],[-35.288106899999946,-5.75887229999995],[-35.291066599999965,-5.73094569999995],[-35.26553569999993,-5.704048899999975],[-35.23711069999996,-5.7145993999999405],[-35.19433529999998,-5.755173799999966],[-35.19259489999996,-5.780932199999938],[-35.179242399999964,-5.798971399999971],[-35.17881239999997,-5.866364199999964],[-35.16908849999993,-5.88194459999994],[-35.153926799999965,-5.882951899999966],[-35.15410659999998,-5.897834099999955],[-35.17619529999996,-5.899817699999971],[-35.21793539999993,-5.868573699999956]]]}},{"id":"1164","type":"Feature","properties":{"COD_IBGE":"2408201","MUNICIPIO":"Nísia Floresta","UF":"RN"},"geometry":{"type":"Polygon","coordinates":[[[-35.09630249999998,-6.057287799999926],[-35.09781389999995,-6.139753799999937],[-35.11115599999994,-6.134582899999941],[-35.12756719999993,-6.145993199999964],[-35.13168489999998,-6.136706599999968],[-35.13841809999997,-6.142235699999958],[-35.16048019999994,-6.135502699999961],[-35.15691289999995,-6.150810199999967],[-35.17451179999995,-6.164542299999937],[-35.22026909999994,-6.170778999999925],[-35.23361099999994,-6.115599999999972],[-35.23454899999996,-6.101497299999949],[-35.226059299999974,-6.1066308999999706],[-35.22807199999994,-6.07344889999996],[-35.23754489999993,-6.068252099999938],[-35.23031819999994,-5.973805199999958],[-35.235383199999944,-5.951683099999968],[-35.244402699999966,-5.951880499999959],[-35.20923639999995,-5.934098699999936],[-35.18271619999996,-5.937779599999942],[-35.12978659999993,-5.982120399999928],[-35.11434469999995,-5.985955899999965],[-35.10622979999994,-6.006917199999975],[-35.10937229999996,-6.045584499999961],[-35.09630249999998,-6.057287799999926]]]}},{"id":"1165","type":"Feature","properties":{"COD_IBGE":"2408300","MUNICIPIO":"Nova Cruz","UF":"RN"},"geometry":{"type":"Polygon","coordinates":[[[-35.43532099999993,-6.488777299999981],[-35.44265219999994,-6.4793734999999515],[-35.44669739999995,-6.486843299999975],[-35.46004599999998,-6.476778399999944],[-35.477139299999976,-6.486852299999953],[-35.52529649999997,-6.476097799999934],[-35.56166809999996,-6.492644799999937],[-35.58053239999998,-6.487111399999947],[-35.58052349999997,-6.470557199999973],[-35.55856479999994,-6.42237549999993],[-35.517614099999946,-6.406297299999949],[-35.447378699999945,-6.414418299999966],[-35.44714829999998,-6.4057551999999305],[-35.409208399999955,-6.381515999999976],[-35.38624299999998,-6.390488399999981],[-35.37294209999993,-6.405501699999945],[-35.35021899999998,-6.408815299999958],[-35.33696749999996,-6.396093099999973],[-35.30819879999996,-6.4048625999999445],[-35.31177789999998,-6.4105054999999425],[-35.300319299999956,-6.418865499999981],[-35.314581199999964,-6.441597299999955],[-35.34126379999998,-6.538616899999965],[-35.36451249999993,-6.512040499999955],[-35.394755499999974,-6.494033599999966],[-35.43532099999993,-6.488777299999981]]]}},{"id":"1166","type":"Feature","properties":{"COD_IBGE":"2408409","MUNICIPIO":"Olho d'Água do Borges","UF":"RN"},"geometry":{"type":"Polygon","coordinates":[[[-37.70617759999993,-6.048572399999955],[-37.73494429999994,-6.033020099999931],[-37.74074759999996,-6.013174499999934],[-37.77346549999993,-5.999851099999944],[-37.76595809999998,-5.9926761999999485],[-37.77390279999997,-5.96010629999995],[-37.73378989999998,-5.911870499999964],[-37.648576299999945,-5.941312099999948],[-37.65696409999998,-5.9919746999999575],[-37.67451619999997,-6.017382299999952],[-37.672449599999936,-6.047933499999942],[-37.70617759999993,-6.048572399999955]]]}},{"id":"1167","type":"Feature","properties":{"COD_IBGE":"2408508","MUNICIPIO":"Ouro Branco","UF":"RN"},"geometry":{"type":"Polygon","coordinates":[[[-37.00359119999996,-6.709612299999947],[-36.97982179999997,-6.641564899999935],[-36.98062009999995,-6.617136399999936],[-36.93097489999997,-6.577592599999946],[-36.918299599999955,-6.600798399999974],[-36.89308059999996,-6.6140768999999295],[-36.89108109999995,-6.624180099999933],[-36.870539399999984,-6.6305624999999395],[-36.86641739999993,-6.655762299999935],[-36.85242569999997,-6.649246099999971],[-36.81668819999993,-6.679580999999928],[-36.84264579999996,-6.674623799999949],[-36.85076399999997,-6.689611099999979],[-36.838293799999974,-6.706292699999949],[-36.835029599999984,-6.731070899999963],[-36.90342839999994,-6.75361479999998],[-36.957135499999936,-6.790478199999939],[-36.952662799999985,-6.7751530999999545],[-36.97070819999993,-6.768299099999979],[-36.97762179999995,-6.721855199999936],[-36.98994109999995,-6.709150099999931],[-37.00359119999996,-6.709612299999947]]]}},{"id":"1168","type":"Feature","properties":{"COD_IBGE":"2408607","MUNICIPIO":"Paraná","UF":"RN"},"geometry":{"type":"Polygon","coordinates":[[[-38.25811119999997,-6.405770299999972],[-38.229021899999964,-6.483346599999948],[-38.25653109999996,-6.483209399999964],[-38.28871979999997,-6.505617299999926],[-38.29402859999993,-6.489401399999963],[-38.31408739999995,-6.487332399999957],[-38.32843749999995,-6.460655999999972],[-38.33932469999996,-6.460125999999946],[-38.34757999999994,-6.4480135999999675],[-38.30683669999996,-6.426080299999967],[-38.28669929999995,-6.39175709999995],[-38.25811119999997,-6.405770299999972]]]}},{"id":"1169","type":"Feature","properties":{"COD_IBGE":"2408706","MUNICIPIO":"Paraú","UF":"RN"},"geometry":{"type":"Polygon","coordinates":[[[-37.035788399999944,-5.891008599999964],[-37.14873049999994,-5.866342399999951],[-37.19495879999994,-5.8237406999999735],[-37.17948839999997,-5.819060899999954],[-37.22540429999998,-5.789836199999968],[-37.220578899999964,-5.71749699999998],[-37.20350039999994,-5.725130099999944],[-37.185444099999984,-5.716681199999925],[-37.176777899999934,-5.723693599999933],[-37.10459399999996,-5.656221499999958],[-37.05456049999998,-5.745787999999948],[-36.99409749999995,-5.771707999999933],[-37.035788399999944,-5.891008599999964]]]}},{"id":"1170","type":"Feature","properties":{"COD_IBGE":"2408805","MUNICIPIO":"Parazinho","UF":"RN"},"geometry":{"type":"Polygon","coordinates":[[[-35.837676199999976,-5.227269599999943],[-35.83188859999996,-5.306082199999935],[-35.97547039999995,-5.332101499999965],[-36.01240299999995,-5.399050099999954],[-36.036914399999944,-5.301239799999962],[-36.05081769999998,-5.2987558999999465],[-36.001948599999935,-5.256109299999935],[-35.95215439999998,-5.237380899999948],[-35.83186459999996,-5.210024399999952],[-35.837676199999976,-5.227269599999943]]]}},{"id":"1171","type":"Feature","properties":{"COD_IBGE":"2408904","MUNICIPIO":"Parelhas","UF":"RN"},"geometry":{"type":"Polygon","coordinates":[[[-36.636051899999984,-6.818046799999934],[-36.65171699999996,-6.817399899999941],[-36.66021989999996,-6.826732899999968],[-36.676199199999985,-6.817241199999955],[-36.697253899999964,-6.833381599999939],[-36.710919099999956,-6.816095599999926],[-36.72602079999996,-6.816602499999931],[-36.73149749999993,-6.802476799999965],[-36.70504969999996,-6.744344999999953],[-36.711271099999976,-6.735252599999967],[-36.70162019999998,-6.705953099999931],[-36.71633159999993,-6.706296799999961],[-36.70664879999998,-6.679939599999955],[-36.71638719999993,-6.66641409999994],[-36.73421029999997,-6.6611100999999735],[-36.69777119999998,-6.619649599999946],[-36.669096199999956,-6.610305599999947],[-36.67974799999996,-6.579349199999967],[-36.63640579999998,-6.592401699999925],[-36.58750729999997,-6.584798699999965],[-36.55002529999996,-6.608023499999945],[-36.52074269999997,-6.610601599999939],[-36.54741519999993,-6.695149699999945],[-36.558880399999964,-6.709107499999959],[-36.54420449999998,-6.7312034999999355],[-36.52776579999994,-6.7349448999999595],[-36.50256079999997,-6.757624699999951],[-36.506937799999946,-6.813005399999952],[-36.55020509999997,-6.843551199999979],[-36.567942899999935,-6.8354642999999555],[-36.57488209999997,-6.80623259999993],[-36.61700039999994,-6.800461599999949],[-36.636051899999984,-6.818046799999934]]]}},{"id":"1172","type":"Feature","properties":{"COD_IBGE":"2408953","MUNICIPIO":"Rio do Fogo","UF":"RN"},"geometry":{"type":"Polygon","coordinates":[[[-35.37070719999997,-5.284585599999957],[-35.35109679999994,-5.362468699999965],[-35.32599189999996,-5.381257399999981],[-35.37384869999994,-5.416863399999954],[-35.387681199999975,-5.45257179999993],[-35.40114879999993,-5.437239899999952],[-35.41369249999997,-5.43648289999993],[-35.48157829999997,-5.453365599999927],[-35.38513999999998,-5.269048899999973],[-35.37070719999997,-5.284585599999957]]]}},{"id":"1173","type":"Feature","properties":{"COD_IBGE":"2409100","MUNICIPIO":"Passa e Fica","UF":"RN"},"geometry":{"type":"Polygon","coordinates":[[[-35.616874199999984,-6.462632999999926],[-35.66016429999996,-6.44527869999996],[-35.66532749999993,-6.44996059999994],[-35.67130089999995,-6.414103599999976],[-35.55843569999996,-6.430439499999977],[-35.58138259999998,-6.484057999999948],[-35.60018809999997,-6.460610599999939],[-35.616874199999984,-6.462632999999926]]]}},{"id":"1174","type":"Feature","properties":{"COD_IBGE":"2409209","MUNICIPIO":"Passagem","UF":"RN"},"geometry":{"type":"Polygon","coordinates":[[[-35.40514819999993,-6.263526099999979],[-35.40136019999994,-6.245389999999929],[-35.358129599999984,-6.249812499999962],[-35.388480399999935,-6.322845199999961],[-35.425354899999945,-6.319362399999932],[-35.425550699999974,-6.280577199999925],[-35.40514819999993,-6.263526099999979]]]}},{"id":"1175","type":"Feature","properties":{"COD_IBGE":"2409308","MUNICIPIO":"Patu","UF":"RN"},"geometry":{"type":"Polygon","coordinates":[[[-37.680091499999946,-6.189156999999966],[-37.70899659999998,-6.177003999999954],[-37.67441569999994,-6.067599199999961],[-37.67451619999997,-6.017382299999952],[-37.65696409999998,-5.9919746999999575],[-37.648576299999945,-5.941312099999948],[-37.55739059999996,-6.015982099999974],[-37.57737949999995,-6.033989599999927],[-37.52187689999994,-6.1517910999999685],[-37.53635079999998,-6.152835999999979],[-37.539994999999976,-6.165930299999957],[-37.560652699999935,-6.164531899999929],[-37.569620499999985,-6.155438699999934],[-37.599913199999946,-6.17401099999995],[-37.638475599999936,-6.179836999999964],[-37.64671189999996,-6.189392299999952],[-37.680091499999946,-6.189156999999966]]]}},{"id":"1176","type":"Feature","properties":{"COD_IBGE":"2409332","MUNICIPIO":"Santa Maria","UF":"RN"},"geometry":{"type":"Polygon","coordinates":[[[-35.65627759999995,-5.717982899999981],[-35.63876979999998,-5.790049799999963],[-35.66791669999998,-5.794309699999928],[-35.68324729999995,-5.868980399999941],[-35.717767299999934,-5.860668499999974],[-35.721409999999935,-5.868697699999927],[-35.74212259999996,-5.87227299999995],[-35.79681809999994,-5.853288999999961],[-35.77957859999998,-5.815181399999972],[-35.77709989999994,-5.716385999999943],[-35.65627759999995,-5.717982899999981]]]}},{"id":"1177","type":"Feature","properties":{"COD_IBGE":"2409407","MUNICIPIO":"Pau dos Ferros","UF":"RN"},"geometry":{"type":"Polygon","coordinates":[[[-38.207191799999976,-6.155570299999965],[-38.24911599999996,-6.163794099999961],[-38.249573399999974,-6.135930799999926],[-38.26696569999996,-6.112150699999972],[-38.26133409999994,-6.07486769999997],[-38.27490039999998,-6.065798799999925],[-38.25256909999996,-6.043103099999939],[-38.25217189999995,-6.010157599999957],[-38.21545519999995,-6.024108499999954],[-38.17770789999997,-6.056314099999952],[-38.147667799999965,-6.096063899999933],[-38.04378189999994,-6.125989299999958],[-38.04166029999993,-6.169102599999974],[-38.05491429999995,-6.1610255999999595],[-38.057303599999955,-6.19573319999995],[-38.12915039999996,-6.17583129999997],[-38.16964009999998,-6.194056899999964],[-38.16172689999996,-6.184761899999955],[-38.16852819999997,-6.17488469999995],[-38.207191799999976,-6.155570299999965]]]}},{"id":"1178","type":"Feature","properties":{"COD_IBGE":"2409506","MUNICIPIO":"Pedra Grande","UF":"RN"},"geometry":{"type":"Polygon","coordinates":[[[-35.90825739999997,-5.059477999999956],[-35.79091999999997,-5.077403499999946],[-35.83186459999996,-5.210024399999952],[-35.95215439999998,-5.237380899999948],[-35.90825739999997,-5.059477999999956]]]}},{"id":"1179","type":"Feature","properties":{"COD_IBGE":"2409605","MUNICIPIO":"Pedra Preta","UF":"RN"},"geometry":{"type":"Polygon","coordinates":[[[-36.06253479999998,-5.655286799999942],[-36.143164999999954,-5.591525999999931],[-36.14369439999996,-5.566936399999975],[-36.17197879999998,-5.5446794999999724],[-36.14090059999995,-5.500239499999964],[-36.12854689999995,-5.456816599999968],[-36.063302299999975,-5.405398699999978],[-36.02767069999993,-5.4452450999999655],[-35.99240819999994,-5.463787599999932],[-36.06253479999998,-5.655286799999942]]]}},{"id":"1180","type":"Feature","properties":{"COD_IBGE":"2409704","MUNICIPIO":"Pedro Avelino","UF":"RN"},"geometry":{"type":"Polygon","coordinates":[[[-36.27583999999996,-5.289477499999975],[-36.22323159999996,-5.433874199999934],[-36.17972849999995,-5.477532599999961],[-36.262237599999935,-5.6798835999999255],[-36.30695399999996,-5.650260899999978],[-36.46990729999993,-5.59837239999996],[-36.43986849999993,-5.36988139999994],[-36.41450629999997,-5.3377375999999686],[-36.381268499999976,-5.314866399999971],[-36.380341199999975,-5.2712677999999755],[-36.36818509999995,-5.250781699999948],[-36.27583999999996,-5.289477499999975]]]}},{"id":"1181","type":"Feature","properties":{"COD_IBGE":"2409803","MUNICIPIO":"Pedro Velho","UF":"RN"},"geometry":{"type":"Polygon","coordinates":[[[-35.22442939999996,-6.5216327999999635],[-35.27537319999993,-6.480937099999949],[-35.27812919999997,-6.449301099999957],[-35.315169099999935,-6.446087599999942],[-35.300319299999956,-6.418865499999981],[-35.31177789999998,-6.4105054999999425],[-35.30961879999995,-6.403112199999953],[-35.27286779999997,-6.370780699999955],[-35.25670709999997,-6.389903799999956],[-35.23164689999993,-6.403072899999927],[-35.229164699999956,-6.420363899999927],[-35.18797569999998,-6.414910599999928],[-35.180479599999956,-6.43254509999997],[-35.171442999999954,-6.430524599999956],[-35.145807099999956,-6.552759799999933],[-35.17029889999998,-6.558392599999934],[-35.199474599999974,-6.549944099999948],[-35.21937419999995,-6.5175102999999694],[-35.22442939999996,-6.5216327999999635]]]}},{"id":"1182","type":"Feature","properties":{"COD_IBGE":"2409902","MUNICIPIO":"Pendências","UF":"RN"},"geometry":{"type":"Polygon","coordinates":[[[-36.72539089999998,-5.261617699999931],[-36.72567589999994,-5.229475699999966],[-36.71533219999998,-5.214496799999949],[-36.72911579999993,-5.175029499999937],[-36.55754969999998,-5.2208166999999435],[-36.53515459999994,-5.264626499999963],[-36.54210219999993,-5.30151079999996],[-36.51477489999996,-5.301887399999941],[-36.51562609999996,-5.402238099999977],[-36.537381799999935,-5.412795699999947],[-36.55541439999996,-5.394906699999979],[-36.66436239999996,-5.372180399999934],[-36.75456099999997,-5.272675999999933],[-36.72539089999998,-5.261617699999931]]]}},{"id":"1183","type":"Feature","properties":{"COD_IBGE":"2410009","MUNICIPIO":"Pilões","UF":"RN"},"geometry":{"type":"Polygon","coordinates":[[[-38.06354319999997,-6.253613199999961],[-37.96333039999996,-6.256454699999949],[-37.98390639999997,-6.310632099999964],[-38.03565299999997,-6.3215891999999485],[-38.04348269999997,-6.320576699999947],[-38.04346289999995,-6.312487199999964],[-38.074738099999934,-6.314003399999933],[-38.089392499999974,-6.317055799999935],[-38.08893969999997,-6.333134799999925],[-38.09984149999997,-6.3302953999999545],[-38.06354319999997,-6.253613199999961]]]}},{"id":"1184","type":"Feature","properties":{"COD_IBGE":"2410108","MUNICIPIO":"Poço Branco","UF":"RN"},"geometry":{"type":"Polygon","coordinates":[[[-35.70945249999994,-5.6362726999999495],[-35.73874939999996,-5.635980399999937],[-35.74776919999994,-5.627539099999979],[-35.745060199999955,-5.458278899999925],[-35.68348979999996,-5.463353599999948],[-35.62564139999995,-5.492259999999931],[-35.668181199999935,-5.496349399999929],[-35.65854459999997,-5.586455199999932],[-35.641471199999955,-5.629390699999931],[-35.63181629999997,-5.714385599999957],[-35.69721819999995,-5.665588299999968],[-35.70945249999994,-5.6362726999999495]]]}},{"id":"1185","type":"Feature","properties":{"COD_IBGE":"2410207","MUNICIPIO":"Portalegre","UF":"RN"},"geometry":{"type":"Polygon","coordinates":[[[-37.96220959999994,-6.051145199999951],[-38.00969889999993,-6.0963731999999595],[-38.010532799999964,-6.088436099999967],[-38.02525309999993,-6.083854799999926],[-38.03335979999997,-6.059988799999928],[-38.06798509999993,-6.076095299999963],[-38.070072299999936,-6.066726199999948],[-38.05436519999995,-6.044565099999943],[-38.07599929999998,-6.042801299999951],[-38.075901999999985,-6.03573259999996],[-38.08203549999996,-6.049776299999962],[-38.08516169999996,-6.038490299999978],[-38.071402999999975,-6.027992099999949],[-38.08672939999997,-6.014967699999943],[-38.06718089999998,-6.007913299999927],[-38.06414609999996,-5.997135399999934],[-38.06013939999997,-6.006140699999946],[-38.03528159999996,-6.003687499999955],[-38.016340699999944,-5.97551859999993],[-38.013950499999964,-5.982416199999932],[-38.002256399999965,-5.982895599999949],[-38.01141469999993,-5.963205699999946],[-37.99319939999998,-5.978755899999953],[-37.98175249999997,-5.96807089999993],[-37.97316299999994,-5.982064799999932],[-37.99150579999997,-6.0158212999999705],[-37.975194999999985,-6.017173699999944],[-37.96561179999998,-6.009022899999934],[-37.95441589999996,-6.029552099999933],[-37.96220959999994,-6.051145199999951]]]}},{"id":"1186","type":"Feature","properties":{"COD_IBGE":"2410256","MUNICIPIO":"Porto do Mangue","UF":"RN"},"geometry":{"type":"Polygon","coordinates":[[[-36.74857429999997,-5.152003199999967],[-36.797036599999956,-5.174624399999971],[-36.827046999999936,-5.1701459999999315],[-36.90265189999997,-5.149735299999975],[-36.93009749999993,-5.13101219999993],[-36.975121299999955,-5.130700599999955],[-36.975121299999955,-5.10391809999993],[-36.952579199999946,-5.081186899999977],[-36.90868569999998,-5.080947099999946],[-36.90826039999996,-4.9897900999999365],[-36.89918559999995,-4.977294399999948],[-36.855667299999936,-4.972319599999935],[-36.79879349999993,-5.037499099999934],[-36.71559039999994,-5.080898599999955],[-36.751474299999984,-5.095809299999928],[-36.73996809999994,-5.10664909999997],[-36.717336399999965,-5.111521499999981],[-36.71949479999995,-5.119408299999975],[-36.730429399999935,-5.118472899999972],[-36.73055739999995,-5.133050699999956],[-36.72144489999994,-5.135387499999979],[-36.72911579999993,-5.175029499999937],[-36.74857429999997,-5.152003199999967]]]}},{"id":"1187","type":"Feature","properties":{"COD_IBGE":"2410306","MUNICIPIO":"Serra Caiada","UF":"RN"},"geometry":{"type":"Polygon","coordinates":[[[-35.72021139999998,-6.17643019999997],[-35.73225019999995,-6.142491399999926],[-35.80824639999997,-6.139658299999951],[-35.82075659999998,-6.129361999999958],[-35.825800399999935,-6.078865399999927],[-35.805353199999956,-6.043324299999938],[-35.78170559999995,-6.039032799999973],[-35.58887239999996,-6.096798699999965],[-35.63860299999993,-6.137526299999934],[-35.65380279999994,-6.1771940999999515],[-35.682185999999945,-6.168172599999934],[-35.72021139999998,-6.17643019999997]]]}},{"id":"1188","type":"Feature","properties":{"COD_IBGE":"2410405","MUNICIPIO":"Pureza","UF":"RN"},"geometry":{"type":"Polygon","coordinates":[[[-35.56877659999998,-5.49418739999993],[-35.57751259999998,-5.498990699999979],[-35.598020599999984,-5.487691999999981],[-35.62564139999995,-5.492259999999931],[-35.68348979999996,-5.463353599999948],[-35.75098699999995,-5.459207999999933],[-35.76437889999994,-5.451609299999973],[-35.71887809999998,-5.389240599999937],[-35.64171059999995,-5.3345054999999775],[-35.58587769999997,-5.310060699999951],[-35.58064399999995,-5.300345499999935],[-35.53443999999996,-5.338785899999948],[-35.500808699999936,-5.337502299999926],[-35.44483479999997,-5.316545599999927],[-35.43749859999997,-5.328762299999937],[-35.418537999999955,-5.33284059999994],[-35.50180599999993,-5.4923036999999795],[-35.53566589999997,-5.512540799999954],[-35.56877659999998,-5.49418739999993]]]}},{"id":"1189","type":"Feature","properties":{"COD_IBGE":"2410504","MUNICIPIO":"Rafael Fernandes","UF":"RN"},"geometry":{"type":"Polygon","coordinates":[[[-38.24910369999998,-6.247042599999929],[-38.27196909999998,-6.222620499999948],[-38.266753499999936,-6.184182499999963],[-38.27755399999995,-6.181038499999943],[-38.24911599999996,-6.163794099999961],[-38.207191799999976,-6.155570299999965],[-38.163162899999975,-6.181186299999979],[-38.193922499999985,-6.220579199999975],[-38.24910369999998,-6.247042599999929]]]}},{"id":"1190","type":"Feature","properties":{"COD_IBGE":"2410603","MUNICIPIO":"Rafael Godeiro","UF":"RN"},"geometry":{"type":"Polygon","coordinates":[[[-37.74219509999995,-6.121735599999965],[-37.77735679999995,-6.067777199999966],[-37.78362109999995,-6.044040199999927],[-37.77224019999994,-6.001842199999942],[-37.74074759999996,-6.013174499999934],[-37.73494429999994,-6.033020099999931],[-37.708641099999966,-6.049367899999936],[-37.672449599999936,-6.047933499999942],[-37.68763759999996,-6.109311599999955],[-37.70383459999994,-6.128068399999961],[-37.74219509999995,-6.121735599999965]]]}},{"id":"1191","type":"Feature","properties":{"COD_IBGE":"2410702","MUNICIPIO":"Riacho da Cruz","UF":"RN"},"geometry":{"type":"Polygon","coordinates":[[[-37.91679499999998,-5.854906599999936],[-37.917121899999984,-5.896474599999976],[-37.89607989999996,-5.941020899999955],[-37.921194199999945,-5.959802399999944],[-37.970478199999945,-5.956560099999933],[-37.991530599999976,-5.978753499999925],[-38.01141469999993,-5.963205699999946],[-38.002256399999965,-5.982895599999949],[-38.013950499999964,-5.982416199999932],[-38.016340699999944,-5.97551859999993],[-38.026287399999944,-5.991048999999975],[-38.04490099999998,-5.935661299999936],[-38.03476019999994,-5.936297599999932],[-38.03062349999993,-5.923421499999961],[-38.00933569999995,-5.915579099999945],[-37.98680829999995,-5.884962099999939],[-37.94858339999996,-5.8609879999999634],[-37.91679499999998,-5.854906599999936]]]}},{"id":"1192","type":"Feature","properties":{"COD_IBGE":"2410801","MUNICIPIO":"Riacho de Santana","UF":"RN"},"geometry":{"type":"Polygon","coordinates":[[[-38.30157819999994,-6.2413075999999705],[-38.28209019999997,-6.239963199999977],[-38.27196909999998,-6.222620499999948],[-38.26146099999994,-6.228451899999925],[-38.24910369999998,-6.247042599999929],[-38.258506599999976,-6.275612399999943],[-38.247640899999965,-6.289723799999933],[-38.25658079999994,-6.281133399999931],[-38.30581109999997,-6.280681499999957],[-38.30862999999994,-6.2899569999999585],[-38.33195539999997,-6.3034412999999745],[-38.33129699999995,-6.328736099999958],[-38.39456459999997,-6.345094699999947],[-38.396474799999964,-6.318659699999955],[-38.40866429999994,-6.293457499999931],[-38.39885629999998,-6.2848427999999785],[-38.40213699999998,-6.275904199999957],[-38.37926429999993,-6.262704099999951],[-38.35788379999997,-6.217644499999949],[-38.30157819999994,-6.2413075999999705]]]}},{"id":"1193","type":"Feature","properties":{"COD_IBGE":"2410900","MUNICIPIO":"Riachuelo","UF":"RN"},"geometry":{"type":"Polygon","coordinates":[[[-35.92391509999993,-5.765107899999975],[-35.939639399999976,-5.733011899999951],[-35.77709989999994,-5.716385999999943],[-35.77957859999998,-5.815181399999972],[-35.83652099999995,-5.911184999999932],[-35.849818099999936,-5.91536629999996],[-35.92552219999993,-5.8002539999999385],[-35.93854539999995,-5.794749499999966],[-35.92391509999993,-5.765107899999975]]]}},{"id":"1194","type":"Feature","properties":{"COD_IBGE":"2411007","MUNICIPIO":"Rodolfo Fernandes","UF":"RN"},"geometry":{"type":"Polygon","coordinates":[[[-38.05859279999993,-5.75485139999995],[-38.01411179999997,-5.855625399999951],[-38.00429239999994,-5.856859799999938],[-38.05731369999995,-5.9018420999999535],[-38.09862229999993,-5.920430299999964],[-38.12154069999997,-5.945833299999947],[-38.137468499999954,-5.936391899999933],[-38.16349009999993,-5.938895799999955],[-38.16406049999995,-5.927462799999944],[-38.12493729999994,-5.887612099999956],[-38.114360999999974,-5.8222553999999604],[-38.05859279999993,-5.75485139999995]]]}},{"id":"1195","type":"Feature","properties":{"COD_IBGE":"2411056","MUNICIPIO":"Tibau","UF":"RN"},"geometry":{"type":"Polygon","coordinates":[[[-37.25262459999993,-4.831381399999941],[-37.22099579999997,-4.8814027999999325],[-37.26896179999994,-4.9116511999999375],[-37.27035029999996,-4.94553499999995],[-37.32750999999996,-4.943244399999969],[-37.34720159999995,-4.9332692999999495],[-37.36507229999995,-4.907440399999928],[-37.42725959999996,-4.91149409999997],[-37.44644589999996,-4.880961399999933],[-37.25262459999993,-4.831381399999941]]]}},{"id":"1196","type":"Feature","properties":{"COD_IBGE":"2411106","MUNICIPIO":"Ruy Barbosa","UF":"RN"},"geometry":{"type":"Polygon","coordinates":[[[-35.87262289999995,-5.901053299999944],[-35.88699269999995,-5.90927309999995],[-35.90253519999993,-5.896138199999939],[-35.91309629999995,-5.90273499999995],[-35.91623079999994,-5.893258099999969],[-35.91924359999996,-5.908572299999946],[-35.96667599999995,-5.901299199999926],[-36.01392529999998,-5.835225699999967],[-35.97562399999998,-5.794659299999978],[-35.94146949999998,-5.814255399999979],[-35.92566579999993,-5.807501699999932],[-35.92552219999993,-5.8002539999999385],[-35.85109739999996,-5.913333699999953],[-35.87262289999995,-5.901053299999944]]]}},{"id":"1197","type":"Feature","properties":{"COD_IBGE":"2411205","MUNICIPIO":"Santa Cruz","UF":"RN"},"geometry":{"type":"Polygon","coordinates":[[[-36.03382289999996,-6.29932059999993],[-36.05492859999998,-6.308927499999925],[-36.077287799999965,-6.3035295999999335],[-36.139437199999975,-6.32976309999998],[-36.153763599999934,-6.299836599999935],[-36.133759399999974,-6.210572799999966],[-36.07786109999995,-6.196145799999954],[-36.08035149999995,-6.102012899999977],[-36.02841189999998,-6.069386399999928],[-35.98646229999997,-6.098280399999965],[-35.98093899999998,-6.124267999999972],[-35.98655999999994,-6.1452160999999705],[-35.959406799999954,-6.153865999999937],[-35.96770649999996,-6.1574176999999395],[-35.967702299999985,-6.171428699999979],[-35.91752729999996,-6.162671899999964],[-35.87054589999997,-6.36278219999997],[-35.90719799999994,-6.352609099999938],[-35.92707759999996,-6.372890299999938],[-35.96501479999995,-6.387801399999944],[-35.96548649999994,-6.470971999999961],[-36.03382289999996,-6.29932059999993]]]}},{"id":"1198","type":"Feature","properties":{"COD_IBGE":"2411403","MUNICIPIO":"Santana do Matos","UF":"RN"},"geometry":{"type":"Polygon","coordinates":[[[-36.55038739999998,-5.769374899999946],[-36.50917069999997,-5.755942399999981],[-36.38921959999993,-5.795377199999962],[-36.356358099999966,-5.849041499999942],[-36.28475199999997,-5.859291499999927],[-36.32067079999996,-5.865573499999925],[-36.33234119999997,-5.894098499999927],[-36.331938099999945,-5.8728547999999705],[-36.36821469999995,-5.874658699999941],[-36.387710399999946,-5.8519103999999516],[-36.41482369999994,-5.8584288999999785],[-36.42677749999996,-5.9046608999999535],[-36.475008299999956,-5.926573099999928],[-36.540382799999975,-5.98974149999998],[-36.54743909999996,-6.056274599999938],[-36.63871539999997,-6.089008199999967],[-36.653270299999974,-6.111834999999928],[-36.71490739999996,-6.0998239999999555],[-36.726654199999984,-6.089585599999964],[-36.71988149999993,-6.071947899999941],[-36.73086409999996,-6.056597999999951],[-36.74276919999994,-6.0551507999999785],[-36.749500799999964,-6.06267779999996],[-36.78212639999998,-6.050076599999954],[-36.78804799999995,-6.039384999999925],[-36.820933999999966,-6.053890199999955],[-36.83610809999993,-6.05239789999996],[-36.83490809999995,-6.0415084999999635],[-36.85539219999998,-6.044280499999957],[-36.84806489999994,-6.03620989999996],[-36.85464829999995,-6.025270399999954],[-36.84895729999994,-6.01033149999995],[-36.85871179999998,-5.984561499999927],[-36.86949229999993,-5.972689199999934],[-36.893728299999964,-5.974956199999951],[-36.818066999999985,-5.9131388999999785],[-36.77356069999996,-5.861043999999936],[-36.77672849999993,-5.803191799999979],[-36.76865609999993,-5.793026299999951],[-36.789742899999965,-5.755168499999968],[-36.77605189999997,-5.763622199999929],[-36.75546979999996,-5.759010699999976],[-36.69918699999994,-5.695786799999951],[-36.67471399999994,-5.706083499999977],[-36.643975799999964,-5.758925199999965],[-36.56485219999996,-5.7572099999999296],[-36.55038739999998,-5.769374899999946]]]}},{"id":"1199","type":"Feature","properties":{"COD_IBGE":"2411429","MUNICIPIO":"Santana do Seridó","UF":"RN"},"geometry":{"type":"Polygon","coordinates":[[[-36.81406769999995,-6.682315199999948],[-36.78622309999997,-6.668015199999957],[-36.76481289999998,-6.669199599999956],[-36.74442709999994,-6.652079599999979],[-36.72226779999994,-6.646712999999977],[-36.73421029999997,-6.6611100999999735],[-36.71638719999993,-6.66641409999994],[-36.70664879999998,-6.679939599999955],[-36.71633159999993,-6.706296799999961],[-36.70162019999998,-6.705953099999931],[-36.711271099999976,-6.735252599999967],[-36.70504969999996,-6.744344999999953],[-36.73126109999998,-6.792139999999961],[-36.73019799999997,-6.836396099999945],[-36.769465099999934,-6.838748099999975],[-36.77272869999996,-6.787065199999972],[-36.838423499999976,-6.725893299999939],[-36.838293799999974,-6.706292699999949],[-36.85076399999997,-6.689611099999979],[-36.84264579999996,-6.674623799999949],[-36.81406769999995,-6.682315199999948]]]}},{"id":"1200","type":"Feature","properties":{"COD_IBGE":"2411502","MUNICIPIO":"Santo Antônio","UF":"RN"},"geometry":{"type":"Polygon","coordinates":[[[-35.409208399999955,-6.381515999999976],[-35.44714829999998,-6.4057551999999305],[-35.447378699999945,-6.414418299999966],[-35.48793509999996,-6.40474949999998],[-35.54424299999994,-6.417379299999936],[-35.55503719999996,-6.391018499999973],[-35.59702459999994,-6.385839899999951],[-35.61554979999994,-6.349933699999951],[-35.636279599999966,-6.3345875999999635],[-35.642258099999935,-6.319855399999938],[-35.622342999999944,-6.306333099999961],[-35.609486999999945,-6.315736199999947],[-35.60100029999995,-6.301572399999941],[-35.56333659999996,-6.295929199999932],[-35.556546899999944,-6.28465609999995],[-35.525616799999966,-6.283869999999979],[-35.50312349999996,-6.297694099999944],[-35.46905639999994,-6.273600999999928],[-35.46849999999995,-6.23074859999997],[-35.42037959999993,-6.2737264999999525],[-35.425354899999945,-6.319362399999932],[-35.388480399999935,-6.322845199999961],[-35.400661199999945,-6.341517799999963],[-35.409208399999955,-6.381515999999976]]]}},{"id":"1201","type":"Feature","properties":{"COD_IBGE":"2411601","MUNICIPIO":"São Bento do Norte","UF":"RN"},"geometry":{"type":"Polygon","coordinates":[[[-35.90825739999997,-5.059477999999956],[-35.95215439999998,-5.237380899999948],[-36.001948599999935,-5.256109299999935],[-36.065593699999965,-5.2346820999999295],[-36.053950199999974,-5.202813299999946],[-36.04206759999994,-5.083806099999947],[-36.03358239999994,-5.073815999999965],[-36.04349999999994,-5.064190199999928],[-36.037535299999945,-5.051468599999964],[-35.97908159999997,-5.041553599999929],[-35.90825739999997,-5.059477999999956]]]}},{"id":"1202","type":"Feature","properties":{"COD_IBGE":"2411700","MUNICIPIO":"São Bento do Trairí","UF":"RN"},"geometry":{"type":"Polygon","coordinates":[[[-36.08057459999998,-6.405879899999945],[-36.09610429999998,-6.420198599999935],[-36.139437199999975,-6.32976309999998],[-36.077287799999965,-6.3035295999999335],[-36.05492859999998,-6.308927499999925],[-36.03382289999996,-6.29932059999993],[-35.965241499999934,-6.484359599999948],[-35.977647299999944,-6.488905799999941],[-36.005348399999946,-6.481053299999928],[-36.013284899999974,-6.455040899999972],[-36.05124849999993,-6.432202999999959],[-36.061737999999934,-6.410245499999974],[-36.073762699999975,-6.414871699999935],[-36.08057459999998,-6.405879899999945]]]}},{"id":"1203","type":"Feature","properties":{"COD_IBGE":"2411809","MUNICIPIO":"São Fernando","UF":"RN"},"geometry":{"type":"Polygon","coordinates":[[[-37.21953209999998,-6.368087099999968],[-37.219910899999945,-6.230644799999936],[-37.16300299999995,-6.201345199999935],[-37.15066319999994,-6.1849864999999795],[-37.13694239999995,-6.183125799999971],[-37.12919499999998,-6.1925500999999485],[-37.13165609999993,-6.2087675999999306],[-37.11656979999998,-6.206190399999969],[-37.08162629999998,-6.2406442999999285],[-37.070079799999974,-6.237475899999936],[-37.06294339999994,-6.218217699999968],[-37.04571559999994,-6.223915699999964],[-37.08135629999998,-6.292317299999979],[-37.07537129999997,-6.307454899999925],[-37.08185039999995,-6.359879299999932],[-37.073289399999965,-6.403639299999952],[-37.14080289999998,-6.4279705999999805],[-37.14037539999998,-6.448480899999936],[-37.21322699999996,-6.43335639999998],[-37.26089929999995,-6.404323399999953],[-37.21953209999998,-6.368087099999968]]]}},{"id":"1204","type":"Feature","properties":{"COD_IBGE":"2411908","MUNICIPIO":"São Francisco do Oeste","UF":"RN"},"geometry":{"type":"Polygon","coordinates":[[[-38.14593249999996,-5.972712799999954],[-38.16303259999995,-6.0091862999999535],[-38.18345569999997,-6.015735099999972],[-38.18943699999994,-6.046280999999965],[-38.21545519999995,-6.024108499999954],[-38.25217189999995,-6.010157599999957],[-38.206015599999944,-5.964347799999928],[-38.18358209999997,-5.950223299999948],[-38.173969099999965,-5.952671699999939],[-38.16349009999993,-5.938895799999955],[-38.12162619999998,-5.941696099999945],[-38.11453119999993,-5.959145999999976],[-38.14593249999996,-5.972712799999954]]]}},{"id":"1205","type":"Feature","properties":{"COD_IBGE":"2412005","MUNICIPIO":"São Gonçalo do Amarante","UF":"RN"},"geometry":{"type":"Polygon","coordinates":[[[-35.29854599999993,-5.838813199999947],[-35.43194999999997,-5.8452360999999655],[-35.47158509999997,-5.8348247999999785],[-35.446864199999936,-5.733358399999929],[-35.40995899999996,-5.737801599999955],[-35.36113629999994,-5.728496499999949],[-35.33982499999996,-5.738228699999979],[-35.313212799999974,-5.7379697999999735],[-35.286990499999945,-5.721941399999935],[-35.276014799999984,-5.700912399999936],[-35.26553569999993,-5.704048899999975],[-35.291066599999965,-5.73094569999995],[-35.29017239999996,-5.742860399999927],[-35.286574299999984,-5.7634998999999425],[-35.24902609999998,-5.778227199999947],[-35.25393399999996,-5.802151099999946],[-35.29854599999993,-5.838813199999947]]]}},{"id":"1206","type":"Feature","properties":{"COD_IBGE":"2412104","MUNICIPIO":"São João do Sabugi","UF":"RN"},"geometry":{"type":"Polygon","coordinates":[[[-37.28371599999997,-6.693914799999959],[-37.31429889999998,-6.68897439999995],[-37.301691999999946,-6.652229499999976],[-37.25143179999998,-6.646881599999972],[-37.21836269999994,-6.619728399999929],[-37.174937399999976,-6.613933599999939],[-37.15042269999998,-6.626137299999925],[-37.12081479999995,-6.6600027999999725],[-37.11068179999995,-6.655341799999974],[-37.10288149999997,-6.684729299999958],[-37.08301319999998,-6.690914999999961],[-37.084482299999934,-6.699486699999966],[-37.066274799999974,-6.706136599999979],[-37.05971079999995,-6.720735399999967],[-37.03526059999996,-6.734165799999971],[-37.07541709999998,-6.754133999999965],[-37.09393979999993,-6.7236440999999445],[-37.105735599999946,-6.7254665999999474],[-37.20433179999998,-6.761733899999967],[-37.279917799999964,-6.724233899999945],[-37.29016729999995,-6.7130438999999456],[-37.28371599999997,-6.693914799999959]]]}},{"id":"1207","type":"Feature","properties":{"COD_IBGE":"2412203","MUNICIPIO":"São José de Mipibu","UF":"RN"},"geometry":{"type":"Polygon","coordinates":[[[-35.298658399999965,-6.072055199999966],[-35.32325909999997,-6.0482487999999535],[-35.36908779999993,-6.053554799999972],[-35.36912199999995,-6.038963699999954],[-35.382122299999935,-6.021771299999955],[-35.37028419999996,-6.00526549999995],[-35.37343999999996,-5.98737639999996],[-35.303948599999956,-5.958316099999934],[-35.25064059999994,-5.96209749999997],[-35.235383199999944,-5.951683099999968],[-35.229147799999964,-5.991377999999941],[-35.23754489999993,-6.068252099999938],[-35.22807199999994,-6.07344889999996],[-35.226059299999974,-6.1066308999999706],[-35.23454899999996,-6.101497299999949],[-35.23361099999994,-6.115599999999972],[-35.22026909999994,-6.170778999999925],[-35.298069099999964,-6.1613073999999415],[-35.28567639999994,-6.205322199999955],[-35.352381599999944,-6.181966599999953],[-35.326089499999966,-6.1408298999999715],[-35.322609099999966,-6.109452699999963],[-35.298658399999965,-6.072055199999966]]]}},{"id":"1208","type":"Feature","properties":{"COD_IBGE":"2412302","MUNICIPIO":"São José do Campestre","UF":"RN"},"geometry":{"type":"Polygon","coordinates":[[[-35.663166599999954,-6.198999699999945],[-35.66597009999998,-6.2425618999999415],[-35.64367549999997,-6.3262432999999305],[-35.66905389999994,-6.309455199999945],[-35.669929199999956,-6.348700299999962],[-35.76467919999993,-6.418613599999958],[-35.77344979999998,-6.4076442999999585],[-35.84318859999996,-6.376695799999936],[-35.86846899999995,-6.384173099999941],[-35.87054589999997,-6.36278219999997],[-35.84160519999995,-6.357561199999964],[-35.80290819999993,-6.3169286999999485],[-35.79331739999998,-6.2845426999999745],[-35.79948289999993,-6.277736599999969],[-35.784473799999944,-6.2660796999999775],[-35.79051909999998,-6.229805799999951],[-35.77203739999993,-6.221123899999952],[-35.768039199999976,-6.196538999999973],[-35.76075899999995,-6.201283699999976],[-35.75620019999997,-6.190190899999948],[-35.74064539999995,-6.182675299999971],[-35.663166599999954,-6.198999699999945]]]}},{"id":"1209","type":"Feature","properties":{"COD_IBGE":"2412401","MUNICIPIO":"São José do Seridó","UF":"RN"},"geometry":{"type":"Polygon","coordinates":[[[-36.89801369999998,-6.517962399999931],[-36.92122599999993,-6.524398899999937],[-36.93924899999996,-6.51333829999993],[-36.95135629999993,-6.522270799999944],[-36.96271809999996,-6.509968599999979],[-36.957727499999976,-6.491671699999927],[-36.87412649999993,-6.418671299999971],[-36.847122799999966,-6.430085899999938],[-36.84956239999997,-6.443979899999931],[-36.821857199999954,-6.436516799999936],[-36.80312079999993,-6.463577399999963],[-36.77294809999995,-6.4667616999999495],[-36.76100189999994,-6.515832599999953],[-36.836082499999975,-6.53864909999993],[-36.89801369999998,-6.517962399999931]]]}},{"id":"1210","type":"Feature","properties":{"COD_IBGE":"2412500","MUNICIPIO":"São Miguel","UF":"RN"},"geometry":{"type":"Polygon","coordinates":[[[-38.364962899999966,-6.172896799999933],[-38.43039679999998,-6.23644719999993],[-38.448491599999954,-6.221854899999926],[-38.46232859999998,-6.231415799999979],[-38.469943299999954,-6.252709299999935],[-38.481525199999965,-6.252019899999937],[-38.488187299999936,-6.283115799999962],[-38.481359699999985,-6.304398599999956],[-38.49228449999998,-6.295301099999961],[-38.542543199999955,-6.2861623999999665],[-38.570377399999984,-6.29295019999995],[-38.57954569999998,-6.279626399999927],[-38.554420999999934,-6.263395599999967],[-38.54585119999996,-6.245426399999928],[-38.52834799999994,-6.239176199999974],[-38.51971179999998,-6.223037599999941],[-38.529285899999934,-6.213740399999949],[-38.52720389999996,-6.193377999999939],[-38.50132529999996,-6.19094709999996],[-38.50075829999997,-6.179682499999956],[-38.47363819999998,-6.153797199999929],[-38.46597959999997,-6.121443899999974],[-38.40879989999996,-6.177872999999977],[-38.38884349999995,-6.163032099999953],[-38.374283899999966,-6.167720599999939],[-38.34905749999996,-6.123453599999948],[-38.36734579999995,-6.1634365999999545],[-38.364962899999966,-6.172896799999933]]]}},{"id":"1211","type":"Feature","properties":{"COD_IBGE":"2412559","MUNICIPIO":"São Miguel do Gostoso","UF":"RN"},"geometry":{"type":"Polygon","coordinates":[[[-35.64418439999997,-5.118053199999963],[-35.617056599999955,-5.113984399999936],[-35.62960709999993,-5.19907539999997],[-35.68288569999993,-5.277351799999963],[-35.696051599999976,-5.271350499999926],[-35.70540519999997,-5.294060699999932],[-35.761925599999984,-5.2936030999999275],[-35.83188859999996,-5.306082199999935],[-35.84022479999993,-5.234586299999933],[-35.79091999999997,-5.077403499999946],[-35.64418439999997,-5.118053199999963]]]}},{"id":"1212","type":"Feature","properties":{"COD_IBGE":"2412609","MUNICIPIO":"São Paulo do Potengi","UF":"RN"},"geometry":{"type":"Polygon","coordinates":[[[-35.833013499999936,-5.908982099999946],[-35.79681809999994,-5.853288999999961],[-35.74212259999996,-5.87227299999995],[-35.721409999999935,-5.868697699999927],[-35.717767299999934,-5.860668499999974],[-35.68324729999995,-5.868980399999941],[-35.68745209999997,-5.9190964999999665],[-35.66840599999995,-5.983888699999966],[-35.778337499999964,-6.015874999999937],[-35.83477199999993,-5.947096399999964],[-35.849818099999936,-5.91536629999996],[-35.833013499999936,-5.908982099999946]]]}},{"id":"1213","type":"Feature","properties":{"COD_IBGE":"2412708","MUNICIPIO":"São Pedro","UF":"RN"},"geometry":{"type":"Polygon","coordinates":[[[-35.63925139999998,-5.789317499999925],[-35.59452589999995,-5.8674850999999535],[-35.52901019999996,-5.8818085999999425],[-35.57222669999993,-5.932308099999943],[-35.66840599999995,-5.983888699999966],[-35.68745209999997,-5.9190964999999665],[-35.66791669999998,-5.794309699999928],[-35.63925139999998,-5.789317499999925]]]}},{"id":"1214","type":"Feature","properties":{"COD_IBGE":"2412807","MUNICIPIO":"São Rafael","UF":"RN"},"geometry":{"type":"Polygon","coordinates":[[[-36.80341559999994,-5.756949299999974],[-36.789742899999965,-5.755168499999968],[-36.76865609999993,-5.793026299999951],[-36.77672849999993,-5.803191799999979],[-36.77356069999996,-5.861043999999936],[-36.818066999999985,-5.9131388999999785],[-36.87604709999994,-5.963871199999971],[-36.893728299999964,-5.974956199999951],[-36.906767799999955,-5.975459899999976],[-36.91482849999994,-5.965620899999976],[-36.93659799999995,-5.968354799999929],[-36.95050969999994,-5.93042029999998],[-36.964770699999974,-5.924688299999957],[-36.973577999999975,-5.909180099999958],[-36.93696879999993,-5.86843209999995],[-36.966031699999974,-5.846298999999931],[-36.97740029999994,-5.813621199999943],[-36.980114699999945,-5.783848499999976],[-36.96510759999995,-5.77354239999994],[-36.96152859999995,-5.752510399999949],[-36.893565799999976,-5.710836099999938],[-36.86166869999994,-5.725657399999932],[-36.84919229999997,-5.724144899999942],[-36.80341559999994,-5.756949299999974]]]}},{"id":"1215","type":"Feature","properties":{"COD_IBGE":"2412906","MUNICIPIO":"São Tomé","UF":"RN"},"geometry":{"type":"Polygon","coordinates":[[[-36.11783939999998,-5.859051299999976],[-36.10176759999996,-5.830079599999976],[-36.09299159999995,-5.833148899999969],[-36.06544969999993,-5.849515199999928],[-36.06379869999995,-5.8587466999999265],[-36.02695539999996,-5.835502799999972],[-36.01392529999998,-5.835225699999967],[-35.96667599999995,-5.901299199999926],[-35.96270259999994,-5.963832899999943],[-35.984180099999946,-5.997985399999948],[-35.97683109999997,-6.01439849999997],[-36.071871999999985,-6.1004323999999315],[-36.08607139999998,-6.096686399999953],[-36.11638059999996,-6.104430999999977],[-36.11715239999995,-6.091721299999961],[-36.12864419999994,-6.090244899999959],[-36.16290619999995,-6.106472099999962],[-36.17376719999993,-6.121740699999975],[-36.22338049999996,-6.140466999999944],[-36.22619879999996,-6.1641241999999465],[-36.256848899999966,-6.158015199999966],[-36.30221689999996,-6.115371699999969],[-36.28135709999998,-6.0440419999999335],[-36.212878699999976,-5.8737257999999315],[-36.19681929999996,-5.883116599999937],[-36.18208679999998,-5.85464589999998],[-36.15772759999993,-5.8496617999999785],[-36.13741299999998,-5.863947699999926],[-36.11783939999998,-5.859051299999976]]]}},{"id":"1216","type":"Feature","properties":{"COD_IBGE":"2413003","MUNICIPIO":"São Vicente","UF":"RN"},"geometry":{"type":"Polygon","coordinates":[[[-36.61821639999994,-6.168291999999951],[-36.617677999999955,-6.195412399999952],[-36.59918239999996,-6.216071299999953],[-36.60684659999998,-6.229718799999944],[-36.59187909999997,-6.245294699999931],[-36.60678569999993,-6.278321499999947],[-36.60459289999994,-6.290368399999977],[-36.615470399999936,-6.293305699999962],[-36.62599389999997,-6.28588069999995],[-36.630612499999984,-6.26851309999995],[-36.662532899999974,-6.278518899999938],[-36.68159419999995,-6.269805299999973],[-36.70958979999995,-6.276956899999959],[-36.716394899999955,-6.300996899999973],[-36.74329529999994,-6.30752119999994],[-36.70260899999994,-6.220057699999927],[-36.71603699999997,-6.196275499999956],[-36.70720799999998,-6.188377499999945],[-36.700589899999954,-6.145332699999926],[-36.65318169999995,-6.112080599999956],[-36.63871539999997,-6.089008199999967],[-36.623895499999946,-6.1153476999999725],[-36.62794349999996,-6.155341999999962],[-36.61821639999994,-6.168291999999951]]]}},{"id":"1217","type":"Feature","properties":{"COD_IBGE":"2413102","MUNICIPIO":"Senador Elói de Souza","UF":"RN"},"geometry":{"type":"Polygon","coordinates":[[[-35.58887239999996,-6.096798699999965],[-35.78170559999995,-6.039032799999973],[-35.798690799999974,-6.042577399999971],[-35.778337499999964,-6.015874999999937],[-35.70924039999994,-6.000551299999927],[-35.65019289999998,-5.976435199999969],[-35.64748279999998,-6.016037899999958],[-35.57077859999998,-6.0795446999999285],[-35.58887239999996,-6.096798699999965]]]}},{"id":"1218","type":"Feature","properties":{"COD_IBGE":"2413201","MUNICIPIO":"Senador Georgino Avelino","UF":"RN"},"geometry":{"type":"Polygon","coordinates":[[[-35.14643399999994,-6.152793799999927],[-35.162314599999945,-6.136067999999966],[-35.13841809999997,-6.142235699999958],[-35.13168489999998,-6.136706599999968],[-35.12756719999993,-6.145993199999964],[-35.11115599999994,-6.134582899999941],[-35.098936899999956,-6.139005099999963],[-35.093886699999985,-6.183449199999927],[-35.110788799999966,-6.186945099999946],[-35.14624109999994,-6.163836099999969],[-35.14643399999994,-6.152793799999927]]]}},{"id":"1219","type":"Feature","properties":{"COD_IBGE":"2413300","MUNICIPIO":"Serra de São Bento","UF":"RN"},"geometry":{"type":"Polygon","coordinates":[[[-35.67057799999998,-6.431803099999968],[-35.665157499999964,-6.450514799999951],[-35.68197299999997,-6.447928299999944],[-35.70716659999994,-6.469536399999981],[-35.773323699999935,-6.482844099999966],[-35.77622759999997,-6.450987399999974],[-35.766479999999945,-6.4437094999999545],[-35.76467919999993,-6.418613599999958],[-35.68302169999998,-6.358106599999928],[-35.68110959999996,-6.391062899999952],[-35.66459159999994,-6.424340699999959],[-35.67057799999998,-6.431803099999968]]]}},{"id":"1220","type":"Feature","properties":{"COD_IBGE":"2413359","MUNICIPIO":"Serra do Mel","UF":"RN"},"geometry":{"type":"Polygon","coordinates":[[[-37.111256699999956,-5.132709999999975],[-37.111731299999974,-5.096782599999926],[-37.050801099999944,-5.096586699999932],[-37.05093809999994,-5.059772499999951],[-37.02843439999998,-5.059685499999944],[-37.02861409999997,-5.042458899999929],[-37.011319699999945,-5.042405599999938],[-37.011423899999954,-5.021946399999933],[-36.96579429999997,-5.021867699999973],[-36.96595199999996,-4.985890299999937],[-36.90826039999996,-4.9897900999999365],[-36.90868569999998,-5.080947099999946],[-36.952579199999946,-5.081186899999977],[-36.975121299999955,-5.10391809999993],[-36.975121299999955,-5.130700599999955],[-36.93009749999993,-5.13101219999993],[-36.92805039999996,-5.293776499999979],[-37.15583899999996,-5.293891599999938],[-37.156487899999945,-5.166662599999938],[-37.11109099999993,-5.1665541999999505],[-37.105409899999984,-5.132690099999934],[-37.111256699999956,-5.132709999999975]]]}},{"id":"1221","type":"Feature","properties":{"COD_IBGE":"2413409","MUNICIPIO":"Serra Negra do Norte","UF":"RN"},"geometry":{"type":"Polygon","coordinates":[[[-37.380541499999936,-6.437307199999964],[-37.318479199999956,-6.454669099999933],[-37.23081519999994,-6.569452099999978],[-37.21836269999994,-6.619728399999929],[-37.25143179999998,-6.646881599999972],[-37.301691999999946,-6.652229499999976],[-37.31429889999998,-6.68897439999995],[-37.338409499999955,-6.700605699999926],[-37.40733409999996,-6.697195399999941],[-37.48469949999998,-6.710037399999976],[-37.46619089999996,-6.659959499999957],[-37.477215899999976,-6.641910799999948],[-37.47481499999998,-6.56445089999994],[-37.482357399999955,-6.54771089999997],[-37.46472449999993,-6.532663699999944],[-37.41929219999997,-6.533171099999947],[-37.39998659999998,-6.519489199999953],[-37.39095229999998,-6.452842399999952],[-37.380541499999936,-6.437307199999964]]]}},{"id":"1222","type":"Feature","properties":{"COD_IBGE":"2413508","MUNICIPIO":"Serrinha","UF":"RN"},"geometry":{"type":"Polygon","coordinates":[[[-35.56772109999997,-6.2057415999999535],[-35.46849999999995,-6.23074859999997],[-35.46905639999994,-6.273600999999928],[-35.49040309999998,-6.289682899999946],[-35.50312349999996,-6.297694099999944],[-35.525616799999966,-6.283869999999979],[-35.556546899999944,-6.28465609999995],[-35.56333659999996,-6.295929199999932],[-35.60100029999995,-6.301572399999941],[-35.609486999999945,-6.315736199999947],[-35.62175919999993,-6.306496799999934],[-35.632011699999964,-6.309022099999936],[-35.64322569999996,-6.325756399999932],[-35.66597009999998,-6.2425618999999415],[-35.65869509999993,-6.220758299999943],[-35.613574599999936,-6.197441899999944],[-35.591928999999936,-6.211632399999928],[-35.56772109999997,-6.2057415999999535]]]}},{"id":"1223","type":"Feature","properties":{"COD_IBGE":"2413557","MUNICIPIO":"Serrinha dos Pintos","UF":"RN"},"geometry":{"type":"Polygon","coordinates":[[[-37.94105399999995,-6.099245799999949],[-37.94961579999995,-6.151704499999937],[-37.940416599999935,-6.154852999999946],[-37.990720599999975,-6.2088776999999595],[-38.02237489999993,-6.209492099999977],[-38.04651489999998,-6.180301699999973],[-38.04378189999994,-6.125989299999958],[-37.98099079999997,-6.075554899999929],[-37.94105399999995,-6.099245799999949]]]}},{"id":"1224","type":"Feature","properties":{"COD_IBGE":"2413607","MUNICIPIO":"Severiano Melo","UF":"RN"},"geometry":{"type":"Polygon","coordinates":[[[-37.909032699999955,-5.781001499999945],[-37.97517099999993,-5.816299199999946],[-37.98012709999995,-5.8331794999999715],[-37.990516199999945,-5.8290823999999475],[-38.014306999999974,-5.854076299999974],[-38.05859279999993,-5.75485139999995],[-37.88132019999995,-5.696946199999957],[-37.909032699999955,-5.781001499999945]]]}},{"id":"1225","type":"Feature","properties":{"COD_IBGE":"2413706","MUNICIPIO":"Sítio Novo","UF":"RN"},"geometry":{"type":"Polygon","coordinates":[[[-35.98530359999995,-6.146616699999981],[-35.98646229999997,-6.098280399999965],[-36.03183199999995,-6.069389399999977],[-35.92480409999996,-6.010632499999929],[-35.822527099999945,-6.0731757999999445],[-35.91820659999996,-6.16278959999994],[-35.96688859999995,-6.171817199999964],[-35.96170109999997,-6.1485706999999366],[-35.98530359999995,-6.146616699999981]]]}},{"id":"1226","type":"Feature","properties":{"COD_IBGE":"2413805","MUNICIPIO":"Taboleiro Grande","UF":"RN"},"geometry":{"type":"Polygon","coordinates":[[[-37.95100389999993,-5.863504599999942],[-37.98680829999995,-5.884962099999939],[-38.00933569999995,-5.915579099999945],[-38.03219699999994,-5.925057199999969],[-38.03476019999994,-5.936297599999932],[-38.04490099999998,-5.935661299999936],[-38.02738919999996,-5.995400699999948],[-38.04345959999995,-6.008219199999928],[-38.06013939999997,-6.006140699999946],[-38.06414609999996,-5.997135399999934],[-38.06718089999998,-6.007913299999927],[-38.08672939999997,-6.014967699999943],[-38.12026999999995,-5.943571099999929],[-38.09862229999993,-5.920430299999964],[-38.05731369999995,-5.9018420999999535],[-38.00429239999994,-5.856859799999938],[-37.95100389999993,-5.863504599999942]]]}},{"id":"1227","type":"Feature","properties":{"COD_IBGE":"2413904","MUNICIPIO":"Taipu","UF":"RN"},"geometry":{"type":"Polygon","coordinates":[[[-35.55769449999997,-5.721130099999925],[-35.63181629999997,-5.714385599999957],[-35.641471199999955,-5.629390699999931],[-35.65854459999997,-5.586455199999932],[-35.668181199999935,-5.496349399999929],[-35.590441099999964,-5.488035299999979],[-35.57751259999998,-5.498990699999979],[-35.55790639999998,-5.495226599999967],[-35.53566589999997,-5.512540799999954],[-35.50180599999993,-5.4923036999999795],[-35.52140779999996,-5.577669599999979],[-35.51208269999995,-5.650059299999953],[-35.49444569999997,-5.666000699999927],[-35.54819409999993,-5.688077999999962],[-35.55769449999997,-5.721130099999925]]]}},{"id":"1228","type":"Feature","properties":{"COD_IBGE":"2414001","MUNICIPIO":"Tangará","UF":"RN"},"geometry":{"type":"Polygon","coordinates":[[[-35.80824639999997,-6.139658299999951],[-35.73225019999995,-6.142491399999926],[-35.721380099999976,-6.173135599999966],[-35.75620019999997,-6.190190899999948],[-35.76075899999995,-6.201283699999976],[-35.768039199999976,-6.196538999999973],[-35.77203739999993,-6.221123899999952],[-35.79051909999998,-6.229805799999951],[-35.784473799999944,-6.2660796999999775],[-35.79948289999993,-6.277736599999969],[-35.79331739999998,-6.2845426999999745],[-35.80406979999998,-6.318969799999934],[-35.84160519999995,-6.357561199999964],[-35.87054589999997,-6.36278219999997],[-35.91820659999996,-6.16278959999994],[-35.82320999999996,-6.07436279999996],[-35.82075659999998,-6.129361999999958],[-35.80824639999997,-6.139658299999951]]]}},{"id":"1229","type":"Feature","properties":{"COD_IBGE":"2414100","MUNICIPIO":"Tenente Ananias","UF":"RN"},"geometry":{"type":"Polygon","coordinates":[[[-38.229021899999964,-6.483346599999948],[-38.25267779999996,-6.418375499999968],[-38.23845179999995,-6.385588799999937],[-38.203108499999985,-6.380781699999943],[-38.18835769999998,-6.361734599999977],[-38.16470789999994,-6.386756299999945],[-38.12560879999995,-6.367236199999979],[-38.10645079999995,-6.378487499999949],[-38.11040479999997,-6.402106599999968],[-38.091719299999966,-6.415276699999936],[-38.09681089999998,-6.442802399999948],[-38.08983009999997,-6.45596299999994],[-38.07086609999993,-6.463926599999979],[-38.095397599999956,-6.493586199999925],[-38.09798749999993,-6.5094907999999805],[-38.117057399999965,-6.522668499999952],[-38.13551759999996,-6.51847609999993],[-38.14788219999997,-6.491487599999971],[-38.16117289999994,-6.49911359999993],[-38.191728599999976,-6.498585599999956],[-38.20055169999995,-6.4882793999999535],[-38.229021899999964,-6.483346599999948]]]}},{"id":"1230","type":"Feature","properties":{"COD_IBGE":"2414159","MUNICIPIO":"Tenente Laurentino Cruz","UF":"RN"},"geometry":{"type":"Polygon","coordinates":[[[-36.701331299999936,-6.150539899999956],[-36.70720799999998,-6.188377499999945],[-36.71603699999997,-6.196275499999956],[-36.70296779999995,-6.220866899999976],[-36.786758599999985,-6.195101099999931],[-36.72973859999996,-6.149765999999943],[-36.73152849999997,-6.112913799999944],[-36.73931059999995,-6.11177669999995],[-36.71988829999998,-6.0952561999999375],[-36.653270299999974,-6.111834999999928],[-36.682821299999944,-6.1277436999999395],[-36.701331299999936,-6.150539899999956]]]}},{"id":"1231","type":"Feature","properties":{"COD_IBGE":"2414209","MUNICIPIO":"Tibau do Sul","UF":"RN"},"geometry":{"type":"Polygon","coordinates":[[[-35.090524899999934,-6.180028999999934],[-35.07043769999996,-6.222221299999944],[-35.04263929999996,-6.226314499999944],[-35.03597909999996,-6.235398099999941],[-35.033394999999985,-6.286398499999962],[-35.061674299999936,-6.279086699999937],[-35.07668279999996,-6.265832299999943],[-35.10389879999997,-6.270310999999936],[-35.14635859999993,-6.298684399999956],[-35.15599739999993,-6.2566664999999375],[-35.149942099999976,-6.218108199999961],[-35.110788799999966,-6.186945099999946],[-35.09971209999998,-6.188501799999926],[-35.090524899999934,-6.180028999999934]]]}},{"id":"1232","type":"Feature","properties":{"COD_IBGE":"2414308","MUNICIPIO":"Timbaúba dos Batistas","UF":"RN"},"geometry":{"type":"Polygon","coordinates":[[[-37.318479199999956,-6.454669099999933],[-37.26089929999995,-6.404323399999953],[-37.22048819999998,-6.430322399999966],[-37.188468899999975,-6.439006699999936],[-37.20619089999997,-6.469895299999962],[-37.19963679999995,-6.514744999999948],[-37.21344679999993,-6.527429499999926],[-37.21691489999995,-6.559397499999932],[-37.23081519999994,-6.569452099999978],[-37.318479199999956,-6.454669099999933]]]}},{"id":"1233","type":"Feature","properties":{"COD_IBGE":"2414407","MUNICIPIO":"Touros","UF":"RN"},"geometry":{"type":"Polygon","coordinates":[[[-35.382357799999966,-5.2700375999999665],[-35.418537999999955,-5.33284059999994],[-35.43749859999997,-5.328762299999937],[-35.44483479999997,-5.316545599999927],[-35.50173769999998,-5.33766989999998],[-35.53443999999996,-5.338785899999948],[-35.58064399999995,-5.300345499999935],[-35.58587769999997,-5.310060699999951],[-35.64171059999995,-5.3345054999999775],[-35.71887809999998,-5.389240599999937],[-35.76437889999994,-5.451609299999973],[-35.777216599999974,-5.4428254999999695],[-35.797924999999964,-5.461184599999967],[-35.81421329999995,-5.464778699999954],[-35.83188859999996,-5.306082199999935],[-35.761925599999984,-5.2936030999999275],[-35.70540519999997,-5.294060699999932],[-35.696051599999976,-5.271350499999926],[-35.68288569999993,-5.277351799999963],[-35.62960709999993,-5.19907539999997],[-35.617056599999955,-5.113984399999936],[-35.48100699999998,-5.163493199999948],[-35.45894729999998,-5.1970322999999325],[-35.41671719999994,-5.220973199999946],[-35.39042839999996,-5.253467799999953],[-35.382357799999966,-5.2700375999999665]]]}},{"id":"1234","type":"Feature","properties":{"COD_IBGE":"2414456","MUNICIPIO":"Triunfo Potiguar","UF":"RN"},"geometry":{"type":"Polygon","coordinates":[[[-37.162338199999965,-6.021171199999969],[-37.26045329999994,-5.908570399999974],[-37.19495879999994,-5.8237406999999735],[-37.14873049999994,-5.866342399999951],[-37.03557509999996,-5.891069199999947],[-37.06692259999994,-5.984602399999972],[-37.12869469999998,-5.956402899999944],[-37.15449099999995,-5.992551799999944],[-37.162338199999965,-6.021171199999969]]]}},{"id":"1235","type":"Feature","properties":{"COD_IBGE":"2414506","MUNICIPIO":"Umarizal","UF":"RN"},"geometry":{"type":"Polygon","coordinates":[[[-37.84826739999994,-6.052302299999951],[-37.861548599999935,-6.030892799999947],[-37.89715209999997,-6.007916799999975],[-37.93392689999996,-6.004269999999963],[-37.921194199999945,-5.959802399999944],[-37.89607989999996,-5.941020899999955],[-37.73390899999998,-5.912026899999944],[-37.77390279999997,-5.96010629999995],[-37.76595809999998,-5.9926761999999485],[-37.77973059999994,-6.015392199999951],[-37.78408979999995,-6.041450699999928],[-37.776624399999946,-6.069053999999937],[-37.785318899999936,-6.087917999999945],[-37.81310359999998,-6.080691099999967],[-37.84826739999994,-6.052302299999951]]]}},{"id":"1236","type":"Feature","properties":{"COD_IBGE":"2414605","MUNICIPIO":"Upanema","UF":"RN"},"geometry":{"type":"Polygon","coordinates":[[[-37.10467999999997,-5.656395599999939],[-37.176777899999934,-5.723693599999933],[-37.18829909999994,-5.716769199999931],[-37.20350039999994,-5.725130099999944],[-37.243884399999956,-5.708004199999948],[-37.25479809999996,-5.718220199999962],[-37.31311339999996,-5.709940999999958],[-37.467452599999945,-5.752280499999927],[-37.44212019999998,-5.586933399999964],[-37.382352899999944,-5.478191099999947],[-37.29467059999996,-5.4778987999999345],[-37.17275929999994,-5.490492299999971],[-37.10467999999997,-5.656395599999939]]]}},{"id":"1237","type":"Feature","properties":{"COD_IBGE":"2414704","MUNICIPIO":"Várzea","UF":"RN"},"geometry":{"type":"Polygon","coordinates":[[[-35.33889279999994,-6.381105899999966],[-35.30961879999995,-6.403112199999953],[-35.33696749999996,-6.396093099999973],[-35.35021899999998,-6.408815299999958],[-35.37294209999993,-6.405501699999945],[-35.38624299999998,-6.390488399999981],[-35.409208399999955,-6.381515999999976],[-35.400661199999945,-6.341517799999963],[-35.349931099999935,-6.224879299999941],[-35.36745609999997,-6.299884299999974],[-35.34220899999997,-6.31525629999993],[-35.34653549999996,-6.35841819999996],[-35.33889279999994,-6.381105899999966]]]}},{"id":"1238","type":"Feature","properties":{"COD_IBGE":"2414753","MUNICIPIO":"Venha-Ver","UF":"RN"},"geometry":{"type":"Polygon","coordinates":[[[-38.45641169999993,-6.325165399999946],[-38.505421199999944,-6.356509099999926],[-38.532622999999944,-6.341706199999976],[-38.54501319999997,-6.344588699999974],[-38.545064999999965,-6.3537573999999495],[-38.56250589999996,-6.355651699999953],[-38.577075399999956,-6.347427499999981],[-38.58209849999997,-6.319272799999965],[-38.566717799999935,-6.3044150999999715],[-38.570377399999984,-6.29295019999995],[-38.542543199999955,-6.2861623999999665],[-38.49228449999998,-6.295301099999961],[-38.45641169999993,-6.325165399999946]]]}},{"id":"1239","type":"Feature","properties":{"COD_IBGE":"2414803","MUNICIPIO":"Vera Cruz","UF":"RN"},"geometry":{"type":"Polygon","coordinates":[[[-35.42679599999997,-6.046217199999944],[-35.43220789999998,-6.065462099999934],[-35.44263749999993,-6.061902499999974],[-35.45655709999994,-6.0784503999999515],[-35.49263639999998,-6.07452909999995],[-35.48838489999997,-6.062948899999981],[-35.50872979999997,-6.051349999999957],[-35.546734999999956,-6.053954799999929],[-35.37139959999996,-5.988000799999952],[-35.37028419999996,-6.00526549999995],[-35.382122299999935,-6.021771299999955],[-35.36912199999995,-6.038963699999954],[-35.366331499999944,-6.058836999999926],[-35.42679599999997,-6.046217199999944]]]}},{"id":"1240","type":"Feature","properties":{"COD_IBGE":"2414902","MUNICIPIO":"Viçosa","UF":"RN"},"geometry":{"type":"Polygon","coordinates":[[[-37.921194199999945,-5.959802399999944],[-37.934875199999965,-6.017196199999944],[-37.94320799999997,-6.00983169999995],[-37.95441589999996,-6.029552099999933],[-37.96561179999998,-6.009022899999934],[-37.975194999999985,-6.017173699999944],[-37.99150579999997,-6.0158212999999705],[-37.97316299999994,-5.982064799999932],[-37.983743699999934,-5.967443099999969],[-37.98032449999994,-5.961134499999957],[-37.921194199999945,-5.959802399999944]]]}},{"id":"1241","type":"Feature","properties":{"COD_IBGE":"2415008","MUNICIPIO":"Vila Flor","UF":"RN"},"geometry":{"type":"Polygon","coordinates":[[[-35.073450299999934,-6.267616699999962],[-35.04428889999997,-6.283845299999939],[-35.046910999999966,-6.296427499999936],[-35.06340949999998,-6.297873399999958],[-35.05946449999993,-6.317158899999981],[-35.06981339999993,-6.316287199999977],[-35.05549569999994,-6.326975199999936],[-35.084468999999956,-6.339934199999959],[-35.11743869999998,-6.33380399999993],[-35.116763799999944,-6.281752999999981],[-35.10389879999997,-6.270310999999936],[-35.073450299999934,-6.267616699999962]]]}}]}