{"type":"FeatureCollection","features":[{"id":"4311","type":"Feature","properties":{"COD_IBGE":"4200051","MUNICIPIO":"Abdon Batista","UF":"SC"},"geometry":{"type":"Polygon","coordinates":[[[-50.99648639999998,-27.639819699999975],[-51.051825099999974,-27.642542299999945],[-51.044680599999936,-27.652986299999952],[-51.068539999999985,-27.64616609999996],[-51.08597629999997,-27.655747799999972],[-51.08469249999996,-27.629350699999975],[-51.10260109999996,-27.633776099999977],[-51.14159569999998,-27.613490499999955],[-51.16672179999995,-27.626052199999947],[-51.18606989999995,-27.610765499999957],[-51.17022869999994,-27.58471019999996],[-51.14363969999994,-27.577878299999952],[-51.13365259999995,-27.54335679999997],[-51.12137659999996,-27.528408699999943],[-51.09541779999995,-27.526134199999944],[-51.08314749999994,-27.507492299999967],[-51.07072119999998,-27.513139699999954],[-51.041767799999946,-27.504318199999943],[-51.01817149999994,-27.53133749999995],[-50.969564799999944,-27.53434889999994],[-50.96862239999996,-27.549140499999965],[-50.93170139999995,-27.57683439999994],[-50.96789419999993,-27.570560399999977],[-50.970786199999964,-27.57760829999995],[-50.95495639999996,-27.59739769999993],[-50.99334239999996,-27.610275099999967],[-50.99077489999996,-27.62029629999995],[-50.95891809999995,-27.644942999999955],[-50.97133149999996,-27.658765199999948],[-51.00306089999998,-27.66448259999993],[-50.99648639999998,-27.639819699999975]]]}},{"id":"4312","type":"Feature","properties":{"COD_IBGE":"4200101","MUNICIPIO":"Abelardo Luz","UF":"SC"},"geometry":{"type":"Polygon","coordinates":[[[-52.121520299999986,-26.681474099999946],[-52.13188979999995,-26.686468099999956],[-52.137013199999956,-26.674447199999975],[-52.147617699999955,-26.67180179999997],[-52.14424599999995,-26.69136409999993],[-52.131402099999946,-26.705216699999937],[-52.13295449999998,-26.71805829999994],[-52.123116299999936,-26.72482519999994],[-52.15214129999998,-26.72720049999998],[-52.18335539999998,-26.71641509999995],[-52.17833879999995,-26.70091199999996],[-52.18602699999997,-26.697463399999947],[-52.18594969999998,-26.683873199999937],[-52.17967729999998,-26.679414299999962],[-52.186787599999946,-26.66884299999998],[-52.21977899999996,-26.66596579999998],[-52.215781799999945,-26.671622199999945],[-52.233231099999955,-26.681022799999937],[-52.25393559999998,-26.675843699999973],[-52.28127999999998,-26.64380269999998],[-52.33878439999995,-26.666838799999937],[-52.365633799999955,-26.663563199999942],[-52.39449879999995,-26.68320609999995],[-52.41458289999997,-26.657848099999967],[-52.39220859999995,-26.63874969999995],[-52.41565769999994,-26.615196999999966],[-52.418102999999974,-26.587313499999937],[-52.45828749999998,-26.583701099999928],[-52.464063099999976,-26.55448259999997],[-52.47776499999998,-26.540636399999983],[-52.48035829999998,-26.529471899999976],[-52.466125199999965,-26.509526999999935],[-52.48056799999995,-26.48901539999997],[-52.47875419999997,-26.462788199999977],[-52.44261609999995,-26.43811839999995],[-52.41920539999995,-26.437337899999932],[-52.400037699999984,-26.423144099999945],[-52.377419499999974,-26.44095669999996],[-52.36571649999996,-26.432758699999965],[-52.35245629999997,-26.441305899999975],[-52.34096429999994,-26.43525889999995],[-52.335172399999976,-26.443251699999962],[-52.311761599999954,-26.438829899999973],[-52.27851929999997,-26.46073999999993],[-52.26162219999998,-26.454280799999935],[-52.229811799999936,-26.467043099999955],[-52.186342999999965,-26.44511669999997],[-52.16669459999997,-26.464980599999933],[-52.100504299999955,-26.481742099999963],[-52.096672199999944,-26.50696879999998],[-52.09304369999995,-26.51369599999998],[-52.08781799999997,-26.509318899999982],[-52.081353899999954,-26.52511099999998],[-52.06518889999995,-26.523018199999967],[-52.031536399999936,-26.541343499999982],[-52.02495339999996,-26.55361629999993],[-52.02686369999998,-26.58098339999998],[-52.03489339999993,-26.587837299999933],[-52.02753219999994,-26.592822399999932],[-52.04683019999993,-26.608593499999984],[-52.05281999999994,-26.64058739999996],[-52.06954549999995,-26.659150299999965],[-52.05982629999994,-26.670621799999935],[-52.06659569999994,-26.677669399999957],[-52.086724499999946,-26.686779099999967],[-52.08626309999994,-26.676634299999932],[-52.09679669999997,-26.677482899999973],[-52.08961809999994,-26.668615599999953],[-52.100212699999986,-26.68055039999996],[-52.10846989999993,-26.67889349999996],[-52.11065409999998,-26.68873199999996],[-52.121520299999986,-26.681474099999946]]]}},{"id":"4313","type":"Feature","properties":{"COD_IBGE":"4200200","MUNICIPIO":"Agrolândia","UF":"SC"},"geometry":{"type":"Polygon","coordinates":[[[-49.82575899999995,-27.54999349999997],[-49.84971989999997,-27.493637099999944],[-49.892233199999964,-27.497140199999933],[-49.88817849999998,-27.46577089999994],[-49.91108329999997,-27.44028449999996],[-49.90114169999998,-27.423711699999956],[-49.875446599999975,-27.410206099999982],[-49.86247659999998,-27.393362499999967],[-49.86608559999996,-27.38403059999996],[-49.85623749999996,-27.36394809999996],[-49.83534039999995,-27.347627699999975],[-49.82491779999998,-27.357611499999962],[-49.80779049999995,-27.35482449999995],[-49.781552499999975,-27.364036099999964],[-49.75532879999997,-27.38265339999998],[-49.75072719999997,-27.39424209999993],[-49.79095669999998,-27.422261399999968],[-49.812176799999975,-27.44907589999997],[-49.81681729999997,-27.47395769999997],[-49.801770999999974,-27.487170599999956],[-49.77064139999993,-27.465426399999956],[-49.761914099999956,-27.46835459999994],[-49.784430499999985,-27.484274899999946],[-49.78153159999994,-27.496349599999974],[-49.78888429999995,-27.498224299999947],[-49.75389209999997,-27.520977499999958],[-49.76945869999997,-27.561786199999972],[-49.76325389999994,-27.581023999999957],[-49.78368419999998,-27.58250359999994],[-49.79085269999996,-27.570366199999967],[-49.82575899999995,-27.54999349999997]]]}},{"id":"4314","type":"Feature","properties":{"COD_IBGE":"4200309","MUNICIPIO":"Agronômica","UF":"SC"},"geometry":{"type":"Polygon","coordinates":[[[-49.688466699999935,-27.318145799999968],[-49.68057429999993,-27.317461999999978],[-49.673085999999955,-27.330111899999963],[-49.677817199999936,-27.335670799999946],[-49.66737709999995,-27.340047199999958],[-49.66029489999994,-27.39171369999997],[-49.69036289999997,-27.393268899999953],[-49.70197009999998,-27.38556079999995],[-49.711221499999965,-27.393763199999967],[-49.72469529999995,-27.388585099999943],[-49.750473699999986,-27.395958699999937],[-49.76727989999995,-27.375309799999968],[-49.763923999999975,-27.347307199999932],[-49.77170369999993,-27.34172579999995],[-49.75869199999994,-27.31222459999998],[-49.76155479999994,-27.28299119999997],[-49.75283459999997,-27.27913289999998],[-49.75783739999997,-27.269708799999933],[-49.779447199999936,-27.262890699999957],[-49.77908179999997,-27.25261359999996],[-49.755312499999945,-27.244993199999954],[-49.73496209999996,-27.262807599999974],[-49.70990969999997,-27.25024149999996],[-49.703302399999984,-27.249613199999942],[-49.69363389999995,-27.24482059999997],[-49.69084269999996,-27.244890899999973],[-49.699451099999976,-27.25138119999997],[-49.69749129999997,-27.28197789999996],[-49.681664599999976,-27.291072799999938],[-49.69169509999995,-27.30441959999996],[-49.688466699999935,-27.318145799999968]]]}},{"id":"4315","type":"Feature","properties":{"COD_IBGE":"4200408","MUNICIPIO":"Água Doce","UF":"SC"},"geometry":{"type":"Polygon","coordinates":[[[-51.51852729999996,-27.045611699999938],[-51.60033219999997,-27.05156869999996],[-51.61858099999995,-27.040932599999962],[-51.616569399999946,-26.993092499999932],[-51.60858149999996,-26.98010929999998],[-51.62941019999994,-26.978707399999962],[-51.63582539999993,-26.962190499999963],[-51.633181099999945,-26.942317199999934],[-51.618113999999935,-26.938469699999928],[-51.66588669999993,-26.92656489999996],[-51.67037039999997,-26.932580799999982],[-51.691125399999976,-26.930857199999934],[-51.686453599999936,-26.914057499999956],[-51.671211899999946,-26.909460199999955],[-51.67314399999998,-26.88471089999996],[-51.69062429999997,-26.88997459999996],[-51.69402979999995,-26.851720299999954],[-51.70271239999994,-26.857244899999955],[-51.72389719999995,-26.85286279999997],[-51.72525859999996,-26.845131899999956],[-51.71263669999996,-26.824981899999955],[-51.67873439999994,-26.81836549999997],[-51.70267709999996,-26.791342699999973],[-51.73152509999994,-26.79011909999997],[-51.75266009999996,-26.77444909999997],[-51.765577399999984,-26.788229299999955],[-51.77693849999997,-26.780476199999953],[-51.77662309999994,-26.768542999999966],[-51.78571499999998,-26.770379699999978],[-51.78289149999995,-26.757262099999934],[-51.77512799999994,-26.74455779999994],[-51.75705289999996,-26.736498499999982],[-51.76978399999996,-26.72816759999995],[-51.77839319999998,-26.708763699999963],[-51.809289999999976,-26.69288119999993],[-51.81285239999994,-26.70067839999996],[-51.82090389999996,-26.695454199999972],[-51.824991899999986,-26.702330399999937],[-51.843320999999946,-26.70012509999998],[-51.84470249999998,-26.70931379999996],[-51.85348079999994,-26.710324899999932],[-51.84792479999993,-26.681758599999966],[-51.87006829999996,-26.690809099999967],[-51.88400809999996,-26.679235799999958],[-51.854841599999986,-26.67294409999994],[-51.846037999999965,-26.660397599999953],[-51.85263969999994,-26.650435699999946],[-51.832584699999984,-26.62501709999998],[-51.83252509999994,-26.60279859999997],[-51.82181699999995,-26.596265899999935],[-51.82056149999994,-26.57860039999997],[-51.789398999999946,-26.588682399999982],[-51.73454579999998,-26.57237589999994],[-51.69556789999996,-26.58140359999993],[-51.664105699999936,-26.563741799999946],[-51.630993899999964,-26.58781829999998],[-51.59698979999996,-26.584059999999965],[-51.53560739999995,-26.59179789999996],[-51.50558319999993,-26.581529599999953],[-51.480028499999946,-26.605956799999944],[-51.48670099999998,-26.62442429999993],[-51.46884269999998,-26.621243999999933],[-51.45488299999994,-26.64065819999996],[-51.45676149999997,-26.653176299999927],[-51.43949479999998,-26.66723389999993],[-51.43534599999998,-26.68817809999996],[-51.40731759999994,-26.700619999999958],[-51.41172299999994,-26.720944499999973],[-51.46956749999998,-26.793527799999936],[-51.461367999999936,-26.81264159999995],[-51.43237999999997,-26.824235999999928],[-51.42626399999995,-26.844712699999945],[-51.43647989999994,-26.855774999999937],[-51.51038429999994,-26.838616699999932],[-51.52988959999993,-26.87945449999995],[-51.54085749999996,-26.935151299999973],[-51.52625359999996,-26.95603069999993],[-51.507644099999936,-26.960148199999935],[-51.48944689999996,-26.989236999999946],[-51.49391229999998,-26.994607799999983],[-51.47222649999998,-27.01223209999995],[-51.45488809999995,-27.012102699999957],[-51.45096119999994,-27.018391899999983],[-51.46340269999996,-27.031111799999962],[-51.46002979999997,-27.055561499999953],[-51.449806199999955,-27.06778309999993],[-51.47384949999997,-27.06038069999994],[-51.466440199999965,-27.050381199999947],[-51.475742099999934,-27.05386889999994],[-51.480026599999974,-27.04536449999995],[-51.491287599999964,-27.06179089999995],[-51.495784699999945,-27.055055799999934],[-51.48984439999998,-27.048481699999968],[-51.50305709999998,-27.058276999999975],[-51.50533789999997,-27.049405199999967],[-51.51852729999996,-27.045611699999938]]]}},{"id":"4316","type":"Feature","properties":{"COD_IBGE":"4200507","MUNICIPIO":"Águas de Chapecó","UF":"SC"},"geometry":{"type":"Polygon","coordinates":[[[-52.94642909999993,-27.03868659999995],[-52.96961169999997,-27.020506999999952],[-52.95095749999996,-27.00331879999993],[-52.980177899999944,-26.98167099999995],[-52.95711659999995,-26.954865299999938],[-52.937090799999964,-26.94659489999998],[-52.943005899999946,-26.965312499999982],[-52.905235699999935,-26.973554699999966],[-52.898403299999984,-27.086168699999973],[-52.94170769999994,-27.08945099999994],[-52.94912879999998,-27.10298119999993],[-52.958627999999976,-27.10114649999997],[-52.959546399999965,-27.114850099999956],[-52.97180579999997,-27.128367699999956],[-52.987283299999945,-27.131244099999947],[-52.982303799999954,-27.138501899999937],[-53.00300569999996,-27.13561459999994],[-53.02264079999998,-27.156664899999953],[-53.037550099999976,-27.157747899999947],[-53.04475469999994,-27.140738599999963],[-53.041393899999946,-27.124905499999954],[-53.020331099999964,-27.104550399999937],[-53.01786539999995,-27.092270999999982],[-52.99268519999998,-27.09860969999994],[-52.99310769999994,-27.06495289999998],[-52.96898669999996,-27.066211799999962],[-52.982689799999946,-27.036877199999935],[-52.94642909999993,-27.03868659999995]]]}},{"id":"4317","type":"Feature","properties":{"COD_IBGE":"4200556","MUNICIPIO":"Águas Frias","UF":"SC"},"geometry":{"type":"Polygon","coordinates":[[[-52.87551959999996,-26.86382089999995],[-52.89016189999995,-26.849801599999978],[-52.89739059999994,-26.854787399999964],[-52.89551639999996,-26.864870099999962],[-52.904525699999965,-26.86518129999996],[-52.90097009999994,-26.853179499999953],[-52.91196759999997,-26.854312299999947],[-52.91972979999997,-26.84262629999995],[-52.87606189999997,-26.797140299999967],[-52.85272209999994,-26.810458599999947],[-52.83409789999996,-26.83555819999998],[-52.804798699999935,-26.83067099999994],[-52.801257599999985,-26.849635599999942],[-52.78595259999997,-26.855534099999943],[-52.78563759999997,-26.872251799999958],[-52.79571709999993,-26.875067899999976],[-52.81216889999996,-26.86415979999998],[-52.81894079999995,-26.869554799999946],[-52.78591319999998,-26.888287599999956],[-52.80546209999994,-26.897725799999932],[-52.82564579999996,-26.888764799999933],[-52.82254379999995,-26.880256799999984],[-52.836158499999954,-26.87946169999998],[-52.845289399999956,-26.89287459999997],[-52.85362739999994,-26.88844809999995],[-52.854036399999984,-26.896703699999932],[-52.87475169999993,-26.895043999999928],[-52.87923299999994,-26.878558099999964],[-52.89389959999994,-26.87538079999996],[-52.87551959999996,-26.86382089999995]]]}},{"id":"4318","type":"Feature","properties":{"COD_IBGE":"4200606","MUNICIPIO":"Águas Mornas","UF":"SC"},"geometry":{"type":"Polygon","coordinates":[[[-48.813165899999944,-27.69209159999997],[-48.80465869999995,-27.70509059999995],[-48.82577909999998,-27.71709999999996],[-48.83104799999995,-27.712322399999948],[-48.832392899999945,-27.719704899999954],[-48.84559449999995,-27.70931029999997],[-48.86868039999996,-27.716503199999977],[-48.859436399999936,-27.755403099999967],[-48.88266939999994,-27.782830099999956],[-48.87689139999998,-27.812980799999934],[-48.91559069999994,-27.80867889999996],[-48.92303689999994,-27.82065149999994],[-48.94839879999995,-27.815917799999966],[-49.008434499999964,-27.864637399999935],[-49.02085919999996,-27.86258849999996],[-49.018688699999984,-27.838618399999973],[-49.03538109999994,-27.82436439999998],[-49.03145669999998,-27.77429189999998],[-49.00652919999993,-27.72066609999996],[-49.00650689999998,-27.70018669999996],[-48.99251859999998,-27.699195199999963],[-48.96007279999998,-27.656965399999933],[-48.96987299999995,-27.63445919999998],[-48.953471899999954,-27.625948799999946],[-48.84452819999996,-27.625171099999932],[-48.84094699999997,-27.635643999999957],[-48.863093499999934,-27.65994699999993],[-48.83664859999993,-27.69244729999997],[-48.813165899999944,-27.69209159999997]]]}},{"id":"4319","type":"Feature","properties":{"COD_IBGE":"4200705","MUNICIPIO":"Alfredo Wagner","UF":"SC"},"geometry":{"type":"Polygon","coordinates":[[[-49.30608489999997,-27.847928099999933],[-49.32223419999997,-27.828532799999948],[-49.33888479999996,-27.83685989999998],[-49.35668339999995,-27.81150219999995],[-49.383072599999934,-27.81588709999994],[-49.405768999999964,-27.79137769999994],[-49.426244199999985,-27.786049399999968],[-49.418877099999975,-27.778952299999958],[-49.43029699999994,-27.773320699999942],[-49.42506499999996,-27.764774299999942],[-49.43567959999996,-27.758088399999963],[-49.457678499999986,-27.760276999999974],[-49.46880129999994,-27.750674699999934],[-49.47299229999993,-27.729432999999972],[-49.458917499999984,-27.70807639999998],[-49.48010289999996,-27.672408399999938],[-49.50430629999994,-27.653701499999954],[-49.510439599999984,-27.627033599999947],[-49.49734959999995,-27.584960199999955],[-49.47370619999998,-27.566111499999977],[-49.43638699999997,-27.58452529999994],[-49.410396599999956,-27.56078549999995],[-49.35449559999995,-27.562656999999945],[-49.32272199999994,-27.588845599999956],[-49.300598099999945,-27.58442199999996],[-49.306117599999936,-27.60089849999997],[-49.286697799999956,-27.62612729999995],[-49.28324139999995,-27.64326529999994],[-49.25489649999997,-27.65483869999997],[-49.213937699999974,-27.65521659999996],[-49.20160919999995,-27.645232999999962],[-49.19260909999997,-27.658813299999963],[-49.163066199999946,-27.66332189999997],[-49.147316399999966,-27.686442399999976],[-49.157995899999946,-27.70648749999998],[-49.150368199999946,-27.71274909999994],[-49.160033399999975,-27.753549299999975],[-49.19303809999997,-27.78554689999993],[-49.18743269999993,-27.797963299999935],[-49.19390929999997,-27.813358199999982],[-49.208240899999964,-27.818605399999967],[-49.212854799999945,-27.829906999999935],[-49.233587299999954,-27.831213299999945],[-49.24308329999997,-27.846330499999965],[-49.270916399999976,-27.854962099999966],[-49.28072099999997,-27.873378499999944],[-49.29558429999997,-27.875323999999978],[-49.30336109999996,-27.85798109999996],[-49.31154669999995,-27.85721609999996],[-49.30608489999997,-27.847928099999933]]]}},{"id":"4320","type":"Feature","properties":{"COD_IBGE":"4200754","MUNICIPIO":"Alto Bela Vista","UF":"SC"},"geometry":{"type":"Polygon","coordinates":[[[-51.90031979999998,-27.46517929999993],[-51.916477199999974,-27.458086899999955],[-51.95828149999994,-27.47436289999996],[-51.96379419999994,-27.463135999999963],[-51.93921839999996,-27.44602759999998],[-51.93577689999995,-27.428749099999948],[-51.960825299999954,-27.41256359999994],[-51.999582299999986,-27.409738999999945],[-52.00847129999994,-27.40207179999993],[-51.99094269999995,-27.389092499999947],[-51.94961809999995,-27.393363199999953],[-51.95208669999994,-27.380247099999963],[-51.98341229999994,-27.375081799999975],[-51.99349939999996,-27.365684399999964],[-51.97069779999998,-27.35441389999994],[-51.95787889999997,-27.36185389999997],[-51.964049399999965,-27.343587199999945],[-51.94600219999995,-27.350366099999974],[-51.955030599999986,-27.339517799999953],[-51.948347199999944,-27.331884999999943],[-51.922999999999945,-27.35068999999993],[-51.91544019999998,-27.38967999999994],[-51.90159559999995,-27.38980749999996],[-51.90531379999993,-27.394842599999947],[-51.89348739999997,-27.39960009999993],[-51.879016099999944,-27.433657599999947],[-51.88154009999994,-27.45567959999994],[-51.869416799999954,-27.449730699999975],[-51.85780669999997,-27.47036429999997],[-51.87971369999997,-27.487408399999936],[-51.873766099999955,-27.513277099999982],[-51.879173099999946,-27.52062879999994],[-51.89536979999997,-27.51556499999998],[-51.90031979999998,-27.46517929999993]]]}},{"id":"4321","type":"Feature","properties":{"COD_IBGE":"4200804","MUNICIPIO":"Anchieta","UF":"SC"},"geometry":{"type":"Polygon","coordinates":[[[-53.247081299999934,-26.533152899999948],[-53.23631139999998,-26.53969879999994],[-53.25894509999995,-26.550252599999965],[-53.253863999999965,-26.570358099999964],[-53.27520439999995,-26.565083799999968],[-53.27243009999995,-26.575318399999958],[-53.334054299999934,-26.59045249999997],[-53.34480149999996,-26.585273899999947],[-53.39152119999994,-26.62098409999993],[-53.40343909999996,-26.60901629999995],[-53.396113499999956,-26.592852799999946],[-53.412559499999986,-26.58492569999993],[-53.428947999999934,-26.614133699999968],[-53.43598519999995,-26.609797899999933],[-53.42895649999997,-26.58367359999994],[-53.44173479999995,-26.59264589999998],[-53.45619859999994,-26.583001899999942],[-53.445151099999975,-26.58580699999993],[-53.431993499999976,-26.575038699999936],[-53.44783679999995,-26.563611399999957],[-53.45842739999995,-26.56646089999998],[-53.45226229999997,-26.554417099999966],[-53.46249039999998,-26.552560599999936],[-53.42633909999995,-26.544268599999953],[-53.448298199999954,-26.53506429999993],[-53.44749509999997,-26.528999099999965],[-53.429092999999966,-26.531629899999928],[-53.42864979999996,-26.51219199999997],[-53.40666089999996,-26.526602999999966],[-53.39986879999998,-26.511775399999976],[-53.377349899999956,-26.515524899999946],[-53.350587099999984,-26.504336999999964],[-53.36169079999996,-26.49809019999998],[-53.35641829999997,-26.495421499999964],[-53.361893899999984,-26.48849729999995],[-53.34785709999994,-26.487069799999972],[-53.34733679999994,-26.47704609999994],[-53.339162999999985,-26.48182309999993],[-53.32940479999996,-26.46472799999998],[-53.32610139999997,-26.471311299999968],[-53.31290729999995,-26.457500799999934],[-53.31626259999996,-26.462791899999957],[-53.306242399999974,-26.46973689999993],[-53.30169989999996,-26.457019699999933],[-53.289901999999984,-26.460648999999933],[-53.285095299999966,-26.451182999999958],[-53.25806019999993,-26.448986499999933],[-53.25725479999994,-26.44317099999995],[-53.239881999999966,-26.451368199999933],[-53.22926989999996,-26.480390399999976],[-53.243066899999974,-26.50121779999995],[-53.24736269999994,-26.51465929999995],[-53.23823219999997,-26.52176579999997],[-53.247081299999934,-26.533152899999948]]]}},{"id":"4322","type":"Feature","properties":{"COD_IBGE":"4200903","MUNICIPIO":"Angelina","UF":"SC"},"geometry":{"type":"Polygon","coordinates":[[[-48.921717899999976,-27.573474399999952],[-48.93883559999995,-27.597679899999946],[-48.95492159999998,-27.601503299999933],[-48.956712799999934,-27.619862699999942],[-48.94782589999994,-27.624133899999947],[-48.96366809999995,-27.635261199999945],[-48.97892099999996,-27.62660519999997],[-48.988399699999945,-27.632973799999945],[-49.00132299999996,-27.625359899999978],[-49.009523299999955,-27.63048559999993],[-49.010276199999964,-27.62226579999998],[-49.064697199999955,-27.64892249999997],[-49.08057259999998,-27.623395199999948],[-49.08919229999998,-27.58529909999993],[-49.128799399999934,-27.600400899999954],[-49.13799149999994,-27.582081899999935],[-49.143965599999945,-27.593136399999935],[-49.184128999999984,-27.59124909999997],[-49.20575359999998,-27.604187199999956],[-49.209194699999955,-27.629273999999953],[-49.22656939999996,-27.619535799999937],[-49.262766699999986,-27.571937599999956],[-49.243065599999966,-27.502554699999962],[-49.22513719999995,-27.491453099999944],[-49.181718599999954,-27.503229399999952],[-49.17086489999997,-27.492816999999945],[-49.15172019999994,-27.491138999999976],[-49.12599899999998,-27.502369899999962],[-49.112733799999944,-27.48640729999994],[-49.09815409999993,-27.48534369999993],[-49.079071699999986,-27.45297019999998],[-49.045118299999956,-27.443883899999946],[-49.049251899999945,-27.456109899999944],[-49.03861529999995,-27.46073279999996],[-49.033208299999956,-27.48374289999998],[-49.01893849999993,-27.482196199999976],[-48.98859449999998,-27.450064699999928],[-48.97224099999994,-27.45497819999997],[-48.95423989999995,-27.448600899999974],[-48.91948409999998,-27.46161019999994],[-48.918757599999935,-27.468213299999945],[-48.90485129999996,-27.467886199999953],[-48.897158099999956,-27.479331399999978],[-48.89960199999996,-27.492876299999978],[-48.923456199999976,-27.539431499999978],[-48.921717899999976,-27.573474399999952]]]}},{"id":"4323","type":"Feature","properties":{"COD_IBGE":"4201000","MUNICIPIO":"Anita Garibaldi","UF":"SC"},"geometry":{"type":"Polygon","coordinates":[[[-51.157791799999984,-27.80288919999998],[-51.18874439999996,-27.777195699999936],[-51.21955079999998,-27.770048299999928],[-51.240125999999975,-27.779022599999962],[-51.246862599999986,-27.75963379999996],[-51.27461269999998,-27.74847559999995],[-51.27309569999994,-27.73526419999996],[-51.26029719999997,-27.73725799999994],[-51.235805899999946,-27.720438299999955],[-51.222567599999934,-27.723189399999967],[-51.21050989999998,-27.670727899999974],[-51.19280639999994,-27.654615399999955],[-51.21524419999997,-27.618696399999976],[-51.20152409999997,-27.61479429999997],[-51.19357699999995,-27.593399399999953],[-51.17768629999995,-27.59594599999997],[-51.185527899999954,-27.615609399999983],[-51.16782509999996,-27.625796899999955],[-51.14159569999998,-27.613490499999955],[-51.10260109999996,-27.633776099999977],[-51.08425489999996,-27.62957799999998],[-51.086508599999945,-27.655614399999934],[-51.068375499999945,-27.646155199999953],[-51.04438989999994,-27.652872099999968],[-51.050242999999966,-27.64015889999996],[-50.99856149999994,-27.639123799999936],[-50.993158999999935,-27.64402599999994],[-51.00235209999994,-27.664549299999976],[-50.972413899999935,-27.65931519999998],[-50.95614359999996,-27.643896199999972],[-50.93934809999996,-27.655977399999983],[-50.94546329999997,-27.672190299999954],[-50.928989799999954,-27.667426099999943],[-50.92397329999994,-27.67951809999994],[-50.91857999999996,-27.673013399999945],[-50.90479329999994,-27.681598299999962],[-50.926972399999954,-27.741929399999947],[-50.940880499999935,-27.753240499999947],[-50.96570189999994,-27.751580699999977],[-50.958570099999974,-27.781609599999967],[-50.93440309999994,-27.81739319999997],[-51.00421559999995,-27.824886499999934],[-51.04280029999995,-27.86798749999997],[-51.07745909999994,-27.862684899999977],[-51.08222989999996,-27.83392639999994],[-51.09827169999994,-27.827417599999933],[-51.128923199999974,-27.832047599999953],[-51.13460649999996,-27.803657099999953],[-51.157791799999984,-27.80288919999998]]]}},{"id":"4324","type":"Feature","properties":{"COD_IBGE":"4201109","MUNICIPIO":"Anitápolis","UF":"SC"},"geometry":{"type":"Polygon","coordinates":[[[-49.103958699999964,-28.007396099999937],[-49.147361599999954,-28.003735499999948],[-49.15789419999993,-27.963960999999983],[-49.18300069999998,-27.980839999999944],[-49.192877399999986,-27.969402299999956],[-49.24201549999998,-27.950558899999976],[-49.264355799999976,-27.95086189999995],[-49.28718939999993,-27.936380999999983],[-49.307844399999965,-27.940980699999955],[-49.30580719999995,-27.91628609999998],[-49.27277529999998,-27.856423199999938],[-49.24259639999997,-27.846060699999953],[-49.233587299999954,-27.831213299999945],[-49.212578399999984,-27.829768799999954],[-49.208240899999964,-27.818605399999967],[-49.19390929999997,-27.813358199999982],[-49.18743269999993,-27.797963299999935],[-49.19303809999997,-27.78554689999993],[-49.17186849999996,-27.771788399999934],[-49.15720909999993,-27.744108599999947],[-49.12633519999997,-27.746987099999956],[-49.11517619999995,-27.770079099999975],[-49.106542099999956,-27.770501999999965],[-49.092391299999974,-27.750922699999933],[-49.079407999999944,-27.75083049999995],[-49.05237699999998,-27.77208969999998],[-49.036085499999956,-27.735424699999953],[-49.02859579999995,-27.743962499999952],[-49.03538109999994,-27.82436439999998],[-49.018688699999984,-27.838618399999973],[-49.02117739999994,-27.862179499999968],[-49.006732099999965,-27.879778699999974],[-49.01701879999996,-27.88245539999997],[-49.01592869999996,-27.90924789999997],[-49.045496399999934,-27.93571909999997],[-49.03293899999994,-27.953439499999945],[-49.04489739999997,-27.95880429999994],[-49.039003899999955,-27.96578919999996],[-49.048680899999965,-27.97384119999998],[-49.04879989999995,-27.986995999999976],[-49.103958699999964,-28.007396099999937]]]}},{"id":"4325","type":"Feature","properties":{"COD_IBGE":"4201208","MUNICIPIO":"Antônio Carlos","UF":"SC"},"geometry":{"type":"Polygon","coordinates":[[[-48.80343279999994,-27.432509299999936],[-48.780452099999934,-27.465701699999954],[-48.763495499999976,-27.460089599999947],[-48.74508799999995,-27.477944899999954],[-48.75325869999995,-27.498085499999945],[-48.738784399999986,-27.50236099999995],[-48.74093279999994,-27.512541399999975],[-48.72426199999995,-27.524671199999943],[-48.727537799999936,-27.553543499999932],[-48.769510099999934,-27.558088699999928],[-48.77570399999996,-27.546440599999983],[-48.78659509999994,-27.552204399999937],[-48.795820499999934,-27.545289599999933],[-48.79953359999996,-27.551206499999978],[-48.81536259999996,-27.548832199999936],[-48.82568589999994,-27.565074099999947],[-48.835613499999965,-27.56342239999998],[-48.85305979999998,-27.57563829999998],[-48.880898299999956,-27.563112699999976],[-48.908444299999985,-27.565934399999946],[-48.92109829999998,-27.556556199999932],[-48.923456199999976,-27.539431499999978],[-48.89708919999998,-27.481499999999983],[-48.90485129999996,-27.467886199999953],[-48.921700699999974,-27.464925999999934],[-48.90629819999998,-27.449567899999977],[-48.88083809999995,-27.431081199999937],[-48.87044079999998,-27.43812859999997],[-48.835155199999974,-27.39650039999998],[-48.817729199999974,-27.40498059999993],[-48.800463699999966,-27.40122199999996],[-48.80343279999994,-27.432509299999936]]]}},{"id":"4326","type":"Feature","properties":{"COD_IBGE":"4201257","MUNICIPIO":"Apiúna","UF":"SC"},"geometry":{"type":"Polygon","coordinates":[[[-49.31232099999994,-27.034760399999982],[-49.297970099999986,-27.037494699999968],[-49.29418409999994,-27.05868399999997],[-49.26725909999993,-27.056831699999975],[-49.271493299999975,-27.08018889999994],[-49.25335209999997,-27.088233299999956],[-49.25034789999995,-27.12321959999997],[-49.22004869999995,-27.164440699999943],[-49.24286889999996,-27.180597699999964],[-49.246628699999974,-27.197362899999973],[-49.26313259999995,-27.210993299999927],[-49.309064399999954,-27.21345759999997],[-49.32234949999997,-27.23164349999996],[-49.34280169999994,-27.238698899999974],[-49.37353889999997,-27.22580659999994],[-49.390511499999945,-27.235497799999962],[-49.403093199999944,-27.231789299999946],[-49.421443599999975,-27.250578899999937],[-49.447096199999976,-27.255442199999948],[-49.46275579999997,-27.223842699999977],[-49.456705699999986,-27.199280899999962],[-49.440300699999966,-27.18692219999997],[-49.46343049999996,-27.171051899999952],[-49.45613989999998,-27.153190499999937],[-49.467380799999944,-27.105140199999937],[-49.495573899999954,-27.07880899999998],[-49.458187099999975,-27.100698199999954],[-49.456470199999956,-27.083510099999955],[-49.471292699999935,-27.06816189999995],[-49.46900819999996,-27.00514409999994],[-49.44148279999996,-27.014053399999966],[-49.409349599999985,-27.009428699999944],[-49.377478199999985,-27.015547599999934],[-49.38486629999994,-26.988292399999978],[-49.37951359999994,-26.983714599999928],[-49.37445309999998,-26.982094899999936],[-49.32855809999995,-27.020464799999957],[-49.317114999999944,-27.02221309999993],[-49.31232099999994,-27.034760399999982]]]}},{"id":"4327","type":"Feature","properties":{"COD_IBGE":"4201273","MUNICIPIO":"Arabutã","UF":"SC"},"geometry":{"type":"Polygon","coordinates":[[[-52.101102699999956,-27.15210529999996],[-52.08695299999994,-27.16041569999993],[-52.085323899999935,-27.16991289999993],[-52.10172909999994,-27.16264099999995],[-52.107214399999975,-27.17145449999998],[-52.11639429999997,-27.166813699999977],[-52.11673529999996,-27.183944399999973],[-52.12888209999994,-27.181407399999955],[-52.134716699999956,-27.188174699999934],[-52.14118929999995,-27.180154899999934],[-52.17804789999997,-27.20118519999994],[-52.18662489999997,-27.194493699999953],[-52.19265029999997,-27.19955959999993],[-52.21651499999996,-27.179234399999928],[-52.23043709999996,-27.18338229999995],[-52.23696039999999,-27.17153159999998],[-52.233219099999985,-27.154995699999972],[-52.25262749999996,-27.13160369999997],[-52.24409879999996,-27.088232799999957],[-52.22779179999998,-27.06823309999993],[-52.20083119999998,-27.094162799999935],[-52.17955009999997,-27.093857399999933],[-52.17555159999995,-27.10319199999998],[-52.146711799999935,-27.100836499999957],[-52.12231259999999,-27.130617799999982],[-52.12038469999993,-27.12261689999997],[-52.101102699999956,-27.15210529999996]]]}},{"id":"4328","type":"Feature","properties":{"COD_IBGE":"4201307","MUNICIPIO":"Araquari","UF":"SC"},"geometry":{"type":"Polygon","coordinates":[[[-48.73036819999993,-26.57174509999993],[-48.75217739999994,-26.539412599999935],[-48.80706049999998,-26.513025399999947],[-48.81430309999996,-26.519380699999942],[-48.825756499999954,-26.515291399999967],[-48.83374259999994,-26.524815299999943],[-48.82953299999997,-26.529840399999955],[-48.85002919999994,-26.527885099999935],[-48.857344599999976,-26.540938599999947],[-48.86167569999998,-26.535160899999937],[-48.86488459999998,-26.540271399999938],[-48.90859549999993,-26.49638129999994],[-48.89770189999996,-26.49636959999998],[-48.90596919999996,-26.490296199999932],[-48.89521469999994,-26.477287799999942],[-48.88041539999995,-26.477578799999947],[-48.88169129999994,-26.45780039999994],[-48.86903319999993,-26.45866669999998],[-48.875000399999976,-26.44886649999995],[-48.839947999999936,-26.44019789999993],[-48.825126299999965,-26.449477299999955],[-48.80321239999995,-26.416152599999975],[-48.82443999999998,-26.41337939999994],[-48.82494139999994,-26.39959669999996],[-48.80850699999996,-26.39216099999993],[-48.803189799999984,-26.368982399999936],[-48.76624889999994,-26.35212189999993],[-48.756689499999936,-26.36136719999996],[-48.73116859999993,-26.353727499999934],[-48.72407879999997,-26.337308699999937],[-48.75812449999995,-26.29770529999996],[-48.73988579999997,-26.28635719999994],[-48.72154599999993,-26.304994499999964],[-48.72406309999997,-26.32644499999998],[-48.70403819999996,-26.34355039999997],[-48.66248369999994,-26.36076929999996],[-48.669348799999966,-26.36863969999996],[-48.68834199999998,-26.370238099999938],[-48.672238499999935,-26.385621699999945],[-48.66953459999996,-26.41332129999995],[-48.70956019999994,-26.430928999999935],[-48.65074089999996,-26.547308999999927],[-48.66483629999993,-26.580930299999977],[-48.689355999999975,-26.57189539999996],[-48.708303899999976,-26.597673499999928],[-48.726558799999964,-26.59579949999994],[-48.73036819999993,-26.57174509999993]]]}},{"id":"4329","type":"Feature","properties":{"COD_IBGE":"4201406","MUNICIPIO":"Araranguá","UF":"SC"},"geometry":{"type":"Polygon","coordinates":[[[-49.40937809999997,-28.941842299999962],[-49.48264059999997,-29.003013099999976],[-49.53604709999996,-29.02883769999994],[-49.562500099999966,-29.058130399999982],[-49.623350699999946,-29.018011899999976],[-49.58033839999996,-28.983962799999972],[-49.598185899999976,-28.976030999999978],[-49.603063099999986,-28.940922899999975],[-49.582160399999964,-28.93836349999998],[-49.57831379999993,-28.930500699999982],[-49.57260869999993,-28.936956899999927],[-49.56961159999997,-28.923696999999947],[-49.54709339999994,-28.926346299999977],[-49.52821749999998,-28.912953899999934],[-49.514579099999935,-28.917103099999963],[-49.513599599999964,-28.891844999999932],[-49.48992849999996,-28.882162799999946],[-49.43272069999995,-28.90930949999995],[-49.39786339999995,-28.833624399999962],[-49.29010949999997,-28.88316679999997],[-49.37644469999998,-28.95608939999994],[-49.38851299999993,-28.94502799999998],[-49.40937809999997,-28.941842299999962]]]}},{"id":"4330","type":"Feature","properties":{"COD_IBGE":"4201505","MUNICIPIO":"Armazém","UF":"SC"},"geometry":{"type":"Polygon","coordinates":[[[-49.01653529999993,-28.30570659999995],[-49.022370799999976,-28.298263299999974],[-49.037620499999946,-28.30424679999993],[-49.04543649999994,-28.29184799999996],[-49.07124729999998,-28.294129599999962],[-49.08270059999995,-28.25352369999996],[-49.06937169999998,-28.231857499999933],[-49.06709189999998,-28.200486699999942],[-49.07939749999997,-28.185624099999984],[-49.05900849999995,-28.16362339999995],[-49.019033399999955,-28.14858849999996],[-49.00958399999996,-28.156657799999948],[-49.01253189999994,-28.16435389999998],[-48.99712379999994,-28.16327279999996],[-48.99748079999995,-28.17353049999997],[-48.97766299999995,-28.18697979999996],[-48.97315789999993,-28.181693399999972],[-48.97880489999994,-28.199598699999967],[-48.970112599999936,-28.204526999999928],[-48.977949699999954,-28.211662599999954],[-48.962328699999944,-28.221757199999956],[-48.969426399999975,-28.23011189999994],[-48.964646699999946,-28.237826499999983],[-48.92093609999995,-28.235631799999965],[-48.92080139999996,-28.251302299999963],[-48.941141899999934,-28.25146049999995],[-48.955999099999985,-28.269609899999978],[-48.949372299999936,-28.28916609999993],[-48.95596139999998,-28.293504199999973],[-48.95049289999997,-28.299235099999976],[-48.95489399999997,-28.318759799999953],[-48.96664389999995,-28.319171799999936],[-48.99279399999995,-28.298390599999948],[-49.01653529999993,-28.30570659999995]]]}},{"id":"4331","type":"Feature","properties":{"COD_IBGE":"4201604","MUNICIPIO":"Arroio Trinta","UF":"SC"},"geometry":{"type":"Polygon","coordinates":[[[-51.36931949999996,-26.904633799999942],[-51.361523499999976,-26.88770829999993],[-51.37135579999995,-26.88665979999996],[-51.375442299999975,-26.87047949999993],[-51.337296099999946,-26.87655499999994],[-51.32410029999994,-26.86587839999993],[-51.28967319999998,-26.881010199999935],[-51.27959139999996,-26.877108299999975],[-51.28537679999994,-26.88751309999998],[-51.27470379999994,-26.888101399999982],[-51.28752829999996,-26.895406099999946],[-51.27505199999996,-26.89965499999994],[-51.267476199999976,-26.917600899999968],[-51.28024739999995,-26.917136899999946],[-51.35162329999997,-26.98121299999997],[-51.36932249999995,-26.98434149999997],[-51.380781799999966,-26.979629099999954],[-51.381708999999944,-26.96892859999997],[-51.39543949999995,-26.969839899999954],[-51.401763399999936,-26.952397599999983],[-51.40796229999995,-26.95418109999997],[-51.406055299999935,-26.94309549999997],[-51.363499099999956,-26.93990229999997],[-51.369998899999985,-26.928459699999962],[-51.36318679999994,-26.92099449999995],[-51.37141779999996,-26.910199699999964],[-51.36206119999997,-26.90825609999996],[-51.36931949999996,-26.904633799999942]]]}},{"id":"4332","type":"Feature","properties":{"COD_IBGE":"4201653","MUNICIPIO":"Arvoredo","UF":"SC"},"geometry":{"type":"Polygon","coordinates":[[[-52.40481129999995,-27.11903929999994],[-52.43271009999995,-27.114097799999968],[-52.44282439999995,-27.124409999999955],[-52.469150799999966,-27.13041979999997],[-52.488295499999936,-27.11679769999995],[-52.48124759999996,-27.11096239999995],[-52.50878209999996,-27.093845099999953],[-52.48844479999997,-27.090715099999954],[-52.47912549999995,-27.07312079999997],[-52.45829569999995,-27.077741199999934],[-52.47940459999995,-27.046438799999976],[-52.46928249999996,-27.040735599999948],[-52.45182029999995,-27.057529299999942],[-52.44501229999997,-27.052105599999948],[-52.45107559999997,-27.03749209999995],[-52.43556679999995,-27.030834399999947],[-52.46180339999995,-27.026879699999938],[-52.46659909999994,-27.01451049999997],[-52.45560569999998,-26.99597579999994],[-52.441087599999946,-26.99284549999993],[-52.428836599999954,-27.011537699999963],[-52.41422669999997,-27.00824579999994],[-52.413313399999936,-27.034958399999937],[-52.40354529999996,-27.034455599999944],[-52.39985089999993,-27.09024039999997],[-52.39087989999996,-27.090494099999944],[-52.40357869999997,-27.103386599999965],[-52.397410699999966,-27.11243129999997],[-52.40481129999995,-27.11903929999994]]]}},{"id":"4333","type":"Feature","properties":{"COD_IBGE":"4201703","MUNICIPIO":"Ascurra","UF":"SC"},"geometry":{"type":"Polygon","coordinates":[[[-49.32855809999995,-27.020464799999957],[-49.37951359999994,-26.983714599999928],[-49.38486629999994,-26.988292399999978],[-49.377478199999985,-27.015547599999934],[-49.409349599999985,-27.009428699999944],[-49.44148279999996,-27.014053399999966],[-49.46900819999996,-27.00514409999994],[-49.460857499999975,-26.98349539999998],[-49.46274139999997,-26.93461469999994],[-49.45200989999995,-26.934399999999982],[-49.43745379999996,-26.915414599999963],[-49.426305499999955,-26.916473099999962],[-49.407464999999945,-26.93356749999998],[-49.390413199999955,-26.930824899999948],[-49.38067799999993,-26.94309089999996],[-49.367244599999935,-26.943582999999933],[-49.34024109999996,-26.965945699999963],[-49.31319149999996,-26.959674999999947],[-49.313049199999966,-26.977523899999937],[-49.30032289999997,-26.996567699999957],[-49.31764019999997,-27.02177949999998],[-49.32855809999995,-27.020464799999957]]]}},{"id":"4334","type":"Feature","properties":{"COD_IBGE":"4201802","MUNICIPIO":"Atalanta","UF":"SC"},"geometry":{"type":"Polygon","coordinates":[[[-49.782281499999954,-27.413720499999954],[-49.750473699999986,-27.395958699999937],[-49.72469529999995,-27.388585099999943],[-49.711221499999965,-27.393763199999967],[-49.701005599999974,-27.38567359999996],[-49.69349779999993,-27.390670899999975],[-49.674698099999944,-27.458930599999974],[-49.74717149999998,-27.47660659999997],[-49.770151699999985,-27.465314999999975],[-49.80080869999995,-27.486828899999978],[-49.81010999999995,-27.484914699999933],[-49.816804599999955,-27.47460979999994],[-49.812176799999975,-27.44907589999997],[-49.782281499999954,-27.413720499999954]]]}},{"id":"4335","type":"Feature","properties":{"COD_IBGE":"4201901","MUNICIPIO":"Aurora","UF":"SC"},"geometry":{"type":"Polygon","coordinates":[[[-49.57075599999996,-27.40081749999996],[-49.610335099999986,-27.387166699999966],[-49.647897899999975,-27.396485199999972],[-49.649339199999986,-27.389142099999958],[-49.65946809999997,-27.388373199999933],[-49.667501399999935,-27.339736499999958],[-49.677817199999936,-27.335670799999946],[-49.673085999999955,-27.330111899999963],[-49.68057429999993,-27.317461999999978],[-49.690024499999936,-27.316973599999983],[-49.69169509999995,-27.30441959999996],[-49.681649999999934,-27.291289999999947],[-49.640206699999965,-27.27559839999998],[-49.62031319999994,-27.284798699999953],[-49.578594399999986,-27.25992789999998],[-49.56239739999995,-27.276413599999955],[-49.51205609999994,-27.27613309999998],[-49.49983499999996,-27.29693249999997],[-49.48057799999998,-27.30465049999998],[-49.495520699999986,-27.31810289999993],[-49.50399769999996,-27.34373819999996],[-49.55536189999998,-27.391853399999945],[-49.57075599999996,-27.40081749999996]]]}},{"id":"4336","type":"Feature","properties":{"COD_IBGE":"4201950","MUNICIPIO":"Balneário Arroio do Silva","UF":"SC"},"geometry":{"type":"Polygon","coordinates":[[[-49.37644469999998,-28.95608939999994],[-49.51596089999998,-29.095701299999973],[-49.565697899999975,-29.058957499999963],[-49.54910479999995,-29.050304899999958],[-49.53604709999996,-29.02883769999994],[-49.48264059999997,-29.003013099999976],[-49.40937809999997,-28.941842299999962],[-49.38851299999993,-28.94502799999998],[-49.37644469999998,-28.95608939999994]]]}},{"id":"4337","type":"Feature","properties":{"COD_IBGE":"4202008","MUNICIPIO":"Balneário Camboriú","UF":"SC"},"geometry":{"type":"MultiPolygon","coordinates":[[[[-48.62729559999997,-27.013475899999946],[-48.64492269999994,-27.013099199999942],[-48.64535989999996,-27.00011999999998],[-48.682939799999986,-26.97276329999994],[-48.632948699999986,-26.954574799999932],[-48.624210999999946,-26.96129579999996],[-48.63378679999994,-26.98366539999995],[-48.61937439999997,-27.002004299999953],[-48.60143109999996,-27.005886699999962],[-48.601958399999944,-26.995437399999958],[-48.58077229999998,-26.994019599999945],[-48.57999969999997,-27.00931479999997],[-48.57640489999994,-27.01152989999997],[-48.57204839999997,-27.00849329999994],[-48.56906239999995,-27.009438599999953],[-48.58908659999997,-27.06097929999993],[-48.61233559999994,-27.04784559999996],[-48.62729559999997,-27.013475899999946]]],[[[-48.62369959999995,-26.98577849999998],[-48.62305649999996,-26.98673489999993],[-48.62476049999998,-26.98670199999998],[-48.62369959999995,-26.98577849999998]]],[[[-48.57938169999994,-26.99237469999997],[-48.579863999999986,-26.992301599999962],[-48.579237999999975,-26.992136999999957],[-48.57938169999994,-26.99237469999997]]],[[[-48.578570999999954,-26.992475299999967],[-48.57868389999993,-26.992831899999942],[-48.57902249999995,-26.992539299999976],[-48.578570999999954,-26.992475299999967]]]]}},{"id":"4338","type":"Feature","properties":{"COD_IBGE":"4202057","MUNICIPIO":"Balneário Barra do Sul","UF":"SC"},"geometry":{"type":"MultiPolygon","coordinates":[[[[-48.60999889999994,-26.453748299999972],[-48.59354529999996,-26.453070899999943],[-48.65074089999996,-26.547308999999927],[-48.70956019999994,-26.430928999999935],[-48.66953459999996,-26.41332129999995],[-48.672238499999935,-26.385621699999945],[-48.68834199999998,-26.370238099999938],[-48.669348799999966,-26.36863969999996],[-48.66248369999994,-26.36076929999996],[-48.633012399999984,-26.37161109999994],[-48.618389699999966,-26.403648799999928],[-48.625672099999974,-26.438040199999932],[-48.60999889999994,-26.453748299999972]]],[[[-48.57899679999997,-26.45427369999993],[-48.57875629999995,-26.46162419999996],[-48.58336469999995,-26.45993219999997],[-48.57899679999997,-26.45427369999993]]],[[[-48.566917099999955,-26.458106699999973],[-48.56653339999997,-26.461274299999957],[-48.57057599999996,-26.46027339999995],[-48.566917099999955,-26.458106699999973]]],[[[-48.58095489999994,-26.466070199999933],[-48.58009539999995,-26.468892299999936],[-48.58207199999998,-26.468225299999972],[-48.58095489999994,-26.466070199999933]]],[[[-48.583470199999965,-26.49835919999998],[-48.58394649999997,-26.496990799999935],[-48.58313119999997,-26.498040799999956],[-48.583470199999965,-26.49835919999998]]],[[[-48.56151049999994,-26.514647399999944],[-48.56167979999998,-26.513315199999965],[-48.56106589999996,-26.513525499999957],[-48.56151049999994,-26.514647399999944]]]]}},{"id":"4339","type":"Feature","properties":{"COD_IBGE":"4202073","MUNICIPIO":"Balneário Gaivota","UF":"SC"},"geometry":{"type":"Polygon","coordinates":[[[-49.51596089999998,-29.095701299999973],[-49.645096799999976,-29.23838429999995],[-49.653436599999964,-29.232897599999944],[-49.66071809999994,-29.24242709999993],[-49.71211539999996,-29.205798999999956],[-49.68749999999994,-29.16666669999995],[-49.65213159999996,-29.140434999999968],[-49.62904109999994,-29.134837799999957],[-49.60523809999995,-29.10860729999996],[-49.59621409999994,-29.079576199999963],[-49.565697899999975,-29.058957499999963],[-49.51596089999998,-29.095701299999973]]]}},{"id":"4340","type":"Feature","properties":{"COD_IBGE":"4202081","MUNICIPIO":"Bandeirante","UF":"SC"},"geometry":{"type":"Polygon","coordinates":[[[-53.66387439999994,-26.728732199999968],[-53.64205569999996,-26.735715699999957],[-53.64605179999995,-26.711294099999975],[-53.62752219999993,-26.71629829999995],[-53.62053849999995,-26.69042539999998],[-53.61551209999993,-26.696792999999957],[-53.611086299999954,-26.68411679999997],[-53.604069799999934,-26.68429169999996],[-53.60567149999997,-26.692106799999976],[-53.60172219999998,-26.684574599999962],[-53.59604729999995,-26.68801659999997],[-53.58797189999996,-26.765480099999934],[-53.57496169999996,-26.794924799999933],[-53.58584689999998,-26.79506509999993],[-53.59336019999995,-26.808464899999933],[-53.60440139999997,-26.80525149999994],[-53.60706719999996,-26.81899649999997],[-53.61685749999998,-26.810998499999982],[-53.61885769999998,-26.820417599999928],[-53.626656899999944,-26.812326199999973],[-53.63801429999995,-26.816995599999927],[-53.65198079999993,-26.80905809999996],[-53.652932799999974,-26.818011199999944],[-53.662981799999955,-26.818349299999966],[-53.656150199999956,-26.82904099999996],[-53.66749199999998,-26.833960899999965],[-53.66234659999998,-26.84251269999993],[-53.69427189999993,-26.84818919999998],[-53.68926669999996,-26.837178299999948],[-53.711282799999935,-26.811296099999936],[-53.69873009999998,-26.81470509999997],[-53.700568199999964,-26.798254399999962],[-53.71002549999997,-26.79751639999995],[-53.717459099999985,-26.782334399999968],[-53.698918599999956,-26.770012299999962],[-53.71299529999993,-26.766205399999933],[-53.729188799999974,-26.774139799999944],[-53.74390469999997,-26.762950199999977],[-53.719173299999966,-26.759971699999937],[-53.684145599999965,-26.71966329999998],[-53.65441519999996,-26.720039399999962],[-53.652279599999986,-26.728754599999945],[-53.66387439999994,-26.728732199999968]]]}},{"id":"4341","type":"Feature","properties":{"COD_IBGE":"4202099","MUNICIPIO":"Barra Bonita","UF":"SC"},"geometry":{"type":"Polygon","coordinates":[[[-53.44388329999998,-26.709713799999975],[-53.49499719999994,-26.659750799999983],[-53.47705549999995,-26.64374239999995],[-53.447496599999965,-26.634396699999968],[-53.447243399999934,-26.627728099999956],[-53.42873559999998,-26.626458999999954],[-53.43198549999994,-26.620498899999973],[-53.412955299999965,-26.607029799999964],[-53.424509099999966,-26.60346519999996],[-53.412559499999986,-26.58492569999993],[-53.396113499999956,-26.592852799999946],[-53.40343909999996,-26.60901629999995],[-53.38817639999996,-26.63119729999994],[-53.39406699999995,-26.662556799999948],[-53.383593099999985,-26.665984999999978],[-53.39031769999997,-26.67986019999995],[-53.39728679999996,-26.67339409999994],[-53.402282999999954,-26.67754569999994],[-53.396367399999974,-26.680553999999972],[-53.41082669999997,-26.694196099999942],[-53.39105139999998,-26.694738799999982],[-53.385644799999966,-26.715883799999972],[-53.395758599999965,-26.71039539999998],[-53.40402709999995,-26.71618449999994],[-53.397221599999966,-26.729706199999953],[-53.38677519999993,-26.729268499999932],[-53.38060089999993,-26.71782859999996],[-53.36803829999997,-26.725877599999933],[-53.36770309999997,-26.73601709999997],[-53.38447899999994,-26.739201599999944],[-53.38470319999993,-26.745267399999932],[-53.415192599999955,-26.73654259999995],[-53.43152689999994,-26.70727729999993],[-53.44388329999998,-26.709713799999975]]]}},{"id":"4342","type":"Feature","properties":{"COD_IBGE":"4202107","MUNICIPIO":"Barra Velha","UF":"SC"},"geometry":{"type":"MultiPolygon","coordinates":[[[[-48.68179169999996,-26.71667599999995],[-48.75676859999993,-26.74057849999997],[-48.773189299999956,-26.707715099999973],[-48.79039759999995,-26.705734099999972],[-48.800706899999966,-26.713205199999948],[-48.80670879999997,-26.69963679999995],[-48.80433839999995,-26.682783299999983],[-48.78711459999994,-26.672225999999966],[-48.78455619999994,-26.660769999999957],[-48.77000599999997,-26.668348299999934],[-48.753702299999986,-26.665114999999957],[-48.75930049999994,-26.647244099999966],[-48.75191799999993,-26.63131329999993],[-48.74308589999998,-26.630648599999972],[-48.74124089999998,-26.559751399999982],[-48.72127089999998,-26.59882639999995],[-48.70562609999996,-26.596268899999927],[-48.68901059999996,-26.57176329999993],[-48.66483629999993,-26.580930299999977],[-48.68816039999996,-26.671576499999958],[-48.679013199999986,-26.69866899999994],[-48.68179169999996,-26.71667599999995]]],[[[-48.67270339999993,-26.632542899999976],[-48.67005539999997,-26.633598999999947],[-48.67092059999993,-26.635740099999964],[-48.67270339999993,-26.632542899999976]]],[[[-48.67537359999994,-26.69379239999995],[-48.67494599999998,-26.695731799999976],[-48.676626899999974,-26.695000299999947],[-48.67537359999994,-26.69379239999995]]],[[[-48.61783589999993,-26.709859499999936],[-48.618518999999935,-26.710208499999965],[-48.61858129999996,-26.709086199999945],[-48.61783589999993,-26.709859499999936]]]]}},{"id":"4343","type":"Feature","properties":{"COD_IBGE":"4202131","MUNICIPIO":"Bela Vista do Toldo","UF":"SC"},"geometry":{"type":"Polygon","coordinates":[[[-50.51321859999996,-26.57923839999995],[-50.542746299999976,-26.51228009999994],[-50.552665099999956,-26.50652309999998],[-50.54789789999995,-26.48506919999994],[-50.52906129999997,-26.46978889999997],[-50.55277289999998,-26.457335799999953],[-50.553657199999975,-26.44807949999995],[-50.57185179999993,-26.433755899999937],[-50.56284849999997,-26.399318999999934],[-50.582843399999945,-26.370834499999944],[-50.55337059999994,-26.318322199999955],[-50.57122909999998,-26.295179599999983],[-50.53668499999998,-26.253819999999962],[-50.46283509999995,-26.228626299999974],[-50.43552939999995,-26.236653899999965],[-50.42762909999993,-26.264995299999953],[-50.40422399999994,-26.289350299999967],[-50.406677599999966,-26.31402259999993],[-50.39354359999993,-26.320741299999952],[-50.39945659999995,-26.34404909999995],[-50.41024349999998,-26.349441599999977],[-50.40938099999994,-26.363540799999953],[-50.42296939999994,-26.378281999999956],[-50.41706889999995,-26.410472399999946],[-50.43353659999997,-26.428676199999927],[-50.43499809999997,-26.45125079999997],[-50.44826599999993,-26.462737499999946],[-50.444289099999935,-26.47598849999997],[-50.45403709999994,-26.502236799999935],[-50.40093959999996,-26.560383899999977],[-50.41635629999996,-26.58058239999997],[-50.43305989999993,-26.574087299999974],[-50.44525149999998,-26.589368499999978],[-50.419204599999944,-26.60571479999993],[-50.41193839999994,-26.60004209999994],[-50.409501699999964,-26.60840129999997],[-50.42577669999997,-26.60456839999995],[-50.43855729999996,-26.616853399999968],[-50.45189339999996,-26.61460939999995],[-50.492854499999964,-26.643147899999974],[-50.50830549999995,-26.635640299999977],[-50.51461449999994,-26.640204899999958],[-50.53027139999995,-26.613249099999962],[-50.51321859999996,-26.57923839999995]]]}},{"id":"4344","type":"Feature","properties":{"COD_IBGE":"4202156","MUNICIPIO":"Belmonte","UF":"SC"},"geometry":{"type":"Polygon","coordinates":[[[-53.63351069999993,-26.886128799999938],[-53.67158459999996,-26.893079499999942],[-53.696366599999976,-26.88567329999995],[-53.68036719999998,-26.869505499999946],[-53.695680799999934,-26.858325099999945],[-53.66116459999995,-26.862738899999954],[-53.677341199999944,-26.84391499999998],[-53.66150739999995,-26.84157579999993],[-53.66756449999997,-26.834125399999948],[-53.656150199999956,-26.82904099999996],[-53.662981799999955,-26.818349299999966],[-53.652932799999974,-26.818011199999944],[-53.65198079999993,-26.80905809999996],[-53.63801429999995,-26.816995599999927],[-53.626656899999944,-26.812326199999973],[-53.61885769999998,-26.820417599999928],[-53.61685749999998,-26.810998499999982],[-53.545853499999964,-26.83447199999995],[-53.557092799999964,-26.844295399999965],[-53.55114419999995,-26.848615699999982],[-53.55457119999994,-26.860007999999937],[-53.56464089999997,-26.855754599999955],[-53.566529199999934,-26.861717899999974],[-53.557681799999955,-26.864753899999982],[-53.55685179999995,-26.875001099999963],[-53.550611499999945,-26.873273299999937],[-53.557533399999954,-26.881323899999927],[-53.55142429999995,-26.89008469999993],[-53.575024499999984,-26.89708719999993],[-53.59984489999994,-26.886544799999967],[-53.61907869999993,-26.892606299999954],[-53.63351069999993,-26.886128799999938]]]}},{"id":"4345","type":"Feature","properties":{"COD_IBGE":"4202206","MUNICIPIO":"Benedito Novo","UF":"SC"},"geometry":{"type":"Polygon","coordinates":[[[-49.328913299999954,-26.802918999999974],[-49.35954179999993,-26.82330859999996],[-49.35631529999995,-26.831930099999965],[-49.371894199999986,-26.841362699999934],[-49.37067289999993,-26.85150239999996],[-49.38416689999997,-26.864473999999973],[-49.40345519999994,-26.870307499999967],[-49.41033349999998,-26.899443099999928],[-49.425162299999954,-26.91504109999994],[-49.43745379999996,-26.915414599999963],[-49.46525859999997,-26.940137499999935],[-49.486373999999955,-26.937450999999953],[-49.50747659999996,-26.92076579999997],[-49.51229069999994,-26.907433399999945],[-49.547519799999975,-26.89123369999993],[-49.55035799999996,-26.857370999999944],[-49.53146879999997,-26.84689899999995],[-49.534533599999975,-26.83076639999996],[-49.51626429999993,-26.811495199999968],[-49.51833179999994,-26.79926059999997],[-49.44653389999996,-26.758865399999934],[-49.45211739999996,-26.75410519999997],[-49.448194599999965,-26.715280099999973],[-49.47488869999995,-26.69759679999993],[-49.47153019999996,-26.67837129999998],[-49.48839639999994,-26.66000839999998],[-49.48248639999997,-26.647582599999964],[-49.44894289999996,-26.64796649999994],[-49.399129899999934,-26.670633599999974],[-49.38024429999996,-26.694334899999944],[-49.36697419999996,-26.696426499999973],[-49.35476169999998,-26.72352529999995],[-49.34069189999997,-26.725326199999984],[-49.332807199999934,-26.73528749999997],[-49.338739799999985,-26.75630719999998],[-49.328932399999985,-26.77062099999995],[-49.334060799999975,-26.77503029999997],[-49.328913299999954,-26.802918999999974]]]}},{"id":"4346","type":"Feature","properties":{"COD_IBGE":"4202305","MUNICIPIO":"Biguaçu","UF":"SC"},"geometry":{"type":"Polygon","coordinates":[[[-48.632506999999976,-27.53062669999997],[-48.65476049999995,-27.543581899999936],[-48.66478509999996,-27.531415299999935],[-48.671940699999936,-27.54112859999998],[-48.67888809999994,-27.522788599999956],[-48.68957009999997,-27.51999059999997],[-48.71361479999996,-27.52640589999993],[-48.72308419999996,-27.537108299999943],[-48.727382999999975,-27.51878199999993],[-48.74093279999994,-27.512541399999975],[-48.738784399999986,-27.50236099999995],[-48.75325869999995,-27.498085499999945],[-48.74508799999995,-27.477944899999954],[-48.763495499999976,-27.460089599999947],[-48.780692399999964,-27.46558159999995],[-48.80078979999996,-27.445312599999966],[-48.800463699999966,-27.40122199999996],[-48.817729199999974,-27.40498059999993],[-48.833833399999946,-27.394133499999953],[-48.81853429999995,-27.386972699999944],[-48.79530559999995,-27.35322179999997],[-48.731485299999974,-27.340729099999976],[-48.70566259999998,-27.35489999999993],[-48.68845669999996,-27.34194039999994],[-48.66717889999995,-27.348432599999967],[-48.65590679999997,-27.335812499999975],[-48.65840439999994,-27.323320799999976],[-48.62711589999998,-27.32486679999994],[-48.63410939999994,-27.36627009999995],[-48.62925859999996,-27.402929399999948],[-48.59794629999993,-27.40147479999996],[-48.60802639999997,-27.434536899999955],[-48.58494029999997,-27.454820199999972],[-48.581745499999954,-27.467587799999933],[-48.590612799999974,-27.489963399999965],[-48.57618139999994,-27.517165899999952],[-48.632506999999976,-27.53062669999997]]]}},{"id":"4347","type":"Feature","properties":{"COD_IBGE":"4202404","MUNICIPIO":"Blumenau","UF":"SC"},"geometry":{"type":"Polygon","coordinates":[[[-49.031299299999944,-26.937497999999948],[-49.04171979999995,-26.93810959999996],[-49.057490299999984,-26.954743599999972],[-49.04113239999998,-26.976929499999983],[-49.041974799999934,-26.985995499999945],[-49.05657019999995,-26.99328259999993],[-49.05333759999996,-27.03014749999994],[-49.06576519999993,-27.042959999999937],[-49.055466499999966,-27.064356999999973],[-49.058538699999986,-27.09894739999993],[-49.07899219999996,-27.121181999999976],[-49.10307849999998,-27.115017999999964],[-49.11737429999994,-27.12448429999995],[-49.12885109999996,-27.122090999999955],[-49.137873999999954,-27.132500999999934],[-49.14815349999998,-27.127088399999934],[-49.15739179999997,-27.10404479999994],[-49.148535899999956,-27.09110009999995],[-49.140346799999975,-27.091903199999933],[-49.131214399999976,-27.068294099999946],[-49.13539939999998,-27.04026239999996],[-49.127841399999966,-27.032313199999976],[-49.13658359999994,-27.014598899999953],[-49.16115049999996,-26.998654199999976],[-49.158220599999936,-26.969661499999972],[-49.16552249999995,-26.941512599999953],[-49.159234599999934,-26.934692499999983],[-49.176856199999975,-26.916128199999946],[-49.17309039999998,-26.904097999999976],[-49.16460429999995,-26.90441489999995],[-49.16551739999994,-26.89497369999998],[-49.15206509999996,-26.894925499999943],[-49.162829399999964,-26.884224899999936],[-49.18526319999995,-26.879772799999955],[-49.17411039999996,-26.869348599999967],[-49.19451829999997,-26.855086599999936],[-49.20140329999998,-26.837375599999973],[-49.127734499999974,-26.83259259999994],[-49.11933319999997,-26.784773799999982],[-49.12761629999994,-26.753228999999976],[-49.10591169999998,-26.741050899999948],[-49.11385939999997,-26.734736299999952],[-49.113329299999975,-26.717757199999937],[-49.11905219999994,-26.723180399999933],[-49.12339089999995,-26.708342899999934],[-49.13280269999996,-26.708679399999937],[-49.13306439999997,-26.69426219999997],[-49.12237399999998,-26.685574199999962],[-49.13339179999997,-26.65201909999996],[-49.126792999999964,-26.645731299999966],[-49.13219829999997,-26.629174399999954],[-49.114153199999976,-26.613076499999977],[-49.113097299999936,-26.654993499999932],[-49.102449399999955,-26.659878299999946],[-49.06982169999998,-26.647952999999973],[-49.05636739999994,-26.656922099999974],[-49.04687059999998,-26.649640399999953],[-49.01817539999996,-26.68464199999994],[-49.04939609999997,-26.71047169999997],[-49.03984479999997,-26.73176909999995],[-49.05002779999995,-26.742846399999962],[-49.03033849999997,-26.778398099999947],[-49.05514299999993,-26.78201269999994],[-49.044659999999965,-26.813818699999956],[-49.04910289999998,-26.824569399999973],[-49.038704999999936,-26.839033099999938],[-49.04437189999993,-26.877601699999957],[-49.01221309999994,-26.90422659999996],[-49.02968519999996,-26.92238949999995],[-49.031299299999944,-26.937497999999948]]]}},{"id":"4348","type":"Feature","properties":{"COD_IBGE":"4202438","MUNICIPIO":"Bocaina do Sul","UF":"SC"},"geometry":{"type":"Polygon","coordinates":[[[-49.90965629999994,-27.84579439999993],[-49.95908899999995,-27.847712899999976],[-49.966392499999984,-27.836350899999957],[-49.98965959999998,-27.825994899999955],[-49.98514019999993,-27.81751369999995],[-49.997614399999975,-27.809384199999954],[-50.000796899999955,-27.796926699999972],[-50.04110449999996,-27.81690249999997],[-50.045208499999944,-27.808576999999957],[-50.06740169999995,-27.810770899999966],[-50.07686249999995,-27.793197299999974],[-50.076419199999975,-27.78185559999997],[-50.04572369999994,-27.774202299999956],[-50.029473199999984,-27.75261649999993],[-50.02716209999994,-27.692489299999977],[-50.01266829999997,-27.67239669999998],[-50.00233029999998,-27.674576599999966],[-49.99552079999995,-27.637246999999945],[-50.00899309999994,-27.618092099999956],[-49.997389399999975,-27.625617399999953],[-49.98572109999998,-27.61920669999995],[-49.97252659999998,-27.63448059999996],[-49.98514249999994,-27.633143599999983],[-49.99121659999997,-27.641827199999966],[-49.97643119999998,-27.64469779999996],[-49.963895399999956,-27.660954999999944],[-49.95341539999998,-27.65738829999998],[-49.95583119999998,-27.641027599999973],[-49.946816499999954,-27.636973699999942],[-49.948748499999965,-27.647286599999973],[-49.937034799999935,-27.647756699999945],[-49.90906189999998,-27.67180159999998],[-49.91851609999998,-27.65123929999993],[-49.90214579999997,-27.652723899999955],[-49.89297749999997,-27.663225499999953],[-49.88621709999995,-27.649133499999948],[-49.88526079999997,-27.665296999999953],[-49.86497459999998,-27.692128399999945],[-49.85662219999995,-27.670904099999973],[-49.835916399999974,-27.671374299999968],[-49.83534329999998,-27.678187699999967],[-49.84717969999997,-27.67935659999995],[-49.84191169999997,-27.70077589999994],[-49.81523039999996,-27.706753599999956],[-49.81249999999994,-27.701068199999952],[-49.80179209999994,-27.709954899999957],[-49.79898869999994,-27.735811299999966],[-49.77433329999997,-27.73320629999995],[-49.774528799999985,-27.746703899999943],[-49.76140149999998,-27.75086099999993],[-49.76134419999994,-27.75809789999994],[-49.77019349999995,-27.752956499999982],[-49.78148239999996,-27.763575299999957],[-49.75434179999996,-27.790692099999944],[-49.76289179999998,-27.812860899999976],[-49.76824749999997,-27.808435799999984],[-49.762442799999974,-27.797833899999944],[-49.77764719999993,-27.80125259999994],[-49.808784799999955,-27.867377399999953],[-49.83221309999993,-27.87673669999998],[-49.83709879999998,-27.887361099999964],[-49.847585299999935,-27.884798599999954],[-49.86937509999996,-27.900497799999982],[-49.880192199999954,-27.896097999999938],[-49.87762449999997,-27.88759179999994],[-49.89884459999996,-27.865405599999974],[-49.89380399999993,-27.859213299999965],[-49.91114819999996,-27.85372629999995],[-49.90965629999994,-27.84579439999993]]]}},{"id":"4349","type":"Feature","properties":{"COD_IBGE":"4202453","MUNICIPIO":"Bombinhas","UF":"SC"},"geometry":{"type":"MultiPolygon","coordinates":[[[[-48.506766099999936,-27.190047899999968],[-48.53834989999996,-27.18137329999996],[-48.578101499999946,-27.21147439999993],[-48.585195099999964,-27.198150599999963],[-48.528273199999944,-27.16112069999997],[-48.52404699999994,-27.13637449999993],[-48.507718799999964,-27.110319299999958],[-48.51396119999998,-27.13151679999993],[-48.50429879999996,-27.143558999999982],[-48.48363569999998,-27.148117699999943],[-48.478628999999955,-27.134296999999947],[-48.475910099999965,-27.145711399999982],[-48.46487319999994,-27.14396439999996],[-48.499049999999954,-27.172945399999946],[-48.49526119999996,-27.198461099999975],[-48.47564349999993,-27.199748299999953],[-48.477733299999954,-27.206735399999957],[-48.51511599999998,-27.220515499999976],[-48.49877959999998,-27.200756299999966],[-48.506766099999936,-27.190047899999968]]],[[[-48.39736759999994,-27.18050889999995],[-48.40022829999998,-27.180247099999974],[-48.398946999999964,-27.178579199999945],[-48.39736759999994,-27.18050889999995]]],[[[-48.40531119999997,-27.17529159999998],[-48.40155939999994,-27.18112519999994],[-48.410581399999955,-27.18801739999998],[-48.40531119999997,-27.17529159999998]]],[[[-48.47449889999996,-27.209054699999967],[-48.464092999999934,-27.203293799999983],[-48.463292199999955,-27.20351359999995],[-48.47449889999996,-27.209054699999967]]]]}},{"id":"4350","type":"Feature","properties":{"COD_IBGE":"4202503","MUNICIPIO":"Bom Jardim da Serra","UF":"SC"},"geometry":{"type":"Polygon","coordinates":[[[-49.726628199999936,-28.518596599999967],[-49.74655919999998,-28.506824999999935],[-49.739266499999985,-28.50033469999994],[-49.74298449999998,-28.495248599999968],[-49.76390169999996,-28.501373799999953],[-49.770831699999974,-28.494329299999947],[-49.76614949999998,-28.45904829999995],[-49.78170389999997,-28.473406999999952],[-49.78083269999996,-28.495726399999967],[-49.79193769999995,-28.495767499999943],[-49.80878279999996,-28.46922449999994],[-49.81964419999997,-28.468871699999966],[-49.80344729999996,-28.457583799999952],[-49.813477699999964,-28.44533439999998],[-49.80787579999998,-28.42992499999997],[-49.813698199999976,-28.42873899999995],[-49.815355599999975,-28.439483699999982],[-49.831565799999964,-28.426598599999977],[-49.804985199999976,-28.415624099999945],[-49.80121849999995,-28.433859299999938],[-49.799814699999956,-28.424838999999963],[-49.78254689999994,-28.421771899999953],[-49.78180889999993,-28.430040299999973],[-49.75405649999993,-28.420441299999936],[-49.76984399999998,-28.416206299999942],[-49.76259219999997,-28.40810129999994],[-49.77221519999995,-28.405095899999935],[-49.77217529999996,-28.393685699999935],[-49.80951479999993,-28.384157199999947],[-49.806591099999935,-28.366040399999974],[-49.797636599999976,-28.37361519999996],[-49.78396239999995,-28.36604539999996],[-49.772227199999975,-28.375949799999944],[-49.77783359999995,-28.355178799999976],[-49.76507399999997,-28.350510699999973],[-49.76438289999993,-28.34308489999995],[-49.76661919999998,-28.331662999999935],[-49.77426449999996,-28.33086789999993],[-49.76645249999996,-28.29840869999998],[-49.774004599999955,-28.27859529999995],[-49.76192929999996,-28.25790939999996],[-49.74658409999995,-28.24072579999995],[-49.73238939999993,-28.23920579999998],[-49.72137639999994,-28.222336299999938],[-49.67078679999997,-28.230241999999976],[-49.669542099999944,-28.184803399999964],[-49.660128199999974,-28.185545099999956],[-49.634058299999936,-28.159373099999982],[-49.60934869999994,-28.16383479999996],[-49.577747699999975,-28.150130399999966],[-49.577129999999954,-28.133236799999963],[-49.56232289999997,-28.116078999999957],[-49.54301519999996,-28.125934899999947],[-49.51042249999995,-28.12800859999993],[-49.47821419999997,-28.119863299999963],[-49.47463079999994,-28.12577289999996],[-49.48724489999995,-28.127936399999953],[-49.49058979999995,-28.145899499999928],[-49.51055409999998,-28.15505719999993],[-49.50982879999998,-28.167851199999973],[-49.517016499999954,-28.17050299999994],[-49.51126359999995,-28.172785999999974],[-49.53102219999994,-28.18778679999997],[-49.532547299999976,-28.20743159999995],[-49.52645049999995,-28.20956099999995],[-49.53524939999994,-28.21893209999996],[-49.529935499999965,-28.22487769999998],[-49.54998859999995,-28.239657199999954],[-49.53380499999997,-28.241830599999957],[-49.541440199999954,-28.24727319999994],[-49.53116479999994,-28.253076499999963],[-49.542636899999934,-28.25835129999996],[-49.54840429999996,-28.272816399999954],[-49.515180999999984,-28.264827499999967],[-49.52686989999995,-28.28456269999998],[-49.523047599999984,-28.306985399999974],[-49.53390779999995,-28.308276099999944],[-49.53458429999995,-28.331968999999958],[-49.54600499999998,-28.345051799999965],[-49.53027099999997,-28.345204699999954],[-49.55122759999995,-28.352957699999934],[-49.550271399999986,-28.36687749999993],[-49.55883289999997,-28.372637699999927],[-49.55113959999994,-28.38462409999994],[-49.54214549999995,-28.382194099999936],[-49.55276689999994,-28.40052869999994],[-49.54420159999995,-28.401716199999953],[-49.56710279999999,-28.414001799999937],[-49.55753889999994,-28.42593869999996],[-49.56087359999998,-28.435302399999955],[-49.55053079999993,-28.44130389999998],[-49.53575729999994,-28.429446199999973],[-49.53370109999997,-28.43427319999995],[-49.546605099999965,-28.442724899999973],[-49.54460069999993,-28.45496289999994],[-49.55047119999995,-28.451953599999968],[-49.562654399999985,-28.467803299999957],[-49.548159099999964,-28.48370699999998],[-49.55418649999996,-28.494931299999962],[-49.56963929999995,-28.50267199999996],[-49.59033919999996,-28.500313499999947],[-49.61503979999998,-28.53059849999994],[-49.645182699999964,-28.54227409999993],[-49.65607229999995,-28.565475599999957],[-49.648495399999945,-28.566317599999934],[-49.64553539999997,-28.589225599999963],[-49.653057899999965,-28.59477789999994],[-49.647037799999964,-28.598586199999943],[-49.66622849999993,-28.60262249999994],[-49.67080869999995,-28.615517099999977],[-49.704703999999936,-28.631629999999973],[-49.69135179999995,-28.620891399999948],[-49.69849679999993,-28.60666759999998],[-49.71019469999993,-28.604344599999934],[-49.71223029999993,-28.572370599999942],[-49.720632999999964,-28.576902599999983],[-49.73090119999995,-28.55118299999998],[-49.749425299999984,-28.54569269999996],[-49.726628199999936,-28.518596599999967]]]}},{"id":"4351","type":"Feature","properties":{"COD_IBGE":"4202537","MUNICIPIO":"Bom Jesus","UF":"SC"},"geometry":{"type":"Polygon","coordinates":[[[-52.38848189999993,-26.707472399999972],[-52.393174199999976,-26.68356959999994],[-52.37024229999997,-26.66974179999994],[-52.35872249999994,-26.706420099999946],[-52.36451539999996,-26.71310189999997],[-52.35372599999994,-26.721667699999955],[-52.37087789999998,-26.748632399999963],[-52.35515749999996,-26.784789799999942],[-52.36991869999997,-26.794255799999974],[-52.40877079999996,-26.782262699999933],[-52.40916969999995,-26.78992329999994],[-52.42007649999994,-26.793434099999956],[-52.420438299999944,-26.781201299999964],[-52.44025179999994,-26.77127329999996],[-52.41826709999998,-26.76022299999994],[-52.421928899999955,-26.74856209999996],[-52.40550859999996,-26.746406699999966],[-52.42454399999997,-26.723187699999983],[-52.42502949999994,-26.70742709999996],[-52.415443799999935,-26.697678199999928],[-52.38848189999993,-26.707472399999972]]]}},{"id":"4352","type":"Feature","properties":{"COD_IBGE":"4202578","MUNICIPIO":"Bom Jesus do Oeste","UF":"SC"},"geometry":{"type":"Polygon","coordinates":[[[-53.07416359999996,-26.66654749999998],[-53.06679479999997,-26.677563799999973],[-53.07144959999994,-26.688454299999933],[-53.058208099999945,-26.70346749999993],[-53.061382099999946,-26.728841899999964],[-53.069637399999976,-26.73685089999998],[-53.10939769999993,-26.740716799999973],[-53.10567129999998,-26.729577399999982],[-53.123896599999966,-26.730376199999967],[-53.130492799999956,-26.719532699999945],[-53.111400999999944,-26.680108399999938],[-53.128142399999945,-26.66552669999993],[-53.12623869999993,-26.65520609999993],[-53.13657809999995,-26.639575799999932],[-53.101995199999976,-26.627133799999967],[-53.08566989999997,-26.639052499999934],[-53.06776919999999,-26.633095999999966],[-53.06064369999996,-26.641092899999933],[-53.07416359999996,-26.66654749999998]]]}},{"id":"4353","type":"Feature","properties":{"COD_IBGE":"4202602","MUNICIPIO":"Bom Retiro","UF":"SC"},"geometry":{"type":"Polygon","coordinates":[[[-49.582050299999935,-27.89942659999997],[-49.604174899999975,-27.903684299999952],[-49.60849269999994,-27.89398579999994],[-49.644874399999935,-27.87987849999996],[-49.65660779999996,-27.859061099999963],[-49.68649979999998,-27.833460899999977],[-49.70337469999998,-27.841702599999962],[-49.71860669999995,-27.83861749999994],[-49.751375199999984,-27.85495469999995],[-49.76007249999998,-27.832690799999966],[-49.75417219999997,-27.827436499999976],[-49.73772799999995,-27.837521799999934],[-49.73264359999996,-27.822272099999964],[-49.74575239999996,-27.827156499999944],[-49.75827869999995,-27.815137499999935],[-49.77096759999995,-27.83166069999993],[-49.78443249999998,-27.831038999999976],[-49.77764719999993,-27.80125259999994],[-49.762442799999974,-27.797833899999944],[-49.76824749999997,-27.808435799999984],[-49.76377209999998,-27.813439699999947],[-49.754091399999936,-27.793699699999934],[-49.78144189999995,-27.764934799999935],[-49.76082139999994,-27.75223159999996],[-49.774528799999985,-27.746703899999943],[-49.77433329999997,-27.73320629999995],[-49.79898869999994,-27.735811299999966],[-49.80179209999994,-27.709954899999957],[-49.81249999999994,-27.701068199999952],[-49.81523039999996,-27.706753599999956],[-49.84074599999997,-27.701814499999955],[-49.84712059999998,-27.679089699999963],[-49.83916229999994,-27.678043799999955],[-49.83442839999998,-27.687409099999968],[-49.823649099999955,-27.68342649999994],[-49.82153159999996,-27.69090769999997],[-49.79549869999994,-27.66460079999996],[-49.78725019999996,-27.672216899999967],[-49.76492399999995,-27.657782599999962],[-49.75951159999994,-27.66973429999996],[-49.742444999999975,-27.66904489999996],[-49.711500899999976,-27.64355779999994],[-49.685215899999946,-27.653204699999947],[-49.66522489999994,-27.649580699999944],[-49.62403159999997,-27.61799899999994],[-49.62025159999996,-27.62247949999994],[-49.640062899999975,-27.64810319999998],[-49.637495299999955,-27.65996739999997],[-49.62817529999995,-27.66325489999997],[-49.58840909999998,-27.644479599999954],[-49.58043339999995,-27.629565199999945],[-49.57024499999994,-27.630771599999946],[-49.54865909999995,-27.611897399999975],[-49.50661829999996,-27.600724299999968],[-49.51021069999996,-27.635272099999952],[-49.50430629999994,-27.653701499999954],[-49.48010289999996,-27.672408399999938],[-49.458085799999935,-27.710717299999942],[-49.47299229999993,-27.729432999999972],[-49.46880129999994,-27.750674699999934],[-49.457678499999986,-27.760276999999974],[-49.43567959999996,-27.758088399999963],[-49.42506499999996,-27.764774299999942],[-49.43029699999994,-27.773320699999942],[-49.418877099999975,-27.778952299999958],[-49.426244199999985,-27.786049399999968],[-49.405768999999964,-27.79137769999994],[-49.383072599999934,-27.81588709999994],[-49.35642269999994,-27.811589099999935],[-49.33755499999995,-27.83727779999998],[-49.31413629999997,-27.831490199999962],[-49.30608489999997,-27.847928099999933],[-49.31154669999995,-27.85721609999996],[-49.30336109999996,-27.85798109999996],[-49.29558429999997,-27.875323999999978],[-49.28072099999997,-27.873378499999944],[-49.296634799999936,-27.90049209999995],[-49.31767149999996,-27.90373349999993],[-49.32874889999994,-27.924157999999977],[-49.35812459999994,-27.923743399999978],[-49.38080139999994,-27.942940999999962],[-49.41414569999995,-27.953151799999944],[-49.425445399999944,-27.93534399999993],[-49.43728119999997,-27.942037699999958],[-49.46659159999996,-27.92737859999994],[-49.49269909999998,-27.932312899999943],[-49.51954529999995,-27.91484159999993],[-49.55728179999994,-27.911518399999977],[-49.582050299999935,-27.89942659999997]]]}},{"id":"4354","type":"Feature","properties":{"COD_IBGE":"4202701","MUNICIPIO":"Botuverá","UF":"SC"},"geometry":{"type":"Polygon","coordinates":[[[-49.02479889999995,-27.175770299999954],[-49.00964909999993,-27.173177099999975],[-49.01735169999995,-27.164656799999932],[-49.00798179999998,-27.165134999999964],[-49.00433959999998,-27.15676739999998],[-48.98843229999994,-27.153936099999953],[-48.976657899999964,-27.16834579999994],[-49.00724719999994,-27.200603399999977],[-49.006951399999934,-27.232034099999964],[-49.024302399999954,-27.244056399999977],[-49.019303899999954,-27.255984799999965],[-49.037568599999986,-27.271871999999973],[-49.04944839999996,-27.269501399999967],[-49.07072429999994,-27.28003519999993],[-49.07494929999996,-27.270755299999962],[-49.11022759999997,-27.28046409999996],[-49.122181499999954,-27.275599899999975],[-49.156079499999976,-27.29183469999998],[-49.20066149999997,-27.29320089999993],[-49.22161689999996,-27.30877739999994],[-49.24232039999998,-27.29280259999996],[-49.247761699999955,-27.27942369999994],[-49.234429999999975,-27.26559059999994],[-49.23210179999995,-27.247735899999952],[-49.20871889999995,-27.213979499999937],[-49.18706059999994,-27.204083699999956],[-49.20150169999994,-27.194997599999965],[-49.194698899999935,-27.183617899999945],[-49.21102749999994,-27.15765779999998],[-49.206010799999945,-27.152010299999972],[-49.19468599999993,-27.157474099999945],[-49.19268109999996,-27.139414699999975],[-49.17005569999998,-27.13361569999995],[-49.16143029999995,-27.12081699999993],[-49.148780999999985,-27.122153899999944],[-49.136213099999964,-27.140915999999947],[-49.10383889999997,-27.13843829999996],[-49.095184899999936,-27.168029799999942],[-49.04606249999995,-27.174110499999983],[-49.027179399999966,-27.201884899999982],[-49.02479889999995,-27.175770299999954]]]}},{"id":"4355","type":"Feature","properties":{"COD_IBGE":"4202800","MUNICIPIO":"Braço do Norte","UF":"SC"},"geometry":{"type":"Polygon","coordinates":[[[-49.15256429999994,-28.30421659999996],[-49.18593589999995,-28.30119229999997],[-49.200660899999946,-28.290742499999965],[-49.20527299999998,-28.273328999999933],[-49.23243519999994,-28.256285899999966],[-49.27557649999994,-28.247923999999955],[-49.22294299999999,-28.23647429999994],[-49.19357739999998,-28.254349299999944],[-49.18330299999997,-28.25146959999995],[-49.181413299999974,-28.26480209999994],[-49.175541599999974,-28.26200819999997],[-49.174915899999974,-28.253282399999932],[-49.19822709999994,-28.227573699999937],[-49.200172399999985,-28.197301899999957],[-49.188747399999954,-28.17828439999994],[-49.19930089999997,-28.157150399999978],[-49.171851199999935,-28.140814199999966],[-49.162753599999974,-28.158683199999928],[-49.15100419999993,-28.159764999999936],[-49.149190199999964,-28.17150449999997],[-49.129034299999944,-28.16197959999994],[-49.116407599999945,-28.17267359999994],[-49.082088099999964,-28.17275049999995],[-49.08227449999998,-28.18662519999998],[-49.067105699999956,-28.200312099999962],[-49.06937169999998,-28.231857499999933],[-49.08176529999997,-28.24521599999997],[-49.07874319999996,-28.27380679999993],[-49.091187599999955,-28.30296889999994],[-49.08222699999993,-28.32197119999995],[-49.10074559999998,-28.33526889999996],[-49.10508349999998,-28.358573899999953],[-49.11496189999997,-28.354556799999955],[-49.111147399999936,-28.346997699999974],[-49.12426279999994,-28.331948999999952],[-49.123731599999985,-28.31922549999996],[-49.156192799999985,-28.318061899999975],[-49.15256429999994,-28.30421659999996]]]}},{"id":"4356","type":"Feature","properties":{"COD_IBGE":"4202859","MUNICIPIO":"Braço do Trombudo","UF":"SC"},"geometry":{"type":"Polygon","coordinates":[[[-49.91797419999995,-27.432532899999956],[-49.92545629999995,-27.41677089999996],[-49.945217799999966,-27.42453649999993],[-49.941103699999985,-27.416954199999964],[-49.95141399999994,-27.416109999999946],[-49.94606699999997,-27.406478599999957],[-49.95031949999998,-27.41063889999998],[-49.95669509999993,-27.40172119999994],[-49.951716999999974,-27.381749299999967],[-49.927678999999955,-27.36797699999994],[-49.940963099999976,-27.336805199999958],[-49.93003239999996,-27.322577499999966],[-49.89262729999996,-27.30612039999994],[-49.865557799999976,-27.311242899999968],[-49.863202899999976,-27.320473499999935],[-49.84860189999995,-27.326917299999934],[-49.87217439999995,-27.350587599999983],[-49.86247659999998,-27.393362499999967],[-49.89246929999996,-27.423712199999954],[-49.91797419999995,-27.432532899999956]]]}},{"id":"4357","type":"Feature","properties":{"COD_IBGE":"4202875","MUNICIPIO":"Brunópolis","UF":"SC"},"geometry":{"type":"Polygon","coordinates":[[[-50.89210439999994,-27.426570199999958],[-50.89240209999997,-27.41748309999997],[-50.90174129999997,-27.413859599999967],[-50.896934999999985,-27.400240699999983],[-50.910839599999974,-27.39257029999993],[-50.90497629999993,-27.378593799999976],[-50.92999329999998,-27.379327199999977],[-50.940791899999965,-27.38962799999996],[-50.95881099999997,-27.38532609999993],[-50.97119959999998,-27.33814669999998],[-50.93099909999995,-27.327689499999963],[-50.94444949999996,-27.31785869999993],[-50.92974009999995,-27.30616729999997],[-50.93373279999997,-27.29263869999994],[-50.89755089999994,-27.271593199999984],[-50.873677199999975,-27.27241589999994],[-50.853889899999956,-27.247370899999964],[-50.84356189999994,-27.246802499999944],[-50.85159519999996,-27.228562099999976],[-50.832975499999975,-27.226169599999935],[-50.828184299999975,-27.243437099999937],[-50.81815729999994,-27.24250799999993],[-50.821965999999975,-27.229917899999975],[-50.80853609999997,-27.230347799999947],[-50.81121839999997,-27.237906599999974],[-50.78729889999994,-27.251509099999964],[-50.79957109999998,-27.263045099999943],[-50.77674239999993,-27.267650499999945],[-50.77838989999998,-27.294051999999965],[-50.750292499999944,-27.32291429999998],[-50.76386269999995,-27.350342599999976],[-50.736861799999986,-27.352643499999942],[-50.75857599999995,-27.36526139999995],[-50.75634279999997,-27.38904709999997],[-50.77024299999994,-27.40256279999994],[-50.75405489999997,-27.42229169999996],[-50.76988899999998,-27.44225769999997],[-50.784703899999954,-27.428958199999954],[-50.79375179999994,-27.430428499999948],[-50.78122069999995,-27.45224819999993],[-50.78642709999997,-27.459660999999983],[-50.80554499999994,-27.456469099999936],[-50.809275799999966,-27.469914699999947],[-50.82296599999995,-27.45163539999993],[-50.82549469999998,-27.43326179999997],[-50.83954229999995,-27.42966599999994],[-50.835595299999966,-27.44130619999993],[-50.84171589999994,-27.445617399999946],[-50.85050819999998,-27.427388699999938],[-50.86898179999997,-27.434806999999978],[-50.88231939999997,-27.42304409999997],[-50.89210439999994,-27.426570199999958]]]}},{"id":"4358","type":"Feature","properties":{"COD_IBGE":"4202909","MUNICIPIO":"Brusque","UF":"SC"},"geometry":{"type":"Polygon","coordinates":[[[-48.93449719999995,-27.02785149999994],[-48.87431719999995,-26.998185699999965],[-48.865769599999965,-27.00344359999997],[-48.86429959999998,-27.02010009999998],[-48.85303789999995,-27.02662479999998],[-48.86372049999994,-27.033532399999956],[-48.862679699999944,-27.043687199999965],[-48.84388779999995,-27.067703799999947],[-48.78907769999995,-27.09705279999997],[-48.797559999999976,-27.103617799999938],[-48.80283229999998,-27.12813559999995],[-48.84288829999997,-27.157524099999932],[-48.864396899999974,-27.16378969999994],[-48.881912099999965,-27.184491599999944],[-48.93086429999994,-27.201668199999972],[-48.93332789999994,-27.212014599999975],[-48.97340419999995,-27.24063019999994],[-49.019303899999954,-27.255984799999965],[-49.024327599999936,-27.244124399999976],[-49.006951399999934,-27.232034099999964],[-49.00724719999994,-27.200603399999977],[-48.976657899999964,-27.16834579999994],[-48.98843229999994,-27.153936099999953],[-49.01735169999995,-27.164656799999932],[-49.02334059999998,-27.154679699999974],[-49.01431149999996,-27.150054599999976],[-49.021432699999934,-27.14460399999996],[-48.99866089999995,-27.147488899999928],[-48.98324189999994,-27.13920909999996],[-48.97588049999996,-27.146054599999957],[-48.979646799999955,-27.122633399999984],[-48.95854669999994,-27.111160299999938],[-48.94952639999997,-27.09638739999997],[-48.950361199999975,-27.06990049999996],[-48.93580629999997,-27.060973799999942],[-48.939033999999936,-27.052838399999928],[-48.928318899999965,-27.043115399999976],[-48.93449719999995,-27.02785149999994]]]}},{"id":"4359","type":"Feature","properties":{"COD_IBGE":"4203006","MUNICIPIO":"Caçador","UF":"SC"},"geometry":{"type":"Polygon","coordinates":[[[-51.03951949999998,-26.86734569999993],[-51.04293469999993,-26.851793699999973],[-51.054058399999974,-26.858545799999945],[-51.05853259999998,-26.851180599999964],[-51.04923869999993,-26.843555299999935],[-51.055960899999945,-26.840044599999942],[-51.094622699999945,-26.83952299999993],[-51.10511459999998,-26.831460299999947],[-51.124329099999954,-26.84247149999993],[-51.129003799999964,-26.836044899999933],[-51.17869149999996,-26.831749499999944],[-51.19224929999996,-26.85131649999994],[-51.21320629999997,-26.855330299999935],[-51.227063999999984,-26.874113199999954],[-51.241323299999976,-26.87517219999995],[-51.24463659999998,-26.885745499999928],[-51.284396699999945,-26.87379679999998],[-51.27117549999997,-26.868912199999954],[-51.27169889999993,-26.85957579999996],[-51.282085999999936,-26.86325499999998],[-51.27684369999997,-26.850565699999947],[-51.23492849999997,-26.82598429999996],[-51.24399869999996,-26.81714779999993],[-51.236649399999976,-26.814277699999934],[-51.238246699999934,-26.801616999999965],[-51.25543789999995,-26.77388439999993],[-51.28575109999997,-26.76523229999998],[-51.335184099999935,-26.735405999999955],[-51.37872289999996,-26.737103299999944],[-51.41172299999994,-26.720944499999973],[-51.392872299999965,-26.69888609999998],[-51.392777799999976,-26.684878699999956],[-51.40530249999995,-26.676147699999945],[-51.38954259999997,-26.66243579999997],[-51.347032499999955,-26.64859309999997],[-51.32868359999998,-26.646901299999968],[-51.32274849999993,-26.65719839999997],[-51.283401099999935,-26.653630299999975],[-51.27630469999997,-26.63530309999993],[-51.266462599999954,-26.63752029999995],[-51.25787669999994,-26.625270499999942],[-51.24200209999998,-26.626825999999937],[-51.228888799999936,-26.67419099999995],[-51.20232349999998,-26.676299399999948],[-51.192893699999956,-26.668780899999945],[-51.17987859999994,-26.68407339999993],[-51.170383399999935,-26.677972599999976],[-51.157789099999945,-26.683623299999965],[-51.130766499999936,-26.708911299999954],[-51.10244519999998,-26.70475129999994],[-51.09775049999996,-26.696098999999947],[-51.052927899999986,-26.701203199999952],[-50.99661709999998,-26.65496399999995],[-50.976827499999956,-26.65317159999995],[-50.97409939999994,-26.66135459999998],[-50.953084599999954,-26.656689599999936],[-50.945565399999964,-26.67198179999997],[-50.92657879999996,-26.67057269999998],[-50.92111169999998,-26.682308699999965],[-50.92917669999997,-26.691369399999928],[-50.875265799999966,-26.718901199999948],[-50.87614599999995,-26.73098049999993],[-50.850413999999944,-26.73209769999994],[-50.85004489999994,-26.748120099999937],[-50.79822479999996,-26.770597899999927],[-50.79639149999997,-26.77777969999994],[-50.819988499999965,-26.79790689999993],[-50.83127749999994,-26.830265899999972],[-50.851011599999936,-26.852788699999962],[-50.842460899999935,-26.870490699999948],[-50.874492799999985,-26.87767599999995],[-50.88260409999998,-26.887053399999957],[-50.90411899999998,-26.885334099999966],[-50.92582989999994,-26.90302259999993],[-50.94543119999997,-26.88629629999997],[-50.97173809999998,-26.89799499999998],[-50.97457519999995,-26.886369999999943],[-50.967026799999985,-26.88362099999995],[-50.98726129999994,-26.88060439999998],[-50.98258579999998,-26.869387099999983],[-50.99412029999996,-26.861937599999976],[-51.005881399999964,-26.871143099999983],[-51.02023449999996,-26.85693809999998],[-51.023133299999984,-26.864245299999936],[-51.03951949999998,-26.86734569999993]]]}},{"id":"4360","type":"Feature","properties":{"COD_IBGE":"4203105","MUNICIPIO":"Caibi","UF":"SC"},"geometry":{"type":"Polygon","coordinates":[[[-53.23390359999996,-27.070714899999928],[-53.23243609999997,-27.085338699999966],[-53.25473599999998,-27.09096489999996],[-53.249776199999985,-27.103929999999934],[-53.266327899999965,-27.10274789999994],[-53.27185209999993,-27.121923099999947],[-53.28044639999996,-27.119066199999963],[-53.278952199999935,-27.141337199999953],[-53.310565699999984,-27.120331799999974],[-53.34575119999994,-27.120988299999965],[-53.35538059999993,-27.11127449999998],[-53.34224119999993,-27.104172799999958],[-53.335302799999965,-27.111204199999975],[-53.33554049999998,-27.096876299999963],[-53.32491379999993,-27.09948509999998],[-53.32988439999997,-27.088316299999974],[-53.32360139999997,-27.09214479999997],[-53.31784469999997,-27.084500499999933],[-53.324510299999986,-27.077417799999978],[-53.30533819999994,-27.073550499999953],[-53.313640599999985,-27.070744299999944],[-53.31071929999996,-27.061500499999966],[-53.289827199999934,-27.063626599999964],[-53.295662999999934,-27.04875389999995],[-53.28667169999994,-27.04574809999997],[-53.30121589999993,-27.034665899999936],[-53.28463719999996,-27.03083239999995],[-53.29687869999998,-27.015395299999966],[-53.28795869999993,-27.016595499999937],[-53.28453939999997,-27.00962379999993],[-53.29508699999997,-27.003227399999957],[-53.27987899999994,-26.997511999999972],[-53.30195239999995,-26.988881899999967],[-53.28533169999997,-26.98009589999998],[-53.28423349999997,-26.969083699999942],[-53.29553869999995,-26.962263099999973],[-53.28179639999996,-26.95043919999995],[-53.29538319999995,-26.94485089999995],[-53.28107989999995,-26.93800609999994],[-53.29250229999997,-26.929480099999978],[-53.284090599999956,-26.931233599999928],[-53.281385599999965,-26.92117819999993],[-53.24805399999997,-26.921035599999982],[-53.250310799999966,-26.93567239999993],[-53.22708269999998,-26.935037699999953],[-53.19094259999997,-26.951108199999965],[-53.19274709999996,-26.969561299999953],[-53.204632699999934,-26.96812079999995],[-53.22034069999995,-27.047808799999927],[-53.228737699999954,-27.048714099999984],[-53.22367409999998,-27.05897299999998],[-53.21632279999994,-27.057556499999976],[-53.21722139999997,-27.068751299999974],[-53.23390359999996,-27.070714899999928]]]}},{"id":"4361","type":"Feature","properties":{"COD_IBGE":"4203154","MUNICIPIO":"Calmon","UF":"SC"},"geometry":{"type":"Polygon","coordinates":[[[-51.157789099999945,-26.683623299999965],[-51.181586599999946,-26.68303979999996],[-51.192893699999956,-26.668780899999945],[-51.20232349999998,-26.676299399999948],[-51.22896629999997,-26.67410639999997],[-51.230539599999986,-26.65111829999995],[-51.23948739999997,-26.63851089999997],[-51.23728059999996,-26.61920619999995],[-51.22710239999998,-26.61523379999994],[-51.23748869999997,-26.60461259999994],[-51.22207199999997,-26.593741799999975],[-51.19402619999994,-26.606776999999965],[-51.18304759999995,-26.59239169999995],[-51.173392699999965,-26.601673499999947],[-51.14195669999998,-26.601713399999937],[-51.13479129999996,-26.588189599999964],[-51.13736469999998,-26.567294699999934],[-51.126097999999956,-26.557633599999974],[-51.10505219999993,-26.565498399999967],[-51.09776499999998,-26.539875699999982],[-51.07574059999996,-26.514647999999966],[-51.05102539999996,-26.507560699999942],[-51.046055199999955,-26.513924499999973],[-51.00948649999998,-26.493745499999932],[-50.971831099999974,-26.522999599999935],[-50.961580899999944,-26.52247749999998],[-50.94238709999996,-26.550332199999957],[-50.92116779999998,-26.552593799999954],[-50.915827999999976,-26.544816399999945],[-50.90230319999995,-26.556345999999962],[-50.85599509999997,-26.560595899999953],[-50.806520499999976,-26.654993499999932],[-50.807076999999936,-26.667075499999953],[-50.830259499999954,-26.69601169999993],[-50.82897909999997,-26.721257099999946],[-50.811291799999935,-26.743127199999947],[-50.78337739999995,-26.75736109999997],[-50.80008699999996,-26.768466399999966],[-50.85004489999994,-26.748120099999937],[-50.84975419999995,-26.732595999999944],[-50.87614599999995,-26.73098049999993],[-50.875265799999966,-26.718901199999948],[-50.92917669999997,-26.691369399999928],[-50.92111169999998,-26.682308699999965],[-50.92657879999996,-26.67057269999998],[-50.945565399999964,-26.67198179999997],[-50.953084599999954,-26.656689599999936],[-50.97409939999994,-26.66135459999998],[-50.976827499999956,-26.65317159999995],[-50.99661709999998,-26.65496399999995],[-51.05295539999997,-26.701208399999928],[-51.09775049999996,-26.696098999999947],[-51.10244519999998,-26.70475129999994],[-51.130766499999936,-26.708911299999954],[-51.157789099999945,-26.683623299999965]]]}},{"id":"4362","type":"Feature","properties":{"COD_IBGE":"4203204","MUNICIPIO":"Camboriú","UF":"SC"},"geometry":{"type":"Polygon","coordinates":[[[-48.68484929999994,-26.971676499999944],[-48.64531219999998,-27.000179699999933],[-48.64488689999996,-27.013122099999975],[-48.62442749999997,-27.015521699999965],[-48.62541049999993,-27.03013439999995],[-48.61589109999994,-27.032354399999974],[-48.61117679999995,-27.048174899999935],[-48.621095699999955,-27.059946099999934],[-48.61503619999996,-27.06872169999997],[-48.644243899999935,-27.08456229999996],[-48.66003129999996,-27.079960299999982],[-48.67924019999998,-27.100088399999947],[-48.66104909999996,-27.125337099999967],[-48.690030699999966,-27.141390999999942],[-48.742953299999954,-27.148487199999977],[-48.75080859999997,-27.148062599999946],[-48.756272999999965,-27.13445059999998],[-48.770827699999984,-27.134335999999962],[-48.778265499999975,-27.151646699999958],[-48.80011989999997,-27.15494099999995],[-48.812378999999964,-27.134649699999954],[-48.80283229999998,-27.12813559999995],[-48.796905599999945,-27.102487099999962],[-48.784180499999934,-27.095573799999954],[-48.77579769999994,-27.055445799999973],[-48.763639799999964,-27.053483399999948],[-48.75100649999996,-27.02578019999993],[-48.72125669999997,-27.014628999999957],[-48.68484929999994,-26.971676499999944]]]}},{"id":"4363","type":"Feature","properties":{"COD_IBGE":"4203253","MUNICIPIO":"Capão Alto","UF":"SC"},"geometry":{"type":"Polygon","coordinates":[[[-50.624231399999985,-27.92994619999996],[-50.64927359999996,-27.919096599999932],[-50.64481179999996,-27.89556579999993],[-50.62055109999994,-27.868958499999962],[-50.62034999999997,-27.85296059999996],[-50.60426819999998,-27.83277369999996],[-50.57637809999994,-27.840418799999952],[-50.532061899999974,-27.874748199999942],[-50.46739489999993,-27.855826499999978],[-50.45858489999995,-27.855924199999947],[-50.464044799999954,-27.863781399999937],[-50.45546619999993,-27.866824099999974],[-50.44234369999998,-27.862088099999937],[-50.43697489999994,-27.87387119999994],[-50.42831789999997,-27.85970149999997],[-50.42484149999996,-27.868901299999948],[-50.412746099999936,-27.861020099999962],[-50.415968099999986,-27.869378299999937],[-50.37977859999995,-27.881151599999953],[-50.373019699999986,-27.906743699999936],[-50.354620599999976,-27.925490399999944],[-50.37163719999995,-27.93704379999997],[-50.371451099999945,-27.962800699999946],[-50.40377449999994,-27.97702909999998],[-50.39940349999995,-27.985386199999937],[-50.414137799999935,-28.005228299999942],[-50.38928309999994,-28.021718999999962],[-50.400878399999954,-28.04678229999996],[-50.42013399999996,-28.047163999999952],[-50.44647539999994,-28.081060799999932],[-50.47285139999997,-28.083294499999965],[-50.52204299999994,-28.129170199999976],[-50.525239399999975,-28.13761409999995],[-50.51652389999998,-28.144380799999965],[-50.522889099999986,-28.158753899999965],[-50.504669999999976,-28.19318439999995],[-50.51809939999998,-28.20727279999994],[-50.512503899999956,-28.21151889999993],[-50.53998219999994,-28.223430599999972],[-50.535828299999935,-28.233877199999938],[-50.54697609999994,-28.237131099999942],[-50.544501699999955,-28.25076059999998],[-50.56091889999993,-28.251494999999977],[-50.56486389999998,-28.26047829999993],[-50.57411719999993,-28.254213899999968],[-50.58125609999996,-28.27507719999994],[-50.58883059999994,-28.265911099999983],[-50.598456099999964,-28.273636099999976],[-50.60065279999998,-28.26861059999993],[-50.602723899999944,-28.277243299999952],[-50.629706699999986,-28.286608299999955],[-50.630921099999966,-28.29657889999993],[-50.67289219999998,-28.28407219999997],[-50.66359609999995,-28.271011099999953],[-50.66607719999996,-28.254766099999983],[-50.695610699999975,-28.26991529999998],[-50.75215939999998,-28.246867299999963],[-50.762141499999984,-28.191425299999935],[-50.78077259999998,-28.200994999999978],[-50.78941009999994,-28.197218299999975],[-50.78281599999997,-28.175982999999974],[-50.79270769999994,-28.15784679999996],[-50.786105099999986,-28.14172469999994],[-50.819835599999976,-28.140448499999934],[-50.83240039999998,-28.117508199999975],[-50.86808959999996,-28.14000729999998],[-50.875238699999954,-28.130798399999946],[-50.86879259999995,-28.11145199999993],[-50.875918799999965,-28.095075399999928],[-50.90393629999994,-28.085844399999928],[-50.88138739999994,-28.067256399999962],[-50.87522299999995,-28.03942989999996],[-50.85444789999997,-28.045280099999957],[-50.84777049999997,-28.040039199999967],[-50.83228049999997,-28.051423299999954],[-50.822456399999965,-28.04088489999998],[-50.80533899999995,-28.046341199999972],[-50.81090909999995,-28.034016099999974],[-50.80178919999997,-28.032078599999977],[-50.79592679999996,-28.01481659999996],[-50.74484369999993,-28.042171499999938],[-50.73011679999996,-28.032128499999942],[-50.73386119999998,-28.025421299999948],[-50.742273599999976,-28.03043679999996],[-50.749332799999934,-28.01429109999998],[-50.734822399999985,-28.015897999999936],[-50.728687599999944,-28.00701349999997],[-50.723033999999984,-28.013417299999958],[-50.71012559999997,-27.99619219999994],[-50.68605699999995,-28.001053199999944],[-50.68123099999997,-27.990324699999974],[-50.66450709999998,-27.993329999999958],[-50.666827799999965,-27.987346199999934],[-50.63951059999994,-27.972298399999943],[-50.644327799999985,-27.95580949999993],[-50.62848679999996,-27.949071299999957],[-50.624231399999985,-27.92994619999996]]]}},{"id":"4364","type":"Feature","properties":{"COD_IBGE":"4203303","MUNICIPIO":"Campo Alegre","UF":"SC"},"geometry":{"type":"Polygon","coordinates":[[[-49.07170759999997,-26.00039469999996],[-49.05290629999996,-26.020787799999937],[-49.04301099999998,-26.004533299999935],[-49.029715599999975,-26.004103199999975],[-49.02016089999995,-26.015747399999952],[-49.00710499999997,-26.01609579999996],[-48.984349899999984,-26.004572999999937],[-48.979439999999954,-25.98891619999995],[-48.96255579999996,-25.983888499999978],[-48.95865369999996,-25.99320419999998],[-48.94973719999996,-25.990638599999954],[-48.96245959999993,-26.003146399999935],[-48.956291599999986,-26.019095899999968],[-48.97715699999998,-26.02609039999993],[-49.00106349999999,-26.02744999999993],[-49.035780699999975,-26.009606299999973],[-49.052034799999944,-26.028001399999937],[-49.057492199999956,-26.076563299999975],[-49.073349399999984,-26.074866699999973],[-49.08946129999998,-26.08929969999997],[-49.130646499999955,-26.10035879999998],[-49.137635099999954,-26.11692359999995],[-49.158831099999986,-26.113893899999937],[-49.16049979999997,-26.13284239999996],[-49.19050469999996,-26.14968639999995],[-49.17819419999995,-26.158641699999976],[-49.18200649999994,-26.168905499999937],[-49.16998529999995,-26.17352079999995],[-49.169622499999946,-26.19989739999994],[-49.17637929999995,-26.207923299999948],[-49.19099149999994,-26.20022199999994],[-49.20568899999995,-26.22992519999997],[-49.227372299999956,-26.23425439999994],[-49.228058499999975,-26.267804199999944],[-49.25253719999995,-26.26846969999997],[-49.31682399999994,-26.228841299999942],[-49.325874899999974,-26.221883799999944],[-49.32634109999998,-26.20016529999998],[-49.36778349999997,-26.192090999999948],[-49.37328889999998,-26.201794199999938],[-49.39097719999995,-26.200424399999974],[-49.406934999999976,-26.183982799999967],[-49.417793899999936,-26.18988559999997],[-49.43153769999998,-26.168556099999932],[-49.41693939999993,-26.165106699999967],[-49.41649589999997,-26.15305479999995],[-49.409057099999984,-26.161743799999954],[-49.40036919999994,-26.150503899999933],[-49.390078399999936,-26.16022049999998],[-49.37021519999996,-26.155753299999958],[-49.36084719999997,-26.137090599999965],[-49.33569239999997,-26.126185799999973],[-49.32170419999994,-26.109979899999928],[-49.30236709999997,-26.113290699999936],[-49.29995009999993,-26.103926599999966],[-49.289137799999935,-26.102469499999984],[-49.29341249999993,-26.082382199999984],[-49.26646809999994,-26.080831099999955],[-49.266751099999965,-26.066877099999942],[-49.255762699999934,-26.067958399999952],[-49.25412339999997,-26.050577799999928],[-49.236586099999954,-26.03718219999996],[-49.23834949999997,-26.031016799999975],[-49.21106249999997,-26.02542219999998],[-49.20966109999995,-26.01773929999996],[-49.178619699999956,-26.00787799999995],[-49.17955829999994,-26.00321139999994],[-49.174959599999966,-26.000054099999943],[-49.14024989999996,-26.015872599999966],[-49.12558089999993,-25.996105099999966],[-49.11253179999994,-26.00512089999995],[-49.10705009999998,-25.998842199999956],[-49.098108699999955,-26.010456699999963],[-49.07170759999997,-26.00039469999996]]]}},{"id":"4365","type":"Feature","properties":{"COD_IBGE":"4203402","MUNICIPIO":"Campo Belo do Sul","UF":"SC"},"geometry":{"type":"Polygon","coordinates":[[[-50.62055109999994,-27.868958499999962],[-50.648836899999935,-27.90540079999994],[-50.648981599999956,-27.920027499999946],[-50.62422529999998,-27.929970899999944],[-50.62854749999997,-27.949160499999948],[-50.64434069999999,-27.955832099999952],[-50.63952969999997,-27.97232779999996],[-50.64790069999998,-27.971839899999964],[-50.654237799999976,-27.985476999999946],[-50.672033899999974,-27.99637389999998],[-50.68104759999994,-27.990295199999935],[-50.685884499999986,-28.001025699999957],[-50.710064699999975,-27.996177899999964],[-50.723033999999984,-28.013417299999958],[-50.728687599999944,-28.00701349999997],[-50.734822399999985,-28.015897999999936],[-50.74943399999995,-28.014353899999946],[-50.742273599999976,-28.03043679999996],[-50.73386119999998,-28.025421299999948],[-50.73011679999996,-28.032128499999942],[-50.74487829999998,-28.042178299999932],[-50.79592679999996,-28.01481659999996],[-50.80178919999997,-28.032078599999977],[-50.81090909999995,-28.034016099999974],[-50.80533899999995,-28.046341199999972],[-50.822456399999965,-28.04088489999998],[-50.83228049999997,-28.051423299999954],[-50.84777049999997,-28.040039199999967],[-50.875266299999964,-28.041303599999935],[-50.892336099999966,-28.021155999999962],[-50.923238399999946,-28.01198779999993],[-50.925681399999974,-27.969388799999933],[-50.97692699999993,-27.951967999999965],[-50.96023759999997,-27.94451129999993],[-50.95496869999994,-27.931730499999958],[-50.926432799999986,-27.928737599999977],[-50.92713689999994,-27.90407749999997],[-50.91693499999997,-27.89570599999996],[-50.890508899999986,-27.89580509999996],[-50.869755199999986,-27.824661899999967],[-50.85744949999997,-27.816144599999973],[-50.86349729999995,-27.803092999999933],[-50.855111799999975,-27.786575899999946],[-50.86003279999994,-27.775320499999964],[-50.847976899999935,-27.76985439999993],[-50.841715299999976,-27.752089099999978],[-50.85387369999995,-27.73112059999994],[-50.84700799999996,-27.69449609999998],[-50.86225829999995,-27.640214899999933],[-50.85631999999998,-27.62327689999995],[-50.86249929999997,-27.60740789999994],[-50.87496509999994,-27.602245099999948],[-50.871028999999965,-27.59754259999994],[-50.84376169999996,-27.59385279999998],[-50.851662499999975,-27.60513709999998],[-50.81586349999998,-27.619228199999952],[-50.800024399999984,-27.599167499999965],[-50.80188969999995,-27.613181099999963],[-50.78651049999996,-27.616200499999934],[-50.79113789999997,-27.626619499999947],[-50.77861359999997,-27.635446499999944],[-50.757948699999986,-27.61999229999998],[-50.75377969999994,-27.645483799999965],[-50.742781399999956,-27.647460799999976],[-50.74134209999994,-27.63120589999994],[-50.73402939999994,-27.64697769999998],[-50.71787249999994,-27.64968589999995],[-50.72619759999998,-27.66388299999994],[-50.722105899999974,-27.674157299999933],[-50.69637919999997,-27.669916199999932],[-50.70583399999998,-27.688956399999938],[-50.67713149999997,-27.715327699999932],[-50.66400589999995,-27.70966059999995],[-50.652428499999985,-27.72715599999998],[-50.64972579999994,-27.71734989999993],[-50.63952569999998,-27.71435219999995],[-50.64461659999995,-27.72602619999998],[-50.628124699999944,-27.731422899999927],[-50.64013459999995,-27.75953519999996],[-50.61468979999995,-27.755488399999933],[-50.627320399999974,-27.764864899999964],[-50.61474359999994,-27.77368759999996],[-50.627026899999976,-27.77432099999993],[-50.630575799999974,-27.785807499999976],[-50.610207299999956,-27.79075329999995],[-50.610934499999985,-27.80320779999994],[-50.61994649999997,-27.808475399999963],[-50.60577639999997,-27.817468099999928],[-50.61104759999995,-27.82317779999994],[-50.604269399999964,-27.837140399999953],[-50.61698339999998,-27.84608499999996],[-50.62055109999994,-27.868958499999962]]]}},{"id":"4366","type":"Feature","properties":{"COD_IBGE":"4203501","MUNICIPIO":"Campo Erê","UF":"SC"},"geometry":{"type":"Polygon","coordinates":[[[-53.06022479999996,-26.383732099999975],[-52.988745499999936,-26.345838499999957],[-52.93701249999998,-26.362642999999935],[-52.96166919999996,-26.398776899999973],[-52.964342399999964,-26.42300659999995],[-52.970970199999954,-26.426153099999965],[-52.96600369999993,-26.439985999999976],[-53.026366199999984,-26.406836899999973],[-53.03032019999995,-26.435910499999977],[-53.043668099999934,-26.444317099999978],[-53.06566269999996,-26.479526299999975],[-53.05874479999994,-26.50123949999994],[-53.04621069999996,-26.512085799999966],[-53.03208259999997,-26.510787299999947],[-53.01879289999994,-26.53152179999995],[-53.04487809999995,-26.540736399999957],[-53.04205549999995,-26.546705799999984],[-53.12692009999995,-26.574351999999976],[-53.12603859999996,-26.56662659999995],[-53.14552779999997,-26.554569699999945],[-53.14337829999994,-26.53266179999997],[-53.161376099999984,-26.525865799999963],[-53.15656089999993,-26.531860799999947],[-53.16346009999995,-26.535789699999953],[-53.19225529999994,-26.532661899999937],[-53.20610469999997,-26.545250599999974],[-53.21235399999995,-26.560035899999946],[-53.206627699999956,-26.564915699999972],[-53.21724939999996,-26.56360559999996],[-53.213223899999946,-26.57789219999995],[-53.23026649999997,-26.576647699999967],[-53.22301629999998,-26.562344999999937],[-53.24157219999995,-26.549840099999983],[-53.23629779999993,-26.539543999999978],[-53.24840679999994,-26.52816839999997],[-53.23824289999993,-26.521803399999953],[-53.247378899999944,-26.51445339999998],[-53.23002589999999,-26.47408859999996],[-53.24393089999995,-26.448196699999983],[-53.25725479999994,-26.44317099999995],[-53.27943769999996,-26.453975399999933],[-53.28645019999993,-26.447363999999936],[-53.28048549999994,-26.441642299999955],[-53.291330699999946,-26.43383199999994],[-53.28519509999995,-26.433061099999975],[-53.28701589999997,-26.418911999999978],[-53.27590369999996,-26.417827399999965],[-53.28405929999997,-26.407858199999964],[-53.272590099999945,-26.412274799999977],[-53.26579339999995,-26.409910499999967],[-53.27405859999993,-26.40888609999996],[-53.27600159999997,-26.397834099999955],[-53.26470989999996,-26.405249899999944],[-53.263460399999985,-26.389205699999934],[-53.25144319999998,-26.377205999999944],[-53.23262159999996,-26.369127299999946],[-53.21999589999996,-26.374242799999934],[-53.19146499999994,-26.369363499999963],[-53.15034509999998,-26.344384499999933],[-53.12699679999997,-26.37248809999994],[-53.09327049999996,-26.382484099999942],[-53.093227999999954,-26.392022099999963],[-53.06022479999996,-26.383732099999975]]]}},{"id":"4367","type":"Feature","properties":{"COD_IBGE":"4203600","MUNICIPIO":"Campos Novos","UF":"SC"},"geometry":{"type":"Polygon","coordinates":[[[-51.103675599999974,-27.422879399999943],[-51.09710769999998,-27.433987699999932],[-51.08711359999995,-27.439956699999982],[-51.06489949999997,-27.43964509999995],[-51.065844399999946,-27.45480859999998],[-51.05688749999996,-27.46030539999998],[-51.048159199999986,-27.49357939999993],[-51.071764299999984,-27.510958899999935],[-51.08342219999997,-27.507583799999964],[-51.09580489999996,-27.526342299999953],[-51.12137659999996,-27.528408699999943],[-51.14426499999996,-27.57860059999996],[-51.16999299999998,-27.584557699999948],[-51.17561509999996,-27.594582699999933],[-51.194629299999974,-27.593933899999968],[-51.204240899999945,-27.616790999999978],[-51.21499129999995,-27.61887219999994],[-51.22077439999998,-27.60384719999996],[-51.230492599999934,-27.60002039999995],[-51.24792409999998,-27.611193299999968],[-51.25251279999998,-27.630710999999962],[-51.27649519999994,-27.632739199999946],[-51.30889169999995,-27.61696269999993],[-51.315020199999935,-27.601559899999984],[-51.33643289999998,-27.60131599999994],[-51.34558359999994,-27.59245619999996],[-51.36502309999997,-27.61471249999994],[-51.375194599999986,-27.61132129999993],[-51.37992469999995,-27.59668419999997],[-51.40784389999993,-27.59420979999993],[-51.42187179999996,-27.566224899999952],[-51.457293499999935,-27.607467499999927],[-51.47676429999996,-27.598774599999956],[-51.47779669999994,-27.571029099999976],[-51.48701289999997,-27.560815299999945],[-51.54761569999994,-27.55907959999996],[-51.53419039999994,-27.538310999999965],[-51.522182199999975,-27.53483559999995],[-51.52067509999995,-27.524230299999942],[-51.507014399999946,-27.53012279999996],[-51.50689049999994,-27.509779799999933],[-51.49345979999998,-27.49632409999998],[-51.49820559999995,-27.48433239999997],[-51.46812879999993,-27.48227829999996],[-51.46291169999995,-27.466838699999983],[-51.44698809999994,-27.464193199999954],[-51.439984599999946,-27.438207399999953],[-51.44898519999998,-27.429809199999966],[-51.44583679999994,-27.42148229999998],[-51.470296099999985,-27.431183699999963],[-51.47372169999994,-27.422978299999954],[-51.46235109999998,-27.40175729999993],[-51.46795279999998,-27.38838529999998],[-51.482182999999964,-27.39842779999998],[-51.51996889999998,-27.38764169999996],[-51.551971299999934,-27.400694999999928],[-51.55429079999993,-27.383311399999968],[-51.53235569999998,-27.37537459999993],[-51.554352499999936,-27.336618199999975],[-51.56545629999994,-27.328454999999963],[-51.59220769999996,-27.332537899999977],[-51.61198859999996,-27.325946199999976],[-51.589926599999956,-27.291135699999984],[-51.57577259999994,-27.313896899999975],[-51.572077099999944,-27.30050149999994],[-51.56266759999994,-27.29671899999994],[-51.56321299999996,-27.274171299999978],[-51.53958189999997,-27.28249029999995],[-51.53184139999996,-27.29995619999994],[-51.521817699999986,-27.30125449999997],[-51.53368619999998,-27.31415809999993],[-51.51453079999993,-27.316515799999934],[-51.499523899999986,-27.30598699999996],[-51.48800029999995,-27.309989299999984],[-51.48633449999994,-27.328614199999947],[-51.46860189999995,-27.331802599999946],[-51.45876489999995,-27.343700399999932],[-51.44440039999995,-27.32001589999993],[-51.43769469999995,-27.327450899999974],[-51.43794189999994,-27.316179399999953],[-51.42452199999997,-27.319183899999928],[-51.42166049999997,-27.311985299999947],[-51.41343669999998,-27.315714799999967],[-51.417705299999966,-27.32207459999995],[-51.41093349999994,-27.329776099999947],[-51.389525299999946,-27.332440799999972],[-51.38960199999997,-27.31584859999998],[-51.38517159999998,-27.32513279999995],[-51.37181519999996,-27.32320649999997],[-51.37247599999995,-27.344231899999954],[-51.355814399999986,-27.340629999999976],[-51.36183809999994,-27.33502189999996],[-51.35449599999998,-27.324027099999967],[-51.34278059999997,-27.332743299999947],[-51.33942149999996,-27.32616379999996],[-51.32457329999994,-27.33087469999998],[-51.331899599999986,-27.341258899999957],[-51.318727199999955,-27.347421899999972],[-51.32313799999997,-27.33781309999995],[-51.30749179999998,-27.341629799999964],[-51.31285789999998,-27.331119099999967],[-51.29972249999997,-27.332429499999932],[-51.28835189999995,-27.323401899999965],[-51.31655969999997,-27.315334999999948],[-51.303849199999945,-27.307825599999944],[-51.30662169999994,-27.29744999999997],[-51.29979009999994,-27.290431999999953],[-51.326656699999944,-27.258626899999967],[-51.312234599999954,-27.25173549999994],[-51.31365269999998,-27.240791099999967],[-51.28320169999995,-27.212778399999934],[-51.25758899999994,-27.233653799999956],[-51.220955199999935,-27.236103699999944],[-51.21005669999994,-27.25999889999997],[-51.15891719999996,-27.28746119999994],[-51.14302209999994,-27.269217699999956],[-51.14455299999997,-27.261009899999976],[-51.120581399999935,-27.253786799999943],[-51.11263629999996,-27.23899419999998],[-51.08105969999997,-27.253837699999963],[-51.029733799999974,-27.234050999999965],[-51.01714279999993,-27.244681999999955],[-51.02049509999995,-27.258460199999945],[-51.00461869999998,-27.275842999999952],[-50.98295329999996,-27.271244899999942],[-50.98915039999997,-27.24965359999993],[-50.95264649999996,-27.237488999999982],[-50.904101899999944,-27.20650329999995],[-50.89273019999996,-27.209665799999982],[-50.89596969999997,-27.22197799999998],[-50.88608659999994,-27.22975269999995],[-50.891125399999964,-27.22963089999996],[-50.89398879999993,-27.23520089999994],[-50.87732109999996,-27.22979379999998],[-50.85213079999994,-27.24874079999995],[-50.87542159999998,-27.273441999999932],[-50.89755089999994,-27.271593199999984],[-50.93373279999997,-27.29263869999994],[-50.92974009999995,-27.30616729999997],[-50.94444949999996,-27.31785869999993],[-50.93099909999995,-27.327689499999963],[-50.97119959999998,-27.33814669999998],[-50.96018589999994,-27.379110099999934],[-50.972528299999965,-27.38056599999993],[-50.97866819999996,-27.39734549999997],[-50.99228739999995,-27.402778099999978],[-51.002715799999976,-27.39430619999996],[-51.04556379999997,-27.390613499999972],[-51.079605399999934,-27.418407799999954],[-51.103675599999974,-27.422879399999943]]]}},{"id":"4368","type":"Feature","properties":{"COD_IBGE":"4203709","MUNICIPIO":"Canelinha","UF":"SC"},"geometry":{"type":"Polygon","coordinates":[[[-48.743334999999945,-27.250873799999965],[-48.74884899999995,-27.261643999999933],[-48.74230479999994,-27.270894899999973],[-48.72993889999998,-27.26331129999994],[-48.715964499999984,-27.266375099999948],[-48.71978309999997,-27.262466099999983],[-48.71528049999995,-27.260747899999956],[-48.70096969999997,-27.264722199999937],[-48.70138369999995,-27.270911199999944],[-48.73981439999994,-27.289432199999965],[-48.741354799999954,-27.303474799999947],[-48.80064889999994,-27.35829309999997],[-48.79432929999996,-27.319622599999946],[-48.801320199999964,-27.307322299999953],[-48.785715299999936,-27.27594279999994],[-48.811278899999934,-27.274307299999975],[-48.81323999999995,-27.250918299999967],[-48.83812759999995,-27.229025899999954],[-48.89719379999997,-27.213828999999976],[-48.865836799999954,-27.165006499999947],[-48.812378999999964,-27.134649699999954],[-48.79409539999995,-27.161548599999946],[-48.80430609999996,-27.17438429999993],[-48.79749359999994,-27.178165199999967],[-48.802570799999955,-27.19424269999996],[-48.772261499999956,-27.211772199999928],[-48.763708099999974,-27.22946129999997],[-48.74881019999998,-27.232974399999932],[-48.743334999999945,-27.250873799999965]]]}},{"id":"4369","type":"Feature","properties":{"COD_IBGE":"4203808","MUNICIPIO":"Canoinhas","UF":"SC"},"geometry":{"type":"Polygon","coordinates":[[[-50.387617699999964,-26.169069599999943],[-50.37906929999997,-26.162144999999953],[-50.37627209999994,-26.15477679999998],[-50.347285699999986,-26.15381899999994],[-50.35760369999997,-26.16861709999995],[-50.35582509999995,-26.20340109999995],[-50.323954399999934,-26.20799999999997],[-50.325039799999956,-26.22442659999996],[-50.336040999999966,-26.236369099999933],[-50.32362999999998,-26.23835299999996],[-50.317026099999964,-26.267893199999946],[-50.30352009999996,-26.25811639999995],[-50.29630259999993,-26.264583199999947],[-50.294002699999965,-26.29218129999998],[-50.324271299999964,-26.29585449999996],[-50.370450999999946,-26.334622899999943],[-50.399895199999946,-26.344568299999935],[-50.39360389999996,-26.32040969999997],[-50.406677599999966,-26.31402259999993],[-50.40422399999994,-26.289350299999967],[-50.42762909999993,-26.264995299999953],[-50.43552939999995,-26.236653899999965],[-50.46283509999995,-26.228626299999974],[-50.53668499999998,-26.253819999999962],[-50.57122909999998,-26.295179599999983],[-50.55357389999995,-26.32132329999996],[-50.56857499999995,-26.33603489999996],[-50.57488879999994,-26.351229299999943],[-50.56872819999995,-26.355422399999952],[-50.582833999999934,-26.37409409999998],[-50.56284849999997,-26.399318999999934],[-50.57185179999993,-26.433755899999937],[-50.553657199999975,-26.44807949999995],[-50.55277289999998,-26.457335799999953],[-50.52906129999997,-26.46978889999997],[-50.54789789999995,-26.48506919999994],[-50.552665099999956,-26.50652309999998],[-50.542746299999976,-26.51228009999994],[-50.51321859999996,-26.57923839999995],[-50.527763799999946,-26.60845939999996],[-50.578867499999944,-26.60334299999994],[-50.56179559999998,-26.594096199999967],[-50.59784149999996,-26.56791199999998],[-50.60412969999993,-26.541832599999964],[-50.63074829999994,-26.533607899999936],[-50.64106259999994,-26.51216759999994],[-50.65472669999997,-26.51272169999993],[-50.66801899999996,-26.49854449999998],[-50.698784599999954,-26.500262499999963],[-50.639153299999975,-26.377489999999966],[-50.65714559999998,-26.369489999999928],[-50.645736699999986,-26.329943299999968],[-50.65620779999995,-26.306488899999977],[-50.67725939999997,-26.28608889999998],[-50.66908999999998,-26.25153279999995],[-50.68717559999993,-26.220317799999975],[-50.68131829999999,-26.212010599999928],[-50.695381699999984,-26.210093299999983],[-50.69187109999996,-26.20103389999997],[-50.703349799999955,-26.18796679999997],[-50.67882139999995,-26.148352199999977],[-50.64831039999996,-26.130350199999953],[-50.65656229999996,-26.10181309999996],[-50.629991099999984,-26.06367579999994],[-50.594801099999984,-26.070395899999937],[-50.55248199999994,-26.058455699999968],[-50.552509199999974,-26.04263179999998],[-50.58137879999998,-26.048177799999962],[-50.59145189999998,-26.041494799999953],[-50.591084999999964,-26.021807299999978],[-50.56927329999996,-26.001891399999977],[-50.54992159999995,-26.03897919999997],[-50.51330369999994,-26.026129699999956],[-50.504259299999944,-26.032017999999937],[-50.499100399999975,-26.022208599999942],[-50.47904509999995,-26.025562999999977],[-50.476175299999966,-26.034497699999974],[-50.46994829999994,-26.02129679999996],[-50.45912959999998,-26.027214199999946],[-50.459112699999935,-26.036625899999933],[-50.44240499999995,-26.03554299999996],[-50.44962449999997,-26.04404379999994],[-50.43283599999995,-26.062114899999983],[-50.407847199999935,-26.065737699999943],[-50.404030199999966,-26.056652199999974],[-50.37212249999993,-26.078733599999964],[-50.36151609999996,-26.093809299999975],[-50.370015499999965,-26.110641699999974],[-50.35606379999996,-26.120456099999956],[-50.360006699999985,-26.125550799999928],[-50.36438819999995,-26.125281899999948],[-50.360213399999964,-26.12146699999994],[-50.377615799999944,-26.11772899999994],[-50.388809899999956,-26.15115549999996],[-50.38791059999994,-26.15927149999993],[-50.38279879999993,-26.15836509999997],[-50.380849799999964,-26.161954999999978],[-50.390885099999934,-26.16383469999994],[-50.387617699999964,-26.169069599999943]]]}},{"id":"4370","type":"Feature","properties":{"COD_IBGE":"4203907","MUNICIPIO":"Capinzal","UF":"SC"},"geometry":{"type":"Polygon","coordinates":[[[-51.597055799999964,-27.334701499999937],[-51.565050499999984,-27.328579299999944],[-51.552201999999966,-27.33965619999998],[-51.541865299999984,-27.36756859999997],[-51.53319159999995,-27.370291399999928],[-51.53268239999994,-27.377046999999948],[-51.55429079999993,-27.383311399999968],[-51.55612469999994,-27.45095859999998],[-51.60016179999997,-27.486913699999945],[-51.62977559999996,-27.47955419999994],[-51.64558029999995,-27.49540819999993],[-51.64743269999997,-27.516331899999955],[-51.65966339999994,-27.519300899999962],[-51.67750179999996,-27.50489299999998],[-51.67575919999996,-27.484759899999972],[-51.70123109999997,-27.479734699999938],[-51.68558639999998,-27.432059599999945],[-51.705731499999956,-27.425529599999948],[-51.731880099999955,-27.39697499999994],[-51.73705869999998,-27.35882719999995],[-51.69203479999993,-27.36887319999994],[-51.68883669999997,-27.352316799999983],[-51.673446299999966,-27.358966599999974],[-51.665723199999945,-27.338914199999977],[-51.64943429999994,-27.350783499999977],[-51.63580529999996,-27.344731099999933],[-51.62499999999994,-27.35261769999994],[-51.597055799999964,-27.334701499999937]]]}},{"id":"4371","type":"Feature","properties":{"COD_IBGE":"4203956","MUNICIPIO":"Capivari de Baixo","UF":"SC"},"geometry":{"type":"Polygon","coordinates":[[[-48.973549299999945,-28.465512099999955],[-48.98599909999996,-28.459606099999974],[-48.96763199999998,-28.444690999999978],[-48.967652999999984,-28.433404999999937],[-48.97904379999994,-28.421964599999967],[-48.93722449999996,-28.38358829999993],[-48.93272939999997,-28.39663079999997],[-48.93954999999994,-28.416104099999984],[-48.92383799999993,-28.436650999999983],[-48.913981999999976,-28.468078999999932],[-48.92520399999995,-28.49369299999995],[-48.89749359999996,-28.513634199999956],[-48.896000999999956,-28.52402479999995],[-48.942726499999935,-28.50580549999995],[-48.973549299999945,-28.465512099999955]]]}},{"id":"4372","type":"Feature","properties":{"COD_IBGE":"4204004","MUNICIPIO":"Catanduvas","UF":"SC"},"geometry":{"type":"Polygon","coordinates":[[[-51.633059199999934,-27.07848439999998],[-51.648954799999956,-27.102819099999977],[-51.67344959999997,-27.118547999999976],[-51.70024379999995,-27.104646099999968],[-51.723704699999985,-27.11179969999995],[-51.75467329999998,-27.104923499999984],[-51.76212709999999,-27.09677769999996],[-51.75980519999996,-27.079273599999965],[-51.77050079999998,-27.081561199999953],[-51.775694999999985,-27.07094559999996],[-51.78374539999999,-27.078484799999956],[-51.78115349999996,-27.087607399999968],[-51.800089999999955,-27.08520969999995],[-51.80341539999995,-27.095970199999954],[-51.81171699999993,-27.087149199999942],[-51.80819119999995,-27.08033819999997],[-51.81979699999994,-27.085236099999975],[-51.81432309999997,-27.09091419999993],[-51.82082859999997,-27.099510899999927],[-51.833324199999936,-27.079223199999944],[-51.830866999999955,-27.066326499999946],[-51.802327899999966,-27.040449099999933],[-51.792681399999935,-27.050538399999937],[-51.75890799999996,-27.051048299999934],[-51.76449709999997,-27.042660099999978],[-51.733402799999965,-27.039691999999945],[-51.70059379999998,-27.004744399999936],[-51.68403179999996,-27.00803419999994],[-51.68375199999997,-26.99803739999993],[-51.697029199999974,-26.98660949999993],[-51.68607419999995,-26.964629899999977],[-51.63320429999993,-26.94316589999994],[-51.63097689999995,-26.977490599999953],[-51.608520099999964,-26.98167589999997],[-51.616569399999946,-26.993092499999932],[-51.61299729999996,-27.018519499999968],[-51.62577769999996,-27.04917919999997],[-51.62142869999997,-27.058510999999953],[-51.63602979999996,-27.067254399999968],[-51.633059199999934,-27.07848439999998]]]}},{"id":"4373","type":"Feature","properties":{"COD_IBGE":"4204103","MUNICIPIO":"Caxambu do Sul","UF":"SC"},"geometry":{"type":"Polygon","coordinates":[[[-52.87460039999996,-27.17613929999993],[-52.901906199999985,-27.198419999999942],[-52.93110349999995,-27.203822999999943],[-52.93760119999996,-27.198354499999937],[-52.93832149999997,-27.17080509999994],[-52.956692299999986,-27.16325779999994],[-52.966129699999954,-27.18070469999998],[-52.96901049999997,-27.214373999999964],[-52.97881799999993,-27.221278199999972],[-52.99171899999993,-27.217653299999938],[-53.00256439999998,-27.197622699999954],[-52.98285329999993,-27.16499479999993],[-52.99248709999995,-27.13995689999996],[-52.98193919999994,-27.138039799999945],[-52.98758049999998,-27.131616099999974],[-52.97180579999997,-27.128367699999956],[-52.959546399999965,-27.114850099999956],[-52.95859049999996,-27.101100199999962],[-52.94912879999998,-27.10298119999993],[-52.942271999999946,-27.08992799999993],[-52.93483239999995,-27.09319629999993],[-52.927799799999946,-27.084128499999963],[-52.91867479999996,-27.089761799999962],[-52.905417899999975,-27.081772099999966],[-52.86145659999994,-27.10150539999995],[-52.849996799999985,-27.11416859999997],[-52.858272699999986,-27.129405799999972],[-52.83589219999993,-27.136613599999976],[-52.83662899999996,-27.146825899999953],[-52.84474319999998,-27.147287999999946],[-52.838463299999944,-27.157494699999972],[-52.84649499999995,-27.15765559999994],[-52.85129789999996,-27.170296699999938],[-52.87460039999996,-27.17613929999993]]]}},{"id":"4374","type":"Feature","properties":{"COD_IBGE":"4204152","MUNICIPIO":"Celso Ramos","UF":"SC"},"geometry":{"type":"Polygon","coordinates":[[[-51.37745549999994,-27.66229409999994],[-51.370108899999934,-27.636671199999967],[-51.386068799999975,-27.623463699999945],[-51.40529079999993,-27.631860999999958],[-51.419153499999936,-27.65463859999994],[-51.43701399999998,-27.652066699999978],[-51.43598419999995,-27.631135899999947],[-51.457293499999935,-27.607467499999927],[-51.423941199999945,-27.566645199999982],[-51.40796459999996,-27.594100599999933],[-51.37951199999998,-27.596892799999978],[-51.373526899999945,-27.61228209999996],[-51.36016639999997,-27.61351869999993],[-51.34502299999997,-27.592511899999977],[-51.33643289999998,-27.60131599999994],[-51.315020199999935,-27.601559899999984],[-51.30889169999995,-27.61696269999993],[-51.27649519999994,-27.632739199999946],[-51.25251279999998,-27.630710999999962],[-51.24769919999994,-27.610912199999973],[-51.22564889999995,-27.60027679999996],[-51.19280599999996,-27.654574199999956],[-51.21050989999998,-27.670727899999974],[-51.222567599999934,-27.723189399999967],[-51.235805899999946,-27.720438299999955],[-51.26432489999996,-27.738789999999938],[-51.27612799999997,-27.724024199999974],[-51.309302199999934,-27.719071799999938],[-51.30200069999995,-27.70255949999995],[-51.31264539999995,-27.693269699999973],[-51.31510599999996,-27.67507009999997],[-51.330870199999936,-27.670939499999974],[-51.35479079999993,-27.680015099999935],[-51.37745549999994,-27.66229409999994]]]}},{"id":"4375","type":"Feature","properties":{"COD_IBGE":"4204178","MUNICIPIO":"Cerro Negro","UF":"SC"},"geometry":{"type":"Polygon","coordinates":[[[-50.847024499999975,-27.694277399999976],[-50.85387369999995,-27.73112059999994],[-50.843187299999954,-27.762180399999977],[-50.85991629999995,-27.77485439999998],[-50.855111799999975,-27.786575899999946],[-50.86349729999995,-27.803092999999933],[-50.85744949999997,-27.816144599999973],[-50.869755199999986,-27.824661899999967],[-50.88992529999996,-27.895100299999967],[-50.91693499999997,-27.89570599999996],[-50.92712119999993,-27.904025599999954],[-50.92183589999996,-27.918024799999955],[-50.927121899999975,-27.929284499999937],[-50.95496869999994,-27.931730499999958],[-50.96023759999997,-27.94451129999993],[-50.97836939999996,-27.948204499999974],[-50.98600449999998,-27.940502899999956],[-51.00918959999996,-27.96444209999993],[-51.02140069999996,-27.951269899999943],[-51.01645799999994,-27.925508399999956],[-51.05717839999994,-27.90176569999994],[-51.052985099999944,-27.86755389999996],[-51.041121199999964,-27.86683839999995],[-51.00421559999995,-27.824886499999934],[-50.93440309999994,-27.81739319999997],[-50.958570099999974,-27.781609599999967],[-50.96570189999994,-27.751580699999977],[-50.940880499999935,-27.753240499999947],[-50.926972399999954,-27.741929399999947],[-50.904769499999986,-27.681686999999954],[-50.91857999999996,-27.673013399999945],[-50.92397329999994,-27.67951809999994],[-50.928989799999954,-27.667426099999943],[-50.94546329999997,-27.672190299999954],[-50.93930309999996,-27.65622369999994],[-50.94409399999995,-27.64869319999997],[-50.953511599999956,-27.650653899999952],[-50.991619499999956,-27.619240399999967],[-50.98870649999998,-27.605966099999932],[-50.954822399999955,-27.59715069999993],[-50.97072549999996,-27.57772929999993],[-50.968462099999954,-27.57093619999995],[-50.94654319999995,-27.570526599999937],[-50.93087189999994,-27.581717699999956],[-50.89966419999996,-27.57346339999998],[-50.89672749999994,-27.587721099999953],[-50.880056699999955,-27.587320199999965],[-50.88743989999995,-27.597058499999946],[-50.88407639999997,-27.609838599999932],[-50.87496509999994,-27.602245099999948],[-50.86249929999997,-27.60740789999994],[-50.85631999999998,-27.62327689999995],[-50.86093599999998,-27.649582799999962],[-50.847024499999975,-27.694277399999976]]]}},{"id":"4376","type":"Feature","properties":{"COD_IBGE":"4204194","MUNICIPIO":"Chapadão do Lageado","UF":"SC"},"geometry":{"type":"Polygon","coordinates":[[[-49.58973449999996,-27.573562899999956],[-49.593624999999975,-27.567754499999978],[-49.56706779999996,-27.53071959999994],[-49.54194849999993,-27.510761099999968],[-49.49234219999994,-27.534523299999933],[-49.485980799999936,-27.55660519999998],[-49.47007809999997,-27.556297599999937],[-49.487716699999964,-27.583401299999935],[-49.49734959999995,-27.584960199999955],[-49.50051849999994,-27.598215799999934],[-49.54854569999998,-27.611840099999938],[-49.57024499999994,-27.630771599999946],[-49.58043339999995,-27.629565199999945],[-49.58840909999998,-27.644479599999954],[-49.63523589999994,-27.662095199999953],[-49.640062899999975,-27.64810319999998],[-49.62025159999996,-27.62247949999994],[-49.622843899999964,-27.60252799999995],[-49.615194299999985,-27.585504699999944],[-49.58973449999996,-27.573562899999956]]]}},{"id":"4377","type":"Feature","properties":{"COD_IBGE":"4204202","MUNICIPIO":"Chapecó","UF":"SC"},"geometry":{"type":"Polygon","coordinates":[[[-52.61020499999995,-27.035460399999977],[-52.58635129999993,-27.03058729999998],[-52.57186789999997,-27.03959549999996],[-52.57218839999996,-27.051317299999937],[-52.55698019999994,-27.05434619999994],[-52.554001899999946,-27.059452299999975],[-52.562586099999976,-27.059588799999972],[-52.55183189999997,-27.071230399999934],[-52.51655939999995,-27.082663399999944],[-52.515907099999936,-27.09465389999997],[-52.48088489999998,-27.11148899999995],[-52.50591709999998,-27.118030399999952],[-52.48820239999998,-27.141065399999945],[-52.50879629999997,-27.139918199999954],[-52.51827079999998,-27.147806499999945],[-52.50568489999995,-27.15830219999998],[-52.523832599999935,-27.16570329999996],[-52.51930539999995,-27.17783339999994],[-52.52787379999995,-27.179118199999948],[-52.513482899999985,-27.190815399999963],[-52.523433799999964,-27.20760599999994],[-52.543964899999935,-27.219808399999977],[-52.53690569999998,-27.233209099999954],[-52.563600099999974,-27.248916099999974],[-52.587499399999956,-27.246890099999973],[-52.62659269999995,-27.266093499999954],[-52.64489149999997,-27.261667899999964],[-52.65531589999995,-27.24150529999997],[-52.667575599999964,-27.23784949999998],[-52.69195609999997,-27.284547999999972],[-52.706086599999935,-27.275748199999953],[-52.71623599999998,-27.236045599999954],[-52.73031389999994,-27.238083699999947],[-52.742368399999975,-27.25770979999993],[-52.75631509999994,-27.25841429999997],[-52.763908199999946,-27.24296229999993],[-52.75859589999993,-27.215191999999945],[-52.785514699999965,-27.20601979999998],[-52.786846399999945,-27.19355379999996],[-52.774041799999964,-27.18615109999996],[-52.74903889999996,-27.190637899999956],[-52.74949989999993,-27.169475899999952],[-52.73488609999998,-27.167237899999975],[-52.722019399999965,-27.152985299999955],[-52.72299389999995,-27.137566299999946],[-52.70600489999998,-27.104150299999958],[-52.70691949999997,-27.09636219999993],[-52.73207919999999,-27.084334699999943],[-52.73648549999996,-27.069356099999936],[-52.72290469999996,-27.03655189999995],[-52.74142839999996,-27.01095739999994],[-52.762666999999965,-27.015540199999975],[-52.77923119999997,-27.053086399999984],[-52.810784499999954,-27.05132919999994],[-52.83962989999998,-27.044056699999942],[-52.84046949999998,-27.017952399999956],[-52.821365199999946,-27.018465099999958],[-52.768771999999956,-26.994650999999976],[-52.75427089999994,-26.937745399999983],[-52.71871299999998,-26.96079229999998],[-52.714214899999945,-26.985051599999963],[-52.67495969999993,-26.99496069999998],[-52.642231899999956,-26.993315699999982],[-52.61020499999995,-27.035460399999977]]]}},{"id":"4378","type":"Feature","properties":{"COD_IBGE":"4204251","MUNICIPIO":"Cocal do Sul","UF":"SC"},"geometry":{"type":"Polygon","coordinates":[[[-49.320839099999944,-28.565638599999943],[-49.27546389999998,-28.58662039999996],[-49.245308499999965,-28.59059869999993],[-49.292382299999986,-28.621560099999954],[-49.330621399999984,-28.624404199999958],[-49.33689959999998,-28.634373799999935],[-49.35390259999997,-28.637356799999964],[-49.37034959999994,-28.633539499999983],[-49.40151359999993,-28.600642299999947],[-49.385774099999935,-28.57975749999997],[-49.365222399999936,-28.575105399999984],[-49.35194119999994,-28.562819799999943],[-49.320839099999944,-28.565638599999943]]]}},{"id":"4379","type":"Feature","properties":{"COD_IBGE":"4204301","MUNICIPIO":"Concórdia","UF":"SC"},"geometry":{"type":"Polygon","coordinates":[[[-52.022889599999985,-27.36215429999993],[-52.008109099999956,-27.333676099999934],[-52.01500469999996,-27.330895599999963],[-52.044751599999984,-27.346553399999948],[-52.074093199999936,-27.338353199999972],[-52.103286999999966,-27.346695599999975],[-52.11112149999997,-27.33540299999993],[-52.10568669999998,-27.313350299999968],[-52.11433109999996,-27.305019199999947],[-52.16800519999998,-27.312270799999965],[-52.15930549999996,-27.28156359999997],[-52.168334399999935,-27.270915099999968],[-52.18777099999994,-27.28617349999996],[-52.213396999999986,-27.331947699999944],[-52.22717949999998,-27.329000699999938],[-52.241137299999934,-27.30427089999995],[-52.27297869999995,-27.304384999999968],[-52.278434199999936,-27.29677019999997],[-52.26646589999996,-27.28233659999995],[-52.23685659999995,-27.273769199999947],[-52.236978599999986,-27.263067499999977],[-52.261347299999954,-27.25694109999995],[-52.24450449999995,-27.24776559999998],[-52.23537659999994,-27.251294599999937],[-52.22450459999993,-27.231659899999954],[-52.20904019999995,-27.236840599999937],[-52.20837289999997,-27.219955399999947],[-52.190084799999966,-27.219967099999963],[-52.20430909999993,-27.210347399999932],[-52.19624619999996,-27.212775799999974],[-52.18818019999998,-27.194935199999975],[-52.17804789999997,-27.20118519999994],[-52.14118929999995,-27.180154899999934],[-52.134716699999956,-27.188174699999934],[-52.12888209999994,-27.181407399999955],[-52.11673529999996,-27.183944399999973],[-52.11777409999996,-27.167913899999974],[-52.10709499999996,-27.171416699999952],[-52.10233119999998,-27.16270039999995],[-52.085423799999944,-27.16997669999995],[-52.08890309999998,-27.14689439999995],[-52.07762239999994,-27.14470659999995],[-52.06632589999998,-27.153926599999977],[-52.06884089999994,-27.136992499999963],[-52.060618799999986,-27.13133769999996],[-52.05633689999996,-27.146758899999952],[-52.04420049999993,-27.148703699999942],[-52.04854329999995,-27.141931099999965],[-52.040099699999985,-27.138004799999976],[-52.03089279999995,-27.143947099999934],[-52.01785099999995,-27.13931739999998],[-52.01485089999994,-27.125865199999964],[-51.996662199999946,-27.135216999999955],[-51.99520449999994,-27.118640899999946],[-51.97808169999996,-27.118830599999967],[-51.97626779999996,-27.104867599999977],[-51.96231949999998,-27.10534789999997],[-51.95684539999996,-27.107137399999942],[-51.96146669999996,-27.118983899999932],[-51.942637899999966,-27.115193999999974],[-51.92987219999998,-27.128048299999932],[-51.91689249999996,-27.128582799999947],[-51.91722299999998,-27.135185899999954],[-51.890617299999974,-27.113626199999942],[-51.89112469999998,-27.12245329999996],[-51.86447979999997,-27.126383699999963],[-51.867442799999935,-27.133901099999946],[-51.859983899999975,-27.140433299999984],[-51.822155399999986,-27.145980099999974],[-51.826854999999966,-27.163366099999962],[-51.81313499999993,-27.19213439999993],[-51.817997799999944,-27.20499559999996],[-51.81197439999994,-27.220744999999965],[-51.82611939999998,-27.22085439999995],[-51.833519999999965,-27.228306699999962],[-51.82877169999995,-27.23433559999995],[-51.84498609999997,-27.230090599999983],[-51.83828559999995,-27.249778099999958],[-51.818222799999944,-27.245455599999957],[-51.79002329999997,-27.259046699999942],[-51.79843559999995,-27.29130719999995],[-51.80766889999995,-27.283896099999936],[-51.85382169999997,-27.31967499999996],[-51.883497199999965,-27.301662799999974],[-51.91158439999998,-27.303563899999972],[-51.91598279999994,-27.324617199999977],[-51.95145169999995,-27.33355389999997],[-51.954985599999986,-27.339723299999946],[-51.94620609999998,-27.35046719999997],[-51.96279939999994,-27.341174999999964],[-51.957673899999975,-27.361638899999946],[-51.970540599999936,-27.35440609999995],[-51.99258439999994,-27.363363899999968],[-51.98341229999994,-27.375081799999975],[-51.99043519999998,-27.377924399999984],[-52.022889599999985,-27.36215429999993]]]}},{"id":"4380","type":"Feature","properties":{"COD_IBGE":"4204350","MUNICIPIO":"Cordilheira Alta","UF":"SC"},"geometry":{"type":"Polygon","coordinates":[[[-52.641395899999964,-26.994473699999958],[-52.69055929999996,-26.99278069999997],[-52.714214899999945,-26.985051599999963],[-52.71682919999995,-26.97345779999995],[-52.66513589999994,-26.92203829999994],[-52.631956499999944,-26.95081149999993],[-52.61493409999997,-26.933946599999956],[-52.59052529999997,-26.961891399999956],[-52.593811899999935,-26.981375899999932],[-52.58465629999995,-26.973799699999972],[-52.58635129999993,-27.03058729999998],[-52.61020499999995,-27.035460399999977],[-52.641395899999964,-26.994473699999958]]]}},{"id":"4381","type":"Feature","properties":{"COD_IBGE":"4204400","MUNICIPIO":"Coronel Freitas","UF":"SC"},"geometry":{"type":"Polygon","coordinates":[[[-52.742478999999946,-26.82051119999994],[-52.711953999999935,-26.819397299999935],[-52.716947999999945,-26.803613499999983],[-52.656252999999936,-26.853641299999936],[-52.62080109999994,-26.864845599999967],[-52.62282869999996,-26.874477299999967],[-52.63576649999993,-26.87904839999993],[-52.61636239999996,-26.90718309999994],[-52.63110869999997,-26.92246799999998],[-52.61493409999997,-26.933946599999956],[-52.631956499999944,-26.95081149999993],[-52.66513589999994,-26.92203829999994],[-52.71682919999995,-26.97345779999995],[-52.71871299999998,-26.96079229999998],[-52.739395299999956,-26.941801099999964],[-52.76108359999995,-26.942240099999935],[-52.78341689999996,-26.928565399999968],[-52.80140369999998,-26.90192289999993],[-52.82250469999997,-26.904245499999945],[-52.83331759999999,-26.91391679999998],[-52.86022239999994,-26.91346059999995],[-52.838780199999974,-26.879991299999972],[-52.82254379999995,-26.880256799999984],[-52.82564579999996,-26.888764799999933],[-52.80546209999994,-26.897725799999932],[-52.786188299999935,-26.889023599999973],[-52.81894079999995,-26.869554799999946],[-52.81088459999995,-26.86438519999996],[-52.793818499999986,-26.875358399999982],[-52.784947199999976,-26.869859899999938],[-52.78595259999997,-26.855534099999943],[-52.79734799999994,-26.85367149999996],[-52.80600769999995,-26.839940799999965],[-52.804387099999985,-26.795460499999933],[-52.78399179999997,-26.78775479999996],[-52.74438279999998,-26.840175199999976],[-52.742478999999946,-26.82051119999994]]]}},{"id":"4382","type":"Feature","properties":{"COD_IBGE":"4204459","MUNICIPIO":"Coronel Martins","UF":"SC"},"geometry":{"type":"Polygon","coordinates":[[[-52.695331599999975,-26.49176559999995],[-52.66209489999994,-26.48326549999996],[-52.63302699999997,-26.499108299999932],[-52.610591699999986,-26.48976609999994],[-52.608316299999956,-26.498246199999983],[-52.61650679999997,-26.51249279999996],[-52.60882779999997,-26.54403599999995],[-52.64914289999996,-26.569189299999948],[-52.64901269999996,-26.586983799999928],[-52.67017469999996,-26.60167199999995],[-52.707157999999936,-26.586539899999934],[-52.68870549999997,-26.58347809999998],[-52.70044109999998,-26.577112799999952],[-52.69070289999996,-26.57121049999995],[-52.70626119999997,-26.566399499999932],[-52.71000809999998,-26.556365699999958],[-52.71346829999993,-26.56143119999996],[-52.730399699999964,-26.542362199999957],[-52.730893599999945,-26.53046329999995],[-52.75603169999994,-26.50903809999994],[-52.68528939999993,-26.500216099999932],[-52.695331599999975,-26.49176559999995]]]}},{"id":"4383","type":"Feature","properties":{"COD_IBGE":"4204509","MUNICIPIO":"Corupá","UF":"SC"},"geometry":{"type":"Polygon","coordinates":[[[-49.275158499999975,-26.388723099999936],[-49.23095969999997,-26.39711429999994],[-49.220813599999985,-26.38638439999994],[-49.20168169999994,-26.38276879999995],[-49.19619259999996,-26.371290099999953],[-49.17896989999997,-26.369361599999934],[-49.18648109999998,-26.331102399999963],[-49.17999549999996,-26.311437599999977],[-49.168198099999984,-26.308591699999965],[-49.169028899999944,-26.34262229999996],[-49.16032889999997,-26.35102889999996],[-49.16492699999998,-26.358468199999948],[-49.15832339999997,-26.35844929999996],[-49.166654499999936,-26.379915599999947],[-49.183982499999956,-26.382183899999973],[-49.18797289999998,-26.390115299999934],[-49.185441399999945,-26.434689299999945],[-49.20786259999994,-26.44053569999994],[-49.199033499999985,-26.446225099999936],[-49.21232299999997,-26.45861649999995],[-49.21304279999998,-26.48596329999998],[-49.24820159999996,-26.501075199999946],[-49.28984529999997,-26.547795399999927],[-49.29983549999997,-26.539351599999975],[-49.331942599999934,-26.538690799999983],[-49.35649029999996,-26.51328879999994],[-49.356785499999944,-26.497748099999967],[-49.374104999999986,-26.487824599999954],[-49.41721149999995,-26.510126199999945],[-49.42409369999996,-26.498014099999978],[-49.462118799999985,-26.47695109999995],[-49.47084199999995,-26.455250899999953],[-49.49249599999996,-26.439654099999927],[-49.495790699999986,-26.42760329999993],[-49.48359419999997,-26.41997079999993],[-49.444683399999974,-26.426397299999962],[-49.43716879999994,-26.372757599999943],[-49.40201469999994,-26.348722099999975],[-49.36294049999998,-26.360758699999963],[-49.35678059999998,-26.376661199999944],[-49.327829099999974,-26.38762079999998],[-49.32079509999994,-26.38590069999998],[-49.32629849999995,-26.37521529999998],[-49.30156859999994,-26.367752999999936],[-49.29904099999993,-26.374319999999955],[-49.28035649999998,-26.37609619999995],[-49.275158499999975,-26.388723099999936]]]}},{"id":"4384","type":"Feature","properties":{"COD_IBGE":"4204558","MUNICIPIO":"Correia Pinto","UF":"SC"},"geometry":{"type":"Polygon","coordinates":[[[-50.30663339999995,-27.74603589999998],[-50.34289899999993,-27.74051579999997],[-50.35296909999994,-27.746848399999976],[-50.357073199999945,-27.737888599999962],[-50.36434469999995,-27.747284999999977],[-50.376089099999945,-27.741415399999937],[-50.37831179999995,-27.729400599999963],[-50.38995929999993,-27.72999619999996],[-50.419031899999936,-27.706021299999975],[-50.42533839999993,-27.676755999999955],[-50.445173899999986,-27.67648509999998],[-50.46822759999998,-27.664686699999947],[-50.48247369999996,-27.646634199999937],[-50.49147409999995,-27.646748899999977],[-50.487455599999976,-27.635656599999948],[-50.49465889999993,-27.628727899999944],[-50.521908199999984,-27.633193499999948],[-50.50568739999994,-27.619884499999955],[-50.511627799999985,-27.595379399999956],[-50.54256079999993,-27.603897099999983],[-50.52419489999994,-27.58359329999996],[-50.52556709999993,-27.56892179999994],[-50.539211999999964,-27.557344399999977],[-50.560658099999955,-27.503884399999947],[-50.56932889999996,-27.504097199999933],[-50.542286299999944,-27.484778499999948],[-50.525374099999965,-27.49081739999997],[-50.52405049999993,-27.47535469999997],[-50.533137299999964,-27.468211399999973],[-50.514004099999966,-27.456955799999946],[-50.50154489999994,-27.466938099999936],[-50.48632939999993,-27.45878349999998],[-50.468922599999985,-27.476473299999952],[-50.49141609999998,-27.481758799999966],[-50.49293239999997,-27.48909569999995],[-50.46895809999995,-27.48629109999996],[-50.45058179999995,-27.50035459999998],[-50.44841289999994,-27.47805189999997],[-50.43099959999995,-27.47533149999998],[-50.42347599999994,-27.484167999999954],[-50.402115899999956,-27.475198099999943],[-50.37634409999998,-27.50166799999994],[-50.38064669999994,-27.517645399999935],[-50.39222079999996,-27.525026799999978],[-50.38843449999996,-27.53519209999996],[-50.39524479999994,-27.546788299999946],[-50.41138589999997,-27.54829049999995],[-50.39215089999993,-27.557762499999967],[-50.383684899999935,-27.55308249999996],[-50.37768239999997,-27.562876699999947],[-50.36604209999996,-27.53610059999994],[-50.35824579999996,-27.54023589999997],[-50.29570679999995,-27.522558299999957],[-50.26298189999994,-27.538795599999958],[-50.267755199999954,-27.52173689999995],[-50.251757399999974,-27.524067599999967],[-50.25072329999995,-27.516979499999934],[-50.243245299999955,-27.526609399999984],[-50.239589699999954,-27.51645489999993],[-50.22506389999995,-27.51420379999996],[-50.234549399999935,-27.527660899999944],[-50.22393359999995,-27.532132499999932],[-50.22596109999995,-27.54042439999995],[-50.21029029999994,-27.553731699999958],[-50.21568899999994,-27.559390699999938],[-50.203995099999986,-27.565645899999936],[-50.20967919999998,-27.568187799999976],[-50.19843169999996,-27.58229769999997],[-50.20234069999998,-27.58654329999996],[-50.19104039999996,-27.59366959999994],[-50.19254129999996,-27.629863799999953],[-50.27310649999998,-27.67585619999994],[-50.310247799999956,-27.677985699999965],[-50.29595679999994,-27.707752899999946],[-50.30663339999995,-27.74603589999998]]]}},{"id":"4385","type":"Feature","properties":{"COD_IBGE":"4204608","MUNICIPIO":"Criciúma","UF":"SC"},"geometry":{"type":"Polygon","coordinates":[[[-49.35149169999994,-28.855174099999942],[-49.42710429999994,-28.81360099999995],[-49.41991319999994,-28.80724129999993],[-49.41987369999998,-28.787298499999963],[-49.43603139999993,-28.768013499999938],[-49.43298379999993,-28.75514309999994],[-49.40733119999993,-28.74005479999994],[-49.41244819999997,-28.725953799999957],[-49.423180299999956,-28.71286029999993],[-49.47739139999993,-28.711763099999928],[-49.459546099999955,-28.68111449999998],[-49.464450099999965,-28.67482149999995],[-49.45494519999994,-28.662738299999944],[-49.45165449999996,-28.633883699999956],[-49.37108589999997,-28.633717899999965],[-49.34014599999995,-28.64566059999993],[-49.29065269999995,-28.638412699999947],[-49.26809819999994,-28.651993499999946],[-49.24358489999997,-28.67462869999997],[-49.33256389999997,-28.67919489999997],[-49.33546529999995,-28.754353799999933],[-49.35708829999993,-28.755330899999933],[-49.35149169999994,-28.855174099999942]]]}},{"id":"4386","type":"Feature","properties":{"COD_IBGE":"4204707","MUNICIPIO":"Cunha Porã","UF":"SC"},"geometry":{"type":"Polygon","coordinates":[[[-53.116759799999954,-26.888985399999967],[-53.10399479999995,-26.89077409999993],[-53.11990509999998,-26.94296209999993],[-53.139890899999955,-26.941895899999963],[-53.16704619999996,-26.956745799999965],[-53.20761059999995,-26.948931699999946],[-53.20964339999995,-26.939725899999928],[-53.22708269999998,-26.935037699999953],[-53.250310799999966,-26.93567239999993],[-53.24805399999997,-26.921035599999982],[-53.28504899999996,-26.923559099999977],[-53.288873699999954,-26.91759989999997],[-53.28031129999994,-26.913591099999962],[-53.29593889999995,-26.89811659999998],[-53.286286899999936,-26.896098999999936],[-53.28672499999993,-26.88599899999997],[-53.27723899999995,-26.89011359999995],[-53.28517229999994,-26.86964489999997],[-53.274122999999975,-26.872515799999974],[-53.277338499999985,-26.867500399999983],[-53.266301899999974,-26.85544349999998],[-53.25142619999997,-26.85599819999993],[-53.261443499999984,-26.85193879999997],[-53.25104219999997,-26.83947999999998],[-53.24465109999994,-26.84697929999993],[-53.244944499999974,-26.83924899999994],[-53.23657289999994,-26.83946869999994],[-53.24776949999995,-26.827561299999957],[-53.23830039999996,-26.82381259999994],[-53.24117499999994,-26.813122199999952],[-53.19650169999994,-26.801537999999937],[-53.12071579999997,-26.808633099999952],[-53.11619609999997,-26.819316999999955],[-53.13197909999997,-26.82524429999995],[-53.12542229999997,-26.847259099999974],[-53.11619669999993,-26.850900299999978],[-53.125644299999976,-26.85795589999998],[-53.11514919999996,-26.868081099999984],[-53.122081099999946,-26.87311539999996],[-53.116759799999954,-26.888985399999967]]]}},{"id":"4387","type":"Feature","properties":{"COD_IBGE":"4204756","MUNICIPIO":"Cunhataí","UF":"SC"},"geometry":{"type":"Polygon","coordinates":[[[-53.06922799999995,-26.982415999999944],[-53.069864999999936,-26.991221999999937],[-53.090465999999935,-26.991290999999933],[-53.09529439999994,-27.02771249999995],[-53.11576859999997,-27.029112699999928],[-53.13073769999994,-27.01424019999996],[-53.124964499999976,-27.003397999999947],[-53.131411499999956,-27.002152299999977],[-53.13567089999998,-26.992866999999933],[-53.12869529999995,-26.989434399999936],[-53.134875499999964,-26.98392709999996],[-53.12600729999997,-26.983853599999975],[-53.12519949999995,-26.975759099999948],[-53.13805279999997,-26.965298299999972],[-53.13412429999994,-26.95686809999995],[-53.143353099999956,-26.94412909999994],[-53.11990509999998,-26.94296209999993],[-53.111833099999956,-26.92446609999996],[-53.09946679999996,-26.926949999999977],[-53.10327909999995,-26.93879819999995],[-53.04892449999994,-26.956603599999937],[-53.04647899999998,-26.97038079999993],[-53.06922799999995,-26.982415999999944]]]}},{"id":"4388","type":"Feature","properties":{"COD_IBGE":"4204806","MUNICIPIO":"Curitibanos","UF":"SC"},"geometry":{"type":"Polygon","coordinates":[[[-50.60396549999996,-27.470021799999984],[-50.63978399999996,-27.45533039999998],[-50.636830499999974,-27.470746799999972],[-50.65058819999996,-27.45231949999993],[-50.66995129999998,-27.47067039999996],[-50.678129799999965,-27.463261199999977],[-50.67068489999997,-27.456797199999983],[-50.67454559999993,-27.439515599999936],[-50.688975599999935,-27.443495999999982],[-50.69075079999993,-27.426033899999936],[-50.70044509999997,-27.428935699999954],[-50.70096239999998,-27.442992799999956],[-50.71858049999997,-27.42656759999994],[-50.714543599999956,-27.450859899999955],[-50.736458099999936,-27.43811729999993],[-50.74984499999994,-27.449297599999966],[-50.75300379999993,-27.43085869999993],[-50.74202479999997,-27.42684479999997],[-50.770282899999984,-27.402756799999963],[-50.75634279999997,-27.38904709999997],[-50.75857599999995,-27.36526139999995],[-50.73681559999994,-27.35287079999995],[-50.76386269999995,-27.350342599999976],[-50.74932579999995,-27.326780199999973],[-50.76472049999995,-27.31364919999993],[-50.76890709999998,-27.28507769999993],[-50.758528199999944,-27.27793459999998],[-50.742852099999936,-27.286719999999946],[-50.73179259999995,-27.279780899999935],[-50.738364299999944,-27.270352299999956],[-50.75707049999994,-27.268920999999978],[-50.75886929999996,-27.25788749999998],[-50.74545029999996,-27.248630599999956],[-50.728076199999975,-27.255078599999933],[-50.741031299999975,-27.225858899999935],[-50.722447399999965,-27.223264599999936],[-50.73039449999993,-27.20246819999994],[-50.70234879999998,-27.189005099999974],[-50.68123639999993,-27.15681959999995],[-50.71203349999996,-27.150715399999967],[-50.696694699999966,-27.132498599999963],[-50.716278699999975,-27.13461079999996],[-50.70671089999996,-27.118081599999982],[-50.718876999999964,-27.111574599999983],[-50.71669769999994,-27.10452159999994],[-50.68841179999998,-27.093615099999965],[-50.69110089999998,-27.08382419999998],[-50.674737999999934,-27.081018899999947],[-50.65862739999994,-27.089447099999973],[-50.65128869999995,-27.078768599999933],[-50.65541349999995,-27.072677299999953],[-50.64136689999998,-27.071570399999928],[-50.64805739999997,-27.063465599999972],[-50.64199949999994,-27.05793559999995],[-50.62393539999994,-27.05223669999998],[-50.62644529999994,-27.063813599999946],[-50.60940929999998,-27.06468769999998],[-50.59807079999996,-27.05051039999995],[-50.59211499999998,-27.05785629999997],[-50.56483859999997,-27.056718699999976],[-50.555123899999955,-27.076418299999943],[-50.55830699999996,-27.086015799999927],[-50.54425209999994,-27.07372689999994],[-50.53565529999997,-27.080905899999948],[-50.52587239999997,-27.105226899999934],[-50.52837359999995,-27.13366979999995],[-50.552116299999966,-27.13016159999995],[-50.53685359999997,-27.145391099999983],[-50.557610899999986,-27.143820999999946],[-50.56167009999996,-27.151962999999967],[-50.56162399999994,-27.139131599999928],[-50.57043299999998,-27.13207179999995],[-50.57268009999996,-27.14226489999993],[-50.57926649999996,-27.141287099999943],[-50.576656699999944,-27.157590899999946],[-50.58458499999995,-27.140164099999936],[-50.61696439999997,-27.154051699999968],[-50.62712689999995,-27.150845999999945],[-50.627657599999964,-27.156741099999977],[-50.61014609999995,-27.16434229999993],[-50.60580059999995,-27.17564169999997],[-50.61386739999995,-27.179769999999962],[-50.60096609999994,-27.200634699999966],[-50.57077419999996,-27.19401199999993],[-50.57160899999997,-27.201049199999943],[-50.561345899999935,-27.201621199999977],[-50.551350499999955,-27.215598099999966],[-50.532561999999984,-27.20538019999998],[-50.50006929999995,-27.219163899999955],[-50.49561449999993,-27.245841199999973],[-50.50950119999993,-27.257750399999964],[-50.49954599999995,-27.29979469999995],[-50.46839619999997,-27.31737419999996],[-50.46228579999996,-27.34533689999995],[-50.46357739999996,-27.36821299999997],[-50.48999139999995,-27.40216739999994],[-50.48140919999997,-27.402552499999956],[-50.47662889999998,-27.418154399999935],[-50.48718629999996,-27.43485389999995],[-50.47629029999996,-27.444082299999934],[-50.49900199999996,-27.466725099999962],[-50.51348889999997,-27.456933099999958],[-50.533137299999964,-27.468211399999973],[-50.52405049999993,-27.47535469999997],[-50.52619469999996,-27.49155099999996],[-50.542286299999944,-27.484778499999948],[-50.57667889999993,-27.504241299999933],[-50.575904099999946,-27.48508359999994],[-50.56459049999995,-27.466665599999942],[-50.58333259999995,-27.469298599999945],[-50.59522109999995,-27.45952429999994],[-50.60396549999996,-27.470021799999984]]]}},{"id":"4389","type":"Feature","properties":{"COD_IBGE":"4204905","MUNICIPIO":"Descanso","UF":"SC"},"geometry":{"type":"Polygon","coordinates":[[[-53.49871269999994,-26.934894199999974],[-53.53570529999996,-26.94580439999993],[-53.562163199999986,-26.925908499999935],[-53.57711399999994,-26.898522899999932],[-53.551351899999986,-26.89000999999996],[-53.557533399999954,-26.881323899999927],[-53.550611499999945,-26.873273299999937],[-53.55685179999995,-26.875001099999963],[-53.557681799999955,-26.864753899999982],[-53.566529199999934,-26.861717899999974],[-53.56464089999997,-26.855754599999955],[-53.55457119999994,-26.860007999999937],[-53.55114419999995,-26.848615699999982],[-53.557092799999964,-26.844295399999965],[-53.545853499999964,-26.83447199999995],[-53.59911439999996,-26.821966499999974],[-53.60623499999997,-26.818079799999964],[-53.604665799999964,-26.805588499999942],[-53.50684469999993,-26.799772899999937],[-53.50569669999993,-26.775738799999942],[-53.38903069999998,-26.77073919999998],[-53.38486759999995,-26.784716499999945],[-53.37601879999994,-26.78087729999993],[-53.37740539999999,-26.79166719999995],[-53.39567839999995,-26.78921859999997],[-53.39995589999995,-26.809591299999965],[-53.420149599999945,-26.805690399999946],[-53.404151999999954,-26.82390419999996],[-53.37975759999995,-26.822848299999976],[-53.38349219999998,-26.85071499999998],[-53.410004999999956,-26.851018299999964],[-53.41597059999998,-26.865395699999965],[-53.40152079999996,-26.877646999999968],[-53.408891799999935,-26.889947999999947],[-53.42390419999998,-26.889805799999976],[-53.40603319999997,-26.90362659999994],[-53.411006199999974,-26.92678639999997],[-53.39001209999998,-26.938630399999965],[-53.408612999999946,-26.941850699999975],[-53.41091179999995,-26.951681099999973],[-53.42505799999998,-26.947540299999957],[-53.424518399999954,-26.94088329999994],[-53.478778499999976,-26.943110299999944],[-53.49871269999994,-26.934894199999974]]]}},{"id":"4390","type":"Feature","properties":{"COD_IBGE":"4205001","MUNICIPIO":"Dionísio Cerqueira","UF":"SC"},"geometry":{"type":"Polygon","coordinates":[[[-53.461386499999946,-26.29637349999996],[-53.42402679999998,-26.27971569999994],[-53.399816499999986,-26.25401299999993],[-53.37607189999994,-26.24161399999997],[-53.34093229999996,-26.25237809999993],[-53.34295629999997,-26.297221199999967],[-53.365551799999935,-26.317237199999965],[-53.363004699999976,-26.32667079999993],[-53.37287859999998,-26.332638999999972],[-53.36713149999997,-26.33688609999996],[-53.375897099999975,-26.335762699999975],[-53.37147199999998,-26.34466459999993],[-53.39041389999994,-26.353082099999938],[-53.39429779999995,-26.366050899999948],[-53.56043989999995,-26.374954299999956],[-53.56706899999995,-26.39362799999998],[-53.580741399999965,-26.402490599999965],[-53.575576299999966,-26.40912119999996],[-53.58591779999995,-26.408994699999937],[-53.583414999999945,-26.416410199999973],[-53.604289999999935,-26.376445399999966],[-53.61872549999998,-26.37685209999995],[-53.64830029999996,-26.409452899999962],[-53.658468099999936,-26.408359899999937],[-53.65778809999995,-26.418812899999978],[-53.67078259999994,-26.414141899999947],[-53.66654189999997,-26.425490399999944],[-53.681605899999965,-26.41568879999994],[-53.683756899999935,-26.429047499999967],[-53.69380279999996,-26.43024319999995],[-53.698356899999965,-26.415697399999942],[-53.705390799999975,-26.416290199999935],[-53.696547899999985,-26.402247599999953],[-53.71000029999993,-26.38773569999995],[-53.70138459999998,-26.38901519999996],[-53.70027559999994,-26.362891799999943],[-53.69052449999998,-26.36083039999994],[-53.69644189999997,-26.355422399999952],[-53.689341799999966,-26.353763499999957],[-53.68572809999995,-26.33540439999996],[-53.671073399999955,-26.330731899999932],[-53.67394349999995,-26.324212399999965],[-53.645533299999954,-26.286557699999946],[-53.64579719999995,-26.247748099999967],[-53.62804319999998,-26.263264599999957],[-53.58629469999994,-26.25586629999998],[-53.58221629999997,-26.272416799999974],[-53.55053359999994,-26.293836299999953],[-53.52440279999996,-26.29189409999998],[-53.498409299999935,-26.303040599999974],[-53.475163399999985,-26.290056299999947],[-53.461386499999946,-26.29637349999996]]]}},{"id":"4391","type":"Feature","properties":{"COD_IBGE":"4205100","MUNICIPIO":"Dona Emma","UF":"SC"},"geometry":{"type":"Polygon","coordinates":[[[-49.77316879999995,-27.024282699999958],[-49.847835499999974,-27.011764399999947],[-49.84495119999997,-27.023568099999977],[-49.87225229999996,-27.02459879999998],[-49.871988399999964,-27.00150629999996],[-49.91580929999998,-26.99398979999995],[-49.909788499999934,-26.979948299999933],[-49.91415929999994,-26.96392129999998],[-49.90429379999995,-26.961903199999938],[-49.90026679999994,-26.96850919999997],[-49.89286509999994,-26.960801999999944],[-49.89044149999995,-26.978426199999944],[-49.88114809999996,-26.985573399999964],[-49.883415199999945,-26.954358999999954],[-49.87259979999993,-26.95070839999994],[-49.86201229999995,-26.973673299999973],[-49.86056169999995,-26.949187999999936],[-49.84767889999995,-26.947714899999937],[-49.847231799999975,-26.959532299999978],[-49.83948789999994,-26.960384199999964],[-49.83778419999993,-26.946510899999964],[-49.81420519999995,-26.942925699999932],[-49.81931979999996,-26.954908399999965],[-49.80226719999996,-26.959831099999974],[-49.78977229999998,-26.942096299999946],[-49.79305379999994,-26.95436179999996],[-49.77141289999997,-26.953852299999937],[-49.77441569999996,-26.962557699999934],[-49.76239289999995,-26.967626699999983],[-49.75849859999994,-26.96009719999995],[-49.73077729999994,-26.96053459999996],[-49.71388539999998,-26.94098329999997],[-49.710487299999954,-26.918911399999956],[-49.68397229999994,-26.91350609999995],[-49.696064999999976,-26.928654999999935],[-49.680861999999934,-26.95335599999993],[-49.687180799999965,-26.986201299999948],[-49.67820759999995,-26.98776209999994],[-49.67491919999998,-26.99837729999996],[-49.68340989999996,-27.004276799999957],[-49.69341449999996,-26.99529279999996],[-49.70879169999995,-27.02172699999994],[-49.70384219999994,-27.027597799999967],[-49.66575279999995,-27.02262829999995],[-49.66824029999998,-27.03279269999996],[-49.68178429999995,-27.02777039999995],[-49.697744099999966,-27.043273099999965],[-49.71361209999998,-27.04076559999993],[-49.72329569999994,-27.03008589999996],[-49.72746619999998,-27.039583299999947],[-49.73726239999996,-27.02769969999997],[-49.72556069999996,-27.060790999999938],[-49.755525199999965,-27.04872119999993],[-49.77316879999995,-27.024282699999958]]]}},{"id":"4392","type":"Feature","properties":{"COD_IBGE":"4205159","MUNICIPIO":"Doutor Pedrinho","UF":"SC"},"geometry":{"type":"Polygon","coordinates":[[[-49.57048189999995,-26.782568499999968],[-49.58069059999997,-26.776468199999954],[-49.607493199999965,-26.784714599999973],[-49.61884839999993,-26.784986499999945],[-49.62416849999994,-26.775948299999982],[-49.629777399999966,-26.78248209999998],[-49.64428389999995,-26.77977379999993],[-49.681371799999965,-26.703704999999957],[-49.66599999999994,-26.692930899999965],[-49.64085199999994,-26.69165069999997],[-49.617597099999955,-26.70376619999996],[-49.61879929999998,-26.64288019999998],[-49.58581689999994,-26.624743099999932],[-49.58018409999994,-26.57973529999998],[-49.564597299999946,-26.566022999999973],[-49.53131389999999,-26.56510449999996],[-49.508880499999975,-26.57647369999995],[-49.50726599999996,-26.59902399999993],[-49.48550709999995,-26.610737899999947],[-49.49807089999996,-26.629223499999966],[-49.501729799999964,-26.655339699999956],[-49.47153019999996,-26.67837129999998],[-49.47427339999996,-26.69829569999996],[-49.44844449999994,-26.71460399999995],[-49.45211739999996,-26.75410519999997],[-49.44653389999996,-26.758865399999934],[-49.51833179999994,-26.79926059999997],[-49.51626429999993,-26.811495199999968],[-49.534533599999975,-26.83076639999996],[-49.53146879999997,-26.84689899999995],[-49.54685909999995,-26.85826899999995],[-49.560376099999985,-26.834530799999982],[-49.57048189999995,-26.782568499999968]]]}},{"id":"4393","type":"Feature","properties":{"COD_IBGE":"4205175","MUNICIPIO":"Entre Rios","UF":"SC"},"geometry":{"type":"Polygon","coordinates":[[[-52.534623099999976,-26.711365099999966],[-52.53585769999995,-26.809451399999944],[-52.55049909999997,-26.79484039999994],[-52.56531239999998,-26.791667299999972],[-52.584397499999966,-26.80151029999996],[-52.60002199999997,-26.792351199999928],[-52.612320899999986,-26.77045229999993],[-52.60324799999995,-26.76227289999997],[-52.62301579999996,-26.77156119999995],[-52.63902049999996,-26.76508119999994],[-52.62870129999993,-26.754759599999943],[-52.64737119999995,-26.746874099999957],[-52.627037299999984,-26.74062509999993],[-52.63698079999995,-26.728408099999967],[-52.59495789999994,-26.723536499999966],[-52.60128019999996,-26.701580599999943],[-52.61795779999994,-26.700071099999946],[-52.60273269999993,-26.666790999999932],[-52.59130249999998,-26.680239299999982],[-52.58508699999993,-26.664921899999968],[-52.579241399999944,-26.679108999999983],[-52.56303239999994,-26.67182329999997],[-52.549358799999936,-26.700764599999957],[-52.534623099999976,-26.711365099999966]]]}},{"id":"4394","type":"Feature","properties":{"COD_IBGE":"4205191","MUNICIPIO":"Ermo","UF":"SC"},"geometry":{"type":"Polygon","coordinates":[[[-49.637499299999945,-28.972973099999933],[-49.64804719999995,-28.95882729999994],[-49.63563199999993,-28.948036299999956],[-49.622370899999964,-28.955956199999946],[-49.61059719999997,-28.950248099999953],[-49.598185899999976,-28.976030999999978],[-49.58033839999996,-28.983962799999972],[-49.623350699999946,-29.018011899999976],[-49.698864699999945,-29.020490999999936],[-49.72571339999996,-29.003211199999953],[-49.70636669999993,-28.966872799999976],[-49.65590619999995,-28.984146899999928],[-49.649326299999984,-28.972675699999968],[-49.637499299999945,-28.972973099999933]]]}},{"id":"4395","type":"Feature","properties":{"COD_IBGE":"4205209","MUNICIPIO":"Erval Velho","UF":"SC"},"geometry":{"type":"Polygon","coordinates":[[[-51.44440039999995,-27.32001589999993],[-51.45876489999995,-27.343700399999932],[-51.46860189999995,-27.331802599999946],[-51.48633449999994,-27.328614199999947],[-51.48800029999995,-27.309989299999984],[-51.49956119999996,-27.30599109999997],[-51.51453079999993,-27.316515799999934],[-51.53245569999996,-27.314892399999962],[-51.521722899999986,-27.30148719999994],[-51.53184139999996,-27.29995619999994],[-51.53958189999997,-27.28249029999995],[-51.52756519999997,-27.281411099999957],[-51.523731099999964,-27.272142299999928],[-51.55178369999993,-27.27069579999994],[-51.554412499999955,-27.263747699999954],[-51.54144619999994,-27.26537389999993],[-51.51981559999996,-27.23659329999998],[-51.47644649999995,-27.237130099999945],[-51.46689319999996,-27.22108069999996],[-51.45052789999994,-27.240269999999953],[-51.433720499999936,-27.241750699999955],[-51.41337439999995,-27.231220099999973],[-51.39616669999998,-27.243401999999946],[-51.37377419999996,-27.242763599999932],[-51.33667239999994,-27.264091899999983],[-51.314997699999935,-27.266767499999958],[-51.299753399999986,-27.29101049999997],[-51.30662169999994,-27.29744999999997],[-51.303857799999946,-27.307838299999958],[-51.31655969999997,-27.315334999999948],[-51.288351399999954,-27.32341539999993],[-51.29972249999997,-27.332429499999932],[-51.31285789999998,-27.331119099999967],[-51.30749179999998,-27.341629799999964],[-51.32313799999997,-27.33781309999995],[-51.31881959999998,-27.34743919999994],[-51.331906699999934,-27.341237299999932],[-51.32319979999994,-27.332128999999952],[-51.33796609999996,-27.32634189999993],[-51.34278059999997,-27.332743299999947],[-51.35524079999993,-27.32427199999995],[-51.36183809999994,-27.33502189999996],[-51.355814399999986,-27.340629999999976],[-51.37232889999996,-27.344264899999928],[-51.367620699999975,-27.33355309999996],[-51.376828699999976,-27.326996399999928],[-51.371700799999985,-27.323328199999935],[-51.38517159999998,-27.32513279999995],[-51.38924389999994,-27.315858399999968],[-51.390544699999964,-27.33303929999994],[-51.411971499999936,-27.329466999999966],[-51.413387099999966,-27.31579849999997],[-51.421354099999974,-27.31203279999994],[-51.42452199999997,-27.319183899999928],[-51.43794189999994,-27.316179399999953],[-51.43769469999995,-27.327450899999974],[-51.44440039999995,-27.32001589999993]]]}},{"id":"4396","type":"Feature","properties":{"COD_IBGE":"4205308","MUNICIPIO":"Faxinal dos Guedes","UF":"SC"},"geometry":{"type":"Polygon","coordinates":[[[-52.20435399999997,-26.866746099999943],[-52.16290109999994,-26.894407399999977],[-52.152736499999946,-26.948121999999955],[-52.171245399999975,-26.94542009999998],[-52.17547779999995,-26.956267999999966],[-52.18410439999997,-26.94842159999996],[-52.19018159999996,-26.96026939999996],[-52.20878179999994,-26.956491299999982],[-52.213450199999954,-26.948464399999978],[-52.220592299999964,-26.95808939999995],[-52.21991979999996,-26.94651749999997],[-52.242322299999955,-26.953083999999933],[-52.25459459999996,-26.93819919999993],[-52.26429469999994,-26.943824099999972],[-52.25952069999994,-26.94607439999993],[-52.26631119999996,-26.959882299999947],[-52.281215799999984,-26.946475299999975],[-52.29151669999993,-26.961584399999936],[-52.30956039999995,-26.95372679999997],[-52.31298049999998,-26.975520699999947],[-52.339089599999966,-26.96443919999996],[-52.33803429999995,-26.944751699999983],[-52.319757599999946,-26.941393199999936],[-52.30778729999997,-26.899645499999963],[-52.29499189999996,-26.887699099999963],[-52.314909299999954,-26.866931499999964],[-52.30716589999997,-26.84625269999998],[-52.325067599999954,-26.828315499999974],[-52.32534179999993,-26.812079899999958],[-52.33713689999996,-26.808386199999973],[-52.33957309999994,-26.793939999999964],[-52.35391309999994,-26.78727209999994],[-52.365121999999985,-26.762934599999937],[-52.31691989999996,-26.753160399999956],[-52.317592299999944,-26.77348999999998],[-52.30907389999993,-26.778605099999936],[-52.30232569999998,-26.76293789999994],[-52.276292499999954,-26.77340789999994],[-52.277736199999936,-26.75811719999996],[-52.265634499999976,-26.759587099999976],[-52.261623499999985,-26.75175729999995],[-52.25529899999998,-26.763144299999965],[-52.22942759999995,-26.760594599999934],[-52.226410199999975,-26.77715699999993],[-52.22162599999996,-26.76691889999995],[-52.207403099999965,-26.76660949999996],[-52.21098699999993,-26.741557399999976],[-52.19548109999994,-26.734873299999947],[-52.18560569999994,-26.71299879999998],[-52.168069499999945,-26.725288999999975],[-52.123116299999936,-26.72482519999994],[-52.153264699999966,-26.78310449999998],[-52.16771769999997,-26.778187199999934],[-52.17723139999998,-26.792860599999983],[-52.19822819999996,-26.79560689999994],[-52.18586949999997,-26.826130999999975],[-52.20435399999997,-26.866746099999943]]]}},{"id":"4397","type":"Feature","properties":{"COD_IBGE":"4205357","MUNICIPIO":"Flor do Sertão","UF":"SC"},"geometry":{"type":"Polygon","coordinates":[[[-53.38935369999996,-26.766011999999932],[-53.35744619999997,-26.76323659999997],[-53.366551699999945,-26.749396899999965],[-53.349915599999974,-26.754487599999948],[-53.35299239999995,-26.73011429999997],[-53.32751239999993,-26.74720489999993],[-53.335094599999934,-26.735758199999964],[-53.325106999999946,-26.73390109999997],[-53.34439779999997,-26.72118789999996],[-53.33624009999994,-26.713052199999936],[-53.33816729999995,-26.720575099999962],[-53.33061859999998,-26.721703799999943],[-53.325230199999964,-26.702793799999938],[-53.30389259999998,-26.73044509999994],[-53.29600739999995,-26.727034699999933],[-53.28700719999995,-26.735340599999972],[-53.30555209999994,-26.765624899999978],[-53.29778639999995,-26.76867199999998],[-53.29569799999996,-26.784487199999944],[-53.319984499999975,-26.794084599999962],[-53.33734799999996,-26.786665899999946],[-53.33557749999994,-26.79590989999997],[-53.39281099999994,-26.809548699999937],[-53.39573739999997,-26.789280299999973],[-53.378744799999936,-26.792497199999957],[-53.375850999999955,-26.78263549999997],[-53.38554609999994,-26.78399879999995],[-53.38935369999996,-26.766011999999932]]]}},{"id":"4398","type":"Feature","properties":{"COD_IBGE":"4205407","MUNICIPIO":"Florianópolis","UF":"SC"},"geometry":{"type":"MultiPolygon","coordinates":[[[[-48.48347229999996,-27.37828289999993],[-48.415774699999986,-27.380850899999928],[-48.41173459999993,-27.40499429999994],[-48.391388699999936,-27.435311599999977],[-48.372047899999984,-27.443941999999936],[-48.365381799999966,-27.43248879999993],[-48.358633399999974,-27.44021719999995],[-48.375584499999945,-27.459553099999937],[-48.375738199999944,-27.480620399999964],[-48.40030159999998,-27.49935869999996],[-48.42568719999997,-27.542034499999943],[-48.42827009999996,-27.568473899999958],[-48.41192189999998,-27.57310499999994],[-48.41921689999998,-27.59279799999996],[-48.427436899999975,-27.593983899999955],[-48.435783399999934,-27.60755329999995],[-48.43137639999998,-27.61615459999996],[-48.467303999999956,-27.651186499999937],[-48.48176449999994,-27.691720799999928],[-48.505534799999964,-27.724071699999968],[-48.50633359999995,-27.74748299999993],[-48.476517799999954,-27.763495599999942],[-48.47563619999994,-27.77041939999998],[-48.487710799999945,-27.775583299999937],[-48.48352579999994,-27.78526069999998],[-48.497897199999954,-27.79499489999995],[-48.50944199999998,-27.78190619999998],[-48.525139499999966,-27.78507419999994],[-48.54425859999998,-27.829864199999975],[-48.559653699999956,-27.839058199999954],[-48.56665789999994,-27.83389859999994],[-48.57663279999997,-27.84400599999998],[-48.57786349999998,-27.82309369999996],[-48.60198589999993,-27.78015149999993],[-48.587943999999936,-27.751375399999972],[-48.601617799999985,-27.71859619999998],[-48.60360919999994,-27.669561599999952],[-48.594293999999934,-27.642551999999966],[-48.613467399999934,-27.62093079999994],[-48.600626699999964,-27.57503349999996],[-48.56861079999993,-27.54668229999993],[-48.590784499999984,-27.48352509999995],[-48.58206069999994,-27.469087599999966],[-48.58427409999996,-27.45313479999993],[-48.54078549999997,-27.435839399999963],[-48.52627039999993,-27.40826199999998],[-48.48347229999996,-27.37828289999993]]],[[[-48.526706299999944,-27.830002299999933],[-48.530275899999936,-27.831995199999938],[-48.52790799999997,-27.82914829999993],[-48.526706299999944,-27.830002299999933]]],[[[-48.51877399999995,-27.834708999999975],[-48.52536729999997,-27.844357799999955],[-48.53031159999995,-27.843579399999953],[-48.527417699999944,-27.836795199999983],[-48.51877399999995,-27.834708999999975]]],[[[-48.51737739999993,-27.83457459999994],[-48.51796669999993,-27.835095299999978],[-48.51804199999998,-27.834648999999956],[-48.51737739999993,-27.83457459999994]]],[[[-48.355771199999936,-27.418793799999946],[-48.356336699999986,-27.419160999999974],[-48.35623089999996,-27.41851269999995],[-48.355771199999936,-27.418793799999946]]],[[[-48.36966479999995,-27.271066099999928],[-48.35947379999993,-27.27335709999994],[-48.356767899999966,-27.29965519999996],[-48.377098099999955,-27.28345989999997],[-48.36966479999995,-27.271066099999928]]],[[[-48.32997519999998,-27.27208859999996],[-48.334694499999955,-27.278683399999977],[-48.327940499999954,-27.268014499999936],[-48.32997519999998,-27.27208859999996]]],[[[-48.35467739999996,-27.41822769999993],[-48.35514759999995,-27.418622399999947],[-48.355281599999955,-27.418038199999955],[-48.35467739999996,-27.41822769999993]]],[[[-48.34943449999997,-27.439072499999952],[-48.34975769999994,-27.439053299999955],[-48.349499899999955,-27.43889839999997],[-48.34943449999997,-27.439072499999952]]],[[[-48.36632059999994,-27.423528999999974],[-48.367848899999956,-27.424906799999974],[-48.36745579999996,-27.422936899999968],[-48.36632059999994,-27.423528999999974]]],[[[-48.34875859999994,-27.439527299999952],[-48.34894849999995,-27.43992549999996],[-48.349139599999944,-27.439512899999954],[-48.34875859999994,-27.439527299999952]]],[[[-48.348690499999975,-27.44278799999995],[-48.34715789999996,-27.442745999999943],[-48.34734109999994,-27.444145899999967],[-48.348690499999975,-27.44278799999995]]],[[[-48.36068729999994,-27.487084599999946],[-48.365210099999956,-27.490409399999976],[-48.36547079999997,-27.490324399999963],[-48.36385579999995,-27.486661099999935],[-48.36068729999994,-27.487084599999946]]],[[[-48.35662589999998,-27.488979299999983],[-48.35561609999996,-27.48395389999996],[-48.35524579999998,-27.48399009999997],[-48.35662589999998,-27.488979299999983]]],[[[-48.50853429999995,-27.837910699999952],[-48.50142509999995,-27.83933049999996],[-48.50462829999998,-27.841314999999952],[-48.50853429999995,-27.837910699999952]]],[[[-48.391461499999934,-27.610229699999934],[-48.39211759999995,-27.610810399999934],[-48.39216779999998,-27.610370899999964],[-48.391461499999934,-27.610229699999934]]],[[[-48.38477059999997,-27.60737649999993],[-48.38672419999995,-27.612272599999983],[-48.38791709999998,-27.611674799999946],[-48.38477059999997,-27.60737649999993]]],[[[-48.38936329999996,-27.610676199999943],[-48.390024299999936,-27.610627799999975],[-48.389657399999976,-27.610188299999948],[-48.38936329999996,-27.610676199999943]]],[[[-48.46660639999993,-27.692154099999982],[-48.46392089999995,-27.70046569999994],[-48.468287299999986,-27.704641899999956],[-48.46660639999993,-27.692154099999982]]],[[[-48.44396369999998,-27.852925599999935],[-48.44453459999994,-27.85305059999996],[-48.44395199999997,-27.852727899999934],[-48.44396369999998,-27.852925599999935]]],[[[-48.429962399999965,-27.84355379999994],[-48.43154759999993,-27.847962699999982],[-48.434763299999986,-27.848395099999948],[-48.429962399999965,-27.84355379999994]]],[[[-48.43109169999997,-27.839253199999973],[-48.43137029999997,-27.839155799999958],[-48.43118459999994,-27.83906339999993],[-48.43109169999997,-27.839253199999973]]],[[[-48.43065679999995,-27.83967679999995],[-48.431380899999965,-27.840669799999944],[-48.43146599999994,-27.839874599999973],[-48.43065679999995,-27.83967679999995]]],[[[-48.43059309999995,-27.84191839999994],[-48.428921299999956,-27.842867599999977],[-48.43057189999996,-27.842669399999977],[-48.43059309999995,-27.84191839999994]]]]}},{"id":"4399","type":"Feature","properties":{"COD_IBGE":"4205431","MUNICIPIO":"Formosa do Sul","UF":"SC"},"geometry":{"type":"Polygon","coordinates":[[[-52.75782929999997,-26.587118999999973],[-52.726653699999986,-26.637554499999965],[-52.742368099999965,-26.638871799999947],[-52.74384669999995,-26.657953499999962],[-52.75806669999997,-26.677942499999972],[-52.775990099999945,-26.671977399999946],[-52.80244369999997,-26.686047499999972],[-52.83369729999998,-26.681698499999982],[-52.85465969999996,-26.654903599999955],[-52.846936599999935,-26.63074169999993],[-52.83346529999994,-26.63080169999995],[-52.85178419999994,-26.613093499999934],[-52.83962249999996,-26.60585759999998],[-52.83959519999996,-26.593009699999982],[-52.75782929999997,-26.587118999999973]]]}},{"id":"4400","type":"Feature","properties":{"COD_IBGE":"4205456","MUNICIPIO":"Forquilhinha","UF":"SC"},"geometry":{"type":"Polygon","coordinates":[[[-49.406701399999974,-28.738121599999943],[-49.43603139999993,-28.768013499999938],[-49.41989339999998,-28.787224999999978],[-49.41991319999994,-28.80724129999993],[-49.431996099999935,-28.827095799999938],[-49.44766709999993,-28.829887699999972],[-49.44584199999997,-28.841168099999948],[-49.45403929999998,-28.84596399999998],[-49.489683799999966,-28.844058899999936],[-49.489067699999964,-28.850180999999964],[-49.50619109999997,-28.848795999999936],[-49.50678629999993,-28.856894099999977],[-49.51711459999996,-28.85775289999998],[-49.534890099999984,-28.829232899999965],[-49.54398009999994,-28.829440999999974],[-49.57286929999998,-28.803352099999984],[-49.595429999999965,-28.802036999999928],[-49.59551159999995,-28.77577489999993],[-49.58618199999995,-28.775729999999953],[-49.58561099999997,-28.76371199999994],[-49.571749799999964,-28.763592199999948],[-49.57091779999996,-28.750194999999962],[-49.52667829999996,-28.751049999999964],[-49.51284139999996,-28.72091169999993],[-49.47629029999996,-28.723655399999927],[-49.47653319999995,-28.712749499999973],[-49.423180299999956,-28.71286029999993],[-49.406701399999974,-28.738121599999943]]]}},{"id":"4401","type":"Feature","properties":{"COD_IBGE":"4205506","MUNICIPIO":"Fraiburgo","UF":"SC"},"geometry":{"type":"Polygon","coordinates":[[[-50.733568599999955,-27.122643299999936],[-50.78426579999996,-27.118231099999946],[-50.828414399999986,-27.158911899999964],[-50.82390669999995,-27.171438799999976],[-50.83984859999998,-27.185076099999947],[-50.84644259999993,-27.157478199999957],[-50.871268199999975,-27.153219399999955],[-50.88058589999997,-27.126575899999978],[-50.937806499999965,-27.118806699999936],[-50.952670799999964,-27.132590599999958],[-50.98672409999995,-27.13164359999996],[-50.99763059999998,-27.138247399999955],[-51.01344339999997,-27.112833199999955],[-50.99306679999995,-27.109253499999966],[-50.99263139999994,-27.098069299999963],[-50.98324119999995,-27.097880799999928],[-50.98402859999993,-27.088810999999964],[-50.97074719999995,-27.077577899999937],[-50.96826359999994,-27.050531599999943],[-50.97610759999998,-27.037244699999974],[-51.006007599999975,-27.035190799999953],[-51.01437039999996,-27.004444499999977],[-51.04969159999996,-26.98191449999996],[-51.03749529999993,-26.980359299999975],[-51.031845799999985,-26.97101699999996],[-51.02530749999994,-26.98019199999993],[-50.98624319999993,-26.979209399999945],[-50.982343399999934,-26.971766199999934],[-50.99033719999994,-26.961752199999978],[-50.84248469999994,-26.872369899999967],[-50.83835659999994,-26.902494799999943],[-50.84798839999996,-26.92317019999996],[-50.834009299999934,-26.941748099999984],[-50.83361679999996,-26.967326899999932],[-50.82227579999994,-26.97714549999995],[-50.82505869999994,-26.990201799999966],[-50.79766129999996,-26.998260699999946],[-50.80329939999996,-27.006003499999963],[-50.79734199999996,-27.013835599999936],[-50.78872739999997,-27.00938979999995],[-50.79122979999994,-27.003824299999962],[-50.78133239999994,-27.003582999999935],[-50.784700199999975,-26.99810739999998],[-50.776534399999946,-26.999647099999947],[-50.78151479999997,-26.991888899999935],[-50.76705069999997,-26.998846999999955],[-50.76351829999993,-26.988390099999947],[-50.761483099999964,-27.00116799999995],[-50.746637599999985,-26.998839199999964],[-50.75036559999995,-27.00976469999995],[-50.733245099999976,-27.01763079999995],[-50.73570149999995,-27.025409999999965],[-50.74733169999996,-27.027709899999934],[-50.750828499999955,-27.031559999999956],[-50.73218459999998,-27.03359919999997],[-50.72077359999997,-27.059426799999983],[-50.731200799999954,-27.05681199999998],[-50.73447299999998,-27.06804489999996],[-50.713297299999965,-27.08538379999993],[-50.72252069999996,-27.091190499999982],[-50.720664399999976,-27.09816019999994],[-50.70779819999996,-27.10077979999994],[-50.71893369999998,-27.109941799999945],[-50.70674249999996,-27.117772799999955],[-50.71634979999993,-27.134479599999963],[-50.697045799999955,-27.134651899999938],[-50.72033049999993,-27.137903499999936],[-50.733568599999955,-27.122643299999936]]]}},{"id":"4402","type":"Feature","properties":{"COD_IBGE":"4205555","MUNICIPIO":"Frei Rogério","UF":"SC"},"geometry":{"type":"Polygon","coordinates":[[[-50.828414399999986,-27.158911899999964],[-50.78426579999996,-27.118231099999946],[-50.73561149999995,-27.120383299999958],[-50.72092319999996,-27.137691399999937],[-50.699162899999976,-27.136816099999976],[-50.70998769999994,-27.144884699999977],[-50.71203349999996,-27.150715399999967],[-50.68123639999993,-27.15681959999995],[-50.70234879999998,-27.189005099999974],[-50.73039449999993,-27.20246819999994],[-50.722447399999965,-27.223264599999936],[-50.741031299999975,-27.225858899999935],[-50.72774999999996,-27.254627699999958],[-50.74545029999996,-27.248630599999956],[-50.75922989999998,-27.25910129999994],[-50.75707049999994,-27.268920999999978],[-50.738364299999944,-27.270352299999956],[-50.731611999999984,-27.279366899999957],[-50.74180099999995,-27.28670779999993],[-50.766841699999986,-27.28101429999998],[-50.76535299999995,-27.30565059999998],[-50.77910989999998,-27.29246919999997],[-50.77674239999993,-27.267650499999945],[-50.799446399999965,-27.263236099999972],[-50.78729889999994,-27.251509099999964],[-50.81121839999997,-27.237906599999974],[-50.80824119999994,-27.23052679999995],[-50.820740599999965,-27.229475599999944],[-50.817508499999974,-27.208622999999932],[-50.82612169999993,-27.204140799999948],[-50.82607589999998,-27.191615299999967],[-50.838662699999986,-27.18579989999995],[-50.82390669999995,-27.171438799999976],[-50.828414399999986,-27.158911899999964]]]}},{"id":"4403","type":"Feature","properties":{"COD_IBGE":"4205605","MUNICIPIO":"Galvão","UF":"SC"},"geometry":{"type":"Polygon","coordinates":[[[-52.59107759999995,-26.45450089999997],[-52.600396599999954,-26.475274799999966],[-52.61100579999999,-26.47724969999996],[-52.60666999999995,-26.487542299999973],[-52.63030119999996,-26.499176499999976],[-52.67131919999997,-26.48291039999998],[-52.695331599999975,-26.49176559999995],[-52.68528939999993,-26.500216099999932],[-52.74502329999996,-26.505880899999966],[-52.75629989999993,-26.49821099999997],[-52.74581519999998,-26.499694199999965],[-52.74772679999995,-26.490388399999972],[-52.737548699999934,-26.490287299999977],[-52.74634099999997,-26.485906899999975],[-52.73904929999998,-26.47958699999998],[-52.746594899999934,-26.478557399999943],[-52.73873419999995,-26.46937749999995],[-52.74412739999997,-26.46413309999997],[-52.72519349999993,-26.457783399999983],[-52.727958299999955,-26.437817999999936],[-52.71543769999994,-26.435432399999968],[-52.70710359999998,-26.422115899999937],[-52.68851579999995,-26.422458399999982],[-52.69429859999997,-26.415156399999944],[-52.68770319999993,-26.41048889999996],[-52.670709099999954,-26.411942799999963],[-52.663565999999946,-26.401746799999955],[-52.667249399999946,-26.394051099999956],[-52.64879719999993,-26.37890299999998],[-52.60265209999994,-26.415420299999937],[-52.58019459999997,-26.408341399999983],[-52.567145799999935,-26.409408499999984],[-52.55939569999998,-26.40753479999995],[-52.55696359999996,-26.40775629999996],[-52.58355489999997,-26.435603199999946],[-52.58018619999996,-26.455583899999965],[-52.59107759999995,-26.45450089999997]]]}},{"id":"4404","type":"Feature","properties":{"COD_IBGE":"4205704","MUNICIPIO":"Garopaba","UF":"SC"},"geometry":{"type":"MultiPolygon","coordinates":[[[[-48.61110009999993,-28.063060899999982],[-48.63186259999998,-28.085050999999964],[-48.637080099999935,-28.105235799999946],[-48.63113729999998,-28.11147989999995],[-48.66687049999996,-28.11772609999997],[-48.67858849999993,-28.10557929999993],[-48.701534299999935,-28.102270199999964],[-48.70850569999993,-28.063462899999934],[-48.72512679999994,-28.05790909999996],[-48.69666979999994,-28.012737199999947],[-48.68750019999993,-28.019150799999977],[-48.68070749999998,-28.006134799999984],[-48.67178739999997,-28.007543399999975],[-48.65660479999997,-27.988189899999952],[-48.65501189999998,-27.97132629999993],[-48.620912299999986,-27.944891799999937],[-48.630908499999975,-28.006519799999978],[-48.62136659999993,-28.021211799999946],[-48.60873829999997,-28.016362699999945],[-48.59777379999997,-28.030135299999984],[-48.60973569999993,-28.04157669999995],[-48.61110009999993,-28.063060899999982]]],[[[-48.61651809999995,-27.98689559999997],[-48.61845949999997,-27.98768359999997],[-48.61690649999997,-27.986162699999966],[-48.61651809999995,-27.98689559999997]]],[[[-48.59961759999993,-28.035303399999975],[-48.600069099999985,-28.03543929999995],[-48.599874099999965,-28.035212899999976],[-48.59961759999993,-28.035303399999975]]],[[[-48.62938409999998,-28.08887599999997],[-48.630089099999964,-28.088304199999982],[-48.629569999999944,-28.088209499999948],[-48.62938409999998,-28.08887599999997]]],[[[-48.62969489999995,-28.089634599999954],[-48.63014889999994,-28.08946519999995],[-48.62964779999993,-28.08940949999993],[-48.62969489999995,-28.089634599999954]]],[[[-48.62797299999994,-28.10261429999997],[-48.62863639999995,-28.10289249999994],[-48.62790189999998,-28.102063699999974],[-48.62797299999994,-28.10261429999997]]],[[[-48.62700239999998,-28.102460399999984],[-48.62671259999996,-28.101475799999946],[-48.626301499999954,-28.102009299999963],[-48.62700239999998,-28.102460399999984]]],[[[-48.62592499999994,-28.102426999999977],[-48.625963799999965,-28.10214849999994],[-48.625732599999935,-28.10223949999994],[-48.62592499999994,-28.102426999999977]]]]}},{"id":"4405","type":"Feature","properties":{"COD_IBGE":"4205803","MUNICIPIO":"Garuva","UF":"SC"},"geometry":{"type":"Polygon","coordinates":[[[-48.82275389999995,-26.12021379999993],[-48.975178599999936,-26.125242699999944],[-49.04608539999998,-26.11203039999998],[-49.04608899999994,-26.089626599999974],[-49.05738549999995,-26.075351799999964],[-49.052034799999944,-26.028001399999937],[-49.03522829999997,-26.00952899999993],[-48.99719239999996,-26.02829429999997],[-48.958100299999955,-26.02053989999996],[-48.96245959999993,-26.003146399999935],[-48.94973719999996,-25.990638599999954],[-48.96047839999994,-25.980799799999943],[-48.68189829999994,-25.983681599999954],[-48.71160789999993,-26.00757169999997],[-48.70868019999995,-26.022918199999935],[-48.71899689999998,-26.030249499999968],[-48.716858599999966,-26.043887199999972],[-48.701139599999976,-26.05444099999994],[-48.70683189999994,-26.070218299999965],[-48.69229789999997,-26.08261049999993],[-48.69729529999995,-26.09207079999993],[-48.74498229999995,-26.116591899999946],[-48.74195389999994,-26.12748309999995],[-48.78365139999994,-26.153065699999956],[-48.793721999999946,-26.131631399999947],[-48.81742559999998,-26.12878809999995],[-48.82275389999995,-26.12021379999993]]]}},{"id":"4406","type":"Feature","properties":{"COD_IBGE":"4205902","MUNICIPIO":"Gaspar","UF":"SC"},"geometry":{"type":"Polygon","coordinates":[[[-48.84319389999996,-26.96362419999997],[-48.865769599999965,-27.00344359999997],[-48.87900799999994,-26.999122399999976],[-48.93449719999995,-27.02785149999994],[-48.96190009999998,-27.020500099999936],[-48.98852279999994,-27.03766379999996],[-49.009623199999965,-27.03814159999996],[-49.02190049999996,-27.050394799999935],[-49.03995749999996,-27.043440199999964],[-49.06203979999998,-27.058965199999932],[-49.06576519999993,-27.042959999999937],[-49.05333759999996,-27.03014749999994],[-49.056580699999984,-26.993315699999982],[-49.041974799999934,-26.985995499999945],[-49.04113239999998,-26.976929499999983],[-49.057490299999984,-26.954743599999972],[-49.02846939999995,-26.93516619999997],[-49.02968519999996,-26.92238949999995],[-49.01209049999994,-26.90561729999996],[-49.04437189999993,-26.877601699999957],[-49.038704999999936,-26.839033099999938],[-49.04910289999998,-26.824569399999973],[-49.044659999999965,-26.813818699999956],[-49.055101599999944,-26.78189939999993],[-49.045709099999954,-26.77599429999998],[-49.02994189999998,-26.778545899999983],[-49.02147919999993,-26.789030199999956],[-49.00135679999994,-26.78587319999997],[-49.000484599999936,-26.802706199999932],[-48.97747579999998,-26.82047069999993],[-48.98243259999998,-26.829079599999943],[-48.93575279999993,-26.84255719999993],[-48.89687349999997,-26.88837929999994],[-48.874549499999944,-26.89624239999995],[-48.864768899999945,-26.90986259999994],[-48.84645739999996,-26.906799699999965],[-48.85378829999996,-26.917066099999943],[-48.84319389999996,-26.96362419999997]]]}},{"id":"4407","type":"Feature","properties":{"COD_IBGE":"4206009","MUNICIPIO":"Governador Celso Ramos","UF":"SC"},"geometry":{"type":"MultiPolygon","coordinates":[[[[-48.564258999999936,-27.308462599999928],[-48.56374279999994,-27.31552879999998],[-48.55388069999998,-27.314323199999933],[-48.551559399999974,-27.304385199999956],[-48.53954649999997,-27.298738899999933],[-48.53812489999996,-27.32542529999995],[-48.52334309999998,-27.33405689999995],[-48.53696889999998,-27.357958999999937],[-48.52543919999994,-27.37668439999993],[-48.53435639999998,-27.383498199999963],[-48.52627039999993,-27.40826199999998],[-48.54078549999997,-27.435839399999963],[-48.58494029999997,-27.454820199999972],[-48.60802639999997,-27.434536899999955],[-48.59807929999994,-27.401224299999967],[-48.62925859999996,-27.402929399999948],[-48.63295929999998,-27.347234899999933],[-48.62711589999998,-27.32486679999994],[-48.594240199999945,-27.31588499999998],[-48.58501849999993,-27.31985629999997],[-48.564258999999936,-27.308462599999928]]],[[[-48.53261289999995,-27.306086799999946],[-48.528233899999975,-27.305258299999934],[-48.530195299999946,-27.30785019999996],[-48.53261289999995,-27.306086799999946]]],[[[-48.52565099999998,-27.328097899999932],[-48.524301599999944,-27.328503699999942],[-48.52463249999994,-27.329128599999933],[-48.52565099999998,-27.328097899999932]]],[[[-48.52535419999998,-27.329013799999927],[-48.52569699999998,-27.330491499999937],[-48.52692119999995,-27.33041019999996],[-48.52535419999998,-27.329013799999927]]]]}},{"id":"4408","type":"Feature","properties":{"COD_IBGE":"4206108","MUNICIPIO":"Grão-Pará","UF":"SC"},"geometry":{"type":"Polygon","coordinates":[[[-49.22294299999999,-28.23647429999994],[-49.302493099999936,-28.252523699999983],[-49.31532999999996,-28.241767299999935],[-49.348847099999944,-28.238417599999934],[-49.395775199999946,-28.193590899999947],[-49.39783169999998,-28.15824809999998],[-49.41403019999996,-28.148973099999978],[-49.42987429999994,-28.150598499999944],[-49.44176699999997,-28.12815779999994],[-49.432304399999964,-28.113853399999982],[-49.39273419999995,-28.111636499999975],[-49.38855719999998,-28.10075649999993],[-49.40108419999996,-28.09834449999994],[-49.40405519999996,-28.080281699999944],[-49.396577699999966,-28.08114009999997],[-49.39150979999994,-28.068253899999945],[-49.36758949999995,-28.06219939999994],[-49.37110339999998,-28.045662999999934],[-49.35367169999995,-28.026586599999973],[-49.347065999999984,-28.005236199999956],[-49.35329729999995,-28.00097549999998],[-49.329382599999974,-27.98379529999994],[-49.32330829999995,-27.983411899999965],[-49.32236679999994,-27.983752699999968],[-49.327250299999946,-27.997652999999957],[-49.33606119999996,-27.996251599999937],[-49.34080379999995,-28.024128099999928],[-49.30747549999995,-28.056054899999936],[-49.29668099999998,-28.10417419999993],[-49.26793169999996,-28.112263999999982],[-49.24300699999998,-28.158272099999976],[-49.21641869999996,-28.163404999999955],[-49.198825399999976,-28.154529399999944],[-49.188747399999954,-28.17828439999994],[-49.200172399999985,-28.197301899999957],[-49.19822709999994,-28.227573699999937],[-49.17445329999998,-28.254910799999948],[-49.18125859999998,-28.26499769999998],[-49.18328329999997,-28.25148189999993],[-49.19357739999998,-28.254349299999944],[-49.22294299999999,-28.23647429999994]]]}},{"id":"4409","type":"Feature","properties":{"COD_IBGE":"4206207","MUNICIPIO":"Gravatal","UF":"SC"},"geometry":{"type":"Polygon","coordinates":[[[-49.010707999999966,-28.416882099999953],[-49.02533469999997,-28.397284599999978],[-49.04514169999993,-28.403969699999948],[-49.06371829999995,-28.391278799999952],[-49.07071079999997,-28.396604099999934],[-49.10572369999994,-28.357098399999984],[-49.10074559999998,-28.33526889999996],[-49.08222699999993,-28.32197119999995],[-49.091187599999955,-28.30296889999994],[-49.07874319999996,-28.27380679999993],[-49.07038659999995,-28.294528499999956],[-49.04543649999994,-28.29184799999996],[-49.037620499999946,-28.30424679999993],[-49.022370799999976,-28.298263299999974],[-49.01653529999993,-28.30570659999995],[-48.99279399999995,-28.298390599999948],[-48.975516899999946,-28.306839999999966],[-48.96664389999995,-28.319171799999936],[-48.954612199999985,-28.318960699999934],[-48.94964299999998,-28.34206839999996],[-48.942472599999974,-28.34305139999998],[-48.947978699999965,-28.360018599999933],[-48.93388159999995,-28.36494659999994],[-48.93843919999995,-28.373016899999982],[-48.93258629999997,-28.381486499999937],[-48.97904379999994,-28.421964599999967],[-49.010707999999966,-28.416882099999953]]]}},{"id":"4410","type":"Feature","properties":{"COD_IBGE":"4206306","MUNICIPIO":"Guabiruba","UF":"SC"},"geometry":{"type":"Polygon","coordinates":[[[-49.022126499999956,-27.05041769999997],[-48.96186559999995,-27.020492699999977],[-48.93449719999995,-27.02785149999994],[-48.92831179999996,-27.042875099999947],[-48.939033999999936,-27.052838399999928],[-48.93580629999997,-27.060973799999942],[-48.950361199999975,-27.06990049999996],[-48.945741199999986,-27.08367629999998],[-48.95527849999996,-27.106784799999957],[-48.979646799999955,-27.122633399999984],[-48.97588049999996,-27.146054599999957],[-48.98324189999994,-27.13920909999996],[-48.99866089999995,-27.147488899999928],[-49.021432699999934,-27.14460399999996],[-49.01431269999995,-27.15012969999998],[-49.022455699999966,-27.160496199999955],[-49.00863659999993,-27.16977259999993],[-49.02458569999993,-27.17398739999993],[-49.027179399999966,-27.201884899999982],[-49.04606249999995,-27.174110499999983],[-49.095184899999936,-27.168029799999942],[-49.10383889999997,-27.13843829999996],[-49.13906259999993,-27.139513999999963],[-49.12885109999996,-27.122090999999955],[-49.11737429999994,-27.12448429999995],[-49.10307849999998,-27.115017999999964],[-49.07899219999996,-27.121181999999976],[-49.05784309999996,-27.09757879999995],[-49.056051099999934,-27.05853369999994],[-49.03995749999996,-27.043440199999964],[-49.022126499999956,-27.05041769999997]]]}},{"id":"4411","type":"Feature","properties":{"COD_IBGE":"4206405","MUNICIPIO":"Guaraciaba","UF":"SC"},"geometry":{"type":"Polygon","coordinates":[[[-53.49499719999994,-26.659750799999983],[-53.55260279999993,-26.645087699999976],[-53.56954049999996,-26.655718399999955],[-53.58540369999997,-26.649921199999937],[-53.60778799999997,-26.65856089999994],[-53.63166039999999,-26.628912299999968],[-53.62320119999998,-26.61487919999996],[-53.64437419999996,-26.604312999999934],[-53.63306979999999,-26.591597099999944],[-53.64797109999995,-26.582668299999966],[-53.653148199999976,-26.59044259999996],[-53.675190499999985,-26.579057999999975],[-53.685679999999934,-26.57861289999994],[-53.68876469999998,-26.58701519999994],[-53.699914999999976,-26.580819299999973],[-53.697284199999956,-26.590667699999983],[-53.71391769999997,-26.59572869999994],[-53.70353879999993,-26.59832169999993],[-53.71118829999995,-26.606788199999983],[-53.721001599999965,-26.59683519999993],[-53.72704889999994,-26.603429199999937],[-53.73326249999997,-26.586945899999932],[-53.725371999999936,-26.589856399999974],[-53.72318469999993,-26.563196699999935],[-53.707968499999936,-26.560376099999928],[-53.71360409999994,-26.556570199999953],[-53.73643969999995,-26.566831999999977],[-53.72568159999997,-26.554161999999963],[-53.74223219999993,-26.544384099999945],[-53.72361339999998,-26.542569499999956],[-53.71909909999994,-26.534595199999956],[-53.70676329999998,-26.54543309999997],[-53.714444499999956,-26.531058299999984],[-53.71043229999998,-26.524609399999974],[-53.70430349999998,-26.536521499999935],[-53.700829399999975,-26.529330999999956],[-53.70813599999997,-26.514271099999974],[-53.69835009999997,-26.51211569999998],[-53.69593749999996,-26.520109799999943],[-53.68702959999996,-26.51210949999995],[-53.68806019999994,-26.50026839999998],[-53.674229699999955,-26.511472199999957],[-53.67157359999993,-26.50460229999993],[-53.637523499999986,-26.51625999999993],[-53.636625599999945,-26.526067099999977],[-53.58133809999998,-26.515570599999933],[-53.58096649999993,-26.52583999999996],[-53.56383359999995,-26.53005399999995],[-53.49410009999997,-26.516939799999932],[-53.47060109999995,-26.54733829999998],[-53.45257429999998,-26.55391899999995],[-53.45842739999995,-26.56646089999998],[-53.44783679999995,-26.563611399999957],[-53.43218779999995,-26.574648199999956],[-53.445151099999975,-26.58580699999993],[-53.45619859999994,-26.583001899999942],[-53.44173479999995,-26.59264589999998],[-53.428937099999985,-26.583699399999944],[-53.43676369999997,-26.60896359999998],[-53.42925279999997,-26.614244699999972],[-53.424897999999985,-26.603559099999927],[-53.41294409999995,-26.60697159999995],[-53.43198549999994,-26.620498899999973],[-53.42873559999998,-26.626458999999954],[-53.447243399999934,-26.627728099999956],[-53.447496599999965,-26.634396699999968],[-53.47705549999995,-26.64374239999995],[-53.49499719999994,-26.659750799999983]]]}},{"id":"4412","type":"Feature","properties":{"COD_IBGE":"4206504","MUNICIPIO":"Guaramirim","UF":"SC"},"geometry":{"type":"Polygon","coordinates":[[[-48.90721999999994,-26.497924299999966],[-48.87196449999993,-26.53640809999996],[-48.85803009999995,-26.541318199999978],[-48.85193609999993,-26.52913529999995],[-48.84376929999996,-26.532196099999965],[-48.83913179999996,-26.525513199999978],[-48.83197459999997,-26.545026399999983],[-48.84794979999998,-26.543772499999932],[-48.859969999999976,-26.562511299999983],[-48.87817679999995,-26.563571599999932],[-48.88167219999997,-26.55249639999994],[-48.890570099999934,-26.553714699999944],[-48.89918869999997,-26.54205879999995],[-48.927900799999975,-26.53965599999998],[-48.97815819999994,-26.57337549999994],[-49.01157999999998,-26.572760399999936],[-49.01905229999994,-26.533638699999983],[-49.04452349999997,-26.535870199999977],[-49.05089749999996,-26.52614909999994],[-49.05078159999994,-26.515367099999935],[-49.02270359999994,-26.517025399999966],[-49.016651399999944,-26.506693199999972],[-49.02828679999993,-26.488092199999983],[-49.01477629999994,-26.480812799999967],[-49.03210489999998,-26.47654179999995],[-49.033713499999976,-26.46213599999993],[-49.02034379999998,-26.45463619999998],[-48.98430469999994,-26.456460599999957],[-48.984691699999985,-26.43715949999995],[-49.007398499999965,-26.439562099999932],[-49.02004519999997,-26.41755749999993],[-49.00311839999995,-26.398447499999975],[-49.00360959999995,-26.389125599999943],[-48.97496049999995,-26.395311299999946],[-48.93049849999994,-26.421209099999942],[-48.92427809999998,-26.416133899999977],[-48.923263599999984,-26.379878599999984],[-48.906197299999974,-26.373507399999937],[-48.87680819999997,-26.380628399999978],[-48.839128899999935,-26.440660199999968],[-48.875000399999976,-26.44886649999995],[-48.86903319999993,-26.45866669999998],[-48.88169129999994,-26.45780039999994],[-48.88041539999995,-26.477578799999947],[-48.896085899999946,-26.477882299999976],[-48.905971499999964,-26.490314799999965],[-48.89769439999998,-26.496357699999976],[-48.90721999999994,-26.497924299999966]]]}},{"id":"4413","type":"Feature","properties":{"COD_IBGE":"4206603","MUNICIPIO":"Guarujá do Sul","UF":"SC"},"geometry":{"type":"Polygon","coordinates":[[[-53.52646599999997,-26.432138099999975],[-53.585981799999956,-26.40984659999998],[-53.575576299999966,-26.40912119999996],[-53.580741399999965,-26.402490599999965],[-53.56706899999995,-26.39362799999998],[-53.56043989999995,-26.374954299999956],[-53.39282799999995,-26.36673069999995],[-53.405422499999986,-26.37905189999998],[-53.39586409999998,-26.384391199999982],[-53.39870769999993,-26.39108209999995],[-53.408547099999964,-26.391030199999932],[-53.40150209999996,-26.408033399999965],[-53.414728399999944,-26.41619559999998],[-53.40203789999998,-26.432041399999946],[-53.43259629999994,-26.432756499999982],[-53.45217549999995,-26.423902899999973],[-53.46507239999994,-26.405913599999963],[-53.46874239999994,-26.42181249999993],[-53.49343289999996,-26.428325299999983],[-53.52646599999997,-26.432138099999975]]]}},{"id":"4414","type":"Feature","properties":{"COD_IBGE":"4206652","MUNICIPIO":"Guatambú","UF":"SC"},"geometry":{"type":"Polygon","coordinates":[[[-52.73207919999999,-27.084334699999943],[-52.70691949999997,-27.09636219999993],[-52.70600609999997,-27.10417529999995],[-52.72299389999995,-27.137566299999946],[-52.722077199999944,-27.15309579999996],[-52.73488609999998,-27.167237899999975],[-52.74968779999995,-27.169777499999952],[-52.74882309999998,-27.19047809999995],[-52.77428149999997,-27.18618159999994],[-52.78680229999998,-27.193390999999963],[-52.785514699999965,-27.20601979999998],[-52.81564679999997,-27.202371399999947],[-52.84346809999994,-27.209577899999942],[-52.84307849999993,-27.178525499999978],[-52.85216559999998,-27.16856759999996],[-52.83819749999998,-27.157198299999948],[-52.84474319999998,-27.147287999999946],[-52.83662899999996,-27.146825899999953],[-52.835884799999974,-27.136626599999943],[-52.84825959999995,-27.13720239999998],[-52.85905299999996,-27.127543799999955],[-52.84997019999997,-27.122751999999934],[-52.84829499999995,-27.108097999999927],[-52.82914019999998,-27.10675139999995],[-52.84462559999997,-27.048816099999954],[-52.82732749999997,-27.043289999999956],[-52.77923119999997,-27.053086399999984],[-52.762666999999965,-27.015540199999975],[-52.74050459999995,-27.011093199999948],[-52.72185189999993,-27.040090199999952],[-52.734286399999974,-27.058344499999976],[-52.73207919999999,-27.084334699999943]]]}},{"id":"4415","type":"Feature","properties":{"COD_IBGE":"4206702","MUNICIPIO":"Herval d'Oeste","UF":"SC"},"geometry":{"type":"Polygon","coordinates":[[[-51.45289199999996,-27.23897489999996],[-51.46667299999996,-27.221061599999928],[-51.476851299999964,-27.237297499999954],[-51.50250619999997,-27.233804199999952],[-51.52967579999995,-27.245393899999954],[-51.540542699999946,-27.23646089999994],[-51.53061889999998,-27.22377769999997],[-51.53592709999998,-27.203906399999937],[-51.51135039999997,-27.20705339999995],[-51.501121499999954,-27.17334589999996],[-51.48057149999994,-27.162698999999975],[-51.47586689999997,-27.13400029999997],[-51.44140619999996,-27.13384099999996],[-51.42264499999993,-27.113594599999942],[-51.388767299999984,-27.14615569999995],[-51.34651779999996,-27.158567699999935],[-51.34600329999995,-27.170212599999957],[-51.28075689999997,-27.212947699999972],[-51.31365269999998,-27.240791099999967],[-51.312234599999954,-27.25173549999994],[-51.33475239999996,-27.264055999999982],[-51.41337439999995,-27.231220099999973],[-51.433720499999936,-27.241750699999955],[-51.45289199999996,-27.23897489999996]]]}},{"id":"4416","type":"Feature","properties":{"COD_IBGE":"4206751","MUNICIPIO":"Ibiam","UF":"SC"},"geometry":{"type":"Polygon","coordinates":[[[-51.22034069999995,-27.23648799999995],[-51.25758899999994,-27.233653799999956],[-51.277808799999946,-27.220064799999932],[-51.280593599999975,-27.19961879999994],[-51.32042089999993,-27.168405099999973],[-51.32146769999997,-27.151376899999946],[-51.29443639999994,-27.161811399999976],[-51.25965729999996,-27.13664529999994],[-51.233397699999955,-27.13893859999996],[-51.22870769999997,-27.16223549999995],[-51.21101459999994,-27.159253099999944],[-51.19413909999997,-27.17045059999998],[-51.17417459999996,-27.205367999999964],[-51.153764199999955,-27.22034089999994],[-51.13114849999994,-27.218455999999946],[-51.112670599999944,-27.239660799999967],[-51.120581399999935,-27.253786799999943],[-51.14455299999997,-27.261009899999976],[-51.14302209999994,-27.269217699999956],[-51.15891719999996,-27.28746119999994],[-51.21005669999994,-27.25999889999997],[-51.22034069999995,-27.23648799999995]]]}},{"id":"4417","type":"Feature","properties":{"COD_IBGE":"4206801","MUNICIPIO":"Ibicaré","UF":"SC"},"geometry":{"type":"Polygon","coordinates":[[[-51.388767299999984,-27.14615569999995],[-51.42012089999997,-27.113746899999967],[-51.436377999999934,-27.116007499999967],[-51.42679629999998,-27.08098609999996],[-51.43557699999997,-27.08202529999994],[-51.429688099999964,-27.07483659999997],[-51.43510329999998,-27.064831199999958],[-51.436021299999936,-27.070947799999942],[-51.45899459999998,-27.07143999999994],[-51.449798699999974,-27.067702399999973],[-51.46002979999997,-27.055561499999953],[-51.46223299999997,-27.027689599999974],[-51.42073549999998,-27.039129199999934],[-51.34531549999997,-27.039954299999977],[-51.33336729999996,-27.01864329999995],[-51.31754939999996,-27.018807599999946],[-51.317672899999934,-27.044246899999962],[-51.293299899999965,-27.06184589999998],[-51.31951799999996,-27.077057399999944],[-51.33796369999993,-27.132154899999932],[-51.32150919999998,-27.150797599999976],[-51.320459599999936,-27.16835889999993],[-51.30118299999998,-27.17840979999994],[-51.27717749999994,-27.20901649999996],[-51.28075689999997,-27.212947699999972],[-51.34600329999995,-27.170212599999957],[-51.34651779999996,-27.158567699999935],[-51.388767299999984,-27.14615569999995]]]}},{"id":"4418","type":"Feature","properties":{"COD_IBGE":"4206900","MUNICIPIO":"Ibirama","UF":"SC"},"geometry":{"type":"Polygon","coordinates":[[[-49.48439949999994,-26.937408499999947],[-49.46525859999997,-26.940137499999935],[-49.460960399999976,-26.95250729999998],[-49.46750719999994,-27.044770599999936],[-49.47321729999993,-27.044344399999943],[-49.46617809999998,-27.058049799999935],[-49.47113609999997,-27.068761999999936],[-49.45636949999994,-27.083848199999977],[-49.458187099999975,-27.100698199999954],[-49.48785319999996,-27.080267899999967],[-49.517506699999956,-27.08041129999998],[-49.50009989999995,-27.107409099999984],[-49.51808689999996,-27.113625599999978],[-49.517808299999956,-27.135854999999935],[-49.54527809999996,-27.11519979999997],[-49.57796239999993,-27.128543299999933],[-49.593614199999934,-27.12720509999997],[-49.58804299999997,-27.11716199999995],[-49.59518849999995,-27.11260859999993],[-49.59468769999995,-27.097815399999945],[-49.57599079999994,-27.079794599999957],[-49.58639949999997,-27.065981199999953],[-49.60114359999994,-27.01102359999993],[-49.58150589999997,-27.002206599999965],[-49.57896699999998,-26.956278999999938],[-49.544467699999984,-26.913379299999974],[-49.54384479999993,-26.892001299999947],[-49.51229069999994,-26.907433399999945],[-49.50747659999996,-26.92076579999997],[-49.48439949999994,-26.937408499999947]]]}},{"id":"4419","type":"Feature","properties":{"COD_IBGE":"4207007","MUNICIPIO":"Içara","UF":"SC"},"geometry":{"type":"Polygon","coordinates":[[[-49.33256389999997,-28.67919489999997],[-49.21289959999996,-28.670763499999964],[-49.193722899999955,-28.684125799999947],[-49.17596619999995,-28.68453519999997],[-49.17618109999995,-28.72282299999995],[-49.20354249999997,-28.74790799999994],[-49.19532929999997,-28.756522599999983],[-49.20721629999997,-28.76291729999997],[-49.20498859999998,-28.77657819999996],[-49.21371769999996,-28.769005999999933],[-49.24048839999995,-28.777482299999974],[-49.25364069999995,-28.802467599999943],[-49.32961859999995,-28.864927399999942],[-49.35149169999994,-28.855174099999942],[-49.35708829999993,-28.755330899999933],[-49.33546529999995,-28.754353799999933],[-49.33256389999997,-28.67919489999997]]]}},{"id":"4420","type":"Feature","properties":{"COD_IBGE":"4207106","MUNICIPIO":"Ilhota","UF":"SC"},"geometry":{"type":"Polygon","coordinates":[[[-48.84319389999996,-26.96362419999997],[-48.853750599999955,-26.916615599999943],[-48.84645739999996,-26.906799699999965],[-48.864768899999945,-26.90986259999994],[-48.874549499999944,-26.89624239999995],[-48.89687349999997,-26.88837929999994],[-48.93575279999993,-26.84255719999993],[-48.98243259999998,-26.829079599999943],[-48.97747579999998,-26.82047069999993],[-48.98764059999996,-26.80963849999995],[-48.97075509999996,-26.78994289999997],[-48.89844939999995,-26.76270939999995],[-48.82148179999996,-26.82315209999996],[-48.77287489999998,-26.832662399999947],[-48.76094789999996,-26.84864129999994],[-48.76194769999995,-26.88400749999994],[-48.78638319999993,-26.915574599999957],[-48.75892229999994,-26.93601469999993],[-48.76073749999995,-26.94245019999994],[-48.800511599999936,-26.96695049999994],[-48.84319389999996,-26.96362419999997]]]}},{"id":"4421","type":"Feature","properties":{"COD_IBGE":"4207205","MUNICIPIO":"Imaruí","UF":"SC"},"geometry":{"type":"Polygon","coordinates":[[[-48.87794969999993,-28.36028209999995],[-48.92716589999998,-28.35018699999995],[-48.94812589999998,-28.35911429999993],[-48.942472599999974,-28.34305139999998],[-48.94964299999998,-28.34206839999996],[-48.955871799999954,-28.319966299999976],[-48.95049289999997,-28.299235099999976],[-48.95596139999998,-28.293504199999973],[-48.949372299999936,-28.28916609999993],[-48.955999099999985,-28.269609899999978],[-48.941141899999934,-28.25146049999995],[-48.92080139999996,-28.251302299999963],[-48.92155309999998,-28.234986599999957],[-48.909749799999986,-28.23467009999996],[-48.90882629999993,-28.227989199999968],[-48.93862749999994,-28.17508049999998],[-48.926167599999985,-28.141235199999983],[-48.90022359999995,-28.15468329999993],[-48.88357579999996,-28.149801399999944],[-48.87233669999995,-28.08318989999998],[-48.86430389999998,-28.07786989999994],[-48.83226279999997,-28.071634099999983],[-48.81008939999998,-28.07837089999998],[-48.80198869999998,-28.095016199999975],[-48.76172359999998,-28.090416199999936],[-48.75442399999997,-28.105907199999933],[-48.759555699999964,-28.109947399999953],[-48.74560619999994,-28.11531229999997],[-48.75384399999996,-28.119206799999972],[-48.73963759999998,-28.125331699999947],[-48.73908009999997,-28.136871699999972],[-48.748234999999966,-28.141214099999956],[-48.736751399999946,-28.14508589999997],[-48.73931049999993,-28.156917499999963],[-48.730768599999976,-28.156893599999933],[-48.72979379999998,-28.17530679999993],[-48.738283499999966,-28.181013099999973],[-48.73024449999997,-28.197395399999948],[-48.739790899999946,-28.19956639999998],[-48.74089399999997,-28.216412399999967],[-48.72426679999995,-28.24737399999998],[-48.740718699999945,-28.301463099999978],[-48.75509279999994,-28.319527599999958],[-48.75363249999998,-28.34574759999998],[-48.771243599999934,-28.361179999999933],[-48.798781599999984,-28.354524899999944],[-48.87794969999993,-28.36028209999995]]]}},{"id":"4422","type":"Feature","properties":{"COD_IBGE":"4207304","MUNICIPIO":"Imbituba","UF":"SC"},"geometry":{"type":"MultiPolygon","coordinates":[[[[-48.64541189999994,-28.234270799999933],[-48.680958799999985,-28.263780999999938],[-48.702876199999935,-28.304051499999957],[-48.70929209999997,-28.32989559999993],[-48.69799789999996,-28.33824429999993],[-48.70504809999994,-28.342970399999956],[-48.75503329999998,-28.324853899999937],[-48.72426679999995,-28.24737399999998],[-48.74089399999997,-28.216412399999967],[-48.739790899999946,-28.19956639999998],[-48.73024449999997,-28.197395399999948],[-48.738283499999966,-28.181013099999973],[-48.72979379999998,-28.17530679999993],[-48.730768599999976,-28.156893599999933],[-48.73931049999993,-28.156917499999963],[-48.736751399999946,-28.14508589999997],[-48.748234999999966,-28.141214099999956],[-48.73908009999997,-28.136871699999972],[-48.73963759999998,-28.125331699999947],[-48.75384399999996,-28.119206799999972],[-48.74560619999994,-28.11531229999997],[-48.759555699999964,-28.109947399999953],[-48.75442399999997,-28.105907199999933],[-48.76172359999998,-28.090416199999936],[-48.70701239999994,-28.082649299999957],[-48.701534299999935,-28.102270199999964],[-48.67858849999993,-28.10557929999993],[-48.66687049999996,-28.11772609999997],[-48.634398199999964,-28.111344299999928],[-48.631767699999955,-28.12238179999997],[-48.64509689999994,-28.12975709999995],[-48.635577799999965,-28.139048099999968],[-48.64578229999995,-28.14416959999994],[-48.66266349999995,-28.18090719999998],[-48.656839299999945,-28.195637499999975],[-48.66636269999998,-28.21789999999993],[-48.64541189999994,-28.234270799999933]]],[[[-48.640882999999974,-28.151318599999968],[-48.64300599999996,-28.15383879999996],[-48.643832299999985,-28.152053799999976],[-48.640882999999974,-28.151318599999968]]],[[[-48.65630349999998,-28.18910519999997],[-48.65671389999994,-28.189177599999937],[-48.65595459999997,-28.188725399999953],[-48.65630349999998,-28.18910519999997]]],[[[-48.65304469999995,-28.247597499999983],[-48.654929799999934,-28.24925099999996],[-48.654868299999976,-28.247010199999977],[-48.65304469999995,-28.247597499999983]]],[[[-48.65065119999997,-28.240683199999978],[-48.652281899999934,-28.241884099999936],[-48.65272989999994,-28.241099299999973],[-48.65065119999997,-28.240683199999978]]],[[[-48.64667909999997,-28.320648499999947],[-48.64962829999996,-28.32202069999994],[-48.646645999999976,-28.317863099999954],[-48.64667909999997,-28.320648499999947]]],[[[-48.601602699999944,-28.35157389999995],[-48.601873599999976,-28.35184819999995],[-48.60169849999994,-28.351506599999936],[-48.601602699999944,-28.35157389999995]]],[[[-48.60189889999998,-28.35229839999994],[-48.602175999999986,-28.352536099999952],[-48.601936999999964,-28.35204749999997],[-48.60189889999998,-28.35229839999994]]],[[[-48.60042219999997,-28.351878899999974],[-48.601433199999974,-28.351876199999936],[-48.60071809999994,-28.35142579999996],[-48.60042219999997,-28.351878899999974]]]]}},{"id":"4423","type":"Feature","properties":{"COD_IBGE":"4207403","MUNICIPIO":"Imbuia","UF":"SC"},"geometry":{"type":"Polygon","coordinates":[[[-49.411283899999944,-27.526246499999957],[-49.43760099999997,-27.514245099999982],[-49.45349129999994,-27.536983199999952],[-49.47913509999995,-27.528080699999975],[-49.47278659999995,-27.49496469999997],[-49.456142399999976,-27.50640999999996],[-49.44513779999994,-27.502034999999978],[-49.469452599999954,-27.488341499999933],[-49.472607799999935,-27.473868899999957],[-49.46587599999998,-27.460964199999978],[-49.48145999999997,-27.472473399999956],[-49.46535449999993,-27.445517799999948],[-49.435822299999984,-27.446394099999964],[-49.42727009999993,-27.472448499999928],[-49.41582379999994,-27.45350049999996],[-49.404938699999946,-27.448874899999964],[-49.39644999999996,-27.458442599999955],[-49.384394999999984,-27.449723999999946],[-49.385410099999945,-27.47378989999993],[-49.37216829999994,-27.45713029999996],[-49.365413099999955,-27.46355609999995],[-49.36831289999998,-27.45400319999993],[-49.360571999999934,-27.437614399999973],[-49.35754459999998,-27.453377299999943],[-49.348998999999935,-27.444844399999965],[-49.35785869999995,-27.473211599999956],[-49.350918899999954,-27.47085979999997],[-49.34330189999997,-27.480150999999978],[-49.35701899999998,-27.49051529999997],[-49.35856649999994,-27.501738699999976],[-49.35036279999997,-27.507250099999965],[-49.36226179999994,-27.51848819999998],[-49.362591399999985,-27.55104369999998],[-49.33640769999994,-27.557384199999944],[-49.32578709999996,-27.574391399999968],[-49.318483399999934,-27.572237799999982],[-49.31308919999998,-27.583666199999982],[-49.30453719999997,-27.58041529999997],[-49.300598099999945,-27.58442199999996],[-49.32272199999994,-27.588845599999956],[-49.35449559999995,-27.562656999999945],[-49.38097279999994,-27.558006899999953],[-49.421880499999986,-27.564647699999966],[-49.41148139999996,-27.546180999999933],[-49.405650099999946,-27.55106059999997],[-49.394498699999986,-27.535597999999936],[-49.38894209999995,-27.53955149999996],[-49.38137359999996,-27.521597999999983],[-49.42463189999995,-27.542208399999936],[-49.42378889999998,-27.53135069999996],[-49.411283899999944,-27.526246499999957]]]}},{"id":"4424","type":"Feature","properties":{"COD_IBGE":"4207502","MUNICIPIO":"Indaial","UF":"SC"},"geometry":{"type":"Polygon","coordinates":[[[-49.312818999999934,-27.034541899999965],[-49.31764019999997,-27.02177949999998],[-49.29989699999993,-26.99231709999998],[-49.31271899999996,-26.978375399999948],[-49.313006299999984,-26.959852099999978],[-49.32517859999996,-26.952267499999948],[-49.28938499999998,-26.950468499999943],[-49.31508359999998,-26.899454999999932],[-49.30502819999998,-26.847964899999965],[-49.28471339999993,-26.880708099999936],[-49.26324129999995,-26.86789319999997],[-49.254804699999966,-26.870670299999972],[-49.207069399999966,-26.830409999999972],[-49.19804799999997,-26.83631159999993],[-49.19451829999997,-26.855086599999936],[-49.17411039999996,-26.869348599999967],[-49.18526319999995,-26.879772799999955],[-49.162829399999964,-26.884224899999936],[-49.15206509999996,-26.894925499999943],[-49.16551739999994,-26.89497369999998],[-49.16460429999995,-26.90441489999995],[-49.17309039999998,-26.904097999999976],[-49.176861299999985,-26.91548169999993],[-49.159234599999934,-26.934692499999983],[-49.16552249999995,-26.941512599999953],[-49.158220599999936,-26.969661499999972],[-49.16115049999996,-26.998654199999976],[-49.13658359999994,-27.014598899999953],[-49.127841399999966,-27.032313199999976],[-49.13539939999998,-27.04026239999996],[-49.131214399999976,-27.068294099999946],[-49.140346799999975,-27.091903199999933],[-49.148535899999956,-27.09110009999995],[-49.15739179999997,-27.10404479999994],[-49.15202859999994,-27.11855909999997],[-49.17013929999996,-27.13366229999997],[-49.19268109999996,-27.139414699999975],[-49.19468599999993,-27.157474099999945],[-49.20622079999998,-27.152041399999973],[-49.21133299999997,-27.16327979999994],[-49.22204609999994,-27.16303309999995],[-49.25034789999995,-27.12321959999997],[-49.25335209999997,-27.088233299999956],[-49.271493299999975,-27.08018889999994],[-49.26725909999993,-27.056831699999975],[-49.29418409999994,-27.05868399999997],[-49.297970099999986,-27.037494699999968],[-49.312818999999934,-27.034541899999965]]]}},{"id":"4425","type":"Feature","properties":{"COD_IBGE":"4207577","MUNICIPIO":"Iomerê","UF":"SC"},"geometry":{"type":"Polygon","coordinates":[[[-51.24853219999994,-27.033766199999945],[-51.34363059999998,-27.01673649999998],[-51.336845799999935,-27.005814999999927],[-51.351909199999966,-27.003066699999977],[-51.34020339999995,-26.997432299999957],[-51.35259639999998,-26.987551399999973],[-51.35147729999994,-26.978827499999966],[-51.28291589999998,-26.923497399999974],[-51.26545549999997,-26.926098099999933],[-51.25858329999994,-26.942113399999982],[-51.264224799999965,-26.96649999999994],[-51.25568889999994,-26.971518899999978],[-51.24926879999998,-26.968471699999952],[-51.25253379999998,-26.96149239999994],[-51.23177869999995,-26.96166829999993],[-51.23168179999993,-26.95533699999993],[-51.21743759999998,-26.960145499999953],[-51.22264099999995,-26.972419799999955],[-51.210918499999934,-26.973151599999937],[-51.21611439999998,-26.979933999999957],[-51.209379499999955,-26.983712699999955],[-51.215341499999965,-26.991534399999978],[-51.20556979999998,-26.99337829999996],[-51.19574279999995,-27.01442979999996],[-51.197976799999935,-27.03181019999994],[-51.211337499999956,-27.02010869999998],[-51.213379499999974,-27.029394099999934],[-51.24853219999994,-27.033766199999945]]]}},{"id":"4426","type":"Feature","properties":{"COD_IBGE":"4207601","MUNICIPIO":"Ipira","UF":"SC"},"geometry":{"type":"Polygon","coordinates":[[[-51.75818209999994,-27.41098569999997],[-51.79170609999994,-27.42366149999998],[-51.77831939999999,-27.44496289999995],[-51.80455569999998,-27.432089099999928],[-51.80358979999994,-27.42097679999995],[-51.833725699999945,-27.436608499999977],[-51.845192199999985,-27.463917099999946],[-51.85844679999997,-27.44346879999995],[-51.88177009999998,-27.455182199999967],[-51.87894069999999,-27.434076199999936],[-51.88605179999996,-27.42839289999995],[-51.87766199999999,-27.426341099999945],[-51.883077399999934,-27.41948739999998],[-51.87522149999995,-27.40602199999995],[-51.838239699999974,-27.37248599999998],[-51.81767639999998,-27.369776599999966],[-51.82243329999994,-27.29647719999997],[-51.80754609999997,-27.28384499999993],[-51.79564739999995,-27.293542099999968],[-51.76868949999994,-27.277364899999952],[-51.75488619999993,-27.281867499999976],[-51.76058599999993,-27.307038399999954],[-51.72790659999998,-27.340951399999938],[-51.73753969999996,-27.341122799999937],[-51.73702929999996,-27.350961199999972],[-51.72885009999993,-27.353323899999964],[-51.737217499999986,-27.359707999999955],[-51.731318199999976,-27.389708199999973],[-51.76370379999997,-27.390894599999967],[-51.75818209999994,-27.41098569999997]]]}},{"id":"4427","type":"Feature","properties":{"COD_IBGE":"4207650","MUNICIPIO":"Iporã do Oeste","UF":"SC"},"geometry":{"type":"Polygon","coordinates":[[[-53.52705579999997,-27.076908799999956],[-53.54707199999996,-27.08955549999996],[-53.541972999999984,-27.07594679999994],[-53.54805689999995,-27.076162299999964],[-53.54326359999993,-27.027836699999966],[-53.572600499999965,-27.025318599999935],[-53.587418199999945,-27.009140699999932],[-53.55922599999997,-26.99273469999997],[-53.55099779999995,-26.979358399999967],[-53.55541009999996,-26.968895199999963],[-53.573868199999936,-26.961028599999963],[-53.590313099999946,-26.965427499999976],[-53.58250889999994,-26.95293879999997],[-53.50079269999998,-26.934516599999938],[-53.478778499999976,-26.943110299999944],[-53.424518399999954,-26.94088329999994],[-53.41905639999993,-26.950584799999945],[-53.397636199999965,-26.95338959999998],[-53.39832929999994,-26.975749099999973],[-53.39020229999994,-26.979924299999936],[-53.39695779999994,-26.986762299999953],[-53.38806479999994,-26.998407399999962],[-53.380202199999985,-26.99306679999995],[-53.375370499999974,-27.01543479999998],[-53.39650409999996,-27.009461999999928],[-53.41892749999994,-27.019494399999928],[-53.448712899999975,-27.008589099999938],[-53.44802029999994,-27.038945799999965],[-53.47899619999998,-27.062982099999942],[-53.47466499999996,-27.07006139999993],[-53.50044799999995,-27.085005399999943],[-53.52705579999997,-27.076908799999956]]]}},{"id":"4428","type":"Feature","properties":{"COD_IBGE":"4207684","MUNICIPIO":"Ipuaçu","UF":"SC"},"geometry":{"type":"Polygon","coordinates":[[[-52.41058829999997,-26.654071599999952],[-52.410883299999966,-26.665157299999976],[-52.399283099999934,-26.671423299999958],[-52.386482599999965,-26.69608329999994],[-52.38848189999993,-26.707472399999972],[-52.415443799999935,-26.697678199999928],[-52.42502949999994,-26.70742709999996],[-52.42459169999995,-26.723092299999962],[-52.41268309999998,-26.72995999999995],[-52.40584629999995,-26.747232099999962],[-52.42221399999994,-26.748812199999975],[-52.41796259999995,-26.759501599999965],[-52.42704949999995,-26.767382899999973],[-52.43503849999996,-26.761555199999975],[-52.430996999999934,-26.75279009999997],[-52.44139839999997,-26.749038499999983],[-52.461215299999935,-26.751252699999952],[-52.46713649999998,-26.76610809999994],[-52.48970829999996,-26.76385199999993],[-52.499425299999984,-26.754318199999943],[-52.49272849999994,-26.769352499999968],[-52.50264419999996,-26.776709299999936],[-52.49876109999997,-26.78853799999996],[-52.52149439999994,-26.77543579999997],[-52.52227389999996,-26.789496399999962],[-52.506177899999955,-26.794102099999975],[-52.53479829999998,-26.80895959999998],[-52.534623099999976,-26.711365099999966],[-52.549384799999984,-26.70071829999995],[-52.56305869999994,-26.67256189999995],[-52.55853949999994,-26.66531709999998],[-52.57652879999995,-26.660402499999975],[-52.56836619999996,-26.64979169999998],[-52.54772429999997,-26.65417039999994],[-52.541943999999944,-26.664616199999955],[-52.52894409999993,-26.66011549999996],[-52.54332039999997,-26.620086999999955],[-52.52346899999998,-26.635269299999948],[-52.51302659999993,-26.633693799999946],[-52.52217049999996,-26.613292499999943],[-52.54072179999997,-26.607983699999977],[-52.536735299999975,-26.60163319999998],[-52.51557719999994,-26.60636979999998],[-52.49281659999997,-26.590070699999956],[-52.49261329999996,-26.603812499999947],[-52.48497919999994,-26.603376699999956],[-52.47145279999995,-26.590319699999952],[-52.496352499999944,-26.575899499999935],[-52.479485899999986,-26.57802879999997],[-52.474533099999974,-26.56730689999995],[-52.462130299999956,-26.571678899999938],[-52.45671639999995,-26.584572899999955],[-52.42533089999995,-26.58204799999993],[-52.41734289999994,-26.589514899999983],[-52.41565769999994,-26.615196999999966],[-52.39222109999997,-26.638608199999965],[-52.41058829999997,-26.654071599999952]]]}},{"id":"4429","type":"Feature","properties":{"COD_IBGE":"4207700","MUNICIPIO":"Ipumirim","UF":"SC"},"geometry":{"type":"Polygon","coordinates":[[[-52.13798619999994,-27.105383899999936],[-52.16091149999994,-27.097147099999972],[-52.17558699999995,-27.103186199999982],[-52.17919169999993,-27.094015599999977],[-52.200748499999975,-27.09419079999998],[-52.21794689999996,-27.082908799999927],[-52.22779179999998,-27.06823309999993],[-52.21685599999995,-27.047217099999955],[-52.22216419999995,-27.026366499999938],[-52.24689719999998,-27.037074399999938],[-52.23381269999993,-26.947270599999968],[-52.219776999999965,-26.946609799999976],[-52.22247399999998,-26.957649599999968],[-52.213192799999945,-26.948459299999968],[-52.20878179999994,-26.956491299999982],[-52.189084099999945,-26.96008409999996],[-52.18410439999997,-26.94842159999996],[-52.17547779999995,-26.956267999999966],[-52.171245399999975,-26.94542009999998],[-52.152736499999946,-26.948121999999955],[-52.15307649999994,-26.92547109999998],[-52.13428369999997,-26.93103899999994],[-52.12693869999998,-26.947939899999938],[-52.10793799999993,-26.94887689999996],[-52.118504299999984,-26.982119599999976],[-52.106322999999975,-26.99656099999993],[-52.127234199999975,-27.00696279999994],[-52.11930709999996,-27.05658029999995],[-52.09557659999996,-27.05464859999995],[-52.083427599999936,-27.080921299999943],[-52.06397769999995,-27.080795999999964],[-52.06433599999997,-27.09985309999996],[-52.04739519999998,-27.097852299999943],[-52.04500029999997,-27.110273399999983],[-52.053489799999966,-27.115116299999954],[-52.042687899999976,-27.14713809999995],[-52.056282899999985,-27.146811699999944],[-52.06025729999993,-27.131240799999944],[-52.06884089999994,-27.136992499999963],[-52.06632589999998,-27.153926599999977],[-52.080079799999965,-27.144335199999944],[-52.093921999999964,-27.15712529999996],[-52.12038469999993,-27.12261689999997],[-52.12231259999999,-27.130617799999982],[-52.13798619999994,-27.105383899999936]]]}},{"id":"4430","type":"Feature","properties":{"COD_IBGE":"4207759","MUNICIPIO":"Iraceminha","UF":"SC"},"geometry":{"type":"Polygon","coordinates":[[[-53.247685599999954,-26.827105999999958],[-53.23659059999994,-26.839495099999965],[-53.244944499999974,-26.83924899999994],[-53.24465109999994,-26.84697929999993],[-53.25082279999998,-26.839323299999933],[-53.261419599999954,-26.851788599999963],[-53.25150129999997,-26.856096599999944],[-53.266301899999974,-26.85544349999998],[-53.27447059999997,-26.87270559999996],[-53.28524599999997,-26.869766399999946],[-53.27723899999995,-26.89011359999995],[-53.28672499999993,-26.88599899999997],[-53.286286899999936,-26.896098999999936],[-53.295940299999984,-26.898082299999942],[-53.280236799999955,-26.91380319999996],[-53.28901309999998,-26.917957399999977],[-53.285145299999954,-26.93154489999995],[-53.33414669999996,-26.898621299999945],[-53.35236219999996,-26.89646639999995],[-53.37520469999998,-26.87639829999995],[-53.37394219999993,-26.88722089999993],[-53.384037199999966,-26.884530499999983],[-53.38862149999994,-26.89469329999997],[-53.40809109999998,-26.888548999999955],[-53.40137079999994,-26.876907899999935],[-53.415702899999985,-26.865913699999965],[-53.41400999999996,-26.85826949999995],[-53.40600399999994,-26.848490699999957],[-53.38370619999995,-26.850985299999934],[-53.38680249999993,-26.838773999999944],[-53.37928299999999,-26.823695999999927],[-53.404151999999954,-26.82390419999996],[-53.420168899999965,-26.80532779999993],[-53.38598579999996,-26.809200999999973],[-53.33557749999994,-26.79590989999997],[-53.33734799999996,-26.786665899999946],[-53.319984499999975,-26.794084599999962],[-53.27705019999996,-26.78180969999994],[-53.25077929999998,-26.80442469999997],[-53.24899469999997,-26.798626799999965],[-53.238288299999965,-26.823742099999947],[-53.247685599999954,-26.827105999999958]]]}},{"id":"4431","type":"Feature","properties":{"COD_IBGE":"4207809","MUNICIPIO":"Irani","UF":"SC"},"geometry":{"type":"Polygon","coordinates":[[[-51.91655559999998,-27.13523799999996],[-51.91689249999996,-27.128582799999947],[-51.92987219999998,-27.128048299999932],[-51.942637899999966,-27.115193999999974],[-51.96146669999996,-27.118983899999932],[-51.95684539999996,-27.107137399999942],[-51.962170699999945,-27.10536959999996],[-51.976253199999974,-27.10485689999996],[-51.97784789999997,-27.118654799999945],[-51.98699559999994,-27.11613559999995],[-51.989220999999986,-27.123324899999943],[-51.99550379999994,-27.11679449999997],[-51.99543229999995,-27.039253799999983],[-52.00772879999994,-27.036253699999975],[-52.00635559999995,-27.021182499999952],[-52.019938999999965,-27.019498299999952],[-52.00436449999995,-26.99998039999997],[-52.00692479999998,-26.984642899999983],[-51.99764159999995,-26.983302599999945],[-52.01385879999998,-26.950572399999942],[-52.005457999999976,-26.939856499999962],[-51.99641349999996,-26.948256899999933],[-51.97988419999996,-26.936702799999978],[-51.95759469999996,-26.947787199999937],[-51.93042449999996,-26.929231699999946],[-51.89509519999996,-26.93632379999997],[-51.884773199999984,-26.945602699999938],[-51.87431929999997,-26.929128899999967],[-51.846959599999934,-26.948900699999967],[-51.82513499999993,-26.92345219999993],[-51.81954379999996,-26.937760099999934],[-51.82488179999996,-26.946997799999963],[-51.86305679999998,-26.981311199999936],[-51.82123599999994,-27.015432399999952],[-51.80357799999996,-27.04381639999997],[-51.830866999999955,-27.066326499999946],[-51.832546099999945,-27.091501299999948],[-51.84437889999998,-27.09710519999993],[-51.841386399999976,-27.08685049999997],[-51.85083559999998,-27.087702099999944],[-51.85992689999995,-27.101491799999962],[-51.87397279999993,-27.08561499999996],[-51.88326179999996,-27.085382899999956],[-51.879002699999944,-27.10308139999995],[-51.88864159999997,-27.100461399999972],[-51.89049679999994,-27.10973199999995],[-51.87480089999997,-27.12158439999996],[-51.89112469999998,-27.12245329999996],[-51.89234619999996,-27.113859899999966],[-51.91655559999998,-27.13523799999996]]]}},{"id":"4432","type":"Feature","properties":{"COD_IBGE":"4207858","MUNICIPIO":"Irati","UF":"SC"},"geometry":{"type":"Polygon","coordinates":[[[-52.90842779999997,-26.65699799999993],[-52.917720299999985,-26.656159199999934],[-52.92208979999998,-26.664899999999932],[-52.929276699999946,-26.659519899999964],[-52.92423269999995,-26.65003239999993],[-52.93569549999995,-26.64916439999996],[-52.93519189999995,-26.622320499999944],[-52.94084359999994,-26.625929699999972],[-52.94462899999996,-26.619648599999948],[-52.92441259999998,-26.59962969999998],[-52.93170399999997,-26.597838799999977],[-52.92824959999996,-26.58921669999995],[-52.93651319999998,-26.581866599999955],[-52.90134909999995,-26.581262599999945],[-52.877288299999975,-26.595050499999957],[-52.83959519999996,-26.593009699999982],[-52.83962249999996,-26.60585759999998],[-52.85178419999994,-26.613093499999934],[-52.83346529999994,-26.63080169999995],[-52.846936599999935,-26.63074169999993],[-52.85461749999996,-26.654157099999964],[-52.844856799999945,-26.66947449999998],[-52.91982999999993,-26.672532199999978],[-52.91704759999993,-26.665328599999953],[-52.908869299999935,-26.666970599999956],[-52.90842779999997,-26.65699799999993]]]}},{"id":"4433","type":"Feature","properties":{"COD_IBGE":"4207908","MUNICIPIO":"Irineópolis","UF":"SC"},"geometry":{"type":"Polygon","coordinates":[[[-50.786981999999966,-26.494416099999967],[-50.80095959999994,-26.49317979999995],[-50.816835099999935,-26.477516099999946],[-50.821601699999974,-26.464481099999944],[-50.80916549999995,-26.45833399999998],[-50.81516559999994,-26.44061499999998],[-50.849384199999974,-26.427847999999983],[-50.841060099999936,-26.408046999999954],[-50.84510329999995,-26.378761699999927],[-50.856773299999986,-26.37608179999995],[-50.87098869999994,-26.385568599999942],[-50.884233999999935,-26.37930599999993],[-50.88270539999996,-26.359275999999966],[-50.894510999999966,-26.34766069999995],[-50.88713089999993,-26.33930689999994],[-50.898041399999954,-26.332371499999965],[-50.87999159999998,-26.32124299999998],[-50.88523019999997,-26.317145599999947],[-50.890633099999945,-26.32723219999997],[-50.89946679999997,-26.322603799999968],[-50.89478939999998,-26.31238069999995],[-50.90178329999998,-26.30594969999993],[-50.88820169999997,-26.30235269999997],[-50.89974429999995,-26.289274699999964],[-50.881961899999965,-26.279265799999962],[-50.86856799999998,-26.241364499999975],[-50.838599199999976,-26.271469099999933],[-50.82448649999998,-26.244822899999974],[-50.780717599999946,-26.225234599999965],[-50.75056299999994,-26.224450099999956],[-50.74210929999998,-26.24923519999993],[-50.716404299999965,-26.24500089999998],[-50.73147129999995,-26.207024899999965],[-50.70143219999994,-26.18794829999996],[-50.70207999999997,-26.19600889999998],[-50.69183829999997,-26.201126099999954],[-50.696181699999954,-26.20915999999994],[-50.68131829999999,-26.212010599999928],[-50.68717559999993,-26.220317799999975],[-50.66908999999998,-26.25153279999995],[-50.67749939999993,-26.285494399999948],[-50.65620779999995,-26.306488899999977],[-50.645736699999986,-26.329943299999968],[-50.65714559999998,-26.369489999999928],[-50.639153299999975,-26.377489999999966],[-50.698784599999954,-26.500262499999963],[-50.744871899999964,-26.525107999999932],[-50.785653099999934,-26.507761099999982],[-50.797735699999976,-26.50997019999994],[-50.784861099999944,-26.50177149999996],[-50.786981999999966,-26.494416099999967]]]}},{"id":"4434","type":"Feature","properties":{"COD_IBGE":"4208005","MUNICIPIO":"Itá","UF":"SC"},"geometry":{"type":"Polygon","coordinates":[[[-52.376494599999944,-27.30454039999995],[-52.38213259999998,-27.25756549999994],[-52.394668499999966,-27.25182959999995],[-52.400096099999985,-27.259238799999935],[-52.39384249999995,-27.28664029999993],[-52.40161189999998,-27.292233499999952],[-52.44199349999997,-27.25822039999997],[-52.43083989999997,-27.215246699999966],[-52.39204129999996,-27.18412399999994],[-52.35351269999995,-27.20563919999995],[-52.35732349999995,-27.223977899999966],[-52.34001189999998,-27.229747499999974],[-52.34114859999994,-27.23816549999998],[-52.321806599999945,-27.240039199999956],[-52.27841559999996,-27.223562199999947],[-52.27414649999997,-27.231723099999954],[-52.26853749999998,-27.22632969999995],[-52.26257209999994,-27.230967299999975],[-52.26085679999994,-27.218316899999934],[-52.24876589999997,-27.210920399999964],[-52.25602349999997,-27.205262199999936],[-52.24763869999998,-27.20194639999994],[-52.24912399999994,-27.18795259999996],[-52.232451699999956,-27.189833199999953],[-52.23241109999998,-27.180502399999966],[-52.21335689999995,-27.180665999999974],[-52.19265029999997,-27.19955959999993],[-52.19624619999996,-27.212775799999974],[-52.20429619999993,-27.210594899999933],[-52.190044099999966,-27.21988179999994],[-52.20837289999997,-27.219955399999947],[-52.20904019999995,-27.236840599999937],[-52.224418999999955,-27.23162869999993],[-52.23537659999994,-27.251294599999937],[-52.304670699999974,-27.262630399999978],[-52.29104629999995,-27.306833499999982],[-52.29649269999993,-27.31809089999996],[-52.345259399999975,-27.28827769999998],[-52.376494599999944,-27.30454039999995]]]}},{"id":"4435","type":"Feature","properties":{"COD_IBGE":"4208104","MUNICIPIO":"Itaiópolis","UF":"SC"},"geometry":{"type":"Polygon","coordinates":[[[-49.93190069999997,-26.572104599999932],[-49.95446169999997,-26.569207399999982],[-49.955518799999936,-26.545138599999973],[-49.99494819999995,-26.505776499999968],[-50.01820539999994,-26.502557499999966],[-50.03141729999993,-26.51897789999998],[-50.043011399999955,-26.52130429999994],[-50.08479149999994,-26.526215499999978],[-50.09404699999993,-26.520383299999935],[-50.08492369999993,-26.50528259999993],[-50.08368329999996,-26.472219499999937],[-50.070164199999965,-26.450256599999932],[-50.076268099999936,-26.43384979999996],[-50.071912199999986,-26.411393499999974],[-50.08874879999996,-26.38649369999996],[-50.08619619999996,-26.35874179999996],[-50.099987099999964,-26.34663359999996],[-50.11167259999996,-26.352913899999976],[-50.11183859999994,-26.33950729999998],[-50.123748999999975,-26.32552949999996],[-50.11629719999996,-26.310338599999966],[-50.12769279999998,-26.295023799999967],[-50.12216549999994,-26.283478899999977],[-50.11265979999996,-26.290003499999955],[-50.11215239999996,-26.283317099999977],[-50.09154369999993,-26.279437799999982],[-50.08844499999998,-26.27150309999996],[-50.06641119999995,-26.283127099999945],[-50.037811199999965,-26.263539799999933],[-50.03184079999994,-26.268932999999947],[-50.017428999999936,-26.264584999999954],[-50.00022779999995,-26.279930399999955],[-49.980402099999935,-26.27829339999994],[-49.96142279999998,-26.257136699999933],[-49.90759659999998,-26.246585299999936],[-49.899107399999934,-26.23079599999994],[-49.88966979999998,-26.24698499999994],[-49.87350339999995,-26.250803899999937],[-49.84890859999996,-26.240933799999937],[-49.808006999999975,-26.303867599999933],[-49.81420399999996,-26.306849299999953],[-49.806732599999975,-26.313878099999954],[-49.81379499999997,-26.324932599999954],[-49.79815629999996,-26.334586299999955],[-49.820237099999986,-26.366611599999942],[-49.781758199999956,-26.427075599999966],[-49.814232199999935,-26.46900059999996],[-49.81469099999998,-26.484655199999963],[-49.79357849999997,-26.485661599999958],[-49.79229369999996,-26.478759799999978],[-49.78349979999996,-26.48274749999996],[-49.766417599999954,-26.470637199999942],[-49.75870919999994,-26.473712399999954],[-49.757649399999934,-26.494931299999962],[-49.73466199999996,-26.52233169999994],[-49.73263309999993,-26.550213199999973],[-49.70669269999996,-26.571825799999942],[-49.69273769999995,-26.573957399999983],[-49.68584819999995,-26.61726159999995],[-49.67573779999998,-26.623658699999964],[-49.70050799999996,-26.63585969999997],[-49.70685839999993,-26.664234499999964],[-49.68767249999996,-26.691927299999975],[-49.665545899999984,-26.687873099999933],[-49.652063099999964,-26.693237799999963],[-49.701349499999935,-26.704007199999978],[-49.719397699999945,-26.722666299999958],[-49.73179239999996,-26.772370799999976],[-49.75013889999997,-26.785163099999977],[-49.755254099999945,-26.77618609999996],[-49.77230359999999,-26.77380549999998],[-49.77696819999994,-26.756381399999952],[-49.79252249999996,-26.74922049999998],[-49.81039369999996,-26.712414099999933],[-49.82812289999998,-26.707272399999965],[-49.83943549999998,-26.690208299999938],[-49.83813729999997,-26.67629409999995],[-49.85565529999997,-26.653607199999954],[-49.88157979999994,-26.646411899999976],[-49.881444199999976,-26.619467499999928],[-49.89702399999993,-26.601726499999984],[-49.91062899999997,-26.602035199999932],[-49.913085699999954,-26.58503319999994],[-49.93190069999997,-26.572104599999932]]]}},{"id":"4436","type":"Feature","properties":{"COD_IBGE":"4208203","MUNICIPIO":"Itajaí","UF":"SC"},"geometry":{"type":"Polygon","coordinates":[[[-48.68832709999998,-26.885511899999983],[-48.66476269999998,-26.885852099999966],[-48.669025999999974,-26.897178199999928],[-48.64221689999994,-26.912695999999983],[-48.63114809999996,-26.929179699999963],[-48.62150479999997,-26.925688299999933],[-48.628252799999984,-26.960055199999942],[-48.637780599999985,-26.95418499999994],[-48.68484929999994,-26.971676499999944],[-48.72125669999997,-27.014628999999957],[-48.75014629999998,-27.024913999999967],[-48.763639799999964,-27.053483399999948],[-48.77583509999994,-27.05551799999995],[-48.78420209999996,-27.09561999999994],[-48.84388779999995,-27.067703799999947],[-48.862679699999944,-27.043687199999965],[-48.86372049999994,-27.033532399999956],[-48.85303789999995,-27.02662479999998],[-48.86429959999998,-27.02010009999998],[-48.86769709999993,-27.006361199999958],[-48.84319389999996,-26.96362419999997],[-48.800511599999936,-26.96695049999994],[-48.76073749999995,-26.94245019999994],[-48.75892229999994,-26.93601469999993],[-48.78638319999993,-26.915574599999957],[-48.76261059999996,-26.886366599999974],[-48.76163369999995,-26.85609569999997],[-48.743268599999965,-26.856413799999928],[-48.72727919999994,-26.838161999999954],[-48.71841489999997,-26.84709959999998],[-48.726453799999945,-26.86666459999998],[-48.721711099999936,-26.87646559999996],[-48.69518009999996,-26.86347459999996],[-48.68812749999995,-26.869263899999964],[-48.68832709999998,-26.885511899999983]]]}},{"id":"4437","type":"Feature","properties":{"COD_IBGE":"4208302","MUNICIPIO":"Itapema","UF":"SC"},"geometry":{"type":"Polygon","coordinates":[[[-48.61385779999995,-27.09908969999998],[-48.58553489999997,-27.144953899999962],[-48.60249449999998,-27.145435599999928],[-48.61124429999995,-27.13614249999995],[-48.62998289999996,-27.14897119999995],[-48.646187199999986,-27.14517079999996],[-48.658431399999984,-27.151379799999972],[-48.690030699999966,-27.141390999999942],[-48.66064189999997,-27.124634499999956],[-48.67762239999996,-27.097874399999966],[-48.66003129999996,-27.079960299999982],[-48.644243899999935,-27.08456229999996],[-48.61503619999996,-27.06872169999997],[-48.62106789999996,-27.059834399999943],[-48.608668499999965,-27.04770549999995],[-48.58908659999997,-27.06097929999993],[-48.59524959999993,-27.072598399999947],[-48.588030499999945,-27.07930779999998],[-48.61385779999995,-27.09908969999998]]]}},{"id":"4438","type":"Feature","properties":{"COD_IBGE":"4208401","MUNICIPIO":"Itapiranga","UF":"SC"},"geometry":{"type":"Polygon","coordinates":[[[-53.83395869999998,-27.16713219999997],[-53.837149299999965,-27.155638599999975],[-53.828670399999965,-27.146022999999957],[-53.798144399999956,-27.145032199999946],[-53.79931879999998,-27.136387199999945],[-53.81746519999996,-27.14018669999996],[-53.82419199999998,-27.133713499999942],[-53.82434469999998,-27.126646799999946],[-53.804565999999966,-27.12269249999997],[-53.81734359999996,-27.100508499999933],[-53.79518849999994,-27.11029919999993],[-53.77680219999996,-27.10344939999993],[-53.80461679999996,-27.082520599999953],[-53.797995399999934,-27.06600149999997],[-53.782507399999986,-27.078663499999948],[-53.77214559999993,-27.073951699999952],[-53.79804869999998,-27.05883689999996],[-53.80243439999998,-27.04002829999996],[-53.772523399999955,-27.06631959999993],[-53.76281179999995,-27.06635229999995],[-53.76014639999994,-27.060615199999972],[-53.777251099999944,-27.04926089999998],[-53.786019599999975,-27.026206699999932],[-53.76353869999997,-27.045212799999945],[-53.75971009999995,-27.03397719999998],[-53.74754269999994,-27.031517299999962],[-53.76376719999996,-27.00785019999995],[-53.752486499999975,-27.005222699999933],[-53.74100919999995,-27.01477929999993],[-53.73116829999998,-27.003705499999967],[-53.70437469999996,-27.01114279999996],[-53.69144149999994,-27.045556699999963],[-53.67897409999995,-27.044474299999933],[-53.68554139999998,-27.037278499999957],[-53.67709169999995,-27.028075599999966],[-53.64327829999996,-27.043763199999944],[-53.646455499999945,-27.056452099999944],[-53.63906999999995,-27.061095399999942],[-53.65267609999995,-27.067371299999934],[-53.66301189999996,-27.108318999999938],[-53.64842219999997,-27.111434499999973],[-53.65559799999994,-27.119690799999944],[-53.660706699999935,-27.116023499999983],[-53.655443799999944,-27.121506799999963],[-53.63847199999998,-27.127174199999956],[-53.64860519999996,-27.141524199999935],[-53.64078179999996,-27.15540889999994],[-53.60638119999999,-27.16374989999997],[-53.597588299999984,-27.137337899999977],[-53.57951799999995,-27.155778599999962],[-53.54807139999997,-27.156094699999983],[-53.54778879999998,-27.17636619999996],[-53.56288289999998,-27.17257639999997],[-53.591441799999984,-27.187472699999944],[-53.616944399999966,-27.186689499999943],[-53.63072579999994,-27.213378599999942],[-53.64211489999997,-27.219805099999974],[-53.650819199999944,-27.21550739999998],[-53.650125799999955,-27.178822099999934],[-53.669372899999985,-27.16155669999995],[-53.74514499999998,-27.192502899999965],[-53.77288269999997,-27.147676699999977],[-53.81484659999995,-27.175889799999936],[-53.83395869999998,-27.16713219999997]]]}},{"id":"4439","type":"Feature","properties":{"COD_IBGE":"4208450","MUNICIPIO":"Itapoá","UF":"SC"},"geometry":{"type":"MultiPolygon","coordinates":[[[[-48.627236299999936,-26.18302269999998],[-48.74511789999997,-26.123383199999978],[-48.74492559999993,-26.11654599999997],[-48.69729529999995,-26.09207079999993],[-48.69229789999997,-26.08261049999993],[-48.70683189999994,-26.070218299999965],[-48.702494599999966,-26.05094889999998],[-48.71704699999998,-26.04356809999996],[-48.71899689999998,-26.030249499999968],[-48.70868019999995,-26.022918199999935],[-48.71160789999993,-26.00757169999997],[-48.64436959999995,-25.955841799999973],[-48.63406209999994,-25.977747499999964],[-48.62154409999994,-25.97429399999993],[-48.62152819999994,-25.98198679999996],[-48.60996789999996,-25.984374599999967],[-48.61155089999994,-25.979055699999947],[-48.595313199999964,-25.976793199999975],[-48.61040899999995,-26.06371249999995],[-48.60254869999994,-26.071747099999982],[-48.600184999999954,-26.118799699999954],[-48.58882939999995,-26.15448749999996],[-48.56936469999994,-26.16772979999996],[-48.621699399999954,-26.207269399999973],[-48.627236299999936,-26.18302269999998]]],[[[-48.590797399999985,-25.976071399999967],[-48.59121819999996,-25.97749049999993],[-48.59199359999997,-25.976975399999958],[-48.590797399999985,-25.976071399999967]]]]}},{"id":"4440","type":"Feature","properties":{"COD_IBGE":"4208500","MUNICIPIO":"Ituporanga","UF":"SC"},"geometry":{"type":"Polygon","coordinates":[[[-49.54638129999995,-27.511755599999958],[-49.56706779999996,-27.53071959999994],[-49.59157389999996,-27.571429699999953],[-49.61839679999997,-27.57698249999993],[-49.59961079999994,-27.55622879999993],[-49.59991099999996,-27.54986109999993],[-49.61609969999995,-27.547758199999976],[-49.58815739999994,-27.504626799999983],[-49.582394499999964,-27.476908999999978],[-49.637330599999984,-27.452039699999943],[-49.674698099999944,-27.458930599999974],[-49.69349779999993,-27.390670899999975],[-49.65144449999997,-27.388828399999966],[-49.648720699999956,-27.396262399999955],[-49.633457599999986,-27.397122599999932],[-49.610335099999986,-27.387166699999966],[-49.565207199999975,-27.398719899999946],[-49.50399769999996,-27.34373819999996],[-49.495520699999986,-27.31810289999993],[-49.48050729999994,-27.30543709999995],[-49.48192059999997,-27.31958359999993],[-49.458301699999936,-27.35702169999996],[-49.47204799999997,-27.37490219999995],[-49.46283779999993,-27.408166299999948],[-49.469746499999985,-27.42513329999997],[-49.45865599999996,-27.43234819999998],[-49.48145999999997,-27.472473399999956],[-49.46587599999998,-27.460964199999978],[-49.472607799999935,-27.473868899999957],[-49.469452599999954,-27.488341499999933],[-49.44513779999994,-27.502034999999978],[-49.456142399999976,-27.50640999999996],[-49.47278659999995,-27.49496469999997],[-49.47913509999995,-27.528080699999975],[-49.452875699999936,-27.53686149999993],[-49.43573489999994,-27.514696799999967],[-49.411283899999944,-27.526246499999957],[-49.42378889999998,-27.53135069999996],[-49.42463189999995,-27.542208399999936],[-49.38136089999995,-27.52193649999998],[-49.38894209999995,-27.53955149999996],[-49.394498699999986,-27.535597999999936],[-49.395169299999964,-27.543709299999932],[-49.42255759999995,-27.55683019999998],[-49.42105419999996,-27.56485689999994],[-49.40976189999998,-27.55891889999998],[-49.40377059999997,-27.56084679999998],[-49.43654609999993,-27.58451759999997],[-49.472763499999985,-27.565927399999964],[-49.470879699999955,-27.555259399999954],[-49.48601119999995,-27.556582999999932],[-49.491039299999954,-27.535958999999934],[-49.502960299999984,-27.527350399999932],[-49.54638129999995,-27.511755599999958]]]}},{"id":"4441","type":"Feature","properties":{"COD_IBGE":"4208609","MUNICIPIO":"Jaborá","UF":"SC"},"geometry":{"type":"Polygon","coordinates":[[[-51.67890189999997,-27.11570779999994],[-51.687201699999946,-27.129755699999976],[-51.68043789999996,-27.15482469999995],[-51.69474079999998,-27.148918899999956],[-51.68547399999994,-27.183371999999963],[-51.733901999999944,-27.209721599999966],[-51.75471219999997,-27.20299609999995],[-51.772000599999956,-27.206772799999953],[-51.79601999999994,-27.19874779999998],[-51.80313669999998,-27.18419389999997],[-51.814734999999985,-27.187742199999946],[-51.826854999999966,-27.163366099999962],[-51.822155399999986,-27.145980099999974],[-51.859983899999975,-27.140433299999984],[-51.867442799999935,-27.133901099999946],[-51.86447979999997,-27.126383699999963],[-51.890517699999975,-27.10958899999997],[-51.88864159999997,-27.100461399999972],[-51.879002699999944,-27.10308139999995],[-51.88326179999996,-27.085382899999956],[-51.87397279999993,-27.08561499999996],[-51.85968509999998,-27.10150619999996],[-51.85273609999996,-27.08860119999997],[-51.84145119999994,-27.08677579999994],[-51.84427499999998,-27.097104499999944],[-51.83031959999994,-27.085740899999962],[-51.82082859999997,-27.099510899999927],[-51.81432309999997,-27.09091419999993],[-51.81979699999994,-27.085236099999975],[-51.80819119999995,-27.08033819999997],[-51.81171699999993,-27.087149199999942],[-51.80341539999995,-27.095970199999954],[-51.800089999999955,-27.08520969999995],[-51.78115349999996,-27.087607399999968],[-51.78374539999999,-27.078484799999956],[-51.77579309999993,-27.070933199999956],[-51.77050079999998,-27.081561199999953],[-51.75980519999996,-27.079273599999965],[-51.76212709999999,-27.09677769999996],[-51.75467329999998,-27.104923499999984],[-51.723704699999985,-27.11179969999995],[-51.700405599999954,-27.104621099999974],[-51.67890189999997,-27.11570779999994]]]}},{"id":"4442","type":"Feature","properties":{"COD_IBGE":"4208708","MUNICIPIO":"Jacinto Machado","UF":"SC"},"geometry":{"type":"Polygon","coordinates":[[[-49.77130269999998,-28.93877059999994],[-49.73994899999997,-28.961238999999978],[-49.70671629999998,-28.96625869999997],[-49.72571339999996,-29.003211199999953],[-49.698864699999945,-29.020490999999936],[-49.79862179999998,-29.068191199999944],[-49.805051499999934,-29.08400009999997],[-49.821725199999946,-29.08005469999995],[-49.83405929999998,-29.09200119999997],[-49.83194999999995,-29.12177429999997],[-49.851481399999955,-29.10279349999996],[-49.87532879999998,-29.09442219999994],[-49.916427099999964,-29.10307219999993],[-49.957590599999946,-29.068238099999974],[-49.943259799999964,-29.063540699999976],[-49.94618899999995,-29.056361399999957],[-49.95745569999997,-29.066565099999934],[-50.00441299999994,-29.07238159999997],[-49.96099869999995,-29.050807599999928],[-49.95628629999993,-29.035189599999967],[-49.94070229999994,-29.022325299999977],[-49.96599109999994,-29.02174629999996],[-49.945419999999956,-28.99216709999996],[-49.94243049999994,-29.001209399999937],[-49.94167999999996,-28.981433699999968],[-49.93442309999995,-28.985686399999963],[-49.92024159999994,-28.97876709999997],[-49.93094709999997,-28.975949899999932],[-49.93190409999994,-28.963157499999966],[-49.95802679999997,-28.96255149999996],[-49.955836499999975,-28.940148699999952],[-49.94498179999994,-28.941664299999957],[-49.949181099999976,-28.92456379999993],[-49.93046599999997,-28.92107629999998],[-49.89331419999996,-28.888115699999958],[-49.861577899999986,-28.879572499999938],[-49.83939299999997,-28.88211649999994],[-49.82800619999995,-28.891863199999932],[-49.80941259999997,-28.88723729999998],[-49.80848329999998,-28.894892599999935],[-49.76201069999996,-28.917047699999955],[-49.77130269999998,-28.93877059999994]]]}},{"id":"4443","type":"Feature","properties":{"COD_IBGE":"4208807","MUNICIPIO":"Jaguaruna","UF":"SC"},"geometry":{"type":"Polygon","coordinates":[[[-48.931898599999954,-28.649441899999943],[-49.18478659999994,-28.801485499999956],[-49.20738769999997,-28.786393799999928],[-49.20218719999997,-28.769843899999955],[-49.20721629999997,-28.76291729999997],[-49.19532929999997,-28.756522599999983],[-49.20354249999997,-28.74790799999994],[-49.17761329999996,-28.727539499999978],[-49.17398929999996,-28.698677199999963],[-49.113179799999955,-28.692840899999965],[-49.07567789999996,-28.668979699999966],[-49.085005499999966,-28.65510029999996],[-49.07016289999996,-28.644834499999945],[-49.07834619999994,-28.638641699999937],[-49.071361499999966,-28.627490999999964],[-49.10326569999995,-28.59294959999994],[-49.03010629999994,-28.549905099999933],[-49.02474719999998,-28.534833899999967],[-49.01585399999993,-28.534879299999943],[-48.99368249999998,-28.55866569999995],[-48.967943899999966,-28.555024199999934],[-48.96385139999995,-28.562482699999975],[-48.97092879999997,-28.57345259999994],[-48.94504209999997,-28.59439889999993],[-48.93173619999993,-28.591508999999974],[-48.90871219999997,-28.60579249999995],[-48.88704949999993,-28.596556199999952],[-48.863386299999945,-28.602190399999984],[-48.85801159999994,-28.61571609999993],[-48.931898599999954,-28.649441899999943]]]}},{"id":"4444","type":"Feature","properties":{"COD_IBGE":"4208906","MUNICIPIO":"Jaraguá do Sul","UF":"SC"},"geometry":{"type":"Polygon","coordinates":[[[-49.03197759999995,-26.476626499999952],[-49.01477629999994,-26.480812799999967],[-49.02828679999993,-26.488092199999983],[-49.01642069999997,-26.505446699999936],[-49.02159659999995,-26.516331999999977],[-49.053584899999976,-26.51588259999994],[-49.06086829999998,-26.543233999999927],[-49.08987419999994,-26.547843399999977],[-49.090237599999966,-26.56993879999993],[-49.10777809999996,-26.582157199999983],[-49.110249099999976,-26.61036299999995],[-49.13026769999993,-26.622070399999927],[-49.13419139999996,-26.63848729999995],[-49.16375309999995,-26.64866189999998],[-49.175298399999974,-26.613785699999937],[-49.197918399999935,-26.622162299999957],[-49.22313959999997,-26.62051459999998],[-49.221023299999956,-26.611721899999964],[-49.262423799999965,-26.616877599999953],[-49.28732859999997,-26.60430169999995],[-49.29901119999994,-26.571363799999972],[-49.28940419999998,-26.56052479999994],[-49.291367899999955,-26.547137299999974],[-49.24820159999996,-26.501075199999946],[-49.21304279999998,-26.48596329999998],[-49.21232299999997,-26.45861649999995],[-49.199033499999985,-26.446225099999936],[-49.20786259999994,-26.44053569999994],[-49.185441399999945,-26.434689299999945],[-49.18797289999998,-26.390115299999934],[-49.183982499999956,-26.382183899999973],[-49.166654499999936,-26.379915599999947],[-49.15841779999994,-26.359124299999962],[-49.16492699999998,-26.358468199999948],[-49.16032889999997,-26.35102889999996],[-49.169028899999944,-26.34262229999996],[-49.168198099999984,-26.308591699999965],[-49.25253719999995,-26.26846969999997],[-49.22776719999996,-26.26759569999996],[-49.231012299999975,-26.245964799999967],[-49.22265199999998,-26.23038209999993],[-49.20995359999995,-26.232293699999957],[-49.20260069999995,-26.220249099999933],[-49.169564899999955,-26.21802619999994],[-49.17551559999998,-26.26563349999998],[-49.16426819999998,-26.272139099999947],[-49.155394899999976,-26.301364399999954],[-49.143362199999956,-26.30326679999996],[-49.14613209999993,-26.32697289999993],[-49.109187599999984,-26.371136299999932],[-49.11648789999998,-26.382668799999976],[-49.10792719999995,-26.388265099999956],[-49.11349919999998,-26.39401449999997],[-49.095680699999946,-26.40121659999994],[-49.07342049999994,-26.43229649999995],[-49.04330249999998,-26.44740109999998],[-49.04407829999997,-26.453978099999972],[-49.02797959999998,-26.45698969999995],[-49.03643489999996,-26.467828099999963],[-49.03197759999995,-26.476626499999952]]]}},{"id":"4445","type":"Feature","properties":{"COD_IBGE":"4208955","MUNICIPIO":"Jardinópolis","UF":"SC"},"geometry":{"type":"Polygon","coordinates":[[[-52.91982999999993,-26.672532199999978],[-52.844856799999945,-26.66947449999998],[-52.84372109999998,-26.683926499999927],[-52.82587739999997,-26.701025399999935],[-52.819397899999956,-26.73785049999998],[-52.85925069999996,-26.74702179999997],[-52.87470349999995,-26.740538699999945],[-52.879042899999945,-26.754407799999967],[-52.91744269999998,-26.78329619999994],[-52.925404699999945,-26.77369639999995],[-52.91310099999998,-26.771778799999936],[-52.92350159999995,-26.76094139999998],[-52.90809369999994,-26.758376299999952],[-52.91531729999997,-26.747283399999958],[-52.897059199999944,-26.74124809999995],[-52.90361359999997,-26.729008799999974],[-52.910388499999954,-26.731453699999975],[-52.91344219999996,-26.717567299999928],[-52.88748549999997,-26.71668939999995],[-52.90371429999993,-26.705888999999956],[-52.88603199999994,-26.705501399999946],[-52.906908699999974,-26.695311999999944],[-52.89419619999995,-26.681938299999956],[-52.916875199999936,-26.681712999999945],[-52.91982999999993,-26.672532199999978]]]}},{"id":"4446","type":"Feature","properties":{"COD_IBGE":"4209003","MUNICIPIO":"Joaçaba","UF":"SC"},"geometry":{"type":"Polygon","coordinates":[[[-51.50067979999994,-27.17294009999995],[-51.510622299999966,-27.206440999999984],[-51.535820599999965,-27.203720699999963],[-51.531113199999936,-27.226143599999943],[-51.546033199999954,-27.242081199999973],[-51.54825129999995,-27.234316499999977],[-51.61208129999994,-27.217023599999948],[-51.63747889999996,-27.19938529999996],[-51.66885229999997,-27.201061299999935],[-51.68495599999994,-27.18660219999998],[-51.69474079999998,-27.148918899999956],[-51.68043789999996,-27.15482469999995],[-51.685722099999964,-27.12616309999993],[-51.648954799999956,-27.102819099999977],[-51.61805169999997,-27.040971599999978],[-51.60366299999998,-27.044284999999945],[-51.59937549999995,-27.068460999999957],[-51.572431999999935,-27.08360669999996],[-51.55674289999996,-27.108734599999934],[-51.51233679999996,-27.136157399999945],[-51.48042099999998,-27.145061599999963],[-51.48088759999996,-27.163229799999954],[-51.50067979999994,-27.17294009999995]]]}},{"id":"4447","type":"Feature","properties":{"COD_IBGE":"4209102","MUNICIPIO":"Joinville","UF":"SC"},"geometry":{"type":"Polygon","coordinates":[[[-48.73610259999998,-26.357861699999944],[-48.76624889999994,-26.35212189999993],[-48.80526949999995,-26.371380599999952],[-48.80850699999996,-26.39216099999993],[-48.82494139999994,-26.39959669999996],[-48.82448299999999,-26.413114699999937],[-48.80362189999994,-26.418749499999933],[-48.827896599999974,-26.452001399999972],[-48.877007599999956,-26.380513899999983],[-48.906197299999974,-26.373507399999937],[-48.923263599999984,-26.379878599999984],[-48.92427809999998,-26.416133899999977],[-48.93049849999994,-26.421209099999942],[-48.97496049999995,-26.395311299999946],[-49.002935899999954,-26.389777899999956],[-49.00376289999997,-26.367660399999977],[-49.02074529999993,-26.350506699999983],[-49.012181199999986,-26.32639599999993],[-48.996394599999974,-26.311738499999933],[-49.02718569999996,-26.30713899999995],[-49.03518089999994,-26.314090299999975],[-49.04534559999996,-26.306798499999957],[-49.06332229999998,-26.312711499999978],[-49.04968679999996,-26.284395099999983],[-49.028966099999934,-26.27309109999993],[-49.033244999999965,-26.261361799999975],[-49.04760859999993,-26.273320999999953],[-49.04483439999996,-26.279250299999944],[-49.057615399999975,-26.278583399999945],[-49.06214159999996,-26.29656989999995],[-49.082820899999945,-26.295046999999954],[-49.085883799999976,-26.32033649999994],[-49.095092199999954,-26.329980999999975],[-49.10690979999998,-26.317579999999964],[-49.10360749999995,-26.295412299999953],[-49.14474119999994,-26.316205699999955],[-49.143362199999956,-26.30326679999996],[-49.155394899999976,-26.301364399999954],[-49.16426819999998,-26.272139099999947],[-49.17568419999998,-26.26505069999996],[-49.169564899999955,-26.21802619999994],[-49.20260069999995,-26.220249099999933],[-49.19099149999994,-26.20022199999994],[-49.17637929999995,-26.207923299999948],[-49.16899719999998,-26.198253699999952],[-49.16998529999995,-26.17352079999995],[-49.18200649999994,-26.168905499999937],[-49.17819419999995,-26.158641699999976],[-49.189264099999946,-26.145646899999974],[-49.16049979999997,-26.13284239999996],[-49.158831099999986,-26.113893899999937],[-49.137635099999954,-26.11692359999995],[-49.130646499999955,-26.10035879999998],[-49.08946129999998,-26.08929969999997],[-49.07246509999993,-26.074827699999958],[-49.05181339999996,-26.078771699999947],[-49.042020399999956,-26.114046599999938],[-48.975178599999936,-26.125242699999944],[-48.82306449999993,-26.12016719999997],[-48.81742559999998,-26.12878809999995],[-48.793721999999946,-26.131631399999947],[-48.75721029999994,-26.19448689999996],[-48.76401109999995,-26.214948299999946],[-48.741544799999986,-26.26094779999994],[-48.73988579999997,-26.28635719999994],[-48.75812449999995,-26.29770529999996],[-48.72319849999997,-26.340194199999928],[-48.73610259999998,-26.357861699999944]]]}},{"id":"4448","type":"Feature","properties":{"COD_IBGE":"4209151","MUNICIPIO":"José Boiteux","UF":"SC"},"geometry":{"type":"Polygon","coordinates":[[[-49.68388409999994,-26.913755999999978],[-49.72330789999995,-26.91780749999998],[-49.77114729999994,-26.89334219999995],[-49.71905389999995,-26.85869669999994],[-49.705664999999954,-26.86857699999996],[-49.70559599999996,-26.846478799999943],[-49.75471729999998,-26.791667599999982],[-49.72699629999994,-26.763706799999966],[-49.71936329999994,-26.72260929999993],[-49.691819399999986,-26.69811029999994],[-49.68106609999995,-26.702868099999932],[-49.668376199999955,-26.739306299999953],[-49.65741689999993,-26.74190939999994],[-49.64428389999995,-26.77977379999993],[-49.629777399999966,-26.78248209999998],[-49.62416849999994,-26.775948299999982],[-49.61884839999993,-26.784986499999945],[-49.607493199999965,-26.784714599999973],[-49.58069059999997,-26.776468199999954],[-49.566954099999975,-26.783516599999928],[-49.543647599999986,-26.892857299999946],[-49.544467699999984,-26.913379299999974],[-49.57896699999998,-26.956278999999938],[-49.58150589999997,-27.002206599999965],[-49.59580669999997,-27.01083579999994],[-49.62985199999997,-26.996912299999963],[-49.65688579999994,-26.95880669999997],[-49.676108899999974,-26.94879579999997],[-49.68984469999998,-26.92888899999997],[-49.68388409999994,-26.913755999999978]]]}},{"id":"4449","type":"Feature","properties":{"COD_IBGE":"4209177","MUNICIPIO":"Jupiá","UF":"SC"},"geometry":{"type":"Polygon","coordinates":[[[-52.71889059999995,-26.35730099999995],[-52.67862199999996,-26.352675999999974],[-52.64495409999995,-26.380873399999928],[-52.666841499999975,-26.393485099999964],[-52.670709099999954,-26.411942799999963],[-52.68770319999993,-26.41048889999996],[-52.69429859999997,-26.415156399999944],[-52.68851579999995,-26.422458399999982],[-52.70710359999998,-26.422115899999937],[-52.71543769999994,-26.435432399999968],[-52.727910399999985,-26.43776589999993],[-52.72520989999998,-26.45780739999998],[-52.74054419999993,-26.46249679999994],[-52.73774739999993,-26.454196699999954],[-52.74648959999996,-26.445444299999963],[-52.74719609999994,-26.45811809999998],[-52.76834539999999,-26.455088099999955],[-52.76112729999994,-26.442754899999954],[-52.74851709999996,-26.44253249999997],[-52.76730219999996,-26.42936499999996],[-52.757987199999945,-26.413667799999928],[-52.76606209999994,-26.416028799999935],[-52.77085919999996,-26.408425999999963],[-52.762713099999985,-26.408213799999942],[-52.76038509999995,-26.397199299999954],[-52.77677159999996,-26.381924399999946],[-52.76277659999994,-26.353563099999974],[-52.73776319999996,-26.34218489999995],[-52.71889059999995,-26.35730099999995]]]}},{"id":"4450","type":"Feature","properties":{"COD_IBGE":"4209201","MUNICIPIO":"Lacerdópolis","UF":"SC"},"geometry":{"type":"Polygon","coordinates":[[[-51.52879739999997,-27.25265559999997],[-51.554566499999964,-27.264213499999983],[-51.55157849999995,-27.270743799999934],[-51.52546719999998,-27.270376599999963],[-51.52380849999997,-27.27756789999995],[-51.542945799999984,-27.283311499999968],[-51.565620499999966,-27.27457959999998],[-51.56269619999995,-27.296805099999972],[-51.57895759999997,-27.314308299999936],[-51.58348109999997,-27.29339959999993],[-51.595338099999935,-27.298341299999947],[-51.603478999999936,-27.287928299999976],[-51.59717569999998,-27.27110739999995],[-51.628136799999936,-27.255601499999955],[-51.63471409999994,-27.26150819999998],[-51.64853869999996,-27.23564049999993],[-51.633397499999944,-27.225311199999965],[-51.64755889999998,-27.214209599999947],[-51.65138779999995,-27.220282599999962],[-51.65646779999997,-27.20158609999993],[-51.63747889999996,-27.19938529999996],[-51.61208129999994,-27.217023599999948],[-51.53253029999996,-27.24138979999998],[-51.52879739999997,-27.25265559999997]]]}},{"id":"4451","type":"Feature","properties":{"COD_IBGE":"4209300","MUNICIPIO":"Lages","UF":"SC"},"geometry":{"type":"Polygon","coordinates":[[[-50.07691189999997,-27.785891599999957],[-50.06656739999994,-27.811233799999968],[-50.07226079999998,-27.840985399999965],[-50.09525899999994,-27.846018699999945],[-50.09594919999995,-27.85481079999994],[-50.107438799999954,-27.85733229999994],[-50.14133499999997,-27.853192999999976],[-50.168971899999974,-27.86904859999993],[-50.199749199999985,-27.863124399999947],[-50.214118499999984,-27.875176799999963],[-50.213011999999935,-27.89730389999994],[-50.20576429999994,-27.910173199999974],[-50.19251129999998,-27.914900399999965],[-50.18096819999994,-27.939741399999946],[-50.19796439999993,-27.97551219999997],[-50.19181299999997,-28.089305599999932],[-50.20136309999998,-28.109149699999932],[-50.172716899999955,-28.160267199999964],[-50.18782769999996,-28.163148999999976],[-50.17106359999997,-28.18527329999995],[-50.18332039999996,-28.191812699999957],[-50.16587059999995,-28.20114929999994],[-50.18015809999997,-28.208270899999945],[-50.192627899999934,-28.201107899999954],[-50.19156769999995,-28.218010599999957],[-50.203219399999966,-28.206015999999977],[-50.218246499999964,-28.20723789999994],[-50.23205859999996,-28.219389599999943],[-50.21753169999994,-28.222277799999972],[-50.21815239999995,-28.236379599999964],[-50.22638399999994,-28.233900199999937],[-50.22885309999998,-28.242883199999937],[-50.21651919999994,-28.250424299999963],[-50.23013649999996,-28.259130899999946],[-50.24517529999997,-28.25691859999995],[-50.24827589999995,-28.26445979999994],[-50.24423109999998,-28.290503299999955],[-50.23093469999998,-28.30135439999998],[-50.25534899999997,-28.303141799999935],[-50.25078819999993,-28.315210499999978],[-50.27814289999998,-28.311601699999983],[-50.27656269999994,-28.326930699999934],[-50.26543789999994,-28.32979219999993],[-50.271500799999956,-28.34296349999994],[-50.33588009999994,-28.367658399999982],[-50.33572579999998,-28.381519099999934],[-50.37943329999996,-28.373935099999983],[-50.387522899999965,-28.387922799999956],[-50.406371999999976,-28.394818399999963],[-50.40640069999995,-28.42419739999997],[-50.41750609999997,-28.42339099999998],[-50.42475539999998,-28.433301099999937],[-50.44659829999995,-28.424101399999984],[-50.45620699999995,-28.410825599999953],[-50.49957159999997,-28.412962299999947],[-50.52272929999998,-28.40324879999997],[-50.531492999999955,-28.406883299999947],[-50.528868099999954,-28.426748199999963],[-50.53801149999998,-28.429606699999965],[-50.56443359999997,-28.41412029999998],[-50.59116009999997,-28.382417699999962],[-50.625683599999945,-28.392057499999964],[-50.633290199999976,-28.378915999999947],[-50.62845029999994,-28.36459609999997],[-50.66523059999997,-28.33792459999995],[-50.65880219999997,-28.323495399999956],[-50.69522399999994,-28.28851949999995],[-50.695610699999975,-28.26991529999998],[-50.66607719999996,-28.254766099999983],[-50.66359609999995,-28.271011099999953],[-50.67289219999998,-28.28407219999997],[-50.63079719999996,-28.29657389999994],[-50.629706699999986,-28.286608299999955],[-50.602723899999944,-28.277243299999952],[-50.60065279999998,-28.26861059999993],[-50.598456099999964,-28.273636099999976],[-50.58883059999994,-28.265911099999983],[-50.58125609999996,-28.27507719999994],[-50.57411719999993,-28.254213899999968],[-50.56486389999998,-28.26047829999993],[-50.56115219999998,-28.251606699999968],[-50.54432779999996,-28.25060389999993],[-50.54697609999994,-28.237131099999942],[-50.535828299999935,-28.233877199999938],[-50.54001939999995,-28.223478899999975],[-50.51871889999995,-28.219523899999956],[-50.512407199999984,-28.21130059999996],[-50.51809939999998,-28.20727279999994],[-50.504669999999976,-28.19322889999995],[-50.522889099999986,-28.158753899999965],[-50.51652389999998,-28.144380799999965],[-50.525239399999975,-28.13761409999995],[-50.52204299999994,-28.129170199999976],[-50.47285139999997,-28.083294499999965],[-50.44647539999994,-28.081060799999932],[-50.42013399999996,-28.047163999999952],[-50.400878399999954,-28.04678229999996],[-50.38928309999994,-28.021718999999962],[-50.414137799999935,-28.005228299999942],[-50.39940349999995,-27.985386199999937],[-50.40377449999994,-27.97702909999998],[-50.371451099999945,-27.962800699999946],[-50.37163719999995,-27.93704379999997],[-50.354620599999976,-27.925490399999944],[-50.373019699999986,-27.906743699999936],[-50.37977859999995,-27.881151599999953],[-50.415968099999986,-27.869378299999937],[-50.412746099999936,-27.861020099999962],[-50.42484149999996,-27.868901299999948],[-50.42831789999997,-27.85970149999997],[-50.43697489999994,-27.87387119999994],[-50.44234369999998,-27.862088099999937],[-50.45546619999993,-27.866824099999974],[-50.464044799999954,-27.863781399999937],[-50.45858489999995,-27.855924199999947],[-50.46739489999993,-27.855826499999978],[-50.532061899999974,-27.874748199999942],[-50.57637809999994,-27.840418799999952],[-50.60522519999995,-27.832843999999966],[-50.61104759999995,-27.82317779999994],[-50.60577639999997,-27.817468099999928],[-50.61994649999997,-27.808475399999963],[-50.610934499999985,-27.80320779999994],[-50.610207299999956,-27.79075329999995],[-50.630575799999974,-27.785807499999976],[-50.627026899999976,-27.77432099999993],[-50.61474359999994,-27.77368759999996],[-50.627320399999974,-27.764864899999964],[-50.61468979999995,-27.755488399999933],[-50.64013459999995,-27.75953519999996],[-50.628124699999944,-27.731422899999927],[-50.64461659999995,-27.72602619999998],[-50.63952569999998,-27.71435219999995],[-50.62854809999993,-27.707595599999934],[-50.62375429999997,-27.71897679999995],[-50.60459599999996,-27.72903739999998],[-50.594743499999936,-27.709020799999962],[-50.58609789999997,-27.71436529999994],[-50.58124259999994,-27.70810249999994],[-50.57439979999998,-27.715674599999943],[-50.58175399999993,-27.730778099999952],[-50.574341999999945,-27.724234299999978],[-50.56777099999994,-27.733208399999967],[-50.557036299999936,-27.72403529999997],[-50.55091209999995,-27.734974799999975],[-50.54325069999993,-27.733927199999982],[-50.55641099999997,-27.752588299999957],[-50.54218849999995,-27.75169089999997],[-50.54448189999994,-27.764067599999976],[-50.52167979999996,-27.767975899999954],[-50.529668399999935,-27.776010499999984],[-50.517891299999974,-27.78721029999997],[-50.49543099999994,-27.776974999999936],[-50.49534629999994,-27.768579899999963],[-50.43373079999998,-27.77437709999998],[-50.40598149999994,-27.747691499999974],[-50.39449599999995,-27.74953199999993],[-50.390337199999976,-27.730061999999975],[-50.37831179999995,-27.729400599999963],[-50.36833919999998,-27.746810099999948],[-50.357178199999964,-27.737880899999936],[-50.35294309999995,-27.74685649999998],[-50.34284509999998,-27.740516299999967],[-50.32673889999995,-27.749669899999958],[-50.30900779999996,-27.748562599999957],[-50.29595679999994,-27.707752899999946],[-50.310247799999956,-27.677985699999965],[-50.27310649999998,-27.67585619999994],[-50.19432559999996,-27.63269349999996],[-50.18358829999994,-27.64244709999997],[-50.184432699999945,-27.65215699999993],[-50.16210959999995,-27.66701869999997],[-50.15054029999993,-27.653023599999983],[-50.13670959999996,-27.707669799999962],[-50.133862799999974,-27.694438799999944],[-50.104619699999944,-27.675867799999935],[-50.078539199999966,-27.62455149999994],[-50.06825729999997,-27.627148999999974],[-50.054715699999974,-27.61796869999995],[-50.049748499999964,-27.57944699999996],[-50.034230699999966,-27.584223899999984],[-50.01984999999996,-27.569431299999962],[-50.01296569999994,-27.580190199999947],[-50.029606599999966,-27.59331579999997],[-50.014576999999974,-27.603499399999976],[-50.021515299999976,-27.61397169999998],[-50.01244639999993,-27.624032099999965],[-50.02370969999998,-27.631830399999956],[-50.007979499999976,-27.63193769999998],[-49.99971579999993,-27.640683199999955],[-50.00198379999995,-27.673599499999966],[-50.01266829999997,-27.67239669999998],[-50.02714219999996,-27.692429799999957],[-50.031286499999965,-27.756654899999944],[-50.04572369999994,-27.774202299999956],[-50.06333139999998,-27.775046199999963],[-50.07691189999997,-27.785891599999957]]]}},{"id":"4452","type":"Feature","properties":{"COD_IBGE":"4209409","MUNICIPIO":"Laguna","UF":"SC"},"geometry":{"type":"MultiPolygon","coordinates":[[[[-48.76318539999994,-28.454295799999954],[-48.76032989999993,-28.495270199999936],[-48.75077989999994,-28.494199599999945],[-48.74457649999994,-28.496663299999966],[-48.74696119999993,-28.507207499999936],[-48.76136589999993,-28.517726899999957],[-48.76149449999997,-28.535485799999947],[-48.786801699999955,-28.55439139999993],[-48.78626729999996,-28.569147399999963],[-48.79563049999996,-28.56857439999993],[-48.815309999999954,-28.588226299999974],[-48.81382369999994,-28.60644579999996],[-48.85801159999994,-28.61571609999993],[-48.87181099999998,-28.59775079999997],[-48.90871219999997,-28.60579249999995],[-48.93173619999993,-28.591508999999974],[-48.94504209999997,-28.59439889999993],[-48.902108699999985,-28.53195349999993],[-48.92339599999997,-28.512662999999975],[-48.896000999999956,-28.52402479999995],[-48.89749359999996,-28.513634199999956],[-48.92520399999995,-28.49369299999995],[-48.91412599999995,-28.467209999999966],[-48.89038859999994,-28.468971099999976],[-48.88211419999993,-28.445933899999943],[-48.864318899999944,-28.446499099999983],[-48.852193899999975,-28.426993899999957],[-48.82350479999997,-28.42654989999994],[-48.83118889999997,-28.385137399999962],[-48.802882599999975,-28.355182399999933],[-48.761425799999984,-28.357063099999948],[-48.752544899999975,-28.34201029999997],[-48.75503329999998,-28.324853899999937],[-48.706329799999935,-28.34142079999998],[-48.742012099999954,-28.391360799999973],[-48.74691859999996,-28.415458199999932],[-48.73817289999994,-28.422981499999935],[-48.76318539999994,-28.454295799999954]]],[[[-48.82110269999998,-28.610472899999934],[-48.82185009999995,-28.61036299999995],[-48.82168959999996,-28.609902999999974],[-48.82110269999998,-28.610472899999934]]],[[[-48.71025559999998,-28.446492899999953],[-48.70767299999994,-28.448016399999972],[-48.71033109999996,-28.448194099999967],[-48.71025559999998,-28.446492899999953]]],[[[-48.75856249999998,-28.53854709999996],[-48.75921109999996,-28.540412499999945],[-48.760229799999934,-28.539136199999973],[-48.75856249999998,-28.53854709999996]]],[[[-48.75631839999994,-28.54073109999996],[-48.756092699999954,-28.54125389999996],[-48.756687899999974,-28.54096549999997],[-48.75631839999994,-28.54073109999996]]]]}},{"id":"4453","type":"Feature","properties":{"COD_IBGE":"4209458","MUNICIPIO":"Lajeado Grande","UF":"SC"},"geometry":{"type":"Polygon","coordinates":[[[-52.567747199999985,-26.84460439999998],[-52.55283039999995,-26.84150889999995],[-52.55888779999998,-26.810050299999943],[-52.550716499999965,-26.80085379999997],[-52.53282619999993,-26.810479999999927],[-52.52853639999995,-26.830195199999935],[-52.480751199999986,-26.844766299999947],[-52.470470999999975,-26.856770799999936],[-52.526815699999986,-26.877558799999974],[-52.55263519999994,-26.87496559999994],[-52.55726999999996,-26.885474199999976],[-52.58769259999997,-26.893301699999938],[-52.60735209999996,-26.885520799999938],[-52.62080109999994,-26.864845599999967],[-52.60503339999997,-26.860636099999965],[-52.60261319999995,-26.84381989999997],[-52.57757849999996,-26.843389699999932],[-52.57305579999996,-26.83483229999996],[-52.567747199999985,-26.84460439999998]]]}},{"id":"4454","type":"Feature","properties":{"COD_IBGE":"4209508","MUNICIPIO":"Laurentino","UF":"SC"},"geometry":{"type":"Polygon","coordinates":[[[-49.72670449999998,-27.144858599999964],[-49.71025769999994,-27.15115339999994],[-49.70543219999996,-27.185756199999958],[-49.68479789999998,-27.198677799999928],[-49.699379499999964,-27.206402099999934],[-49.690320199999974,-27.209845899999948],[-49.699420799999984,-27.216989599999977],[-49.69031649999994,-27.244394299999954],[-49.73496209999996,-27.262807599999974],[-49.755312499999945,-27.244993199999954],[-49.79257579999995,-27.25389089999993],[-49.802264399999956,-27.248287799999957],[-49.80329169999993,-27.238707399999953],[-49.78876559999998,-27.241356199999927],[-49.77714949999995,-27.22463399999998],[-49.76606289999995,-27.22178059999993],[-49.76986809999994,-27.212048799999934],[-49.75793259999995,-27.202144999999973],[-49.751678099999936,-27.175093499999946],[-49.76027009999996,-27.176199999999938],[-49.75504929999994,-27.152625099999966],[-49.72670449999998,-27.144858599999964]]]}},{"id":"4455","type":"Feature","properties":{"COD_IBGE":"4209607","MUNICIPIO":"Lauro Müller","UF":"SC"},"geometry":{"type":"Polygon","coordinates":[[[-49.340390199999945,-28.36536149999995],[-49.33910509999998,-28.401293899999928],[-49.33326539999996,-28.404446099999973],[-49.34272979999997,-28.409712699999943],[-49.33769349999994,-28.421831099999963],[-49.36326219999995,-28.41177639999995],[-49.367372899999964,-28.43748409999995],[-49.39748119999996,-28.464761299999964],[-49.43472499999996,-28.45783659999995],[-49.46826059999995,-28.437493899999936],[-49.47633049999996,-28.443670699999927],[-49.53059889999997,-28.43958639999994],[-49.53575729999994,-28.429446199999973],[-49.55086479999994,-28.44127709999998],[-49.56087359999998,-28.435302399999955],[-49.55753889999994,-28.42593869999996],[-49.56709429999995,-28.416068399999972],[-49.54420159999995,-28.401716199999953],[-49.55276689999994,-28.40052869999994],[-49.54214549999995,-28.382194099999936],[-49.55113959999994,-28.38462409999994],[-49.55883289999997,-28.372637699999927],[-49.550271399999986,-28.36687749999993],[-49.55122759999995,-28.352957699999934],[-49.53027099999997,-28.345204699999954],[-49.54600499999998,-28.345051799999965],[-49.53458429999995,-28.331968999999958],[-49.53173129999993,-28.30634649999996],[-49.48298159999996,-28.304245799999933],[-49.457898599999965,-28.32132279999996],[-49.42451989999995,-28.318362699999966],[-49.40603859999993,-28.335751899999934],[-49.36085669999994,-28.34096829999993],[-49.35850499999998,-28.363070599999958],[-49.340390199999945,-28.36536149999995]]]}},{"id":"4456","type":"Feature","properties":{"COD_IBGE":"4209706","MUNICIPIO":"Lebon Régis","UF":"SC"},"geometry":{"type":"Polygon","coordinates":[[[-50.731849799999964,-27.07056369999998],[-50.73316189999997,-27.058153299999958],[-50.72065629999997,-27.059861599999977],[-50.73218459999998,-27.03359919999997],[-50.750828499999955,-27.031559999999956],[-50.733659999999986,-27.020138199999963],[-50.75036559999995,-27.00976469999995],[-50.744280199999935,-27.000455899999963],[-50.759409199999936,-27.002776599999947],[-50.76660459999994,-26.98819469999995],[-50.764385499999946,-26.997740799999974],[-50.78151479999997,-26.991888899999935],[-50.776534399999946,-26.999647099999947],[-50.78460769999998,-26.99805349999997],[-50.781451499999946,-27.00372269999997],[-50.802206499999954,-27.01368119999995],[-50.79761069999995,-26.99833739999997],[-50.82505869999994,-26.990201799999966],[-50.82227579999994,-26.97714549999995],[-50.83361679999996,-26.967326899999932],[-50.834009299999934,-26.941748099999984],[-50.84798839999996,-26.92317019999996],[-50.83835659999994,-26.902494799999943],[-50.851011599999936,-26.852788699999962],[-50.83127749999994,-26.830265899999972],[-50.819988499999965,-26.79790689999993],[-50.79639149999997,-26.77777969999994],[-50.80008699999996,-26.768466399999966],[-50.78337739999995,-26.75736109999997],[-50.811291799999935,-26.743127199999947],[-50.82899899999995,-26.721190999999976],[-50.830259499999954,-26.69601169999993],[-50.807076999999936,-26.667075499999953],[-50.80659229999998,-26.65518929999996],[-50.783147499999984,-26.682371899999964],[-50.75650869999998,-26.692265299999974],[-50.74996539999995,-26.681607799999938],[-50.72005819999998,-26.687276899999972],[-50.718496699999946,-26.676334699999927],[-50.70392499999997,-26.67437209999997],[-50.702477999999985,-26.660612899999933],[-50.67592849999994,-26.661883399999965],[-50.653269999999964,-26.68580099999997],[-50.64953819999994,-26.71342119999997],[-50.635748099999944,-26.713285999999982],[-50.60304659999997,-26.740225599999974],[-50.59092629999998,-26.73920549999997],[-50.584035599999936,-26.755198699999937],[-50.57361079999998,-26.755573699999957],[-50.561539599999946,-26.770952499999964],[-50.54900249999997,-26.766918799999928],[-50.54530049999994,-26.77511099999998],[-50.51881109999994,-26.78470649999997],[-50.50632319999994,-26.80782259999995],[-50.48481869999995,-26.817734599999937],[-50.51240779999995,-26.826158199999952],[-50.51994429999996,-26.821742299999983],[-50.541837999999984,-26.83476059999998],[-50.55288059999998,-26.828580699999975],[-50.58732679999997,-26.861478999999974],[-50.57432449999993,-26.87061579999994],[-50.58845119999995,-26.874491199999966],[-50.58343759999997,-26.89403379999993],[-50.590286499999934,-26.891810299999975],[-50.599751099999935,-26.908715299999983],[-50.59105559999995,-26.928424199999938],[-50.619154099999946,-26.953713599999958],[-50.60907969999994,-26.96943699999997],[-50.613742599999966,-26.975202099999933],[-50.603026399999976,-26.973249099999975],[-50.601167799999985,-26.98484119999995],[-50.60573519999997,-26.992414999999937],[-50.62515199999996,-26.990152799999976],[-50.61850659999993,-27.001193099999966],[-50.631365399999936,-27.00949499999996],[-50.636897199999964,-27.02916099999993],[-50.65634229999995,-27.02739349999996],[-50.650372199999936,-27.04155339999994],[-50.663755299999934,-27.05882289999994],[-50.657383299999935,-27.065175799999963],[-50.67216259999998,-27.069487099999947],[-50.65856199999996,-27.08939689999994],[-50.68730399999998,-27.083120299999962],[-50.68850459999993,-27.093677499999956],[-50.718352599999946,-27.09989889999997],[-50.72258359999995,-27.09134219999993],[-50.713297299999965,-27.08538379999993],[-50.731849799999964,-27.07056369999998]]]}},{"id":"4457","type":"Feature","properties":{"COD_IBGE":"4209805","MUNICIPIO":"Leoberto Leal","UF":"SC"},"geometry":{"type":"Polygon","coordinates":[[[-49.30572069999994,-27.599596599999984],[-49.300714899999946,-27.583719299999927],[-49.31308919999998,-27.583666199999982],[-49.328111999999976,-27.557124199999976],[-49.31907119999994,-27.54635399999995],[-49.32624059999995,-27.52462749999995],[-49.29281699999996,-27.476331899999934],[-49.30178659999996,-27.451484299999947],[-49.29459809999997,-27.444156799999973],[-49.29592309999998,-27.429295699999955],[-49.31122739999995,-27.397105599999975],[-49.294839199999956,-27.374587599999984],[-49.29705219999994,-27.35916089999995],[-49.267924499999936,-27.33014849999995],[-49.224082099999976,-27.32123059999998],[-49.21125079999996,-27.330348699999945],[-49.194339799999966,-27.330132399999968],[-49.16139119999997,-27.37127899999996],[-49.181123499999956,-27.38495279999995],[-49.188072699999964,-27.407576699999936],[-49.220748199999946,-27.41990899999996],[-49.21429269999993,-27.432347799999945],[-49.22365159999998,-27.442157599999973],[-49.21896849999996,-27.46759149999997],[-49.22610069999996,-27.47563969999993],[-49.21794819999997,-27.483743999999945],[-49.243065599999966,-27.502554699999962],[-49.262766699999986,-27.571937599999956],[-49.22656939999996,-27.619535799999937],[-49.209194699999955,-27.629273999999953],[-49.20144739999995,-27.646855199999948],[-49.213937699999974,-27.65521659999996],[-49.271762699999954,-27.64953959999997],[-49.283601799999985,-27.642922399999975],[-49.30572069999994,-27.599596599999984]]]}},{"id":"4458","type":"Feature","properties":{"COD_IBGE":"4209854","MUNICIPIO":"Lindóia do Sul","UF":"SC"},"geometry":{"type":"Polygon","coordinates":[[[-52.09557659999996,-27.05464859999995],[-52.11930709999996,-27.05658029999995],[-52.12284969999996,-27.04113629999995],[-52.127234199999975,-27.00696279999994],[-52.106322999999975,-26.99656099999993],[-52.118504299999984,-26.982119599999976],[-52.110384299999964,-26.955236699999944],[-52.09330129999995,-26.945417299999974],[-52.081758099999945,-26.95163489999993],[-52.072146799999985,-26.941709899999978],[-52.06706779999996,-26.95962499999996],[-52.055155999999954,-26.96065679999998],[-52.05558679999996,-26.95111289999994],[-52.04233409999995,-26.957135199999982],[-52.04060479999998,-26.94614219999994],[-52.03181429999995,-26.942391399999963],[-52.02377319999994,-26.949627299999975],[-52.01399569999995,-26.941300599999977],[-51.99764159999995,-26.983302599999945],[-52.00692479999998,-26.984642899999983],[-52.00436449999995,-26.99998039999997],[-52.019938999999965,-27.019498299999952],[-52.00635559999995,-27.021182499999952],[-52.00772879999994,-27.036253699999975],[-51.99543229999995,-27.039253799999983],[-51.996231499999965,-27.134795099999963],[-52.01355069999994,-27.125621699999954],[-52.01803589999997,-27.139427799999964],[-52.04641419999996,-27.14051109999997],[-52.04748139999998,-27.118016799999964],[-52.053489799999966,-27.115116299999954],[-52.04500029999997,-27.110273399999983],[-52.04734739999998,-27.09792669999996],[-52.06433599999997,-27.09985309999996],[-52.06397769999995,-27.080795999999964],[-52.083427599999936,-27.080921299999943],[-52.09557659999996,-27.05464859999995]]]}},{"id":"4459","type":"Feature","properties":{"COD_IBGE":"4209904","MUNICIPIO":"Lontras","UF":"SC"},"geometry":{"type":"Polygon","coordinates":[[[-49.54414499999996,-27.22261169999996],[-49.57592239999997,-27.170573899999965],[-49.57215899999994,-27.143122499999947],[-49.590310399999964,-27.14271709999997],[-49.592028599999935,-27.128012099999978],[-49.54527809999996,-27.11519979999997],[-49.517808299999956,-27.135854999999935],[-49.51808689999996,-27.113625599999978],[-49.50009989999995,-27.107409099999984],[-49.51950389999996,-27.081597699999975],[-49.495573899999954,-27.07880899999998],[-49.467380799999944,-27.105140199999937],[-49.45613989999998,-27.153190499999937],[-49.46343049999996,-27.171051899999952],[-49.440300699999966,-27.18692219999997],[-49.456705699999986,-27.199280899999962],[-49.46275579999997,-27.223842699999977],[-49.44619519999998,-27.254292199999952],[-49.45139679999994,-27.27073839999997],[-49.490680199999986,-27.30068069999993],[-49.49919529999994,-27.297387499999957],[-49.51174249999997,-27.276337999999953],[-49.53035669999997,-27.270879799999932],[-49.54578129999993,-27.249072399999932],[-49.552117099999975,-27.234063299999946],[-49.54414499999996,-27.22261169999996]]]}},{"id":"4460","type":"Feature","properties":{"COD_IBGE":"4210001","MUNICIPIO":"Luiz Alves","UF":"SC"},"geometry":{"type":"Polygon","coordinates":[[[-48.89844939999995,-26.76270939999995],[-48.97061409999998,-26.78983089999997],[-48.98722349999997,-26.80878789999997],[-49.000484599999936,-26.802706199999932],[-49.00108679999994,-26.78604809999996],[-49.02165299999996,-26.78896469999995],[-49.03619629999997,-26.772528299999976],[-49.01458429999997,-26.76348829999995],[-49.012916099999984,-26.745597699999962],[-48.99541009999996,-26.747375099999942],[-48.989889699999935,-26.736855099999957],[-48.980065199999956,-26.736547499999972],[-48.93701509999994,-26.693637899999942],[-48.917751599999974,-26.64493299999998],[-48.909725099999946,-26.65191159999995],[-48.90078379999994,-26.64838279999998],[-48.89859069999994,-26.658475899999928],[-48.885539999999935,-26.65825229999996],[-48.879713599999945,-26.641736099999946],[-48.841768299999956,-26.62679389999994],[-48.83144719999996,-26.63993499999998],[-48.81724929999996,-26.63838089999996],[-48.81553239999994,-26.65709929999997],[-48.808064499999944,-26.657631599999945],[-48.801288399999976,-26.67802729999994],[-48.806764199999975,-26.697767099999965],[-48.800706899999966,-26.713205199999948],[-48.823027199999956,-26.74393939999993],[-48.82338749999997,-26.760987899999975],[-48.810514499999954,-26.768717099999947],[-48.81113719999996,-26.789729299999976],[-48.795338699999945,-26.80658349999993],[-48.82148179999996,-26.82315209999996],[-48.89844939999995,-26.76270939999995]]]}},{"id":"4461","type":"Feature","properties":{"COD_IBGE":"4210035","MUNICIPIO":"Luzerna","UF":"SC"},"geometry":{"type":"Polygon","coordinates":[[[-51.44088869999996,-27.133604099999957],[-51.47516009999998,-27.13357869999993],[-51.48446329999996,-27.145132699999976],[-51.524351199999955,-27.130018399999983],[-51.55674289999996,-27.108734599999934],[-51.572431999999935,-27.08360669999996],[-51.59136629999995,-27.07861509999998],[-51.60209929999996,-27.062130399999944],[-51.600221199999964,-27.05156729999993],[-51.569547399999976,-27.048248099999967],[-51.54247389999995,-27.05603489999993],[-51.51861489999993,-27.045600599999943],[-51.50533789999997,-27.049405199999967],[-51.50308789999997,-27.058275599999945],[-51.48953279999995,-27.04859799999997],[-51.49577339999996,-27.054964299999938],[-51.49140209999996,-27.061802299999954],[-51.47986599999996,-27.05201429999994],[-51.48202619999995,-27.04499569999996],[-51.475742099999934,-27.05386889999994],[-51.466511099999934,-27.050247299999967],[-51.47407389999995,-27.060066999999947],[-51.46484899999996,-27.058506399999942],[-51.45805729999995,-27.07195029999997],[-51.435481299999935,-27.070793999999978],[-51.43481549999996,-27.064927799999964],[-51.42970419999995,-27.07536669999996],[-51.43557699999997,-27.08202529999994],[-51.42596629999997,-27.084276599999953],[-51.44088869999996,-27.133604099999957]]]}},{"id":"4462","type":"Feature","properties":{"COD_IBGE":"4210050","MUNICIPIO":"Macieira","UF":"SC"},"geometry":{"type":"Polygon","coordinates":[[[-51.337296099999946,-26.87655499999994],[-51.43647989999994,-26.855774999999937],[-51.426012699999944,-26.83232289999995],[-51.46972069999998,-26.80254869999993],[-51.46797559999993,-26.785940099999948],[-51.447789599999965,-26.77241639999994],[-51.41172299999994,-26.720944499999973],[-51.37872289999996,-26.737103299999944],[-51.335184099999935,-26.735405999999955],[-51.28575109999997,-26.76523229999998],[-51.25543789999995,-26.77388439999993],[-51.238246699999934,-26.801616999999965],[-51.236649399999976,-26.814277699999934],[-51.24399869999996,-26.81714779999993],[-51.234918499999935,-26.825968599999953],[-51.27705099999997,-26.85077739999997],[-51.28206839999996,-26.863307299999974],[-51.27180589999995,-26.85953479999995],[-51.27063549999997,-26.867042099999935],[-51.28245609999993,-26.878704099999936],[-51.32410029999994,-26.86587839999993],[-51.337296099999946,-26.87655499999994]]]}},{"id":"4463","type":"Feature","properties":{"COD_IBGE":"4210100","MUNICIPIO":"Mafra","UF":"SC"},"geometry":{"type":"Polygon","coordinates":[[[-49.808006999999975,-26.303867599999933],[-49.85388379999995,-26.239278499999955],[-49.87350339999995,-26.250803899999937],[-49.88966979999998,-26.24698499999994],[-49.899107399999934,-26.23079599999994],[-49.90759659999998,-26.246585299999936],[-49.96142279999998,-26.257136699999933],[-49.980402099999935,-26.27829339999994],[-50.00022779999995,-26.279930399999955],[-50.017428999999936,-26.264584999999954],[-50.03184079999994,-26.268932999999947],[-50.037811199999965,-26.263539799999933],[-50.06641119999995,-26.283127099999945],[-50.08844499999998,-26.27150309999996],[-50.09154369999993,-26.279437799999982],[-50.10973539999998,-26.273265599999945],[-50.11570369999998,-26.281555899999944],[-50.12377379999998,-26.272587399999964],[-50.11234829999995,-26.258297699999957],[-50.14849519999996,-26.24845369999997],[-50.136580299999935,-26.238582399999927],[-50.14567549999998,-26.227238899999975],[-50.139896799999974,-26.22208729999994],[-50.149783799999966,-26.22090049999997],[-50.15352709999996,-26.21056939999994],[-50.14376069999997,-26.20012739999993],[-50.12570859999994,-26.20460559999998],[-50.136297499999955,-26.174351499999943],[-50.12714859999994,-26.164467699999932],[-50.14310789999996,-26.167929799999968],[-50.14541609999998,-26.151810799999964],[-50.16077829999995,-26.143795099999977],[-50.153968599999985,-26.136224999999968],[-50.164304399999935,-26.12419019999993],[-50.16778089999997,-26.134660399999973],[-50.172112399999946,-26.131907399999932],[-50.167314499999975,-26.116490299999953],[-50.18266379999994,-26.115448199999946],[-50.18972669999994,-26.090494899999953],[-50.20793539999994,-26.08076699999998],[-50.189759599999945,-26.069986599999936],[-50.17824019999995,-26.07872009999994],[-50.17325519999997,-26.06362249999995],[-50.15539259999997,-26.04921079999997],[-50.15526379999994,-26.03835449999997],[-50.16892629999995,-26.041356999999948],[-50.18036289999998,-26.032884299999978],[-50.16964459999997,-26.025098699999944],[-50.14016319999996,-26.026583399999936],[-50.148239099999955,-26.05831969999997],[-50.13155409999996,-26.042273299999977],[-50.11840079999996,-26.063622799999962],[-50.11617519999999,-26.050988399999937],[-50.105979899999966,-26.057923199999948],[-50.081658699999934,-26.02384879999994],[-50.07619779999993,-26.046409299999937],[-50.071343499999955,-26.034889299999975],[-50.036179999999945,-26.027016599999968],[-50.00477659999996,-26.04582469999997],[-50.01042129999996,-26.013134999999977],[-49.97745439999994,-26.01368229999997],[-49.96468219999997,-26.02280019999995],[-49.967224399999964,-26.041680999999983],[-49.977759299999946,-26.052831899999944],[-49.97236359999994,-26.058392099999935],[-49.94795279999994,-26.030319799999972],[-49.96078899999998,-26.02098449999994],[-49.94266619999996,-26.008522599999935],[-49.93396769999998,-26.017704099999946],[-49.94061439999996,-26.02671319999996],[-49.93506649999995,-26.033141499999942],[-49.91479019999997,-26.025422899999967],[-49.89954489999997,-26.034964299999956],[-49.89077249999997,-26.029365499999983],[-49.864732699999934,-26.03554719999994],[-49.87124669999997,-26.043792199999928],[-49.86086149999994,-26.05713529999997],[-49.840367399999934,-26.064818999999943],[-49.831695399999944,-26.053096299999936],[-49.83453209999993,-26.069283799999937],[-49.843525599999964,-26.072918199999947],[-49.829569499999934,-26.06929779999996],[-49.82458909999997,-26.093754099999956],[-49.80705399999994,-26.088909399999977],[-49.804524199999946,-26.10816269999998],[-49.79300509999996,-26.11345659999995],[-49.78736879999997,-26.098461099999952],[-49.77753319999994,-26.12011719999998],[-49.767809599999964,-26.110367399999973],[-49.77855439999996,-26.10781819999994],[-49.77375029999996,-26.100892199999976],[-49.74993059999997,-26.122233199999982],[-49.74896409999997,-26.14011809999994],[-49.72503029999996,-26.14416289999997],[-49.73725009999998,-26.15753479999995],[-49.72753299999994,-26.17143599999997],[-49.71145549999994,-26.15432359999994],[-49.690583699999934,-26.177112199999954],[-49.676900899999964,-26.176068699999973],[-49.691236199999935,-26.189305599999955],[-49.65368999999998,-26.186959899999977],[-49.65091529999995,-26.208362999999963],[-49.64391999999998,-26.210082099999966],[-49.63432949999998,-26.202580599999976],[-49.63365939999994,-26.18992339999994],[-49.62534739999995,-26.20167779999997],[-49.634588399999984,-26.209019299999966],[-49.603643799999986,-26.213907999999947],[-49.60312209999995,-26.226712499999962],[-49.611820199999954,-26.225950799999964],[-49.617687899999964,-26.23470229999998],[-49.613067299999955,-26.24017669999995],[-49.622469499999966,-26.24290659999997],[-49.61682539999998,-26.252630599999975],[-49.62690879999997,-26.27177919999997],[-49.62027109999997,-26.279941899999983],[-49.633129199999985,-26.28805479999994],[-49.61750539999997,-26.292221599999948],[-49.632093699999984,-26.294430099999943],[-49.63385079999995,-26.30590099999995],[-49.61071049999998,-26.313043799999946],[-49.62162149999995,-26.320222299999955],[-49.611211099999935,-26.335910299999966],[-49.62540869999998,-26.330075499999964],[-49.626385599999935,-26.343978899999968],[-49.64064449999995,-26.34132059999996],[-49.65255549999995,-26.350991999999962],[-49.64407559999995,-26.354459299999974],[-49.650278199999946,-26.355074199999933],[-49.65038789999994,-26.36559909999994],[-49.635330599999975,-26.36115499999994],[-49.64089539999998,-26.368414799999982],[-49.63204549999995,-26.371677999999974],[-49.63329539999995,-26.38016879999998],[-49.639098899999965,-26.37417199999993],[-49.66524019999997,-26.378980699999943],[-49.67632519999995,-26.393287699999973],[-49.69017359999998,-26.387999099999945],[-49.69736029999996,-26.40674329999996],[-49.70877449999995,-26.406463799999983],[-49.71228989999997,-26.42425949999995],[-49.714120299999934,-26.412635399999942],[-49.72648369999996,-26.428644299999974],[-49.72969869999997,-26.41712599999994],[-49.74735139999996,-26.43399789999995],[-49.743708399999946,-26.445322199999964],[-49.761940299999935,-26.460816799999975],[-49.74950089999993,-26.469829999999945],[-49.81068479999993,-26.487599699999976],[-49.814232199999935,-26.46900059999996],[-49.781758199999956,-26.427075599999966],[-49.820237099999986,-26.366611599999942],[-49.79815629999996,-26.334586299999955],[-49.81379499999997,-26.324932599999954],[-49.806732599999975,-26.313878099999954],[-49.81420399999996,-26.306849299999953],[-49.808006999999975,-26.303867599999933]]]}},{"id":"4464","type":"Feature","properties":{"COD_IBGE":"4210209","MUNICIPIO":"Major Gercino","UF":"SC"},"geometry":{"type":"Polygon","coordinates":[[[-49.00935649999997,-27.372414599999956],[-48.97581999999994,-27.351351299999976],[-48.96894629999997,-27.338062399999956],[-48.942413699999975,-27.338560299999983],[-48.92439269999994,-27.36626789999997],[-48.90071429999995,-27.381090599999936],[-48.90864409999995,-27.42191939999998],[-48.88317089999998,-27.431304999999952],[-48.91830489999995,-27.46153389999995],[-48.95423989999995,-27.448600899999974],[-48.97224099999994,-27.45497819999997],[-48.98921279999996,-27.450181399999963],[-49.01893849999993,-27.482196199999976],[-49.033132499999965,-27.483744899999976],[-49.03861529999995,-27.46073279999996],[-49.04926549999993,-27.456055499999934],[-49.04236369999995,-27.444741299999976],[-49.057656899999984,-27.451192999999932],[-49.06772309999997,-27.446623599999953],[-49.094204099999956,-27.470332799999937],[-49.09815409999993,-27.48534369999993],[-49.112733799999944,-27.48640729999994],[-49.12599899999998,-27.502369899999962],[-49.15172019999994,-27.491138999999976],[-49.17086489999997,-27.492816999999945],[-49.181718599999954,-27.503229399999952],[-49.193218799999954,-27.496647499999938],[-49.211687799999936,-27.500202899999977],[-49.22470849999996,-27.491344399999946],[-49.21792339999996,-27.48355349999997],[-49.22608319999995,-27.475774899999976],[-49.21896849999996,-27.46759149999997],[-49.223767399999986,-27.442585899999983],[-49.21428489999994,-27.432198099999937],[-49.221178899999984,-27.421613699999966],[-49.212319399999956,-27.41308669999995],[-49.18758849999995,-27.407474099999945],[-49.14120019999996,-27.42603839999998],[-49.12749119999995,-27.419603999999936],[-49.11657139999994,-27.39637849999997],[-49.08192159999993,-27.403858599999978],[-49.06296579999997,-27.398005699999942],[-49.03836519999993,-27.37538369999993],[-49.00935649999997,-27.372414599999956]]]}},{"id":"4465","type":"Feature","properties":{"COD_IBGE":"4210308","MUNICIPIO":"Major Vieira","UF":"SC"},"geometry":{"type":"Polygon","coordinates":[[[-50.28833879999996,-26.371381799999938],[-50.27967909999995,-26.393773599999975],[-50.293200499999955,-26.40954789999995],[-50.28651899999994,-26.418513099999927],[-50.26527119999997,-26.406645999999967],[-50.274884199999974,-26.422915899999964],[-50.26641209999997,-26.44887639999996],[-50.26992069999994,-26.46879189999993],[-50.26036719999996,-26.47647999999998],[-50.26097489999995,-26.49279389999998],[-50.24999999999994,-26.50066259999994],[-50.24263979999995,-26.495770299999947],[-50.23542149999997,-26.504729399999974],[-50.234235499999954,-26.52915729999995],[-50.24732599999993,-26.539799099999982],[-50.26273829999997,-26.527907599999935],[-50.273414199999934,-26.53036089999995],[-50.27239419999995,-26.54159169999997],[-50.29290929999996,-26.544552599999975],[-50.30258919999994,-26.561653299999932],[-50.325165399999946,-26.55754419999994],[-50.34055989999996,-26.57187719999996],[-50.36386689999995,-26.574699799999962],[-50.36051979999996,-26.594421599999976],[-50.37379129999994,-26.60724739999995],[-50.375158899999974,-26.626209099999983],[-50.387152399999934,-26.641181999999958],[-50.413339399999984,-26.650236199999938],[-50.420352599999944,-26.642461999999966],[-50.44105879999995,-26.65306789999994],[-50.425613399999975,-26.66973939999997],[-50.43717929999997,-26.697434199999975],[-50.41661419999997,-26.716199999999958],[-50.414137799999935,-26.729188999999963],[-50.43234339999998,-26.71429349999994],[-50.47196969999993,-26.700269799999944],[-50.46846019999998,-26.66339849999997],[-50.492617999999936,-26.648040399999957],[-50.48925429999997,-26.63548389999994],[-50.46207479999998,-26.626490099999955],[-50.45189339999996,-26.61460939999995],[-50.43855729999996,-26.616853399999968],[-50.42577669999997,-26.60456839999995],[-50.409501699999964,-26.60840129999997],[-50.41193839999994,-26.60004209999994],[-50.419204599999944,-26.60571479999993],[-50.44525149999998,-26.589368499999978],[-50.43305989999993,-26.574087299999974],[-50.41635629999996,-26.58058239999997],[-50.40093959999996,-26.560383899999977],[-50.454029799999944,-26.502782899999943],[-50.444289099999935,-26.47598849999997],[-50.44826599999993,-26.462737499999946],[-50.43499809999997,-26.45125079999997],[-50.43353659999997,-26.428676199999927],[-50.41706889999995,-26.410472399999946],[-50.42296939999994,-26.378281999999956],[-50.40938099999994,-26.363540799999953],[-50.40775049999996,-26.344730099999936],[-50.370450999999946,-26.334622899999943],[-50.324271299999964,-26.29585449999996],[-50.298747599999956,-26.29540819999994],[-50.29578809999998,-26.28682219999996],[-50.287102999999945,-26.292452799999978],[-50.27598589999997,-26.324720399999933],[-50.28501759999995,-26.33333669999996],[-50.28033789999995,-26.337899999999934],[-50.28833879999996,-26.371381799999938]]]}},{"id":"4466","type":"Feature","properties":{"COD_IBGE":"4210407","MUNICIPIO":"Maracajá","UF":"SC"},"geometry":{"type":"Polygon","coordinates":[[[-49.46589549999993,-28.88911109999998],[-49.48919429999995,-28.882100099999946],[-49.513599599999964,-28.891844999999932],[-49.52147519999994,-28.861889599999984],[-49.51515789999996,-28.853290499999957],[-49.50678629999993,-28.856894099999977],[-49.50619109999997,-28.848795999999936],[-49.489067699999964,-28.850180999999964],[-49.48991019999994,-28.844107399999928],[-49.45390379999998,-28.84589969999996],[-49.44584199999997,-28.841168099999948],[-49.44766709999993,-28.829887699999972],[-49.431996099999935,-28.827095799999938],[-49.42492269999997,-28.814542099999983],[-49.39786339999995,-28.833624399999962],[-49.43272069999995,-28.90930949999995],[-49.45977779999998,-28.901740699999948],[-49.46589549999993,-28.88911109999998]]]}},{"id":"4467","type":"Feature","properties":{"COD_IBGE":"4210506","MUNICIPIO":"Maravilha","UF":"SC"},"geometry":{"type":"Polygon","coordinates":[[[-53.159439299999974,-26.71957989999993],[-53.10556619999994,-26.729722299999935],[-53.11043179999996,-26.739258099999972],[-53.10120789999996,-26.74668479999997],[-53.110388099999966,-26.750763999999947],[-53.090855999999974,-26.76652569999993],[-53.125950399999965,-26.784850499999948],[-53.12071579999997,-26.808633099999952],[-53.19650169999994,-26.801537999999937],[-53.20483049999996,-26.808118099999945],[-53.21725689999994,-26.80310469999995],[-53.21721519999994,-26.810682799999938],[-53.23456429999993,-26.815945599999964],[-53.27705019999996,-26.78180969999994],[-53.29569799999996,-26.784487199999944],[-53.29778639999995,-26.76867199999998],[-53.30555209999994,-26.765624899999978],[-53.29808959999997,-26.74885219999993],[-53.28856209999998,-26.746681899999942],[-53.29285299999998,-26.73840699999994],[-53.27031519999997,-26.71793359999998],[-53.22940139999997,-26.71806779999997],[-53.210283499999946,-26.725859999999955],[-53.19614919999998,-26.711775199999977],[-53.195126899999934,-26.69991289999996],[-53.17816639999995,-26.69102049999998],[-53.17668659999998,-26.704965199999947],[-53.159439299999974,-26.71957989999993]]]}},{"id":"4468","type":"Feature","properties":{"COD_IBGE":"4210555","MUNICIPIO":"Marema","UF":"SC"},"geometry":{"type":"Polygon","coordinates":[[[-52.590921299999934,-26.798202599999968],[-52.54938599999997,-26.795364699999936],[-52.55888779999998,-26.810050299999943],[-52.55283039999995,-26.84150889999995],[-52.56869779999994,-26.84505379999996],[-52.57305579999996,-26.83483229999996],[-52.57779819999996,-26.84344669999996],[-52.593701399999986,-26.83943389999996],[-52.606772999999976,-26.849419299999965],[-52.60521609999995,-26.860835599999973],[-52.62080109999994,-26.864845599999967],[-52.656252999999936,-26.853641299999936],[-52.716947999999945,-26.803613499999983],[-52.693516199999976,-26.800491199999954],[-52.68495159999998,-26.806893599999967],[-52.66824939999998,-26.797548499999948],[-52.66490419999997,-26.78493659999998],[-52.697852299999965,-26.76293739999994],[-52.677095399999985,-26.76420909999996],[-52.65611329999996,-26.752411999999936],[-52.63393839999998,-26.77996349999995],[-52.60265839999994,-26.762575999999967],[-52.61228449999993,-26.770690599999966],[-52.590921299999934,-26.798202599999968]]]}},{"id":"4469","type":"Feature","properties":{"COD_IBGE":"4210605","MUNICIPIO":"Massaranduba","UF":"SC"},"geometry":{"type":"Polygon","coordinates":[[[-48.97674729999994,-26.57244399999996],[-48.94024499999995,-26.544052199999953],[-48.89918869999997,-26.54205879999995],[-48.890570099999934,-26.553714699999944],[-48.88167219999997,-26.55249639999994],[-48.87817679999995,-26.563571599999932],[-48.859969999999976,-26.562511299999983],[-48.862112399999944,-26.58525999999995],[-48.85115079999997,-26.597983599999964],[-48.85378739999993,-26.632584099999974],[-48.879713599999945,-26.641736099999946],[-48.885449499999936,-26.658242599999937],[-48.89859069999994,-26.658475899999928],[-48.90078379999994,-26.64838279999998],[-48.909725099999946,-26.65191159999995],[-48.91787689999995,-26.64502509999994],[-48.93701509999994,-26.693637899999942],[-48.980065199999956,-26.736547499999972],[-48.989889699999935,-26.736855099999957],[-48.99541009999996,-26.747375099999942],[-49.012916099999984,-26.745597699999962],[-49.01458429999997,-26.76348829999995],[-49.03619629999997,-26.772528299999976],[-49.050067199999944,-26.74266579999994],[-49.03984479999997,-26.73176909999995],[-49.04925569999995,-26.709657899999968],[-49.01817539999996,-26.68464199999994],[-49.04687059999998,-26.649640399999953],[-49.05636739999994,-26.656922099999974],[-49.06982169999998,-26.647952999999973],[-49.102449399999955,-26.659878299999946],[-49.11311329999995,-26.65497929999998],[-49.107938599999954,-26.58263869999996],[-49.090237599999966,-26.56993879999993],[-49.08987419999994,-26.547843399999977],[-49.06086829999998,-26.543233999999927],[-49.05109189999996,-26.515385699999968],[-49.04452349999997,-26.535870199999977],[-49.01901529999998,-26.533686699999976],[-49.011929599999974,-26.572513499999957],[-48.97674729999994,-26.57244399999996]]]}},{"id":"4470","type":"Feature","properties":{"COD_IBGE":"4210704","MUNICIPIO":"Matos Costa","UF":"SC"},"geometry":{"type":"Polygon","coordinates":[[[-51.19016039999997,-26.452144999999973],[-51.114971699999955,-26.39085709999995],[-51.08927179999995,-26.391321499999947],[-51.06337499999995,-26.402133899999967],[-51.05674799999997,-26.39425179999995],[-51.05279679999995,-26.400565899999947],[-51.04222549999997,-26.394645999999966],[-51.027476399999955,-26.405581799999936],[-50.98540879999996,-26.40487669999993],[-50.964540599999964,-26.42848159999994],[-50.980507999999986,-26.42788079999997],[-50.97661339999996,-26.441890899999976],[-51.00754059999997,-26.459185599999955],[-50.99701339999996,-26.464574899999946],[-50.995535099999984,-26.48474719999996],[-51.04602889999995,-26.513915099999963],[-51.05102539999996,-26.507560699999942],[-51.07574059999996,-26.514647999999966],[-51.09776499999998,-26.539875699999982],[-51.10505219999993,-26.565498399999967],[-51.126097999999956,-26.557633599999974],[-51.13736469999998,-26.567294699999934],[-51.13479129999996,-26.588189599999964],[-51.14185059999994,-26.60165429999995],[-51.173392699999965,-26.601673499999947],[-51.18304759999995,-26.59239169999995],[-51.19952159999997,-26.607100299999956],[-51.20101479999994,-26.598973899999976],[-51.224995399999955,-26.59118049999995],[-51.224784399999976,-26.575588899999957],[-51.21468399999998,-26.569925099999978],[-51.22896199999997,-26.56084519999996],[-51.222258299999964,-26.550185599999963],[-51.24158569999997,-26.544751799999972],[-51.25020939999996,-26.51947629999995],[-51.27086179999998,-26.505345999999975],[-51.27315949999996,-26.495868499999972],[-51.25976099999997,-26.489790099999937],[-51.26528339999993,-26.48122939999996],[-51.250288499999954,-26.47399029999997],[-51.25920179999997,-26.471114599999964],[-51.253057299999966,-26.46229569999997],[-51.27728419999994,-26.458428899999944],[-51.27371599999998,-26.444873599999937],[-51.29220389999995,-26.435355899999934],[-51.30049289999994,-26.417871899999966],[-51.28695729999998,-26.413541599999974],[-51.29148649999996,-26.40245639999995],[-51.275148299999955,-26.401231799999948],[-51.277252799999985,-26.38943469999998],[-51.266968099999985,-26.38610579999994],[-51.25817139999998,-26.400458399999934],[-51.20146329999994,-26.427117599999974],[-51.202108099999975,-26.44277399999993],[-51.19016039999997,-26.452144999999973]]]}},{"id":"4471","type":"Feature","properties":{"COD_IBGE":"4210803","MUNICIPIO":"Meleiro","UF":"SC"},"geometry":{"type":"Polygon","coordinates":[[[-49.63351309999996,-28.89992609999996],[-49.641096199999936,-28.88709929999993],[-49.65921479999997,-28.88642569999996],[-49.680359099999976,-28.869672699999967],[-49.67125839999994,-28.825852699999928],[-49.65777259999993,-28.828651899999954],[-49.648059599999954,-28.82141649999994],[-49.669216999999946,-28.789713499999948],[-49.66302209999998,-28.772982999999954],[-49.67009719999999,-28.754092199999945],[-49.648146199999985,-28.747378099999935],[-49.63525299999998,-28.76037789999998],[-49.628060699999935,-28.750928199999976],[-49.604767799999934,-28.752361599999972],[-49.606695799999954,-28.75886459999998],[-49.595570399999986,-28.76676139999995],[-49.595429999999965,-28.802036999999928],[-49.57286929999998,-28.803352099999984],[-49.54398009999994,-28.829440999999974],[-49.534847799999966,-28.829264699999953],[-49.53102709999996,-28.84280519999993],[-49.52437189999995,-28.84003569999993],[-49.524989999999946,-28.85383799999994],[-49.51856809999998,-28.851275199999975],[-49.51678459999994,-28.85829169999994],[-49.523312799999985,-28.873725299999933],[-49.512445699999944,-28.886087199999963],[-49.50948909999994,-28.907867499999952],[-49.514579099999935,-28.917103099999963],[-49.537543899999946,-28.917928899999936],[-49.53938569999997,-28.90775949999994],[-49.55183049999994,-28.900460899999928],[-49.57867639999995,-28.910581599999944],[-49.63351309999996,-28.89992609999996]]]}},{"id":"4472","type":"Feature","properties":{"COD_IBGE":"4210852","MUNICIPIO":"Mirim Doce","UF":"SC"},"geometry":{"type":"Polygon","coordinates":[[[-50.051478799999984,-27.175934599999948],[-50.046451899999965,-27.16941719999994],[-50.00470169999994,-27.173444599999982],[-49.992052299999955,-27.189735999999982],[-50.003803199999936,-27.212963799999955],[-50.01612079999995,-27.21086319999995],[-50.02576419999997,-27.221752699999968],[-50.04215739999995,-27.218699499999957],[-50.047301499999946,-27.205741599999953],[-50.063100299999974,-27.21749219999998],[-50.06423849999993,-27.23316479999994],[-50.10051119999997,-27.246398299999953],[-50.124694199999965,-27.27288999999996],[-50.166947499999935,-27.274665699999957],[-50.198968399999956,-27.237209399999983],[-50.21633939999998,-27.24757399999993],[-50.25838029999994,-27.23267809999993],[-50.26703749999996,-27.22148379999993],[-50.261852799999986,-27.20464949999996],[-50.26608749999997,-27.197857299999953],[-50.270230399999946,-27.21021609999997],[-50.29124569999993,-27.21600399999994],[-50.28758269999997,-27.182487399999957],[-50.29386089999997,-27.17818859999994],[-50.28662349999996,-27.169338099999948],[-50.304801699999985,-27.16875099999993],[-50.30375819999995,-27.152390799999978],[-50.31901579999993,-27.146689599999945],[-50.313361999999984,-27.129611799999964],[-50.32057979999996,-27.112309899999957],[-50.329178199999944,-27.112309899999957],[-50.33159439999997,-27.10178179999997],[-50.33856009999994,-27.09597359999998],[-50.33630599999998,-27.10291619999998],[-50.34862439999995,-27.10071439999996],[-50.34887199999997,-27.092747999999972],[-50.33117159999995,-27.075222099999962],[-50.31673429999995,-27.07309349999997],[-50.30100259999995,-27.110209699999928],[-50.28879089999998,-27.10804029999997],[-50.284087899999975,-27.09367439999994],[-50.250076999999976,-27.099821499999962],[-50.22608409999998,-27.151411999999937],[-50.167915799999946,-27.149522299999944],[-50.15262839999997,-27.133943199999976],[-50.13919569999996,-27.133211999999958],[-50.10512159999996,-27.147928099999945],[-50.06430099999994,-27.148680199999944],[-50.051478799999984,-27.175934599999948]]]}},{"id":"4473","type":"Feature","properties":{"COD_IBGE":"4210902","MUNICIPIO":"Modelo","UF":"SC"},"geometry":{"type":"Polygon","coordinates":[[[-53.04929809999993,-26.745992899999976],[-53.027513099999965,-26.742652799999973],[-53.02108869999995,-26.75394229999995],[-52.99418919999994,-26.740128699999957],[-52.97048109999997,-26.74353489999993],[-52.95783369999998,-26.75466339999997],[-52.985798999999986,-26.773403499999972],[-53.00527169999998,-26.774818799999935],[-52.99576609999997,-26.793695799999966],[-53.000720599999966,-26.803809099999967],[-53.03438209999996,-26.80812169999996],[-53.03493099999997,-26.815260099999932],[-53.09720199999998,-26.805835999999942],[-53.104822499999955,-26.81748369999997],[-53.11968969999998,-26.812369599999954],[-53.125950399999965,-26.784850499999948],[-53.09083889999994,-26.76642439999995],[-53.10950829999996,-26.75258739999998],[-53.101112899999976,-26.744999899999982],[-53.10939769999993,-26.740716799999973],[-53.04881329999995,-26.732835999999963],[-53.04929809999993,-26.745992899999976]]]}},{"id":"4474","type":"Feature","properties":{"COD_IBGE":"4211009","MUNICIPIO":"Mondaí","UF":"SC"},"geometry":{"type":"Polygon","coordinates":[[[-53.366783699999985,-27.06747749999994],[-53.34756319999997,-27.070265099999972],[-53.324702599999966,-27.095531499999936],[-53.33554049999998,-27.096876299999963],[-53.335380999999984,-27.111281799999972],[-53.34224119999993,-27.104172799999958],[-53.35538059999993,-27.11127449999998],[-53.36627669999996,-27.093100899999968],[-53.37638999999996,-27.091465599999935],[-53.41169849999994,-27.141384199999948],[-53.45536999999996,-27.156893899999943],[-53.482009699999935,-27.13495439999997],[-53.503132999999934,-27.13475829999993],[-53.508103999999946,-27.151467599999933],[-53.489322999999956,-27.18163949999996],[-53.493080599999985,-27.20347849999996],[-53.52384529999995,-27.199467399999946],[-53.54778879999998,-27.17636619999996],[-53.548080599999935,-27.149711099999934],[-53.52576759999994,-27.130908499999975],[-53.520978799999966,-27.114442399999973],[-53.52714529999997,-27.09155929999997],[-53.51966609999994,-27.081640299999947],[-53.48940319999997,-27.08233569999993],[-53.47466499999996,-27.07006139999993],[-53.47899619999998,-27.062982099999942],[-53.44802029999994,-27.038945799999965],[-53.449703699999986,-27.009069799999963],[-53.41620389999997,-27.01973019999997],[-53.39650409999996,-27.009461999999928],[-53.375370499999974,-27.01543479999998],[-53.37937589999996,-27.030007099999978],[-53.40188699999993,-27.029175799999962],[-53.39466699999997,-27.036434499999928],[-53.36770459999997,-27.037841699999944],[-53.366783699999985,-27.06747749999994]]]}},{"id":"4475","type":"Feature","properties":{"COD_IBGE":"4211058","MUNICIPIO":"Monte Carlo","UF":"SC"},"geometry":{"type":"Polygon","coordinates":[[[-50.93663069999997,-27.12337629999996],[-50.88040909999995,-27.12663329999998],[-50.871268199999975,-27.153219399999955],[-50.84644259999993,-27.157478199999957],[-50.844993699999975,-27.184335499999975],[-50.82608699999997,-27.19160469999997],[-50.82612169999993,-27.204140799999948],[-50.817508499999974,-27.208622999999932],[-50.82283249999995,-27.223352499999976],[-50.81815729999994,-27.24250799999993],[-50.83258289999998,-27.242347799999948],[-50.83462719999994,-27.225790699999948],[-50.85164629999997,-27.228625299999976],[-50.84446559999998,-27.23522339999994],[-50.846909299999936,-27.25029189999998],[-50.86009029999997,-27.238468999999952],[-50.86878619999993,-27.24245549999995],[-50.87732109999996,-27.22979379999998],[-50.89385159999995,-27.235271999999952],[-50.88608659999994,-27.22975269999995],[-50.89596969999997,-27.22197799999998],[-50.89296349999995,-27.209094799999946],[-50.91081729999996,-27.207357499999944],[-50.95264649999996,-27.237488999999982],[-50.98915039999997,-27.24965359999993],[-50.98295329999996,-27.271244899999942],[-51.00426779999998,-27.276067799999964],[-51.02049509999995,-27.258460199999945],[-51.01714279999993,-27.244681999999955],[-51.036302999999975,-27.23342409999998],[-51.025729499999954,-27.22073789999996],[-51.02585959999993,-27.195039899999983],[-51.010585799999944,-27.174002899999948],[-50.960504999999955,-27.154570399999955],[-50.93561599999998,-27.131091499999968],[-50.93663069999997,-27.12337629999996]]]}},{"id":"4476","type":"Feature","properties":{"COD_IBGE":"4211108","MUNICIPIO":"Monte Castelo","UF":"SC"},"geometry":{"type":"Polygon","coordinates":[[[-50.189017999999976,-26.482727999999952],[-50.206106699999964,-26.51974199999995],[-50.199470599999984,-26.541476099999954],[-50.20363379999998,-26.580681399999946],[-50.19531649999993,-26.590149699999984],[-50.20838249999997,-26.617434599999967],[-50.205521999999974,-26.639525399999968],[-50.216409699999986,-26.67456889999994],[-50.246747099999936,-26.69844839999996],[-50.252551299999936,-26.71955509999998],[-50.242228799999964,-26.759033699999975],[-50.22288609999998,-26.765674399999966],[-50.21578759999994,-26.804885299999967],[-50.25448079999995,-26.86307759999994],[-50.28040209999995,-26.836083799999983],[-50.32814169999995,-26.838130999999976],[-50.34144949999995,-26.82731289999998],[-50.336693099999934,-26.777662299999974],[-50.31512879999997,-26.77194949999995],[-50.325651499999935,-26.761565599999983],[-50.351109399999984,-26.76152049999996],[-50.35488369999996,-26.749697899999944],[-50.34435939999997,-26.743695699999932],[-50.35364709999993,-26.73673919999993],[-50.38580719999993,-26.73914389999993],[-50.40522569999996,-26.73294249999998],[-50.407464499999946,-26.72410009999993],[-50.41246469999993,-26.729634699999963],[-50.43717929999997,-26.697434199999975],[-50.425613399999975,-26.66973939999997],[-50.44105879999995,-26.65306789999994],[-50.420352599999944,-26.642461999999966],[-50.413339399999984,-26.650236199999938],[-50.387152399999934,-26.641181999999958],[-50.375158899999974,-26.626209099999983],[-50.37379129999994,-26.60724739999995],[-50.36051979999996,-26.594421599999976],[-50.36386689999995,-26.574699799999962],[-50.34055989999996,-26.57187719999996],[-50.325165399999946,-26.55754419999994],[-50.30258919999994,-26.561653299999932],[-50.29290929999996,-26.544552599999975],[-50.27239419999995,-26.54159169999997],[-50.273414199999934,-26.53036089999995],[-50.26273829999997,-26.527907599999935],[-50.24739529999994,-26.539796799999976],[-50.23737169999998,-26.533662599999957],[-50.23237809999995,-26.513025399999947],[-50.24263979999995,-26.495770299999947],[-50.24999999999994,-26.50066259999994],[-50.26097489999995,-26.49279389999998],[-50.269428999999946,-26.443562999999983],[-50.24595979999998,-26.45255819999994],[-50.18610639999997,-26.44457499999993],[-50.18651589999996,-26.456421499999976],[-50.169024399999955,-26.470269299999927],[-50.189017999999976,-26.482727999999952]]]}},{"id":"4477","type":"Feature","properties":{"COD_IBGE":"4211207","MUNICIPIO":"Morro da Fumaça","UF":"SC"},"geometry":{"type":"Polygon","coordinates":[[[-49.193277799999976,-28.684254499999952],[-49.213784199999964,-28.67054909999996],[-49.24190109999995,-28.67670339999995],[-49.29034409999997,-28.638469199999975],[-49.34014599999995,-28.64566059999993],[-49.35884979999997,-28.639880799999958],[-49.35881019999994,-28.63655449999993],[-49.33689959999998,-28.634373799999935],[-49.330621399999984,-28.624404199999958],[-49.292382299999986,-28.621560099999954],[-49.266467999999975,-28.59881349999995],[-49.23722769999995,-28.590164499999958],[-49.20313889999994,-28.61500669999998],[-49.19582679999996,-28.634973099999968],[-49.17502939999997,-28.644554899999946],[-49.17596619999995,-28.68453519999997],[-49.193277799999976,-28.684254499999952]]]}},{"id":"4478","type":"Feature","properties":{"COD_IBGE":"4211256","MUNICIPIO":"Morro Grande","UF":"SC"},"geometry":{"type":"Polygon","coordinates":[[[-49.76772169999998,-28.78034329999997],[-49.779516299999955,-28.75798409999993],[-49.79891509999993,-28.75165949999996],[-49.79854949999998,-28.71381279999997],[-49.82323889999998,-28.720837999999958],[-49.83988279999994,-28.717192599999976],[-49.83635069999997,-28.70833399999998],[-49.842566999999974,-28.707300699999962],[-49.83405749999997,-28.693294899999955],[-49.813498599999946,-28.687045499999954],[-49.83801059999996,-28.690026199999977],[-49.83917669999994,-28.666541799999948],[-49.829231799999945,-28.668331299999977],[-49.81550539999995,-28.657993699999963],[-49.81009789999996,-28.651962099999935],[-49.822748299999944,-28.65454219999998],[-49.81328529999996,-28.64755679999996],[-49.81661649999995,-28.638144299999965],[-49.783244699999955,-28.609814299999982],[-49.77890389999993,-28.629480199999932],[-49.75736359999996,-28.615413899999965],[-49.754465599999946,-28.628315999999984],[-49.705822499999954,-28.628102299999966],[-49.711942499999964,-28.665541899999937],[-49.67393339999995,-28.700918399999978],[-49.67338579999995,-28.728731799999935],[-49.682086599999934,-28.73757319999993],[-49.666123099999936,-28.757872499999962],[-49.669219199999986,-28.78969969999997],[-49.66247049999998,-28.808077199999957],[-49.648059599999954,-28.82141649999994],[-49.65777259999993,-28.828651899999954],[-49.67125839999994,-28.825852699999928],[-49.67665599999998,-28.868192299999976],[-49.70287399999995,-28.843978899999968],[-49.723100099999954,-28.807237399999963],[-49.76772169999998,-28.78034329999997]]]}},{"id":"4479","type":"Feature","properties":{"COD_IBGE":"4211306","MUNICIPIO":"Navegantes","UF":"SC"},"geometry":{"type":"MultiPolygon","coordinates":[[[[-48.622721499999955,-26.820714299999963],[-48.64221689999994,-26.912695999999983],[-48.67001789999995,-26.89604559999998],[-48.66748299999995,-26.882195599999932],[-48.68961609999997,-26.884441299999935],[-48.69449229999998,-26.863588899999968],[-48.721264599999984,-26.876784999999984],[-48.72647089999998,-26.866822699999943],[-48.71841489999997,-26.84709959999998],[-48.726791299999945,-26.83831989999993],[-48.74927329999997,-26.857297699999947],[-48.759816599999965,-26.855190299999947],[-48.77287489999998,-26.832662399999947],[-48.81998779999998,-26.82353999999998],[-48.79462189999998,-26.804839999999956],[-48.81113279999994,-26.78973979999995],[-48.80818329999994,-26.775133899999958],[-48.82334099999997,-26.761247399999945],[-48.82259009999996,-26.743317099999956],[-48.80367249999995,-26.746410099999935],[-48.80166579999997,-26.761232399999983],[-48.77176829999996,-26.763368799999967],[-48.74718479999996,-26.78315989999993],[-48.74586229999994,-26.807773999999938],[-48.70845079999998,-26.815553399999942],[-48.71137049999993,-26.84182359999994],[-48.70516919999994,-26.845201499999973],[-48.66874039999993,-26.841102699999965],[-48.656270699999936,-26.829305199999965],[-48.622721499999955,-26.820714299999963]]],[[[-48.62172499999997,-26.831647199999964],[-48.62221109999996,-26.83218729999993],[-48.62324069999994,-26.831402199999957],[-48.62172499999997,-26.831647199999964]]],[[[-48.63749869999998,-26.912129799999946],[-48.639777599999945,-26.912759199999982],[-48.63981019999994,-26.91128759999998],[-48.63749869999998,-26.912129799999946]]]]}},{"id":"4480","type":"Feature","properties":{"COD_IBGE":"4211405","MUNICIPIO":"Nova Erechim","UF":"SC"},"geometry":{"type":"Polygon","coordinates":[[[-52.874656399999935,-26.895066499999928],[-52.854036399999984,-26.896703699999932],[-52.85272649999996,-26.88814659999997],[-52.845289399999956,-26.89287459999997],[-52.86093039999997,-26.910111099999938],[-52.85381309999997,-26.924921599999948],[-52.88864719999998,-26.905148999999938],[-52.889783499999965,-26.92009859999996],[-52.875194799999974,-26.94348439999993],[-52.901565199999936,-26.94160869999996],[-52.91410899999994,-26.918177499999956],[-52.92109569999997,-26.92723639999997],[-52.91709439999994,-26.94194669999996],[-52.893650599999944,-26.964695699999936],[-52.894287299999974,-26.975617599999964],[-52.943005899999946,-26.965312499999982],[-52.929332699999975,-26.94952959999995],[-52.93401189999997,-26.93457369999993],[-52.926967299999944,-26.926396199999942],[-52.94227099999995,-26.916566599999953],[-52.93962149999999,-26.89276099999995],[-52.95071779999995,-26.86797249999995],[-52.89586389999994,-26.86518149999995],[-52.89726219999994,-26.85448729999996],[-52.88930399999998,-26.84990929999998],[-52.87538879999994,-26.864685399999928],[-52.89389959999994,-26.87538079999996],[-52.87923299999994,-26.878558099999964],[-52.874656399999935,-26.895066499999928]]]}},{"id":"4481","type":"Feature","properties":{"COD_IBGE":"4211454","MUNICIPIO":"Nova Itaberaba","UF":"SC"},"geometry":{"type":"Polygon","coordinates":[[[-52.849591799999985,-26.912774999999954],[-52.80068269999998,-26.90236079999994],[-52.78341689999996,-26.928565399999968],[-52.758914199999936,-26.938607499999932],[-52.768771999999956,-26.994650999999976],[-52.821365199999946,-27.018465099999958],[-52.84046949999998,-27.017952399999956],[-52.84023899999994,-27.009752499999934],[-52.89169689999994,-27.010599699999943],[-52.89241999999996,-26.967657299999928],[-52.91824269999995,-26.940282599999932],[-52.918772599999954,-26.920266399999946],[-52.911293299999954,-26.91952079999993],[-52.901565199999936,-26.94160869999996],[-52.87716689999996,-26.944127099999946],[-52.890817099999936,-26.916669299999967],[-52.88714189999996,-26.90349299999997],[-52.85885989999997,-26.92553909999998],[-52.849591799999985,-26.912774999999954]]]}},{"id":"4482","type":"Feature","properties":{"COD_IBGE":"4211504","MUNICIPIO":"Nova Trento","UF":"SC"},"geometry":{"type":"Polygon","coordinates":[[[-48.89753839999997,-27.249806299999932],[-48.88246929999997,-27.306108199999983],[-48.89869369999997,-27.305827799999975],[-48.92238219999996,-27.329778999999974],[-48.93715999999995,-27.329064999999957],[-48.942413699999975,-27.338560299999983],[-48.96894629999997,-27.338062399999956],[-49.00748799999997,-27.375775699999963],[-49.01430469999997,-27.370472199999938],[-49.037731099999974,-27.375112899999976],[-49.06309209999995,-27.39807609999997],[-49.08199479999996,-27.403872599999943],[-49.11657139999994,-27.39637849999997],[-49.12749119999995,-27.419603999999936],[-49.14120019999996,-27.42603839999998],[-49.188991499999986,-27.40691279999993],[-49.181123499999956,-27.38495279999995],[-49.16140359999997,-27.371171299999958],[-49.19410869999996,-27.33023419999995],[-49.21125079999996,-27.330348699999945],[-49.22632149999998,-27.31650049999996],[-49.20066149999997,-27.29320089999993],[-49.156079499999976,-27.29183469999998],[-49.122181499999954,-27.275599899999975],[-49.11022759999997,-27.28046409999996],[-49.07494929999996,-27.270755299999962],[-49.07072429999994,-27.28003519999993],[-49.04944839999996,-27.269501399999967],[-49.037568599999986,-27.271871999999973],[-49.00935099999998,-27.24894269999993],[-48.97318329999996,-27.24049839999998],[-48.93332789999994,-27.212014599999975],[-48.93076959999996,-27.201606399999946],[-48.88730609999993,-27.182791299999963],[-48.88192329999998,-27.185057599999936],[-48.89694879999996,-27.215034499999945],[-48.88039319999996,-27.214049099999954],[-48.865405399999986,-27.219688899999937],[-48.87534139999997,-27.22451979999994],[-48.874780999999984,-27.235818499999937],[-48.89753839999997,-27.249806299999932]]]}},{"id":"4483","type":"Feature","properties":{"COD_IBGE":"4211603","MUNICIPIO":"Nova Veneza","UF":"SC"},"geometry":{"type":"Polygon","coordinates":[[[-49.47481929999998,-28.705753199999947],[-49.47597099999996,-28.723538099999928],[-49.51284139999996,-28.72091169999993],[-49.52667829999996,-28.751049999999964],[-49.57091779999996,-28.750194999999962],[-49.571749799999964,-28.763592199999948],[-49.58561099999997,-28.76371199999994],[-49.58618199999995,-28.775729999999953],[-49.59551159999995,-28.77577489999993],[-49.604767799999934,-28.752361599999972],[-49.628060699999935,-28.750928199999976],[-49.63525299999998,-28.76037789999998],[-49.648146199999985,-28.747378099999935],[-49.67079129999996,-28.753414599999928],[-49.682104899999956,-28.73744359999995],[-49.67338579999995,-28.728731799999935],[-49.67392159999997,-28.70095219999996],[-49.711942499999964,-28.665541899999937],[-49.71017919999997,-28.640358999999933],[-49.685657799999944,-28.620862299999942],[-49.45165449999996,-28.633883699999956],[-49.45494519999994,-28.662738299999944],[-49.464450099999965,-28.67482149999995],[-49.459546099999955,-28.68111449999998],[-49.47481929999998,-28.705753199999947]]]}},{"id":"4484","type":"Feature","properties":{"COD_IBGE":"4211652","MUNICIPIO":"Novo Horizonte","UF":"SC"},"geometry":{"type":"Polygon","coordinates":[[[-52.76534739999994,-26.581893599999944],[-52.773703799999964,-26.561845999999946],[-52.76593319999995,-26.55005699999998],[-52.795131099999935,-26.53538629999997],[-52.79432869999994,-26.520710299999962],[-52.77693979999998,-26.512454499999933],[-52.781502899999964,-26.502902199999937],[-52.799992299999985,-26.492849099999944],[-52.84197799999998,-26.500301699999966],[-52.84505999999993,-26.51286479999993],[-52.867170699999974,-26.52514279999997],[-52.88355829999995,-26.490927099999965],[-52.87676759999994,-26.48759069999994],[-52.88012889999993,-26.47912219999995],[-52.86195859999998,-26.434697399999948],[-52.87141019999996,-26.419277199999954],[-52.862481799999955,-26.410761099999945],[-52.846275899999966,-26.404880099999957],[-52.766489099999944,-26.465632699999958],[-52.75538999999998,-26.45445239999998],[-52.74712359999995,-26.458060399999965],[-52.74706839999993,-26.445617899999945],[-52.737834599999985,-26.45397449999996],[-52.74661979999996,-26.47844609999993],[-52.73910189999998,-26.479300499999965],[-52.74634099999997,-26.485906899999975],[-52.73744829999998,-26.490003299999955],[-52.74772679999995,-26.490388399999972],[-52.74581519999998,-26.499694199999965],[-52.75617329999994,-26.497724799999958],[-52.74407619999994,-26.508356799999945],[-52.75554829999999,-26.511171399999967],[-52.730893599999945,-26.53046329999995],[-52.730399699999964,-26.542362199999957],[-52.713382699999954,-26.561511999999937],[-52.71000809999998,-26.556365699999958],[-52.70626119999997,-26.566399499999932],[-52.69070289999996,-26.57121049999995],[-52.70044109999998,-26.577112799999952],[-52.68870549999997,-26.58347809999998],[-52.727371999999946,-26.58127129999997],[-52.74950999999999,-26.595092999999963],[-52.76534739999994,-26.581893599999944]]]}},{"id":"4485","type":"Feature","properties":{"COD_IBGE":"4211702","MUNICIPIO":"Orleans","UF":"SC"},"geometry":{"type":"Polygon","coordinates":[[[-49.28815989999998,-28.39571049999995],[-49.309115599999984,-28.407011299999965],[-49.32838179999993,-28.40650549999998],[-49.33552449999996,-28.41786469999994],[-49.34272979999997,-28.409712699999943],[-49.33326539999996,-28.404446099999973],[-49.33910509999998,-28.401293899999928],[-49.340390199999945,-28.36536149999995],[-49.35850499999998,-28.363070599999958],[-49.360832399999936,-28.340981899999974],[-49.40603859999993,-28.335751899999934],[-49.432816499999944,-28.31601299999994],[-49.457898599999965,-28.32132279999996],[-49.48293469999993,-28.304254499999956],[-49.52565439999995,-28.306783199999984],[-49.52686989999995,-28.28456269999998],[-49.519817699999976,-28.27596499999993],[-49.51594209999996,-28.261200499999973],[-49.52234679999998,-28.27077479999997],[-49.53427929999998,-28.265875999999935],[-49.54840429999996,-28.272816399999954],[-49.542636899999934,-28.25835129999996],[-49.53116479999994,-28.253076499999963],[-49.541440199999954,-28.24727319999994],[-49.53380499999997,-28.241830599999957],[-49.54998859999995,-28.239657199999954],[-49.529935499999965,-28.22487769999998],[-49.53524939999994,-28.21893209999996],[-49.52645049999995,-28.20956099999995],[-49.532547299999976,-28.20743159999995],[-49.53102219999994,-28.18778679999997],[-49.51126359999995,-28.172785999999974],[-49.517016499999954,-28.17050299999994],[-49.50982879999998,-28.167851199999973],[-49.51055409999998,-28.15505719999993],[-49.49058979999995,-28.145899499999928],[-49.48724489999995,-28.127936399999953],[-49.470740399999954,-28.12655189999998],[-49.47549379999998,-28.135007899999948],[-49.46077849999995,-28.13950669999997],[-49.44035719999994,-28.132770799999946],[-49.429790999999966,-28.150653999999975],[-49.41403019999996,-28.148973099999978],[-49.39783169999998,-28.15824809999998],[-49.395775199999946,-28.193590899999947],[-49.34810699999997,-28.238816799999938],[-49.32499949999993,-28.238855799999953],[-49.302493099999936,-28.252523699999983],[-49.27824909999998,-28.245732999999973],[-49.23243519999994,-28.256285899999966],[-49.20527299999998,-28.273328999999933],[-49.20022259999996,-28.28846159999995],[-49.218140999999946,-28.28928179999997],[-49.22520739999993,-28.298432599999956],[-49.215126199999986,-28.30140119999993],[-49.21158029999998,-28.328724299999976],[-49.21998469999994,-28.34179359999996],[-49.21443179999994,-28.361145999999962],[-49.22626119999995,-28.369819699999937],[-49.21544299999994,-28.388596699999937],[-49.19743669999997,-28.379597699999977],[-49.18976989999993,-28.38935479999998],[-49.21129909999996,-28.401134399999933],[-49.19609959999997,-28.42373029999993],[-49.22134509999995,-28.43280729999998],[-49.21435999999994,-28.42182669999994],[-49.23878949999994,-28.41882879999997],[-49.238278099999945,-28.413314299999968],[-49.25963849999994,-28.42129639999996],[-49.27750949999995,-28.417546899999934],[-49.28848499999998,-28.412736799999948],[-49.28815989999998,-28.39571049999995]]]}},{"id":"4486","type":"Feature","properties":{"COD_IBGE":"4211751","MUNICIPIO":"Otacílio Costa","UF":"SC"},"geometry":{"type":"Polygon","coordinates":[[[-50.11768909999995,-27.534943399999975],[-50.139133699999945,-27.527883299999928],[-50.13254139999998,-27.51533939999996],[-50.13981699999994,-27.505933999999968],[-50.12747459999997,-27.492700799999966],[-50.153979299999946,-27.50097169999998],[-50.14361719999994,-27.48769079999994],[-50.15987929999994,-27.475034799999946],[-50.15694769999993,-27.463950999999952],[-50.17871869999993,-27.460481999999956],[-50.18201289999996,-27.445574199999953],[-50.174833999999976,-27.451740099999938],[-50.174904899999945,-27.442955299999937],[-50.16367999999994,-27.440656599999954],[-50.16735279999995,-27.431833499999982],[-50.150334999999984,-27.414373199999943],[-50.15675239999996,-27.41163679999994],[-50.15727949999996,-27.407713299999955],[-50.14489709999998,-27.402412899999945],[-50.138701899999944,-27.36362779999996],[-50.12576149999995,-27.360730699999976],[-50.12701079999994,-27.350890999999933],[-50.11392349999994,-27.350160899999935],[-50.11345049999994,-27.34113789999998],[-50.102868899999976,-27.340954499999953],[-50.10176069999994,-27.32694289999995],[-50.09037319999993,-27.329969799999958],[-50.08790339999996,-27.307887299999948],[-50.07147749999996,-27.30361679999993],[-50.070609299999944,-27.31065629999995],[-50.058581799999956,-27.312508799999932],[-50.06083119999994,-27.322351599999934],[-50.053015899999934,-27.315998199999967],[-50.026427499999954,-27.324968599999977],[-50.008798999999954,-27.318884799999978],[-50.01863289999994,-27.332479499999977],[-50.02520059999995,-27.329059799999982],[-50.024039399999936,-27.344167399999947],[-50.04417369999993,-27.335325099999977],[-50.04419909999996,-27.34862739999994],[-50.030155399999956,-27.356258499999967],[-50.03265619999996,-27.371989199999973],[-50.01252939999995,-27.378708899999936],[-50.00964779999998,-27.387626799999964],[-50.01772539999996,-27.398018099999945],[-50.006298399999935,-27.398263999999983],[-49.98690339999996,-27.41862729999997],[-49.97914999999995,-27.41692699999993],[-49.98793379999995,-27.40399999999994],[-49.97080549999998,-27.412388499999963],[-49.95669509999993,-27.40172119999994],[-49.95031949999998,-27.41063889999998],[-49.94606699999997,-27.406478599999957],[-49.95141399999994,-27.416109999999946],[-49.941103699999985,-27.416954199999964],[-49.945217799999966,-27.42453649999993],[-49.92914369999994,-27.42041219999993],[-49.93073409999994,-27.41542359999994],[-49.91830349999998,-27.432715299999984],[-49.90721559999997,-27.432159799999965],[-49.91098669999997,-27.44137189999998],[-49.88817849999998,-27.46577089999994],[-49.892233199999964,-27.497140199999933],[-49.849577599999975,-27.493747999999982],[-49.851050199999975,-27.505217399999935],[-49.82575899999995,-27.54999349999997],[-49.79085269999996,-27.570366199999967],[-49.778777899999966,-27.58605209999996],[-49.763412899999935,-27.58086309999993],[-49.75759459999995,-27.59667929999995],[-49.75055839999993,-27.59566019999994],[-49.732132399999955,-27.619261199999983],[-49.74213629999997,-27.63123859999996],[-49.730259599999954,-27.655285099999958],[-49.742444999999975,-27.66904489999996],[-49.75951159999994,-27.66973429999996],[-49.76492399999995,-27.657782599999962],[-49.78725019999996,-27.672216899999967],[-49.79549869999994,-27.66460079999996],[-49.82153159999996,-27.69090769999997],[-49.823649099999955,-27.68342649999994],[-49.834668599999986,-27.68723549999993],[-49.83471259999993,-27.67203569999998],[-49.85049129999993,-27.66857079999994],[-49.86187259999997,-27.675384599999973],[-49.86497459999998,-27.692128399999945],[-49.88526079999997,-27.665296999999953],[-49.88723379999993,-27.648730099999966],[-49.89297749999997,-27.663225499999953],[-49.90214579999997,-27.652723899999955],[-49.91851609999998,-27.65123929999993],[-49.90906189999998,-27.67180159999998],[-49.937034799999935,-27.647756699999945],[-49.948748499999965,-27.647286599999973],[-49.94588859999993,-27.63703279999993],[-49.95583119999998,-27.641027599999973],[-49.95407869999997,-27.65800349999995],[-49.96987489999998,-27.658451199999945],[-49.97643119999998,-27.64469779999996],[-49.991323499999964,-27.641581499999972],[-49.98514249999994,-27.633143599999983],[-49.97252659999998,-27.63448059999996],[-49.98598789999994,-27.619100499999945],[-49.997389399999975,-27.625617399999953],[-50.00960519999995,-27.618654799999945],[-49.998379899999975,-27.640690099999972],[-50.007979499999976,-27.63193769999998],[-50.02233659999996,-27.63379969999994],[-50.021387199999936,-27.62540569999993],[-50.01256019999994,-27.624709999999936],[-50.021515299999976,-27.61397169999998],[-50.01304029999994,-27.60653519999994],[-50.02964009999994,-27.592574199999945],[-50.01332439999993,-27.580976499999963],[-50.01853939999995,-27.570324699999958],[-50.04171349999996,-27.58508139999998],[-50.05373339999994,-27.56560929999995],[-50.04640299999994,-27.556549399999938],[-50.06475109999997,-27.568253999999968],[-50.077347799999984,-27.556813999999974],[-50.07784789999994,-27.567202299999963],[-50.08875599999993,-27.566521399999942],[-50.10046889999995,-27.560834599999964],[-50.09474199999994,-27.540307299999938],[-50.11396529999996,-27.53019319999993],[-50.11768909999995,-27.534943399999975]]]}},{"id":"4487","type":"Feature","properties":{"COD_IBGE":"4211801","MUNICIPIO":"Ouro","UF":"SC"},"geometry":{"type":"Polygon","coordinates":[[[-51.59222829999993,-27.332661799999983],[-51.62499999999994,-27.35261769999994],[-51.63580529999996,-27.344731099999933],[-51.64954549999993,-27.35074599999996],[-51.66558029999993,-27.33887029999994],[-51.67331109999998,-27.35888079999995],[-51.68813989999995,-27.35191279999998],[-51.689572699999985,-27.367678299999966],[-51.709405699999934,-27.36811739999996],[-51.737002899999936,-27.350994499999956],[-51.729952999999966,-27.33547969999995],[-51.76058599999993,-27.307038399999954],[-51.75097379999994,-27.285658099999978],[-51.76495669999997,-27.259761099999935],[-51.73897059999996,-27.246422799999948],[-51.71977819999995,-27.21745109999995],[-51.72472719999996,-27.206790599999977],[-51.693975199999954,-27.183292199999983],[-51.65646779999997,-27.20158609999993],[-51.65138779999995,-27.220282599999962],[-51.64755889999998,-27.214209599999947],[-51.633397499999944,-27.225311199999965],[-51.64853869999996,-27.23564049999993],[-51.63471409999994,-27.26150819999998],[-51.628136799999936,-27.255601499999955],[-51.59717569999998,-27.27110739999995],[-51.60356239999993,-27.28755209999997],[-51.595988799999986,-27.302957099999958],[-51.61203479999995,-27.327258099999938],[-51.59222829999993,-27.332661799999983]]]}},{"id":"4488","type":"Feature","properties":{"COD_IBGE":"4211850","MUNICIPIO":"Ouro Verde","UF":"SC"},"geometry":{"type":"Polygon","coordinates":[[[-52.33652919999997,-26.76168389999998],[-52.360072799999955,-26.760048799999936],[-52.37087789999998,-26.748632399999963],[-52.35375869999996,-26.72304779999996],[-52.36452149999997,-26.713071499999955],[-52.35871969999994,-26.706466999999975],[-52.37024229999997,-26.66974179999994],[-52.365633799999955,-26.663563199999942],[-52.33878439999995,-26.666838799999937],[-52.28127999999998,-26.64380269999998],[-52.25393559999998,-26.675843699999973],[-52.233231099999955,-26.681022799999937],[-52.215781799999945,-26.671622199999945],[-52.21977899999996,-26.66596579999998],[-52.20015119999994,-26.662969699999962],[-52.17994429999993,-26.678166499999975],[-52.18624539999996,-26.69638089999995],[-52.17876339999998,-26.703584599999942],[-52.191111699999965,-26.72965729999993],[-52.21098699999993,-26.741557399999976],[-52.207403099999965,-26.76660949999996],[-52.22162599999996,-26.76691889999995],[-52.226293399999975,-26.777115099999946],[-52.22942759999995,-26.760594599999934],[-52.25529899999998,-26.763144299999965],[-52.261449099999936,-26.751780399999973],[-52.265634499999976,-26.759587099999976],[-52.277736199999936,-26.75811719999996],[-52.276292499999954,-26.77340789999994],[-52.30232569999998,-26.76293789999994],[-52.30907389999993,-26.778605099999936],[-52.31766029999994,-26.77325529999996],[-52.31569479999996,-26.753674199999978],[-52.33652919999997,-26.76168389999998]]]}},{"id":"4489","type":"Feature","properties":{"COD_IBGE":"4211876","MUNICIPIO":"Paial","UF":"SC"},"geometry":{"type":"Polygon","coordinates":[[[-52.47774149999998,-27.26408829999997],[-52.536005099999954,-27.26036689999995],[-52.54532229999995,-27.239577999999938],[-52.53655159999994,-27.232338099999936],[-52.543964899999935,-27.219808399999977],[-52.523433799999964,-27.20760599999994],[-52.51350169999995,-27.19089299999996],[-52.52787379999995,-27.179118199999948],[-52.51930539999995,-27.17783339999994],[-52.52342649999997,-27.16518629999996],[-52.50628389999997,-27.159393299999977],[-52.46063689999994,-27.17276069999997],[-52.43377869999995,-27.19919669999996],[-52.43835259999997,-27.182592599999964],[-52.42121549999996,-27.19042509999997],[-52.41368499999999,-27.182647499999973],[-52.40189069999997,-27.19062679999996],[-52.426792199999966,-27.21676139999994],[-52.44485309999993,-27.21692189999993],[-52.47919379999996,-27.234920399999965],[-52.47774149999998,-27.26408829999997]]]}},{"id":"4490","type":"Feature","properties":{"COD_IBGE":"4211892","MUNICIPIO":"Painel","UF":"SC"},"geometry":{"type":"Polygon","coordinates":[[[-49.96321309999996,-27.844645899999932],[-49.90892699999995,-27.845927599999982],[-49.91126159999993,-27.853610799999956],[-49.89380399999993,-27.859213299999965],[-49.89884459999996,-27.865405599999974],[-49.86559049999994,-27.911472999999944],[-49.965403599999945,-27.95576429999994],[-49.96653669999995,-27.99593589999995],[-49.981268899999975,-27.997344599999963],[-49.98750239999998,-28.005883899999958],[-50.00176469999997,-28.003171299999963],[-50.002580499999965,-28.01814429999996],[-49.994276799999966,-28.027355399999976],[-50.011816599999975,-28.034271899999965],[-50.00709309999996,-28.043922899999927],[-50.01776399999994,-28.045271199999945],[-50.01013539999997,-28.056476699999962],[-50.01757429999998,-28.06094829999995],[-50.01548189999994,-28.070744499999932],[-50.04018219999995,-28.06672949999995],[-50.053159499999936,-28.077463399999942],[-50.042767399999946,-28.088999299999955],[-50.060263299999974,-28.08926269999995],[-50.07228459999993,-28.100944999999967],[-50.05908379999994,-28.113060899999937],[-50.082781899999986,-28.110306999999978],[-50.076054099999965,-28.122897099999932],[-50.10097499999995,-28.110023099999978],[-50.095302799999956,-28.122582699999953],[-50.10550699999993,-28.124792599999978],[-50.11538729999995,-28.14022319999998],[-50.10355539999995,-28.16114049999993],[-50.13021329999998,-28.15673419999996],[-50.13289139999995,-28.146365799999955],[-50.14023529999997,-28.155948399999943],[-50.14877749999994,-28.142363099999955],[-50.15878589999994,-28.155803999999932],[-50.173859499999935,-28.161241699999948],[-50.20136309999998,-28.109149699999932],[-50.19181299999997,-28.089305599999932],[-50.19796439999993,-27.97551219999997],[-50.18096819999994,-27.939741399999946],[-50.19251129999998,-27.914900399999965],[-50.20576429999994,-27.910173199999974],[-50.213011999999935,-27.89730389999994],[-50.214067299999954,-27.875071899999966],[-50.19973669999996,-27.86312179999993],[-50.169010999999955,-27.86905409999997],[-50.14117779999998,-27.853155999999956],[-50.13102249999997,-27.85864659999993],[-50.09600299999994,-27.854843199999948],[-50.09525899999994,-27.846018699999945],[-50.07140279999993,-27.840011299999958],[-50.06656739999994,-27.811233799999968],[-50.02800149999996,-27.815173499999958],[-50.00366629999996,-27.796283699999947],[-49.98514019999993,-27.81751369999995],[-49.98951809999994,-27.826165599999968],[-49.96321309999996,-27.844645899999932]]]}},{"id":"4491","type":"Feature","properties":{"COD_IBGE":"4211900","MUNICIPIO":"Palhoça","UF":"SC"},"geometry":{"type":"Polygon","coordinates":[[[-48.65609049999995,-27.909002099999952],[-48.72401519999994,-27.894660899999963],[-48.73757969999997,-27.862777199999982],[-48.736418199999946,-27.843273499999952],[-48.74836289999996,-27.827568499999984],[-48.741389399999946,-27.82520539999996],[-48.74546989999993,-27.816701799999976],[-48.73699279999994,-27.78663869999997],[-48.67495269999995,-27.757411499999932],[-48.69065249999994,-27.749266499999976],[-48.70617209999995,-27.696136199999955],[-48.72393949999997,-27.68916939999997],[-48.72068219999994,-27.67935319999998],[-48.730859399999986,-27.678972999999928],[-48.74359579999998,-27.642146699999955],[-48.73844139999994,-27.61462439999997],[-48.70587349999994,-27.61138859999994],[-48.67145009999996,-27.619749999999954],[-48.667522099999985,-27.606729799999982],[-48.64355759999995,-27.62822529999994],[-48.63822799999997,-27.650541799999928],[-48.60267209999995,-27.66260449999993],[-48.60132889999994,-27.721419099999935],[-48.58793079999998,-27.750500899999963],[-48.60198589999993,-27.78015149999993],[-48.57786349999998,-27.82309369999996],[-48.57603599999993,-27.845420299999944],[-48.57978409999998,-27.853138499999943],[-48.595789999999965,-27.850912799999946],[-48.60168909999993,-27.87089609999998],[-48.59350649999993,-27.884382899999935],[-48.575157899999965,-27.87733529999997],[-48.57313329999994,-27.88597299999998],[-48.582518799999946,-27.906665199999964],[-48.60693169999996,-27.916955799999982],[-48.62456959999997,-27.910493799999983],[-48.63687859999993,-27.914803399999983],[-48.64087749999993,-27.905096999999955],[-48.64762239999993,-27.911892999999964],[-48.643879399999946,-27.90554919999994],[-48.65175379999994,-27.901197899999943],[-48.65609049999995,-27.909002099999952]]]}},{"id":"4492","type":"Feature","properties":{"COD_IBGE":"4212007","MUNICIPIO":"Palma Sola","UF":"SC"},"geometry":{"type":"Polygon","coordinates":[[[-53.23081429999996,-26.312962699999957],[-53.16097039999994,-26.353497799999957],[-53.19146499999994,-26.369363499999963],[-53.21999589999996,-26.374242799999934],[-53.23262159999996,-26.369127299999946],[-53.257326999999975,-26.381399399999964],[-53.264234699999975,-26.404894499999955],[-53.27610029999994,-26.39799439999996],[-53.27405859999993,-26.40888609999996],[-53.26611449999996,-26.410433799999964],[-53.28474829999993,-26.409366699999964],[-53.275933399999985,-26.418049199999928],[-53.28668739999995,-26.41829739999997],[-53.28521409999996,-26.433123399999943],[-53.29155709999998,-26.432578899999953],[-53.28111779999995,-26.439562999999964],[-53.28700259999994,-26.44468029999996],[-53.281992199999934,-26.451253899999983],[-53.289901999999984,-26.460648999999933],[-53.30175729999996,-26.457055399999945],[-53.30621499999995,-26.469727599999942],[-53.31626259999996,-26.462791899999957],[-53.31336049999993,-26.457524399999954],[-53.321374799999944,-26.468844499999932],[-53.33334549999995,-26.468279799999948],[-53.33923439999995,-26.48186629999998],[-53.34774919999995,-26.477264399999967],[-53.34785709999994,-26.487069799999972],[-53.36194629999994,-26.48867279999996],[-53.35641829999997,-26.495421499999964],[-53.36169079999996,-26.49809019999998],[-53.35087459999994,-26.50456799999995],[-53.37808919999998,-26.51566239999994],[-53.39986879999998,-26.511775399999976],[-53.40081269999996,-26.524255599999947],[-53.41900599999997,-26.508885299999974],[-53.407578299999955,-26.509150199999965],[-53.416902999999934,-26.49429609999993],[-53.40470469999997,-26.493160099999955],[-53.41579199999995,-26.48137369999995],[-53.401588699999934,-26.48122829999994],[-53.40967429999995,-26.477221699999973],[-53.40962369999994,-26.46209259999995],[-53.393719499999975,-26.464726799999937],[-53.38078529999996,-26.449178099999983],[-53.37086579999993,-26.452351999999962],[-53.376194199999986,-26.447552299999927],[-53.368764699999986,-26.441107099999954],[-53.37866399999996,-26.434546199999943],[-53.363998899999956,-26.43188159999994],[-53.36879559999994,-26.423902899999973],[-53.360427999999956,-26.422906799999964],[-53.402665199999944,-26.427670899999953],[-53.414728399999944,-26.41619559999998],[-53.40148439999996,-26.40798929999994],[-53.40865889999998,-26.39173829999993],[-53.39549489999996,-26.386008199999935],[-53.40542599999998,-26.379084199999966],[-53.393394899999976,-26.370772699999975],[-53.39572659999993,-26.36060279999998],[-53.371518299999934,-26.344732799999974],[-53.375897099999975,-26.335762699999975],[-53.36713149999997,-26.33688609999996],[-53.37287859999998,-26.332638999999972],[-53.363004699999976,-26.32667079999993],[-53.365551799999935,-26.317237199999965],[-53.34295629999997,-26.297221199999967],[-53.34229929999998,-26.249082399999963],[-53.30485569999996,-26.260528999999963],[-53.280836599999986,-26.246134299999937],[-53.279821399999946,-26.25883189999996],[-53.267065499999944,-26.263756899999976],[-53.26453449999997,-26.289329799999962],[-53.25333819999997,-26.288655399999982],[-53.23081429999996,-26.312962699999957]]]}},{"id":"4493","type":"Feature","properties":{"COD_IBGE":"4212056","MUNICIPIO":"Palmeira","UF":"SC"},"geometry":{"type":"Polygon","coordinates":[[[-50.207361299999945,-27.56385869999997],[-50.226126599999986,-27.540140299999962],[-50.22393779999993,-27.532126499999947],[-50.23454669999995,-27.527669599999967],[-50.22619659999998,-27.513230999999962],[-50.23963029999993,-27.516485399999965],[-50.243236499999966,-27.526607399999932],[-50.25085739999997,-27.516961299999934],[-50.24920419999995,-27.523280299999954],[-50.25810329999996,-27.51890979999996],[-50.269658499999935,-27.525043799999935],[-50.300165799999945,-27.504591499999947],[-50.29780219999998,-27.495054799999934],[-50.27184179999995,-27.49512569999996],[-50.281921599999976,-27.48057769999997],[-50.26534299999997,-27.445492299999955],[-50.25045769999997,-27.455316799999935],[-50.245631999999944,-27.475525999999945],[-50.22743589999993,-27.484563799999933],[-50.21234199999998,-27.45524949999998],[-50.19038879999994,-27.45818289999994],[-50.185934299999985,-27.441002399999945],[-50.17871869999993,-27.460481999999956],[-50.15694769999993,-27.463950999999952],[-50.15987929999994,-27.475034799999946],[-50.14361719999994,-27.48769079999994],[-50.153979299999946,-27.50097169999998],[-50.12747459999997,-27.492700799999966],[-50.13981699999994,-27.505933999999968],[-50.13254139999998,-27.51533939999996],[-50.139133699999945,-27.527883299999928],[-50.12485989999993,-27.53775109999998],[-50.114216699999986,-27.530180599999937],[-50.098672499999964,-27.536147099999937],[-50.09358219999996,-27.542320899999936],[-50.09979139999996,-27.56202499999995],[-50.07912529999993,-27.567729499999928],[-50.076760899999954,-27.556880499999977],[-50.06527479999994,-27.568307999999945],[-50.049617499999954,-27.55579769999997],[-50.044092999999975,-27.560559599999976],[-50.05368639999995,-27.564283699999976],[-50.04650289999995,-27.578560099999947],[-50.054715699999974,-27.61796869999995],[-50.06825729999997,-27.627148999999974],[-50.078539199999966,-27.62455149999994],[-50.104619699999944,-27.675867799999935],[-50.133862799999974,-27.694438799999944],[-50.13670959999996,-27.707669799999962],[-50.15054029999993,-27.653023599999983],[-50.16210959999995,-27.66701869999997],[-50.18432839999997,-27.65226389999998],[-50.183590599999945,-27.64244259999998],[-50.19354119999997,-27.63582189999994],[-50.19104039999996,-27.59366959999994],[-50.20234069999998,-27.58654329999996],[-50.207361299999945,-27.56385869999997]]]}},{"id":"4494","type":"Feature","properties":{"COD_IBGE":"4212106","MUNICIPIO":"Palmitos","UF":"SC"},"geometry":{"type":"Polygon","coordinates":[[[-53.13068919999995,-27.01377229999997],[-53.102475099999936,-27.039880299999936],[-53.11331889999997,-27.046448599999962],[-53.100832999999966,-27.053439199999957],[-53.10677259999994,-27.06606419999997],[-53.09390319999994,-27.065573899999947],[-53.09892119999995,-27.07935669999995],[-53.075271499999985,-27.090372099999968],[-53.088291899999945,-27.09454329999994],[-53.07669999999996,-27.107844599999964],[-53.07398379999995,-27.16075669999998],[-53.13218309999996,-27.18022869999993],[-53.150284699999986,-27.14378229999994],[-53.159398399999986,-27.14000049999993],[-53.17236219999995,-27.14802089999995],[-53.18599659999995,-27.19159389999993],[-53.24165919999996,-27.171635699999968],[-53.29306699999995,-27.196919299999934],[-53.310991599999966,-27.21872849999994],[-53.32060359999997,-27.21624339999994],[-53.32072699999998,-27.198238299999957],[-53.29432369999995,-27.147348299999976],[-53.29619919999993,-27.132352399999945],[-53.27883509999998,-27.14125599999994],[-53.28039949999993,-27.119000899999946],[-53.27185209999993,-27.121923099999947],[-53.266327899999965,-27.10274789999994],[-53.249776199999985,-27.103929999999934],[-53.25473599999998,-27.09096489999996],[-53.23243609999997,-27.085338699999966],[-53.23425169999996,-27.070846999999958],[-53.21723019999996,-27.068772899999942],[-53.21626279999998,-27.05766099999994],[-53.22372359999997,-27.05893759999998],[-53.228737699999954,-27.048714099999984],[-53.22034069999995,-27.047808799999927],[-53.204632699999934,-26.96812079999995],[-53.19274709999996,-26.969561299999953],[-53.19094259999997,-26.951108199999965],[-53.16708449999993,-26.956747399999983],[-53.14306469999997,-26.943847999999946],[-53.138090499999976,-26.94891329999996],[-53.138068799999985,-26.96527029999993],[-53.12519579999997,-26.975784499999975],[-53.12600729999997,-26.983853599999975],[-53.134875499999964,-26.98392709999996],[-53.12869529999995,-26.989434399999936],[-53.13567089999998,-26.992866999999933],[-53.131411499999956,-27.002152299999977],[-53.124964499999976,-27.003397999999947],[-53.13068919999995,-27.01377229999997]]]}},{"id":"4495","type":"Feature","properties":{"COD_IBGE":"4212205","MUNICIPIO":"Papanduva","UF":"SC"},"geometry":{"type":"Polygon","coordinates":[[[-50.14315069999998,-26.79471149999995],[-50.168750399999965,-26.790043099999934],[-50.199474399999986,-26.81371319999994],[-50.219581999999946,-26.813938399999984],[-50.215994799999976,-26.78518459999998],[-50.22288609999998,-26.765674399999966],[-50.24202779999996,-26.759316999999953],[-50.24237149999993,-26.744094899999936],[-50.253162799999984,-26.734572499999956],[-50.24684639999998,-26.698646399999973],[-50.216409699999986,-26.67456889999994],[-50.205521999999974,-26.639525399999968],[-50.20838249999997,-26.617434599999967],[-50.19531649999993,-26.590149699999984],[-50.20363379999998,-26.580681399999946],[-50.199470599999984,-26.541476099999954],[-50.206106699999964,-26.51974199999995],[-50.18980479999993,-26.47991929999995],[-50.169024399999955,-26.470269299999927],[-50.18651589999996,-26.456421499999976],[-50.18610639999997,-26.44457499999993],[-50.24595979999998,-26.45255819999994],[-50.26908249999997,-26.443790899999954],[-50.274884199999974,-26.422915899999964],[-50.265288099999964,-26.40661769999997],[-50.28651899999994,-26.418513099999927],[-50.29351539999993,-26.407856299999935],[-50.27967609999996,-26.393744599999934],[-50.29062539999995,-26.373094399999957],[-50.28146069999997,-26.35059259999997],[-50.28496199999995,-26.33314139999993],[-50.27598939999996,-26.32476299999996],[-50.28474259999996,-26.308311599999968],[-50.21688089999998,-26.29001379999994],[-50.18834469999996,-26.272403999999938],[-50.182298499999945,-26.23925509999998],[-50.18865039999997,-26.217966099999956],[-50.16292249999998,-26.21570829999996],[-50.158489799999984,-26.208840599999974],[-50.139869499999975,-26.22217299999994],[-50.14567549999998,-26.227238899999975],[-50.13664879999993,-26.239386199999956],[-50.14849519999996,-26.24845369999997],[-50.11448319999994,-26.255970799999943],[-50.12378629999995,-26.272709499999962],[-50.11589509999993,-26.28145429999995],[-50.10987709999995,-26.273289199999965],[-50.09834639999997,-26.27835579999993],[-50.11286759999996,-26.29007669999993],[-50.12213449999996,-26.283461099999954],[-50.12718339999998,-26.292670099999953],[-50.116526499999964,-26.306606699999975],[-50.12376439999997,-26.325454099999945],[-50.11183859999994,-26.33950729999998],[-50.11167259999996,-26.352913899999976],[-50.09994899999998,-26.34664699999996],[-50.08394019999997,-26.362941699999965],[-50.08882699999998,-26.386122299999954],[-50.07333959999994,-26.404856499999937],[-50.075742299999945,-26.442549999999983],[-50.07012549999996,-26.450064599999962],[-50.08368329999996,-26.472219499999937],[-50.091071599999964,-26.524006199999974],[-50.113980899999945,-26.516500599999972],[-50.125895999999955,-26.524445199999946],[-50.13172369999995,-26.551459299999976],[-50.12284209999996,-26.55823399999997],[-50.13036299999993,-26.561614599999928],[-50.11865199999994,-26.56386509999993],[-50.12530229999993,-26.57781259999996],[-50.132443499999965,-26.576029999999946],[-50.12428199999994,-26.586051599999962],[-50.133533299999954,-26.59068009999993],[-50.125310499999955,-26.59185009999993],[-50.132042199999944,-26.594452799999942],[-50.12931089999995,-26.602067999999974],[-50.119470399999955,-26.603914499999973],[-50.12912629999994,-26.60777589999998],[-50.11857399999997,-26.61197169999997],[-50.12408129999994,-26.616426799999942],[-50.112947599999984,-26.616327299999966],[-50.11034349999994,-26.632483099999945],[-50.121205499999974,-26.629700699999944],[-50.12595079999994,-26.643368899999928],[-50.13824539999996,-26.64311299999997],[-50.128976199999954,-26.64908639999993],[-50.13247779999995,-26.676673299999948],[-50.11300799999998,-26.710291799999936],[-50.12145439999995,-26.737016599999947],[-50.10701119999993,-26.756807099999946],[-50.10599909999996,-26.791889099999935],[-50.085969699999964,-26.81003489999995],[-50.10200349999997,-26.81756249999995],[-50.14315069999998,-26.79471149999995]]]}},{"id":"4496","type":"Feature","properties":{"COD_IBGE":"4212239","MUNICIPIO":"Paraíso","UF":"SC"},"geometry":{"type":"Polygon","coordinates":[[[-53.64437419999996,-26.604312999999934],[-53.62320119999998,-26.61487919999996],[-53.63166039999999,-26.628912299999968],[-53.61383299999994,-26.643197999999927],[-53.60948179999997,-26.657528999999954],[-53.60220859999998,-26.654824099999928],[-53.58992909999995,-26.668573099999946],[-53.60006619999996,-26.68124849999998],[-53.595237399999974,-26.68746989999994],[-53.60172219999998,-26.684574599999962],[-53.60567149999997,-26.692106799999976],[-53.604069799999934,-26.68429169999996],[-53.611086299999954,-26.68411679999997],[-53.61551209999993,-26.696792999999957],[-53.62053849999995,-26.69042539999998],[-53.62752219999993,-26.71629829999995],[-53.64611179999997,-26.711348399999963],[-53.64250229999993,-26.736296599999946],[-53.66363719999998,-26.72937019999995],[-53.652279599999986,-26.728754599999945],[-53.65441519999996,-26.720039399999962],[-53.67291959999994,-26.71722539999996],[-53.69221569999996,-26.72553899999997],[-53.69564429999997,-26.73815899999994],[-53.70421929999998,-26.737553699999978],[-53.71440119999994,-26.750779199999954],[-53.73244839999995,-26.73069879999997],[-53.73554789999997,-26.740516899999932],[-53.750005999999985,-26.741749999999968],[-53.74317229999997,-26.731042699999932],[-53.75738759999996,-26.72236259999994],[-53.75757669999996,-26.713274799999965],[-53.73472639999994,-26.71686449999993],[-53.73314369999997,-26.70113219999996],[-53.74349059999997,-26.680372099999943],[-53.728409599999964,-26.692254499999933],[-53.716893099999936,-26.682393799999943],[-53.73217039999997,-26.678164799999934],[-53.72721909999996,-26.66737319999993],[-53.71887499999997,-26.667285899999968],[-53.722499899999946,-26.648282199999983],[-53.72616059999996,-26.659185499999978],[-53.73533179999998,-26.64558059999996],[-53.759916199999964,-26.64159909999995],[-53.75162249999994,-26.635473299999944],[-53.74040229999997,-26.644400299999973],[-53.74103919999993,-26.630087799999956],[-53.73353819999994,-26.631005499999958],[-53.730127599999946,-26.621450399999958],[-53.73585979999996,-26.60999019999997],[-53.73065539999993,-26.60065069999996],[-53.72085459999994,-26.596876899999984],[-53.71126179999993,-26.60683739999996],[-53.70353879999993,-26.59832169999993],[-53.71391769999997,-26.59572869999994],[-53.697284199999956,-26.590667699999983],[-53.69999539999998,-26.580855699999972],[-53.68876469999998,-26.58701519999994],[-53.685679999999934,-26.57861289999994],[-53.675190499999985,-26.579057999999975],[-53.63306979999999,-26.591597099999944],[-53.64437419999996,-26.604312999999934]]]}},{"id":"4497","type":"Feature","properties":{"COD_IBGE":"4212254","MUNICIPIO":"Passo de Torres","UF":"SC"},"geometry":{"type":"Polygon","coordinates":[[[-49.645096799999976,-29.23838429999995],[-49.71293749999995,-29.325583499999937],[-49.729594099999986,-29.329125399999953],[-49.74658729999993,-29.325980699999946],[-49.73011199999996,-29.317577399999948],[-49.743868299999974,-29.311001499999975],[-49.739681099999984,-29.299913199999935],[-49.77194009999994,-29.298812099999964],[-49.79179739999995,-29.285641099999964],[-49.777854899999966,-29.23743129999997],[-49.75263769999998,-29.252561199999946],[-49.75322239999997,-29.26077909999998],[-49.71211539999996,-29.205798999999956],[-49.66071809999994,-29.24242709999993],[-49.653436599999964,-29.232897599999944],[-49.645096799999976,-29.23838429999995]]]}},{"id":"4498","type":"Feature","properties":{"COD_IBGE":"4212270","MUNICIPIO":"Passos Maia","UF":"SC"},"geometry":{"type":"Polygon","coordinates":[[[-51.980065199999956,-26.801201799999944],[-52.01360699999998,-26.84608079999998],[-52.04374199999995,-26.83935669999994],[-52.05604279999994,-26.856156899999974],[-52.104409199999964,-26.853484699999967],[-52.11611149999993,-26.85929669999996],[-52.13648509999996,-26.852765999999974],[-52.139928399999974,-26.804959699999984],[-52.14706449999994,-26.80383649999993],[-52.13350649999995,-26.790433399999984],[-52.10904009999996,-26.78953389999998],[-52.103480299999944,-26.776747599999965],[-52.07583719999997,-26.782301099999984],[-52.038135799999964,-26.77272439999996],[-52.06130989999997,-26.71910159999993],[-52.04790389999994,-26.695023099999958],[-52.057815199999936,-26.69103949999993],[-52.04960719999997,-26.685474299999953],[-52.07122929999997,-26.68444489999996],[-52.05982019999993,-26.670716399999947],[-52.06954879999995,-26.659162099999946],[-52.05281999999994,-26.64058739999996],[-52.04683019999993,-26.608593499999984],[-52.02753949999993,-26.592861599999935],[-52.03489339999993,-26.587837299999933],[-52.02687659999998,-26.581077499999935],[-52.02911119999993,-26.546887399999946],[-52.008767499999976,-26.566560599999946],[-51.98466589999998,-26.56452699999994],[-51.959726699999976,-26.574476199999935],[-51.94654839999998,-26.569768799999963],[-51.92833189999993,-26.584368499999982],[-51.89671979999997,-26.579981999999973],[-51.87345049999993,-26.599362499999984],[-51.823188899999934,-26.581546599999967],[-51.832584699999984,-26.62501709999998],[-51.852646499999935,-26.650458699999945],[-51.846037999999965,-26.660397599999953],[-51.854841599999986,-26.67294409999994],[-51.88402219999995,-26.679208699999947],[-51.87006829999996,-26.690809099999967],[-51.84792479999993,-26.681758599999966],[-51.85326299999997,-26.71037679999995],[-51.84470249999998,-26.70931379999996],[-51.84335989999994,-26.700136999999984],[-51.824991899999986,-26.702330399999937],[-51.82090389999996,-26.695454199999972],[-51.81313289999997,-26.70075849999995],[-51.804974999999956,-26.693914199999938],[-51.778672599999936,-26.708507899999972],[-51.75705289999996,-26.736498499999982],[-51.800350599999945,-26.769238799999982],[-51.827282999999966,-26.753927699999963],[-51.82620609999998,-26.766823399999964],[-51.840258999999946,-26.76278039999994],[-51.84601339999995,-26.771847099999945],[-51.872322199999985,-26.775612999999964],[-51.88404129999998,-26.77114729999994],[-51.88605659999996,-26.77779759999993],[-51.90129209999998,-26.778873699999963],[-51.89927839999996,-26.787862099999984],[-51.930827799999975,-26.785458699999936],[-51.92788169999994,-26.776612599999964],[-51.93853509999997,-26.785506599999962],[-51.978323099999955,-26.777184199999965],[-51.980065199999956,-26.801201799999944]]]}},{"id":"4499","type":"Feature","properties":{"COD_IBGE":"4212304","MUNICIPIO":"Paulo Lopes","UF":"SC"},"geometry":{"type":"MultiPolygon","coordinates":[[[[-48.65133369999995,-27.902075099999934],[-48.64386929999995,-27.90557579999995],[-48.64762239999993,-27.911892999999964],[-48.64087749999993,-27.905096999999955],[-48.63700049999994,-27.914759299999957],[-48.62430709999995,-27.91051299999998],[-48.608726299999944,-27.917058899999972],[-48.59577059999998,-27.907900299999937],[-48.58704709999995,-27.90438309999996],[-48.63835979999993,-27.963790399999937],[-48.65501189999998,-27.97132629999993],[-48.65660479999997,-27.988189899999952],[-48.67178739999997,-28.007543399999975],[-48.68070749999998,-28.006134799999984],[-48.68750019999993,-28.019150799999977],[-48.69619499999993,-28.012323399999957],[-48.71774239999996,-28.04226069999993],[-48.72507419999994,-28.058113099999957],[-48.70850569999993,-28.063462899999934],[-48.70701239999994,-28.082649299999957],[-48.80198869999998,-28.095016199999975],[-48.81008939999998,-28.07837089999998],[-48.83226279999997,-28.071634099999983],[-48.89369529999993,-28.080036099999973],[-48.88117489999996,-28.050651699999946],[-48.85520669999994,-28.039896599999963],[-48.84276909999994,-28.005359099999964],[-48.83640279999997,-27.969173699999942],[-48.84916999999996,-27.950612599999943],[-48.83684479999994,-27.931788499999982],[-48.845704599999976,-27.92283989999993],[-48.84553539999996,-27.907291999999984],[-48.84217689999997,-27.901180799999963],[-48.825765099999956,-27.909092399999963],[-48.82335869999997,-27.90365639999993],[-48.82553999999993,-27.88902769999993],[-48.836974199999986,-27.88732729999998],[-48.84392539999993,-27.86676449999993],[-48.819798799999944,-27.82659099999995],[-48.77090409999994,-27.834345799999937],[-48.761716699999965,-27.842955399999937],[-48.75829609999994,-27.81448389999997],[-48.73963169999996,-27.795078299999943],[-48.741389399999946,-27.82520539999996],[-48.74836289999996,-27.827568499999984],[-48.736418199999946,-27.843273499999952],[-48.73757969999997,-27.862777199999982],[-48.72401519999994,-27.894660899999963],[-48.66075399999994,-27.910031599999968],[-48.65133369999995,-27.902075099999934]]],[[[-48.542436899999984,-27.932222799999977],[-48.541708599999936,-27.941895899999963],[-48.544876099999954,-27.93198119999994],[-48.542436899999984,-27.932222799999977]]]]}},{"id":"4500","type":"Feature","properties":{"COD_IBGE":"4212403","MUNICIPIO":"Pedras Grandes","UF":"SC"},"geometry":{"type":"Polygon","coordinates":[[[-49.22637389999994,-28.433861499999978],[-49.196096899999986,-28.423673099999974],[-49.21126269999996,-28.400945699999966],[-49.18976989999993,-28.38935479999998],[-49.18637649999994,-28.41162849999995],[-49.15563539999994,-28.400905399999942],[-49.123632499999985,-28.420033899999964],[-49.11200539999993,-28.443658699999958],[-49.12438739999993,-28.45427899999993],[-49.12217429999998,-28.47467699999993],[-49.14349109999995,-28.474174799999957],[-49.18018949999998,-28.498099099999934],[-49.24337049999997,-28.58976229999996],[-49.250852099999975,-28.590948699999956],[-49.26052709999993,-28.578087599999947],[-49.24985419999996,-28.56730399999998],[-49.25665309999994,-28.553211199999964],[-49.25148279999996,-28.536462599999936],[-49.26640839999993,-28.53273009999998],[-49.29006969999995,-28.503088299999945],[-49.27899089999994,-28.484496299999932],[-49.256610499999965,-28.474116699999968],[-49.25537069999996,-28.462600099999975],[-49.23369109999993,-28.456207999999947],[-49.22637389999994,-28.433861499999978]]]}},{"id":"4501","type":"Feature","properties":{"COD_IBGE":"4212502","MUNICIPIO":"Penha","UF":"SC"},"geometry":{"type":"MultiPolygon","coordinates":[[[[-48.60135539999993,-26.82531769999997],[-48.62955269999998,-26.82003489999994],[-48.66874039999993,-26.841102699999965],[-48.71135829999997,-26.841923599999973],[-48.70845079999998,-26.815553399999942],[-48.677723699999945,-26.797822399999973],[-48.64728749999995,-26.762153199999943],[-48.620245599999976,-26.789350799999966],[-48.605312399999946,-26.789065499999936],[-48.59870909999995,-26.772187299999928],[-48.59457609999998,-26.784521799999936],[-48.58437239999995,-26.783571499999937],[-48.58413619999993,-26.79554749999994],[-48.59309479999996,-26.79829979999994],[-48.60135539999993,-26.82531769999997]]],[[[-48.639149499999974,-26.745434299999943],[-48.63497049999995,-26.744383699999958],[-48.634275799999955,-26.74542569999994],[-48.639149499999974,-26.745434299999943]]]]}},{"id":"4502","type":"Feature","properties":{"COD_IBGE":"4212601","MUNICIPIO":"Peritiba","UF":"SC"},"geometry":{"type":"Polygon","coordinates":[[[-51.91544019999998,-27.38967999999994],[-51.921938299999965,-27.35264499999994],[-51.93943779999995,-27.33559829999996],[-51.93602389999995,-27.326344999999947],[-51.915598899999964,-27.324181099999976],[-51.90924219999994,-27.311932199999944],[-51.91557499999993,-27.30699889999994],[-51.88414389999997,-27.30150329999998],[-51.85382169999997,-27.31967499999996],[-51.82243329999994,-27.29647719999997],[-51.81767639999998,-27.369776599999966],[-51.838239699999974,-27.37248599999998],[-51.875174899999934,-27.405974899999933],[-51.883077399999934,-27.41948739999998],[-51.87776759999997,-27.426483899999937],[-51.89166089999998,-27.41529419999995],[-51.89348739999997,-27.39960009999993],[-51.90531379999993,-27.394842599999947],[-51.90159559999995,-27.38980749999996],[-51.91544019999998,-27.38967999999994]]]}},{"id":"4503","type":"Feature","properties":{"COD_IBGE":"4212650","MUNICIPIO":"Pescaria Brava","UF":"SC"},"geometry":{"type":"Polygon","coordinates":[[[-48.853691899999944,-28.428130499999952],[-48.864318899999944,-28.446499099999983],[-48.88211419999993,-28.445933899999943],[-48.89038859999994,-28.468971099999976],[-48.91412599999995,-28.467209999999966],[-48.93954999999994,-28.416104099999984],[-48.93388159999995,-28.36494659999994],[-48.94812589999998,-28.35911429999993],[-48.92716589999998,-28.35018699999995],[-48.89096749999993,-28.361118999999974],[-48.804408799999976,-28.355959999999982],[-48.832985399999984,-28.389138899999978],[-48.82308089999998,-28.426090699999975],[-48.853691899999944,-28.428130499999952]]]}},{"id":"4504","type":"Feature","properties":{"COD_IBGE":"4212700","MUNICIPIO":"Petrolândia","UF":"SC"},"geometry":{"type":"Polygon","coordinates":[[[-49.732132399999955,-27.619261199999983],[-49.76301639999997,-27.58945049999994],[-49.77033729999994,-27.568446499999936],[-49.753981599999975,-27.520714699999928],[-49.78888429999995,-27.498224299999947],[-49.78168569999997,-27.496774899999934],[-49.78524999999996,-27.485266499999966],[-49.77476089999993,-27.47598979999998],[-49.761914099999956,-27.46835459999994],[-49.74643949999995,-27.47649949999993],[-49.64932179999994,-27.45103469999998],[-49.582394499999964,-27.476908999999978],[-49.58815739999994,-27.504626799999983],[-49.61609969999995,-27.547758199999976],[-49.59991099999996,-27.54986109999993],[-49.59961079999994,-27.55622879999993],[-49.61877329999999,-27.57605209999997],[-49.589756199999954,-27.57390819999995],[-49.61400539999994,-27.58398029999995],[-49.622843899999964,-27.60252799999995],[-49.61979469999994,-27.618019299999958],[-49.62939729999994,-27.618951599999946],[-49.65046389999998,-27.642433599999947],[-49.68508859999997,-27.65321069999993],[-49.711500899999976,-27.64355779999994],[-49.72939189999994,-27.656922399999928],[-49.74213629999997,-27.63123859999996],[-49.732132399999955,-27.619261199999983]]]}},{"id":"4505","type":"Feature","properties":{"COD_IBGE":"4212809","MUNICIPIO":"Balneário Piçarras","UF":"SC"},"geometry":{"type":"Polygon","coordinates":[[[-48.66372019999994,-26.773872299999937],[-48.677723699999945,-26.797822399999973],[-48.70451849999995,-26.81422649999996],[-48.72717879999993,-26.812054899999964],[-48.746366999999964,-26.807341399999927],[-48.74718479999996,-26.78315989999993],[-48.77176829999996,-26.763368799999967],[-48.80160609999996,-26.761262099999954],[-48.80367249999995,-26.746410099999935],[-48.81781319999993,-26.74085789999998],[-48.80770949999993,-26.718916599999943],[-48.789872499999944,-26.70563859999993],[-48.77242549999994,-26.708407199999954],[-48.75676859999993,-26.74057849999997],[-48.68185959999994,-26.718416899999966],[-48.66372019999994,-26.773872299999937]]]}},{"id":"4506","type":"Feature","properties":{"COD_IBGE":"4212908","MUNICIPIO":"Pinhalzinho","UF":"SC"},"geometry":{"type":"Polygon","coordinates":[[[-53.000819099999944,-26.80382199999997],[-52.99576609999997,-26.793695799999966],[-53.00527169999998,-26.774818799999935],[-52.985798999999986,-26.773403499999972],[-52.954684199999974,-26.75230929999998],[-52.95486269999998,-26.76205639999995],[-52.92948929999994,-26.77199319999994],[-52.94239679999998,-26.778453799999966],[-52.92745659999997,-26.785364499999957],[-52.92837129999998,-26.797416299999952],[-52.94319939999997,-26.796793599999944],[-52.917551499999945,-26.80196099999995],[-52.915507899999966,-26.820432299999936],[-52.90427039999997,-26.811730099999977],[-52.929920599999946,-26.834352799999976],[-52.900953699999945,-26.85716979999995],[-52.95071779999995,-26.86797249999995],[-52.947538899999984,-26.88167059999995],[-52.96762929999994,-26.88680729999993],[-53.007653199999936,-26.88732829999998],[-53.00769159999999,-26.875575599999934],[-53.03679169999998,-26.875936499999966],[-53.04454849999996,-26.86117809999996],[-53.03770009999994,-26.85593309999996],[-53.05308009999993,-26.83895309999997],[-53.043587799999955,-26.84106719999994],[-53.047983999999985,-26.830737599999964],[-53.032701299999985,-26.827240599999982],[-53.04319669999995,-26.813999299999978],[-53.000819099999944,-26.80382199999997]]]}},{"id":"4507","type":"Feature","properties":{"COD_IBGE":"4213005","MUNICIPIO":"Pinheiro Preto","UF":"SC"},"geometry":{"type":"Polygon","coordinates":[[[-51.24392369999998,-27.064398799999935],[-51.27140989999998,-27.067096999999933],[-51.28936999999996,-27.048414199999968],[-51.29897169999998,-27.057512299999928],[-51.317672899999934,-27.044246899999962],[-51.31754939999996,-27.018807599999946],[-51.24853219999994,-27.033766199999945],[-51.21244249999995,-27.02903989999993],[-51.214174999999955,-27.020195199999932],[-51.19878189999997,-27.031748799999946],[-51.19495329999995,-27.02553469999998],[-51.18369839999997,-27.03294649999998],[-51.15745909999998,-27.08950969999995],[-51.24392369999998,-27.064398799999935]]]}},{"id":"4508","type":"Feature","properties":{"COD_IBGE":"4213104","MUNICIPIO":"Piratuba","UF":"SC"},"geometry":{"type":"Polygon","coordinates":[[[-51.77865189999994,-27.44504319999993],[-51.79170609999994,-27.42366149999998],[-51.75868539999993,-27.414864399999942],[-51.764617499999986,-27.393182499999966],[-51.75895849999995,-27.389617399999963],[-51.73259529999996,-27.392195399999935],[-51.71050989999998,-27.421530399999938],[-51.68558639999998,-27.432059599999945],[-51.71731529999994,-27.511435699999936],[-51.730389199999934,-27.51150199999995],[-51.75352779999997,-27.487197399999957],[-51.796905799999934,-27.489967699999966],[-51.80226689999995,-27.50171839999996],[-51.78700089999995,-27.516205799999966],[-51.78736969999994,-27.529687099999933],[-51.80040729999996,-27.52929739999996],[-51.82178579999999,-27.51278919999993],[-51.85148829999997,-27.52461299999993],[-51.855129199999965,-27.51545029999994],[-51.84362699999997,-27.48313589999998],[-51.85818199999994,-27.475094199999944],[-51.86997069999995,-27.44963139999993],[-51.85544399999998,-27.444649599999934],[-51.846027499999934,-27.464175599999976],[-51.83420259999997,-27.43710599999997],[-51.808002399999964,-27.422422899999958],[-51.799677799999984,-27.422329499999933],[-51.80325259999995,-27.43319139999994],[-51.77865189999994,-27.44504319999993]]]}},{"id":"4509","type":"Feature","properties":{"COD_IBGE":"4213153","MUNICIPIO":"Planalto Alegre","UF":"SC"},"geometry":{"type":"Polygon","coordinates":[[[-52.85195589999995,-27.112542899999937],[-52.898403299999984,-27.086168699999973],[-52.905235699999935,-26.973554699999966],[-52.894006899999965,-26.975305899999967],[-52.89169689999994,-27.010599699999943],[-52.84023899999994,-27.009752499999934],[-52.844893499999955,-27.06689799999998],[-52.82918999999998,-27.10695499999997],[-52.85195589999995,-27.112542899999937]]]}},{"id":"4510","type":"Feature","properties":{"COD_IBGE":"4213203","MUNICIPIO":"Pomerode","UF":"SC"},"geometry":{"type":"Polygon","coordinates":[[[-49.12338559999995,-26.682565299999965],[-49.13306439999997,-26.69426219999997],[-49.13280269999996,-26.708679399999937],[-49.12339089999995,-26.708342899999934],[-49.11905219999994,-26.723180399999933],[-49.113329299999975,-26.717757199999937],[-49.11385939999997,-26.734736299999952],[-49.10591169999998,-26.741050899999948],[-49.12761629999994,-26.753228999999976],[-49.11933319999997,-26.784773799999982],[-49.127734499999974,-26.83259259999994],[-49.19887199999994,-26.839373399999943],[-49.21012409999997,-26.805925199999933],[-49.195349799999974,-26.792232499999955],[-49.20829629999997,-26.770730799999967],[-49.204521599999964,-26.75982849999997],[-49.23546169999997,-26.74497359999998],[-49.23407179999998,-26.690647999999953],[-49.22349609999998,-26.667191299999956],[-49.216358199999945,-26.66699099999994],[-49.22325289999998,-26.635826599999973],[-49.21625809999995,-26.622423399999946],[-49.22313959999997,-26.62051459999998],[-49.197918399999935,-26.622162299999957],[-49.17512889999995,-26.613854799999956],[-49.16375309999995,-26.64866189999998],[-49.12952259999997,-26.63575179999998],[-49.13339179999997,-26.65201909999996],[-49.12338559999995,-26.682565299999965]]]}},{"id":"4511","type":"Feature","properties":{"COD_IBGE":"4213302","MUNICIPIO":"Ponte Alta","UF":"SC"},"geometry":{"type":"Polygon","coordinates":[[[-50.38403599999998,-27.492069699999945],[-50.404219599999976,-27.474649799999952],[-50.42347599999994,-27.484167999999954],[-50.43099959999995,-27.47533149999998],[-50.44841289999994,-27.47805189999997],[-50.45040369999998,-27.500341999999932],[-50.46895809999995,-27.48629109999996],[-50.49293239999997,-27.48909569999995],[-50.49141609999998,-27.481758799999966],[-50.468922599999985,-27.476473299999952],[-50.485911699999974,-27.462818599999935],[-50.47624769999993,-27.44391269999994],[-50.48703539999997,-27.43275209999996],[-50.47660369999994,-27.41742929999998],[-50.48151379999996,-27.40238439999996],[-50.48999139999995,-27.40216739999994],[-50.46753149999995,-27.369170699999984],[-50.45145239999994,-27.367754799999943],[-50.44083829999994,-27.357128899999964],[-50.428768599999955,-27.366718399999968],[-50.39965739999997,-27.362148599999955],[-50.35856069999994,-27.34348449999993],[-50.20772159999996,-27.346368199999972],[-50.19837529999995,-27.34083739999994],[-50.19746049999998,-27.32832469999994],[-50.185288199999945,-27.323137199999962],[-50.177938799999936,-27.300133899999935],[-50.188396599999976,-27.292335699999967],[-50.18934019999995,-27.275442399999974],[-50.175256899999965,-27.269222699999943],[-50.124856499999964,-27.275675399999955],[-50.10692759999995,-27.29485059999996],[-50.075793799999985,-27.304836999999964],[-50.08887329999993,-27.309066599999937],[-50.09037319999993,-27.329969799999958],[-50.10176069999994,-27.32694289999995],[-50.102868899999976,-27.340954499999953],[-50.11345049999994,-27.34113789999998],[-50.11392349999994,-27.350160899999935],[-50.12701079999994,-27.350890999999933],[-50.12576149999995,-27.360730699999976],[-50.138701899999944,-27.36362779999996],[-50.14489709999998,-27.402412899999945],[-50.157415499999956,-27.40790039999996],[-50.150334999999984,-27.414373199999943],[-50.15695959999994,-27.415255299999956],[-50.15719549999994,-27.427908299999956],[-50.167304799999954,-27.43175039999994],[-50.16367999999994,-27.440656599999954],[-50.174904899999945,-27.442955299999937],[-50.17453199999994,-27.451589799999965],[-50.18674839999994,-27.44083509999996],[-50.19038879999994,-27.45818289999994],[-50.21198919999995,-27.454984999999965],[-50.22571379999994,-27.47136999999998],[-50.22144959999997,-27.482737399999962],[-50.22934559999993,-27.48456249999998],[-50.245631999999944,-27.475525999999945],[-50.25050849999997,-27.455241299999955],[-50.26607139999993,-27.446046499999966],[-50.281921599999976,-27.48057769999997],[-50.27184179999995,-27.49512569999996],[-50.29780219999998,-27.495054799999934],[-50.30058969999993,-27.503225699999973],[-50.261692799999935,-27.538212999999928],[-50.293938099999934,-27.522694299999955],[-50.32527189999996,-27.52595839999998],[-50.35814119999998,-27.54021279999995],[-50.36652879999997,-27.53634779999993],[-50.373755899999935,-27.545839599999965],[-50.36817709999997,-27.553093799999942],[-50.38359409999998,-27.56166929999995],[-50.383684899999935,-27.55308249999996],[-50.39215089999993,-27.557762499999967],[-50.411459099999945,-27.54778829999998],[-50.397909399999946,-27.54831719999993],[-50.389980299999934,-27.53873269999997],[-50.392251999999985,-27.52510659999996],[-50.38064669999994,-27.517645399999935],[-50.37634409999998,-27.50166799999994],[-50.386044599999934,-27.498437199999955],[-50.38403599999998,-27.492069699999945]]]}},{"id":"4512","type":"Feature","properties":{"COD_IBGE":"4213351","MUNICIPIO":"Ponte Alta do Norte","UF":"SC"},"geometry":{"type":"Polygon","coordinates":[[[-50.46623619999997,-27.215569399999936],[-50.47828599999997,-27.22875019999998],[-50.532561999999984,-27.20538019999998],[-50.551350499999955,-27.215598099999966],[-50.561345899999935,-27.201621199999977],[-50.57160899999997,-27.201049199999943],[-50.57069069999994,-27.194027999999946],[-50.600818499999946,-27.200705699999958],[-50.61386739999995,-27.179769999999962],[-50.60580059999995,-27.17564169999997],[-50.61012819999996,-27.16437499999995],[-50.627681999999936,-27.151365399999975],[-50.61696439999997,-27.154051699999968],[-50.58453879999996,-27.140166999999963],[-50.576656699999944,-27.157590899999946],[-50.57926649999996,-27.141287099999943],[-50.57268009999996,-27.14226489999993],[-50.57035989999997,-27.132039499999962],[-50.56162399999994,-27.139131599999928],[-50.56131949999997,-27.151920099999984],[-50.557610899999986,-27.143820999999946],[-50.53685359999997,-27.145391099999983],[-50.55197359999994,-27.130097899999953],[-50.52868769999998,-27.133976099999984],[-50.52608289999995,-27.11957039999993],[-50.42839619999995,-27.11198379999996],[-50.431024699999966,-27.10125739999995],[-50.422516299999984,-27.09529279999998],[-50.42478489999996,-27.10847069999994],[-50.37996279999993,-27.118061999999952],[-50.37759669999997,-27.105161299999963],[-50.348934199999974,-27.093610399999932],[-50.34862439999995,-27.10071439999996],[-50.33630599999998,-27.10291619999998],[-50.33856009999994,-27.09597359999998],[-50.329178199999944,-27.112309899999957],[-50.32057979999996,-27.112309899999957],[-50.313361999999984,-27.129611799999964],[-50.31901579999993,-27.146689599999945],[-50.30375819999995,-27.152390799999978],[-50.304801699999985,-27.16875099999993],[-50.28662349999996,-27.169338099999948],[-50.29386089999997,-27.17818859999994],[-50.28758269999997,-27.182487399999957],[-50.29124569999993,-27.21600399999994],[-50.270230399999946,-27.21021609999997],[-50.26608749999997,-27.197857299999953],[-50.26580949999993,-27.22561509999997],[-50.243042799999955,-27.238235199999963],[-50.26752099999993,-27.26834679999996],[-50.297200499999974,-27.24947099999997],[-50.318245899999965,-27.26875769999998],[-50.332468699999936,-27.261463799999945],[-50.34070409999998,-27.267264799999964],[-50.357064399999956,-27.26488839999996],[-50.365602999999965,-27.252439099999947],[-50.35686799999996,-27.253611299999932],[-50.35815379999997,-27.243586599999958],[-50.34994149999994,-27.237274499999955],[-50.36746589999996,-27.241689299999962],[-50.37899299999998,-27.221925599999963],[-50.37708159999994,-27.24690979999997],[-50.39101679999993,-27.249015499999928],[-50.391813999999954,-27.26512359999998],[-50.41585299999997,-27.248689499999955],[-50.408806399999946,-27.24026109999994],[-50.44410979999998,-27.22752289999994],[-50.45458389999993,-27.231463299999973],[-50.46623619999997,-27.215569399999936]]]}},{"id":"4513","type":"Feature","properties":{"COD_IBGE":"4213401","MUNICIPIO":"Ponte Serrada","UF":"SC"},"geometry":{"type":"Polygon","coordinates":[[[-51.817942699999946,-26.85197949999997],[-51.82618379999997,-26.923388299999942],[-51.84693519999996,-26.94889539999997],[-51.87431929999997,-26.929128899999967],[-51.884773199999984,-26.945602699999938],[-51.89509519999996,-26.93632379999997],[-51.93045519999998,-26.92923289999993],[-51.957658899999956,-26.94780039999995],[-51.978981199999964,-26.93671939999996],[-51.99644099999995,-26.94826009999997],[-52.00496139999996,-26.939822499999934],[-52.02387179999994,-26.949640699999975],[-52.03285319999998,-26.942330999999967],[-52.04230699999994,-26.957126199999948],[-52.055701099999965,-26.95118199999996],[-52.05529319999994,-26.960668099999964],[-52.06706779999996,-26.95962499999996],[-52.07195989999997,-26.94173139999998],[-52.08184479999994,-26.951652199999955],[-52.09330129999995,-26.945417299999974],[-52.108663999999976,-26.95456349999995],[-52.10882329999998,-26.948189799999966],[-52.12712579999993,-26.947820899999954],[-52.13428369999997,-26.93103899999994],[-52.14019989999997,-26.934034899999972],[-52.14850949999993,-26.929426999999976],[-52.14000629999998,-26.91840529999996],[-52.142767299999946,-26.89715579999995],[-52.166376799999966,-26.88784469999996],[-52.10604109999997,-26.85371429999998],[-52.05604279999994,-26.856156899999974],[-52.04374199999995,-26.83935669999994],[-52.01360699999998,-26.84608079999998],[-51.980065199999956,-26.801201799999944],[-51.97936639999995,-26.777567399999953],[-51.93853509999997,-26.785506599999962],[-51.92814499999997,-26.77657849999997],[-51.930827799999975,-26.785458699999936],[-51.89927839999996,-26.787862099999984],[-51.90129209999998,-26.778873699999963],[-51.88605659999996,-26.77779759999993],[-51.88404129999998,-26.77114729999994],[-51.872322199999985,-26.775612999999964],[-51.84601339999995,-26.771847099999945],[-51.840258999999946,-26.76278039999994],[-51.82620609999998,-26.766823399999964],[-51.827259099999935,-26.753923499999928],[-51.81805959999997,-26.763206699999955],[-51.80419479999995,-26.761320499999954],[-51.800512899999944,-26.769253499999934],[-51.79437989999997,-26.758876699999973],[-51.78340499999996,-26.75962169999997],[-51.785671099999945,-26.770476199999962],[-51.77668449999993,-26.76848119999994],[-51.776984599999935,-26.780413799999963],[-51.765673799999945,-26.788224799999966],[-51.753415099999984,-26.774386299999946],[-51.73152509999994,-26.79011909999997],[-51.70267709999996,-26.791342699999973],[-51.67873439999994,-26.81836549999997],[-51.71269019999994,-26.82501599999995],[-51.72787679999993,-26.852717199999972],[-51.768533599999955,-26.839253799999938],[-51.77071319999993,-26.85373599999997],[-51.79638159999996,-26.853143399999965],[-51.79418489999995,-26.85978319999998],[-51.802543199999946,-26.858162899999968],[-51.80348329999998,-26.86539289999996],[-51.81050589999995,-26.856356199999937],[-51.80631409999995,-26.850408399999935],[-51.81443299999995,-26.855033399999968],[-51.816164699999945,-26.844837499999983],[-51.82502589999996,-26.85114959999993],[-51.817942699999946,-26.85197949999997]]]}},{"id":"4514","type":"Feature","properties":{"COD_IBGE":"4213500","MUNICIPIO":"Porto Belo","UF":"SC"},"geometry":{"type":"MultiPolygon","coordinates":[[[[-48.60249449999998,-27.145435599999928],[-48.55268159999997,-27.15747659999994],[-48.53679759999994,-27.15015449999993],[-48.52845359999998,-27.123200399999973],[-48.508028399999944,-27.11047519999994],[-48.52404699999994,-27.13637449999993],[-48.528273199999944,-27.16112069999997],[-48.58308809999994,-27.19325939999993],[-48.585195099999964,-27.198150599999963],[-48.57706369999994,-27.205835199999967],[-48.57835329999995,-27.211464199999966],[-48.60199729999994,-27.220398899999964],[-48.60771919999996,-27.21055279999996],[-48.66178039999994,-27.21621149999993],[-48.68997869999998,-27.185504399999957],[-48.68624539999996,-27.172883699999943],[-48.69218549999994,-27.168618699999968],[-48.68027189999998,-27.16565019999996],[-48.690030699999966,-27.141390999999942],[-48.65428449999996,-27.15115449999996],[-48.60421919999993,-27.136500299999966],[-48.60249449999998,-27.145435599999928]]],[[[-48.54005589999997,-27.13560719999998],[-48.54025009999998,-27.14144589999995],[-48.54950009999993,-27.144601799999975],[-48.54850349999998,-27.14220469999998],[-48.54005589999997,-27.13560719999998]]]]}},{"id":"4515","type":"Feature","properties":{"COD_IBGE":"4213609","MUNICIPIO":"Porto União","UF":"SC"},"geometry":{"type":"Polygon","coordinates":[[[-50.98540879999996,-26.40487669999993],[-51.027476399999955,-26.405581799999936],[-51.04222549999997,-26.394645999999966],[-51.05279679999995,-26.400565899999947],[-51.05674799999997,-26.39425179999995],[-51.06337499999995,-26.402133899999967],[-51.08927179999995,-26.391321499999947],[-51.114971699999955,-26.39085709999995],[-51.19016039999997,-26.452144999999973],[-51.202108099999975,-26.44277399999993],[-51.20146329999994,-26.427117599999974],[-51.25817139999998,-26.400458399999934],[-51.27036259999994,-26.386900699999956],[-51.250999099999945,-26.374363999999957],[-51.26010699999995,-26.362518299999977],[-51.24795119999993,-26.329866399999958],[-51.215820399999984,-26.315947999999935],[-51.20719779999996,-26.29630119999996],[-51.187805899999944,-26.30115619999998],[-51.16193879999997,-26.291026699999975],[-51.16316409999996,-26.28356119999995],[-51.15407909999993,-26.279518499999938],[-51.13660919999995,-26.286168199999963],[-51.13505059999994,-26.27914069999997],[-51.104313099999956,-26.276121199999977],[-51.08200459999995,-26.22826859999998],[-51.05684569999994,-26.24390169999998],[-50.998972599999945,-26.23105339999995],[-50.974891799999966,-26.244115699999952],[-50.96998579999996,-26.26328929999994],[-50.95275639999994,-26.26979749999998],[-50.94475459999995,-26.282680399999947],[-50.93166579999996,-26.269412099999954],[-50.94431899999995,-26.241856199999972],[-50.93568149999993,-26.23346559999993],[-50.90773079999997,-26.252329199999963],[-50.90913879999994,-26.284635099999946],[-50.88820169999997,-26.30235269999997],[-50.90178329999998,-26.30594969999993],[-50.89478939999998,-26.31238069999995],[-50.89946679999997,-26.322603799999968],[-50.890633099999945,-26.32723219999997],[-50.88603699999993,-26.31767709999997],[-50.880233299999986,-26.32010359999998],[-50.898041399999954,-26.332371499999965],[-50.88713089999993,-26.33930689999994],[-50.894510999999966,-26.34766069999995],[-50.88270539999996,-26.359275999999966],[-50.884233999999935,-26.37930599999993],[-50.87098869999994,-26.385568599999942],[-50.85621409999993,-26.375937799999974],[-50.84428669999994,-26.37975659999995],[-50.841060099999936,-26.408046999999954],[-50.849384199999974,-26.427847999999983],[-50.81516559999994,-26.44061499999998],[-50.80916549999995,-26.45833399999998],[-50.821601699999974,-26.464481099999944],[-50.816835099999935,-26.477516099999946],[-50.784861099999944,-26.50177149999996],[-50.80177919999994,-26.508068599999945],[-50.825113499999986,-26.548140099999955],[-50.85599509999997,-26.560595899999953],[-50.90230319999995,-26.556345999999962],[-50.915827999999976,-26.544816399999945],[-50.92116779999998,-26.552593799999954],[-50.94241389999996,-26.550319699999932],[-50.961580899999944,-26.52247749999998],[-50.971831099999974,-26.522999599999935],[-51.00933539999994,-26.49515589999993],[-51.00517599999995,-26.48471479999995],[-50.99510859999998,-26.48381729999994],[-50.99701339999996,-26.464574899999946],[-51.007521699999984,-26.459153999999955],[-50.97661339999996,-26.441890899999976],[-50.980507999999986,-26.42788079999997],[-50.964540599999964,-26.42848159999994],[-50.98540879999996,-26.40487669999993]]]}},{"id":"4516","type":"Feature","properties":{"COD_IBGE":"4213708","MUNICIPIO":"Pouso Redondo","UF":"SC"},"geometry":{"type":"Polygon","coordinates":[[[-49.96745079999994,-27.196425499999975],[-49.94129789999994,-27.214384499999937],[-49.93305589999994,-27.189205799999968],[-49.91923189999994,-27.188690299999962],[-49.91310079999994,-27.21891899999997],[-49.84613669999993,-27.233404099999973],[-49.82333819999997,-27.26492539999998],[-49.85684629999997,-27.27821169999993],[-49.88392309999995,-27.305758899999944],[-49.93029029999997,-27.322818199999972],[-49.941607499999975,-27.339075099999945],[-49.927678999999955,-27.36797699999994],[-49.951716999999974,-27.381749299999967],[-49.956328499999984,-27.406869899999947],[-49.97094789999994,-27.412390899999934],[-49.98793379999995,-27.40399999999994],[-49.97914999999995,-27.41692699999993],[-49.98729229999998,-27.41859869999996],[-50.006298399999935,-27.398263999999983],[-50.01772539999996,-27.398018099999945],[-50.00964779999998,-27.387626799999964],[-50.01252939999995,-27.378708899999936],[-50.03265619999996,-27.371989199999973],[-50.030155399999956,-27.356258499999967],[-50.04419909999996,-27.34862739999994],[-50.044096199999956,-27.33521449999995],[-50.03395999999998,-27.34297849999996],[-50.024039399999936,-27.344167399999947],[-50.02520059999995,-27.329059799999982],[-50.01863289999994,-27.332479499999977],[-50.00837869999998,-27.319050699999934],[-50.026427499999954,-27.324968599999977],[-50.053015899999934,-27.315998199999967],[-50.06106189999997,-27.32226909999997],[-50.058581799999956,-27.312508799999932],[-50.10692759999995,-27.29485059999996],[-50.12955479999994,-27.27401489999994],[-50.10051119999997,-27.246398299999953],[-50.07157769999998,-27.239477199999953],[-50.05897879999998,-27.227286499999934],[-50.063100299999974,-27.21749219999998],[-50.047301499999946,-27.205741599999953],[-50.04215739999995,-27.218699499999957],[-50.02675799999997,-27.22200879999997],[-50.01612079999995,-27.21086319999995],[-49.99661239999995,-27.214484899999945],[-49.96745079999994,-27.196425499999975]]]}},{"id":"4517","type":"Feature","properties":{"COD_IBGE":"4213807","MUNICIPIO":"Praia Grande","UF":"SC"},"geometry":{"type":"Polygon","coordinates":[[[-49.90388459999997,-29.190930699999967],[-49.940544699999975,-29.201539799999978],[-49.96501509999996,-29.19944449999997],[-49.96928189999994,-29.21178009999994],[-49.99658519999997,-29.228262299999983],[-50.00993219999998,-29.225409499999955],[-50.062972299999956,-29.242146499999933],[-50.06534009999996,-29.249580399999957],[-50.11432419999994,-29.257617799999935],[-50.10917949999998,-29.27967499999994],[-50.092448299999944,-29.297578999999928],[-50.05121499999996,-29.32411129999997],[-50.03369709999998,-29.349846499999956],[-50.04100269999998,-29.355065899999943],[-50.038130999999964,-29.348174299999982],[-50.04677579999998,-29.340358599999945],[-50.06874579999993,-29.342606599999954],[-50.05815099999995,-29.32925799999998],[-50.07446799999997,-29.328197099999954],[-50.06577269999997,-29.32191759999995],[-50.08774599999998,-29.324322799999948],[-50.083757299999945,-29.31392989999995],[-50.11249399999997,-29.305752199999972],[-50.105231199999935,-29.299362799999983],[-50.11997069999995,-29.296780599999977],[-50.123009199999956,-29.281972499999938],[-50.13012439999994,-29.285756999999933],[-50.12873639999998,-29.303554299999973],[-50.13900959999995,-29.29095019999994],[-50.144932799999935,-29.29359429999994],[-50.13963649999994,-29.281954799999937],[-50.150481999999954,-29.28530399999994],[-50.13982629999998,-29.26650029999996],[-50.145887699999946,-29.258318199999962],[-50.138753099999974,-29.253524599999935],[-50.17750909999995,-29.248521299999936],[-50.140683199999955,-29.237783399999955],[-50.140713999999946,-29.22840949999994],[-50.15123259999996,-29.230155199999956],[-50.14497339999997,-29.22389959999998],[-50.15066889999997,-29.224572699999953],[-50.13396789999996,-29.207907399999954],[-50.142764399999976,-29.201423099999943],[-50.16154759999995,-29.20394189999996],[-50.139646899999946,-29.192219799999975],[-50.13650239999998,-29.19848049999996],[-50.12036779999994,-29.197739999999953],[-50.127462099999946,-29.20070279999993],[-50.11552369999998,-29.208821099999966],[-50.09327529999996,-29.212780799999962],[-50.101690099999985,-29.225474899999938],[-50.112445599999944,-29.223733099999947],[-50.10601779999996,-29.229414899999938],[-50.11269119999997,-29.240006799999946],[-50.09355199999993,-29.223678699999937],[-50.09515659999994,-29.237314199999958],[-50.08413779999995,-29.227123699999936],[-50.08376649999997,-29.215381799999932],[-50.074063499999966,-29.216844699999967],[-50.051669699999934,-29.214404499999944],[-50.04784809999995,-29.217605899999967],[-50.04699789999995,-29.217184199999963],[-50.05271699999997,-29.213090199999954],[-50.08397999999994,-29.213836399999934],[-50.091346199999975,-29.219795499999975],[-50.08476799999994,-29.198275399999943],[-50.096901799999955,-29.200291799999945],[-50.085006799999974,-29.192923399999984],[-50.092246699999976,-29.194561299999975],[-50.08763179999994,-29.183749499999976],[-50.098382999999956,-29.18109519999996],[-50.09338799999995,-29.176630099999954],[-50.10105109999995,-29.161503799999934],[-50.07982169999997,-29.155364799999973],[-50.05715509999993,-29.157948999999974],[-50.07832159999998,-29.157646399999976],[-50.09342269999996,-29.167910199999938],[-50.08432659999994,-29.17068469999998],[-50.09007349999996,-29.175092399999983],[-50.07801639999997,-29.175315799999964],[-50.08555549999994,-29.17898569999994],[-50.074479199999985,-29.180813899999976],[-50.07532249999997,-29.18835619999993],[-50.05972669999994,-29.175245699999948],[-50.06787349999996,-29.195492999999942],[-50.06284469999997,-29.185915399999942],[-50.033393599999954,-29.175282399999958],[-50.01448199999993,-29.186482999999953],[-50.01293179999993,-29.180385899999976],[-50.02875069999993,-29.171871799999963],[-50.02702069999998,-29.16419179999997],[-50.01780359999998,-29.163608299999964],[-50.02106189999995,-29.151003499999945],[-50.00954359999997,-29.157341299999928],[-50.005877199999986,-29.150413899999933],[-50.01341849999994,-29.126819599999976],[-50.00461629999995,-29.120087799999965],[-50.007420999999965,-29.128438899999935],[-49.990128599999935,-29.129018799999983],[-49.991265099999964,-29.136875199999963],[-49.97816069999993,-29.137194699999952],[-49.99301839999998,-29.118190399999946],[-49.962602499999946,-29.11748119999993],[-49.97049029999994,-29.10134299999993],[-49.96299579999993,-29.099817499999972],[-49.96778699999993,-29.08302079999993],[-49.955587299999934,-29.08401699999996],[-49.957590599999946,-29.068238099999974],[-49.916427099999964,-29.10307219999993],[-49.87542689999998,-29.09441659999993],[-49.85157829999997,-29.10273509999996],[-49.83194999999995,-29.12177429999997],[-49.81788089999998,-29.15082609999996],[-49.83824539999995,-29.153827999999976],[-49.83171119999997,-29.160232399999984],[-49.864121599999976,-29.171553899999935],[-49.88464279999994,-29.171111399999972],[-49.90388459999997,-29.190930699999967]]]}},{"id":"4518","type":"Feature","properties":{"COD_IBGE":"4213906","MUNICIPIO":"Presidente Castello Branco","UF":"SC"},"geometry":{"type":"Polygon","coordinates":[[[-51.798391899999956,-27.25245659999996],[-51.818604999999934,-27.24542329999997],[-51.83828559999995,-27.249778099999958],[-51.84498609999997,-27.230090599999983],[-51.82877169999995,-27.23433559999995],[-51.833519999999965,-27.228306699999962],[-51.82606059999995,-27.220807799999932],[-51.812674399999935,-27.22253109999997],[-51.817377799999974,-27.194921699999952],[-51.809176699999966,-27.18329499999993],[-51.79601999999994,-27.19874779999998],[-51.772000599999956,-27.206772799999953],[-51.72472719999996,-27.206790599999977],[-51.71977819999995,-27.21745109999995],[-51.73897059999996,-27.246422799999948],[-51.76495669999997,-27.259761099999935],[-51.75638239999995,-27.280889999999943],[-51.76868949999994,-27.277364899999952],[-51.797681899999986,-27.292786699999965],[-51.79966939999997,-27.283600599999943],[-51.78810279999993,-27.26773389999994],[-51.798391899999956,-27.25245659999996]]]}},{"id":"4519","type":"Feature","properties":{"COD_IBGE":"4214003","MUNICIPIO":"Presidente Getúlio","UF":"SC"},"geometry":{"type":"Polygon","coordinates":[[[-49.604263499999945,-27.005175899999983],[-49.57599079999994,-27.079794599999957],[-49.584268099999974,-27.08675009999996],[-49.61582159999995,-27.08022219999998],[-49.63585089999998,-27.107455899999934],[-49.65555439999997,-27.102749699999947],[-49.667472299999986,-27.117821799999945],[-49.696139399999936,-27.124153699999965],[-49.71798709999996,-27.14439649999997],[-49.73611409999995,-27.148738699999967],[-49.74696309999996,-27.136779599999954],[-49.76341609999997,-27.13148929999994],[-49.77705699999996,-27.139074299999947],[-49.80217899999997,-27.129011099999957],[-49.81179359999993,-27.115141199999982],[-49.834983799999975,-27.114468899999963],[-49.847835499999974,-27.011764399999947],[-49.77316879999995,-27.024282699999958],[-49.755525199999965,-27.04872119999993],[-49.72556069999996,-27.060790999999938],[-49.73726239999996,-27.02769969999997],[-49.72746619999998,-27.039583299999947],[-49.72329569999994,-27.03008589999996],[-49.71361209999998,-27.04076559999993],[-49.697744099999966,-27.043273099999965],[-49.68178429999995,-27.02777039999995],[-49.66824029999998,-27.03279269999996],[-49.66575279999995,-27.02262829999995],[-49.70384219999994,-27.027597799999967],[-49.70879169999995,-27.02172699999994],[-49.69341449999996,-26.99529279999996],[-49.68340989999996,-27.004276799999957],[-49.67491709999996,-26.998367599999938],[-49.67820759999995,-26.98776209999994],[-49.687184499999944,-26.986187599999937],[-49.680861999999934,-26.95335599999993],[-49.696064999999976,-26.928654999999935],[-49.69019099999997,-26.924715999999933],[-49.63174529999998,-26.995374399999946],[-49.604263499999945,-27.005175899999983]]]}},{"id":"4520","type":"Feature","properties":{"COD_IBGE":"4214102","MUNICIPIO":"Presidente Nereu","UF":"SC"},"geometry":{"type":"Polygon","coordinates":[[[-49.309064399999954,-27.21345759999997],[-49.26313259999995,-27.210993299999927],[-49.25170379999997,-27.202975599999945],[-49.24286889999996,-27.180597699999964],[-49.21102749999994,-27.15765779999998],[-49.194698899999935,-27.183617899999945],[-49.20150169999994,-27.194997599999965],[-49.187046399999986,-27.203935499999943],[-49.20871889999995,-27.213979499999937],[-49.214325299999985,-27.229534399999977],[-49.25278129999998,-27.23761639999998],[-49.25717709999998,-27.24808029999997],[-49.27559779999996,-27.24553089999995],[-49.28616169999998,-27.261208299999964],[-49.30337919999994,-27.25612019999994],[-49.299645399999974,-27.268619099999967],[-49.31702579999995,-27.28563719999994],[-49.31121319999994,-27.289704099999938],[-49.320816399999956,-27.32325559999998],[-49.327718999999945,-27.315306299999975],[-49.347924499999976,-27.313783499999943],[-49.36284459999996,-27.32320569999996],[-49.39362589999996,-27.32657779999994],[-49.413386499999945,-27.354416399999934],[-49.436938199999986,-27.34874929999995],[-49.461249899999984,-27.35590069999995],[-49.48192059999997,-27.31958359999993],[-49.47827349999994,-27.30653259999997],[-49.491607699999975,-27.300825199999963],[-49.45139679999994,-27.27073839999997],[-49.44746799999996,-27.255736999999954],[-49.421443599999975,-27.250578899999937],[-49.41040209999994,-27.234190499999954],[-49.39028799999994,-27.235450699999944],[-49.37365829999993,-27.22580499999998],[-49.34280169999994,-27.238698899999974],[-49.32234949999997,-27.23164349999996],[-49.309064399999954,-27.21345759999997]]]}},{"id":"4521","type":"Feature","properties":{"COD_IBGE":"4214151","MUNICIPIO":"Princesa","UF":"SC"},"geometry":{"type":"Polygon","coordinates":[[[-53.57561029999994,-26.482846699999982],[-53.639896299999975,-26.464832299999955],[-53.63831639999995,-26.449049099999968],[-53.68839129999998,-26.44326589999997],[-53.688845699999945,-26.42864179999998],[-53.681605899999965,-26.41568879999994],[-53.666290699999934,-26.42532929999993],[-53.67078259999994,-26.414141899999947],[-53.65778809999995,-26.418812899999978],[-53.658468099999936,-26.408359899999937],[-53.64830029999996,-26.409452899999962],[-53.61872549999998,-26.37685209999995],[-53.604289999999935,-26.376445399999966],[-53.58430889999994,-26.415969899999936],[-53.540125699999976,-26.425476499999945],[-53.555835299999956,-26.443561199999976],[-53.560455899999965,-26.468372299999942],[-53.56879679999997,-26.46459679999998],[-53.57561029999994,-26.482846699999982]]]}},{"id":"4522","type":"Feature","properties":{"COD_IBGE":"4214201","MUNICIPIO":"Quilombo","UF":"SC"},"geometry":{"type":"Polygon","coordinates":[[[-52.72137909999998,-26.672444199999973],[-52.678509599999984,-26.673117699999978],[-52.66176569999993,-26.655098299999963],[-52.63136049999997,-26.641996199999937],[-52.62618949999995,-26.655356299999937],[-52.60818829999994,-26.65366119999993],[-52.60849349999995,-26.663674999999955],[-52.62024239999994,-26.668713599999933],[-52.60612379999998,-26.677462099999957],[-52.61795779999994,-26.700071099999946],[-52.60128019999996,-26.701580599999943],[-52.594793299999935,-26.722802899999976],[-52.63711749999993,-26.72862749999996],[-52.62736019999994,-26.74206719999995],[-52.64741419999996,-26.747902599999975],[-52.628913799999964,-26.754392199999984],[-52.63947429999996,-26.76372639999994],[-52.62270669999998,-26.771938499999976],[-52.628998499999966,-26.779444999999953],[-52.64771829999995,-26.768042899999955],[-52.65093839999997,-26.75276379999997],[-52.677095399999985,-26.76420909999996],[-52.697541599999965,-26.76224559999997],[-52.69637239999997,-26.76915779999996],[-52.66490419999997,-26.78493659999998],[-52.66765439999995,-26.796600299999966],[-52.68495159999998,-26.806893599999967],[-52.71531029999994,-26.80027169999994],[-52.71225569999996,-26.82008989999997],[-52.74062059999994,-26.818973099999937],[-52.743512099999975,-26.840362399999947],[-52.78399179999997,-26.78775479999996],[-52.79334749999998,-26.788124299999936],[-52.802281999999934,-26.776010999999983],[-52.80291089999997,-26.75031869999998],[-52.820353599999976,-26.732450899999947],[-52.818755299999964,-26.71602809999996],[-52.84750239999994,-26.672258299999953],[-52.80314619999996,-26.68616039999995],[-52.775990099999945,-26.671977399999946],[-52.75733969999993,-26.67768469999993],[-52.74931609999993,-26.65850359999996],[-52.74123609999998,-26.657599699999935],[-52.72137909999998,-26.672444199999973]]]}},{"id":"4523","type":"Feature","properties":{"COD_IBGE":"4214300","MUNICIPIO":"Rancho Queimado","UF":"SC"},"geometry":{"type":"Polygon","coordinates":[[[-49.116885699999955,-27.768979399999978],[-49.12633519999997,-27.746987099999956],[-49.15769289999997,-27.744460199999935],[-49.150368199999946,-27.71274909999994],[-49.157995899999946,-27.70648749999998],[-49.14711809999994,-27.686847499999942],[-49.163066199999946,-27.66332189999997],[-49.19260909999997,-27.658813299999963],[-49.20626719999996,-27.641700799999967],[-49.20351589999996,-27.60107469999997],[-49.18298979999997,-27.590862499999957],[-49.143735799999945,-27.59308599999997],[-49.13799149999994,-27.582081899999935],[-49.128799399999934,-27.600400899999954],[-49.08919229999998,-27.58529909999993],[-49.08057259999998,-27.623395199999948],[-49.064697199999955,-27.64892249999997],[-49.010276199999964,-27.62226579999998],[-49.009286299999985,-27.630536199999938],[-48.973908499999936,-27.629654099999982],[-48.96007279999998,-27.656965399999933],[-48.99251859999998,-27.699195199999963],[-49.00650689999998,-27.70018669999996],[-49.00652919999993,-27.72066609999996],[-49.030143599999974,-27.77352659999997],[-49.02859579999995,-27.743962499999952],[-49.036085499999956,-27.735424699999953],[-49.05214309999997,-27.772014199999944],[-49.079407999999944,-27.75083049999995],[-49.09293719999994,-27.751309499999934],[-49.10668709999993,-27.770622799999956],[-49.116885699999955,-27.768979399999978]]]}},{"id":"4524","type":"Feature","properties":{"COD_IBGE":"4214409","MUNICIPIO":"Rio das Antas","UF":"SC"},"geometry":{"type":"Polygon","coordinates":[[[-51.069489199999964,-26.98030369999998],[-51.120767899999976,-26.981750199999965],[-51.12543929999998,-26.962014199999942],[-51.13734169999998,-26.963862699999936],[-51.13973809999993,-26.95294739999997],[-51.15225429999998,-26.959000299999957],[-51.159802999999954,-26.95441649999998],[-51.16311589999998,-26.92794129999993],[-51.179009399999984,-26.916905399999962],[-51.182862599999964,-26.883981399999982],[-51.177334299999984,-26.869727299999965],[-51.19224929999996,-26.85131649999994],[-51.182313599999986,-26.83211929999993],[-51.129003799999964,-26.836044899999933],[-51.124329099999954,-26.84247149999993],[-51.10511459999998,-26.831460299999947],[-51.094622699999945,-26.83952299999993],[-51.05514479999994,-26.840265899999963],[-51.04924529999994,-26.843657899999982],[-51.05853259999998,-26.851180599999964],[-51.05218809999997,-26.85900449999997],[-51.04189779999996,-26.852061299999946],[-51.039797799999974,-26.867299199999934],[-51.023133299999984,-26.864245299999936],[-51.02054359999994,-26.856903599999953],[-51.00590599999998,-26.871136899999954],[-50.99492819999995,-26.861745999999982],[-50.98261739999998,-26.869344499999954],[-50.990515699999946,-26.87665329999993],[-50.967026799999985,-26.88362099999995],[-50.97466319999995,-26.88663889999998],[-50.97169709999997,-26.898009399999978],[-50.94543119999997,-26.88629629999997],[-50.925926999999945,-26.903057099999955],[-50.90411899999998,-26.885334099999966],[-50.88260409999998,-26.887053399999957],[-50.874492799999985,-26.87767599999995],[-50.84565719999995,-26.87047629999995],[-50.99033719999994,-26.961752199999978],[-50.982343399999934,-26.971766199999934],[-50.98624319999993,-26.979209399999945],[-51.02530749999994,-26.98019199999993],[-51.031845799999985,-26.97101699999996],[-51.03749529999993,-26.980359299999975],[-51.04860629999996,-26.980110599999932],[-51.048502499999984,-26.991322999999966],[-51.069489199999964,-26.98030369999998]]]}},{"id":"4525","type":"Feature","properties":{"COD_IBGE":"4214508","MUNICIPIO":"Rio do Campo","UF":"SC"},"geometry":{"type":"Polygon","coordinates":[[[-50.10466139999994,-26.990177899999935],[-50.23567509999998,-26.985887599999955],[-50.290834899999936,-26.969909599999937],[-50.28256779999998,-26.940726599999948],[-50.27148429999994,-26.93039749999997],[-50.27687739999993,-26.91886859999994],[-50.27159969999997,-26.903013399999963],[-50.26052999999996,-26.89109009999993],[-50.26117029999995,-26.881330899999966],[-50.28154109999997,-26.87782939999994],[-50.25448079999995,-26.86307759999994],[-50.251386699999955,-26.85162689999993],[-50.24214859999995,-26.852128299999947],[-50.24216779999995,-26.84114999999997],[-50.22188999999997,-26.814693999999974],[-50.199474399999986,-26.81371319999994],[-50.16207899999995,-26.789035199999944],[-50.15688989999995,-26.798187299999938],[-50.14315069999998,-26.79471149999995],[-50.10200349999997,-26.81756249999995],[-50.067476399999975,-26.807129499999974],[-50.07219699999996,-26.832102799999973],[-50.064997699999935,-26.839681799999937],[-50.04562779999998,-26.813404899999966],[-49.994934899999976,-26.805416899999955],[-49.97989599999994,-26.794573699999944],[-49.96897469999993,-26.802961799999935],[-49.951838099999975,-26.802036399999963],[-49.947078199999964,-26.815738599999975],[-49.95978039999994,-26.861463999999955],[-50.00670309999998,-26.879744699999947],[-50.02012139999994,-26.900942699999973],[-50.01650699999993,-26.91285229999994],[-50.05542069999996,-26.936494399999958],[-50.07025909999993,-26.971349799999928],[-50.09077089999994,-26.977546399999937],[-50.09239619999994,-26.987890299999947],[-50.06760889999998,-27.03293149999996],[-50.11625779999997,-27.014286399999946],[-50.102355399999965,-27.00913209999993],[-50.11219669999997,-27.002960799999983],[-50.09990499999998,-26.996735099999967],[-50.10466139999994,-26.990177899999935]]]}},{"id":"4526","type":"Feature","properties":{"COD_IBGE":"4214607","MUNICIPIO":"Rio do Oeste","UF":"SC"},"geometry":{"type":"Polygon","coordinates":[[[-49.76826619999997,-27.20952429999994],[-49.76606289999995,-27.22178059999993],[-49.77714949999995,-27.22463399999998],[-49.78876559999998,-27.241356199999927],[-49.80329169999993,-27.238707399999953],[-49.79880379999997,-27.246918499999936],[-49.816443499999934,-27.26710259999993],[-49.84613669999993,-27.233404099999973],[-49.91310079999994,-27.21891899999997],[-49.91923189999994,-27.188690299999962],[-49.93305589999994,-27.189205799999968],[-49.91540669999995,-27.145184599999936],[-49.909041499999944,-27.151723999999945],[-49.900978099999975,-27.137296299999946],[-49.901369399999965,-27.15121789999995],[-49.89041069999996,-27.14296989999997],[-49.89873989999995,-27.103262299999983],[-49.87602709999993,-27.020650199999977],[-49.84495119999997,-27.023568099999977],[-49.840275599999984,-27.03275739999998],[-49.845538999999974,-27.068488799999955],[-49.836455899999976,-27.082806699999935],[-49.834906099999955,-27.114538899999957],[-49.81179359999993,-27.115141199999982],[-49.80217899999997,-27.129011099999957],[-49.77705699999996,-27.139074299999947],[-49.76341609999997,-27.13148929999994],[-49.74696309999996,-27.136779599999954],[-49.74264989999995,-27.14552249999997],[-49.75504929999994,-27.152625099999966],[-49.760276499999975,-27.176131299999952],[-49.751678099999936,-27.175093499999946],[-49.75793259999995,-27.202144999999973],[-49.76826619999997,-27.20952429999994]]]}},{"id":"4527","type":"Feature","properties":{"COD_IBGE":"4214706","MUNICIPIO":"Rio dos Cedros","UF":"SC"},"geometry":{"type":"Polygon","coordinates":[[[-49.224027399999954,-26.773006299999963],[-49.33500649999996,-26.74610279999996],[-49.332807199999934,-26.73528749999997],[-49.34423629999998,-26.72312329999994],[-49.35476169999998,-26.72352529999995],[-49.36697419999996,-26.696426499999973],[-49.37957869999997,-26.69484319999998],[-49.39887829999998,-26.67084319999998],[-49.417046099999936,-26.66134729999993],[-49.44118109999994,-26.656754399999954],[-49.44894289999996,-26.64796649999994],[-49.482183599999985,-26.64745279999994],[-49.49792629999996,-26.66229979999997],[-49.498256399999946,-26.62980609999994],[-49.48550709999995,-26.610737899999947],[-49.50726599999996,-26.59902399999993],[-49.50740449999995,-26.577980499999967],[-49.52529679999998,-26.56723029999995],[-49.564162299999964,-26.56698629999994],[-49.54923209999998,-26.524612699999977],[-49.518912099999966,-26.52500859999998],[-49.49189059999998,-26.508356099999958],[-49.45292569999998,-26.50217379999998],[-49.44137999999998,-26.48901449999994],[-49.412765099999945,-26.510126199999945],[-49.374591599999974,-26.48777599999994],[-49.356785499999944,-26.497748099999967],[-49.35649029999996,-26.51328879999994],[-49.331942599999934,-26.538690799999983],[-49.293182299999955,-26.54268179999997],[-49.28940419999998,-26.56052479999994],[-49.298963999999955,-26.57197739999998],[-49.28511009999994,-26.60693079999993],[-49.262423799999965,-26.616877599999953],[-49.22129239999998,-26.611655799999937],[-49.22313959999997,-26.62051459999998],[-49.21625809999995,-26.622423399999946],[-49.22325289999998,-26.635826599999973],[-49.216358199999945,-26.66699099999994],[-49.22349609999998,-26.667191299999956],[-49.23407179999998,-26.690647999999953],[-49.22963029999994,-26.707925299999943],[-49.23577639999996,-26.730273499999953],[-49.231542299999944,-26.75034729999993],[-49.21401229999998,-26.755219599999975],[-49.224027399999954,-26.773006299999963]]]}},{"id":"4528","type":"Feature","properties":{"COD_IBGE":"4214805","MUNICIPIO":"Rio do Sul","UF":"SC"},"geometry":{"type":"Polygon","coordinates":[[[-49.63585089999998,-27.107455899999934],[-49.61582159999995,-27.08022219999998],[-49.585519999999974,-27.087427099999957],[-49.59526029999995,-27.099823199999946],[-49.58804299999997,-27.11716199999995],[-49.590310399999964,-27.14271709999997],[-49.57215899999994,-27.143122499999947],[-49.57592239999997,-27.170573899999965],[-49.54337889999994,-27.218555599999945],[-49.552012599999955,-27.23721359999996],[-49.52747199999993,-27.272186199999965],[-49.56239739999995,-27.276413599999955],[-49.57866829999995,-27.25992789999998],[-49.62031319999994,-27.284798699999953],[-49.640206699999965,-27.27559839999998],[-49.67705149999995,-27.290683199999933],[-49.69385079999995,-27.288185899999974],[-49.69942679999997,-27.251091799999983],[-49.688122799999974,-27.239644399999975],[-49.699420799999984,-27.216989599999977],[-49.690320199999974,-27.209845899999948],[-49.699379499999964,-27.206402099999934],[-49.68479789999998,-27.198677799999928],[-49.70543219999996,-27.185756199999958],[-49.705650599999956,-27.160172199999977],[-49.71773399999995,-27.142912199999955],[-49.696139399999936,-27.124153699999965],[-49.667472299999986,-27.117821799999945],[-49.65555439999997,-27.102749699999947],[-49.63585089999998,-27.107455899999934]]]}},{"id":"4529","type":"Feature","properties":{"COD_IBGE":"4214904","MUNICIPIO":"Rio Fortuna","UF":"SC"},"geometry":{"type":"Polygon","coordinates":[[[-49.116407599999945,-28.17267359999994],[-49.139905899999974,-28.16346139999996],[-49.149190199999964,-28.17150449999997],[-49.15100419999993,-28.159764999999936],[-49.162753599999974,-28.158683199999928],[-49.171851199999935,-28.140814199999966],[-49.21641869999996,-28.163404999999955],[-49.249693699999966,-28.153467699999965],[-49.25467489999994,-28.127252599999963],[-49.26879509999998,-28.111738499999944],[-49.295137599999975,-28.106423699999937],[-49.30747549999995,-28.056054899999936],[-49.339875699999936,-28.02705409999993],[-49.335517599999946,-27.99523949999997],[-49.327250299999946,-27.997652999999957],[-49.32589799999994,-27.98589499999997],[-49.308366699999965,-27.97038639999994],[-49.27591549999994,-28.026497399999982],[-49.263801299999955,-28.030067799999983],[-49.23752929999995,-28.016939599999944],[-49.23300789999996,-28.023926399999937],[-49.22245869999995,-28.022155399999974],[-49.22117799999995,-28.034842199999957],[-49.184918299999936,-28.065316399999972],[-49.19089359999998,-28.072963799999968],[-49.18554279999995,-28.06963029999997],[-49.15491819999994,-28.089807699999938],[-49.08196979999997,-28.046158099999957],[-49.07017109999998,-28.052692499999978],[-49.062153799999976,-28.06299329999996],[-49.06500909999994,-28.11508749999996],[-49.05278189999996,-28.142360199999928],[-49.03194959999996,-28.15529319999996],[-49.05942609999994,-28.16391169999997],[-49.07778499999995,-28.190660999999977],[-49.082088099999964,-28.17275049999995],[-49.09423689999994,-28.17689489999998],[-49.09909209999995,-28.16953049999995],[-49.116407599999945,-28.17267359999994]]]}},{"id":"4530","type":"Feature","properties":{"COD_IBGE":"4215000","MUNICIPIO":"Rio Negrinho","UF":"SC"},"geometry":{"type":"Polygon","coordinates":[[[-49.50669319999997,-26.22600069999993],[-49.49056649999994,-26.21333579999998],[-49.49995789999997,-26.20313959999993],[-49.48407999999995,-26.194595599999957],[-49.47079549999995,-26.24092539999998],[-49.46971799999994,-26.281307899999945],[-49.481793299999936,-26.286765599999967],[-49.470945599999936,-26.29382279999993],[-49.477237799999955,-26.302921099999935],[-49.465430599999934,-26.304824399999973],[-49.47064939999996,-26.36167329999995],[-49.45309169999996,-26.390116099999943],[-49.47382719999996,-26.42081559999997],[-49.495790699999986,-26.42760329999993],[-49.49249599999996,-26.439654099999927],[-49.47084199999995,-26.455250899999953],[-49.462996799999985,-26.47597879999995],[-49.44137999999998,-26.48901449999994],[-49.45292569999998,-26.50217379999998],[-49.49189059999998,-26.508356099999958],[-49.518912099999966,-26.52500859999998],[-49.54923209999998,-26.524612699999977],[-49.564597299999946,-26.566022999999973],[-49.58243259999995,-26.584501599999953],[-49.585722299999986,-26.62458719999995],[-49.61873389999994,-26.642700299999944],[-49.617597099999955,-26.70376619999996],[-49.662860199999955,-26.688012399999934],[-49.685763099999974,-26.692766199999937],[-49.70511739999995,-26.667778899999973],[-49.70798499999995,-26.65021799999994],[-49.700264499999946,-26.635639099999935],[-49.67620479999994,-26.625266799999963],[-49.686263699999984,-26.615950599999962],[-49.68610979999994,-26.58625989999996],[-49.694187699999986,-26.572262499999965],[-49.70669269999996,-26.571825799999942],[-49.73262149999994,-26.550233999999932],[-49.73578029999993,-26.519325699999968],[-49.757646299999976,-26.49493659999996],[-49.76144899999997,-26.479837699999962],[-49.76005989999993,-26.47061519999994],[-49.74902939999998,-26.468988699999954],[-49.76192899999995,-26.460725199999956],[-49.75046579999997,-26.456993599999976],[-49.74335629999996,-26.444072399999982],[-49.74737639999995,-26.434040399999958],[-49.729776399999935,-26.417165199999943],[-49.728354399999944,-26.42922029999994],[-49.714120299999934,-26.412635399999942],[-49.71226119999994,-26.424233899999933],[-49.70877449999995,-26.406463799999983],[-49.69736029999996,-26.40674329999996],[-49.69017359999998,-26.387999099999945],[-49.67632519999995,-26.393287699999973],[-49.66524019999997,-26.378980699999943],[-49.639098899999965,-26.37417199999993],[-49.63329539999995,-26.38016879999998],[-49.63204549999995,-26.371677999999974],[-49.64089539999998,-26.368414799999982],[-49.635330599999975,-26.36115499999994],[-49.65038789999994,-26.36559909999994],[-49.650278199999946,-26.355074199999933],[-49.64407559999995,-26.354459299999974],[-49.65255549999995,-26.350991999999962],[-49.64064449999995,-26.34132059999996],[-49.626385599999935,-26.343978899999968],[-49.62540869999998,-26.330075499999964],[-49.611211099999935,-26.335910299999966],[-49.62162149999995,-26.320222299999955],[-49.61071049999998,-26.313043799999946],[-49.633887999999956,-26.305265299999974],[-49.63129529999998,-26.293835099999967],[-49.61713449999996,-26.294190799999967],[-49.633129199999985,-26.28805479999994],[-49.62027109999997,-26.279941899999983],[-49.62690879999997,-26.27177919999997],[-49.61682539999998,-26.252630599999975],[-49.622469499999966,-26.24290659999997],[-49.613067299999955,-26.24017669999995],[-49.617687899999964,-26.23470229999998],[-49.611902999999984,-26.226022599999965],[-49.60077389999998,-26.228601599999934],[-49.587895499999945,-26.217035899999928],[-49.59130509999994,-26.23147549999993],[-49.58300859999997,-26.229902299999935],[-49.57848359999997,-26.213548999999944],[-49.566796099999976,-26.233671899999933],[-49.55518919999997,-26.237288299999932],[-49.54674719999997,-26.228759199999956],[-49.55197979999997,-26.22512519999998],[-49.538273199999935,-26.23008969999995],[-49.53765419999996,-26.212814099999946],[-49.52963519999997,-26.224412099999938],[-49.52877749999993,-26.217278199999953],[-49.520211899999936,-26.22697729999993],[-49.512179799999956,-26.22111609999996],[-49.50669319999997,-26.22600069999993]]]}},{"id":"4531","type":"Feature","properties":{"COD_IBGE":"4215059","MUNICIPIO":"Rio Rufino","UF":"SC"},"geometry":{"type":"Polygon","coordinates":[[[-49.78598709999994,-27.997233299999948],[-49.80779729999995,-27.965120399999932],[-49.82276809999996,-27.971185399999968],[-49.85515359999994,-27.950943799999948],[-49.84027979999996,-27.936698499999977],[-49.87044099999997,-27.907495499999982],[-49.85860919999993,-27.89076629999994],[-49.837606499999936,-27.88765239999998],[-49.83221309999993,-27.87673669999998],[-49.808784799999955,-27.867377399999953],[-49.778330299999936,-27.80378419999994],[-49.78443249999998,-27.831038999999976],[-49.77096759999995,-27.83166069999993],[-49.75827869999995,-27.815137499999935],[-49.74575239999996,-27.827156499999944],[-49.73252699999995,-27.822407299999952],[-49.73772799999995,-27.837521799999934],[-49.75417219999997,-27.827436499999976],[-49.76007249999998,-27.832690799999966],[-49.752206299999955,-27.854757999999947],[-49.68649979999998,-27.833460899999977],[-49.65660779999996,-27.859061099999963],[-49.644874399999935,-27.87987849999996],[-49.60819319999996,-27.894227899999976],[-49.60741889999997,-27.900741299999936],[-49.62213669999994,-27.90760439999997],[-49.651113399999986,-27.906151499999964],[-49.702697099999966,-27.91761379999997],[-49.71671779999997,-27.949935299999936],[-49.71023569999994,-28.005095599999947],[-49.71570369999995,-28.02874529999997],[-49.726708299999984,-28.024720099999968],[-49.74484689999997,-28.031909999999982],[-49.77395949999993,-27.99735069999997],[-49.78598709999994,-27.997233299999948]]]}},{"id":"4532","type":"Feature","properties":{"COD_IBGE":"4215075","MUNICIPIO":"Riqueza","UF":"SC"},"geometry":{"type":"Polygon","coordinates":[[[-53.29607919999995,-27.013980699999934],[-53.29572899999994,-27.02468589999995],[-53.284176799999955,-27.026912899999957],[-53.30121589999993,-27.034665899999936],[-53.28667169999994,-27.04574809999997],[-53.295662999999934,-27.04875389999995],[-53.289827199999934,-27.063626599999964],[-53.31073709999998,-27.06151479999994],[-53.313640599999985,-27.070744299999944],[-53.30531399999995,-27.07349359999995],[-53.32447719999993,-27.077380499999947],[-53.31781049999995,-27.084198999999956],[-53.32285729999995,-27.091712299999983],[-53.347833399999956,-27.077224399999977],[-53.34756319999997,-27.070265099999972],[-53.366783699999985,-27.06747749999994],[-53.36770459999997,-27.037841699999944],[-53.39466699999997,-27.036434499999928],[-53.40188329999995,-27.029192099999932],[-53.37937589999996,-27.030007099999978],[-53.37537159999994,-27.015287299999954],[-53.380202199999985,-26.99306679999995],[-53.38806479999994,-26.998407399999962],[-53.39695779999994,-26.986762299999953],[-53.39020229999994,-26.979924299999936],[-53.39832929999994,-26.975749099999973],[-53.397429699999975,-26.953645999999935],[-53.41091179999995,-26.951681099999973],[-53.40908369999994,-26.942152299999975],[-53.38996759999998,-26.935980299999983],[-53.411006199999974,-26.92678639999997],[-53.40603319999997,-26.90362659999994],[-53.42344269999995,-26.888758799999948],[-53.38862149999994,-26.89469329999997],[-53.384037199999966,-26.884530499999983],[-53.37394219999993,-26.88722089999993],[-53.37520469999998,-26.87639829999995],[-53.281650999999954,-26.935649199999943],[-53.29538319999995,-26.94485089999995],[-53.28179639999996,-26.95043919999995],[-53.29553869999995,-26.962263099999973],[-53.28422329999995,-26.96910289999994],[-53.28588609999997,-26.981746399999963],[-53.301971299999934,-26.989322499999957],[-53.27989069999995,-26.997684999999933],[-53.29508699999997,-27.003227399999957],[-53.28453939999997,-27.00962379999993],[-53.28795869999993,-27.016595499999937],[-53.29607919999995,-27.013980699999934]]]}},{"id":"4533","type":"Feature","properties":{"COD_IBGE":"4215109","MUNICIPIO":"Rodeio","UF":"SC"},"geometry":{"type":"Polygon","coordinates":[[[-49.338043099999936,-26.96649229999997],[-49.390413199999955,-26.930824899999948],[-49.407464999999945,-26.93356749999998],[-49.429812099999936,-26.915274199999942],[-49.41033349999998,-26.899443099999928],[-49.40345519999994,-26.870307499999967],[-49.38416689999997,-26.864473999999973],[-49.37067289999993,-26.85150239999996],[-49.371894199999986,-26.841362699999934],[-49.35631529999995,-26.831930099999965],[-49.35954179999993,-26.82330859999996],[-49.34604969999998,-26.822112199999935],[-49.33012359999998,-26.807845199999974],[-49.316379799999936,-26.82931179999997],[-49.310325499999976,-26.82774799999993],[-49.30502819999998,-26.847964899999965],[-49.31508359999998,-26.899454999999932],[-49.28938499999998,-26.950468499999943],[-49.321795099999974,-26.950563699999975],[-49.31601969999997,-26.96211399999993],[-49.338043099999936,-26.96649229999997]]]}},{"id":"4534","type":"Feature","properties":{"COD_IBGE":"4215208","MUNICIPIO":"Romelândia","UF":"SC"},"geometry":{"type":"Polygon","coordinates":[[[-53.334054299999934,-26.59045249999997],[-53.27243009999995,-26.575318399999958],[-53.27520439999995,-26.565083799999968],[-53.253863999999965,-26.570358099999964],[-53.25894509999995,-26.550252599999965],[-53.23874159999997,-26.543255399999964],[-53.24157219999995,-26.549840099999983],[-53.22198899999995,-26.566536799999938],[-53.23072899999994,-26.56774359999997],[-53.222603299999946,-26.57910839999994],[-53.23153519999994,-26.58172339999993],[-53.22262329999995,-26.59077499999995],[-53.242828299999985,-26.590254699999946],[-53.23012029999995,-26.600830799999983],[-53.23741419999993,-26.608062699999948],[-53.22590909999997,-26.643135599999937],[-53.237188199999935,-26.64200569999997],[-53.23181159999996,-26.655819299999962],[-53.252613199999985,-26.644818999999927],[-53.25771199999997,-26.65645479999995],[-53.24564049999998,-26.66153479999997],[-53.253774299999975,-26.668937299999982],[-53.26137279999995,-26.66578119999997],[-53.256497699999954,-26.680070499999943],[-53.27601359999994,-26.677695599999936],[-53.27675769999996,-26.685698999999943],[-53.28482359999998,-26.67780689999995],[-53.292742499999974,-26.688717999999938],[-53.28325279999996,-26.694946199999947],[-53.29420099999999,-26.69867409999995],[-53.282842399999936,-26.70537459999997],[-53.29304039999994,-26.708803099999955],[-53.309451499999966,-26.69763379999995],[-53.312860299999954,-26.708911299999954],[-53.30517219999996,-26.720938599999954],[-53.31832499999996,-26.71746509999997],[-53.323697599999946,-26.702492999999947],[-53.33068719999994,-26.721760399999937],[-53.33959249999998,-26.71477079999994],[-53.344302599999935,-26.721898299999964],[-53.325106999999946,-26.73390109999997],[-53.335094599999934,-26.735758199999964],[-53.32745569999997,-26.747102799999936],[-53.35299239999995,-26.73011429999997],[-53.349915599999974,-26.754487599999948],[-53.36656979999998,-26.749412399999983],[-53.35747989999999,-26.763075399999934],[-53.362221699999964,-26.766435099999967],[-53.36756429999997,-26.754431099999977],[-53.371402099999955,-26.75991689999995],[-53.392483399999946,-26.749375199999974],[-53.39329209999994,-26.74317899999994],[-53.36808789999998,-26.736477199999968],[-53.367805299999986,-26.726299799999936],[-53.38124049999993,-26.717798099999982],[-53.38677519999993,-26.729268499999932],[-53.397221599999966,-26.729706199999953],[-53.40402709999995,-26.71618449999994],[-53.395758599999965,-26.71039539999998],[-53.385644799999966,-26.715883799999972],[-53.39102209999999,-26.694824299999937],[-53.40987269999994,-26.695190399999944],[-53.41060719999996,-26.687558899999942],[-53.396428399999934,-26.680655599999966],[-53.402282999999954,-26.67754569999994],[-53.39728679999996,-26.67339409999994],[-53.39027149999998,-26.679830299999935],[-53.383593099999985,-26.665984999999978],[-53.39406699999995,-26.662556799999948],[-53.38757289999995,-26.646049999999946],[-53.393472799999984,-26.622520399999928],[-53.34480149999996,-26.585273899999947],[-53.334054299999934,-26.59045249999997]]]}},{"id":"4535","type":"Feature","properties":{"COD_IBGE":"4215307","MUNICIPIO":"Salete","UF":"SC"},"geometry":{"type":"Polygon","coordinates":[[[-49.973231699999985,-26.86836459999995],[-49.95648629999994,-26.89405409999995],[-49.96170159999997,-26.90138109999998],[-49.95005889999993,-26.904366899999957],[-49.95857369999993,-26.91729829999997],[-49.951007699999934,-26.92744399999998],[-49.96031679999993,-26.95683239999994],[-49.946622299999945,-27.00270379999995],[-49.975681399999985,-27.010347099999933],[-49.97649629999995,-27.04662509999997],[-50.048252299999945,-27.047780899999964],[-50.05254819999993,-27.028784599999938],[-50.06760889999998,-27.03293149999996],[-50.09239619999994,-26.987890299999947],[-50.09077089999994,-26.977546399999937],[-50.07025909999993,-26.971349799999928],[-50.05542069999996,-26.936494399999958],[-50.01650699999993,-26.91285229999994],[-50.02012139999994,-26.900942699999973],[-50.00670309999998,-26.879744699999947],[-49.973231699999985,-26.86836459999995]]]}},{"id":"4536","type":"Feature","properties":{"COD_IBGE":"4215356","MUNICIPIO":"Saltinho","UF":"SC"},"geometry":{"type":"Polygon","coordinates":[[[-53.06770779999994,-26.633122799999967],[-53.08566989999997,-26.639052499999934],[-53.09968859999998,-26.62725039999998],[-53.11389479999997,-26.629622799999936],[-53.09250339999994,-26.595492299999933],[-53.12329459999995,-26.573358499999983],[-53.04205549999995,-26.546705799999984],[-53.04487809999995,-26.540736399999957],[-53.01879289999994,-26.53152179999995],[-53.017107099999976,-26.54407989999993],[-52.99189659999996,-26.547657499999957],[-52.97853209999994,-26.534798699999953],[-52.945813699999974,-26.56942449999997],[-52.92600259999995,-26.575111799999945],[-52.92657129999998,-26.582906799999932],[-52.93673949999993,-26.582212699999957],[-52.92441259999998,-26.59962969999998],[-52.93636299999997,-26.60540199999997],[-52.934262099999955,-26.61177159999994],[-52.997893999999974,-26.635176599999966],[-53.06341249999997,-26.643566199999952],[-53.06770779999994,-26.633122799999967]]]}},{"id":"4537","type":"Feature","properties":{"COD_IBGE":"4215406","MUNICIPIO":"Salto Veloso","UF":"SC"},"geometry":{"type":"Polygon","coordinates":[[[-51.51038429999994,-26.838616699999932],[-51.36808609999997,-26.869230399999935],[-51.37648189999993,-26.872275699999932],[-51.37131649999998,-26.886702999999954],[-51.361523499999976,-26.88770829999993],[-51.36936629999997,-26.904198899999983],[-51.36207479999996,-26.90858479999997],[-51.37141779999996,-26.910199699999964],[-51.36318679999994,-26.92099449999995],[-51.369998899999985,-26.928459699999962],[-51.363499099999956,-26.93990229999997],[-51.40792109999995,-26.94187439999996],[-51.41075379999995,-26.94744359999993],[-51.437493899999936,-26.939503599999966],[-51.43898029999997,-26.929069199999958],[-51.44576319999993,-26.93677699999995],[-51.44967019999996,-26.92950899999994],[-51.47744929999993,-26.926971399999957],[-51.478591999999935,-26.89805279999996],[-51.49414349999995,-26.866277399999944],[-51.487700899999936,-26.859360799999934],[-51.49480849999998,-26.845638699999938],[-51.51038429999994,-26.838616699999932]]]}},{"id":"4538","type":"Feature","properties":{"COD_IBGE":"4215455","MUNICIPIO":"Sangão","UF":"SC"},"geometry":{"type":"Polygon","coordinates":[[[-49.10326569999995,-28.59294959999994],[-49.071361499999966,-28.627490999999964],[-49.07834619999994,-28.638641699999937],[-49.07016289999996,-28.644834499999945],[-49.085005499999966,-28.65510029999996],[-49.07567789999996,-28.668979699999966],[-49.113179799999955,-28.692840899999965],[-49.17424149999994,-28.699134799999968],[-49.174783599999955,-28.645306999999946],[-49.18161699999996,-28.641226999999958],[-49.10326569999995,-28.59294959999994]]]}},{"id":"4539","type":"Feature","properties":{"COD_IBGE":"4215505","MUNICIPIO":"Santa Cecília","UF":"SC"},"geometry":{"type":"Polygon","coordinates":[[[-50.543412899999964,-27.07376329999994],[-50.55830699999996,-27.086015799999927],[-50.555123899999955,-27.076418299999943],[-50.56483859999997,-27.056718699999976],[-50.59211499999998,-27.05785629999997],[-50.59807079999996,-27.05051039999995],[-50.60940929999998,-27.06468769999998],[-50.62644529999994,-27.063813599999946],[-50.62393539999994,-27.05223669999998],[-50.64199949999994,-27.05793559999995],[-50.64805739999997,-27.063465599999972],[-50.64146729999993,-27.071756999999934],[-50.65541349999995,-27.072677299999953],[-50.65128869999995,-27.078768599999933],[-50.65790119999997,-27.086857599999973],[-50.67216259999998,-27.069487099999947],[-50.657383299999935,-27.065175799999963],[-50.663755299999934,-27.05882289999994],[-50.650372199999936,-27.04155339999994],[-50.656286199999954,-27.02731769999997],[-50.641099199999985,-27.031489999999962],[-50.62959689999997,-27.020172099999968],[-50.631557999999984,-27.00981029999997],[-50.61850659999993,-27.001193099999966],[-50.62515199999996,-26.990152799999976],[-50.60573519999997,-26.992414999999937],[-50.601260999999965,-26.98509669999993],[-50.603026399999976,-26.973249099999975],[-50.613742599999966,-26.975202099999933],[-50.60907969999994,-26.96943699999997],[-50.61914439999998,-26.953655199999957],[-50.59105559999995,-26.928424199999938],[-50.599751099999935,-26.908715299999983],[-50.590286499999934,-26.891810299999975],[-50.58343759999997,-26.89403379999993],[-50.58845119999995,-26.874491199999966],[-50.57433899999995,-26.870709399999953],[-50.588370699999984,-26.863606299999958],[-50.57579789999994,-26.84421509999993],[-50.56530159999994,-26.84546699999993],[-50.55288059999998,-26.828580699999975],[-50.541837999999984,-26.83476059999998],[-50.51994429999996,-26.821742299999983],[-50.51240779999995,-26.826158199999952],[-50.48481869999995,-26.817734599999937],[-50.50632319999994,-26.80782259999995],[-50.527283599999976,-26.778665099999955],[-50.50022149999995,-26.77107369999993],[-50.49393229999998,-26.759262399999955],[-50.51644539999995,-26.71540959999993],[-50.50549069999994,-26.695496599999956],[-50.51294079999997,-26.69502529999994],[-50.51267759999996,-26.68157309999998],[-50.49261199999995,-26.64822749999996],[-50.46846019999998,-26.66339849999997],[-50.470476599999984,-26.701374899999962],[-50.43234339999998,-26.71429349999994],[-50.414137799999935,-26.729188999999963],[-50.40717559999996,-26.724206299999935],[-50.40181499999994,-26.73455389999998],[-50.35364709999993,-26.73673919999993],[-50.34435939999997,-26.743695699999932],[-50.35488369999996,-26.749697899999944],[-50.351109399999984,-26.76152049999996],[-50.325651499999935,-26.761565599999983],[-50.315795099999946,-26.77090809999993],[-50.336693099999934,-26.777662299999974],[-50.34144949999995,-26.82731289999998],[-50.32814169999995,-26.838130999999976],[-50.28040209999995,-26.836083799999983],[-50.269258599999944,-26.854123899999934],[-50.25422889999993,-26.86130369999995],[-50.28154109999997,-26.87782939999994],[-50.26117029999995,-26.881330899999966],[-50.26059799999996,-26.891619899999966],[-50.27159969999997,-26.903013399999963],[-50.27687739999993,-26.91886859999994],[-50.27148429999994,-26.93039749999997],[-50.295340899999985,-26.972993499999973],[-50.29066439999997,-26.986802199999943],[-50.30916709999997,-26.99304989999996],[-50.30756889999998,-27.010169099999928],[-50.31683519999996,-27.007784999999956],[-50.31951779999997,-27.01545509999994],[-50.31390699999997,-27.03379199999995],[-50.32312829999995,-27.044200399999966],[-50.31664249999994,-27.054070799999977],[-50.33219669999994,-27.06152019999996],[-50.311281399999984,-27.067773699999975],[-50.31437399999999,-27.07526219999994],[-50.32640959999998,-27.072594899999956],[-50.34371439999995,-27.090836299999978],[-50.377548299999944,-27.10512559999995],[-50.37991969999996,-27.118052699999964],[-50.42478489999996,-27.10847069999994],[-50.422516299999984,-27.09529279999998],[-50.431024699999966,-27.10125739999995],[-50.42839619999995,-27.11198379999996],[-50.52235779999995,-27.122120499999937],[-50.52996809999996,-27.090173599999957],[-50.543412899999964,-27.07376329999994]]]}},{"id":"4540","type":"Feature","properties":{"COD_IBGE":"4215554","MUNICIPIO":"Santa Helena","UF":"SC"},"geometry":{"type":"Polygon","coordinates":[[[-53.574922999999956,-26.95475559999994],[-53.664337399999965,-26.94632869999998],[-53.69507549999997,-26.932189499999936],[-53.67314019999998,-26.912591799999973],[-53.68000919999997,-26.90943729999998],[-53.67535179999993,-26.892809099999965],[-53.625977999999975,-26.884753699999976],[-53.61907869999993,-26.892606299999954],[-53.58509689999994,-26.88995579999994],[-53.56209499999994,-26.925986099999932],[-53.542357799999934,-26.934592299999963],[-53.53595389999998,-26.94576189999998],[-53.567525399999965,-26.946727099999976],[-53.574922999999956,-26.95475559999994]]]}},{"id":"4541","type":"Feature","properties":{"COD_IBGE":"4215604","MUNICIPIO":"Santa Rosa de Lima","UF":"SC"},"geometry":{"type":"Polygon","coordinates":[[[-49.15491819999994,-28.089807699999938],[-49.19089359999998,-28.072963799999968],[-49.184918299999936,-28.065316399999972],[-49.22117799999995,-28.034842199999957],[-49.22245869999995,-28.022155399999974],[-49.24092929999995,-28.017274199999974],[-49.26383649999997,-28.03007109999993],[-49.280053899999984,-28.023153299999933],[-49.28970429999998,-27.99402859999998],[-49.308626699999934,-27.970271699999955],[-49.307844399999965,-27.940980699999955],[-49.28718939999993,-27.936380999999983],[-49.264355799999976,-27.95086189999995],[-49.24201549999998,-27.950558899999976],[-49.192877399999986,-27.969402299999956],[-49.18300069999998,-27.980839999999944],[-49.15789419999993,-27.963960999999983],[-49.14684209999996,-28.004079599999955],[-49.103962199999955,-28.00739669999996],[-49.052012899999966,-27.99004549999995],[-49.04345019999994,-28.01917839999993],[-49.06409999999994,-28.040502699999934],[-49.05706249999997,-28.045002299999965],[-49.05760219999996,-28.058578499999953],[-49.08196979999997,-28.046158099999957],[-49.15491819999994,-28.089807699999938]]]}},{"id":"4542","type":"Feature","properties":{"COD_IBGE":"4215653","MUNICIPIO":"Santa Rosa do Sul","UF":"SC"},"geometry":{"type":"Polygon","coordinates":[[[-49.75291669999996,-29.17704539999994],[-49.83410079999993,-29.092217499999947],[-49.821725199999946,-29.08005469999995],[-49.80503779999998,-29.083992999999964],[-49.79862179999998,-29.068191199999944],[-49.74242469999996,-29.039310099999966],[-49.73074329999997,-29.044596599999977],[-49.74658229999994,-29.06097859999994],[-49.74209019999995,-29.073083399999973],[-49.71621879999998,-29.072337699999935],[-49.704418499999974,-29.080119499999967],[-49.697702799999945,-29.11360159999998],[-49.656333899999936,-29.143034899999975],[-49.68749999999994,-29.16666669999995],[-49.71211539999996,-29.205798999999956],[-49.75291669999996,-29.17704539999994]]]}},{"id":"4543","type":"Feature","properties":{"COD_IBGE":"4215679","MUNICIPIO":"Santa Terezinha","UF":"SC"},"geometry":{"type":"Polygon","coordinates":[[[-49.87423149999995,-26.65112869999996],[-49.85562429999993,-26.653642099999956],[-49.83813729999997,-26.67629409999995],[-49.83946079999998,-26.690129999999954],[-49.82868659999997,-26.706203399999936],[-49.84721849999994,-26.70959469999997],[-49.89075529999997,-26.742682199999933],[-49.90593889999997,-26.787268799999936],[-49.92843529999993,-26.78935189999993],[-49.92938799999996,-26.797819199999935],[-49.94854269999996,-26.808405999999934],[-49.97989599999994,-26.794573699999944],[-49.994934899999976,-26.805416899999955],[-50.04562779999998,-26.813404899999966],[-50.06841339999994,-26.838589599999978],[-50.06718669999998,-26.80737229999994],[-50.085969699999964,-26.81003489999995],[-50.10598489999995,-26.791930099999945],[-50.10701119999993,-26.756807099999946],[-50.12145439999995,-26.737016599999947],[-50.11300799999998,-26.710291799999936],[-50.134723099999974,-26.666832899999974],[-50.128976199999954,-26.64908639999993],[-50.138158499999975,-26.64277869999995],[-50.12595079999994,-26.643368899999928],[-50.121205499999974,-26.629700699999944],[-50.11034349999994,-26.632483099999945],[-50.112947599999984,-26.616327299999966],[-50.12408129999994,-26.616426799999942],[-50.11857399999997,-26.61197169999997],[-50.12912629999994,-26.60777589999998],[-50.119470399999955,-26.603914499999973],[-50.12931089999995,-26.602067999999974],[-50.132042199999944,-26.594452799999942],[-50.125310499999955,-26.59185009999993],[-50.133533299999954,-26.59068009999993],[-50.12428199999994,-26.586051599999962],[-50.132443499999965,-26.576029999999946],[-50.12530229999993,-26.57781259999996],[-50.11865199999994,-26.56386509999993],[-50.13036299999993,-26.561614599999928],[-50.12284209999996,-26.55823399999997],[-50.13172369999995,-26.551459299999976],[-50.125895999999955,-26.524445199999946],[-50.113980899999945,-26.516500599999972],[-50.08479149999994,-26.526215499999978],[-50.043011399999955,-26.52130429999994],[-50.03141729999993,-26.51897789999998],[-50.01820539999994,-26.502557499999966],[-49.99484729999995,-26.505817599999943],[-49.955518799999936,-26.545138599999973],[-49.95446169999997,-26.569207399999982],[-49.92082449999998,-26.579376999999965],[-49.90967899999998,-26.591806899999938],[-49.91066639999997,-26.601999999999975],[-49.89702399999993,-26.601726499999984],[-49.881444199999976,-26.619467499999928],[-49.88296399999996,-26.641414099999963],[-49.87423149999995,-26.65112869999996]]]}},{"id":"4544","type":"Feature","properties":{"COD_IBGE":"4215687","MUNICIPIO":"Santa Terezinha do Progresso","UF":"SC"},"geometry":{"type":"Polygon","coordinates":[[[-53.10513579999997,-26.617240399999957],[-53.127774399999964,-26.638394799999958],[-53.14779079999994,-26.64023489999994],[-53.163211599999954,-26.631101399999977],[-53.16668649999997,-26.63802519999996],[-53.174247399999956,-26.632600199999956],[-53.19867489999996,-26.64132859999995],[-53.20148689999996,-26.633036799999957],[-53.203229599999986,-26.641518099999928],[-53.219430099999954,-26.642969499999936],[-53.23201729999994,-26.633600099999967],[-53.22695799999997,-26.62997919999998],[-53.23451699999998,-26.627088399999934],[-53.23741769999998,-26.607998099999975],[-53.23012029999995,-26.600830799999983],[-53.242828299999985,-26.590254699999946],[-53.22262329999995,-26.59077499999995],[-53.23143909999993,-26.58118959999996],[-53.22157149999998,-26.57285349999995],[-53.213223899999946,-26.57789219999995],[-53.21724939999996,-26.56360559999996],[-53.206627699999956,-26.564915699999972],[-53.21235399999995,-26.560035899999946],[-53.20610469999997,-26.545250599999974],[-53.19225529999994,-26.532661899999937],[-53.16349679999996,-26.535797099999968],[-53.15656089999993,-26.531860799999947],[-53.161376099999984,-26.525865799999963],[-53.147237099999984,-26.52815149999998],[-53.14552779999997,-26.554569699999945],[-53.09319169999998,-26.59284109999993],[-53.10513579999997,-26.617240399999957]]]}},{"id":"4545","type":"Feature","properties":{"COD_IBGE":"4215695","MUNICIPIO":"Santiago do Sul","UF":"SC"},"geometry":{"type":"Polygon","coordinates":[[[-52.726653699999986,-26.637554499999965],[-52.74757499999998,-26.593819099999962],[-52.72741789999998,-26.581280499999934],[-52.707081399999936,-26.58352979999995],[-52.67275829999994,-26.599271199999976],[-52.66639989999993,-26.612718599999937],[-52.675172499999974,-26.61896839999997],[-52.66194599999994,-26.619007299999964],[-52.661702299999945,-26.63086679999998],[-52.65298429999996,-26.633678199999963],[-52.647649799999954,-26.62613749999997],[-52.64173859999994,-26.63385429999994],[-52.63963359999997,-26.62201399999998],[-52.632624299999975,-26.63591359999998],[-52.61786569999998,-26.64090749999997],[-52.65611779999995,-26.65141699999998],[-52.678509599999984,-26.673117699999978],[-52.721104399999945,-26.67264819999997],[-52.74423099999996,-26.657216499999947],[-52.742368099999965,-26.638871799999947],[-52.726653699999986,-26.637554499999965]]]}},{"id":"4546","type":"Feature","properties":{"COD_IBGE":"4215703","MUNICIPIO":"Santo Amaro da Imperatriz","UF":"SC"},"geometry":{"type":"Polygon","coordinates":[[[-48.84452819999996,-27.625171099999932],[-48.73840519999993,-27.61468739999998],[-48.74359579999998,-27.642146699999955],[-48.730859399999986,-27.678972999999928],[-48.72068219999994,-27.67935319999998],[-48.72393949999997,-27.68916939999997],[-48.70617209999995,-27.696136199999955],[-48.69065249999994,-27.749266499999976],[-48.67495269999995,-27.757411499999932],[-48.73699279999994,-27.78663869999997],[-48.74271749999997,-27.80355119999996],[-48.75841699999995,-27.814760199999967],[-48.76098379999996,-27.842570299999977],[-48.77090409999994,-27.834345799999937],[-48.819798799999944,-27.82659099999995],[-48.839646899999934,-27.859399499999938],[-48.87235869999995,-27.876258699999937],[-48.876646499999936,-27.859972099999936],[-48.91430269999995,-27.839847299999974],[-48.90066139999993,-27.819687899999963],[-48.87689139999998,-27.812980799999934],[-48.88266939999994,-27.782830099999956],[-48.859436399999936,-27.755403099999967],[-48.86878319999994,-27.716731899999957],[-48.84559449999995,-27.70931029999997],[-48.832601299999965,-27.719757399999935],[-48.83104799999995,-27.712322399999948],[-48.82577909999998,-27.71709999999996],[-48.824915499999975,-27.711608399999932],[-48.81555069999996,-27.712804799999958],[-48.80465869999995,-27.70509059999995],[-48.811911399999985,-27.70381249999997],[-48.813064699999984,-27.692129299999976],[-48.83669469999995,-27.69240949999994],[-48.86154329999994,-27.65566389999998],[-48.84094699999997,-27.635643999999957],[-48.84452819999996,-27.625171099999932]]]}},{"id":"4547","type":"Feature","properties":{"COD_IBGE":"4215752","MUNICIPIO":"São Bernardino","UF":"SC"},"geometry":{"type":"Polygon","coordinates":[[[-52.96027879999997,-26.444094399999983],[-52.93742969999994,-26.442733399999952],[-52.93057739999995,-26.451370099999963],[-52.93503959999998,-26.470737199999974],[-52.91661469999997,-26.49991449999993],[-52.908115899999984,-26.50141919999993],[-52.924410199999954,-26.506048999999962],[-52.923112799999956,-26.519041899999934],[-52.929903499999966,-26.511593499999947],[-52.93421299999994,-26.525044899999955],[-52.946556699999974,-26.523477299999968],[-52.92537999999996,-26.540669399999956],[-52.93202859999997,-26.549572299999966],[-52.92092349999996,-26.55870299999998],[-52.938469699999985,-26.567133399999932],[-52.964738599999976,-26.55298769999996],[-52.97853209999994,-26.534798699999953],[-52.99189659999996,-26.547657499999957],[-53.017107099999976,-26.54407989999993],[-53.02625359999996,-26.51741949999996],[-53.04652699999997,-26.511952599999972],[-53.06555599999996,-26.484936699999935],[-53.043668099999934,-26.444317099999978],[-53.03030529999995,-26.435882299999946],[-53.02594959999993,-26.406672399999934],[-52.96027879999997,-26.444094399999983]]]}},{"id":"4548","type":"Feature","properties":{"COD_IBGE":"4215802","MUNICIPIO":"São Bento do Sul","UF":"SC"},"geometry":{"type":"Polygon","coordinates":[[[-49.325874899999974,-26.221883799999944],[-49.16894639999998,-26.307977199999982],[-49.17999549999996,-26.311437599999977],[-49.18648109999998,-26.331102399999963],[-49.17896989999997,-26.369361599999934],[-49.19619259999996,-26.371290099999953],[-49.20168169999994,-26.38276879999995],[-49.220813599999985,-26.38638439999994],[-49.23095969999997,-26.39711429999994],[-49.27514129999997,-26.38873049999995],[-49.28035649999998,-26.37609619999995],[-49.29904099999993,-26.374319999999955],[-49.30156859999994,-26.367752999999936],[-49.32629849999995,-26.37521529999998],[-49.32079509999994,-26.38590069999998],[-49.327829099999974,-26.38762079999998],[-49.35678059999998,-26.376661199999944],[-49.36294049999998,-26.360758699999963],[-49.40201469999994,-26.348722099999975],[-49.43716879999994,-26.372757599999943],[-49.444683399999974,-26.426397299999962],[-49.482767699999954,-26.421289799999954],[-49.47170999999997,-26.41875669999996],[-49.45309169999996,-26.390116099999943],[-49.47064939999996,-26.36167329999995],[-49.46394219999996,-26.343301699999984],[-49.46543609999998,-26.304777799999954],[-49.477237799999955,-26.302921099999935],[-49.470945599999936,-26.29382279999993],[-49.47718389999994,-26.29330609999994],[-49.481793299999936,-26.286765599999967],[-49.46971799999994,-26.281307899999945],[-49.470784599999945,-26.241015299999958],[-49.48383959999995,-26.194984699999964],[-49.490799599999946,-26.19122509999994],[-49.487211299999956,-26.180447399999935],[-49.479291699999976,-26.186518999999976],[-49.46093059999998,-26.162296099999935],[-49.45236289999997,-26.161957899999948],[-49.439752899999974,-26.16390119999994],[-49.43843709999993,-26.17291169999993],[-49.42889239999994,-26.170181999999954],[-49.417793899999936,-26.18988559999997],[-49.406934999999976,-26.183982799999967],[-49.39097719999995,-26.200424399999974],[-49.34388969999998,-26.192170199999964],[-49.32634109999998,-26.20016529999998],[-49.325874899999974,-26.221883799999944]]]}},{"id":"4549","type":"Feature","properties":{"COD_IBGE":"4215901","MUNICIPIO":"São Bonifácio","UF":"SC"},"geometry":{"type":"Polygon","coordinates":[[[-48.96754939999994,-28.084373399999947],[-49.03472759999994,-28.035212299999955],[-49.03544339999996,-28.010538899999972],[-49.05209919999999,-27.989608999999973],[-49.039003899999955,-27.96578919999996],[-49.04489739999997,-27.95880429999994],[-49.03304349999996,-27.954987199999948],[-49.045496399999934,-27.93571909999997],[-49.01500809999993,-27.907624899999973],[-49.01701879999996,-27.88245539999997],[-49.006553699999984,-27.874727699999937],[-49.01650049999995,-27.86649129999995],[-48.94839879999995,-27.815917799999966],[-48.92303689999994,-27.82065149999994],[-48.91559069999994,-27.80867889999996],[-48.89117909999993,-27.810061099999928],[-48.882425499999954,-27.815140499999927],[-48.901646899999946,-27.820414099999937],[-48.91374939999997,-27.841662699999972],[-48.876646499999936,-27.859972099999936],[-48.872185799999954,-27.876327799999956],[-48.84202869999996,-27.86148019999996],[-48.84099969999994,-27.881150799999944],[-48.82403389999996,-27.892559399999982],[-48.825626599999964,-27.90907509999994],[-48.84217689999997,-27.901180799999963],[-48.84553539999996,-27.907291999999984],[-48.845704599999976,-27.92283989999993],[-48.83684479999994,-27.931788499999982],[-48.84916999999996,-27.950612599999943],[-48.83640279999997,-27.969173699999942],[-48.84276909999994,-28.005359099999964],[-48.85520669999994,-28.039896599999963],[-48.88117489999996,-28.050651699999946],[-48.89369529999993,-28.080036099999973],[-48.90169909999997,-28.06085399999995],[-48.93677139999994,-28.07286199999993],[-48.94233899999995,-28.083086599999945],[-48.93729559999997,-28.090151099999957],[-48.951189899999974,-28.096546699999976],[-48.949895699999956,-28.10763529999997],[-48.96423469999996,-28.10836249999994],[-48.972907299999974,-28.10151819999993],[-48.96754939999994,-28.084373399999947]]]}},{"id":"4550","type":"Feature","properties":{"COD_IBGE":"4216008","MUNICIPIO":"São Carlos","UF":"SC"},"geometry":{"type":"Polygon","coordinates":[[[-52.980177899999944,-26.98167099999995],[-52.95075429999997,-27.00401469999997],[-52.969101799999976,-27.024764999999945],[-52.94608079999995,-27.03794579999993],[-52.98244079999995,-27.036491699999942],[-52.96898669999996,-27.066211799999962],[-52.99310769999994,-27.06495289999998],[-52.99268519999998,-27.09860969999994],[-53.01314299999996,-27.096506499999975],[-53.032095099999935,-27.08230199999997],[-53.05904229999993,-27.08824539999995],[-53.07669999999996,-27.107844599999964],[-53.08765529999994,-27.097187799999972],[-53.07560629999995,-27.089658699999973],[-53.09888829999994,-27.07939659999994],[-53.09390319999994,-27.065573899999947],[-53.10677259999994,-27.06606419999997],[-53.100832999999966,-27.053439199999957],[-53.11332029999994,-27.04642649999994],[-53.102209899999934,-27.04316309999996],[-53.11072329999996,-27.033533499999976],[-53.09529439999994,-27.02771249999995],[-53.090465999999935,-26.991290999999933],[-53.069864999999936,-26.991221999999937],[-53.069766999999956,-26.98210199999994],[-53.04660469999993,-26.967845999999952],[-52.99181729999998,-26.967581199999984],[-52.98242049999993,-26.955611099999942],[-52.96524309999995,-26.963181499999962],[-52.980177899999944,-26.98167099999995]]]}},{"id":"4551","type":"Feature","properties":{"COD_IBGE":"4216057","MUNICIPIO":"São Cristóvão do Sul","UF":"SC"},"geometry":{"type":"Polygon","coordinates":[[[-50.39253229999997,-27.255002299999944],[-50.37710989999994,-27.246985499999937],[-50.37899299999998,-27.221925599999963],[-50.36746589999996,-27.241689299999962],[-50.34994149999994,-27.237274499999955],[-50.35815379999997,-27.243586599999958],[-50.35686799999996,-27.253611299999932],[-50.365602999999965,-27.252439099999947],[-50.357064399999956,-27.26488839999996],[-50.34070409999998,-27.267264799999964],[-50.332468699999936,-27.261463799999945],[-50.318245899999965,-27.26875769999998],[-50.297200499999974,-27.24947099999997],[-50.26752099999993,-27.26834679999996],[-50.24348619999995,-27.236981299999968],[-50.21633939999998,-27.24757399999993],[-50.19924039999995,-27.237147799999946],[-50.175256899999965,-27.269222699999943],[-50.18934019999995,-27.275442399999974],[-50.188396599999976,-27.292335699999967],[-50.177938799999936,-27.300133899999935],[-50.185288199999945,-27.323137199999962],[-50.19746049999998,-27.32832469999994],[-50.19837529999995,-27.34083739999994],[-50.20772159999996,-27.346368199999972],[-50.35856069999994,-27.34348449999993],[-50.39965739999997,-27.362148599999955],[-50.428768599999955,-27.366718399999968],[-50.44012239999995,-27.357069199999955],[-50.45145239999994,-27.367754799999943],[-50.463920299999984,-27.366861599999936],[-50.46836319999994,-27.31741569999997],[-50.49954599999995,-27.29979469999995],[-50.50950119999993,-27.257750399999964],[-50.49561449999993,-27.245841199999973],[-50.50176959999993,-27.218376699999965],[-50.47828599999997,-27.22875019999998],[-50.47009259999993,-27.215061599999956],[-50.46127759999996,-27.216692299999977],[-50.45458389999993,-27.231463299999973],[-50.44410979999998,-27.22752289999994],[-50.408806399999946,-27.24026109999994],[-50.41585299999997,-27.248689499999955],[-50.391292299999975,-27.26512749999995],[-50.39253229999997,-27.255002299999944]]]}},{"id":"4552","type":"Feature","properties":{"COD_IBGE":"4216107","MUNICIPIO":"São Domingos","UF":"SC"},"geometry":{"type":"Polygon","coordinates":[[[-52.496194799999955,-26.57820179999993],[-52.47145739999996,-26.591114699999935],[-52.48976929999998,-26.605720599999984],[-52.49281659999997,-26.590070699999956],[-52.51557719999994,-26.60636979999998],[-52.536614499999985,-26.601520999999934],[-52.54072179999997,-26.607983699999977],[-52.52217049999996,-26.613292499999943],[-52.513611999999966,-26.636447499999974],[-52.542971499999965,-26.619668899999965],[-52.52867139999995,-26.65965719999997],[-52.541943999999944,-26.664616199999955],[-52.54772429999997,-26.65417039999994],[-52.57415539999994,-26.65048879999995],[-52.57594789999996,-26.662881999999968],[-52.556548599999985,-26.670600399999955],[-52.57749159999997,-26.679066399999954],[-52.58386839999997,-26.66497849999996],[-52.59106079999998,-26.68023249999993],[-52.59924559999996,-26.666617499999973],[-52.607375899999965,-26.674852699999974],[-52.61934349999996,-26.67159309999994],[-52.60849349999995,-26.663674999999955],[-52.60818829999994,-26.65366119999993],[-52.62635749999998,-26.655222099999946],[-52.61849049999995,-26.63835279999995],[-52.632624299999975,-26.63591359999998],[-52.63947939999997,-26.622096399999975],[-52.640409199999965,-26.63315209999996],[-52.64811359999993,-26.62610419999993],[-52.65345389999993,-26.63365239999996],[-52.66269319999998,-26.62969839999994],[-52.66204609999994,-26.61892009999997],[-52.675289099999986,-26.618478299999936],[-52.66639989999993,-26.612718599999937],[-52.671700199999975,-26.60146709999998],[-52.64901269999996,-26.586983799999928],[-52.649198299999966,-26.569244699999956],[-52.60873359999994,-26.543854799999963],[-52.61650679999997,-26.51249279999996],[-52.60899359999996,-26.505263799999966],[-52.61100579999999,-26.47724969999996],[-52.597535999999934,-26.471656199999927],[-52.60189169999995,-26.45996599999995],[-52.58018619999996,-26.455583899999965],[-52.58355749999998,-26.435611999999935],[-52.57060299999995,-26.416651999999942],[-52.52453639999993,-26.39912529999998],[-52.496271999999976,-26.420019399999944],[-52.470766899999944,-26.425321199999928],[-52.46360559999994,-26.43960359999994],[-52.44261609999995,-26.43811839999995],[-52.48102799999998,-26.468397899999957],[-52.48056799999995,-26.48901539999997],[-52.466125199999965,-26.509526999999935],[-52.480856899999935,-26.531078099999945],[-52.46272239999996,-26.568132599999956],[-52.496194799999955,-26.57820179999993]]]}},{"id":"4553","type":"Feature","properties":{"COD_IBGE":"4216206","MUNICIPIO":"São Francisco do Sul","UF":"SC"},"geometry":{"type":"MultiPolygon","coordinates":[[[[-48.52068509999998,-26.217970599999944],[-48.50660899999997,-26.22649139999993],[-48.493002299999944,-26.218393299999946],[-48.59011369999996,-26.402223799999945],[-48.59945589999995,-26.432092799999964],[-48.59408519999994,-26.452734799999973],[-48.60800389999997,-26.454800199999966],[-48.625672099999974,-26.438040199999932],[-48.618389699999966,-26.403648799999928],[-48.633012399999984,-26.37161109999994],[-48.70403819999996,-26.34355039999997],[-48.725355399999955,-26.32498529999998],[-48.72154599999993,-26.304994499999964],[-48.73988579999997,-26.28635719999994],[-48.741544799999986,-26.26094779999994],[-48.76401109999995,-26.214948299999946],[-48.75624639999995,-26.19695269999994],[-48.78365139999994,-26.153065699999956],[-48.74195389999994,-26.12748309999995],[-48.627236299999936,-26.18302269999998],[-48.621699399999954,-26.207269399999973],[-48.56936469999994,-26.16772979999996],[-48.54640459999996,-26.17104969999997],[-48.52765869999996,-26.163817499999936],[-48.52068509999998,-26.217970599999944]]],[[[-48.487467299999935,-26.180100599999946],[-48.487374399999965,-26.182124699999974],[-48.48914759999997,-26.181286899999975],[-48.487467299999935,-26.180100599999946]]],[[[-48.48699749999997,-26.18484159999997],[-48.487402799999984,-26.18474029999993],[-48.48704879999997,-26.184661999999946],[-48.48699749999997,-26.18484159999997]]],[[[-48.48601139999994,-26.164049099999943],[-48.48372049999995,-26.164573899999937],[-48.485419699999966,-26.165601799999934],[-48.48601139999994,-26.164049099999943]]],[[[-48.47793059999998,-26.163364899999976],[-48.478323099999955,-26.163683299999946],[-48.47805139999997,-26.163249699999938],[-48.47793059999998,-26.163364899999976]]],[[[-48.480843799999946,-26.164757399999928],[-48.48235179999995,-26.16666289999995],[-48.48224299999998,-26.164984999999945],[-48.480843799999946,-26.164757399999928]]],[[[-48.475895299999934,-26.166890499999965],[-48.47583489999994,-26.16724279999994],[-48.476242499999955,-26.16694469999993],[-48.475895299999934,-26.166890499999965]]],[[[-48.487059099999954,-26.179104499999937],[-48.48737719999997,-26.179293299999983],[-48.487238599999955,-26.179044699999963],[-48.487059099999954,-26.179104499999937]]],[[[-48.485842899999966,-26.175458599999956],[-48.481317399999966,-26.17984219999994],[-48.48396219999995,-26.182717499999967],[-48.485842899999966,-26.175458599999956]]],[[[-48.49124479999995,-26.201567599999976],[-48.493196599999976,-26.202777899999944],[-48.49331919999997,-26.202247599999964],[-48.49124479999995,-26.201567599999976]]],[[[-48.523185799999965,-26.369123599999966],[-48.52122449999996,-26.368534499999953],[-48.522191599999985,-26.369964799999934],[-48.523185799999965,-26.369123599999966]]],[[[-48.520721899999955,-26.372254899999973],[-48.52282289999994,-26.371902699999964],[-48.520384899999954,-26.37034749999998],[-48.520721899999955,-26.372254899999973]]],[[[-48.52424139999994,-26.386802899999964],[-48.52545369999996,-26.385534699999937],[-48.52470089999997,-26.385001699999975],[-48.52424139999994,-26.386802899999964]]],[[[-48.52293179999998,-26.382546099999956],[-48.52490769999997,-26.381166899999982],[-48.52339129999996,-26.380604199999937],[-48.52293179999998,-26.382546099999956]]]]}},{"id":"4554","type":"Feature","properties":{"COD_IBGE":"4216255","MUNICIPIO":"São João do Oeste","UF":"SC"},"geometry":{"type":"Polygon","coordinates":[[[-53.54707199999996,-27.08955549999996],[-53.534208999999976,-27.090045799999928],[-53.52705579999997,-27.076908799999956],[-53.51966609999994,-27.081640299999947],[-53.52714529999997,-27.09155929999997],[-53.520978799999966,-27.114442399999973],[-53.52576759999994,-27.130908499999975],[-53.558171999999956,-27.15911609999995],[-53.57951799999995,-27.155778599999962],[-53.597588299999984,-27.137337899999977],[-53.60455989999997,-27.162877099999946],[-53.62401449999999,-27.163837299999955],[-53.64078179999996,-27.15540889999994],[-53.64860519999996,-27.141524199999935],[-53.63882029999996,-27.126662099999976],[-53.655443799999944,-27.121506799999963],[-53.660706699999935,-27.116023499999983],[-53.65559799999994,-27.119690799999944],[-53.64814899999993,-27.11173789999998],[-53.66301189999996,-27.108318999999938],[-53.65267609999995,-27.067371299999934],[-53.63906999999995,-27.061095399999942],[-53.646685299999945,-27.047203799999977],[-53.62223679999994,-27.03361629999995],[-53.62359399999997,-27.01855519999998],[-53.610370699999976,-27.025647499999934],[-53.59168859999994,-27.008707899999933],[-53.572600499999965,-27.025318599999935],[-53.54302659999996,-27.028262299999938],[-53.54707199999996,-27.08955549999996]]]}},{"id":"4555","type":"Feature","properties":{"COD_IBGE":"4216305","MUNICIPIO":"São João Batista","UF":"SC"},"geometry":{"type":"Polygon","coordinates":[[[-48.81342929999994,-27.250612199999978],[-48.81088399999993,-27.27460439999993],[-48.78554359999998,-27.276422899999943],[-48.801320199999964,-27.307322299999953],[-48.79432929999996,-27.319622599999946],[-48.801077099999986,-27.359468499999934],[-48.81838069999998,-27.38679959999996],[-48.833833399999946,-27.394133499999953],[-48.87044079999998,-27.43812859999997],[-48.882717799999966,-27.428763699999934],[-48.902896399999975,-27.427394799999945],[-48.90919629999996,-27.419295399999953],[-48.90071429999995,-27.381090599999936],[-48.92439269999994,-27.36626789999997],[-48.942413699999975,-27.338560299999983],[-48.93715999999995,-27.329064999999957],[-48.92060689999994,-27.32876269999997],[-48.89869369999997,-27.305827799999975],[-48.88242739999998,-27.306050899999946],[-48.89753839999997,-27.249806299999932],[-48.874780999999984,-27.235818499999937],[-48.869116099999985,-27.218612099999973],[-48.83774649999998,-27.229282599999976],[-48.81342929999994,-27.250612199999978]]]}},{"id":"4556","type":"Feature","properties":{"COD_IBGE":"4216354","MUNICIPIO":"São João do Itaperiú","UF":"SC"},"geometry":{"type":"Polygon","coordinates":[[[-48.74124089999998,-26.559751399999982],[-48.74308589999998,-26.630648599999972],[-48.75191799999993,-26.63131329999993],[-48.75930049999994,-26.647244099999966],[-48.753702299999986,-26.665114999999957],[-48.77000599999997,-26.668348299999934],[-48.78455619999994,-26.660769999999957],[-48.78711459999994,-26.672225999999966],[-48.80162819999998,-26.681190999999956],[-48.81724929999996,-26.63838089999996],[-48.83144719999996,-26.63993499999998],[-48.841675599999974,-26.626789199999962],[-48.84503719999998,-26.631117899999936],[-48.85130159999994,-26.631986499999982],[-48.852759799999944,-26.633791799999983],[-48.85486679999997,-26.634682899999973],[-48.85626579999996,-26.63449339999994],[-48.85115079999997,-26.597983599999964],[-48.862112399999944,-26.58525999999995],[-48.85986529999997,-26.559005999999954],[-48.84808369999996,-26.543835899999976],[-48.83212929999996,-26.545252199999936],[-48.83374259999994,-26.524815299999943],[-48.825976699999956,-26.515432799999928],[-48.81430309999996,-26.519380699999942],[-48.80634459999993,-26.51319069999994],[-48.75154599999996,-26.539977199999953],[-48.74124089999998,-26.559751399999982]]]}},{"id":"4557","type":"Feature","properties":{"COD_IBGE":"4216404","MUNICIPIO":"São João do Sul","UF":"SC"},"geometry":{"type":"Polygon","coordinates":[[[-49.777854899999966,-29.23743129999997],[-49.79134209999995,-29.28556249999997],[-49.81687649999998,-29.285828099999947],[-49.84789939999996,-29.273198799999932],[-49.84172829999994,-29.26053059999998],[-49.85507209999997,-29.25685599999997],[-49.84892849999994,-29.24664269999994],[-49.85742579999993,-29.24517089999995],[-49.85710369999998,-29.233058399999948],[-49.86778579999998,-29.22528019999993],[-49.95760409999997,-29.199545199999932],[-49.912229199999956,-29.195627399999978],[-49.88486139999998,-29.171205699999973],[-49.864121599999976,-29.171553899999935],[-49.83171119999997,-29.160232399999984],[-49.83824539999995,-29.153827999999976],[-49.819029099999966,-29.152372199999945],[-49.834110899999985,-29.095198099999948],[-49.76357489999998,-29.169531999999947],[-49.71211539999996,-29.205798999999956],[-49.75322239999997,-29.26077909999998],[-49.75263769999998,-29.252561199999946],[-49.777854899999966,-29.23743129999997]]]}},{"id":"4558","type":"Feature","properties":{"COD_IBGE":"4216503","MUNICIPIO":"São Joaquim","UF":"SC"},"geometry":{"type":"Polygon","coordinates":[[[-49.873675599999956,-28.11012469999997],[-49.87815729999994,-28.103349099999946],[-49.86892279999995,-28.096541599999966],[-49.85070269999994,-28.100896399999954],[-49.85280019999993,-28.110069799999962],[-49.82542139999998,-28.109825899999976],[-49.82850309999998,-28.119023899999945],[-49.792654899999945,-28.110902099999976],[-49.79461939999993,-28.12595299999998],[-49.785112099999935,-28.12763039999993],[-49.77733159999997,-28.144825699999956],[-49.75970479999995,-28.15292409999995],[-49.73536679999995,-28.181363099999942],[-49.721136599999966,-28.182505099999958],[-49.67216989999997,-28.22925129999993],[-49.721581199999946,-28.22241699999995],[-49.732407799999976,-28.239220199999977],[-49.75125859999997,-28.244051399999933],[-49.77336619999994,-28.276433099999963],[-49.76645249999996,-28.29840869999998],[-49.77426449999996,-28.33086789999993],[-49.76661919999998,-28.331662999999935],[-49.76438289999993,-28.34308489999995],[-49.76507399999997,-28.350510699999973],[-49.77783359999995,-28.355178799999976],[-49.772227199999975,-28.375949799999944],[-49.78396239999995,-28.36604539999996],[-49.797636599999976,-28.37361519999996],[-49.806591099999935,-28.366040399999974],[-49.80950169999994,-28.384400699999958],[-49.77217529999996,-28.393685699999935],[-49.77221519999995,-28.405095899999935],[-49.76259219999997,-28.40810129999994],[-49.76984399999998,-28.416206299999942],[-49.75396159999997,-28.42008519999996],[-49.78180889999993,-28.430040299999973],[-49.78254689999994,-28.421771899999953],[-49.79985009999996,-28.42484909999996],[-49.80121849999995,-28.433859299999938],[-49.80493599999994,-28.41563679999996],[-49.83099149999998,-28.42513329999997],[-49.815601199999946,-28.439447299999983],[-49.813698199999976,-28.42873899999995],[-49.80785969999994,-28.429956499999946],[-49.813477699999964,-28.44533439999998],[-49.80344729999996,-28.457583799999952],[-49.81965269999995,-28.468707999999936],[-49.81154029999993,-28.484735499999942],[-49.82604229999998,-28.478448199999946],[-49.83934329999994,-28.496487099999968],[-49.845380399999954,-28.493096799999933],[-49.841011299999934,-28.485598099999947],[-49.86664979999995,-28.48863229999995],[-49.86357289999995,-28.462845999999956],[-49.87776719999994,-28.454522099999963],[-49.854219899999975,-28.444657999999947],[-49.883627399999966,-28.44761859999994],[-49.89113859999998,-28.440157299999953],[-49.89844069999998,-28.44436929999995],[-49.89021739999998,-28.461551699999973],[-49.90449869999998,-28.464610299999947],[-49.92851379999996,-28.45122349999997],[-49.93854669999996,-28.458624199999974],[-49.928443699999946,-28.47140959999996],[-49.944392799999946,-28.482741199999964],[-49.95250539999995,-28.450336799999945],[-49.96722589999996,-28.455912699999942],[-49.973551199999974,-28.43899719999996],[-49.98863959999994,-28.445252799999935],[-49.98939309999997,-28.457154699999933],[-50.01900419999998,-28.451419699999974],[-50.025823199999934,-28.47308339999995],[-50.03859669999997,-28.479712999999947],[-50.07281839999996,-28.48080719999996],[-50.08633789999993,-28.472685199999944],[-50.100995499999954,-28.48633209999997],[-50.106915399999934,-28.473351299999933],[-50.12618679999997,-28.47452809999993],[-50.12683849999996,-28.46337189999997],[-50.11135759999996,-28.444470499999966],[-50.12831129999995,-28.428908099999944],[-50.12693369999994,-28.439729799999952],[-50.14627789999997,-28.447992799999952],[-50.148262399999965,-28.46092749999997],[-50.160526699999934,-28.45951919999993],[-50.13925679999994,-28.493953399999953],[-50.15634479999994,-28.497913799999935],[-50.178007399999956,-28.45225339999996],[-50.203237299999955,-28.44358829999993],[-50.22264869999998,-28.463272099999983],[-50.23570859999995,-28.457029099999943],[-50.24680019999994,-28.42827049999994],[-50.26445159999997,-28.443528799999967],[-50.25111339999995,-28.44917849999996],[-50.27291329999997,-28.45707189999996],[-50.29284689999997,-28.45103359999996],[-50.303889899999945,-28.437900999999954],[-50.329618299999936,-28.434230499999956],[-50.34044689999996,-28.440965799999958],[-50.33694509999998,-28.457421099999976],[-50.345846499999936,-28.46355449999993],[-50.35214579999996,-28.45639099999994],[-50.347604399999966,-28.431835499999977],[-50.35819329999998,-28.42035039999996],[-50.37034609999995,-28.42275929999994],[-50.38115409999995,-28.447027899999966],[-50.39517099999995,-28.43315739999997],[-50.42475539999998,-28.433301099999937],[-50.417530399999976,-28.42340379999996],[-50.40580879999993,-28.423191199999962],[-50.40572109999994,-28.393819599999972],[-50.38769789999998,-28.388055399999928],[-50.37499999999994,-28.37109929999997],[-50.36644309999997,-28.380763399999978],[-50.33710369999994,-28.381958099999963],[-50.33588009999994,-28.367658399999982],[-50.272501499999976,-28.34403999999995],[-50.26542089999998,-28.32988009999997],[-50.27656269999994,-28.326930699999934],[-50.27855869999996,-28.31196589999996],[-50.25069449999995,-28.315189799999928],[-50.255424999999946,-28.30319549999996],[-50.23079489999998,-28.301122799999973],[-50.24423109999998,-28.290503299999955],[-50.24827589999995,-28.26445979999994],[-50.24517529999997,-28.25691859999995],[-50.23013649999996,-28.259130899999946],[-50.21651919999994,-28.250424299999963],[-50.22885309999998,-28.242883199999937],[-50.22638399999994,-28.233900199999937],[-50.21815239999995,-28.236379599999964],[-50.21753169999994,-28.222277799999972],[-50.23205859999996,-28.219389599999943],[-50.218246499999964,-28.20723789999994],[-50.203219399999966,-28.206015999999977],[-50.19156769999995,-28.218010599999957],[-50.192627899999934,-28.201107899999954],[-50.180242299999975,-28.208269899999948],[-50.166201899999976,-28.201757399999963],[-50.18306959999995,-28.192340099999967],[-50.17107009999995,-28.185238199999958],[-50.18825679999998,-28.16448879999996],[-50.167354999999986,-28.16184279999993],[-50.15225229999999,-28.143433399999935],[-50.140170599999976,-28.15597349999996],[-50.13289139999995,-28.146365799999955],[-50.13021329999998,-28.15673419999996],[-50.10355539999995,-28.16114049999993],[-50.11538729999995,-28.14022319999998],[-50.10550699999993,-28.124792599999978],[-50.095302799999956,-28.122582699999953],[-50.10078439999995,-28.10988729999997],[-50.076691299999936,-28.123116599999946],[-50.08261879999998,-28.110201099999983],[-50.05848179999998,-28.11244629999993],[-50.072453199999984,-28.10371989999993],[-50.06040369999994,-28.089327799999978],[-50.03398329999993,-28.103763699999945],[-50.007712399999946,-28.08737629999996],[-50.001032599999974,-28.091359999999952],[-50.01198489999996,-28.09844479999998],[-50.007798399999956,-28.10422959999994],[-50.000766699999986,-28.098350099999948],[-49.988583699999936,-28.103787999999952],[-49.98230369999993,-28.094074899999953],[-49.97444359999997,-28.10952279999998],[-49.96872579999996,-28.097843299999965],[-49.958451199999956,-28.096027299999946],[-49.941886899999986,-28.11118309999995],[-49.94156909999998,-28.098728299999948],[-49.93029279999996,-28.10290939999993],[-49.926534799999956,-28.09636379999995],[-49.90728649999994,-28.111503399999947],[-49.90967929999994,-28.103101299999935],[-49.898152599999946,-28.092644699999937],[-49.873675599999956,-28.11012469999997]]]}},{"id":"4559","type":"Feature","properties":{"COD_IBGE":"4216602","MUNICIPIO":"São José","UF":"SC"},"geometry":{"type":"Polygon","coordinates":[[[-48.64012829999996,-27.636772399999984],[-48.667522099999985,-27.606729799999982],[-48.67145009999996,-27.619749999999954],[-48.70587349999994,-27.61138859999994],[-48.74601999999993,-27.615376899999944],[-48.74449099999998,-27.597646999999938],[-48.73093679999994,-27.582842899999946],[-48.73616049999998,-27.582407099999955],[-48.72700359999993,-27.560498699999982],[-48.728663799999936,-27.53966259999993],[-48.712118499999974,-27.525649199999975],[-48.68957009999997,-27.51999059999997],[-48.67888809999994,-27.522788599999956],[-48.67254269999995,-27.540818999999942],[-48.66478509999996,-27.531415299999935],[-48.65476049999995,-27.543581899999936],[-48.63128469999998,-27.530001999999968],[-48.57618139999994,-27.517165899999952],[-48.56861079999993,-27.54668229999993],[-48.600626699999964,-27.57503349999996],[-48.61326269999995,-27.61836549999998],[-48.594293999999934,-27.642551999999966],[-48.60267209999995,-27.66260449999993],[-48.637192599999935,-27.65138129999997],[-48.64012829999996,-27.636772399999984]]]}},{"id":"4560","type":"Feature","properties":{"COD_IBGE":"4216701","MUNICIPIO":"São José do Cedro","UF":"SC"},"geometry":{"type":"Polygon","coordinates":[[[-53.39107549999994,-26.46299019999998],[-53.40892219999995,-26.46140379999997],[-53.40969299999995,-26.47717149999994],[-53.40168079999995,-26.481596499999966],[-53.41579539999998,-26.48138149999994],[-53.40470469999997,-26.493160099999955],[-53.416902999999934,-26.49429609999993],[-53.407578299999955,-26.509150199999965],[-53.419318499999974,-26.50819839999997],[-53.406389399999966,-26.52650509999995],[-53.42846449999996,-26.512144199999966],[-53.429092999999966,-26.531629899999928],[-53.44799729999994,-26.52946369999995],[-53.447877999999946,-26.53618249999994],[-53.42641889999993,-26.54336879999994],[-53.43861869999995,-26.55090119999994],[-53.47060109999995,-26.54733829999998],[-53.49410009999997,-26.516939799999932],[-53.56383359999995,-26.53005399999995],[-53.58096649999993,-26.52583999999996],[-53.58133809999998,-26.515570599999933],[-53.636625599999945,-26.526067099999977],[-53.637523499999986,-26.51625999999993],[-53.67157359999993,-26.50460229999993],[-53.674229699999955,-26.511472199999957],[-53.68781939999997,-26.500251999999932],[-53.68702959999996,-26.51210949999995],[-53.69593749999996,-26.520109799999943],[-53.69835009999997,-26.51211569999998],[-53.70797769999996,-26.513911999999948],[-53.70076779999994,-26.52745649999997],[-53.705291999999986,-26.53649429999996],[-53.71220169999998,-26.524600799999973],[-53.708109699999966,-26.54572129999997],[-53.724600399999986,-26.535226499999965],[-53.71726799999993,-26.526908899999967],[-53.72728029999996,-26.525631399999952],[-53.73133619999999,-26.510387899999955],[-53.72823239999997,-26.500592599999948],[-53.70492849999994,-26.508915799999954],[-53.70924219999995,-26.501241599999958],[-53.696436999999946,-26.49046069999997],[-53.696132499999976,-26.475318399999935],[-53.70780679999996,-26.481470799999954],[-53.71568369999994,-26.471468999999956],[-53.70525969999994,-26.463524399999983],[-53.698751999999956,-26.46994479999995],[-53.70334319999995,-26.440795399999956],[-53.63831639999995,-26.449049099999968],[-53.634094199999936,-26.469732199999953],[-53.57561029999994,-26.482846699999982],[-53.56879679999997,-26.46459679999998],[-53.560455899999965,-26.468372299999942],[-53.56037629999997,-26.45424449999996],[-53.54410369999994,-26.42638039999997],[-53.52646599999997,-26.432138099999975],[-53.49343289999996,-26.428325299999983],[-53.46874239999994,-26.42181249999993],[-53.46507239999994,-26.405913599999963],[-53.45217549999995,-26.423902899999973],[-53.423013699999956,-26.43593169999997],[-53.36076339999994,-26.421145899999942],[-53.36905969999998,-26.424764099999948],[-53.363973699999974,-26.431863999999962],[-53.37867629999994,-26.434580899999958],[-53.368764699999986,-26.441107099999954],[-53.376194199999986,-26.447552299999927],[-53.37078909999997,-26.45226109999993],[-53.38078529999996,-26.449178099999983],[-53.39107549999994,-26.46299019999998]]]}},{"id":"4561","type":"Feature","properties":{"COD_IBGE":"4216800","MUNICIPIO":"São José do Cerrito","UF":"SC"},"geometry":{"type":"Polygon","coordinates":[[[-50.723153099999934,-27.67253869999996],[-50.71787249999994,-27.64968589999995],[-50.73402939999994,-27.64697769999998],[-50.74134209999994,-27.63120589999994],[-50.742781399999956,-27.647460799999976],[-50.75377969999994,-27.645483799999965],[-50.757948699999986,-27.61999229999998],[-50.77865339999994,-27.63543629999998],[-50.79113789999997,-27.626619499999947],[-50.78651049999996,-27.616200499999934],[-50.80191879999995,-27.61313149999995],[-50.79988119999996,-27.59924419999993],[-50.81614259999998,-27.619206299999973],[-50.851662499999975,-27.60513709999998],[-50.84415569999993,-27.59377269999993],[-50.869309999999984,-27.59667049999996],[-50.88346249999995,-27.610213699999974],[-50.88747159999997,-27.59726839999996],[-50.88125549999995,-27.586020899999937],[-50.896392799999944,-27.587947499999927],[-50.90053739999996,-27.573283999999944],[-50.93229949999994,-27.581439299999943],[-50.93749999999994,-27.566994999999963],[-50.95990699999993,-27.55463519999995],[-50.95047759999994,-27.550817499999937],[-50.91613529999995,-27.560593799999936],[-50.915350399999966,-27.53895629999994],[-50.90718199999998,-27.53296699999993],[-50.89847419999995,-27.561615699999948],[-50.88601609999995,-27.53611209999997],[-50.872851099999934,-27.545565799999963],[-50.86075009999996,-27.54397069999993],[-50.866473499999984,-27.53188149999994],[-50.850840199999936,-27.51008289999993],[-50.83264409999998,-27.515945099999954],[-50.82535939999997,-27.50335069999994],[-50.80126339999998,-27.493790799999942],[-50.80584479999993,-27.483001499999943],[-50.83287329999996,-27.477037499999938],[-50.833640499999944,-27.467985099999964],[-50.82296599999995,-27.45163539999993],[-50.80990129999998,-27.469872799999962],[-50.80414529999996,-27.455831199999977],[-50.78452559999994,-27.458664299999953],[-50.78079489999993,-27.44878209999996],[-50.795640499999934,-27.433760699999937],[-50.78954489999995,-27.428655099999958],[-50.771055399999966,-27.442489999999964],[-50.76201119999996,-27.42740239999995],[-50.74760399999997,-27.42109249999993],[-50.74195249999997,-27.42734319999994],[-50.75300379999993,-27.43085869999993],[-50.74952739999998,-27.44963819999998],[-50.736458099999936,-27.43811729999993],[-50.715231899999935,-27.450979699999948],[-50.71858049999997,-27.42656759999994],[-50.70096239999998,-27.442992799999956],[-50.70044509999997,-27.428935699999954],[-50.690251099999955,-27.42614489999994],[-50.688975599999935,-27.443495999999982],[-50.67454559999993,-27.439515599999936],[-50.67068489999997,-27.456797199999983],[-50.67811249999994,-27.463372099999958],[-50.66944239999998,-27.470843099999968],[-50.65037259999997,-27.452296199999978],[-50.636756799999944,-27.47076089999996],[-50.640025399999956,-27.455629599999952],[-50.63410729999998,-27.454154699999947],[-50.60400549999997,-27.470016399999963],[-50.59528489999997,-27.45952989999995],[-50.58333259999995,-27.469298599999945],[-50.565224099999966,-27.46619529999998],[-50.57776739999997,-27.50336699999997],[-50.56069259999998,-27.50384029999998],[-50.539211999999964,-27.557344399999977],[-50.52551999999997,-27.569142099999965],[-50.52419489999994,-27.58359329999996],[-50.54256079999993,-27.603897099999983],[-50.511627799999985,-27.595379399999956],[-50.50568739999994,-27.619884499999955],[-50.521908199999984,-27.633193499999948],[-50.49760629999997,-27.627349399999957],[-50.487455599999976,-27.635656599999948],[-50.49147409999995,-27.646748899999977],[-50.48247369999996,-27.646634199999937],[-50.46822759999998,-27.664686699999947],[-50.445173899999986,-27.67648509999998],[-50.42533839999993,-27.676755999999955],[-50.419389699999954,-27.70552589999994],[-50.38995929999993,-27.72999619999996],[-50.39080039999993,-27.74227389999993],[-50.43373079999998,-27.77437709999998],[-50.49534629999994,-27.768579899999963],[-50.49543099999994,-27.776974999999936],[-50.51801789999996,-27.78719289999998],[-50.529668399999935,-27.776010499999984],[-50.52167979999996,-27.767975899999954],[-50.54448189999994,-27.764067599999976],[-50.54218849999995,-27.75169089999997],[-50.55641099999997,-27.752588299999957],[-50.54325069999993,-27.733927199999982],[-50.55091209999995,-27.734974799999975],[-50.557036299999936,-27.72403529999997],[-50.56777099999994,-27.733208399999967],[-50.574341999999945,-27.724234299999978],[-50.58175399999993,-27.730778099999952],[-50.57439979999998,-27.715674599999943],[-50.58124259999994,-27.70810249999994],[-50.58609789999997,-27.71436529999994],[-50.594743499999936,-27.709020799999962],[-50.60459599999996,-27.72903739999998],[-50.62375429999997,-27.71897679999995],[-50.629138499999954,-27.70745889999995],[-50.64972579999994,-27.71734989999993],[-50.65256789999995,-27.72714629999996],[-50.66345549999994,-27.70996279999997],[-50.67601639999998,-27.715980899999977],[-50.70559739999993,-27.68936009999993],[-50.69649089999996,-27.669798499999956],[-50.723153099999934,-27.67253869999996]]]}},{"id":"4562","type":"Feature","properties":{"COD_IBGE":"4216909","MUNICIPIO":"São Lourenço do Oeste","UF":"SC"},"geometry":{"type":"Polygon","coordinates":[[[-52.84197799999998,-26.500301699999966],[-52.799992299999985,-26.492849099999944],[-52.77735759999996,-26.507079499999975],[-52.79432869999994,-26.520710299999962],[-52.795131099999935,-26.53538629999997],[-52.76593319999995,-26.55005699999998],[-52.77321889999996,-26.56685299999998],[-52.76047099999994,-26.586605499999962],[-52.877288299999975,-26.595050499999957],[-52.88139979999994,-26.587696299999948],[-52.91672659999995,-26.583956399999977],[-52.927866999999935,-26.57275089999996],[-52.94597179999994,-26.569261799999936],[-52.92086939999996,-26.559346499999947],[-52.93202859999997,-26.549572299999966],[-52.92537999999996,-26.540669399999956],[-52.946556699999974,-26.523477299999968],[-52.93421299999994,-26.525044899999955],[-52.929903499999966,-26.511593499999947],[-52.923112799999956,-26.519041899999934],[-52.924410199999954,-26.506048999999962],[-52.90811529999996,-26.501498399999946],[-52.91661469999997,-26.49991449999993],[-52.93503959999998,-26.470737199999974],[-52.93057739999995,-26.451370099999963],[-52.93742969999994,-26.442733399999952],[-52.965496299999984,-26.443726399999946],[-52.970893899999965,-26.430461999999977],[-52.95263199999994,-26.37928949999997],[-52.93765939999997,-26.362207599999977],[-52.916779599999984,-26.35556329999997],[-52.874063399999955,-26.361040799999955],[-52.84692849999993,-26.344406499999934],[-52.76277659999994,-26.353563099999974],[-52.776784599999985,-26.381791799999974],[-52.76038509999995,-26.397199299999954],[-52.762713099999985,-26.408213799999942],[-52.77085919999996,-26.408425999999963],[-52.76606209999994,-26.416028799999935],[-52.757987199999945,-26.413667799999928],[-52.76730219999996,-26.42936499999996],[-52.74853079999997,-26.442375599999934],[-52.76112729999994,-26.442754899999954],[-52.76048029999998,-26.451206399999933],[-52.76940399999995,-26.453313899999955],[-52.75538999999998,-26.45445239999998],[-52.76084539999994,-26.463422899999955],[-52.76665979999996,-26.465570199999945],[-52.84652139999997,-26.40475109999994],[-52.87141019999996,-26.419277199999954],[-52.86195859999998,-26.434697399999948],[-52.88012889999993,-26.47912219999995],[-52.87676759999994,-26.48759069999994],[-52.88355829999995,-26.490927099999965],[-52.867170699999974,-26.52514279999997],[-52.84505999999993,-26.51286479999993],[-52.84197799999998,-26.500301699999966]]]}},{"id":"4563","type":"Feature","properties":{"COD_IBGE":"4217006","MUNICIPIO":"São Ludgero","UF":"SC"},"geometry":{"type":"Polygon","coordinates":[[[-49.156192799999985,-28.318061899999975],[-49.123882899999955,-28.319089299999973],[-49.12426279999994,-28.331948999999952],[-49.111147399999936,-28.346997699999974],[-49.11496189999997,-28.354556799999955],[-49.10141799999997,-28.362688899999966],[-49.13750879999998,-28.413838399999975],[-49.156867499999976,-28.400732799999957],[-49.18101219999994,-28.41389609999993],[-49.19054569999997,-28.407362499999977],[-49.19726689999993,-28.379633999999953],[-49.215216399999974,-28.388692599999956],[-49.223794199999986,-28.380541999999934],[-49.22595609999996,-28.367483499999935],[-49.21443179999994,-28.361145999999962],[-49.21993239999995,-28.341479799999945],[-49.21158029999998,-28.328724299999976],[-49.215021699999966,-28.301636299999927],[-49.22433619999998,-28.295195199999966],[-49.20022259999996,-28.28846159999995],[-49.17931299999998,-28.30318129999995],[-49.158613199999934,-28.298808299999962],[-49.14984289999995,-28.306706299999973],[-49.156192799999985,-28.318061899999975]]]}},{"id":"4564","type":"Feature","properties":{"COD_IBGE":"4217105","MUNICIPIO":"São Martinho","UF":"SC"},"geometry":{"type":"Polygon","coordinates":[[[-48.97315789999993,-28.181693399999972],[-48.97766299999995,-28.18697979999996],[-48.99748079999995,-28.17353049999997],[-48.99712379999994,-28.16327279999996],[-49.01253189999994,-28.16435389999998],[-49.01379929999996,-28.150808599999948],[-49.039693399999976,-28.150777799999958],[-49.055823499999974,-28.137772499999983],[-49.065898199999936,-28.11160949999993],[-49.06043359999995,-28.09020419999996],[-49.06507979999998,-28.06716309999996],[-49.05573569999996,-28.05370419999997],[-49.06409999999994,-28.040502699999934],[-49.04345019999994,-28.01917839999993],[-49.052012899999966,-27.99004549999995],[-49.03544339999996,-28.010538899999972],[-49.034694799999954,-28.03525979999995],[-48.96844689999995,-28.08248619999995],[-48.969651899999974,-28.108098799999937],[-48.950023999999985,-28.107732399999975],[-48.951189899999974,-28.096546699999976],[-48.93729559999997,-28.090151099999957],[-48.94233899999995,-28.083086599999945],[-48.93677139999994,-28.07286199999993],[-48.90169909999997,-28.06085399999995],[-48.891021799999976,-28.08163959999996],[-48.874015499999985,-28.07238639999997],[-48.868304799999976,-28.07664699999998],[-48.88357579999996,-28.149801399999944],[-48.90022359999995,-28.15468329999993],[-48.926167599999985,-28.141235199999983],[-48.93862749999994,-28.17508049999998],[-48.91144719999994,-28.21589289999997],[-48.909749799999986,-28.23467009999996],[-48.964646699999946,-28.237826499999983],[-48.969426399999975,-28.23011189999994],[-48.962328699999944,-28.221757199999956],[-48.977949699999954,-28.211662599999954],[-48.970112599999936,-28.204526999999928],[-48.97880489999994,-28.199598699999967],[-48.97315789999993,-28.181693399999972]]]}},{"id":"4565","type":"Feature","properties":{"COD_IBGE":"4217154","MUNICIPIO":"São Miguel da Boa Vista","UF":"SC"},"geometry":{"type":"Polygon","coordinates":[[[-53.28604599999994,-26.681204599999944],[-53.25646459999996,-26.680048799999952],[-53.26137279999995,-26.66578119999997],[-53.253774299999975,-26.668937299999982],[-53.24564049999998,-26.66153479999997],[-53.25771199999997,-26.65645479999995],[-53.252613199999985,-26.644818999999927],[-53.23175509999999,-26.655812899999944],[-53.23719669999997,-26.642029399999956],[-53.227410599999985,-26.647113599999955],[-53.22683719999998,-26.638915399999973],[-53.204790199999934,-26.642493499999944],[-53.18689969999997,-26.670509399999958],[-53.20545249999998,-26.723329499999977],[-53.219525199999964,-26.72697919999996],[-53.22879909999995,-26.718186299999957],[-53.25904449999996,-26.71613519999994],[-53.28731039999997,-26.735010099999954],[-53.29604939999996,-26.72702279999993],[-53.30389259999998,-26.73044509999994],[-53.312866199999974,-26.70882229999995],[-53.308865399999945,-26.697298399999966],[-53.29304039999994,-26.708803099999955],[-53.282552099999975,-26.705148899999983],[-53.29420099999999,-26.69867409999995],[-53.28325279999996,-26.694946199999947],[-53.292101199999934,-26.691960499999936],[-53.28604599999994,-26.681204599999944]]]}},{"id":"4566","type":"Feature","properties":{"COD_IBGE":"4217204","MUNICIPIO":"São Miguel do Oeste","UF":"SC"},"geometry":{"type":"Polygon","coordinates":[[[-53.50569669999993,-26.775738799999942],[-53.50718809999995,-26.799856099999943],[-53.58713279999995,-26.801745299999936],[-53.58584689999998,-26.79506509999993],[-53.57536369999997,-26.79553939999994],[-53.573878399999955,-26.790415999999937],[-53.58217259999998,-26.787971599999935],[-53.57640369999996,-26.78006819999996],[-53.58797189999996,-26.765480099999934],[-53.60009469999994,-26.681519899999955],[-53.58986969999995,-26.669235899999933],[-53.59680799999995,-26.654201599999965],[-53.56954049999996,-26.655718399999955],[-53.55252329999996,-26.645086599999956],[-53.50149689999995,-26.65391539999996],[-53.44388329999998,-26.709713799999975],[-53.43152689999994,-26.70727729999993],[-53.41938029999994,-26.733633399999974],[-53.362717799999984,-26.760143699999958],[-53.38903069999998,-26.77073919999998],[-53.50569669999993,-26.775738799999942]]]}},{"id":"4567","type":"Feature","properties":{"COD_IBGE":"4217253","MUNICIPIO":"São Pedro de Alcântara","UF":"SC"},"geometry":{"type":"Polygon","coordinates":[[[-48.727537799999936,-27.553543499999932],[-48.74601999999993,-27.615376899999944],[-48.950140999999974,-27.626606799999934],[-48.95812499999994,-27.61328359999993],[-48.954611599999964,-27.60114169999997],[-48.93883559999995,-27.597679899999946],[-48.926969199999974,-27.583195599999954],[-48.92064449999998,-27.55703129999995],[-48.905966699999965,-27.56645059999994],[-48.88289409999993,-27.56276859999997],[-48.85467719999997,-27.56944429999993],[-48.85305979999998,-27.57563829999998],[-48.835613499999965,-27.56342239999998],[-48.82568589999994,-27.565074099999947],[-48.81536259999996,-27.548832199999936],[-48.79953359999996,-27.551206499999978],[-48.79495159999993,-27.545288699999958],[-48.785941299999934,-27.552169999999933],[-48.77604809999997,-27.546354599999972],[-48.769510099999934,-27.558088699999928],[-48.727537799999936,-27.553543499999932]]]}},{"id":"4568","type":"Feature","properties":{"COD_IBGE":"4217303","MUNICIPIO":"Saudades","UF":"SC"},"geometry":{"type":"Polygon","coordinates":[[[-52.95322239999996,-26.95209639999996],[-52.96524309999995,-26.963181499999962],[-52.98242049999993,-26.955611099999942],[-52.99181729999998,-26.967581199999984],[-53.04660469999993,-26.967845999999952],[-53.052504399999975,-26.964876599999968],[-53.04892449999994,-26.956603599999937],[-53.10327909999995,-26.93879819999995],[-53.09871289999995,-26.927351899999962],[-53.111833099999956,-26.92446609999996],[-53.112066899999945,-26.910347599999966],[-53.10399479999995,-26.89077409999993],[-53.116759799999954,-26.888985399999967],[-53.122081099999946,-26.87311539999996],[-53.11514919999996,-26.868081099999984],[-53.125644299999976,-26.85795589999998],[-53.11619669999993,-26.850900299999978],[-53.12542229999997,-26.847259099999974],[-53.13197909999997,-26.82524429999995],[-53.124914399999966,-26.82782359999993],[-53.11584069999998,-26.815318299999944],[-53.104822499999955,-26.81748369999997],[-53.09720199999998,-26.805835999999942],[-53.04088649999994,-26.812136899999928],[-53.032701299999985,-26.827240599999982],[-53.047983999999985,-26.830737599999964],[-53.043587799999955,-26.84106719999994],[-53.05308009999993,-26.83895309999997],[-53.03770009999994,-26.85593309999996],[-53.04454849999996,-26.86117809999996],[-53.03697669999997,-26.875813199999982],[-53.00769159999999,-26.875575599999934],[-53.007653199999936,-26.88732829999998],[-52.947538899999984,-26.88167059999995],[-52.94190409999993,-26.88815399999993],[-52.94227099999995,-26.916566599999953],[-52.92697049999998,-26.926374299999964],[-52.93401189999997,-26.93457369999993],[-52.92932499999995,-26.949488799999983],[-52.95322239999996,-26.95209639999996]]]}},{"id":"4569","type":"Feature","properties":{"COD_IBGE":"4217402","MUNICIPIO":"Schroeder","UF":"SC"},"geometry":{"type":"Polygon","coordinates":[[[-49.067862299999945,-26.43442669999996],[-49.095680699999946,-26.40121659999994],[-49.11349919999998,-26.39401449999997],[-49.10792719999995,-26.388265099999956],[-49.11648789999998,-26.382668799999976],[-49.109159799999986,-26.371202099999948],[-49.14613209999993,-26.32697289999993],[-49.14512639999998,-26.316664799999955],[-49.10360749999995,-26.295412299999953],[-49.10690979999998,-26.317579999999964],[-49.095092199999954,-26.329980999999975],[-49.085883799999976,-26.32033649999994],[-49.082820899999945,-26.295046999999954],[-49.06214159999996,-26.29656989999995],[-49.057615399999975,-26.278583399999945],[-49.04483439999996,-26.279250299999944],[-49.04760859999993,-26.273320999999953],[-49.033244999999965,-26.261361799999975],[-49.028966099999934,-26.27309109999993],[-49.04968679999996,-26.284395099999983],[-49.06332229999998,-26.312711499999978],[-49.04534559999996,-26.306798499999957],[-49.03518089999994,-26.314090299999975],[-49.02718569999996,-26.30713899999995],[-48.996065399999964,-26.31221789999995],[-49.012181199999986,-26.32639599999993],[-49.020672299999944,-26.35014179999996],[-49.00376289999997,-26.367660399999977],[-49.00234899999998,-26.39463829999994],[-49.02004519999997,-26.41755749999993],[-49.007398499999965,-26.439562099999932],[-48.98490889999994,-26.437088699999947],[-48.97999609999994,-26.443820199999948],[-48.98441189999994,-26.45667839999993],[-49.02922429999995,-26.45756629999994],[-49.067862299999945,-26.43442669999996]]]}},{"id":"4570","type":"Feature","properties":{"COD_IBGE":"4217501","MUNICIPIO":"Seara","UF":"SC"},"geometry":{"type":"Polygon","coordinates":[[[-52.312866499999984,-27.239651599999945],[-52.34114859999994,-27.23816549999998],[-52.34001189999998,-27.229747499999974],[-52.35687969999998,-27.224730699999952],[-52.35351269999995,-27.20563919999995],[-52.36892259999996,-27.193091699999968],[-52.38641379999996,-27.192672699999946],[-52.391864099999964,-27.184100299999955],[-52.40189069999997,-27.19062679999996],[-52.41368499999999,-27.182647499999973],[-52.42121549999996,-27.19042509999997],[-52.43204899999995,-27.181167099999982],[-52.43883559999995,-27.183031899999946],[-52.43377869999995,-27.19919669999996],[-52.460402699999975,-27.17288499999995],[-52.507253299999945,-27.159531199999947],[-52.51818389999994,-27.14769139999993],[-52.50886019999996,-27.13993449999998],[-52.488048799999945,-27.139795499999934],[-52.50577499999997,-27.117733399999963],[-52.489329699999985,-27.114163899999937],[-52.45968609999994,-27.130227499999933],[-52.43271009999995,-27.114097799999968],[-52.40233469999998,-27.118304299999977],[-52.39740939999996,-27.11232599999994],[-52.40482789999999,-27.109978799999965],[-52.40280349999995,-27.102139699999952],[-52.38079209999995,-27.08716709999993],[-52.31247119999995,-27.09109959999995],[-52.263427899999954,-27.07687169999997],[-52.251377899999966,-27.06862239999998],[-52.24689719999998,-27.037074399999938],[-52.222882399999946,-27.025971099999936],[-52.21701209999998,-27.04833199999996],[-52.24409879999996,-27.088232799999957],[-52.25254189999998,-27.12818629999998],[-52.23315469999994,-27.15516709999997],[-52.23185799999993,-27.189295799999968],[-52.249089599999934,-27.187900399999933],[-52.24763869999998,-27.20194639999994],[-52.25602349999997,-27.205262199999936],[-52.24876589999997,-27.210920399999964],[-52.26085679999994,-27.218316899999934],[-52.26257209999994,-27.230967299999975],[-52.26853749999998,-27.22632969999995],[-52.27414649999997,-27.231723099999954],[-52.27841559999996,-27.223562199999947],[-52.312953499999935,-27.233016599999928],[-52.312866499999984,-27.239651599999945]]]}},{"id":"4571","type":"Feature","properties":{"COD_IBGE":"4217550","MUNICIPIO":"Serra Alta","UF":"SC"},"geometry":{"type":"Polygon","coordinates":[[[-53.03289589999997,-26.743478099999948],[-53.04929809999993,-26.745992899999976],[-53.04881329999995,-26.732835999999963],[-53.06954109999998,-26.737631299999975],[-53.058208099999945,-26.70346749999993],[-53.075761099999966,-26.669971999999973],[-53.06341249999997,-26.643566199999952],[-52.997893999999974,-26.635176599999966],[-52.99543849999998,-26.65515629999993],[-52.98528779999998,-26.65901679999996],[-52.99449529999998,-26.666529999999966],[-52.985838799999954,-26.676333799999952],[-52.994356599999946,-26.67845029999995],[-52.979449699999975,-26.69972189999993],[-52.99230819999997,-26.70283509999996],[-52.98324759999997,-26.716960299999982],[-52.98943719999994,-26.72342599999996],[-52.981430099999955,-26.740038599999934],[-52.96981069999998,-26.73790889999998],[-52.974825299999964,-26.74627849999996],[-53.00291129999994,-26.74101399999995],[-53.02108869999995,-26.75394229999995],[-53.03289589999997,-26.743478099999948]]]}},{"id":"4572","type":"Feature","properties":{"COD_IBGE":"4217600","MUNICIPIO":"Siderópolis","UF":"SC"},"geometry":{"type":"Polygon","coordinates":[[[-49.36927949999995,-28.634236699999974],[-49.53288089999995,-28.628993199999968],[-49.68537509999993,-28.62093859999993],[-49.66947719999996,-28.614289999999983],[-49.66622849999993,-28.60262249999994],[-49.647037799999964,-28.598586199999943],[-49.653057899999965,-28.59477789999994],[-49.64553539999997,-28.589225599999963],[-49.648495399999945,-28.566317599999934],[-49.65607229999995,-28.565475599999957],[-49.64947179999996,-28.546896599999968],[-49.61503979999998,-28.53059849999994],[-49.59033919999996,-28.500313499999947],[-49.57736319999998,-28.500086299999964],[-49.55425059999993,-28.51709299999993],[-49.54696029999997,-28.53275039999994],[-49.53062239999997,-28.539795599999934],[-49.527257599999984,-28.55107339999995],[-49.48760719999996,-28.552638399999978],[-49.481820099999936,-28.58348509999996],[-49.46614619999997,-28.57157479999995],[-49.464635999999985,-28.55875569999995],[-49.445586599999956,-28.563286799999958],[-49.425460699999974,-28.538198799999975],[-49.409916599999974,-28.540711599999952],[-49.40799569999996,-28.52539969999998],[-49.401153499999964,-28.525393399999928],[-49.40151279999998,-28.54606519999993],[-49.38970779999994,-28.556150999999943],[-49.385774099999935,-28.57975749999997],[-49.40151359999993,-28.600642299999947],[-49.36927949999995,-28.634236699999974]]]}},{"id":"4573","type":"Feature","properties":{"COD_IBGE":"4217709","MUNICIPIO":"Sombrio","UF":"SC"},"geometry":{"type":"Polygon","coordinates":[[[-49.656333899999936,-29.143034899999975],[-49.69775669999996,-29.113528499999973],[-49.704418499999974,-29.080119499999967],[-49.71621879999998,-29.072337699999935],[-49.74209019999995,-29.073083399999973],[-49.74658229999994,-29.06097859999994],[-49.73074329999997,-29.044596599999977],[-49.74317219999995,-29.03934959999998],[-49.698864699999945,-29.020490999999936],[-49.623350699999946,-29.018011899999976],[-49.565697899999975,-29.058957499999963],[-49.59621409999994,-29.079576199999963],[-49.60523809999995,-29.10860729999996],[-49.62904109999994,-29.134837799999957],[-49.656333899999936,-29.143034899999975]]]}},{"id":"4574","type":"Feature","properties":{"COD_IBGE":"4217758","MUNICIPIO":"Sul Brasil","UF":"SC"},"geometry":{"type":"Polygon","coordinates":[[[-52.96559609999997,-26.74675469999994],[-52.97402189999997,-26.74412719999998],[-52.97143699999998,-26.735172399999954],[-52.981430099999955,-26.740038599999934],[-52.98943719999994,-26.72342599999996],[-52.98324759999997,-26.716960299999982],[-52.99230819999997,-26.70283509999996],[-52.979449699999975,-26.69972189999993],[-52.99437439999997,-26.67837839999993],[-52.985838799999954,-26.676333799999952],[-52.99449529999998,-26.666529999999966],[-52.98531269999995,-26.65888099999995],[-52.995289799999966,-26.655405599999938],[-53.00024419999994,-26.639836699999933],[-52.94073989999998,-26.614031499999953],[-52.93561159999996,-26.649388199999976],[-52.92423269999995,-26.65003239999993],[-52.929276699999946,-26.659519899999964],[-52.92208979999998,-26.664899999999932],[-52.917720299999985,-26.656159199999934],[-52.907313399999964,-26.657573599999978],[-52.90898059999995,-26.66709089999995],[-52.918502699999976,-26.667146499999944],[-52.91769849999997,-26.681064299999946],[-52.89419619999995,-26.681938299999956],[-52.906908699999974,-26.695311999999944],[-52.88618309999998,-26.705027799999982],[-52.903797699999984,-26.707629699999927],[-52.88604329999998,-26.715715099999954],[-52.91344219999996,-26.717567299999928],[-52.910388499999954,-26.731453699999975],[-52.90361359999997,-26.729008799999974],[-52.897059199999944,-26.74124809999995],[-52.91531729999997,-26.747283399999958],[-52.90809369999994,-26.758376299999952],[-52.92350159999995,-26.76094139999998],[-52.91310099999998,-26.771778799999936],[-52.925404699999945,-26.77369639999995],[-52.91760939999995,-26.78286259999993],[-52.95486269999998,-26.76205639999995],[-52.95423789999995,-26.752759499999968],[-52.968262599999946,-26.75192389999995],[-52.96559609999997,-26.74675469999994]]]}},{"id":"4575","type":"Feature","properties":{"COD_IBGE":"4217808","MUNICIPIO":"Taió","UF":"SC"},"geometry":{"type":"Polygon","coordinates":[[[-49.992052299999955,-27.189735999999982],[-50.00470169999994,-27.173444599999982],[-50.046110699999986,-27.169420499999944],[-50.05090999999993,-27.176432199999965],[-50.06430099999994,-27.148680199999944],[-50.10512159999996,-27.147928099999945],[-50.13919569999996,-27.133211999999958],[-50.15262839999997,-27.133943199999976],[-50.167915799999946,-27.149522299999944],[-50.224438299999974,-27.15199229999996],[-50.250076999999976,-27.099821499999962],[-50.284087899999975,-27.09367439999994],[-50.28879089999998,-27.10804029999997],[-50.301734899999985,-27.10983529999993],[-50.31481149999996,-27.08977529999993],[-50.311281399999984,-27.067773699999975],[-50.33219669999994,-27.06152019999996],[-50.31664249999994,-27.054070799999977],[-50.32312829999995,-27.044200399999966],[-50.31390699999997,-27.03379199999995],[-50.31725869999997,-27.00820939999994],[-50.30756889999998,-27.010169099999928],[-50.310108499999956,-26.99416629999996],[-50.29357159999995,-26.991440499999953],[-50.29123999999996,-26.969886799999983],[-50.23567509999998,-26.985887599999955],[-50.11955809999995,-26.986621299999968],[-50.09990499999998,-26.996735099999967],[-50.112228899999934,-27.00266369999997],[-50.102635299999974,-27.009446199999957],[-50.115975299999945,-27.014612099999965],[-50.066540299999986,-27.03340449999996],[-50.052740599999936,-27.028647199999966],[-50.048252299999945,-27.047780899999964],[-49.97649629999995,-27.04662509999997],[-49.975681399999985,-27.010347099999933],[-49.96023749999995,-27.01052379999993],[-49.96011969999995,-27.002602499999966],[-49.946622299999945,-27.00270379999995],[-49.94630479999995,-26.994709799999953],[-49.871988399999964,-27.00150629999996],[-49.89873989999995,-27.103262299999983],[-49.89169849999996,-27.14544529999995],[-49.90198289999995,-27.15091089999993],[-49.90117589999994,-27.137267599999973],[-49.909041499999944,-27.151723999999945],[-49.91540669999995,-27.145184599999936],[-49.94129789999994,-27.214384499999937],[-49.96514429999996,-27.196215999999936],[-50.003803199999936,-27.212963799999955],[-49.992052299999955,-27.189735999999982]]]}},{"id":"4576","type":"Feature","properties":{"COD_IBGE":"4217907","MUNICIPIO":"Tangará","UF":"SC"},"geometry":{"type":"Polygon","coordinates":[[[-51.26144169999998,-27.138212599999974],[-51.29529169999995,-27.16186659999994],[-51.33230249999997,-27.14608979999997],[-51.33793659999998,-27.13226999999995],[-51.31976899999995,-27.077458499999977],[-51.29816589999996,-27.06799099999995],[-51.29831999999993,-27.055276999999933],[-51.28936999999996,-27.048414199999968],[-51.27140989999998,-27.067096999999933],[-51.252345799999944,-27.062363999999945],[-51.24689619999998,-27.06945079999997],[-51.21339399999994,-27.068419999999946],[-51.20379299999996,-27.078538999999978],[-51.160580299999936,-27.090067999999974],[-51.154128499999956,-27.085765099999946],[-51.14254169999998,-27.099105899999984],[-51.141364299999964,-27.11425689999993],[-51.12900199999996,-27.112983699999972],[-51.13571989999997,-27.109388999999965],[-51.12948449999993,-27.098306099999945],[-51.121079099999974,-27.10429879999998],[-51.11457749999994,-27.096392299999934],[-51.10786589999998,-27.102633399999945],[-51.08818549999995,-27.095381999999972],[-51.09945739999995,-27.111690499999952],[-51.08320999999995,-27.124824599999954],[-51.07024579999995,-27.124869799999942],[-51.076729899999975,-27.11097149999995],[-51.06363559999994,-27.116828899999973],[-51.066777499999944,-27.107146299999954],[-51.05281469999994,-27.09652049999994],[-51.052403599999934,-27.106791099999953],[-51.03282349999995,-27.109176099999956],[-51.04326969999994,-27.12071409999993],[-51.03336589999998,-27.118248199999982],[-51.02366559999996,-27.127882099999965],[-51.019110599999976,-27.119696999999974],[-51.00727449999994,-27.120263399999942],[-50.99741869999997,-27.138296099999934],[-50.98672409999995,-27.13164359999996],[-50.95331189999996,-27.132786299999964],[-50.94401129999994,-27.120848399999943],[-50.92979649999995,-27.118931999999973],[-50.960504999999955,-27.154570399999955],[-51.010585799999944,-27.174002899999948],[-51.02585959999993,-27.195039899999983],[-51.025729499999954,-27.22073789999996],[-51.03699839999996,-27.236088699999982],[-51.08105969999997,-27.253837699999963],[-51.111593599999935,-27.24054549999994],[-51.13114849999994,-27.218455999999946],[-51.153764199999955,-27.22034089999994],[-51.17417459999996,-27.205367999999964],[-51.194084499999974,-27.170487999999978],[-51.21101459999994,-27.159253099999944],[-51.22891459999994,-27.162003599999935],[-51.233397699999955,-27.13893859999996],[-51.26144169999998,-27.138212599999974]]]}},{"id":"4577","type":"Feature","properties":{"COD_IBGE":"4217956","MUNICIPIO":"Tigrinhos","UF":"SC"},"geometry":{"type":"Polygon","coordinates":[[[-53.198604999999986,-26.64133469999996],[-53.13847029999994,-26.637299799999937],[-53.126341099999934,-26.654902599999957],[-53.128142399999945,-26.66552669999993],[-53.111400999999944,-26.680108399999938],[-53.13058749999993,-26.711681299999952],[-53.128354599999966,-26.72063389999994],[-53.13726899999995,-26.725372799999946],[-53.16187899999994,-26.71400019999993],[-53.16624889999997,-26.718168099999957],[-53.17816639999995,-26.69102049999998],[-53.19354299999998,-26.698707599999977],[-53.18689969999997,-26.670509399999958],[-53.20514319999995,-26.642328299999974],[-53.20250979999997,-26.633799099999976],[-53.198604999999986,-26.64133469999996]]]}},{"id":"4578","type":"Feature","properties":{"COD_IBGE":"4218004","MUNICIPIO":"Tijucas","UF":"SC"},"geometry":{"type":"Polygon","coordinates":[[[-48.60444249999995,-27.212218399999983],[-48.61462209999996,-27.275738799999942],[-48.59481349999993,-27.316138999999964],[-48.63660379999993,-27.327430299999946],[-48.653846699999974,-27.32064409999998],[-48.66135099999997,-27.325562799999943],[-48.65889819999995,-27.343419499999982],[-48.666898799999956,-27.348381899999936],[-48.68845669999996,-27.34194039999994],[-48.70566259999998,-27.35489999999993],[-48.731485299999974,-27.340729099999976],[-48.76169589999995,-27.343912299999943],[-48.765755499999955,-27.350524699999937],[-48.79359189999997,-27.353199399999937],[-48.741354799999954,-27.303474799999947],[-48.73981439999994,-27.289432199999965],[-48.70013899999998,-27.267717999999945],[-48.71534669999994,-27.260749399999952],[-48.715964499999984,-27.266375099999948],[-48.72993889999998,-27.26331129999994],[-48.74230479999994,-27.270894899999973],[-48.74881019999998,-27.232974399999932],[-48.763708099999974,-27.22946129999997],[-48.772261499999956,-27.211772199999928],[-48.802570799999955,-27.19424269999996],[-48.79749359999994,-27.178165199999967],[-48.80430609999996,-27.17438429999993],[-48.79409539999995,-27.161548599999946],[-48.799389599999984,-27.155114999999967],[-48.778265499999975,-27.151646699999958],[-48.77453779999996,-27.13546709999997],[-48.756272999999965,-27.13445059999998],[-48.749203799999975,-27.148293999999964],[-48.692093599999964,-27.139233099999956],[-48.68027189999998,-27.16565019999996],[-48.69218549999994,-27.168618699999968],[-48.686419299999955,-27.171729099999936],[-48.68767429999997,-27.191532799999948],[-48.66905239999994,-27.201027599999975],[-48.66178039999994,-27.21621149999993],[-48.60444249999995,-27.212218399999983]]]}},{"id":"4579","type":"Feature","properties":{"COD_IBGE":"4218103","MUNICIPIO":"Timbé do Sul","UF":"SC"},"geometry":{"type":"Polygon","coordinates":[[[-49.76139869999997,-28.784951599999943],[-49.732650099999944,-28.804119299999968],[-49.74920119999996,-28.831406899999934],[-49.792291699999964,-28.85384199999993],[-49.89331419999996,-28.888115699999958],[-49.93046599999997,-28.92107629999998],[-49.949181099999976,-28.92456379999993],[-49.94498179999994,-28.941664299999957],[-49.955436099999986,-28.939729399999976],[-49.95572059999995,-28.948877399999958],[-49.959789099999966,-28.935588999999936],[-49.95432599999998,-28.928983899999935],[-49.94956929999995,-28.935648699999945],[-49.95085569999998,-28.92691259999998],[-49.96872519999994,-28.922052099999974],[-49.949595999999985,-28.897967199999982],[-49.950425199999984,-28.88692869999994],[-49.93210809999994,-28.872202899999934],[-49.950526999999965,-28.880587299999945],[-49.951531699999975,-28.87039189999996],[-49.969870399999934,-28.876492799999937],[-49.95600609999997,-28.858834799999954],[-49.96239049999997,-28.85241659999997],[-49.957818299999985,-28.829101299999934],[-49.96614409999995,-28.82132789999997],[-49.962702399999955,-28.79911039999996],[-49.95055839999998,-28.802116499999954],[-49.96217279999996,-28.77760399999994],[-49.95111009999994,-28.76666339999997],[-49.950757599999974,-28.75325239999995],[-49.93623869999993,-28.75686319999994],[-49.92174369999998,-28.745542599999965],[-49.934752799999956,-28.726968599999964],[-49.92604069999993,-28.71831279999998],[-49.904945699999985,-28.707613399999957],[-49.913657299999954,-28.724477199999967],[-49.90486079999994,-28.71847839999998],[-49.89655309999995,-28.72597909999996],[-49.882554099999936,-28.717387499999973],[-49.89573089999993,-28.73927139999995],[-49.88133519999997,-28.746520799999928],[-49.87465369999995,-28.74403289999998],[-49.88331869999996,-28.737698999999964],[-49.868019799999956,-28.72195849999997],[-49.87503439999995,-28.722533899999974],[-49.86937769999997,-28.701015199999972],[-49.847614299999975,-28.703790199999958],[-49.844700099999955,-28.714004899999964],[-49.82337239999998,-28.720817599999975],[-49.79907909999997,-28.713408699999945],[-49.79891509999993,-28.75165949999996],[-49.77753139999999,-28.759595799999943],[-49.76139869999997,-28.784951599999943]]]}},{"id":"4580","type":"Feature","properties":{"COD_IBGE":"4218202","MUNICIPIO":"Timbó","UF":"SC"},"geometry":{"type":"Polygon","coordinates":[[[-49.20149319999996,-26.822008299999936],[-49.25481469999994,-26.87067589999998],[-49.26324129999995,-26.86789319999997],[-49.28471339999993,-26.880708099999936],[-49.310350599999936,-26.82768479999993],[-49.32424569999995,-26.821303799999953],[-49.333333799999934,-26.799733499999945],[-49.32858959999999,-26.78504099999998],[-49.334060799999975,-26.77503029999997],[-49.32842139999997,-26.773054899999977],[-49.338739799999985,-26.75630719999998],[-49.33500649999996,-26.74610279999996],[-49.224027399999954,-26.773006299999963],[-49.21401229999998,-26.755219599999975],[-49.204986599999984,-26.758768499999974],[-49.20829629999997,-26.770730799999967],[-49.195349799999974,-26.792232499999955],[-49.21008089999998,-26.80554669999998],[-49.20149319999996,-26.822008299999936]]]}},{"id":"4581","type":"Feature","properties":{"COD_IBGE":"4218251","MUNICIPIO":"Timbó Grande","UF":"SC"},"geometry":{"type":"Polygon","coordinates":[[[-50.68526719999994,-26.659461299999975],[-50.702477999999985,-26.660612899999933],[-50.70392499999997,-26.67437209999997],[-50.718496699999946,-26.676334699999927],[-50.720146599999964,-26.687306599999943],[-50.74996539999995,-26.681607799999938],[-50.75650869999998,-26.692265299999974],[-50.783147499999984,-26.682371899999964],[-50.808734699999945,-26.652796399999943],[-50.85599509999997,-26.560595899999953],[-50.82054059999996,-26.544018799999947],[-50.800854999999956,-26.507572599999946],[-50.744871899999964,-26.525107999999932],[-50.68735099999998,-26.49758369999995],[-50.641184899999985,-26.512065899999982],[-50.630758699999944,-26.533599899999956],[-50.60399419999993,-26.541987399999982],[-50.59784149999996,-26.56791199999998],[-50.56210239999996,-26.59349359999993],[-50.57918119999994,-26.603175499999963],[-50.530170699999985,-26.60800729999994],[-50.515101399999935,-26.63990309999997],[-50.50749149999996,-26.635780299999965],[-50.48782149999994,-26.644826699999953],[-50.51397459999998,-26.687477799999954],[-50.50549069999994,-26.695496599999956],[-50.51644539999995,-26.71540959999993],[-50.51387809999994,-26.724722699999973],[-50.49380259999998,-26.758642099999975],[-50.50009369999998,-26.77093519999994],[-50.524356799999964,-26.774536599999976],[-50.52895199999995,-26.782092899999952],[-50.54900249999997,-26.766918799999928],[-50.56159629999996,-26.770920699999976],[-50.57361079999998,-26.755573699999957],[-50.584035599999936,-26.755198699999937],[-50.59092629999998,-26.73920549999997],[-50.60310399999997,-26.74019869999995],[-50.635748099999944,-26.713285999999982],[-50.65418529999994,-26.709447999999952],[-50.64903909999998,-26.70011729999993],[-50.657604799999945,-26.677573199999983],[-50.68526719999994,-26.659461299999975]]]}},{"id":"4582","type":"Feature","properties":{"COD_IBGE":"4218301","MUNICIPIO":"Três Barras","UF":"SC"},"geometry":{"type":"Polygon","coordinates":[[[-50.332640699999956,-26.107083199999977],[-50.33173379999994,-26.08342099999993],[-50.29879219999998,-26.054735999999934],[-50.28739029999997,-26.055809099999976],[-50.26728289999994,-26.042618799999957],[-50.25223589999996,-26.051627699999983],[-50.25225859999995,-26.031075699999974],[-50.23717119999998,-26.034833099999958],[-50.22442969999997,-26.06036409999996],[-50.21154289999998,-26.056375599999967],[-50.19255359999994,-26.065651799999955],[-50.19039529999998,-26.072245099999975],[-50.20765709999995,-26.084641499999975],[-50.18972669999994,-26.090494899999953],[-50.180628799999965,-26.117164799999955],[-50.167314499999975,-26.116490299999953],[-50.172112399999946,-26.131907399999932],[-50.16778089999997,-26.134660399999973],[-50.166943499999945,-26.125814299999945],[-50.164304399999935,-26.12419019999993],[-50.153968599999985,-26.136224999999968],[-50.16077829999995,-26.143795099999977],[-50.14541609999998,-26.151810799999964],[-50.14310789999996,-26.167929799999968],[-50.127346899999964,-26.16417629999995],[-50.136297499999955,-26.174351499999943],[-50.124810999999966,-26.20290719999997],[-50.14376069999997,-26.20012739999993],[-50.16287859999994,-26.21569349999993],[-50.188033099999984,-26.216945099999975],[-50.182298499999945,-26.23925509999998],[-50.18741369999998,-26.27064729999995],[-50.20873769999997,-26.286438499999974],[-50.28497779999998,-26.308280099999934],[-50.287102999999945,-26.292452799999978],[-50.299000199999966,-26.280560899999955],[-50.29630259999993,-26.264583199999947],[-50.30352009999996,-26.25811639999995],[-50.317026099999964,-26.267893199999946],[-50.32362999999998,-26.23835299999996],[-50.336040999999966,-26.236369099999933],[-50.325039799999956,-26.22442659999996],[-50.323954399999934,-26.20799999999997],[-50.35582509999995,-26.20340109999995],[-50.35760369999997,-26.16861709999995],[-50.347285699999986,-26.15381899999994],[-50.37627209999994,-26.15477679999998],[-50.38395049999997,-26.167341999999962],[-50.39108249999998,-26.16443049999998],[-50.38091349999996,-26.162180599999942],[-50.388809899999956,-26.15115549999996],[-50.37522489999998,-26.11559189999997],[-50.36006919999994,-26.125581799999964],[-50.36109769999996,-26.109803399999976],[-50.34035699999998,-26.130779699999948],[-50.32170259999998,-26.13394969999996],[-50.321942899999954,-26.125747899999965],[-50.33389779999993,-26.125120099999947],[-50.32486199999994,-26.122573899999963],[-50.332640699999956,-26.107083199999977]]]}},{"id":"4583","type":"Feature","properties":{"COD_IBGE":"4218350","MUNICIPIO":"Treviso","UF":"SC"},"geometry":{"type":"Polygon","coordinates":[[[-49.48861109999996,-28.552168549999976],[-49.527257599999984,-28.55107339999995],[-49.55425059999993,-28.51709299999993],[-49.56875299999996,-28.511274999999955],[-49.56629349999997,-28.498156499999936],[-49.55418649999996,-28.494931299999962],[-49.54812889999994,-28.48386629999993],[-49.562654399999985,-28.467803299999957],[-49.55047119999995,-28.451953599999968],[-49.54460069999993,-28.45496289999994],[-49.548829499999954,-28.44883559999994],[-49.54138409999996,-28.43687689999996],[-49.47633049999996,-28.443670699999927],[-49.46826059999995,-28.437493899999936],[-49.427954099999965,-28.458901599999933],[-49.42195389999995,-28.53662819999994],[-49.445586599999956,-28.563286799999958],[-49.464635999999985,-28.55875569999995],[-49.46614619999997,-28.57157479999995],[-49.481316499999934,-28.583468299999936],[-49.48861109999996,-28.552168549999976]]]}},{"id":"4584","type":"Feature","properties":{"COD_IBGE":"4218400","MUNICIPIO":"Treze de Maio","UF":"SC"},"geometry":{"type":"Polygon","coordinates":[[[-49.03010629999994,-28.549905099999933],[-49.18161699999996,-28.641226999999958],[-49.196536099999946,-28.634307399999955],[-49.203981099999964,-28.614236699999935],[-49.24337049999997,-28.58976229999996],[-49.18018949999998,-28.498099099999934],[-49.17830619999995,-28.512192899999945],[-49.164269899999965,-28.500779799999975],[-49.13310709999996,-28.499018699999965],[-49.05516279999995,-28.559222199999965],[-49.03010629999994,-28.549905099999933]]]}},{"id":"4585","type":"Feature","properties":{"COD_IBGE":"4218509","MUNICIPIO":"Treze Tílias","UF":"SC"},"geometry":{"type":"Polygon","coordinates":[[[-51.477467599999954,-26.926944799999944],[-51.43903209999996,-26.92905639999998],[-51.43673949999993,-26.93990699999995],[-51.41075379999995,-26.94744359999993],[-51.407084399999974,-26.94204019999995],[-51.40782509999997,-26.95463879999994],[-51.40165039999994,-26.95251609999997],[-51.39536279999999,-26.969893999999954],[-51.37976199999997,-26.970343799999966],[-51.380349499999966,-26.97999089999996],[-51.349725999999976,-26.98211539999994],[-51.35259639999998,-26.987551399999973],[-51.34020339999995,-26.997432299999957],[-51.351909199999966,-27.003066699999977],[-51.33691179999994,-27.005649999999946],[-51.34523389999998,-27.01440309999998],[-51.33356279999998,-27.021225999999956],[-51.34832949999998,-27.035135199999957],[-51.34179249999994,-27.038391599999954],[-51.42073549999998,-27.039129199999934],[-51.46223299999997,-27.027689599999974],[-51.45096119999994,-27.018391899999983],[-51.454921499999955,-27.01206179999997],[-51.47246839999997,-27.012095099999954],[-51.493956399999945,-26.99455489999997],[-51.48944689999996,-26.989236999999946],[-51.507644099999936,-26.960148199999935],[-51.514681199999984,-26.963429299999973],[-51.534289299999955,-26.94889969999997],[-51.54085749999996,-26.935151299999973],[-51.52988959999993,-26.87945449999995],[-51.51038429999994,-26.838616699999932],[-51.49480849999998,-26.845638699999938],[-51.487700899999936,-26.859360799999934],[-51.49414349999995,-26.866277399999944],[-51.478591999999935,-26.89805279999996],[-51.477467599999954,-26.926944799999944]]]}},{"id":"4586","type":"Feature","properties":{"COD_IBGE":"4218608","MUNICIPIO":"Trombudo Central","UF":"SC"},"geometry":{"type":"Polygon","coordinates":[[[-49.76214719999996,-27.287127099999964],[-49.75869199999994,-27.31222459999998],[-49.77170369999993,-27.34172579999995],[-49.763923999999975,-27.347307199999932],[-49.76727989999995,-27.375309799999968],[-49.807596099999955,-27.354874999999936],[-49.82491779999998,-27.357611499999962],[-49.83534039999995,-27.347627699999975],[-49.85108029999998,-27.35672219999998],[-49.86459359999998,-27.378284899999983],[-49.87198379999995,-27.349973199999965],[-49.84860189999995,-27.326917299999934],[-49.863202899999976,-27.320473499999935],[-49.865557799999976,-27.311242899999968],[-49.88541829999997,-27.306196399999976],[-49.85684629999997,-27.27821169999993],[-49.829269899999986,-27.26378269999998],[-49.81248839999995,-27.26634409999997],[-49.802264399999956,-27.248287799999957],[-49.79257579999995,-27.25389089999993],[-49.78651849999994,-27.248173399999928],[-49.778406899999936,-27.25178029999995],[-49.77919629999997,-27.26310069999994],[-49.757633399999975,-27.269881399999974],[-49.75329949999997,-27.28236339999995],[-49.76214719999996,-27.287127099999964]]]}},{"id":"4587","type":"Feature","properties":{"COD_IBGE":"4218707","MUNICIPIO":"Tubarão","UF":"SC"},"geometry":{"type":"Polygon","coordinates":[[[-49.00031549999994,-28.55425189999994],[-49.018949599999985,-28.533456799999954],[-49.03010629999994,-28.549905099999933],[-49.05516279999995,-28.559222199999965],[-49.134560599999986,-28.498435099999938],[-49.181743799999936,-28.508733699999937],[-49.18018949999998,-28.498099099999934],[-49.14349109999995,-28.474174799999957],[-49.12217429999998,-28.47467699999993],[-49.12439809999995,-28.454312999999956],[-49.11215709999993,-28.442631499999948],[-49.12347219999998,-28.42019289999996],[-49.138013299999955,-28.410102999999935],[-49.10141799999997,-28.362688899999966],[-49.07053679999996,-28.396689899999956],[-49.06371829999995,-28.391278799999952],[-49.04514169999993,-28.403969699999948],[-49.02533469999997,-28.397284599999978],[-49.010707999999966,-28.416882099999953],[-48.97547199999997,-28.42410719999998],[-48.96763199999998,-28.444690999999978],[-48.98591279999994,-28.459846599999935],[-48.97473499999995,-28.46306919999995],[-48.97546269999998,-28.470906499999955],[-48.951702599999976,-28.48792679999997],[-48.942726499999935,-28.50580549999995],[-48.90214579999997,-28.531726999999933],[-48.94504209999997,-28.59439889999993],[-48.97092879999997,-28.57345259999994],[-48.96381659999997,-28.561981799999955],[-48.97121709999993,-28.552633699999944],[-48.98390049999995,-28.55904739999994],[-49.00031549999994,-28.55425189999994]]]}},{"id":"4588","type":"Feature","properties":{"COD_IBGE":"4218756","MUNICIPIO":"Tunápolis","UF":"SC"},"geometry":{"type":"Polygon","coordinates":[[[-53.675766099999976,-26.946238499999936],[-53.58276369999999,-26.953219099999956],[-53.590313099999946,-26.965427499999976],[-53.573868199999936,-26.961028599999963],[-53.55541009999996,-26.968895199999963],[-53.55099779999995,-26.979358399999967],[-53.559249799999975,-26.99275369999998],[-53.60577459999996,-27.015629799999942],[-53.61035339999995,-27.025639499999954],[-53.62360479999995,-27.018562799999984],[-53.62223679999994,-27.03361629999995],[-53.63708619999994,-27.04430679999996],[-53.67702289999994,-27.028073499999948],[-53.68554139999998,-27.037278499999957],[-53.67897409999995,-27.044474299999933],[-53.69144149999994,-27.045556699999963],[-53.70439499999998,-27.011122299999954],[-53.72262159999997,-27.009300999999937],[-53.74413869999995,-26.99363189999997],[-53.71801889999995,-26.98987399999993],[-53.737543399999936,-26.97444539999998],[-53.72672909999994,-26.959105299999976],[-53.71241889999993,-26.96547369999996],[-53.703076299999964,-26.959379999999953],[-53.70936279999995,-26.933969799999943],[-53.675766099999976,-26.946238499999936]]]}},{"id":"4589","type":"Feature","properties":{"COD_IBGE":"4218806","MUNICIPIO":"Turvo","UF":"SC"},"geometry":{"type":"Polygon","coordinates":[[[-49.60503609999995,-28.907922499999984],[-49.60242869999996,-28.903136399999937],[-49.578054399999985,-28.910543399999938],[-49.55183049999994,-28.900460899999928],[-49.53385279999998,-28.917300499999953],[-49.54761199999996,-28.92644329999996],[-49.57151319999997,-28.924336799999935],[-49.56888699999996,-28.934479799999963],[-49.57909459999996,-28.93060799999995],[-49.582160399999964,-28.93836349999998],[-49.60283059999995,-28.940747199999976],[-49.60576199999997,-28.95233879999995],[-49.622370899999964,-28.955956199999946],[-49.63563199999993,-28.948036299999956],[-49.64804719999995,-28.95882729999994],[-49.637499299999945,-28.972973099999933],[-49.649326299999984,-28.972675699999968],[-49.65590619999995,-28.984146899999928],[-49.695147599999984,-28.966089799999963],[-49.70340339999996,-28.970657699999947],[-49.73994899999997,-28.961238999999978],[-49.74694389999996,-28.951616899999976],[-49.766755599999954,-28.946357999999975],[-49.77130269999998,-28.93877059999994],[-49.76201069999996,-28.917047699999955],[-49.80848329999998,-28.894892599999935],[-49.80941259999997,-28.88723729999998],[-49.82800619999995,-28.891863199999932],[-49.83939299999997,-28.88211649999994],[-49.867751699999985,-28.880011899999943],[-49.74920119999996,-28.831406899999934],[-49.732650099999944,-28.804119299999968],[-49.723100099999954,-28.807237399999963],[-49.67438379999993,-28.87594789999997],[-49.659117599999945,-28.88646719999997],[-49.641096199999936,-28.88709929999993],[-49.639023899999984,-28.90007319999995],[-49.609736199999986,-28.908041899999944],[-49.607821899999976,-28.901741799999968],[-49.60503609999995,-28.907922499999984]]]}},{"id":"4590","type":"Feature","properties":{"COD_IBGE":"4218855","MUNICIPIO":"União do Oeste","UF":"SC"},"geometry":{"type":"Polygon","coordinates":[[[-52.85925069999996,-26.74702179999997],[-52.817210099999954,-26.733967399999983],[-52.80291089999997,-26.75031869999998],[-52.80248389999997,-26.77550569999994],[-52.79166319999996,-26.78918779999998],[-52.80548719999996,-26.796721699999978],[-52.804798699999935,-26.83067099999994],[-52.83409789999996,-26.83555819999998],[-52.85272209999994,-26.810458599999947],[-52.87606189999997,-26.797140299999967],[-52.92112899999995,-26.845661699999937],[-52.929760699999974,-26.833334799999932],[-52.90402709999995,-26.812229599999966],[-52.915507899999966,-26.820432299999936],[-52.917551499999945,-26.80196099999995],[-52.94248769999996,-26.797618299999954],[-52.92891949999995,-26.797939799999938],[-52.92610899999994,-26.78884389999996],[-52.942065699999944,-26.77720759999994],[-52.91237689999997,-26.782865799999968],[-52.87888689999994,-26.754248299999972],[-52.87470349999995,-26.740538699999945],[-52.85925069999996,-26.74702179999997]]]}},{"id":"4591","type":"Feature","properties":{"COD_IBGE":"4218905","MUNICIPIO":"Urubici","UF":"SC"},"geometry":{"type":"Polygon","coordinates":[[[-49.582050299999935,-27.89942659999997],[-49.55728179999994,-27.911518399999977],[-49.51954529999995,-27.91484159999993],[-49.49269909999998,-27.932312899999943],[-49.46659159999996,-27.92737859999994],[-49.43728119999997,-27.942037699999958],[-49.425445399999944,-27.93534399999993],[-49.415103999999985,-27.953171999999938],[-49.38080139999994,-27.942940999999962],[-49.35812459999994,-27.923743399999978],[-49.32874889999994,-27.924157999999977],[-49.31821259999998,-27.904168399999946],[-49.30256919999994,-27.90023689999998],[-49.31238819999993,-27.95859489999998],[-49.30769729999997,-27.96866499999993],[-49.31779329999995,-27.983490699999948],[-49.33890239999994,-27.98737909999994],[-49.35329729999995,-28.00097549999998],[-49.347065999999984,-28.005236199999956],[-49.35367169999995,-28.026586599999973],[-49.37110339999998,-28.045662999999934],[-49.36758949999995,-28.06219939999994],[-49.39150979999994,-28.068253899999945],[-49.396577699999966,-28.08114009999997],[-49.40405519999996,-28.080281699999944],[-49.40108419999996,-28.09834449999994],[-49.38855719999998,-28.10075649999993],[-49.392876899999976,-28.111810299999945],[-49.432304399999964,-28.113853399999982],[-49.44035719999994,-28.132770799999946],[-49.45368019999995,-28.13935269999996],[-49.47549379999998,-28.135007899999948],[-49.470532299999945,-28.126950499999964],[-49.48031839999993,-28.118843199999958],[-49.51042249999995,-28.12800859999993],[-49.54301519999996,-28.125934899999947],[-49.562211099999956,-28.116026199999965],[-49.576243999999974,-28.13128329999995],[-49.577747699999975,-28.150130399999966],[-49.60934869999994,-28.16383479999996],[-49.634058299999936,-28.159373099999982],[-49.660128199999974,-28.185545099999956],[-49.669542099999944,-28.184803399999964],[-49.66595499999994,-28.214115999999933],[-49.671929499999976,-28.230876099999932],[-49.721136599999966,-28.182505099999958],[-49.73536679999995,-28.181363099999942],[-49.75970479999995,-28.15292409999995],[-49.77733159999997,-28.144825699999956],[-49.785112099999935,-28.12763039999993],[-49.79461939999993,-28.12595299999998],[-49.792654899999945,-28.110902099999976],[-49.82836309999993,-28.119040299999938],[-49.82545209999995,-28.10980999999998],[-49.85323159999996,-28.10728759999995],[-49.83899859999997,-28.08519309999997],[-49.822592199999974,-28.078746399999943],[-49.81038669999998,-28.05480069999993],[-49.79040289999995,-28.04717089999997],[-49.770739799999944,-28.024248399999976],[-49.752999099999954,-28.03344199999998],[-49.726708299999984,-28.024720099999968],[-49.71570369999995,-28.02874529999997],[-49.71023569999994,-28.005095599999947],[-49.71671779999997,-27.949935299999936],[-49.70244919999993,-27.917396699999983],[-49.582050299999935,-27.89942659999997]]]}},{"id":"4592","type":"Feature","properties":{"COD_IBGE":"4218954","MUNICIPIO":"Urupema","UF":"SC"},"geometry":{"type":"Polygon","coordinates":[[[-49.89510409999997,-28.093393299999946],[-49.90967929999994,-28.103101299999935],[-49.90728649999994,-28.111503399999947],[-49.926534799999956,-28.09636379999995],[-49.93029279999996,-28.10290939999993],[-49.94156909999998,-28.098728299999948],[-49.94244659999998,-28.11118829999998],[-49.958451199999956,-28.096027299999946],[-49.96872579999996,-28.097843299999965],[-49.97444359999997,-28.10952279999998],[-49.98230369999993,-28.094074899999953],[-49.98875979999997,-28.103855499999952],[-50.00000049999994,-28.098332899999946],[-50.01004979999993,-28.103702399999975],[-50.00113529999993,-28.092300499999965],[-50.00541969999995,-28.087661099999934],[-50.01812369999993,-28.091754899999955],[-50.02307989999997,-28.10261509999998],[-50.05454189999995,-28.093551899999966],[-50.042767399999946,-28.088999299999955],[-50.05337489999994,-28.077812299999948],[-50.040250399999934,-28.06676239999996],[-50.01517519999993,-28.070245799999952],[-50.01757429999998,-28.06094829999995],[-50.01013539999997,-28.056476699999962],[-50.01776399999994,-28.045271199999945],[-50.00709309999996,-28.043922899999927],[-50.011816599999975,-28.034271899999965],[-49.994276799999966,-28.027355399999976],[-50.002580499999965,-28.01814429999996],[-50.00176469999997,-28.003171299999963],[-49.98750239999998,-28.005883899999958],[-49.981268899999975,-27.997344599999963],[-49.96659269999998,-27.99603929999995],[-49.96406579999996,-27.954380499999957],[-49.86559049999994,-27.911472999999944],[-49.84027979999996,-27.936698499999977],[-49.85515359999994,-27.950943799999948],[-49.82276809999996,-27.971185399999968],[-49.80713479999997,-27.965588999999966],[-49.79314259999995,-27.992986599999938],[-49.78290309999994,-28.001223599999946],[-49.77395949999993,-27.99735069999997],[-49.74484689999997,-28.031909999999982],[-49.77076459999995,-28.02426509999998],[-49.79040289999995,-28.04717089999997],[-49.81038669999998,-28.05480069999993],[-49.822592199999974,-28.078746399999943],[-49.83899859999997,-28.08519309999997],[-49.849363799999935,-28.10245629999997],[-49.86960019999998,-28.096674699999937],[-49.87857619999994,-28.11172209999995],[-49.89510409999997,-28.093393299999946]]]}},{"id":"4593","type":"Feature","properties":{"COD_IBGE":"4219002","MUNICIPIO":"Urussanga","UF":"SC"},"geometry":{"type":"Polygon","coordinates":[[[-49.320839099999944,-28.565638599999943],[-49.35038359999999,-28.562360199999944],[-49.385774099999935,-28.57975749999997],[-49.38970779999994,-28.556150999999943],[-49.40151279999998,-28.54606519999993],[-49.401153499999964,-28.525393399999928],[-49.40799569999996,-28.52539969999998],[-49.409916599999974,-28.540711599999952],[-49.42187309999997,-28.540836399999932],[-49.427954099999965,-28.458901599999933],[-49.39381509999998,-28.46333949999996],[-49.367372899999964,-28.43748409999995],[-49.36326219999995,-28.41177639999995],[-49.337751699999956,-28.42186179999993],[-49.32838179999993,-28.40650549999998],[-49.309115599999984,-28.407011299999965],[-49.28832269999998,-28.39566579999996],[-49.28848499999998,-28.412736799999948],[-49.27750949999995,-28.417546899999934],[-49.25963849999994,-28.42129639999996],[-49.238278099999945,-28.413314299999968],[-49.23878949999994,-28.41882879999997],[-49.214157099999966,-28.421965899999975],[-49.235035299999936,-28.44782589999994],[-49.23369109999993,-28.456207999999947],[-49.25537069999996,-28.462600099999975],[-49.256610499999965,-28.474116699999968],[-49.27899089999994,-28.484496299999932],[-49.29026189999996,-28.50383979999998],[-49.26640839999993,-28.53273009999998],[-49.25148279999996,-28.536462599999936],[-49.25665309999994,-28.553211199999964],[-49.24985419999996,-28.56730399999998],[-49.26052709999993,-28.578087599999947],[-49.25420329999997,-28.584524899999963],[-49.25291329999993,-28.58868999999993],[-49.27546389999998,-28.58662039999996],[-49.320839099999944,-28.565638599999943]]]}},{"id":"4594","type":"Feature","properties":{"COD_IBGE":"4219101","MUNICIPIO":"Vargeão","UF":"SC"},"geometry":{"type":"Polygon","coordinates":[[[-52.16293939999997,-26.894352099999935],[-52.20435399999997,-26.866746099999943],[-52.18586949999997,-26.826130999999975],[-52.19822819999996,-26.79560689999994],[-52.17723139999998,-26.792860599999983],[-52.16771769999997,-26.778187199999934],[-52.153264699999966,-26.78310449999998],[-52.123098599999935,-26.725341799999967],[-52.13295449999998,-26.71805829999994],[-52.131402099999946,-26.705216699999937],[-52.14424599999995,-26.69136409999993],[-52.147617699999955,-26.67180179999997],[-52.137013199999956,-26.674447199999975],[-52.13130609999996,-26.686626099999955],[-52.11703829999993,-26.680493699999943],[-52.11065409999998,-26.68873199999996],[-52.10846989999993,-26.67889349999996],[-52.100212699999986,-26.68055039999996],[-52.089265499999954,-26.668596199999968],[-52.09679669999997,-26.677482899999973],[-52.08626309999994,-26.676634299999932],[-52.086724499999946,-26.686779099999967],[-52.07115859999993,-26.677036399999963],[-52.070600999999954,-26.68544389999994],[-52.04986279999997,-26.685165299999937],[-52.05796179999999,-26.691602699999976],[-52.047986599999945,-26.69462889999994],[-52.049342699999954,-26.70172539999993],[-52.06130989999997,-26.71910159999993],[-52.03907189999995,-26.774253899999962],[-52.07588769999995,-26.782303499999955],[-52.103462899999954,-26.77674289999993],[-52.10905359999998,-26.789541999999983],[-52.13350649999995,-26.790433399999984],[-52.14716199999998,-26.802158499999962],[-52.139928399999974,-26.804959699999984],[-52.13648509999996,-26.852765999999974],[-52.114781799999946,-26.85902219999997],[-52.166376799999966,-26.88784469999996],[-52.14144889999994,-26.89955989999993],[-52.14574609999994,-26.929376799999943],[-52.15963709999994,-26.91800939999996],[-52.16293939999997,-26.894352099999935]]]}},{"id":"4595","type":"Feature","properties":{"COD_IBGE":"4219150","MUNICIPIO":"Vargem","UF":"SC"},"geometry":{"type":"Polygon","coordinates":[[[-50.96954389999996,-27.534362899999962],[-51.01818279999998,-27.531331299999977],[-51.041767799999946,-27.504318199999943],[-51.07301289999998,-27.51235719999994],[-51.048159199999986,-27.49357939999993],[-51.056807499999934,-27.46048879999995],[-51.065844399999946,-27.45480859999998],[-51.06489949999997,-27.43964509999995],[-51.08711359999995,-27.439956699999982],[-51.09710769999998,-27.433987699999932],[-51.103675599999974,-27.422879399999943],[-51.079605399999934,-27.418407799999954],[-51.04556379999997,-27.390613499999972],[-51.002715799999976,-27.39430619999996],[-50.99228739999995,-27.402778099999978],[-50.97866819999996,-27.39734549999997],[-50.972528299999965,-27.38056599999993],[-50.94079899999997,-27.38962879999997],[-50.92999329999998,-27.379327199999977],[-50.914438899999936,-27.382721199999935],[-50.908925599999975,-27.375810599999966],[-50.90338069999996,-27.38538269999998],[-50.910839599999974,-27.39257029999993],[-50.896934999999985,-27.400240699999983],[-50.90174129999997,-27.413859599999967],[-50.892300199999966,-27.41762049999994],[-50.89178359999994,-27.428509899999938],[-50.88231939999997,-27.42304409999997],[-50.86898179999997,-27.434806999999978],[-50.85050819999998,-27.427388699999938],[-50.84171589999994,-27.445617399999946],[-50.835595299999966,-27.44130619999993],[-50.83948609999993,-27.429633299999978],[-50.820722099999955,-27.43616469999995],[-50.83365289999995,-27.476154099999974],[-50.80584479999993,-27.483001499999943],[-50.80096489999994,-27.493165499999975],[-50.82569769999998,-27.503593199999955],[-50.83248659999998,-27.51589189999993],[-50.850840199999936,-27.51008289999993],[-50.866473499999984,-27.53188149999994],[-50.86082109999995,-27.544014699999934],[-50.872851099999934,-27.545565799999963],[-50.88601609999995,-27.53611209999997],[-50.89847419999995,-27.561615699999948],[-50.90789599999994,-27.533083499999975],[-50.91905899999995,-27.560937499999966],[-50.95047759999994,-27.550817499999937],[-50.96011989999994,-27.555186399999968],[-50.968670799999984,-27.549066899999957],[-50.96954389999996,-27.534362899999962]]]}},{"id":"4596","type":"Feature","properties":{"COD_IBGE":"4219176","MUNICIPIO":"Vargem Bonita","UF":"SC"},"geometry":{"type":"Polygon","coordinates":[[[-51.86195639999994,-26.984546999999964],[-51.81954379999996,-26.937760099999934],[-51.82767119999994,-26.90750079999998],[-51.81973739999995,-26.90251349999994],[-51.81463659999997,-26.868005799999935],[-51.81797719999997,-26.85190849999998],[-51.82501169999995,-26.850991199999953],[-51.81597029999995,-26.84479319999997],[-51.81443299999995,-26.855033399999968],[-51.80631409999995,-26.850408399999935],[-51.81050589999995,-26.856356199999937],[-51.80348329999998,-26.86539289999996],[-51.802543199999946,-26.858162899999968],[-51.79418489999995,-26.85978319999998],[-51.79638159999996,-26.853143399999965],[-51.77071319999993,-26.85373599999997],[-51.768533599999955,-26.839253799999938],[-51.74938109999994,-26.846571299999937],[-51.747959099999946,-26.84117759999998],[-51.735265099999936,-26.85324899999995],[-51.72762709999995,-26.852564799999982],[-51.728488599999935,-26.84531999999996],[-51.70271239999994,-26.857244899999955],[-51.69453389999995,-26.851255899999956],[-51.69062429999997,-26.88997459999996],[-51.67314399999998,-26.88471089999996],[-51.67080409999994,-26.907023299999935],[-51.686453599999936,-26.914057499999956],[-51.691125399999976,-26.930857199999934],[-51.67037039999997,-26.932580799999982],[-51.66588669999993,-26.92656489999996],[-51.61803919999994,-26.93862669999993],[-51.680615899999964,-26.95785369999993],[-51.69702969999997,-26.98653859999996],[-51.68375199999997,-26.99803739999993],[-51.68403179999996,-27.00803419999994],[-51.70059379999998,-27.004744399999936],[-51.733402799999965,-27.039691999999945],[-51.76449709999997,-27.042660099999978],[-51.75897229999998,-27.051060699999937],[-51.792681399999935,-27.050538399999937],[-51.81007889999995,-27.036802699999953],[-51.80461879999996,-27.03359779999994],[-51.81305749999996,-27.03200959999998],[-51.82123599999994,-27.015432399999952],[-51.86195639999994,-26.984546999999964]]]}},{"id":"4597","type":"Feature","properties":{"COD_IBGE":"4219200","MUNICIPIO":"Vidal Ramos","UF":"SC"},"geometry":{"type":"Polygon","coordinates":[[[-49.35785869999995,-27.473211599999956],[-49.34989019999995,-27.443124299999965],[-49.35754459999998,-27.453377299999943],[-49.36225809999996,-27.43825309999994],[-49.365413099999955,-27.46355609999995],[-49.37216829999994,-27.45713029999996],[-49.385410099999945,-27.47378989999993],[-49.38235759999998,-27.45161449999995],[-49.39644999999996,-27.458442599999955],[-49.404938699999946,-27.448874899999964],[-49.42727009999993,-27.472448499999928],[-49.43557959999998,-27.44657289999998],[-49.46681629999995,-27.44237549999997],[-49.45865599999996,-27.43234819999998],[-49.46986469999996,-27.42454239999995],[-49.46283779999993,-27.408166299999948],[-49.46980199999996,-27.399301899999955],[-49.47029889999993,-27.366324599999928],[-49.45244779999996,-27.35005019999994],[-49.41260379999994,-27.354050299999983],[-49.390809899999965,-27.325425399999972],[-49.36284459999996,-27.32320569999996],[-49.347828799999945,-27.313769099999945],[-49.327718999999945,-27.315306299999975],[-49.320816399999956,-27.32325559999998],[-49.31121319999994,-27.289704099999938],[-49.31702579999995,-27.28563719999994],[-49.299645399999974,-27.268619099999967],[-49.30337919999994,-27.25612019999994],[-49.28616169999998,-27.261208299999964],[-49.27559779999996,-27.24553089999995],[-49.25717709999998,-27.24808029999997],[-49.25278129999998,-27.23761639999998],[-49.22188099999994,-27.231379699999934],[-49.234429999999975,-27.26559059999994],[-49.24776339999994,-27.279457799999932],[-49.242254299999956,-27.292893499999934],[-49.22306779999997,-27.30561599999993],[-49.224082099999976,-27.32123059999998],[-49.27870939999997,-27.334046099999966],[-49.31111329999993,-27.396093399999984],[-49.29592309999998,-27.429295699999955],[-49.29459809999997,-27.444156799999973],[-49.30178659999996,-27.451484299999947],[-49.29249029999994,-27.473629199999948],[-49.32652429999996,-27.52533349999993],[-49.31907119999994,-27.54635399999995],[-49.328111999999976,-27.557124199999976],[-49.32044049999996,-27.574449999999956],[-49.335705099999984,-27.557780199999968],[-49.35077099999995,-27.558765499999936],[-49.362846299999944,-27.55008209999994],[-49.36226179999994,-27.51848819999998],[-49.35036279999997,-27.507250099999965],[-49.35856649999994,-27.501738699999976],[-49.35701899999998,-27.49051529999997],[-49.34330189999997,-27.480150999999978],[-49.350918899999954,-27.47085979999997],[-49.35785869999995,-27.473211599999956]]]}},{"id":"4598","type":"Feature","properties":{"COD_IBGE":"4219309","MUNICIPIO":"Videira","UF":"SC"},"geometry":{"type":"Polygon","coordinates":[[[-51.14222159999997,-27.110834099999977],[-51.14278529999996,-27.09860629999997],[-51.15745909999998,-27.08950969999995],[-51.18369839999997,-27.03294649999998],[-51.20109649999995,-27.02244989999997],[-51.19576909999995,-27.01434169999993],[-51.20556979999998,-26.99337829999996],[-51.215341499999965,-26.991534399999978],[-51.21040439999996,-26.973793199999932],[-51.22264099999995,-26.972419799999955],[-51.21717979999994,-26.960438499999952],[-51.23174009999997,-26.95534269999996],[-51.23177869999995,-26.96166829999993],[-51.25272099999995,-26.96159679999994],[-51.25333699999993,-26.971446799999967],[-51.264191799999935,-26.96657019999998],[-51.25858539999996,-26.942075099999954],[-51.26673889999995,-26.92457849999994],[-51.273780999999985,-26.92921089999993],[-51.28321549999998,-26.92305289999996],[-51.26747309999996,-26.917534899999964],[-51.27505199999996,-26.89965499999994],[-51.28752829999996,-26.895406099999946],[-51.27465489999997,-26.887956199999962],[-51.28532389999998,-26.887608599999965],[-51.278661099999965,-26.879081999999983],[-51.284396699999945,-26.87379679999998],[-51.24470979999995,-26.885770299999933],[-51.241323299999976,-26.87517219999995],[-51.227063999999984,-26.874113199999954],[-51.21320629999997,-26.855330299999935],[-51.189225599999986,-26.85216479999997],[-51.177089199999955,-26.871215099999972],[-51.182862599999964,-26.883981399999982],[-51.17914539999998,-26.916580599999975],[-51.16311589999998,-26.92794129999993],[-51.159802999999954,-26.95441649999998],[-51.151900299999966,-26.95896609999994],[-51.14279009999996,-26.951735999999983],[-51.13734169999998,-26.963862699999936],[-51.125899199999935,-26.961542299999962],[-51.117477399999984,-26.984326099999976],[-51.069489199999964,-26.98030369999998],[-51.06358919999997,-26.98775349999994],[-51.02788749999996,-26.99061409999996],[-51.013479099999984,-27.005668299999968],[-51.00604499999997,-27.035158999999965],[-50.97610759999998,-27.037244699999974],[-50.97054039999995,-27.043744299999958],[-50.973275299999955,-27.083618499999943],[-50.98399219999993,-27.08875759999995],[-50.985720699999945,-27.100314599999933],[-50.992651999999964,-27.098093399999982],[-50.99299569999994,-27.109204499999976],[-51.013302899999985,-27.112667099999953],[-51.008672299999944,-27.12023249999993],[-51.01911999999999,-27.11970219999995],[-51.02067079999995,-27.12692359999994],[-51.04333679999996,-27.120659599999954],[-51.03282349999995,-27.109176099999956],[-51.052403599999934,-27.106791099999953],[-51.05281469999994,-27.09652049999994],[-51.066777499999944,-27.107146299999954],[-51.06363559999994,-27.116828899999973],[-51.076729899999975,-27.11097149999995],[-51.078764099999944,-27.117954599999962],[-51.06966239999997,-27.119662499999947],[-51.07024579999995,-27.124869799999942],[-51.08320999999995,-27.124824599999954],[-51.09945739999995,-27.111690499999952],[-51.088147499999934,-27.095388199999945],[-51.10786589999998,-27.102633399999945],[-51.11457749999994,-27.096392299999934],[-51.121079099999974,-27.10429879999998],[-51.12920939999998,-27.098225199999945],[-51.13572259999995,-27.109259599999973],[-51.12913549999996,-27.113139599999954],[-51.14222159999997,-27.110834099999977]]]}},{"id":"4599","type":"Feature","properties":{"COD_IBGE":"4219358","MUNICIPIO":"Vitor Meireles","UF":"SC"},"geometry":{"type":"Polygon","coordinates":[[[-49.89079149999998,-26.742722999999955],[-49.832137399999965,-26.704847099999938],[-49.80898099999996,-26.713942199999963],[-49.79252249999996,-26.74922049999998],[-49.778811099999984,-26.75385369999998],[-49.772168599999986,-26.77393369999993],[-49.75302099999993,-26.777860799999928],[-49.753941199999986,-26.793767199999934],[-49.705638499999964,-26.84641359999995],[-49.705664999999954,-26.86857699999996],[-49.71905389999995,-26.85869669999994],[-49.75253019999997,-26.884381099999928],[-49.77981609999995,-26.892793799999936],[-49.783848499999976,-26.884788799999967],[-49.78415419999993,-26.894095999999934],[-49.79550089999998,-26.887140199999976],[-49.80503649999997,-26.898099299999956],[-49.82219109999994,-26.892245999999943],[-49.84379339999998,-26.906708899999956],[-49.869032699999934,-26.90951709999996],[-49.872684499999934,-26.917054699999937],[-49.88823529999996,-26.905143099999975],[-49.89330979999994,-26.91247459999994],[-49.92321309999994,-26.91264149999995],[-49.934653399999945,-26.92600619999996],[-49.952489999999955,-26.927539899999942],[-49.958649399999956,-26.91786909999996],[-49.95007449999997,-26.904265799999962],[-49.96170159999997,-26.90138109999998],[-49.956789699999945,-26.89126189999996],[-49.96942229999996,-26.86903159999997],[-49.95539459999998,-26.85304659999997],[-49.950088799999946,-26.80775589999996],[-49.92946829999994,-26.797892499999932],[-49.92843529999993,-26.78935189999993],[-49.90593889999997,-26.787268799999936],[-49.89079149999998,-26.742722999999955]]]}},{"id":"4600","type":"Feature","properties":{"COD_IBGE":"4219408","MUNICIPIO":"Witmarsum","UF":"SC"},"geometry":{"type":"Polygon","coordinates":[[[-49.70904789999997,-26.91796389999996],[-49.73077729999994,-26.96053459999996],[-49.75849859999994,-26.96009719999995],[-49.76239289999995,-26.967626699999983],[-49.77441569999996,-26.962557699999934],[-49.77141289999997,-26.953852299999937],[-49.79305379999994,-26.95436179999996],[-49.78977229999998,-26.942096299999946],[-49.80226719999996,-26.959831099999974],[-49.81931979999996,-26.954908399999965],[-49.81420519999995,-26.942925699999932],[-49.83778419999993,-26.946510899999964],[-49.83948789999994,-26.960384199999964],[-49.847231799999975,-26.959532299999978],[-49.84767889999995,-26.947714899999937],[-49.86024119999996,-26.94910139999996],[-49.86201229999995,-26.973673299999973],[-49.87276149999997,-26.95069509999996],[-49.88618679999996,-26.960101599999973],[-49.88114809999996,-26.985573399999964],[-49.89044149999995,-26.978426199999944],[-49.89286509999994,-26.960801999999944],[-49.90026679999994,-26.96850919999997],[-49.90429379999995,-26.961903199999938],[-49.91415929999994,-26.96392129999998],[-49.909788499999934,-26.979948299999933],[-49.91617309999998,-26.99340079999996],[-49.89618749999994,-26.99696119999993],[-49.92349409999997,-27.001703599999928],[-49.94630479999995,-26.994709799999953],[-49.96031679999993,-26.95683239999994],[-49.95561909999998,-26.93040389999993],[-49.934653399999945,-26.92600619999996],[-49.92321309999994,-26.91264149999995],[-49.89330979999994,-26.91247459999994],[-49.88823529999996,-26.905143099999975],[-49.872684499999934,-26.917054699999937],[-49.869032699999934,-26.90951709999996],[-49.84379339999998,-26.906708899999956],[-49.82219109999994,-26.892245999999943],[-49.80503649999997,-26.898099299999956],[-49.79550089999998,-26.887140199999976],[-49.78415419999993,-26.894095999999934],[-49.78894809999997,-26.889864099999954],[-49.781937899999946,-26.884522199999935],[-49.78027149999997,-26.892746199999976],[-49.769394799999986,-26.888808499999982],[-49.758590099999935,-26.903916599999945],[-49.70904789999997,-26.91796389999996]]]}},{"id":"4601","type":"Feature","properties":{"COD_IBGE":"4219507","MUNICIPIO":"Xanxerê","UF":"SC"},"geometry":{"type":"Polygon","coordinates":[[[-52.312599199999966,-26.86934009999993],[-52.29499189999996,-26.887699099999963],[-52.30778729999997,-26.899645499999963],[-52.32113459999994,-26.943133199999977],[-52.35515309999994,-26.942936799999927],[-52.34505249999995,-26.959072099999958],[-52.351759899999934,-26.97049469999996],[-52.37028689999994,-26.967676599999947],[-52.377188599999954,-26.973058099999946],[-52.37436619999994,-26.982861399999933],[-52.383492399999966,-26.97680939999998],[-52.394741599999975,-26.987725799999964],[-52.39326159999996,-26.998114999999927],[-52.404751499999975,-26.989623799999947],[-52.42668639999994,-27.012152699999945],[-52.44084749999996,-26.99299149999996],[-52.45265269999993,-26.99508019999996],[-52.45768389999995,-26.954192899999953],[-52.48071559999994,-26.921538599999963],[-52.47865029999997,-26.893839699999944],[-52.46636539999997,-26.89231579999995],[-52.47319669999996,-26.849224899999967],[-52.52853639999995,-26.830195199999935],[-52.53479829999998,-26.80895959999998],[-52.506177899999955,-26.794102099999975],[-52.52227389999996,-26.789496399999962],[-52.52149439999994,-26.77543579999997],[-52.49876109999997,-26.78853799999996],[-52.50264419999996,-26.776709299999936],[-52.49272849999994,-26.769352499999968],[-52.49965759999998,-26.75445499999995],[-52.48970829999996,-26.76385199999993],[-52.46713649999998,-26.76610809999994],[-52.461215299999935,-26.751252699999952],[-52.44139839999997,-26.749038499999983],[-52.43083089999993,-26.75304589999996],[-52.42945019999996,-26.76778239999993],[-52.44025179999994,-26.77127329999996],[-52.420438299999944,-26.781201299999964],[-52.42090409999997,-26.79310099999998],[-52.40916969999995,-26.78992329999994],[-52.40877079999996,-26.782262699999933],[-52.36991869999997,-26.794255799999974],[-52.35515749999996,-26.784789799999942],[-52.339598999999964,-26.79390639999997],[-52.33713689999996,-26.808386199999973],[-52.32533089999998,-26.812102099999947],[-52.32237209999994,-26.83294159999997],[-52.30740019999996,-26.845388499999956],[-52.312599199999966,-26.86934009999993]]]}},{"id":"4602","type":"Feature","properties":{"COD_IBGE":"4219606","MUNICIPIO":"Xavantina","UF":"SC"},"geometry":{"type":"Polygon","coordinates":[[[-52.34481469999997,-27.08497239999997],[-52.39985089999993,-27.09024039999997],[-52.40354529999996,-27.034455599999944],[-52.413313399999936,-27.034958399999937],[-52.41702449999997,-27.000884199999973],[-52.404751499999975,-26.989623799999947],[-52.39353339999997,-26.99832179999993],[-52.394741599999975,-26.987725799999964],[-52.383492399999966,-26.97680939999998],[-52.37436619999994,-26.982861399999933],[-52.377188599999954,-26.973058099999946],[-52.37026289999994,-26.967664399999933],[-52.351759899999934,-26.97049469999996],[-52.34505249999995,-26.959072099999958],[-52.355084499999975,-26.942905999999937],[-52.339451699999984,-26.94310859999996],[-52.33953079999998,-26.964061499999957],[-52.31372689999995,-26.975637499999948],[-52.30909339999994,-26.953489699999977],[-52.29156429999995,-26.961596399999962],[-52.281215799999984,-26.946475299999975],[-52.26631119999996,-26.959882299999947],[-52.25952069999994,-26.94607439999993],[-52.26429469999994,-26.943824099999972],[-52.25459459999996,-26.93819919999993],[-52.24248239999997,-26.953040099999953],[-52.23381269999993,-26.947270599999968],[-52.251377899999966,-27.06862239999998],[-52.31247119999995,-27.09109959999995],[-52.344531899999936,-27.09068919999993],[-52.34481469999997,-27.08497239999997]]]}},{"id":"4603","type":"Feature","properties":{"COD_IBGE":"4219705","MUNICIPIO":"Xaxim","UF":"SC"},"geometry":{"type":"Polygon","coordinates":[[[-52.513604199999975,-27.08458879999995],[-52.55250179999996,-27.070708799999977],[-52.562586099999976,-27.059588799999972],[-52.554001899999946,-27.059452299999975],[-52.55698019999994,-27.05434619999994],[-52.57218839999996,-27.051317299999937],[-52.57186789999997,-27.03959549999996],[-52.58846669999997,-27.02917949999994],[-52.58465629999995,-26.973799699999972],[-52.593811899999935,-26.981375899999932],[-52.59052529999997,-26.961891399999956],[-52.631510299999945,-26.92136389999996],[-52.61636239999996,-26.90718309999994],[-52.63576649999993,-26.87904839999993],[-52.62282869999996,-26.874477299999967],[-52.62080109999994,-26.864845599999967],[-52.60735209999996,-26.885520799999938],[-52.58769259999997,-26.893301699999938],[-52.55726999999996,-26.885474199999976],[-52.55263519999994,-26.87496559999994],[-52.526815699999986,-26.877558799999974],[-52.470470999999975,-26.856770799999936],[-52.46636539999997,-26.89231579999995],[-52.47865029999997,-26.893839699999944],[-52.48071559999994,-26.921538599999963],[-52.45768389999995,-26.954192899999953],[-52.45136059999999,-26.992490499999974],[-52.46659909999994,-27.01451049999997],[-52.46180339999995,-27.026879699999938],[-52.43549049999996,-27.031395199999963],[-52.45077569999995,-27.03696149999996],[-52.44490949999994,-27.05161039999996],[-52.45133549999997,-27.057593899999972],[-52.460438899999986,-27.043261899999948],[-52.47924739999996,-27.04550649999993],[-52.458637299999964,-27.07807589999993],[-52.47912549999995,-27.07312079999997],[-52.48844479999997,-27.090715099999954],[-52.51553299999995,-27.094777499999964],[-52.513604199999975,-27.08458879999995]]]}},{"id":"4604","type":"Feature","properties":{"COD_IBGE":"4219853","MUNICIPIO":"Zortéa","UF":"SC"},"geometry":{"type":"Polygon","coordinates":[[[-51.56175209999998,-27.46060609999995],[-51.55382179999998,-27.39877409999997],[-51.51996889999998,-27.38764169999996],[-51.482182999999964,-27.39842779999998],[-51.467562499999985,-27.388552799999957],[-51.46235109999998,-27.40175729999993],[-51.469149399999935,-27.406048599999963],[-51.47055849999998,-27.430781099999933],[-51.46493919999995,-27.43432189999993],[-51.44583679999994,-27.42148229999998],[-51.44898519999998,-27.429809199999966],[-51.43998069999998,-27.437984599999936],[-51.44695199999995,-27.464138499999933],[-51.46291169999995,-27.466838699999983],[-51.46808459999994,-27.48225249999996],[-51.49832989999993,-27.484456199999954],[-51.49345979999998,-27.49632409999998],[-51.50689049999994,-27.509779799999933],[-51.507039099999986,-27.530158899999947],[-51.523221999999976,-27.52637919999995],[-51.522130499999946,-27.53476839999996],[-51.53421709999998,-27.538338599999975],[-51.56712749999997,-27.58432929999998],[-51.58738279999994,-27.56562679999996],[-51.57997119999993,-27.523617599999966],[-51.593920999999966,-27.524405599999966],[-51.61498369999998,-27.545389099999966],[-51.63113169999997,-27.54146309999993],[-51.619493499999976,-27.500282399999946],[-51.63257859999993,-27.488607999999942],[-51.62856429999994,-27.47920579999993],[-51.60876559999997,-27.48882489999994],[-51.597532299999955,-27.485519199999942],[-51.59218549999997,-27.47483959999994],[-51.58222579999995,-27.47595199999995],[-51.57415759999998,-27.46354299999996],[-51.56175209999998,-27.46060609999995]]]}},{"id":"4605","type":"Feature","properties":{"COD_IBGE":"4220000","MUNICIPIO":"Balneário Rincão","UF":"SC"},"geometry":{"type":"Polygon","coordinates":[[[-49.211028899999974,-28.76921889999994],[-49.18865409999995,-28.80396209999998],[-49.29010949999997,-28.88316679999997],[-49.32961859999995,-28.864927399999942],[-49.25364069999995,-28.802467599999943],[-49.240120099999956,-28.777251099999944],[-49.211028899999974,-28.76921889999994]]]}}]}