{"type":"FeatureCollection","features":[{"id":"0","type":"Feature","properties":{"UF":"AC"},"geometry":{"type":"Polygon","coordinates":[[[-69.42369169999995,-10.926678099999947],[-69.71589959999994,-10.976803999999959],[-69.76967249999996,-10.92947229999993],[-69.93366279999998,-10.92111319999998],[-70.15814759999995,-11.04227229999998],[-70.30847869999997,-11.070597199999952],[-70.43763509999997,-11.039139599999942],[-70.52943619999996,-10.931074999999964],[-70.62100659999999,-10.999641099999963],[-70.62364049999996,-9.820392499999969],[-70.53629259999997,-9.765802699999938],[-70.52467529999996,-9.714535099999978],[-70.58522419999997,-9.640382999999929],[-70.60026062999998,-9.557816927999966],[-70.55351509099995,-9.570882857999948],[-70.56768788399995,-9.531355558999962],[-70.51548136799994,-9.502172670999926],[-70.49562765599995,-9.423595079999927],[-70.59571160399997,-9.441240882999978],[-70.66246373899997,-9.526379936999945],[-70.75029803799998,-9.560329645999957],[-70.79309268299994,-9.638521418999972],[-70.96345452899999,-9.748204216999966],[-70.99417923399994,-9.817205147999971],[-71.16300899999999,-9.875320899999963],[-71.21084499999995,-9.966390099999956],[-71.30795929999994,-9.991996299999926],[-71.34845599999994,-9.973112699999945],[-71.37741669999997,-9.999999999999943],[-72.18045279999996,-9.999999999999943],[-72.14067479999994,-9.87751389999994],[-72.15098219999999,-9.798927399999968],[-72.26867299999998,-9.749355699999967],[-72.25363209999995,-9.616444699999931],[-72.28900499999997,-9.602333299999941],[-72.28174699999994,-9.542421799999943],[-72.31887409999996,-9.543490499999962],[-72.35447489999996,-9.495469199999945],[-72.51803869999998,-9.491638499999965],[-72.71974349999994,-9.411656899999969],[-73.21189719999995,-9.411669399999937],[-73.10077879999994,-9.30419859999995],[-73.08658889999998,-9.244483299999956],[-72.99505869999996,-9.194318199999941],[-73.01636759999997,-9.176563699999974],[-72.95267769999998,-9.12856899999997],[-72.93631279999994,-8.989488199999926],[-72.99480739999996,-8.919846399999926],[-73.05622379999994,-8.906902199999934],[-73.15536779999996,-8.707719199999929],[-73.24784719999997,-8.687341699999934],[-73.34144829999997,-8.615736699999957],[-73.33536789999994,-8.467147799999964],[-73.39444719999995,-8.467280499999958],[-73.41237119999994,-8.410600899999963],[-73.53695139999996,-8.345482299999958],[-73.53640219999994,-8.26988179999995],[-73.59524999999996,-8.206577799999934],[-73.58533709999995,-8.122821699999974],[-73.62689449999993,-8.02148829999993],[-73.67596939999999,-8.007805599999926],[-73.69761119999998,-7.96019629999995],[-73.73125669999996,-7.968007899999975],[-73.77200529999999,-7.9019850999999335],[-73.76720549999999,-7.860905599999967],[-73.68712779999998,-7.8540305999999305],[-73.68380989999997,-7.776054899999963],[-73.82167269999997,-7.717497199999968],[-73.98333939999998,-7.566191899999978],[-73.98761189999993,-7.531264199999953],[-73.94751189999994,-7.5262281999999345],[-73.91931379999994,-7.465291899999954],[-73.96344979999998,-7.347253399999943],[-73.87649859999993,-7.382271299999957],[-73.82959249999993,-7.336531099999945],[-73.75538919999997,-7.346499799999947],[-73.69980919999995,-7.303908699999965],[-73.71380919999996,-7.233858599999962],[-73.80155809999997,-7.111824399999932],[-72.58476559999997,-7.552004199999942],[-70.05497929999996,-7.845149099999958],[-68.64718639999995,-9.049416599999972],[-67.51688199999995,-9.560906699999975],[-67.32581719999996,-9.59238149999993],[-66.62367999999998,-9.903881399999932],[-66.63700529999994,-9.949853099999928],[-66.66307099999995,-9.936952599999927],[-66.83798179999997,-10.08329939999993],[-66.87449209999994,-10.08128709999994],[-66.95353679999994,-10.189002999999957],[-66.99692819999996,-10.19920609999997],[-67.01578149999995,-10.258731199999943],[-67.12578689999998,-10.290404199999955],[-67.17779019999995,-10.339400599999976],[-67.31595889999994,-10.318735299999958],[-67.31082179999999,-10.377386399999978],[-67.35287609999995,-10.393316899999945],[-67.40684889999994,-10.372627399999942],[-67.43648329999996,-10.447906899999964],[-67.59452189999996,-10.52157189999997],[-67.64090329999993,-10.599390899999946],[-67.67561109999997,-10.605161099999975],[-67.70845679999996,-10.711054599999954],[-67.86444499999993,-10.64067289999997],[-68.03312319999998,-10.655790399999944],[-68.10538059999993,-10.715205599999933],[-68.10402609999994,-10.776763199999948],[-68.19612779999994,-10.858592199999975],[-68.23815089999994,-10.956830199999956],[-68.38468439999997,-11.01814109999998],[-68.39812899999998,-11.052069399999937],[-68.48718609999997,-11.050875299999973],[-68.54297139999994,-11.111355499999945],[-68.71611959999996,-11.145561499999928],[-68.76620259999999,-11.065785099999971],[-68.75812829999995,-10.99955609999995],[-68.84659829999998,-10.991751999999963],[-68.91045369999995,-11.022129999999947],[-69.07165439999994,-10.96681639999997],[-69.12093199999998,-10.981088099999965],[-69.32539949999995,-10.935647899999935],[-69.37461259999998,-10.956414999999936],[-69.42369169999995,-10.926678099999947]]]}},{"id":"1","type":"Feature","properties":{"UF":"AL"},"geometry":{"type":"MultiPolygon","coordinates":[[[[-37.13573459999998,-9.913394299999936],[-37.24110609999997,-9.895448899999963],[-37.28521989999996,-9.830628899999965],[-37.412562599999944,-9.761559199999965],[-37.57768399999998,-9.736807799999951],[-37.70947479999995,-9.63029899999998],[-37.78612679999998,-9.638913099999968],[-37.89246549999996,-9.539796799999976],[-37.98933019999998,-9.52735869999998],[-38.077759699999945,-9.441106699999978],[-38.20476419999994,-9.418674299999964],[-38.194475599999976,-9.384934599999951],[-38.237589999999955,-9.329794499999934],[-38.09228729999995,-9.172724999999957],[-37.97856289999993,-9.147661999999968],[-37.83909859999994,-8.978381199999944],[-37.82462879999997,-8.885957299999973],[-37.75536189999997,-8.846363699999927],[-37.67191669999994,-8.974499999999978],[-37.69793309999994,-8.991093899999953],[-37.637666699999954,-9.003777799999966],[-37.531065799999965,-8.959961699999951],[-37.410991699999954,-9.009283399999958],[-37.247081599999945,-9.179018399999961],[-37.23434149999997,-9.240175399999941],[-37.19831519999997,-9.21548249999995],[-37.158946699999944,-9.239101699999935],[-37.16433569999998,-9.275705499999958],[-37.09067249999998,-9.246362099999942],[-37.05758439999994,-9.31754019999994],[-36.946487599999955,-9.383022399999959],[-36.91582049999994,-9.299020799999937],[-36.871261199999935,-9.26808479999994],[-36.56746909999998,-9.332134799999949],[-36.571839599999976,-9.292582799999934],[-36.43700379999996,-9.212100199999952],[-36.353602499999965,-9.220121699999936],[-36.30979159999998,-9.172362799999974],[-36.26244459999998,-9.171277299999929],[-36.26839089999993,-9.10392429999996],[-36.111491899999976,-9.017673099999968],[-36.124260299999946,-8.95358779999998],[-35.89620059999993,-8.854268299999944],[-35.84251509999996,-8.872924999999952],[-35.79507519999993,-8.847685099999978],[-35.74839899999995,-8.917151699999977],[-35.47012469999993,-8.813126699999941],[-35.455818299999976,-8.840958899999976],[-35.155982999999935,-8.902769299999932],[-35.35530749999998,-9.256887999999947],[-35.65087669999997,-9.568620899999928],[-35.696122199999934,-9.666227899999967],[-35.74734019999994,-9.674133799999936],[-35.80587109999993,-9.715918199999976],[-36.04571699999997,-10.07507929999997],[-36.27609879999994,-10.280276499999957],[-36.38958199999996,-10.500035299999979],[-36.45985919999998,-10.409475199999974],[-36.56021909999998,-10.41870709999995],[-36.571825599999954,-10.316147199999932],[-36.62263919999998,-10.255251699999974],[-36.70161769999993,-10.270404299999939],[-36.82634669999993,-10.21118729999995],[-36.94569549999994,-10.087362799999937],[-36.96672309999997,-9.988130199999944],[-37.06240479999997,-9.982519699999955],[-37.13573459999998,-9.913394299999936]],[[-35.74574499999994,-9.608396899999946],[-35.74580759999998,-9.608437699999968],[-35.74562729999997,-9.608322599999951],[-35.74574499999994,-9.608396899999946]]],[[[-35.75838559999994,-9.693641899999932],[-35.76044049999996,-9.694834899999933],[-35.75791359999994,-9.692749099999958],[-35.75838559999994,-9.693641899999932]]]]}},{"id":"2","type":"Feature","properties":{"UF":"AM"},"geometry":{"type":"Polygon","coordinates":[[[-67.51732349999997,-9.560706799999934],[-68.64718639999995,-9.049416599999972],[-70.05497929999996,-7.845149099999958],[-72.58476559999997,-7.552004199999942],[-73.80155809999997,-7.111824399999932],[-73.72678239999993,-7.022523299999932],[-73.75289159999994,-6.9330728999999565],[-73.64280579999996,-6.762148999999965],[-73.51641609999996,-6.677349899999967],[-73.38069139999999,-6.635022799999945],[-73.35449139999997,-6.594915899999933],[-73.21296399999994,-6.57783859999995],[-73.13841609999997,-6.4979763999999705],[-73.10886559999994,-6.410031299999957],[-73.25024759999997,-6.144940399999939],[-73.23746859999994,-6.032190999999955],[-73.18902219999995,-5.999236099999962],[-73.15696369999995,-5.869416199999932],[-73.05548849999997,-5.789110199999925],[-72.96177569999998,-5.654578599999979],[-72.95690909999996,-5.46540779999998],[-72.86075139999997,-5.270752699999946],[-72.88793609999993,-5.163573099999951],[-72.81592509999996,-5.139368799999943],[-72.81847799999997,-5.102436099999977],[-72.74025339999997,-5.088684099999966],[-72.72768159999998,-5.051402199999927],[-72.62185679999999,-5.05132999999995],[-72.59892889999998,-4.983822699999962],[-72.52128229999994,-4.959353399999941],[-72.52002989999994,-4.932523899999978],[-72.48096579999998,-4.9518873999999755],[-72.45114989999996,-4.91624319999994],[-72.47080239999997,-4.891870199999971],[-72.41459049999997,-4.900925799999925],[-72.37099849999998,-4.805553399999951],[-72.32461289999998,-4.813693799999953],[-72.32401079999994,-4.778001399999937],[-72.27820309999998,-4.770101899999929],[-72.27194129999998,-4.798280099999943],[-72.14053939999997,-4.711626099999933],[-72.12447539999994,-4.733325699999966],[-72.04165669999998,-4.622961099999941],[-72.00456749999995,-4.644781099999932],[-71.99543969999996,-4.610196599999938],[-71.94756079999996,-4.608992399999977],[-71.92029779999996,-4.530045199999961],[-71.88552059999995,-4.538185599999963],[-71.90690709999996,-4.515209499999969],[-71.86610889999997,-4.527492299999949],[-71.78600579999994,-4.483659599999953],[-71.76563079999994,-4.503287999999941],[-71.74992799999995,-4.468173599999943],[-71.70807019999995,-4.510464999999954],[-71.65920379999994,-4.5019633999999655],[-71.65226769999998,-4.4729180999999585],[-71.65043729999996,-4.503986399999974],[-71.61556379999996,-4.468101299999944],[-71.63459009999997,-4.511356099999944],[-71.60329299999995,-4.529467199999942],[-71.53583389999994,-4.463031699999931],[-71.49363879999999,-4.484996199999955],[-71.50625879999996,-4.437117399999977],[-71.48405339999994,-4.457781399999931],[-71.47851409999998,-4.433697399999971],[-71.41228329999996,-4.436587499999973],[-71.43624679999994,-4.476952199999971],[-71.38819939999996,-4.425882199999933],[-71.34465559999995,-4.426701099999946],[-71.30852969999995,-4.4629714999999806],[-71.32100519999995,-4.4192831999999385],[-71.27702789999995,-4.440573399999948],[-71.27418599999999,-4.385902899999962],[-71.22187569999994,-4.408011899999963],[-71.20154889999998,-4.379351999999926],[-71.19615409999994,-4.424629799999934],[-71.14839559999996,-4.381013799999948],[-71.11660479999995,-4.41010719999997],[-71.10856079999996,-4.37865359999995],[-71.07662549999998,-4.397005599999943],[-71.05152999999996,-4.368538399999977],[-71.03823569999997,-4.402014999999949],[-70.98924899999997,-4.381784499999981],[-70.99387309999997,-4.344213599999932],[-70.93800649999997,-4.3831751999999256],[-70.84704909999994,-4.280618199999935],[-70.86210339999997,-4.249161599999979],[-70.81621039999999,-4.228377699999953],[-70.84435279999997,-4.21837899999997],[-70.75902669999994,-4.158667599999944],[-70.68189469999999,-4.206911299999945],[-70.66879569999998,-4.143043699999964],[-70.65073379999995,-4.164278599999932],[-70.62209509999997,-4.126690399999973],[-70.63250919999996,-4.181384599999944],[-70.56575339999995,-4.173248599999965],[-70.57222149999996,-4.211284299999932],[-70.55220689999999,-4.13679929999995],[-70.50863869999995,-4.150630499999977],[-70.50538429999995,-4.19964989999994],[-70.48492229999994,-4.16067849999996],[-70.43378749999994,-4.161614099999952],[-70.43277049999995,-4.1313888999999335],[-70.37549309999997,-4.135700999999926],[-70.33729469999997,-4.1790657999999326],[-70.32094129999996,-4.142738599999973],[-70.27855279999994,-4.23056669999994],[-70.30747619999994,-4.258228999999972],[-70.28811259999998,-4.287966099999949],[-70.24775799999998,-4.273199299999931],[-70.25814159999999,-4.309577299999944],[-70.21300719999994,-4.29893949999996],[-70.19360279999995,-4.361042599999962],[-70.15210899999994,-4.329154599999981],[-70.15769999999998,-4.276578899999947],[-70.12015229999997,-4.284948799999938],[-70.10992059999995,-4.256576799999948],[-70.09649319999994,-4.28778879999993],[-70.04073849999997,-4.293968899999925],[-70.07933109999993,-4.3129983999999695],[-70.04307269999998,-4.33238369999998],[-70.04319449999997,-4.374553999999932],[-69.95454899999999,-4.294488099999967],[-69.45749719999998,-1.4934756999999763],[-69.39998989999998,-1.3707264999999325],[-69.43126529999995,-1.2330455999999685],[-69.39570949999995,-1.1326011999999537],[-69.44340599999998,-1.0366030999999793],[-69.42166029999998,-1.0004332999999406],[-69.52354729999996,-0.929736299999945],[-69.56310549999995,-0.8122929999999542],[-69.62637849999999,-0.7497492999999622],[-69.56429909999997,-0.6398086999999464],[-69.60496509999996,-0.6000016999999502],[-69.61546859999999,-0.5063030999999683],[-69.84488459999994,-0.345796499999949],[-69.92315949999994,-0.3315148999999451],[-70.05743319999993,-0.18677649999995083],[-70.04649529999995,0.562150000000031],[-70.00538369999998,0.5444188000000736],[-69.97874689999998,0.5779744000000733],[-69.93619469999999,0.5527894000000515],[-69.91627039999997,0.5901807000000758],[-69.80266569999998,0.5715614000000642],[-69.67134829999998,0.6679616000000692],[-69.60574189999994,0.6129634000000692],[-69.59755109999998,0.6543169000000262],[-69.48098509999994,0.7349793000000204],[-69.35297539999993,0.6137820000000715],[-69.28963989999994,0.649961400000052],[-69.29573299999998,0.6040030000000343],[-69.23078589999994,0.5983793000000333],[-69.18377559999993,0.6542021000000204],[-69.11567199999996,0.6439536000000317],[-69.18763119999994,0.7323543000000541],[-69.14759619999995,0.7684338000000253],[-69.16731399999998,0.8432798000000616],[-69.13844639999996,0.8827555000000302],[-69.18555359999993,0.8990373000000318],[-69.16444969999998,0.9402035000000524],[-69.21818939999997,0.9731266000000574],[-69.19829179999994,1.0010153000000628],[-69.24421149999995,1.0564169000000447],[-69.37535179999998,1.0894548000000555],[-69.42719359999995,1.043905900000027],[-69.44010729999997,1.0745424000000412],[-69.61271529999993,1.0987743000000592],[-69.68412519999998,1.0717447000000675],[-69.70507169999996,1.1188817000000313],[-69.81077799999997,1.0632642000000487],[-69.84657659999993,1.07792900000004],[-69.84025829999996,1.7187285000000543],[-69.78262809999995,1.6926013000000353],[-69.74515939999998,1.7296608000000333],[-69.62845759999993,1.7233526000000552],[-69.53436019999998,1.7769843000000378],[-69.39324379999994,1.7267279000000713],[-68.15681269999993,1.7316353000000504],[-68.18772669999998,1.7846605000000295],[-68.23659069999997,1.7725223000000483],[-68.23367499999995,1.8299145000000294],[-68.26690259999998,1.82733630000007],[-68.24325589999995,1.92674640000007],[-68.18291819999996,1.9787960000000453],[-68.14069469999998,1.9847824000000287],[-68.08752649999997,1.9013133000000266],[-67.94129479999998,1.8307309000000487],[-67.91298689999996,1.8978188000000387],[-67.85970669999995,1.9201715000000377],[-67.76897539999999,2.0393175000000383],[-67.61983149999998,2.0236732000000757],[-67.54010729999999,2.1558868000000757],[-67.38926079999999,2.244011100000023],[-67.34348689999996,2.205479900000057],[-67.28676079999997,1.8885998000000654],[-67.15705009999994,1.8488441000000648],[-67.09738159999995,1.7326009000000226],[-67.07233099999996,1.4426041000000396],[-67.08816019999995,1.166896700000052],[-66.85693309999994,1.2302063000000203],[-66.31647949999996,0.7361421000000519],[-66.21297289999995,0.7806478000000538],[-66.15108759999998,0.7444720000000302],[-66.08852999999993,0.7590606000000548],[-66.07005579999998,0.805058400000064],[-65.96442679999996,0.8094749000000547],[-65.87972099999996,0.9326946000000476],[-65.77414659999994,0.9590753000000518],[-65.73942089999997,0.9995908000000213],[-65.58555829999995,1.0089346000000319],[-65.49364779999996,0.8821023000000423],[-65.59136739999997,0.7216110000000526],[-65.54053139999996,0.6487900000000195],[-65.42358669999999,0.7079645000000596],[-65.39553489999997,0.7582378000000745],[-65.41303149999999,0.8157176000000277],[-65.32914009999996,0.9315675000000283],[-65.18247769999994,0.9224414000000252],[-65.14727719999996,1.0093460000000505],[-65.16947389999996,1.0184616000000233],[-65.15505759999996,1.1249728000000232],[-65.10308579999997,1.1566564000000312],[-65.07124809999993,1.1534238000000414],[-65.06133749999998,1.1117494000000647],[-65.02224899999999,1.1149409000000219],[-64.96080659999996,1.230179200000066],[-64.93524709999997,1.2112988000000655],[-64.89830809999995,1.2526481000000445],[-64.86858029999996,1.231871300000023],[-64.80330939999993,1.3105007000000342],[-64.76386109999999,1.230769500000065],[-64.72913949999997,1.2345898000000375],[-64.70191419999998,1.2913088000000243],[-64.59079999999994,1.3374136000000476],[-64.52802969999993,1.4440840000000321],[-64.43858549999999,1.4718185000000403],[-64.39746739999998,1.526836200000048],[-64.34885779999996,1.5020836000000486],[-64.39997289999997,1.3948723000000314],[-64.33802209999993,1.363523500000042],[-64.30219529999994,1.4682845000000384],[-64.09524499999998,1.6171068000000446],[-64.06135579999994,1.7016127000000552],[-64.06191559999996,1.9307373000000325],[-63.99552459999995,1.9798974000000271],[-63.898578999999984,1.9924365000000535],[-63.83718539999995,1.9651490000000535],[-63.74051929999996,1.9996624000000338],[-63.703300499999955,2.0462687000000415],[-63.66802099999995,2.016882800000076],[-63.61746189999997,2.1065552000000594],[-63.42108179999997,2.131319000000076],[-63.37208909999998,2.2118617000000427],[-63.27635139999995,2.1543897000000243],[-63.16545959999996,2.1803134000000455],[-63.05356809999995,2.028889700000036],[-62.838571499999944,2.0163864000000444],[-62.70602939999998,1.93972320000006],[-62.72373179999994,1.7123987000000511],[-62.80528229999999,1.5913457000000335],[-62.63550589999994,1.4318199000000504],[-62.545240099999944,1.1207622000000583],[-62.52108789999994,1.0838159000000473],[-62.47162089999995,1.0862816000000635],[-62.44358429999994,0.9682418000000439],[-62.48607389999995,0.8665337000000477],[-62.45773509999998,0.7851979000000711],[-62.537190599999974,0.6851474000000621],[-62.53300859999996,0.5088084000000208],[-62.51866129999996,0.4437009000000671],[-62.48524599999996,0.4540804000000662],[-62.44637129999995,0.37911380000002737],[-62.46829029999998,0.27575320000005377],[-62.42177349999997,0.09784320000005664],[-62.336603999999966,0.021567000000061398],[-62.319794799999954,-0.09634119999992663],[-62.24156399999998,-0.1704672999999275],[-62.24806279999996,-0.2963392999999428],[-62.18691289999998,-0.3255929999999694],[-62.20152319999994,-0.3867203999999447],[-62.280462599999964,-0.4433274999999526],[-62.267367099999944,-0.46922449999993887],[-62.307239899999956,-0.508118599999932],[-62.29287399999998,-0.6477151999999364],[-62.36988319999995,-0.6678457999999523],[-62.357007599999974,-0.7023655999999505],[-62.40298839999997,-0.722398099999964],[-62.48662729999995,-0.6814672999999516],[-62.51023769999995,-0.7589684999999804],[-62.39579729999997,-0.8203566999999339],[-62.29384719999996,-0.9481296999999245],[-62.20385179999994,-0.9828516999999692],[-62.12551769999993,-1.0373018999999317],[-62.099681499999974,-1.0967432999999573],[-62.03162309999993,-1.1264628999999786],[-61.89662389999995,-1.3953552999999488],[-61.79021239999997,-1.3789672999999425],[-61.624404899999945,-1.438689199999942],[-61.47467759999995,-1.5789672999999311],[-61.47329099999996,-1.5278496999999334],[-61.516482199999984,-1.5024302999999577],[-61.53829409999997,-1.4334041999999272],[-61.61912149999995,-1.3947976999999696],[-61.58217519999994,-1.353407299999958],[-61.628849499999944,-1.3014677999999549],[-61.570716499999946,-1.182776399999966],[-61.57785059999998,-1.0799871999999482],[-61.54286419999994,-1.062203899999929],[-61.54266869999998,-0.9927307999999471],[-61.57941429999994,-0.9833502999999268],[-61.58273699999995,-0.9369362999999566],[-61.53836869999998,-0.8482104999999365],[-61.535632299999975,-0.7544011999999611],[-61.46517079999995,-0.660199099999943],[-61.234045299999934,-0.5619396999999253],[-61.22309979999994,-0.49988539999992554],[-61.09751989999995,-0.49900589999992917],[-60.99480829999993,-0.561060199999929],[-60.93363089999997,-0.5478675999999609],[-60.91965589999995,-0.6203775999999266],[-60.80717149999998,-0.6942547999999533],[-60.806194199999936,-0.7400853999999413],[-60.77120779999996,-0.7560624999999277],[-60.76496539999994,-0.8598020999999676],[-60.669119199999955,-0.8879443999999808],[-60.58800529999996,-0.8432879999999727],[-60.530101799999954,-0.8672285999999758],[-60.474861299999986,-0.7615957999999523],[-60.42633959999995,-0.7711721999999668],[-60.311460899999986,-0.7184526999999434],[-60.31527229999995,-0.6364650999999526],[-60.38153149999994,-0.5884835999999609],[-60.40557249999995,-0.515435699999955],[-60.29255059999997,-0.294625999999937],[-60.30344729999996,-0.21033689999995886],[-60.221160699999984,-0.14197679999995216],[-60.23930139999993,-0.11230439999997088],[-60.21188879999994,-0.03939969999993309],[-60.13258289999993,0.027690200000051846],[-60.133609099999944,0.10347780000006424],[-60.059082899999964,0.16299690000005285],[-60.03796859999994,0.26354550000002064],[-58.89546479999996,0.26351030000006403],[-58.873095199999966,-0.3437210999999252],[-58.72528239999997,-0.43831909999994423],[-58.709010699999965,-0.5458642999999483],[-58.73784029999996,-0.6178368999999293],[-58.70759369999996,-0.6784728999999743],[-58.44000349999993,-0.8742030999999315],[-58.44904329999997,-0.9354216999999494],[-58.410440999999935,-0.9805165999999303],[-58.42891149999997,-1.0286155999999664],[-58.32126459999995,-1.1456231999999318],[-58.255884899999955,-1.1308203999999478],[-58.154003999999986,-1.2326796999999488],[-58.12361069999997,-1.1641387999999324],[-58.017332099999976,-1.1036084999999503],[-57.96578079999995,-1.169317299999932],[-57.99871499999995,-1.331286499999976],[-57.95787709999996,-1.403462099999956],[-57.82281769999997,-1.4386819999999716],[-57.77998859999997,-1.5100238999999647],[-57.71206799999993,-1.5033318999999778],[-57.678400899999986,-1.5946736999999302],[-57.60070749999994,-1.5721560999999724],[-57.52184139999997,-1.6292066999999406],[-57.52589709999995,-1.6553380999999376],[-57.40246719999993,-1.676633699999968],[-57.39237689999993,-1.724792099999945],[-57.304861899999935,-1.7327532999999562],[-57.25863679999998,-1.6968544999999722],[-57.20068439999994,-1.735292999999956],[-57.166772899999955,-1.7188333999999372],[-57.16423199999997,-1.7685047999999597],[-57.06095849999997,-1.810873499999957],[-57.02841519999998,-1.9180237999999576],[-56.98835089999994,-1.90716029999993],[-56.84995619999995,-2.0201717999999573],[-56.738966999999946,-2.017009499999972],[-56.72138219999994,-2.0591743999999608],[-56.768539199999964,-2.165751999999941],[-56.68985139999995,-2.208940299999938],[-56.61291319999998,-2.2101712999999563],[-56.52706529999995,-2.1391951999999606],[-56.41388279999995,-2.175949599999967],[-56.375062699999944,-2.1387776999999346],[-56.32595699999996,-2.145767699999965],[-56.228377199999954,-2.0562203999999724],[-56.09865049999996,-2.026944599999979],[-56.09374064599996,-1.9984334639999588],[-56.097557999999935,-2.037133199999971],[-56.10241629999996,-2.0480179999999564],[-56.18118049999998,-2.1605649999999628],[-56.384315699999945,-2.2704753999999525],[-56.46559479999996,-2.4231150999999613],[-56.40210719999993,-2.4565167999999744],[-58.25525589999995,-6.4541174999999384],[-58.32705619999996,-6.500373999999965],[-58.478471199999944,-6.699613599999964],[-58.481755599999985,-6.781421699999953],[-58.434555899999964,-6.908806499999969],[-58.20952399999999,-7.134262599999943],[-58.13699989999998,-7.356408099999953],[-58.213059999999984,-7.458534699999973],[-58.20217059999993,-7.620854299999962],[-58.28054569999995,-7.706457199999932],[-58.29405579999997,-7.771540499999958],[-58.38474169999995,-7.843989099999931],[-58.28636409999996,-8.088477499999954],[-58.322464199999956,-8.17003939999995],[-58.31489309999995,-8.323060099999964],[-58.41995719999994,-8.50218149999995],[-58.38951829999996,-8.594792499999926],[-58.43730059999996,-8.703352499999937],[-58.326224399999944,-8.72003239999998],[-58.395339399999955,-8.780334599999946],[-61.58313479999998,-8.798689099999933],[-61.630554899999936,-8.721958399999949],[-61.713274199999944,-8.68785269999995],[-61.77460559999997,-8.748228899999958],[-61.83650079999995,-8.732722599999931],[-61.85974859999993,-8.852973299999974],[-61.98522189999994,-8.878606299999944],[-62.031060999999966,-8.79971009999997],[-62.124971699999946,-8.801671099999965],[-62.20053059999998,-8.64429279999996],[-62.17664249999996,-8.636919699999964],[-62.18838839999995,-8.590558699999974],[-62.268888499999946,-8.575758599999972],[-62.29328289999995,-8.59599099999997],[-62.28130409999994,-8.638589899999943],[-62.33577759999997,-8.609484599999973],[-62.36508229999998,-8.39102209999993],[-62.465474599999936,-8.33973999999995],[-62.52613599999995,-8.383054499999957],[-62.56191899999993,-8.284006699999964],[-62.64994599999994,-8.237026199999946],[-62.68299899999994,-8.180565499999943],[-62.69228009999995,-8.092908299999976],[-62.84505569999993,-7.986531299999967],[-63.62124909999994,-7.976531699999953],[-63.66989769999998,-8.121743199999969],[-63.74703439999996,-8.198583199999973],[-63.72276139999997,-8.249498999999958],[-63.773508299999946,-8.320732799999973],[-63.87075939999994,-8.288819599999954],[-63.944122499999935,-8.33118769999993],[-63.977895399999966,-8.420132899999942],[-63.94083839999996,-8.452263999999957],[-63.97450459999993,-8.487238099999956],[-63.92456869999995,-8.575525399999947],[-63.94595389999995,-8.60948529999996],[-63.98620969999996,-8.585633899999948],[-64.02786919999994,-8.71566619999993],[-64.12459479999995,-8.71671379999998],[-64.14306709999994,-8.743031499999972],[-64.14343339999994,-8.953532399999972],[-64.31131849999997,-8.99647079999994],[-64.32339959999996,-8.92886059999995],[-64.61107399999997,-9.01645179999997],[-64.83932419999996,-8.994111399999952],[-64.91726679999994,-9.043141099999957],[-64.93607789999999,-9.255811199999926],[-65.09784999999994,-9.432515799999976],[-65.18546319999996,-9.42703169999993],[-65.20802519999995,-9.28563319999995],[-65.24666139999994,-9.257663599999944],[-65.38521089999995,-9.338031099999967],[-65.44701839999993,-9.316376399999967],[-65.43471579999994,-9.466332999999963],[-65.49280119999997,-9.47366379999994],[-65.59677549999998,-9.413865199999975],[-65.67943519999994,-9.451392899999973],[-65.72354809999996,-9.559056599999963],[-65.79152199999999,-9.585644399999978],[-65.97030059999997,-9.41316009999997],[-66.12389079999997,-9.408779399999958],[-66.17363279999995,-9.43441869999998],[-66.26780399999996,-9.409763399999974],[-66.30749749999995,-9.436845299999959],[-66.40885839999999,-9.40694659999997],[-66.39241429999998,-9.500480099999947],[-66.50061339999996,-9.633564199999967],[-66.60944869999997,-9.664898499999936],[-66.72538969999994,-9.75607249999996],[-66.77536359999993,-9.753091299999937],[-66.81025309999995,-9.818045899999959],[-67.32581719999996,-9.59238149999993],[-67.51732349999997,-9.560706799999934]]]}},{"id":"3","type":"Feature","properties":{"UF":"AP"},"geometry":{"type":"MultiPolygon","coordinates":[[[[-51.21156579999996,-0.11855809999997291],[-51.33900969999996,-0.2845769999999561],[-51.457788499999936,-0.5132339999999544],[-51.59553619999997,-0.6504377999999633],[-51.679204899999945,-0.7852518999999347],[-51.687230399999976,-1.0360098999999536],[-51.778399399999955,-1.14041229999998],[-51.88728589999994,-1.1663970999999265],[-51.925955999999985,-1.132315799999958],[-51.95587619999998,-1.1696745999999507],[-51.98533409999993,-1.1214453999999705],[-51.98797949999994,-1.1675910999999246],[-52.05506429999997,-1.1769499999999766],[-52.07045899999997,-1.2359840999999392],[-52.10987189999997,-1.2181158999999298],[-52.12026229999998,-1.1461979999999699],[-52.33298789999998,-1.1158914999999752],[-52.358155599999975,-1.0625843999999347],[-52.42473729999995,-1.0526098999999363],[-52.43954459999998,-0.9347460999999271],[-52.40315799999996,-0.8771482999999307],[-52.45551789999996,-0.8302660999999603],[-52.543839299999945,-0.8515391999999338],[-52.49715219999996,-0.7229461999999671],[-52.52501549999994,-0.5853397999999288],[-52.62918599999995,-0.593847799999935],[-52.66776429999993,-0.5441366999999673],[-52.70268219999997,-0.459232199999974],[-52.67915179999994,-0.42367479999995794],[-52.68881899999997,-0.30413639999994757],[-52.85154309999996,-0.15016079999998055],[-52.932743699999946,-0.14230729999997038],[-52.97729259999994,0.023796300000071824],[-53.174049999999966,0.3743047000000388],[-53.153489399999955,0.5764646000000653],[-53.10629799999998,0.6839820000000714],[-53.411494199999936,0.9293442000000596],[-53.45954509999996,1.1275347000000693],[-53.399878899999976,1.1584090000000629],[-53.426520799999935,1.2427210000000741],[-53.53899289999998,1.212426100000073],[-53.52332749999994,1.2613389000000552],[-53.56263339999998,1.306581900000026],[-53.53854769999998,1.3408611000000406],[-53.65096659999995,1.3362233000000288],[-53.64683269999995,1.4076247000000421],[-53.67055039999997,1.3719895000000406],[-53.71146109999995,1.3839631000000736],[-53.717188299999975,1.43176260000007],[-53.73232669999993,1.3862888000000453],[-53.80399339999997,1.423524900000075],[-53.80705029999996,1.3918028000000504],[-53.85033949999996,1.3918412000000444],[-53.88562989999997,1.4024623000000247],[-53.895998099999986,1.4551258000000757],[-53.93830409999998,1.435462800000039],[-53.928763499999945,1.4691791000000762],[-53.99746779999998,1.4757713000000763],[-54.00904929999996,1.5196647000000212],[-54.08646609999994,1.4882968000000574],[-54.117526199999986,1.5581747000000519],[-54.101999999999975,1.590630400000066],[-54.143663699999934,1.6406120000000328],[-54.182217899999955,1.6580748000000654],[-54.19110379999995,1.6249093000000698],[-54.309304399999974,1.7410503000000404],[-54.37772209999997,1.763687100000027],[-54.508554799999956,1.7482740000000376],[-54.57091019999996,1.7844550000000368],[-54.74477909999996,1.77580080000007],[-54.75444129999994,1.9705986000000735],[-54.81283199999996,2.0628137000000493],[-54.76311089999996,2.202319100000068],[-54.81142029999995,2.2663780000000315],[-54.80755999999997,2.3416749000000436],[-54.87625019999996,2.426694400000031],[-54.74403239999998,2.471486200000072],[-54.684918799999934,2.446823800000061],[-54.69208679999997,2.361396300000024],[-54.66224909999994,2.326987000000031],[-54.60169309999998,2.337166100000047],[-54.43657919999998,2.209886700000027],[-54.18907909999996,2.178827500000068],[-53.94235779999997,2.2423966000000632],[-53.936305199999936,2.2969834000000446],[-53.90780719999998,2.2740012000000434],[-53.88391679999995,2.316336900000067],[-53.81485269999996,2.3170187000000624],[-53.83499779999994,2.339659900000072],[-53.767219899999986,2.378923400000076],[-53.72346619999996,2.3540702000000238],[-53.748775199999955,2.3128114000000437],[-53.54094239999995,2.2572541000000683],[-53.45868239999999,2.261102400000027],[-53.46965819999997,2.2888329000000454],[-53.40507809999997,2.297529500000053],[-53.338180799999975,2.3535989000000654],[-53.22951429999995,2.2653623000000493],[-53.279798899999946,2.223338100000035],[-53.27918489999996,2.1859880000000658],[-53.09954869999996,2.2142811000000506],[-52.98389359999993,2.1672709000000623],[-52.90311649999995,2.1861785000000395],[-52.85854159999997,2.281422100000043],[-52.66098509999995,2.373590800000045],[-52.61847679999994,2.4748359000000733],[-52.55206019999997,2.5200208000000544],[-52.527222999999935,2.583253700000057],[-52.555544199999986,2.6395447000000445],[-52.422240999999985,2.8910104000000274],[-52.377193499999976,2.9161691000000474],[-52.39346349999994,2.946252300000026],[-52.32594459999996,3.0778089000000364],[-52.35288619999994,3.126987100000065],[-52.33128659999994,3.170871200000022],[-52.19083389999997,3.296737000000064],[-51.98827219999998,3.6277233000000706],[-51.972605699999974,3.7054668000000675],[-51.922716299999934,3.7231018000000518],[-51.92061759999996,3.780095000000074],[-51.79864139999995,3.8869539000000373],[-51.77762489999998,3.9745539000000463],[-51.65606539999993,4.053905100000065],[-51.61891129999998,4.20982250000003],[-51.67918419999995,4.366093800000044],[-51.637634899999966,4.508817100000044],[-51.48588159999997,4.437178700000061],[-51.331840099999965,4.30579860000006],[-51.20397839999998,4.125109500000065],[-51.17929779999997,3.9194963000000484],[-51.08303089999998,3.894951200000037],[-51.08177479999995,3.5595385000000306],[-51.109308699999985,3.4506267000000435],[-51.03282249999995,3.213689000000045],[-51.04441039999995,3.134003900000039],[-50.95420729999995,2.837236800000028],[-50.84772099999998,2.6403442000000723],[-50.82701029999998,2.512770600000067],[-50.77037259999997,2.4534216000000697],[-50.681866799999966,2.1334028000000558],[-50.60374589999998,2.0730336000000307],[-50.58266009999994,1.98963260000005],[-50.44483879999996,1.8150358000000324],[-50.16575859999995,1.8130306000000473],[-49.929222299999935,1.6992715000000658],[-49.87764359999994,1.4649102000000198],[-49.90426949999994,1.2955915000000573],[-49.887606999999946,1.0229341000000431],[-49.98901399999994,0.939515100000051],[-49.98837809999998,0.874844600000074],[-50.097361999999976,0.7670499000000746],[-50.22039369999993,0.743122200000073],[-50.226021799999955,0.6962486000000467],[-50.34723649999995,0.6668437000000722],[-50.43137489999998,0.6057215000000724],[-50.55614799999995,0.30671730000005937],[-50.66819749999996,0.18503450000002886],[-50.76195609999996,0.12097800000003645],[-50.946239899999966,0.06270930000005137],[-51.07593069999996,-0.08373249999993959],[-51.21156579999996,-0.11855809999997291]]],[[[-50.42967949999996,2.111751600000048],[-50.36183599999998,2.0599538000000734],[-50.31694339999996,1.9553956000000312],[-50.42550819999997,1.8670172000000207],[-50.521230199999934,2.0054291000000717],[-50.504209199999934,2.0940301000000545],[-50.42967949999996,2.111751600000048]]],[[[-50.494377499999985,2.1826582000000485],[-50.44093079999993,2.1665131000000315],[-50.42263349999996,2.1184624000000554],[-50.50939779999993,2.1013571000000297],[-50.55309919999996,2.1513497000000257],[-50.494377499999985,2.1826582000000485]]]]}},{"id":"4","type":"Feature","properties":{"UF":"BA"},"geometry":{"type":"MultiPolygon","coordinates":[[[[-42.26479649999993,-15.12517859999997],[-42.442939199999955,-15.061319799999978],[-42.43680039999998,-15.022715999999946],[-42.58718959999993,-14.93023439999996],[-42.626491699999974,-14.945146199999954],[-42.72335979999997,-14.885612399999957],[-42.927052999999944,-14.744140199999947],[-42.93965869999994,-14.70762149999996],[-43.24505489999996,-14.656511099999932],[-43.43488899999994,-14.723038299999928],[-43.46969829999995,-14.78734849999995],[-43.52975699999996,-14.815944799999954],[-43.58061639999994,-14.750813899999969],[-43.859200999999985,-14.674298799999974],[-43.88578659999996,-14.635425699999928],[-43.87483359999993,-14.52454709999995],[-43.78401659999997,-14.337178799999947],[-43.99764959999993,-14.265404399999966],[-44.03462099999996,-14.28902839999995],[-44.11259439999998,-14.258728299999973],[-44.13561699999997,-14.282185399999946],[-44.215332599999954,-14.233180699999934],[-44.24750529999994,-14.260118299999931],[-44.31784989999994,-14.240744799999959],[-44.56556519999998,-14.340059999999937],[-44.701292999999964,-14.449788099999978],[-44.83323819999998,-14.499827799999935],[-44.843386599999974,-14.58083819999996],[-45.03951139999998,-14.67985109999995],[-45.082772699999964,-14.748766699999976],[-45.205573699999945,-14.744738899999959],[-45.45599429999993,-14.954260699999963],[-45.56425369999994,-14.943601899999976],[-45.72218419999996,-15.112771899999927],[-45.825390599999935,-15.116376499999944],[-45.87124699999998,-15.158810899999935],[-45.953749699999946,-15.139529099999947],[-46.077081799999974,-15.264681799999948],[-46.120722299999954,-15.195194899999933],[-46.050415699999974,-15.167681199999947],[-45.96625349999994,-14.977067599999941],[-46.03937849999994,-14.875251499999933],[-45.998752999999965,-14.770814299999927],[-46.02796909999995,-14.681007499999964],[-45.98951499999998,-14.658844999999928],[-45.97530829999994,-14.538929799999949],[-46.01900309999996,-14.47207119999996],[-46.01018369999997,-14.425695699999949],[-45.93264289999996,-14.409859299999937],[-45.90715529999994,-14.355189799999948],[-45.99542809999997,-14.25615769999996],[-46.05293649999993,-14.244790999999964],[-46.06104829999998,-14.19548459999993],[-46.101882899999964,-14.208318299999974],[-46.11814089999996,-14.159949299999937],[-46.18599249999994,-14.155591699999945],[-46.224392199999954,-14.105027599999971],[-46.220065999999974,-13.975422799999933],[-46.26419029999994,-13.94743509999995],[-46.232474699999955,-13.848607399999935],[-46.28149549999995,-13.795109499999967],[-46.22293679999996,-13.76540289999997],[-46.262857199999985,-13.734817299999975],[-46.23560329999998,-13.709850199999948],[-46.26363289999995,-13.691392999999948],[-46.16274539999995,-13.603642099999945],[-46.18725509999996,-13.575419299999965],[-46.24745249999995,-13.578660399999933],[-46.20896389999996,-13.46556279999993],[-46.249522499999955,-13.431308899999976],[-46.135473099999956,-13.375524199999973],[-46.06827549999997,-13.295441799999935],[-46.103219399999944,-13.257510199999956],[-46.31790199999995,-13.305227799999955],[-46.29518079999997,-13.141874499999972],[-46.33578879999993,-13.097657899999945],[-46.27553379999995,-13.020213299999966],[-46.12466359999996,-12.959820399999955],[-46.10464399999995,-12.924925499999972],[-46.33007629999997,-12.957851699999935],[-46.27351619999996,-12.831551499999932],[-46.31207839999996,-12.798209799999938],[-46.26808049999994,-12.716156799999965],[-46.30407829999996,-12.714942199999939],[-46.305715599999985,-12.688526199999956],[-46.263927199999955,-12.65829309999998],[-46.31040419999994,-12.642677999999933],[-46.27578459999995,-12.594430599999953],[-46.290524199999936,-12.58270049999993],[-46.30294559999993,-12.581668999999977],[-46.30728309999995,-12.578130099999953],[-46.30756739999998,-12.576747799999964],[-46.19821299999995,-12.503958799999964],[-46.27262449999995,-12.514598399999954],[-46.282095399999946,-12.415987799999982],[-46.31554889999995,-12.463430399999936],[-46.340543699999955,-12.452298499999927],[-46.34036179999998,-12.414442299999962],[-46.28988359999994,-12.376652999999976],[-46.37741579999994,-12.352774999999951],[-46.344533199999944,-12.302820099999963],[-46.38484329999994,-12.29671849999994],[-46.36500559999996,-12.217020299999945],[-46.410214199999984,-12.198634399999946],[-46.38109369999995,-12.181075199999952],[-46.40649049999996,-12.157013899999981],[-46.37154379999998,-12.123229099999946],[-46.398591299999964,-12.091443399999946],[-46.38442229999998,-12.051756299999965],[-46.479799699999944,-12.047359099999937],[-46.40023619999994,-12.024812999999938],[-46.315490299999965,-11.941992999999968],[-46.180039799999975,-11.907091199999968],[-46.282231499999966,-11.918201299999964],[-46.370658299999945,-11.889589899999976],[-46.38113449999997,-11.837692299999958],[-46.35056309999993,-11.83737549999995],[-46.32801009999997,-11.771373499999982],[-46.36093619999997,-11.77895129999996],[-46.34367729999997,-11.76008749999994],[-46.378545299999985,-11.74852089999996],[-46.33669219999996,-11.739567099999931],[-46.30773469999997,-11.686440699999935],[-46.34019449999994,-11.639584299999967],[-46.39569709999995,-11.642527499999971],[-46.384870399999954,-11.625204399999973],[-46.24433669999996,-11.605228199999942],[-46.22469529999995,-11.639688099999944],[-46.15721769999993,-11.65149619999994],[-46.144485799999984,-11.624347399999976],[-46.08089419999993,-11.624011199999927],[-46.34814129999995,-11.506600699999979],[-46.44021289999995,-11.520883999999967],[-46.524055499999974,-11.463634299999967],[-46.53202129999994,-11.37466569999998],[-46.57725289999996,-11.360487299999932],[-46.55220289999994,-11.262798999999973],[-46.34155789999994,-10.939012299999945],[-46.26726629999996,-10.934802299999944],[-46.26053699999994,-10.812037399999952],[-46.22644509999998,-10.78293709999997],[-46.20619899999997,-10.800466599999936],[-46.14970489999996,-10.635910799999976],[-45.82125129999997,-10.458073999999954],[-45.798184599999956,-10.323247299999935],[-45.726889599999936,-10.312535699999955],[-45.699576099999945,-10.259686199999976],[-45.72348389999996,-10.155412699999943],[-45.603176099999985,-10.10798219999998],[-45.52110989999994,-10.28029799999996],[-45.43032249999993,-10.359462999999948],[-45.395994299999984,-10.445025199999975],[-45.447256299999935,-10.50742299999996],[-45.432425999999964,-10.630555199999947],[-45.24805189999995,-10.821967399999949],[-45.07323569999994,-10.840422599999954],[-44.93121789999998,-10.928756299999975],[-44.85966259999998,-10.883179299999938],[-44.844298899999956,-10.900032799999963],[-44.746086799999944,-10.777580299999954],[-44.66768469999994,-10.760056599999928],[-44.66662169999995,-10.682342199999937],[-44.58490439999997,-10.629350899999963],[-44.500505199999964,-10.649701899999968],[-44.336842899999965,-10.548535799999968],[-44.26401979999997,-10.62466999999998],[-44.13436999999993,-10.637100399999952],[-44.07211369999993,-10.579927699999928],[-44.02776529999994,-10.412473999999975],[-43.918305799999985,-10.42904029999994],[-43.779088599999966,-10.180468399999938],[-43.76603449999993,-10.080057099999976],[-43.69291489999995,-10.077395399999943],[-43.662131399999964,-10.009544199999937],[-43.70903529999998,-9.913219499999968],[-43.65324499999997,-9.839055299999927],[-43.78492179999995,-9.762384999999938],[-43.84969319999993,-9.54805239999996],[-43.76972879999994,-9.44205119999998],[-43.68575899999996,-9.41779379999997],[-43.47539339999997,-9.26183999999995],[-43.427823099999955,-9.272586899999965],[-43.27876919999994,-9.424574699999937],[-43.21429009999997,-9.399648299999967],[-43.19169899999997,-9.420431299999962],[-43.11961919999993,-9.37189799999993],[-43.05694319999998,-9.41913539999996],[-42.97341959999994,-9.407134499999927],[-42.94624879999998,-9.518413099999975],[-42.87330129999998,-9.563867999999957],[-42.83713869999997,-9.55037189999996],[-42.82055279999997,-9.619230399999935],[-42.769957199999965,-9.619182099999932],[-42.719881199999975,-9.530688399999974],[-42.621720599999946,-9.54133749999994],[-42.58863189999994,-9.497350799999936],[-42.493091799999945,-9.494900399999949],[-42.48906889999995,-9.46203719999994],[-42.44058419999993,-9.456171199999972],[-42.316076599999974,-9.316612299999974],[-42.02467759999996,-9.24975969999997],[-41.91793309999997,-9.278466199999968],[-41.83796579999995,-9.242271999999957],[-41.80007029999996,-9.14802659999998],[-41.73518409999997,-9.094699799999944],[-41.72648289999995,-9.016360899999938],[-41.60579469999993,-8.957403899999974],[-41.544520999999975,-8.96054909999998],[-41.38125149999996,-8.707272399999965],[-41.28153759999998,-8.736100399999941],[-41.22697849999997,-8.704702099999963],[-41.11370969999996,-8.70379719999994],[-41.12456929999996,-8.75267359999998],[-41.03623449999998,-8.785875899999951],[-41.02124089999995,-8.843560899999943],[-40.919237099999975,-8.83717699999994],[-40.80887149999995,-9.093689499999925],[-40.66739569999993,-9.159059199999945],[-40.68598789999993,-9.276368199999979],[-40.756421899999964,-9.315032299999928],[-40.74267149999997,-9.400712899999974],[-40.776750499999935,-9.454451399999925],[-40.62316569999996,-9.482897399999956],[-40.52911469999998,-9.413901599999974],[-40.46775509999998,-9.420568099999969],[-40.423659499999985,-9.353464999999971],[-40.37141529999997,-9.378716699999927],[-40.33886549999994,-9.359891799999957],[-40.25579099999993,-9.06322339999997],[-40.129894899999954,-9.11030459999995],[-40.06556309999996,-9.063065199999926],[-39.958034699999985,-9.048591599999952],[-39.87345639999995,-8.934038699999974],[-39.892957699999954,-8.82879399999996],[-39.69319639999998,-8.798675699999933],[-39.671713599999975,-8.77758149999994],[-39.69113169999997,-8.66231289999996],[-39.59522629999998,-8.65120589999998],[-39.40952329999993,-8.538900099999978],[-39.28410589999993,-8.565867899999944],[-39.228521899999976,-8.710315299999934],[-39.16871279999998,-8.691504499999951],[-39.03757719999993,-8.734690899999975],[-38.951933199999985,-8.80466819999998],[-38.804069899999945,-8.78918109999995],[-38.70654349999995,-8.862260599999956],[-38.653726699999936,-8.983899999999949],[-38.610276899999974,-8.957328299999972],[-38.57284539999995,-8.832348999999965],[-38.50243949999998,-8.835356199999978],[-38.46987139999993,-8.874688899999967],[-38.51981109999997,-8.947582799999964],[-38.48404279999994,-9.001021699999967],[-38.408458199999984,-9.03850129999995],[-38.32353999999998,-8.990009199999974],[-38.29640249999994,-9.022851399999979],[-38.31949339999994,-9.138229299999978],[-38.194475599999976,-9.384934599999951],[-38.20476419999994,-9.418674299999964],[-38.077759699999945,-9.441106699999978],[-37.99794939999998,-9.499283299999945],[-38.06170969999994,-9.590908699999943],[-38.05562349999997,-9.632201399999929],[-38.008961399999976,-9.649058299999979],[-38.04503829999993,-9.697454899999968],[-37.99997049999996,-9.81432609999996],[-38.00350009999994,-9.905513799999937],[-37.95543239999995,-9.942999899999961],[-37.907625199999984,-9.910880499999962],[-37.825967799999944,-10.036583599999972],[-37.79090059999993,-10.032706699999949],[-37.802014499999984,-10.112447399999951],[-37.74709079999997,-10.238072699999975],[-37.76866199999995,-10.28919609999997],[-37.743312799999956,-10.338390699999934],[-37.839047999999934,-10.378820399999938],[-37.859609199999966,-10.427119799999957],[-37.812605099999985,-10.50724699999995],[-37.841231499999935,-10.554793599999925],[-37.806318999999974,-10.600527399999976],[-37.80863039999997,-10.687632099999973],[-37.966259899999955,-10.758100599999977],[-38.041683999999975,-10.700693999999942],[-38.209167599999944,-10.711869699999966],[-38.24500899999998,-10.822641499999975],[-38.228168299999936,-10.914183899999955],[-38.18061559999995,-10.942767199999935],[-38.170045399999935,-10.98899549999993],[-38.101999199999966,-11.015894499999945],[-38.05718069999995,-11.172085299999935],[-37.973748599999965,-11.193688799999961],[-37.986742299999946,-11.272095899999954],[-38.01476309999998,-11.285723399999938],[-37.97781729999997,-11.392659699999967],[-37.94316209999994,-11.424576199999933],[-37.90543889999998,-11.408144799999945],[-37.898896399999956,-11.438361399999962],[-37.88238039999993,-11.42470469999995],[-37.86608259999997,-11.427098399999977],[-37.81228859999993,-11.517019999999945],[-37.675950899999975,-11.568493799999942],[-37.65027269999996,-11.516430999999955],[-37.52006759999995,-11.54930349999995],[-37.34114669999997,-11.442336499999954],[-37.690766199999985,-12.108264199999951],[-38.04677379999998,-12.634609499999954],[-38.34269349999994,-12.950774999999965],[-38.46874699999995,-13.014881699999933],[-38.64333869999996,-13.015313099999958],[-38.929186399999935,-13.218357999999967],[-38.95782809999997,-13.267586299999948],[-38.95584309999998,-13.37974749999995],[-38.946240399999965,-13.398923299999979],[-38.909347999999966,-13.379129699999964],[-38.89153699999997,-13.45195519999993],[-38.933503299999984,-13.555435099999954],[-38.89146999999997,-13.65279099999998],[-38.97146879999997,-13.672084499999926],[-38.997656699999936,-13.747560799999974],[-38.927692899999954,-13.939845899999966],[-39.065003399999966,-14.708515699999964],[-38.997590499999944,-14.986716299999955],[-38.99306199999995,-15.294155299999943],[-38.93485549999997,-15.665390299999956],[-38.85283929999997,-15.849354099999971],[-38.95204949999993,-16.096952699999974],[-38.94810669999998,-16.15566649999994],[-39.01106379999993,-16.245785799999965],[-39.00877319999995,-16.374921099999938],[-39.06172879999997,-16.43406649999997],[-39.10401179999997,-16.699018099999932],[-39.14164549999998,-16.76145729999996],[-39.141962099999944,-16.868441299999972],[-39.106641699999955,-16.89680519999996],[-39.151459099999954,-16.94224889999998],[-39.21206189999998,-17.16126079999998],[-39.193928599999936,-17.582424599999968],[-39.13580029999997,-17.690252699999974],[-39.20805199999995,-17.747345999999936],[-39.27114609999995,-17.86638039999997],[-39.364441599999964,-17.89075399999996],[-39.48081689999998,-17.98489969999997],[-39.62705959999994,-18.216057499999977],[-39.669494499999985,-18.348490099999935],[-40.22235059999997,-17.980417399999965],[-40.26354749999996,-17.922023299999978],[-40.17412729999995,-17.851561199999935],[-40.22079659999997,-17.737247399999944],[-40.280361899999946,-17.72278659999995],[-40.34670139999997,-17.61199929999998],[-40.35465809999994,-17.644272299999955],[-40.414469199999985,-17.610096399999975],[-40.41068429999996,-17.568227299999933],[-40.46041489999993,-17.568502199999955],[-40.52057899999994,-17.44481129999997],[-40.62347509999995,-17.40598069999993],[-40.59866439999996,-17.389636499999938],[-40.60902519999996,-17.32696839999994],[-40.54775089999998,-17.28370629999995],[-40.572249899999974,-17.251372799999956],[-40.57141429999996,-17.06388549999997],[-40.49120549999998,-16.88448999999997],[-40.41571669999996,-16.899500599999953],[-40.366484999999955,-16.87417229999994],[-40.33152299999995,-16.908027299999958],[-40.281637099999955,-16.901183599999968],[-40.24690709999993,-16.84573949999998],[-40.25780249999997,-16.80654099999998],[-40.34549359999994,-16.787267499999928],[-40.275490099999956,-16.573417699999936],[-40.15789739999997,-16.579454899999973],[-40.17078109999994,-16.523621999999932],[-40.09866409999995,-16.42121009999994],[-40.06918299999995,-16.460725699999955],[-39.991101999999955,-16.31273429999993],[-39.96667269999995,-16.32720919999997],[-39.916678299999944,-16.283842799999945],[-39.936521099999936,-16.245780799999977],[-39.85682889999998,-16.113824799999975],[-39.935686199999964,-16.023747899999933],[-39.91479789999994,-15.999993399999937],[-40.00443649999994,-16.001838199999952],[-40.06619469999998,-15.960208299999977],[-40.084996599999954,-15.897120599999937],[-40.17071509999994,-15.907530399999928],[-40.16610419999995,-15.86837719999994],[-40.23111129999995,-15.803847099999928],[-40.376860299999976,-15.823522599999933],[-40.46142859999998,-15.753231699999958],[-40.563472599999955,-15.802904199999944],[-40.70457579999993,-15.666398799999968],[-40.76766369999996,-15.714079399999946],[-40.81902829999996,-15.646341999999947],[-40.881556899999964,-15.694470799999976],[-40.96161449999994,-15.64793149999997],[-41.006059499999935,-15.713837299999966],[-41.07755789999993,-15.719287999999949],[-41.14253019999995,-15.77204699999993],[-41.215396399999975,-15.73716589999998],[-41.331206099999974,-15.744673399999954],[-41.35642269999994,-15.500286099999983],[-41.800710081999966,-15.101097107999976],[-41.87043059999996,-15.115180099999975],[-41.93253649999997,-15.17450169999995],[-41.99750309999996,-15.158889999999928],[-42.086567299999956,-15.187068799999963],[-42.173319799999945,-15.085953999999958],[-42.26479649999993,-15.12517859999997]]],[[[-39.20831149999998,-17.968279499999937],[-39.20778739999997,-17.966304299999933],[-39.20713749999993,-17.966425199999946],[-39.20831149999998,-17.968279499999937]]],[[[-39.17891279999998,-17.740415499999926],[-39.19757309999994,-17.75812689999998],[-39.20164119999998,-17.75550439999995],[-39.17891279999998,-17.740415499999926]]],[[[-38.70716829999998,-17.969685099999936],[-38.70837389999997,-17.97146269999996],[-38.71451849999994,-17.970875099999944],[-38.70798219999995,-17.968946899999935],[-38.70716829999998,-17.969685099999936]]],[[[-38.707613599999945,-17.965117799999973],[-38.71228559999997,-17.966868699999964],[-38.71091859999996,-17.96388529999996],[-38.707613599999945,-17.965117799999973]]],[[[-38.95603499999993,-16.225659999999948],[-38.95528159999998,-16.224800999999957],[-38.955571299999974,-16.22631119999994],[-38.95603499999993,-16.225659999999948]]],[[[-38.91991389999998,-16.179183499999965],[-38.919127999999944,-16.178115899999966],[-38.91899979999994,-16.17910489999997],[-38.91991389999998,-16.179183499999965]]],[[[-38.92215699999997,-16.028531999999927],[-38.922879199999954,-16.031226999999944],[-38.92318069999993,-16.031283299999927],[-38.92215699999997,-16.028531999999927]]],[[[-38.998635399999955,-14.978580499999964],[-38.99788189999998,-14.980091799999968],[-38.99869739999997,-14.98102179999995],[-38.998635399999955,-14.978580499999964]]],[[[-39.01539859999997,-14.789723199999969],[-39.01494619999994,-14.790758299999936],[-39.01552229999993,-14.790160999999955],[-39.01539859999997,-14.789723199999969]]],[[[-39.015563499999985,-14.771338299999968],[-39.01546469999994,-14.771574099999953],[-39.01558079999995,-14.771635799999956],[-39.015563499999985,-14.771338299999968]]],[[[-39.01550199999997,-14.77038719999996],[-39.01607859999996,-14.77068429999997],[-39.015998699999955,-14.770224499999927],[-39.01550199999997,-14.77038719999996]]],[[[-39.01798499999995,-14.769592299999942],[-39.017333399999984,-14.770627999999931],[-39.01767109999997,-14.770819399999937],[-39.01798499999995,-14.769592299999942]]],[[[-38.943331299999954,-13.835751799999969],[-38.938014599999974,-13.835969299999931],[-38.93827099999993,-13.83897909999996],[-38.943331299999954,-13.835751799999969]]],[[[-38.96395449999994,-13.675406899999928],[-38.96456779999994,-13.677265299999931],[-38.965306099999964,-13.67555909999993],[-38.96395449999994,-13.675406899999928]]],[[[-38.94708479999997,-13.385540499999934],[-38.94622309999994,-13.386447799999928],[-38.94764139999995,-13.386673299999927],[-38.94708479999997,-13.385540499999934]]],[[[-38.90355919999996,-13.379528599999958],[-38.90381129999997,-13.380778299999974],[-38.904453899999965,-13.37927209999998],[-38.90355919999996,-13.379528599999958]]],[[[-38.700088799999946,-17.981726099999946],[-38.697534099999984,-17.97927619999996],[-38.69647629999997,-17.98012929999993],[-38.700088799999946,-17.981726099999946]]],[[[-38.696366499999954,-17.978910799999937],[-38.69608139999997,-17.978942099999927],[-38.69623629999995,-17.979073699999958],[-38.696366499999954,-17.978910799999937]]],[[[-38.69982289999996,-17.961152399999946],[-38.691727199999946,-17.96557789999997],[-38.706582999999966,-17.96227659999994],[-38.69982289999996,-17.961152399999946]]],[[[-38.692309199999954,-17.96121059999996],[-38.69338989999994,-17.96074679999998],[-38.69220009999998,-17.96023359999998],[-38.692309199999954,-17.96121059999996]]]]}},{"id":"5","type":"Feature","properties":{"UF":"CE"},"geometry":{"type":"Polygon","coordinates":[[[-39.57159049999996,-7.4298312999999325],[-39.741322099999934,-7.326816599999972],[-39.857696799999985,-7.325428699999975],[-40.08745449999998,-7.38309309999994],[-40.19568469999996,-7.358148699999958],[-40.262995599999954,-7.301020899999969],[-40.31856319999997,-7.303340399999968],[-40.39387809999994,-7.368168399999945],[-40.52372319999995,-7.318450499999926],[-40.48973929999994,-7.118690099999981],[-40.406249499999944,-7.005326599999933],[-40.42987019999998,-6.993343099999947],[-40.43017899999995,-6.867816199999936],[-40.37050979999998,-6.803070399999967],[-40.43216659999996,-6.812977599999954],[-40.476926299999946,-6.732831699999963],[-40.73146559999998,-6.656967999999949],[-40.72200259999994,-6.617682799999955],[-40.79212229999996,-6.512861099999952],[-40.782863299999974,-6.313374499999952],[-40.85222419999997,-6.224220499999944],[-40.872845799999936,-6.056627599999956],[-40.907547499999964,-6.044661599999927],[-40.87363439999996,-5.966758099999936],[-40.93876929999993,-5.67334059999996],[-40.90105229999995,-5.615909199999976],[-40.94380339999998,-5.423586299999954],[-40.911549399999956,-5.407376599999964],[-40.936103199999934,-5.365967499999954],[-40.91212489999998,-5.314204099999927],[-40.94223019999998,-5.2404745999999705],[-40.92560739999993,-5.17685339999997],[-41.132019199999945,-5.048571299999935],[-41.137522399999966,-4.984967599999948],[-41.22136659999995,-4.938229799999931],[-41.24957379999995,-4.8696901999999795],[-41.208015399999965,-4.77676839999998],[-41.250338099999965,-4.756627399999957],[-41.173852599999975,-4.666942899999981],[-41.242260399999964,-4.569946699999946],[-41.19077599999997,-4.515528999999958],[-41.12017129999998,-4.330566699999963],[-41.135904799999935,-4.233511299999975],[-41.09088559999998,-4.1703317999999285],[-41.14313989999994,-4.124233699999934],[-41.11428239999998,-4.040564699999948],[-41.185523699999976,-4.017218999999955],[-41.25672689999993,-4.034848599999975],[-41.220239499999934,-3.9415054999999484],[-41.27685629999996,-3.825621099999978],[-41.30081409999997,-3.8262988999999266],[-41.23828049999997,-3.715768599999933],[-41.34174779999995,-3.6807725999999548],[-41.33131549999996,-3.624684299999956],[-41.37131309999995,-3.5726271999999426],[-41.30302999999998,-3.4921825999999783],[-41.324049299999956,-3.3859240999999543],[-41.38699059999993,-3.4092983999999547],[-41.39908619999994,-3.3635869999999386],[-41.423517999999945,-3.3680064999999786],[-41.31882429999996,-3.1448184999999285],[-41.255765699999984,-3.0875837999999476],[-41.270782699999984,-2.9712458999999285],[-41.32176899999996,-2.951731999999936],[-41.322668299999975,-2.9212077999999337],[-41.26570479999998,-2.8849919999999543],[-41.10171409999998,-2.900947999999971],[-40.86345309999996,-2.8561782999999537],[-40.844784499999946,-2.8858540999999605],[-40.76038079999995,-2.848808599999927],[-40.58847089999995,-2.845971099999929],[-40.497958799999935,-2.784323499999971],[-39.99462519999997,-2.839546999999925],[-39.885058999999956,-2.8909569999999576],[-39.90778949999998,-2.8731330999999614],[-39.462687899999935,-3.143796899999927],[-39.250150599999984,-3.223168199999975],[-39.074201699999946,-3.401394499999981],[-38.984427299999936,-3.4033121999999594],[-38.91117399999996,-3.5026220999999396],[-38.81225869999997,-3.542126899999971],[-38.65240469999998,-3.6821559999999636],[-38.495851699999946,-3.7250336999999263],[-38.460302499999955,-3.705063999999936],[-38.36032299999994,-3.884856399999933],[-38.27286209999994,-3.94467549999996],[-38.115967299999966,-4.148000399999944],[-37.87537249999997,-4.364012299999956],[-37.77009439999995,-4.401270699999941],[-37.72393279999994,-4.502134999999953],[-37.63559219999996,-4.589508599999931],[-37.558677899999964,-4.641665399999965],[-37.497812599999975,-4.626961199999926],[-37.33665109999998,-4.693163099999936],[-37.28043739999998,-4.75448229999995],[-37.25265859999996,-4.831390299999953],[-37.64033809999995,-4.926404399999967],[-37.67762039999997,-5.054085699999973],[-37.725089399999945,-5.070624299999963],[-37.76495559999995,-5.139616199999978],[-37.78310989999994,-5.29481549999997],[-37.85765739999994,-5.356723699999975],[-37.90157729999993,-5.499792399999933],[-37.99003719999996,-5.555797899999959],[-38.08198539999995,-5.670122699999979],[-38.08823629999995,-5.7300376999999685],[-38.046884199999965,-5.73294199999998],[-38.16377979999993,-5.945443399999931],[-38.303775299999984,-6.086522699999932],[-38.34678299999996,-6.067277299999944],[-38.366214799999966,-6.0882980999999745],[-38.38297709999995,-6.052334599999938],[-38.424220799999944,-6.066667999999936],[-38.57954569999998,-6.279626399999927],[-38.56250589999996,-6.355651699999953],[-38.602214499999945,-6.390895099999966],[-38.52939989999993,-6.392889999999966],[-38.517909299999985,-6.408731699999976],[-38.612288199999966,-6.51319129999996],[-38.67315049999996,-6.6972211999999445],[-38.613684699999965,-6.783030999999937],[-38.67541689999996,-6.861829399999976],[-38.76517719999998,-6.910936799999945],[-38.74225039999993,-6.9742784999999685],[-38.764999099999955,-6.993894999999952],[-38.66984899999994,-7.047704599999975],[-38.65640589999998,-7.092425799999944],[-38.68782999999996,-7.190161199999977],[-38.62480279999994,-7.191320599999926],[-38.534839999999974,-7.290458599999965],[-38.58530079999997,-7.43481509999998],[-38.646257299999945,-7.462718099999961],[-38.65532509999997,-7.565542999999934],[-38.71102499999995,-7.586633999999947],[-38.74280199999998,-7.660321999999951],[-38.81968989999996,-7.6648276999999325],[-38.82810929999994,-7.719614499999977],[-38.86885169999994,-7.711179799999968],[-38.881397499999935,-7.747432299999957],[-38.93957809999995,-7.758772599999929],[-38.96285949999998,-7.8448163999999565],[-39.01637029999995,-7.812180699999942],[-39.09129779999995,-7.858182499999941],[-39.13564089999994,-7.7233750999999415],[-39.208335199999965,-7.689480299999957],[-39.25256489999998,-7.704930899999965],[-39.27032139999994,-7.659897299999955],[-39.471680799999945,-7.57580059999998],[-39.460747599999934,-7.471218999999962],[-39.54842529999996,-7.483133299999963],[-39.57159049999996,-7.4298312999999325]]]}},{"id":"6","type":"Feature","properties":{"UF":"DF"},"geometry":{"type":"Polygon","coordinates":[[[-47.308504099999936,-16.049971399999947],[-48.277811199999974,-16.049597799999958],[-48.250185499999986,-15.947596199999964],[-48.27636419999993,-15.931237599999974],[-48.285121499999946,-15.83677419999998],[-48.20968629999993,-15.754043999999965],[-48.241330999999946,-15.686706499999957],[-48.19972979999994,-15.62291399999998],[-48.200008999999966,-15.502278299999944],[-47.41840689999998,-15.50181989999993],[-47.417786699999965,-15.546258999999964],[-47.317919899999936,-15.589280499999973],[-47.313045099999954,-15.742091999999957],[-47.36741619999998,-15.828573499999948],[-47.37916829999995,-15.97384569999997],[-47.308504099999936,-16.049971399999947]]]}},{"id":"7","type":"Feature","properties":{"UF":"ES"},"geometry":{"type":"MultiPolygon","coordinates":[[[[-40.88429789999998,-21.161545099999955],[-40.883537399999966,-21.163870799999927],[-40.88528179999997,-21.161768499999937],[-40.88429789999998,-21.161545099999955]]],[[[-40.95790909999994,-21.301781999999946],[-41.09233389999997,-21.218121199999928],[-41.19059909999993,-21.248750799999982],[-41.37664859999995,-21.195796299999927],[-41.44617069999998,-21.21548139999993],[-41.486524299999985,-21.17989289999997],[-41.56462309999995,-21.183744899999965],[-41.58674789999998,-21.14947429999995],[-41.71993009999994,-21.12319659999997],[-41.71001409999997,-20.991033699999946],[-41.73734969999998,-20.92793599999993],[-41.71178609999998,-20.86899779999993],[-41.741467099999966,-20.872585999999956],[-41.74583099999995,-20.812778299999934],[-41.87979569999993,-20.759567699999934],[-41.80729729999996,-20.643690999999933],[-41.85669429999996,-20.615766699999938],[-41.80445059999994,-20.543410999999935],[-41.825780899999984,-20.48499279999993],[-41.79822989999997,-20.43502019999994],[-41.85951159999996,-20.372842599999956],[-41.847498299999984,-20.328006199999948],[-41.77627179999996,-20.286360799999954],[-41.75675369999993,-20.206865999999934],[-41.38211449999994,-20.188813099999948],[-41.30269339999995,-19.938060899999982],[-41.24447019999997,-19.937341799999956],[-41.18518819999997,-19.889933799999937],[-41.16847279999996,-19.672222699999963],[-41.03686019999998,-19.570456999999976],[-41.04669269999994,-19.48739969999997],[-40.98827819999997,-19.507940299999973],[-40.94932899999998,-19.47315679999997],[-40.968240099999946,-19.42573859999993],[-40.907692699999984,-19.308812699999976],[-40.944442599999945,-19.280632399999945],[-40.91618039999997,-19.25893229999997],[-40.94399979999997,-19.14400459999996],[-41.06555659999998,-19.051332099999968],[-41.06704599999995,-19.006985199999974],[-41.016912899999966,-18.97464059999993],[-41.061495399999956,-18.967690199999936],[-41.16348229999994,-18.85950319999995],[-41.214784399999985,-18.87763979999994],[-41.24358239999998,-18.852749099999983],[-41.23254439999994,-18.797278799999958],[-41.13413019999996,-18.796041299999956],[-41.097473599999944,-18.84231099999994],[-40.96391349999993,-18.841170099999943],[-40.915921899999944,-18.81265819999993],[-40.941497599999934,-18.689294699999948],[-41.05292049999997,-18.63119899999998],[-41.02064939999997,-18.45859919999998],[-41.18209249999995,-18.439254499999947],[-41.14375439999998,-18.406463799999926],[-41.15892069999995,-18.308243499999946],[-41.05608459999996,-18.16662109999993],[-40.98947709999993,-18.17064929999998],[-40.89310939999996,-18.10787829999998],[-40.84507579999996,-18.149812999999938],[-40.77149609999998,-18.15593999999993],[-40.77330329999995,-18.10756269999996],[-40.902822999999955,-17.987712199999976],[-40.88271699999996,-17.970551099999966],[-40.86313149999995,-17.988316899999973],[-40.80816159999995,-17.95204719999998],[-40.77176849999995,-18.00338809999994],[-40.70368339999993,-18.02372699999995],[-40.521878199999946,-17.892490099999975],[-40.22235059999997,-17.980417399999965],[-39.666631999999936,-18.331542399999933],[-39.72393389999996,-18.494545199999948],[-39.74646779999995,-18.70569349999994],[-39.69531429999995,-19.359900799999934],[-39.81080239999994,-19.649612899999966],[-39.98898099999997,-19.743716199999938],[-40.09944829999995,-19.918664499999977],[-40.15304509999993,-19.949912499999982],[-40.13242939999998,-19.966602399999942],[-40.135854999999935,-19.967899699999975],[-40.14820219999996,-19.99104539999996],[-40.14830989999996,-20.005898699999932],[-40.158345699999984,-20.01654979999995],[-40.15891449999998,-20.035882199999946],[-40.19191139999998,-20.054344899999933],[-40.192011699999966,-20.199519599999974],[-40.230053099999964,-20.295127599999944],[-40.258472799999936,-20.265839699999958],[-40.28912349999996,-20.283779899999956],[-40.29003959999994,-20.307637799999952],[-40.26807759999997,-20.329311599999983],[-40.28038319999996,-20.335964899999965],[-40.31279069999994,-20.389441499999975],[-40.42308859999997,-20.63600059999993],[-40.464335699999936,-20.623939999999948],[-40.47264969999998,-20.65079079999998],[-40.466309799999976,-20.657492799999943],[-40.48115979999994,-20.652413299999978],[-40.49717689999994,-20.662612899999942],[-40.491292199999975,-20.669002899999953],[-40.511887299999955,-20.69371419999993],[-40.520140899999944,-20.72974899999997],[-40.52266559999998,-20.73047109999993],[-40.52488069999998,-20.72859049999994],[-40.52727989999994,-20.72922049999994],[-40.537292699999966,-20.745281399999953],[-40.541565299999945,-20.738260399999945],[-40.55672029999994,-20.746471499999927],[-40.62788439999997,-20.84098229999995],[-40.653318499999955,-20.805872699999952],[-40.753790899999956,-20.857763099999943],[-40.85842349999996,-21.127630199999942],[-40.95297029999995,-21.23529659999997],[-40.95790909999994,-21.301781999999946]]],[[[-40.80154529999993,-21.006753599999968],[-40.80040059999993,-21.00588369999997],[-40.801536699999986,-21.006873199999973],[-40.80154529999993,-21.006753599999968]]],[[[-40.788145199999974,-21.00336649999997],[-40.78754959999998,-21.003107499999942],[-40.78821859999994,-21.003701699999965],[-40.788145199999974,-21.00336649999997]]],[[[-40.78588079999997,-21.00114549999995],[-40.78587269999997,-21.002529799999934],[-40.78668789999995,-21.002191799999935],[-40.78588079999997,-21.00114549999995]]],[[[-40.753075499999966,-20.92428529999995],[-40.75601359999996,-20.928860399999962],[-40.75691309999996,-20.927927499999953],[-40.753075499999966,-20.92428529999995]]],[[[-40.75242059999994,-20.87470479999996],[-40.75047669999998,-20.873264199999937],[-40.749398499999984,-20.87306549999994],[-40.75242059999994,-20.87470479999996]]],[[[-40.72673159999994,-20.85412059999993],[-40.728120299999944,-20.856500599999947],[-40.72889169999996,-20.856344299999932],[-40.72673159999994,-20.85412059999993]]],[[[-40.725799999999936,-20.847497699999963],[-40.72555639999996,-20.850456299999962],[-40.72768229999997,-20.851003899999967],[-40.725799999999936,-20.847497699999963]]],[[[-40.68428019999993,-20.82729999999998],[-40.68479309999998,-20.827564799999948],[-40.684933599999965,-20.827168299999983],[-40.68428019999993,-20.82729999999998]]],[[[-40.59830789999995,-20.80671339999998],[-40.59894029999998,-20.808356199999935],[-40.60049989999993,-20.807218199999966],[-40.59830789999995,-20.80671339999998]]],[[[-40.550025199999936,-20.76231269999994],[-40.54930049999996,-20.761334099999942],[-40.54983619999996,-20.76247539999997],[-40.550025199999936,-20.76231269999994]]],[[[-40.54698089999994,-20.758816499999966],[-40.546965299999954,-20.759590499999945],[-40.54744539999996,-20.758898599999952],[-40.54698089999994,-20.758816499999966]]],[[[-40.547504799999956,-20.757934699999964],[-40.54709809999997,-20.758069899999953],[-40.54786699999994,-20.758491799999945],[-40.547504799999956,-20.757934699999964]]],[[[-40.54141859999993,-20.742600099999947],[-40.54285439999995,-20.743006899999955],[-40.54129259999996,-20.742086299999983],[-40.54141859999993,-20.742600099999947]]],[[[-40.52802359999998,-20.737214499999936],[-40.52850319999993,-20.736946299999943],[-40.52768239999995,-20.736599499999954],[-40.52802359999998,-20.737214499999936]]],[[[-40.526778399999955,-20.73217269999998],[-40.52628039999996,-20.731729899999948],[-40.52580699999993,-20.73177839999994],[-40.526778399999955,-20.73217269999998]]],[[[-40.523422799999935,-20.730780899999957],[-40.523652099999936,-20.730365199999937],[-40.52315649999997,-20.730554299999937],[-40.523422799999935,-20.730780899999957]]],[[[-40.52446669999995,-20.73002189999994],[-40.524071299999946,-20.730234999999936],[-40.524325799999986,-20.73041399999994],[-40.52446669999995,-20.73002189999994]]],[[[-40.50939999999997,-20.71462699999995],[-40.50919259999995,-20.71345169999995],[-40.508884799999976,-20.714565999999934],[-40.50939999999997,-20.71462699999995]]],[[[-40.50887169999993,-20.712771699999962],[-40.50958069999996,-20.712471499999936],[-40.508678799999984,-20.71257559999998],[-40.50887169999993,-20.712771699999962]]],[[[-40.50873709999996,-20.71139169999998],[-40.507933299999934,-20.710622399999977],[-40.50835029999996,-20.711616999999933],[-40.50873709999996,-20.71139169999998]]],[[[-40.511935499999936,-20.70396569999997],[-40.512220999999954,-20.70399199999997],[-40.51201869999994,-20.703767699999958],[-40.511935499999936,-20.70396569999997]]],[[[-40.406870699999956,-20.70121699999993],[-40.40632949999997,-20.699094499999944],[-40.40551569999997,-20.700175399999978],[-40.406870699999956,-20.70121699999993]]],[[[-40.50054159999996,-20.683084099999974],[-40.50212229999994,-20.68400479999997],[-40.500567699999976,-20.682704199999932],[-40.50054159999996,-20.683084099999974]]],[[[-40.46852699999994,-20.660877599999935],[-40.468813599999976,-20.66348949999997],[-40.47193679999998,-20.662912699999936],[-40.46852699999994,-20.660877599999935]]],[[[-40.494357899999954,-20.66166929999997],[-40.49399089999997,-20.66184709999993],[-40.49430829999994,-20.661900199999934],[-40.494357899999954,-20.66166929999997]]],[[[-40.47244109999997,-20.661109099999976],[-40.47235019999994,-20.661428599999965],[-40.472551599999974,-20.661203299999954],[-40.47244109999997,-20.661109099999976]]],[[[-40.46296279999996,-20.644542099999967],[-40.463521499999956,-20.64442299999996],[-40.46292729999993,-20.64429089999993],[-40.46296279999996,-20.644542099999967]]],[[[-40.464337899999975,-20.643864099999973],[-40.46425259999995,-20.64410179999993],[-40.46433079999997,-20.644114199999933],[-40.464337899999975,-20.643864099999973]]],[[[-40.46142529999997,-20.644028799999944],[-40.46124409999993,-20.64375769999998],[-40.46126879999997,-20.644050899999968],[-40.46142529999997,-20.644028799999944]]],[[[-40.42927359999993,-20.638616299999967],[-40.429734199999984,-20.64075299999996],[-40.43058279999997,-20.640435099999934],[-40.42927359999993,-20.638616299999967]]],[[[-40.44602409999993,-20.63774909999995],[-40.44623269999994,-20.63880309999996],[-40.44703889999994,-20.63812729999995],[-40.44602409999993,-20.63774909999995]]],[[[-40.443652499999985,-20.637743599999965],[-40.443591399999946,-20.638063399999965],[-40.44396339999997,-20.638111299999935],[-40.443652499999985,-20.637743599999965]]],[[[-40.44055409999993,-20.637331399999937],[-40.44031169999994,-20.63800269999996],[-40.441102899999976,-20.63806189999997],[-40.44055409999993,-20.637331399999937]]],[[[-40.43700089999993,-20.63585749999993],[-40.43741159999996,-20.635388999999975],[-40.43694459999995,-20.635256599999934],[-40.43700089999993,-20.63585749999993]]],[[[-40.46453219999995,-20.627164299999947],[-40.464576499999964,-20.62745229999996],[-40.46468639999995,-20.627176299999974],[-40.46453219999995,-20.627164299999947]]],[[[-40.39571569999998,-20.62216539999997],[-40.396750199999985,-20.622185399999978],[-40.39571569999998,-20.62187289999997],[-40.39571569999998,-20.62216539999997]]],[[[-40.363923399999976,-20.677916299999936],[-40.36609619999996,-20.678448199999934],[-40.36478239999997,-20.677088999999967],[-40.363923399999976,-20.677916299999936]]],[[[-40.36739739999996,-20.675930799999946],[-40.368395299999975,-20.676521699999967],[-40.368167899999946,-20.675812599999972],[-40.36739739999996,-20.675930799999946]]],[[[-40.37686229999997,-20.614219999999932],[-40.37811519999997,-20.612929399999928],[-40.37619069999994,-20.612701899999934],[-40.37686229999997,-20.614219999999932]]],[[[-40.38311259999995,-20.61132189999995],[-40.37958649999996,-20.614262699999927],[-40.38418389999998,-20.614780999999937],[-40.38311259999995,-20.61132189999995]]],[[[-40.37630739999997,-20.610383499999955],[-40.372646299999985,-20.61280739999995],[-40.37370199999998,-20.613359199999934],[-40.37630739999997,-20.610383499999955]]],[[[-40.387778699999956,-20.610307599999942],[-40.388783399999966,-20.61045269999994],[-40.38785219999994,-20.609994099999938],[-40.387778699999956,-20.610307599999942]]],[[[-40.39200989999995,-20.598635199999933],[-40.39149299999997,-20.59669169999995],[-40.39038899999997,-20.597766699999966],[-40.39200989999995,-20.598635199999933]]],[[[-40.35710889999996,-20.524324499999977],[-40.35831369999994,-20.525351899999976],[-40.35908699999993,-20.524711899999943],[-40.35710889999996,-20.524324499999977]]],[[[-40.31155499999994,-20.420667299999934],[-40.31141729999996,-20.421213799999975],[-40.31213729999996,-20.42169869999998],[-40.31155499999994,-20.420667299999934]]],[[[-40.30058239999994,-20.382140299999946],[-40.30023939999995,-20.38231559999997],[-40.300707099999954,-20.38234479999994],[-40.30058239999994,-20.382140299999946]]],[[[-40.29654459999995,-20.380004499999927],[-40.29680209999998,-20.38246859999998],[-40.297725999999955,-20.38202139999993],[-40.29654459999995,-20.380004499999927]]],[[[-40.28646149999997,-20.37148209999998],[-40.28636129999995,-20.371763699999974],[-40.28653429999997,-20.371627199999978],[-40.28646149999997,-20.37148209999998]]],[[[-40.27854999999994,-20.36557819999996],[-40.27820239999994,-20.363805599999978],[-40.27783469999997,-20.36500549999994],[-40.27854999999994,-20.36557819999996]]],[[[-40.27983039999998,-20.364433799999972],[-40.279201099999966,-20.364756899999975],[-40.279943999999944,-20.364733199999932],[-40.27983039999998,-20.364433799999972]]],[[[-40.27757449999996,-20.364586299999928],[-40.27661139999998,-20.36349839999997],[-40.27610789999994,-20.363436699999966],[-40.27757449999996,-20.364586299999928]]],[[[-40.27937739999993,-20.362300699999935],[-40.28057839999997,-20.36373219999996],[-40.28124049999997,-20.36292169999996],[-40.27937739999993,-20.362300699999935]]],[[[-40.27652389999997,-20.36158819999997],[-40.27704909999994,-20.362604199999964],[-40.277202399999965,-20.362214199999983],[-40.27652389999997,-20.36158819999997]]],[[[-40.281056099999944,-20.360525199999927],[-40.28060869999996,-20.36131729999994],[-40.28161909999994,-20.36130179999998],[-40.281056099999944,-20.360525199999927]]],[[[-40.27978859999996,-20.360400699999957],[-40.279490299999964,-20.361076599999933],[-40.27978029999997,-20.36106099999995],[-40.27978859999996,-20.360400699999957]]],[[[-40.28046009999997,-20.35524659999993],[-40.28117139999995,-20.35417609999996],[-40.27986899999996,-20.35468039999995],[-40.28046009999997,-20.35524659999993]]],[[[-40.276025999999945,-20.351122999999973],[-40.276446299999975,-20.350807799999927],[-40.275689899999975,-20.350558199999966],[-40.276025999999945,-20.351122999999973]]],[[[-40.27707779999997,-20.308414699999958],[-40.275322899999935,-20.308153699999934],[-40.27559239999994,-20.30947199999997],[-40.27707779999997,-20.308414699999958]]],[[[-40.28717349999994,-20.30520199999995],[-40.28709669999995,-20.304712799999947],[-40.28708979999993,-20.305245999999954],[-40.28717349999994,-20.30520199999995]]],[[[-40.28349429999997,-20.293558599999983],[-40.283343499999944,-20.291989099999967],[-40.28286189999994,-20.29251839999995],[-40.28349429999997,-20.293558599999983]]],[[[-40.282043399999964,-20.292335699999967],[-40.281631499999946,-20.292181399999947],[-40.28190489999997,-20.29267269999997],[-40.282043399999964,-20.292335699999967]]],[[[-40.28497589999995,-20.284513299999958],[-40.28587659999994,-20.284378599999968],[-40.28563379999997,-20.28394229999998],[-40.28497589999995,-20.284513299999958]]],[[[-29.33589989999996,-20.48845179999995],[-29.308784699999933,-20.507810699999936],[-29.299583799999937,-20.526655999999946],[-29.33176889999993,-20.525535599999955],[-29.33589989999996,-20.48845179999995]]],[[[-28.84960609999996,-20.495788699999935],[-28.84789849999993,-20.49789359999994],[-28.850588699999946,-20.49697079999993],[-28.84960609999996,-20.495788699999935]]],[[[-28.85177319999997,-20.471853899999928],[-28.852257899999984,-20.479473999999982],[-28.85432609999998,-20.473434599999962],[-28.85177319999997,-20.471853899999928]]],[[[-28.85560369999996,-20.47261869999994],[-28.855187099999966,-20.472111199999972],[-28.85517569999996,-20.472478499999966],[-28.85560369999996,-20.47261869999994]]],[[[-28.854196099999967,-20.468713099999945],[-28.856538499999942,-20.469080599999927],[-28.855677699999944,-20.468079899999964],[-28.854196099999967,-20.468713099999945]]],[[[-40.27486289999996,-20.353373199999965],[-40.275535299999945,-20.35367539999993],[-40.275689399999976,-20.35332079999995],[-40.27486289999996,-20.353373199999965]]],[[[-40.25310339999993,-20.352791799999977],[-40.25252339999997,-20.353164499999934],[-40.25286649999998,-20.353446599999927],[-40.25310339999993,-20.352791799999977]]],[[[-40.24985229999993,-20.351924399999973],[-40.24963839999998,-20.35240399999998],[-40.24989509999995,-20.352575799999954],[-40.24985229999993,-20.351924399999973]]],[[[-40.25097969999996,-20.351894999999956],[-40.250248099999965,-20.351720899999975],[-40.25044369999995,-20.352386399999943],[-40.25097969999996,-20.351894999999956]]],[[[-40.27232639999994,-20.335578599999963],[-40.27192869999993,-20.336159099999975],[-40.27207359999994,-20.336212399999965],[-40.27232639999994,-20.335578599999963]]],[[[-40.270680099999936,-20.335433299999977],[-40.271853799999974,-20.33459309999995],[-40.27158869999994,-20.334340999999938],[-40.270680099999936,-20.335433299999977]]],[[[-40.27504219999997,-20.333524099999977],[-40.27515359999995,-20.333723799999973],[-40.27519029999996,-20.333402399999954],[-40.27504219999997,-20.333524099999977]]],[[[-40.27058019999998,-20.331919599999935],[-40.27103439999996,-20.333442799999943],[-40.27114249999994,-20.33188789999997],[-40.27058019999998,-20.331919599999935]]],[[[-40.26789709999997,-20.331937599999947],[-40.26881839999993,-20.331857999999954],[-40.26827519999995,-20.331204999999954],[-40.26789709999997,-20.331937599999947]]],[[[-40.26593239999994,-20.324063199999955],[-40.26580149999995,-20.323562599999946],[-40.26562389999998,-20.323963299999946],[-40.26593239999994,-20.324063199999955]]],[[[-40.27158349999996,-20.319998299999952],[-40.27116259999997,-20.322370299999932],[-40.272511099999974,-20.32058559999996],[-40.27158349999996,-20.319998299999952]]],[[[-40.269027499999936,-20.32041739999994],[-40.268456199999946,-20.32171189999997],[-40.26923919999996,-20.320712899999933],[-40.269027499999936,-20.32041739999994]]],[[[-40.27512369999994,-20.306934799999965],[-40.273636299999964,-20.308538099999964],[-40.27396669999996,-20.308691499999952],[-40.27512369999994,-20.306934799999965]]],[[[-40.27529709999993,-20.298478599999953],[-40.27609049999995,-20.29812359999994],[-40.27561449999996,-20.29753069999998],[-40.27529709999993,-20.298478599999953]]],[[[-40.13358499999998,-19.96889969999995],[-40.134155799999974,-19.96843329999996],[-40.13380829999994,-19.968036599999948],[-40.13358499999998,-19.96889969999995]]]]}},{"id":"8","type":"Feature","properties":{"UF":"GO"},"geometry":{"type":"Polygon","coordinates":[[[-51.36877019999997,-19.221631499999944],[-51.57677239999998,-19.12618989999993],[-51.65815029999993,-19.13753909999997],[-51.85768159999998,-19.050531299999932],[-51.94000769999997,-18.968471999999963],[-52.015551699999946,-18.982637299999965],[-52.18308739999998,-18.84763529999998],[-52.34626259999993,-18.822392799999932],[-52.44802559999994,-18.691966499999978],[-52.53154929999994,-18.65748069999995],[-52.63241199999993,-18.695589799999937],[-52.74601499999994,-18.69240689999998],[-52.91675959999998,-18.640294599999947],[-52.96235139999993,-18.54081969999993],[-52.87329369999998,-18.426791599999945],[-52.79851259999998,-18.414861299999927],[-52.75931959999997,-18.348070899999982],[-52.80528709999999,-18.313454099999944],[-52.94778609999997,-18.29612519999995],[-53.027851699999985,-18.351595999999972],[-53.10115239999993,-18.310831099999973],[-53.143239999999935,-18.08183669999994],[-53.07571139999993,-18.05079539999997],[-53.06474939999998,-17.984536599999956],[-53.12656769999995,-17.915421099999946],[-53.164126599999975,-17.765537799999947],[-53.24427989999998,-17.689949499999955],[-53.23315779999996,-17.440823999999964],[-53.196798299999955,-17.379796899999974],[-53.218629799999974,-17.298086699999942],[-53.11831029999996,-17.113220399999932],[-53.05541809999994,-17.07059799999996],[-53.056420499999945,-16.96385669999995],[-53.01441719999997,-16.86157989999998],[-52.96347739999993,-16.86709079999997],[-52.92698879999995,-16.84071709999995],[-52.93306299999995,-16.80314139999996],[-52.78666489999995,-16.742728099999965],[-52.74619179999996,-16.63069889999997],[-52.71499189999997,-16.63879179999998],[-52.740084699999954,-16.58995729999998],[-52.70521619999994,-16.599267099999963],[-52.70608639999995,-16.571929199999943],[-52.674356399999965,-16.585284799999954],[-52.66795749999994,-16.551069199999972],[-52.63563449999998,-16.55177999999995],[-52.60474489999996,-16.463454299999967],[-52.68741199999994,-16.399000499999943],[-52.68255659999994,-16.301742299999944],[-52.54661559999994,-16.260879299999942],[-52.56962039999996,-16.228606199999945],[-52.516074999999944,-16.133905899999945],[-52.32993789999995,-16.072175799999968],[-52.25334329999998,-15.892561899999976],[-52.014545699999985,-15.887019099999975],[-51.948454899999945,-15.810098399999958],[-51.882670099999984,-15.828485299999954],[-51.75713209999998,-15.633446499999934],[-51.77726809999996,-15.53498499999995],[-51.739343599999984,-15.559276799999964],[-51.73605029999993,-15.509896099999935],[-51.69940279999997,-15.487912699999981],[-51.65115799999995,-15.177254799999957],[-51.59534179999997,-15.155184499999962],[-51.53085559999994,-15.061675999999977],[-51.36824189999999,-15.009573099999955],[-51.329030899999964,-14.969617299999982],[-51.26760869999998,-15.044412999999963],[-51.08710979999995,-14.921348699999953],[-51.08963749999998,-14.840180499999974],[-51.04482129999997,-14.792838599999982],[-51.05824489999998,-14.751669999999933],[-50.962720599999955,-14.523907299999962],[-50.997830599999986,-14.415674699999954],[-50.97817329999998,-14.297243599999945],[-50.91372259999997,-14.168509699999959],[-50.91796859999994,-14.11609169999997],[-50.88652719999993,-14.132128299999977],[-50.83173169999998,-14.08605209999996],[-50.866332899999975,-13.97964799999994],[-50.84064429999995,-13.86378869999993],[-50.87329959999994,-13.732411699999943],[-50.806225799999936,-13.69381459999994],[-50.75899979999997,-13.520315299999936],[-50.66394559999998,-13.434956499999942],[-50.66532369999993,-13.375565799999947],[-50.60859569999997,-13.31759539999996],[-50.58417549999996,-13.217696299999943],[-50.61004429999997,-13.060369199999968],[-50.568814799999984,-13.040033199999982],[-50.59294199999994,-13.00348889999998],[-50.52414379999993,-12.973651599999926],[-50.47865529999996,-12.711283099999946],[-50.432713099999944,-12.69152239999994],[-50.44045029999995,-12.65225369999996],[-50.41236739999994,-12.648293499999966],[-50.36598429999998,-12.545501099999967],[-50.184060999999986,-12.432050899999979],[-50.19588609999994,-12.412436899999932],[-50.141801999999984,-12.395395599999972],[-50.21760949999998,-12.48735709999994],[-50.229524399999946,-12.531188999999927],[-50.19198449999993,-12.562161099999969],[-50.23752769999993,-12.578735299999948],[-50.26532469999995,-12.682172199999968],[-50.299072799999976,-12.68017709999998],[-50.29284269999994,-12.838469399999951],[-50.183800599999984,-12.897356699999932],[-49.92039459999995,-12.961383999999953],[-49.36831589999997,-13.272301399999947],[-49.337244699999985,-13.247281599999951],[-49.35096699999997,-13.088726399999928],[-49.23765519999995,-12.883786099999952],[-49.11887699999994,-12.789519199999972],[-49.10463069999997,-12.835420299999953],[-49.064247499999965,-12.846087099999977],[-49.07920379999996,-12.904008999999974],[-49.02177419999998,-12.906323699999973],[-48.97623349999998,-12.957893099999978],[-48.85687279999996,-12.80435749999998],[-48.73513419999995,-12.921073899999953],[-48.72978959999995,-12.989383399999952],[-48.67070929999994,-12.99499389999994],[-48.60053469999997,-13.058853499999941],[-48.57591929999995,-13.124159799999973],[-48.58608979999997,-13.321600499999931],[-48.55359249999998,-13.302633399999934],[-48.55375209999994,-13.203545099999928],[-48.518103199999985,-13.139521799999955],[-48.469964699999935,-13.137309799999969],[-48.47554569999994,-13.234960099999967],[-48.44190889999993,-13.29234219999995],[-48.34226259999997,-13.228202599999975],[-48.30795359999996,-13.23722209999994],[-48.231622399999935,-13.169156399999963],[-48.143659199999945,-13.15247249999993],[-48.16482309999998,-13.306660299999976],[-48.08246169999995,-13.289545999999973],[-48.062455899999975,-13.235721199999944],[-47.96670429999995,-13.315080699999953],[-47.93630439999998,-13.289855199999977],[-47.88442769999995,-13.320721399999968],[-47.82021439999994,-13.312523399999975],[-47.67974839999994,-13.468174799999929],[-47.622293199999945,-13.369191999999941],[-47.65007349999996,-13.34918259999995],[-47.63966099999993,-13.264292599999976],[-47.66759969999998,-13.210882699999956],[-47.633644999999945,-13.101179899999977],[-47.563795599999935,-13.119050999999956],[-47.55780119999997,-13.186850299999946],[-47.478380399999935,-13.184957599999962],[-47.48641379999998,-13.219733599999927],[-47.434523799999965,-13.228780099999938],[-47.454422199999954,-13.250527599999941],[-47.42612749999995,-13.289979899999935],[-47.37756669999993,-13.22908659999996],[-47.28215179999995,-13.265126799999962],[-47.22961379999998,-13.194738399999949],[-47.153966399999945,-13.210279499999956],[-47.13211649999994,-13.177864099999965],[-46.979015699999934,-13.131767199999956],[-46.750610999999935,-12.969154999999944],[-46.454649899999936,-12.971152599999982],[-46.41798479999994,-12.822436699999969],[-46.36576429999997,-12.863353999999958],[-46.36440389999996,-12.99074289999993],[-46.10904839999995,-12.92042239999995],[-46.12466359999996,-12.959820399999955],[-46.27553379999995,-13.020213299999966],[-46.33578879999993,-13.097657899999945],[-46.29518079999997,-13.141874499999972],[-46.31790199999995,-13.305227799999955],[-46.103219399999944,-13.257510199999956],[-46.06827549999997,-13.295441799999935],[-46.135473099999956,-13.375524199999973],[-46.249522499999955,-13.431308899999976],[-46.20896389999996,-13.46556279999993],[-46.24745249999995,-13.578660399999933],[-46.18725509999996,-13.575419299999965],[-46.16274539999995,-13.603642099999945],[-46.26363289999995,-13.691392999999948],[-46.23560329999998,-13.709850199999948],[-46.262857199999985,-13.734817299999975],[-46.22293679999996,-13.76540289999997],[-46.28149549999995,-13.795109499999967],[-46.232474699999955,-13.848607399999935],[-46.26698899999997,-13.917497799999978],[-46.20815169999997,-14.016136199999949],[-46.224392199999954,-14.105027599999971],[-46.184100299999955,-14.156948099999966],[-46.11814089999996,-14.159949299999937],[-46.101882899999964,-14.208318299999974],[-46.06104829999998,-14.19548459999993],[-46.05293649999993,-14.244790999999964],[-45.99542809999997,-14.25615769999996],[-45.90715529999994,-14.355189799999948],[-45.93264289999996,-14.409859299999937],[-46.01018369999997,-14.425695699999949],[-46.01900309999996,-14.47207119999996],[-45.97530829999994,-14.538929799999949],[-45.98951499999998,-14.658844999999928],[-46.02796909999995,-14.681007499999964],[-45.999454999999955,-14.782111499999928],[-46.06234079999996,-14.907989799999939],[-46.09821619999997,-14.938982499999952],[-46.16414129999998,-14.906490099999928],[-46.175550499999986,-14.94942519999995],[-46.28686479999993,-14.928145699999959],[-46.319335799999976,-14.900438999999949],[-46.300472499999955,-14.858078699999965],[-46.32219989999993,-14.814580299999932],[-46.50111369999996,-14.703025899999943],[-46.566281799999956,-14.788395699999967],[-46.521555999999975,-14.851179499999944],[-46.54653589999998,-14.92544449999997],[-46.50360809999995,-15.053433299999938],[-46.62805949999995,-15.089490499999954],[-46.84434199999998,-15.009081699999967],[-46.920591799999954,-15.050858999999946],[-46.88844309999996,-15.11564489999995],[-46.940866599999936,-15.230701599999975],[-46.92765529999997,-15.255095299999937],[-46.891484599999956,-15.23525959999995],[-46.88931829999996,-15.282246899999961],[-46.83567579999993,-15.325127699999939],[-46.92931329999993,-15.439939699999968],[-46.94868799999995,-15.557844399999965],[-46.85488349999997,-15.618300499999975],[-46.811721199999965,-15.886091199999953],[-47.08864449999993,-15.961129299999982],[-47.14278049999996,-15.926342499999976],[-47.217276599999934,-16.014420299999927],[-47.27739619999994,-16.00686969999998],[-47.310006199999975,-16.036273499999936],[-47.36905419999994,-16.003259499999956],[-47.380700599999955,-15.881246699999963],[-47.313045099999954,-15.742091999999957],[-47.31556429999995,-15.594918399999926],[-47.417786699999965,-15.546258999999964],[-47.41840689999998,-15.50181989999993],[-48.200008999999966,-15.502278299999944],[-48.19972979999994,-15.62291399999998],[-48.241330999999946,-15.686706499999957],[-48.20968629999993,-15.754043999999965],[-48.285121499999946,-15.83677419999998],[-48.27636419999993,-15.931237599999974],[-48.250185499999986,-15.947596199999964],[-48.277811199999974,-16.049597799999958],[-47.308504099999936,-16.049971399999947],[-47.352732199999934,-16.132830299999966],[-47.327144299999986,-16.248641299999974],[-47.426609499999984,-16.393249899999944],[-47.45952459999995,-16.504125899999963],[-47.413223899999934,-16.574171899999953],[-47.319296399999985,-16.602018999999927],[-47.25086209999995,-16.664807399999972],[-47.19456889999998,-16.824589199999934],[-47.19884209999998,-16.908063199999958],[-47.16064979999993,-16.91973379999996],[-47.13168219999994,-17.01007119999997],[-47.27485909999996,-17.105834999999956],[-47.282710099999974,-17.144099599999947],[-47.35198749999995,-17.166499399999964],[-47.36264629999994,-17.222708499999953],[-47.434459199999935,-17.27621849999997],[-47.441562199999964,-17.348383999999953],[-47.51252459999995,-17.327136499999938],[-47.541439099999934,-17.454174099999932],[-47.45472569999998,-17.541785999999945],[-47.40044869999997,-17.51181749999995],[-47.325414499999965,-17.52380059999996],[-47.26480379999998,-17.611389199999962],[-47.27010409999997,-17.674471799999935],[-47.313702199999966,-17.698962999999935],[-47.37261579999995,-17.829791899999975],[-47.28386829999994,-18.05839279999998],[-47.35763179999998,-18.08523329999997],[-47.532437699999946,-18.231325899999945],[-47.53686299999998,-18.194969699999945],[-47.56827519999996,-18.20371289999997],[-47.638769999999965,-18.287678099999937],[-47.610581999999965,-18.316480699999943],[-47.70009259999995,-18.37899219999997],[-47.740570899999966,-18.363839799999937],[-47.747876099999985,-18.411606699999936],[-47.81057199999998,-18.400115399999947],[-47.831938399999956,-18.449783099999934],[-47.95493699999997,-18.50028029999993],[-47.98091029999995,-18.44286119999998],[-48.05747539999993,-18.412924199999964],[-48.11078759999998,-18.428593999999975],[-48.16182619999995,-18.371885299999974],[-48.270497399999954,-18.329448299999967],[-48.310540999999944,-18.386709499999938],[-48.44566089999995,-18.355301399999973],[-48.48123519999996,-18.380138699999975],[-48.56141469999994,-18.323886499999958],[-48.757723399999975,-18.34476109999997],[-48.81636159999994,-18.37966119999993],[-48.83713469999998,-18.341480799999943],[-48.93317159999998,-18.30545399999994],[-49.07703989999993,-18.416780399999936],[-49.12631289999996,-18.38431429999997],[-49.21009879999997,-18.414781499999947],[-49.19775329999993,-18.45783719999997],[-49.38505749999996,-18.64606189999995],[-49.48172559999995,-18.560547799999938],[-49.49305229999993,-18.494285299999945],[-49.53530639999997,-18.49180709999996],[-49.552377699999965,-18.544116499999973],[-49.65170599999993,-18.56111599999997],[-49.63971449999997,-18.600138999999956],[-49.76852969999993,-18.610986399999945],[-49.784819599999935,-18.642247699999928],[-50.020064299999945,-18.59936349999998],[-50.080043099999955,-18.672243799999933],[-50.29609889999995,-18.69123979999995],[-50.45006069999994,-18.901831799999968],[-50.51055299999996,-18.93866049999997],[-50.49507619999997,-19.012868499999968],[-50.535162499999956,-19.098887099999956],[-50.58776549999993,-19.13994759999997],[-50.675954299999944,-19.137073399999963],[-50.675862999999936,-19.171199199999933],[-50.73415289999997,-19.187694999999962],[-50.74653269999993,-19.23990699999996],[-50.81889039999999,-19.29173449999996],[-50.875972099999956,-19.41503469999998],[-50.82635839999995,-19.47131449999995],[-50.838950899999986,-19.497267999999963],[-50.98530219999998,-19.431382799999938],[-51.08853309999995,-19.307732199999975],[-51.20352829999996,-19.260546199999965],[-51.251297299999976,-19.273699999999963],[-51.307096899999976,-19.218081499999982],[-51.36877019999997,-19.221631499999944]]]}},{"id":"9","type":"Feature","properties":{"UF":"MA"},"geometry":{"type":"MultiPolygon","coordinates":[[[[-45.871146899999985,-10.067964699999948],[-45.95529479999993,-10.218442799999934],[-45.946265299999936,-10.258549899999934],[-46.00632429999996,-10.259628299999974],[-46.03124749999995,-10.176110799999947],[-46.16330339999996,-10.213632599999926],[-46.210868999999946,-10.169734999999946],[-46.36788949999993,-10.168814099999963],[-46.45652929999994,-10.049923699999965],[-46.50944849999996,-9.80136669999996],[-46.571592399999986,-9.808037199999944],[-46.57508649999994,-9.758575399999927],[-46.64741989999993,-9.730350399999963],[-46.59238809999994,-9.587200499999938],[-46.53675549999997,-9.55710929999998],[-46.57568949999995,-9.517548899999952],[-46.56097589999996,-9.484032999999954],[-46.64000509999994,-9.457721099999958],[-46.63278339999994,-9.411588299999949],[-46.66597569999993,-9.39191859999994],[-46.76567749999998,-9.406330899999944],[-46.81106269999998,-9.306748899999945],[-46.845142399999986,-9.299823999999944],[-46.822783699999945,-9.199044699999945],[-46.88992179999997,-9.124364699999944],[-46.931802699999935,-9.12806569999998],[-46.92162479999996,-9.066812899999945],[-47.07055159999993,-9.061954199999946],[-47.04348339999996,-9.026548999999932],[-47.06747749999994,-9.010386299999936],[-46.97028869999997,-8.914491699999928],[-46.99292189999994,-8.878889399999935],[-46.914895599999966,-8.853058199999964],[-46.90423069999997,-8.778559899999948],[-46.93128139999993,-8.726752399999953],[-46.88694929999997,-8.686489799999947],[-46.91628019999996,-8.59478379999996],[-46.84634079999995,-8.534937599999978],[-46.85108729999996,-8.476157299999954],[-46.800509499999976,-8.454093399999977],[-46.80683499999998,-8.39897069999995],[-46.782433699999956,-8.368083699999943],[-46.728098899999964,-8.386384899999939],[-46.68042729999996,-8.33676289999994],[-46.54688799999997,-8.318979799999966],[-46.51678799999996,-8.288137899999981],[-46.48723979999994,-8.200858099999948],[-46.51389519999998,-8.164657999999974],[-46.465593199999944,-8.071928799999966],[-46.48922129999994,-7.987504699999931],[-46.60916609999998,-7.89295919999995],[-46.87283269999995,-7.95526899999993],[-46.997433599999965,-8.066583199999968],[-47.04558559999998,-8.053090699999927],[-47.17572579999995,-7.855997499999944],[-47.245505899999955,-7.815957099999935],[-47.24659289999994,-7.758174399999973],[-47.31395029999993,-7.730818099999965],[-47.30298989999994,-7.690246399999978],[-47.33874939999998,-7.666904099999954],[-47.31493279999995,-7.660037899999963],[-47.35812519999996,-7.61602419999997],[-47.35378499999996,-7.648131199999966],[-47.38227879999994,-7.65459809999993],[-47.39908929999996,-7.569127699999967],[-47.43997499999995,-7.555999799999938],[-47.42510859999993,-7.5285590999999386],[-47.475122699999986,-7.5338985999999295],[-47.50152499999996,-7.439794899999981],[-47.59156969999998,-7.44006829999995],[-47.48349579999996,-7.365120599999955],[-47.49978639999995,-7.293858299999954],[-47.59190309999997,-7.263995299999976],[-47.64771209999998,-7.304122899999925],[-47.74982579999994,-7.195261699999946],[-47.71065519999996,-7.137652799999955],[-47.644455999999934,-7.143611599999929],[-47.52995149999998,-6.980105399999957],[-47.49864409999998,-6.671231599999942],[-47.41665259999996,-6.485678399999927],[-47.43420569999995,-6.431188599999928],[-47.37723579999994,-6.266768299999967],[-47.430233999999984,-6.130968999999936],[-47.43106339999997,-5.869210599999974],[-47.49337449999996,-5.730530699999974],[-47.47370449999994,-5.661979699999961],[-47.50012049999998,-5.52560479999994],[-47.55536939999996,-5.465735299999949],[-47.618619699999954,-5.459726199999977],[-47.740926499999944,-5.381448199999966],[-47.84375939999995,-5.37620869999995],[-47.87292359999998,-5.272358099999963],[-47.928104099999985,-5.241235499999959],[-48.00405889999996,-5.234620199999938],[-48.079264999999964,-5.275064499999928],[-48.178544199999976,-5.26077609999993],[-48.36390979999993,-5.168380499999955],[-48.53301309999995,-5.198717899999963],[-48.606131699999935,-5.336500799999953],[-48.67943839999998,-5.3058200999999485],[-48.71212699999995,-5.35301359999994],[-48.755150699999945,-5.349165399999947],[-47.79256909999998,-4.586410799999953],[-47.679957299999955,-4.608617399999957],[-47.61194189999998,-4.557357899999943],[-47.47473419999994,-4.315043499999945],[-47.37176809999994,-4.245585799999958],[-47.31942429999998,-4.047774499999946],[-47.190256199999965,-3.9837046999999757],[-47.17314609999994,-3.9238233999999466],[-47.08520509999994,-3.8566399999999703],[-47.038846099999944,-3.562103299999933],[-46.94845479999998,-3.4767989999999713],[-46.94425249999995,-3.3771975999999313],[-46.81388399999997,-3.3100511999999753],[-46.80616349999997,-3.2440465999999333],[-46.75527189999997,-3.216214099999945],[-46.773058299999946,-3.1785987999999747],[-46.71994339999998,-3.1534723999999414],[-46.74813779999994,-3.121856199999968],[-46.67650359999993,-3.094142399999953],[-46.64742959999995,-2.9698117999999454],[-46.680555399999946,-2.8827177999999662],[-46.63941599999998,-2.8835577999999487],[-46.614837499999965,-2.8293863999999758],[-46.575697599999955,-2.8415385999999785],[-46.60252379999997,-2.7892198999999778],[-46.63482279999994,-2.7964430999999763],[-46.67137289999994,-2.7061981999999603],[-46.62226479999998,-2.644941099999926],[-46.592604499999936,-2.6654905999999414],[-46.57887379999994,-2.6315177999999264],[-46.506848599999955,-2.616873999999939],[-46.49121219999995,-2.53755069999994],[-46.41933359999996,-2.532425099999955],[-46.44215299999996,-2.419411099999934],[-46.40941429999998,-2.371371199999942],[-46.46736669999996,-2.376350999999943],[-46.43164729999995,-2.334803099999931],[-46.43194049999994,-2.237055699999928],[-46.38224599999995,-2.2490181999999663],[-46.28329689999998,-2.1543900999999437],[-46.300887899999964,-2.141792099999975],[-46.22270589999994,-1.9102251999999567],[-46.244841099999974,-1.8819485999999301],[-46.21136949999993,-1.8357477999999787],[-46.253636599999936,-1.7958461999999713],[-46.31215099999997,-1.8056872999999314],[-46.32155719999997,-1.75862989999996],[-46.156788699999936,-1.6802876999999512],[-46.13362719999998,-1.5786921999999777],[-46.176334199999985,-1.4749424999999405],[-46.10372259999997,-1.3372858999999266],[-46.15923179999993,-1.28775109999998],[-46.14926359999998,-1.2260020999999597],[-46.07708239999994,-1.196243099999947],[-46.05635509999996,-1.1315821999999685],[-46.03850849999998,-1.1729993999999806],[-46.04606159999997,-1.1211407999999778],[-45.978345599999955,-1.0493280999999683],[-45.98366199999998,-1.1114025999999626],[-45.95168239999998,-1.141885699999932],[-45.95960999999994,-1.1588508999999476],[-45.954156799999964,-1.1614199999999641],[-45.95822769999995,-1.1811429999999632],[-45.95397609999998,-1.2021930999999313],[-45.86056099999996,-1.049709499999949],[-45.85018379999997,-1.1019851999999446],[-45.912074899999936,-1.1663412999999423],[-45.905953299999965,-1.1718612999999323],[-45.874676799999975,-1.1498998999999799],[-45.862774499999944,-1.212663599999928],[-45.80212389999997,-1.1612730999999599],[-45.799642699999936,-1.1799168999999665],[-45.76816699999995,-1.1989823999999771],[-45.72092859999998,-1.1100085999999578],[-45.690908099999945,-1.1486672999999428],[-45.73821339999995,-1.2201297999999383],[-45.68989929999998,-1.2736013999999614],[-45.64806249999998,-1.2369721999999683],[-45.62988769999998,-1.1236289999999372],[-45.63678719999996,-1.281191799999931],[-45.59370759999996,-1.2667203999999401],[-45.59210609999997,-1.302437199999929],[-45.54893709999993,-1.276382999999953],[-45.514525799999944,-1.3070775999999569],[-45.512441999999965,-1.3780867999999487],[-45.44605279999996,-1.311802299999954],[-45.457284699999946,-1.2976013999999623],[-45.41412309999998,-1.297472399999947],[-45.41574369999995,-1.3459113999999772],[-45.47497599999997,-1.3720071999999277],[-45.48248849999993,-1.4785792999999785],[-45.37038289999998,-1.3955305999999723],[-45.376418299999955,-1.366739799999948],[-45.34068849999994,-1.3520168999999669],[-45.362257399999976,-1.3188755999999557],[-45.308619599999986,-1.3329172999999628],[-45.30039709999994,-1.4376350999999659],[-45.38820499999997,-1.472016999999937],[-45.30844769999993,-1.4968107999999347],[-45.33475499999997,-1.5943147999999496],[-45.260919599999966,-1.5960814999999684],[-45.198023699999965,-1.4884249999999497],[-45.132490099999984,-1.4847850999999537],[-45.103192999999976,-1.4731291999999598],[-45.09670939999995,-1.4554645999999707],[-45.006489199999976,-1.4861295999999697],[-45.00717789999993,-1.531759099999931],[-44.978709899999956,-1.5245867999999518],[-44.95469389999994,-1.5608242999999788],[-44.96919609999998,-1.4778832999999736],[-44.937123499999984,-1.4898734999999306],[-44.86044819999995,-1.4112959999999362],[-44.83054699999997,-1.4346279999999751],[-44.84390589999998,-1.4888610999999514],[-44.885108799999955,-1.4779086999999436],[-44.918265599999984,-1.5390393999999787],[-44.90579939999998,-1.6046656999999414],[-44.854692599999964,-1.6180284999999799],[-44.835704599999985,-1.572940899999935],[-44.80268689999997,-1.5894385999999372],[-44.77881649999995,-1.578447199999971],[-44.76934249999994,-1.5611398999999437],[-44.76349479999993,-1.594736399999931],[-44.70754459999995,-1.5516797999999312],[-44.708892599999956,-1.5806151999999543],[-44.682325599999956,-1.5659570999999346],[-44.64329259999994,-1.6050232999999707],[-44.66183099999995,-1.6626387999999679],[-44.74677719999994,-1.650732699999935],[-44.79979599999996,-1.7042930999999726],[-44.70091579999996,-1.7262435999999752],[-44.75722339999993,-1.789355799999953],[-44.64604989999998,-1.7651404999999727],[-44.652522499999975,-1.7154005999999526],[-44.60106589999998,-1.7397074999999518],[-44.617704499999945,-1.7608213999999407],[-44.57336239999995,-1.7751953999999728],[-44.56460469999996,-1.835325599999976],[-44.533279799999946,-1.822754199999963],[-44.553506099999936,-1.885033999999962],[-44.51456719999993,-1.8857295999999337],[-44.48125369999997,-1.9868996999999808],[-44.575994299999934,-2.0241434999999797],[-44.48529499999995,-2.042741099999944],[-44.55245679999996,-2.089017399999932],[-44.68208039999996,-2.2721153999999615],[-44.62759299999993,-2.2908972999999264],[-44.53013589999995,-2.159864099999936],[-44.46377769999998,-2.1442978999999696],[-44.39846309999996,-2.2143857999999454],[-44.35780829999993,-2.339571499999977],[-44.387976299999934,-2.408886799999948],[-44.49844729999995,-2.425880599999971],[-44.44294139999994,-2.4575158999999758],[-44.49022579999996,-2.521728499999938],[-44.53458189999998,-2.5276829999999677],[-44.62655479999995,-2.7020939999999314],[-44.65160709999998,-2.8074560999999676],[-44.633223699999974,-2.8574358999999276],[-44.680804499999965,-2.928908099999944],[-44.65821569999997,-3.0153772999999546],[-44.532498799999985,-3.044049799999925],[-44.448855299999934,-2.9809576999999763],[-44.35409189999996,-2.603197199999954],[-44.37773989999994,-2.565760399999931],[-44.34892639999998,-2.5269419999999627],[-44.30933089999996,-2.5389346999999702],[-44.30456899999996,-2.4875059999999394],[-44.03083749999996,-2.407015299999955],[-44.036063499999955,-2.5565440999999396],[-44.09281149999998,-2.574743999999953],[-44.13758679999995,-2.681635999999969],[-44.26603849999998,-2.75798199999997],[-44.241434599999934,-2.780508199999929],[-44.09491289999994,-2.75324999999998],[-43.93121949999994,-2.5616222999999536],[-43.85015019999997,-2.5100369999999543],[-43.83811309999993,-2.416656199999977],[-43.800464499999975,-2.3902510999999436],[-43.808417299999974,-2.438397499999951],[-43.75996249999997,-2.41738799999996],[-43.72680029999998,-2.3864683999999556],[-43.72035889999995,-2.291390099999944],[-43.62721049999993,-2.2512336999999434],[-43.593561199999954,-2.2872310999999286],[-43.62358809999995,-2.303110599999968],[-43.64520689999995,-2.4027163999999743],[-43.73214139999993,-2.4255235999999627],[-43.767823599999986,-2.493908099999942],[-43.716956799999934,-2.4758835999999746],[-43.69251099999997,-2.520543299999929],[-43.651598999999976,-2.4818219999999656],[-43.62196559999995,-2.510199299999954],[-43.579794299999946,-2.45864279999995],[-43.58055129999997,-2.507051199999978],[-43.52845529999996,-2.418720599999972],[-43.50867779999993,-2.4761150999999586],[-43.46147929999995,-2.486343999999974],[-43.48421059999998,-2.3781686999999465],[-43.46096899999998,-2.350623799999937],[-43.29192709999995,-2.3431052999999338],[-42.825291499999935,-2.5447231999999644],[-42.72271189999998,-2.5562388999999257],[-42.58735539999998,-2.6690042999999264],[-42.36869759999996,-2.714043599999968],[-42.33860639999995,-2.7491507999999385],[-42.26355579999995,-2.7579037999999514],[-42.256914999999935,-2.675737999999967],[-42.070152399999984,-2.6871520999999348],[-42.031350499999974,-2.739620699999932],[-42.01401599999997,-2.7126435999999785],[-41.80724749999996,-2.730040299999928],[-41.86603789999998,-2.869966399999953],[-41.796069099999954,-2.9575046999999586],[-41.92335509999998,-3.1100973999999724],[-41.93556119999994,-3.18355379999997],[-42.01277579999993,-3.248071399999958],[-42.12662579999994,-3.269699899999978],[-42.09938319999998,-3.315313799999956],[-42.12543439999996,-3.3130857999999535],[-42.20173189999997,-3.4313406999999643],[-42.29526559999994,-3.454051399999969],[-42.33142289999995,-3.4335258999999496],[-42.461256499999934,-3.4846028999999703],[-42.503318999999976,-3.4506070999999565],[-42.565151999999955,-3.567387099999962],[-42.67507509999996,-3.6726538999999434],[-42.67145919999996,-3.7916285999999673],[-42.72987879999994,-3.9163049999999657],[-42.82215499999995,-3.9995995999999536],[-42.90152709999995,-4.118948699999976],[-42.888490899999965,-4.153543399999933],[-42.93584169999997,-4.159122599999932],[-42.98643499999997,-4.220480499999951],[-42.96288259999994,-4.376112299999932],[-42.88000969999996,-4.415867799999944],[-42.85039829999994,-4.484460599999977],[-42.872973299999956,-4.58168749999993],[-42.952377499999955,-4.679815399999939],[-42.920664399999964,-4.7382164999999645],[-42.95035729999995,-4.775214099999971],[-42.85391649999997,-4.937259799999936],[-42.79899359999996,-5.1896780999999805],[-42.829484599999944,-5.23926419999998],[-42.82530959999997,-5.346363099999962],[-42.965423999999985,-5.449194899999952],[-43.033217399999955,-5.592074099999934],[-43.098009299999944,-5.624772099999973],[-43.074927199999934,-5.867714699999965],[-43.099500399999954,-5.904611599999953],[-43.04756349999997,-5.997336399999938],[-43.074585199999945,-6.05742239999995],[-43.04512949999997,-6.106544699999972],[-42.98638609999995,-6.122967499999959],[-42.96991109999993,-6.177325099999962],[-42.86153919999998,-6.239121599999976],[-42.859780099999966,-6.329947699999934],[-42.829484599999944,-6.334221399999933],[-42.87793089999997,-6.4184931999999435],[-42.86579509999996,-6.48388099999994],[-42.91993139999994,-6.671008099999938],[-43.011062299999935,-6.760009399999944],[-43.24482649999993,-6.766948299999967],[-43.419128899999976,-6.844010499999968],[-43.48118049999994,-6.835409899999945],[-43.561659099999986,-6.748120899999947],[-43.714990099999966,-6.698733299999958],[-43.79506369999996,-6.702071799999942],[-43.932371599999954,-6.771995699999934],[-43.96120969999998,-6.741898399999968],[-44.03339329999994,-6.76040409999996],[-44.069697099999985,-6.821377499999926],[-44.11627559999994,-6.8057858999999326],[-44.100649499999975,-6.851142099999947],[-44.12512389999995,-6.835585199999969],[-44.20817189999997,-6.969945199999927],[-44.262294699999984,-7.001302099999975],[-44.30518479999995,-7.117812199999946],[-44.386063899999954,-7.120915399999944],[-44.56419529999994,-7.22770799999995],[-44.68864099999996,-7.394908799999939],[-44.81649619999996,-7.360893799999928],[-44.924816299999975,-7.470529399999975],[-45.15552799999995,-7.512914499999965],[-45.21848879999993,-7.568544799999927],[-45.232326299999954,-7.549071399999946],[-45.33468039999997,-7.577659499999982],[-45.45960059999993,-7.6728034999999295],[-45.54075409999996,-7.864056199999936],[-45.52372989999998,-7.910768899999937],[-45.57765539999997,-8.028331299999934],[-45.58372779999996,-8.156936199999961],[-45.66362639999994,-8.250530799999979],[-45.75383729999993,-8.542063299999938],[-45.794586799999934,-8.583711499999936],[-45.76619059999996,-8.609545599999933],[-45.81599099999994,-8.632752599999947],[-45.84040689999995,-8.715528999999947],[-45.93770729999994,-8.781243699999948],[-45.99508929999996,-8.926991599999951],[-45.89768859999998,-9.185297799999944],[-45.89428909999998,-9.341566499999942],[-45.82469169999996,-9.37457779999994],[-45.78343529999995,-9.47947709999994],[-45.841932499999984,-9.56288989999996],[-45.82142059999995,-9.773127099999954],[-45.866277699999955,-9.870718999999951],[-45.84228619999993,-9.941557899999964],[-45.871146899999985,-10.067964699999948]]],[[[-45.95613919999994,-1.1870406999999545],[-45.95397639999993,-1.189280799999949],[-45.955890599999975,-1.1917282999999657],[-45.95613919999994,-1.1870406999999545]]],[[[-46.014278899999965,-1.072024699999929],[-46.01182709999995,-1.07688399999995],[-46.01738379999995,-1.0772525999999516],[-46.014278899999965,-1.072024699999929]]],[[[-45.42030179999995,-1.4075518999999304],[-45.40447509999996,-1.4010847999999783],[-45.41386609999995,-1.420770599999969],[-45.42030179999995,-1.4075518999999304]]],[[[-45.499411899999984,-1.3617679999999268],[-45.50062269999995,-1.3530479999999443],[-45.495920799999965,-1.3462074999999345],[-45.499411899999984,-1.3617679999999268]]],[[[-45.491656699999965,-1.343993199999943],[-45.48673059999993,-1.3401479999999424],[-45.49187269999993,-1.3483684999999355],[-45.491656699999965,-1.343993199999943]]],[[[-45.57049579999995,-1.260542399999963],[-45.57618489999993,-1.272613999999976],[-45.575395699999945,-1.2616931999999679],[-45.57049579999995,-1.260542399999963]]],[[[-45.65154609999996,-1.2302525999999716],[-45.649800899999946,-1.2342976999999564],[-45.65217289999998,-1.2345772999999554],[-45.65154609999996,-1.2302525999999716]]],[[[-45.69831069999998,-1.2561028999999735],[-45.71074799999997,-1.2265743999999472],[-45.68801509999997,-1.1836536999999794],[-45.668047799999954,-1.2436514999999417],[-45.69831069999998,-1.2561028999999735]]],[[[-45.53219079999997,-1.2205450999999243],[-45.59593449999994,-1.2417992999999683],[-45.572681099999954,-1.1918743999999606],[-45.53219079999997,-1.2205450999999243]]],[[[-45.77411619999998,-1.1923254999999244],[-45.768001599999934,-1.1946551999999429],[-45.769676199999935,-1.1964380999999662],[-45.77411619999998,-1.1923254999999244]]],[[[-45.90423019999997,-1.1619490999999584],[-45.898745599999984,-1.1593646999999692],[-45.904456599999946,-1.163580799999977],[-45.90423019999997,-1.1619490999999584]]],[[[-45.605008699999985,-1.1600642999999309],[-45.609635899999944,-1.1518604999999411],[-45.60487199999994,-1.1511985999999297],[-45.605008699999985,-1.1600642999999309]]],[[[-45.82140579999998,-1.154713299999969],[-45.80973529999994,-1.1235186999999769],[-45.80450509999997,-1.1442502999999533],[-45.82140579999998,-1.154713299999969]]],[[[-44.830404199999975,-1.5675790999999322],[-44.82879379999997,-1.5577425999999264],[-44.824627599999985,-1.5647808999999597],[-44.830404199999975,-1.5675790999999322]]],[[[-44.89498039999995,-1.5300256999999533],[-44.89837049999994,-1.5305987999999502],[-44.896301499999936,-1.5279560999999262],[-44.89498039999995,-1.5300256999999533]]],[[[-44.79718789999998,-1.521818499999938],[-44.798161999999934,-1.5515048999999408],[-44.82855319999993,-1.5558534999999551],[-44.78062129999995,-1.478606099999979],[-44.79718789999998,-1.521818499999938]]],[[[-44.86671389999998,-1.4930561999999554],[-44.86847019999993,-1.4896051999999713],[-44.86380299999996,-1.4917712999999253],[-44.86671389999998,-1.4930561999999554]]],[[[-44.86941959999996,-1.4881162999999447],[-44.87138229999994,-1.4890629999999305],[-44.869892799999946,-1.4874397999999474],[-44.86941959999996,-1.4881162999999447]]],[[[-45.14314329999996,-1.4754705999999373],[-45.14104269999996,-1.4714967999999544],[-45.14198879999998,-1.4779823999999735],[-45.14314329999996,-1.4754705999999373]]],[[[-45.09859089999998,-1.4484869999999432],[-45.09633699999995,-1.449170199999969],[-45.09654229999995,-1.4504675999999677],[-45.09859089999998,-1.4484869999999432]]],[[[-45.103017199999954,-1.464153299999964],[-45.12744689999994,-1.4554341999999565],[-45.110591899999974,-1.4219010999999568],[-45.103017199999954,-1.464153299999964]]],[[[-45.07039159999994,-1.4380111999999485],[-45.07492789999998,-1.4596319999999423],[-45.078869199999986,-1.4278538999999455],[-45.07039159999994,-1.4380111999999485]]],[[[-45.09556669999995,-1.4407760999999368],[-45.086179699999946,-1.4241415999999276],[-45.08915639999998,-1.444511299999931],[-45.09556669999995,-1.4407760999999368]]],[[[-45.07172299999996,-1.3734091999999691],[-45.10105219999997,-1.4330289999999763],[-45.10288949999995,-1.421663199999955],[-45.08186279999995,-1.3772833999999534],[-45.07172299999996,-1.3734091999999691]]],[[[-45.09313969999994,-1.3823911999999723],[-45.12658909999993,-1.3868706999999745],[-45.11312319999996,-1.362590599999976],[-45.09313969999994,-1.3823911999999723]]],[[[-45.047247899999945,-1.3972422999999594],[-45.04772499999996,-1.3661900999999261],[-45.04462669999998,-1.3991165999999566],[-45.047247899999945,-1.3972422999999594]]],[[[-44.99883939999995,-1.2857034999999541],[-44.899508899999944,-1.2742655999999783],[-44.86692339999996,-1.3287446999999588],[-45.00533559999997,-1.4008203999999296],[-45.03386199999994,-1.3380292999999597],[-44.97850109999996,-1.316825999999935],[-44.99883939999995,-1.2857034999999541]]],[[[-44.667023599999936,-2.972617599999978],[-44.661086799999964,-2.957030599999939],[-44.66156639999997,-2.980344099999968],[-44.667023599999936,-2.972617599999978]]],[[[-44.62847179999994,-2.932984799999929],[-44.62159419999995,-2.9342737999999713],[-44.62922129999998,-2.943333399999972],[-44.62847179999994,-2.932984799999929]]],[[[-44.66037129999995,-2.944919999999968],[-44.649729099999945,-2.9179736999999477],[-44.64063589999995,-2.915023499999961],[-44.66037129999995,-2.944919999999968]]],[[[-44.47772569999995,-2.7434325999999487],[-44.47902039999997,-2.957860299999936],[-44.58277769999995,-3.0318233999999507],[-44.641552599999955,-2.9726827999999728],[-44.58961659999994,-2.8948398999999654],[-44.58030789999998,-2.859403499999928],[-44.58805229999996,-2.8187003999999547],[-44.50595709999993,-2.72893339999996],[-44.47772569999995,-2.7434325999999487]]],[[[-44.590968799999985,-2.872983399999953],[-44.58859559999996,-2.87610159999997],[-44.591332299999976,-2.8780721999999628],[-44.590968799999985,-2.872983399999953]]],[[[-44.41226819999997,-2.798299399999962],[-44.41279079999998,-2.795723399999929],[-44.41184459999994,-2.7962318999999525],[-44.41226819999997,-2.798299399999962]]],[[[-44.42551579999997,-2.414895099999967],[-44.42074979999995,-2.4263789999999403],[-44.42481339999995,-2.4282998999999563],[-44.42551579999997,-2.414895099999967]]],[[[-44.48351539999993,-2.076934799999947],[-44.467891099999974,-2.077117699999974],[-44.48315669999994,-2.078729599999974],[-44.48351539999993,-2.076934799999947]]],[[[-44.53768719999994,-2.0230809999999337],[-44.540117399999986,-2.0200648999999657],[-44.53541949999993,-2.021744999999953],[-44.53768719999994,-2.0230809999999337]]],[[[-44.73551949999995,-1.6801255999999398],[-44.74931219999996,-1.6968850999999745],[-44.75762619999995,-1.6885113999999248],[-44.73551949999995,-1.6801255999999398]]],[[[-44.75023249999998,-1.6804252999999676],[-44.746353699999986,-1.677251799999965],[-44.74509999999998,-1.6788077999999587],[-44.75023249999998,-1.6804252999999676]]],[[[-44.726104599999985,-1.6711870999999405],[-44.742015299999935,-1.6656871999999794],[-44.72793779999995,-1.6591009999999642],[-44.726104599999985,-1.6711870999999405]]],[[[-44.78112489999995,-1.5764703999999483],[-44.78121189999996,-1.5738352999999279],[-44.78015689999995,-1.574011799999937],[-44.78112489999995,-1.5764703999999483]]],[[[-44.73191429999997,-1.549097599999925],[-44.763325399999985,-1.579050499999937],[-44.74882319999995,-1.5343699999999671],[-44.73191429999997,-1.549097599999925]]],[[[-44.745235099999945,-1.5053323999999293],[-44.79291949999998,-1.5259712999999806],[-44.77218499999998,-1.485859699999935],[-44.77586029999998,-1.4785035999999536],[-44.79253129999995,-1.4687641999999528],[-44.75895069999996,-1.4603303999999753],[-44.745235099999945,-1.5053323999999293]]],[[[-44.096353799999974,-2.75070089999997],[-44.09454819999996,-2.7504694999999515],[-44.096191799999986,-2.7508589999999344],[-44.096353799999974,-2.75070089999997]]],[[[-44.092460899999935,-2.74808749999994],[-44.09382459999995,-2.7470661999999493],[-44.09250559999998,-2.7466861999999423],[-44.092460899999935,-2.74808749999994]]],[[[-44.37356109999996,-2.5792410999999333],[-44.373958699999946,-2.5773348999999257],[-44.37317679999995,-2.579254399999968],[-44.37356109999996,-2.5792410999999333]]],[[[-44.36534679999994,-2.545176799999979],[-44.36570519999998,-2.5425498999999263],[-44.36386959999993,-2.54450989999998],[-44.36534679999994,-2.545176799999979]]],[[[-44.366446199999984,-2.5392603999999324],[-44.36513069999995,-2.5393170999999484],[-44.365368899999964,-2.5400121999999783],[-44.366446199999984,-2.5392603999999324]]],[[[-44.36338619999998,-2.5198779999999488],[-44.370740499999954,-2.5280217999999763],[-44.37258779999996,-2.521625899999947],[-44.36338619999998,-2.5198779999999488]]],[[[-44.35938129999994,-2.52348939999996],[-44.360253299999954,-2.523166799999956],[-44.35955349999995,-2.522908599999937],[-44.35938129999994,-2.52348939999996]]],[[[-43.85381049999995,-2.473196199999961],[-43.853743399999985,-2.469330599999978],[-43.85205629999996,-2.469044799999949],[-43.85381049999995,-2.473196199999961]]],[[[-43.851121999999975,-2.4660861999999497],[-43.851938899999936,-2.4663823999999295],[-43.850869099999954,-2.463587299999972],[-43.851121999999975,-2.4660861999999497]]],[[[-43.85569859999998,-2.4480523999999377],[-43.85528519999997,-2.449889399999961],[-43.85674259999996,-2.4497449999999503],[-43.85569859999998,-2.4480523999999377]]],[[[-43.85302829999995,-2.420564299999967],[-43.85729369999996,-2.443809999999928],[-43.870275299999946,-2.445500799999934],[-43.85302829999995,-2.420564299999967]]],[[[-43.68097369999998,-2.5067942999999673],[-43.67891799999995,-2.5064888999999653],[-43.68082039999996,-2.508467699999926],[-43.68097369999998,-2.5067942999999673]]],[[[-43.710896299999945,-2.483455499999934],[-43.71019919999998,-2.4849234999999794],[-43.71089249999994,-2.4851835999999707],[-43.710896299999945,-2.483455499999934]]],[[[-43.464432999999985,-2.4846579999999676],[-43.47351139999995,-2.473776399999963],[-43.47036289999994,-2.470233999999948],[-43.464432999999985,-2.4846579999999676]]],[[[-43.788563899999986,-2.4158526999999594],[-43.78892479999996,-2.415128099999947],[-43.788161799999955,-2.415166499999941],[-43.788563899999986,-2.4158526999999594]]],[[[-43.762037299999974,-2.377998899999966],[-43.77535439999997,-2.4075026999999523],[-43.788406899999984,-2.4147225999999478],[-43.787609799999984,-2.378326799999968],[-43.762037299999974,-2.377998899999966]]],[[[-43.542092999999966,-2.3606024999999704],[-43.581521099999975,-2.4232780999999477],[-43.61287969999995,-2.378492299999948],[-43.542092999999966,-2.3606024999999704]]],[[[-43.50662429999994,-2.3839977999999746],[-43.537217699999985,-2.4056357999999705],[-43.52479639999996,-2.3700957999999446],[-43.50662429999994,-2.3839977999999746]]]]}},{"id":"10","type":"Feature","properties":{"UF":"MG"},"geometry":{"type":"Polygon","coordinates":[[[-46.58513389999996,-22.43944749999997],[-46.666400299999964,-22.41524469999996],[-46.66092349999997,-22.36604099999994],[-46.723260299999936,-22.306623799999954],[-46.67383549999994,-22.17561749999993],[-46.59861699999993,-22.135287499999947],[-46.723442999999975,-22.07682109999996],[-46.664785999999935,-22.06886309999993],[-46.67557489999996,-22.022374699999943],[-46.61326239999994,-22.014962699999955],[-46.67377849999997,-21.91105269999997],[-46.647536499999944,-21.88046079999998],[-46.690970499999935,-21.836963799999978],[-46.62603029999997,-21.76622649999996],[-46.621594699999946,-21.675542999999948],[-46.564631299999974,-21.678679399999965],[-46.518227999999965,-21.61282189999997],[-46.50925209999997,-21.469898899999976],[-46.576513699999964,-21.426957199999947],[-46.61525679999994,-21.441468199999974],[-46.665531199999975,-21.361158199999977],[-46.705962399999976,-21.404843899999946],[-46.76470509999996,-21.360063599999933],[-46.83214909999998,-21.36653819999998],[-46.92077599999993,-21.427131299999928],[-47.01150789999997,-21.422272799999973],[-46.99726849999996,-21.351226399999973],[-47.07728819999994,-21.240223499999956],[-47.06220969999998,-21.20916989999995],[-47.11878789999997,-21.185752099999945],[-47.147814299999936,-20.972492899999963],[-47.240044299999965,-20.88528169999995],[-47.186260699999934,-20.731134399999974],[-47.16559849999993,-20.701487699999973],[-47.115300899999966,-20.707204799999943],[-47.09689579999997,-20.644528299999934],[-47.15114969999996,-20.52204649999993],[-47.29276559999994,-20.447733599999935],[-47.298208099999954,-20.348435699999982],[-47.231073599999945,-20.21915219999994],[-47.25704429999996,-20.166203999999937],[-47.43870839999994,-20.051088799999945],[-47.42442799999998,-20.01531959999994],[-47.46829269999995,-19.96142219999996],[-47.58382459999996,-19.996664599999974],[-47.63476429999997,-20.049247799999932],[-47.70840529999998,-19.978701599999965],[-47.856150199999945,-19.990544799999952],[-47.89546279999996,-20.125258299999928],[-47.975969299999974,-20.035372699999982],[-48.02016299999997,-20.12402899999995],[-48.10548739999996,-20.14635599999997],[-48.234826699999985,-20.028275599999972],[-48.25342509999996,-20.077920699999936],[-48.21774749999997,-20.125288799999964],[-48.25468779999994,-20.14381579999997],[-48.405776799999956,-20.11351099999996],[-48.57823319999994,-20.13124899999997],[-48.642128699999944,-20.16649609999996],[-48.82574319999998,-20.16195749999997],[-48.886545799999965,-20.27116259999997],[-48.86723039999998,-20.40246129999997],[-48.898202399999946,-20.441873099999953],[-48.970352799999944,-20.389790499999947],[-48.96178579999997,-20.263301199999944],[-49.00042629999996,-20.160748099999978],[-49.067479799999944,-20.154743499999938],[-49.122411099999965,-20.273544999999956],[-49.17256169999996,-20.312535099999934],[-49.24520069999994,-20.282142799999974],[-49.30853799999994,-20.10389289999995],[-49.296310999999946,-20.01557379999997],[-49.24761939999996,-19.99774569999994],[-49.25950499999993,-19.96384219999993],[-49.44451959999998,-19.98051179999993],[-49.551485199999945,-19.905840999999953],[-49.855573299999946,-19.946824999999933],[-50.015288399999974,-19.92635779999995],[-50.097243299999946,-19.875478999999928],[-50.34566119999994,-19.867563399999938],[-50.47191819999995,-19.779655799999944],[-50.577948799999945,-19.816374399999972],[-50.661324099999945,-19.90900199999993],[-50.90813469999995,-19.99425739999998],[-51.00047499999994,-20.085384399999953],[-51.02114889999996,-19.96402829999994],[-50.99947129999998,-19.906375499999967],[-51.04608179999997,-19.73558289999994],[-50.98755459999995,-19.589507599999934],[-50.92439459999997,-19.580884599999933],[-50.96237849999994,-19.48189569999994],[-50.830451299999936,-19.49227559999997],[-50.875972099999956,-19.41503469999998],[-50.81889039999999,-19.29173449999996],[-50.74653269999993,-19.23990699999996],[-50.73415289999997,-19.187694999999962],[-50.675862999999936,-19.171199199999933],[-50.675954299999944,-19.137073399999963],[-50.58776549999993,-19.13994759999997],[-50.535162499999956,-19.098887099999956],[-50.49507619999997,-19.012868499999968],[-50.51055299999996,-18.93866049999997],[-50.443435799999975,-18.894115599999964],[-50.30626659999996,-18.69547149999994],[-50.080043099999955,-18.672243799999933],[-50.020064299999945,-18.59936349999998],[-49.784819599999935,-18.642247699999928],[-49.76852969999993,-18.610986399999945],[-49.63971449999997,-18.600138999999956],[-49.65170599999993,-18.56111599999997],[-49.552377699999965,-18.544116499999973],[-49.53530639999997,-18.49180709999996],[-49.49305229999993,-18.494285299999945],[-49.48172559999995,-18.560547799999938],[-49.38505749999996,-18.64606189999995],[-49.19775329999993,-18.45783719999997],[-49.21009879999997,-18.414781499999947],[-49.12631289999996,-18.38431429999997],[-49.07703989999993,-18.416780399999936],[-48.93317159999998,-18.30545399999994],[-48.83713469999998,-18.341480799999943],[-48.81636159999994,-18.37966119999993],[-48.757723399999975,-18.34476109999997],[-48.56141469999994,-18.323886499999958],[-48.48123519999996,-18.380138699999975],[-48.44566089999995,-18.355301399999973],[-48.310540999999944,-18.386709499999938],[-48.270497399999954,-18.329448299999967],[-48.16182619999995,-18.371885299999974],[-48.11078759999998,-18.428593999999975],[-48.05747539999993,-18.412924199999964],[-47.98091029999995,-18.44286119999998],[-47.95493699999997,-18.50028029999993],[-47.831938399999956,-18.449783099999934],[-47.81057199999998,-18.400115399999947],[-47.747876099999985,-18.411606699999936],[-47.740570899999966,-18.363839799999937],[-47.70009259999995,-18.37899219999997],[-47.610581999999965,-18.316480699999943],[-47.638769999999965,-18.287678099999937],[-47.56827519999996,-18.20371289999997],[-47.53686299999998,-18.194969699999945],[-47.532437699999946,-18.231325899999945],[-47.35763179999998,-18.08523329999997],[-47.28386829999994,-18.05839279999998],[-47.37261579999995,-17.829791899999975],[-47.313702199999966,-17.698962999999935],[-47.27010409999997,-17.674471799999935],[-47.26480379999998,-17.611389199999962],[-47.325414499999965,-17.52380059999996],[-47.40044869999997,-17.51181749999995],[-47.45472569999998,-17.541785999999945],[-47.50471659999994,-17.50919319999997],[-47.53981229999994,-17.38839669999993],[-47.51113469999996,-17.32625919999998],[-47.44079009999996,-17.34770279999998],[-47.434459199999935,-17.27621849999997],[-47.36264629999994,-17.222708499999953],[-47.35198749999995,-17.166499399999964],[-47.18037099999998,-17.06280799999996],[-47.12740899999994,-16.978651799999966],[-47.19884209999998,-16.908063199999958],[-47.19456889999998,-16.824589199999934],[-47.25086209999995,-16.664807399999972],[-47.319296399999985,-16.602018999999927],[-47.413223899999934,-16.574171899999953],[-47.460174999999936,-16.49363539999996],[-47.327144299999986,-16.248641299999974],[-47.352732199999934,-16.132830299999966],[-47.30036739999997,-16.017245699999933],[-47.217276599999934,-16.014420299999927],[-47.14278049999996,-15.926342499999976],[-47.08864449999993,-15.961129299999982],[-46.80689869999998,-15.879248999999959],[-46.85488349999997,-15.618300499999975],[-46.94868799999995,-15.557844399999965],[-46.92931329999993,-15.439939699999968],[-46.83567579999993,-15.325127699999939],[-46.88931829999996,-15.282246899999961],[-46.891484599999956,-15.23525959999995],[-46.92765529999997,-15.255095299999937],[-46.940866599999936,-15.230701599999975],[-46.88844309999996,-15.11564489999995],[-46.920591799999954,-15.050858999999946],[-46.84434199999998,-15.009081699999967],[-46.62805949999995,-15.089490499999954],[-46.50360809999995,-15.053433299999938],[-46.54653589999998,-14.92544449999997],[-46.521555999999975,-14.851179499999944],[-46.566281799999956,-14.788395699999967],[-46.50344579999995,-14.704075799999941],[-46.47490349999998,-14.705183099999942],[-46.32219989999993,-14.814580299999932],[-46.300472499999955,-14.858078699999965],[-46.319335799999976,-14.900438999999949],[-46.28686479999993,-14.928145699999959],[-46.175550499999986,-14.94942519999995],[-46.16294719999996,-14.906107099999929],[-46.09821619999997,-14.938982499999952],[-46.04856109999997,-14.878282699999943],[-46.00387999999998,-14.902289799999949],[-45.96608089999995,-14.965645499999937],[-45.975494099999935,-15.038881599999968],[-46.05428059999997,-15.171969499999932],[-46.120722299999954,-15.195194899999933],[-46.058112999999935,-15.262741799999958],[-45.95590929999997,-15.140666299999964],[-45.87124699999998,-15.158810899999935],[-45.817967099999976,-15.11418619999995],[-45.73029509999998,-15.117244899999946],[-45.56673939999996,-14.944852999999966],[-45.45599429999993,-14.954260699999963],[-45.205573699999945,-14.744738899999959],[-45.082772699999964,-14.748766699999976],[-45.03951139999998,-14.67985109999995],[-44.843386599999974,-14.58083819999996],[-44.83323819999998,-14.499827799999935],[-44.701292999999964,-14.449788099999978],[-44.56556519999998,-14.340059999999937],[-44.31784989999994,-14.240744799999959],[-44.24750529999994,-14.260118299999931],[-44.215332599999954,-14.233180699999934],[-44.13561699999997,-14.282185399999946],[-44.11259439999998,-14.258728299999973],[-44.03462099999996,-14.28902839999995],[-43.99764959999993,-14.265404399999966],[-43.78401659999997,-14.337178799999947],[-43.87387729999995,-14.520583599999952],[-43.88350759999997,-14.653232199999934],[-43.723287599999935,-14.699531599999943],[-43.71986169999997,-14.729538899999966],[-43.58061639999994,-14.750813899999969],[-43.52975699999996,-14.815944799999954],[-43.46969829999995,-14.78734849999995],[-43.43488899999994,-14.723038299999928],[-43.17634979999997,-14.65054379999998],[-43.083936499999936,-14.698272599999939],[-42.93888019999997,-14.708029599999975],[-42.927052999999944,-14.744140199999947],[-42.72335979999997,-14.885612399999957],[-42.43680039999998,-15.022715999999946],[-42.44093849999996,-15.062362599999972],[-42.35490699999997,-15.098203099999978],[-42.33351729999998,-15.079052699999977],[-42.26479649999993,-15.12517859999997],[-42.173319799999945,-15.085953999999958],[-42.09162089999995,-15.186605399999962],[-41.99750309999996,-15.158889999999928],[-41.93253649999997,-15.17450169999995],[-41.87043059999996,-15.115180099999975],[-41.800710081999966,-15.101097107999976],[-41.35642269999994,-15.500286099999983],[-41.331206099999974,-15.744673399999954],[-41.215396399999975,-15.73716589999998],[-41.14253019999995,-15.77204699999993],[-41.07755789999993,-15.719287999999949],[-41.006059499999935,-15.713837299999966],[-40.96161449999994,-15.64793149999997],[-40.881556899999964,-15.694470799999976],[-40.81902829999996,-15.646341999999947],[-40.76766369999996,-15.714079399999946],[-40.70457579999993,-15.666398799999968],[-40.563472599999955,-15.802904199999944],[-40.46142859999998,-15.753231699999958],[-40.376860299999976,-15.823522599999933],[-40.23111129999995,-15.803847099999928],[-40.16610419999995,-15.86837719999994],[-40.17071509999994,-15.907530399999928],[-40.084996599999954,-15.897120599999937],[-40.06619469999998,-15.960208299999977],[-40.00443649999994,-16.001838199999952],[-39.91479789999994,-15.999993399999937],[-39.935686199999964,-16.023747899999933],[-39.85682889999998,-16.113824799999975],[-39.936521099999936,-16.245780799999977],[-39.916678299999944,-16.283842799999945],[-39.96667269999995,-16.32720919999997],[-39.991101999999955,-16.31273429999993],[-40.06918299999995,-16.460725699999955],[-40.09866409999995,-16.42121009999994],[-40.17078109999994,-16.523621999999932],[-40.15789739999997,-16.579454899999973],[-40.234127599999965,-16.557932299999948],[-40.28618759999995,-16.59253929999994],[-40.34549359999994,-16.787267499999928],[-40.26446989999994,-16.799104599999964],[-40.25212149999993,-16.860050599999965],[-40.32714699999997,-16.90931919999997],[-40.366484999999955,-16.87417229999994],[-40.41571669999996,-16.899500599999953],[-40.48500439999998,-16.878970699999968],[-40.57141429999996,-17.06388549999997],[-40.572249899999974,-17.251372799999956],[-40.54775089999998,-17.28370629999995],[-40.60902519999996,-17.32696839999994],[-40.59866439999996,-17.389636499999938],[-40.62347509999995,-17.40598069999993],[-40.52057899999994,-17.44481129999997],[-40.46041489999993,-17.568502199999955],[-40.41068429999996,-17.568227299999933],[-40.414469199999985,-17.610096399999975],[-40.35465809999994,-17.644272299999955],[-40.34670139999997,-17.61199929999998],[-40.280361899999946,-17.72278659999995],[-40.22079659999997,-17.737247399999944],[-40.17412729999995,-17.851561199999935],[-40.26354749999996,-17.922023299999978],[-40.22235059999997,-17.980417399999965],[-40.34552179999997,-17.92378199999996],[-40.46418659999995,-17.928203099999962],[-40.52703779999996,-17.89194459999993],[-40.61344839999998,-17.93973079999995],[-40.62615189999997,-17.99105389999994],[-40.70368339999993,-18.02372699999995],[-40.77176849999995,-18.00338809999994],[-40.80816159999995,-17.95204719999998],[-40.86313149999995,-17.988316899999973],[-40.88271699999996,-17.970551099999966],[-40.902822999999955,-17.987712199999976],[-40.77330329999995,-18.10756269999996],[-40.77149609999998,-18.15593999999993],[-40.84507579999996,-18.149812999999938],[-40.89310939999996,-18.10787829999998],[-40.98947709999993,-18.17064929999998],[-41.05608459999996,-18.16662109999993],[-41.15892069999995,-18.308243499999946],[-41.14375439999998,-18.406463799999926],[-41.18209249999995,-18.439254499999947],[-41.02064939999997,-18.45859919999998],[-41.05292049999997,-18.63119899999998],[-40.941497599999934,-18.689294699999948],[-40.915921899999944,-18.81265819999993],[-40.96391349999993,-18.841170099999943],[-41.097473599999944,-18.84231099999994],[-41.13413019999996,-18.796041299999956],[-41.23254439999994,-18.797278799999958],[-41.24358239999998,-18.852749099999983],[-41.214784399999985,-18.87763979999994],[-41.16348229999994,-18.85950319999995],[-41.061495399999956,-18.967690199999936],[-41.016912899999966,-18.97464059999993],[-41.07157569999998,-19.02564929999994],[-40.92593169999998,-19.189697699999954],[-40.94216359999996,-19.233812399999977],[-40.91618039999997,-19.25893229999997],[-40.944442599999945,-19.280632399999945],[-40.907692699999984,-19.308812699999976],[-40.968240099999946,-19.42573859999993],[-40.94469339999995,-19.460960399999976],[-40.972238199999936,-19.505294999999933],[-41.04669269999994,-19.48739969999997],[-41.03686019999998,-19.570456999999976],[-41.16847279999996,-19.672222699999963],[-41.18518819999997,-19.889933799999937],[-41.24447019999997,-19.937341799999956],[-41.30269339999995,-19.938060899999982],[-41.38211449999994,-20.188813099999948],[-41.75675369999993,-20.206865999999934],[-41.77998319999995,-20.292292999999972],[-41.847498299999984,-20.328006199999948],[-41.85951159999996,-20.372842599999956],[-41.803390399999955,-20.42223789999997],[-41.79943559999998,-20.477283299999954],[-41.825422799999956,-20.48325879999993],[-41.80445059999994,-20.543410999999935],[-41.85669429999996,-20.615766699999938],[-41.80729729999996,-20.643690999999933],[-41.88031849999993,-20.78059639999998],[-41.92873629999997,-20.794327299999964],[-41.97615229999997,-20.93579239999997],[-42.09379469999993,-20.935625999999957],[-42.150949999999966,-20.974028999999973],[-42.07992029999997,-21.035103099999958],[-42.20807439999993,-21.17822469999993],[-42.18972489999993,-21.250505999999973],[-42.22863679999995,-21.28205989999998],[-42.23751919999995,-21.402162499999974],[-42.275311699999975,-21.404179399999975],[-42.292124899999976,-21.459238099999936],[-42.25461539999998,-21.48697809999993],[-42.36911939999993,-21.61945579999997],[-42.340131499999984,-21.661973899999964],[-42.27375799999993,-21.67740809999998],[-42.26664919999996,-21.71447319999993],[-42.88142749999997,-21.959266199999945],[-43.13555839999998,-22.109884199999954],[-43.15473579999997,-22.077542199999982],[-43.12853569999993,-22.02931179999996],[-43.20294769999998,-22.037437199999943],[-43.24546699999996,-22.006574099999966],[-43.34831029999998,-22.002114699999936],[-43.44824749999998,-22.06708679999997],[-43.56114259999998,-22.088435799999957],[-43.585666199999935,-22.051534199999935],[-43.61288889999997,-22.08229659999995],[-43.64642779999997,-22.06485239999995],[-43.73413729999993,-22.09708699999993],[-43.765705399999945,-22.062175499999967],[-44.004371299999946,-22.16263729999997],[-44.10041949999993,-22.173134799999957],[-44.23524219999996,-22.266394799999944],[-44.26350609999997,-22.24343589999995],[-44.387588999999934,-22.27250479999998],[-44.45634609999996,-22.257152099999928],[-44.53257929999995,-22.330704099999934],[-44.61003539999996,-22.326557799999932],[-44.660700599999984,-22.380524199999968],[-44.72598689999995,-22.359024199999965],[-44.89938769999998,-22.453738699999974],[-45.09732399999996,-22.485068399999932],[-45.27423999999996,-22.61623849999995],[-45.39787649999994,-22.653423799999928],[-45.473856599999976,-22.58889419999997],[-45.53990819999996,-22.652579799999955],[-45.58436949999998,-22.651688599999943],[-45.55535539999994,-22.626440999999943],[-45.57651959999998,-22.601702699999976],[-45.66618479999994,-22.651201199999946],[-45.66057369999993,-22.577840799999933],[-45.71845479999996,-22.577991399999974],[-45.73742889999994,-22.60853869999994],[-45.69399269999997,-22.651709899999958],[-45.81992779999996,-22.72271859999995],[-45.72814029999995,-22.72368359999996],[-45.713580899999954,-22.81478569999996],[-45.75491729999993,-22.792912199999932],[-45.78188409999996,-22.855257199999983],[-45.83967419999993,-22.832522599999947],[-45.88852499999996,-22.87600599999996],[-45.912301999999954,-22.81637799999993],[-46.007953999999984,-22.88949699999995],[-46.13909369999993,-22.92275529999995],[-46.145027899999945,-22.857190299999957],[-46.344892999999956,-22.905223999999976],[-46.37783579999996,-22.879240099999947],[-46.33454149999994,-22.760300099999938],[-46.45272309999996,-22.72758189999996],[-46.48056529999997,-22.67986529999996],[-46.39305889999997,-22.66297409999993],[-46.43372539999996,-22.574567899999977],[-46.40614759999994,-22.54146439999994],[-46.50528989999998,-22.51704719999998],[-46.58513389999996,-22.43944749999997]]]}},{"id":"11","type":"Feature","properties":{"UF":"MS"},"geometry":{"type":"Polygon","coordinates":[[[-54.92707969999998,-23.961828799999978],[-55.06233149999997,-23.99328859999997],[-55.10717159999996,-23.961946999999952],[-55.229040199999986,-24.013966599999947],[-55.30417579999994,-23.96502659999993],[-55.341215499999976,-23.99457419999993],[-55.402863099999934,-23.974161399999957],[-55.44633529999999,-23.916931499999976],[-55.43625739999993,-23.716760299999976],[-55.46346719999997,-23.711967399999935],[-55.48401039999993,-23.64026629999995],[-55.53986839999993,-23.62518599999993],[-55.52652699999999,-23.56735109999994],[-55.56211519999994,-23.476212699999962],[-55.50448069999993,-23.378469799999948],[-55.55591249999998,-23.316323099999977],[-55.523281199999985,-23.19778699999995],[-55.541885399999956,-23.156132399999933],[-55.596781799999974,-23.152597699999944],[-55.665854699999954,-22.85246209999997],[-55.618033399999945,-22.767533299999968],[-55.61442189999997,-22.65509529999997],[-55.72364669999996,-22.551782299999957],[-55.746721599999944,-22.38405849999998],[-55.79109269999998,-22.388420699999983],[-55.853263099999936,-22.280302999999947],[-56.20907509999995,-22.27820669999994],[-56.36475479999996,-22.169590599999935],[-56.393655799999976,-22.07443859999995],[-56.50658929999997,-22.095490799999936],[-56.55631719999997,-22.196384099999932],[-56.63684109999997,-22.263448299999936],[-56.703278799999964,-22.217054399999938],[-56.72039199999995,-22.264888799999937],[-56.74688169999996,-22.235666899999956],[-56.77665589999998,-22.260488799999962],[-56.79363689999997,-22.242559899999947],[-56.842385899999954,-22.301587799999936],[-56.883484099999976,-22.247416999999928],[-56.90553959999994,-22.266627299999982],[-56.996712499999944,-22.22251739999996],[-57.08280769999993,-22.251188299999967],[-57.20142759999993,-22.210864499999957],[-57.237761199999966,-22.251280099999974],[-57.292547499999955,-22.21874239999994],[-57.320158299999946,-22.245604699999944],[-57.374726099999975,-22.231758399999933],[-57.407708199999945,-22.19768609999994],[-57.58076629999994,-22.175336999999956],[-57.612594799999954,-22.094561299999953],[-57.706925499999954,-22.091050699999982],[-57.80103479999997,-22.150866599999972],[-57.82902969999998,-22.120190599999944],[-57.929719699999964,-22.120271899999977],[-57.94199889999999,-22.082915699999944],[-57.99507219999998,-22.088708699999927],[-58.008383599999945,-22.03414589999994],[-57.96473679999997,-22.001087199999972],[-57.94798499999996,-21.90039029999997],[-57.914134599999954,-21.88509099999993],[-57.97163599999993,-21.848380299999974],[-57.90849309999999,-21.773968599999932],[-57.947424499999954,-21.74595469999997],[-57.88323349999996,-21.689067399999942],[-57.93344859999996,-21.65160919999994],[-57.91402599999998,-21.590476699999954],[-57.96161619999998,-21.562443499999972],[-57.967682699999955,-21.52147789999998],[-57.853695699999946,-21.332109899999978],[-57.921685999999966,-21.280051899999933],[-57.85302139999993,-21.22713159999995],[-57.868195499999956,-21.04187539999998],[-57.81876909999994,-20.94525959999993],[-57.863602399999934,-20.948849499999938],[-57.928113199999984,-20.900184099999933],[-57.85473299999995,-20.835737799999947],[-57.893290399999955,-20.790782399999955],[-57.96176529999997,-20.792624299999943],[-57.93415429999993,-20.745954499999982],[-57.86800309999995,-20.749410099999977],[-57.870172999999966,-20.725470599999937],[-57.92311889999996,-20.66453379999996],[-57.98788799999994,-20.69955159999995],[-57.97038599999996,-20.64419179999993],[-58.01263789999996,-20.612611499999957],[-58.02017549999994,-20.509762999999964],[-57.99813819999997,-20.436973699999953],[-58.08401769999995,-20.372166299999947],[-58.096649799999966,-20.25392499999998],[-58.159396999999956,-20.263848399999972],[-58.163567599999965,-20.22732629999996],[-58.121846199999936,-20.194392599999958],[-58.168641399999956,-20.165782599999943],[-57.95811619999995,-20.023049499999956],[-57.90361629999995,-20.043263799999977],[-57.85909909999998,-19.97174689999997],[-58.13138299999997,-19.759361299999966],[-57.78329199999996,-19.035068699999954],[-57.692187399999966,-19.010271199999977],[-57.71971129999997,-18.899464099999932],[-57.76668939999996,-18.899467699999946],[-57.558284199999946,-18.240669899999943],[-57.453819599999974,-18.23075369999998],[-57.57412999999997,-18.131602199999975],[-57.72143109999996,-17.828987499999982],[-57.68401389999997,-17.80904929999997],[-57.800377399999945,-17.559524799999963],[-57.753574199999946,-17.56716199999994],[-57.73097029999997,-17.52984829999997],[-57.66883769999998,-17.671906499999977],[-57.68461309999998,-17.71648149999993],[-57.640303899999935,-17.71735929999994],[-57.60588379999996,-17.802339399999937],[-57.477585799999986,-17.85905329999997],[-57.45388779999996,-17.90275269999995],[-57.37649779999998,-17.82576359999996],[-57.115607799999964,-17.78108629999997],[-57.04491459999997,-17.730321299999957],[-56.959107899999935,-17.61283889999993],[-56.98235569999997,-17.580232999999964],[-56.875967499999945,-17.53297219999996],[-56.82541249999997,-17.45889169999998],[-56.82974279999996,-17.391325799999947],[-56.787862099999984,-17.389544899999976],[-56.73385419999994,-17.309860199999946],[-56.64546279999996,-17.339347699999962],[-56.64743789999994,-17.31698709999995],[-56.52718039999996,-17.321157599999935],[-56.50176879999998,-17.286325399999953],[-56.44233099999997,-17.331282099999953],[-56.113954699999965,-17.166630599999962],[-56.04411929999998,-17.171395099999927],[-56.00551019999995,-17.204196799999977],[-56.010785399999975,-17.239043299999935],[-55.94131409999994,-17.27788389999995],[-55.88653789999995,-17.263899099999946],[-55.70134679999995,-17.354129499999942],[-55.64003009999993,-17.339717899999982],[-55.58560909999994,-17.373617199999956],[-55.587062799999956,-17.42170669999996],[-55.52408929999996,-17.481176499999947],[-55.37711329999996,-17.51504259999996],[-55.350672799999984,-17.548558399999933],[-55.29442309999996,-17.541725999999926],[-55.22149969999998,-17.61709929999995],[-55.12725599999993,-17.652722299999937],[-54.94342439999997,-17.609028399999943],[-54.86086379999995,-17.62385349999994],[-54.75878089999998,-17.56569639999998],[-54.74691299999995,-17.519942199999946],[-54.58166279999995,-17.468006999999943],[-54.48130919999994,-17.487664799999948],[-54.46691489999995,-17.529074199999968],[-54.38294099999996,-17.57153299999993],[-54.386693099999945,-17.63536229999994],[-54.33558489999996,-17.66172309999996],[-54.17883279999995,-17.602851099999953],[-54.08469249999996,-17.61903479999995],[-54.03763779999997,-17.48644879999995],[-53.95224669999993,-17.45933739999998],[-53.83132329999995,-17.355020399999944],[-53.82007269999997,-17.29461569999995],[-53.70514499999996,-17.228153799999973],[-53.680074899999966,-17.253569699999957],[-53.70460749999995,-17.663509499999975],[-53.85590909999996,-17.702717199999938],[-53.95443709999995,-17.86861629999993],[-53.94891489999998,-17.923423799999966],[-53.86005529999994,-17.921159299999943],[-53.77421719999995,-18.000770099999954],[-53.69218769999998,-18.013676499999974],[-53.616130399999975,-17.976188699999966],[-53.589544699999976,-18.012611599999957],[-53.48607119999997,-18.04040029999993],[-53.43901729999993,-17.98392659999996],[-53.24154439999995,-18.004709799999944],[-53.17679339999995,-18.04158069999994],[-53.072277499999984,-18.033975299999952],[-53.143239999999935,-18.08183669999994],[-53.09965569999997,-18.313619099999983],[-53.027851699999985,-18.351595999999972],[-52.935230099999956,-18.29655429999997],[-52.80528709999999,-18.313454099999944],[-52.75931959999997,-18.348070899999982],[-52.79851259999998,-18.414861299999927],[-52.87329369999998,-18.426791599999945],[-52.96235139999993,-18.54081969999993],[-52.91675959999998,-18.640294599999947],[-52.74601499999994,-18.69240689999998],[-52.592440599999975,-18.68902049999997],[-52.54649039999998,-18.656596999999977],[-52.45412799999997,-18.688404599999956],[-52.33349289999995,-18.82933419999995],[-52.18308739999998,-18.84763529999998],[-52.079994399999975,-18.950849199999936],[-52.015551699999946,-18.982637299999965],[-51.94000769999997,-18.968471999999963],[-51.85768159999998,-19.050531299999932],[-51.65765049999993,-19.137741699999935],[-51.57677239999998,-19.12618989999993],[-51.42051079999993,-19.166064999999946],[-51.251297299999976,-19.273699999999963],[-51.20352829999996,-19.260546199999965],[-51.08853309999995,-19.307732199999975],[-50.93590839999996,-19.460643999999945],[-50.962946199999976,-19.50057879999997],[-50.92439459999997,-19.580884599999933],[-50.98755459999995,-19.589507599999934],[-51.04594439999994,-19.729050899999947],[-50.99947129999998,-19.906375499999967],[-51.02114889999996,-19.96402829999994],[-51.00047499999994,-20.085384399999953],[-51.05893269999996,-20.235160699999938],[-51.13696829999998,-20.297462199999927],[-51.34270539999994,-20.354660099999933],[-51.50022229999996,-20.56821629999996],[-51.59414819999995,-20.64384769999998],[-51.63489919999995,-20.754848399999958],[-51.62358729999994,-20.94443289999998],[-51.722230399999944,-20.976767999999936],[-51.789670899999976,-21.102119499999958],[-51.87586189999996,-21.13614739999997],[-51.848514499999965,-21.266638399999977],[-51.86526109999994,-21.348942499999964],[-51.96790329999993,-21.50176209999995],[-52.07778939999997,-21.515222499999936],[-52.10340189999994,-21.564557199999967],[-52.05582539999995,-21.677158799999972],[-52.301484699999946,-21.942168599999945],[-52.40818829999995,-22.14163519999994],[-52.487714299999936,-22.217205999999976],[-53.058002399999964,-22.536929999999927],[-53.19352759999998,-22.725346799999954],[-53.35950789999998,-22.779556499999956],[-53.602588999999966,-22.946121699999935],[-53.63458719999994,-23.000747699999977],[-53.63658869999995,-23.125030799999934],[-53.741323799999975,-23.335638399999937],[-53.98659669999995,-23.46479359999995],[-54.080458599999986,-23.780897099999947],[-54.080457999999965,-23.891253199999937],[-54.132654799999955,-23.98419229999996],[-54.28933059999997,-24.068371299999967],[-54.44013949999999,-23.904276099999947],[-54.56858079999995,-23.87446699999998],[-54.584167899999954,-23.837027899999953],[-54.60973659999996,-23.851376399999936],[-54.66947209999995,-23.812504799999942],[-54.70518339999995,-23.864606299999934],[-54.88511569999997,-23.896998999999937],[-54.92707969999998,-23.961828799999978]]]}},{"id":"12","type":"Feature","properties":{"UF":"MT"},"geometry":{"type":"Polygon","coordinates":[[[-57.71408889999998,-17.542434399999934],[-57.752294699999936,-17.564463099999955],[-57.88344209999997,-17.44954199999995],[-57.99297359999997,-17.515058299999964],[-58.04338689999997,-17.492668399999957],[-58.06014419999997,-17.45072099999993],[-58.11839059999994,-17.450374599999975],[-58.151581599999986,-17.38465059999993],[-58.26451769999994,-17.34508889999995],[-58.39894179999993,-17.183984099999975],[-58.394049199999984,-17.01502299999993],[-58.476812999999936,-16.93666539999998],[-58.471663699999965,-16.708165899999926],[-58.43618259999994,-16.59294719999997],[-58.33422329999996,-16.490307899999948],[-58.35651949999993,-16.42726399999998],[-58.30731229999998,-16.37074659999996],[-58.32216539999996,-16.266352599999948],[-58.388658599999985,-16.261394199999927],[-58.43064869999995,-16.322678499999938],[-60.17406099999994,-16.266918499999974],[-60.239549299999965,-15.47455009999993],[-60.575704299999984,-15.097522499999968],[-60.24496129999994,-15.097484099999974],[-60.273275199999944,-14.621044599999948],[-60.32309249999997,-14.610469899999941],[-60.33958339999998,-14.510369499999968],[-60.40769899999998,-14.41374419999994],[-60.395447399999966,-14.36504489999993],[-60.454106399999944,-14.31331769999997],[-60.44974609999997,-14.240757899999949],[-60.49305089999996,-14.188210699999956],[-60.480556999999976,-14.095805999999982],[-60.38162889999995,-13.987627399999951],[-60.45089669999999,-13.936446799999942],[-60.451045799999974,-13.884048699999937],[-60.47597769999999,-13.886284699999976],[-60.45741849999996,-13.853302999999926],[-60.49274809999997,-13.855986299999927],[-60.467290599999956,-13.795730499999934],[-60.550153499999965,-13.78167899999994],[-60.62351619999998,-13.719535099999973],[-60.65631689999998,-13.738342299999942],[-60.71701109999998,-13.685114299999952],[-60.632199199999945,-13.571703699999944],[-60.38403279999994,-13.449229199999934],[-60.36497129999998,-13.299942699999974],[-60.268505199999936,-13.144971099999964],[-60.282991599999946,-13.080552299999965],[-60.18927759999997,-12.971142999999927],[-60.117165299999954,-12.95955559999993],[-60.08128259999995,-12.889304899999956],[-60.064963999999975,-12.67082019999998],[-60.00332049999997,-12.592337199999974],[-59.97273169999994,-12.60994009999996],[-59.92943889999998,-12.579617199999973],[-59.774357399999985,-12.340955899999926],[-59.892330999999956,-12.245453899999973],[-59.89980379999997,-12.117222699999957],[-59.97935839999997,-12.029549799999927],[-59.98579719999998,-11.912080099999969],[-60.06052269999998,-11.895001199999967],[-60.108775599999944,-11.839579199999946],[-60.114138399999945,-11.58749309999996],[-59.92590919999998,-11.415480899999977],[-59.91719309999996,-11.338434599999971],[-59.98202759999998,-11.233500399999969],[-59.98390079999996,-11.11627569999996],[-60.20335769999997,-11.113456399999961],[-60.27099959999998,-11.09869329999998],[-60.30124799999999,-11.05715209999994],[-60.34844039999996,-11.07404269999995],[-60.34797069999996,-11.109036299999957],[-60.446596599999964,-11.042153399999961],[-60.46005009999993,-10.989856199999963],[-61.55025789999996,-10.986094699999967],[-61.519520899999975,-10.949698399999932],[-61.510896499999944,-10.793680699999982],[-61.473833499999955,-10.79751269999997],[-61.47239369999994,-10.71497299999993],[-61.49939349999994,-10.698617599999977],[-61.461792799999955,-10.419904599999938],[-61.55279789999997,-10.30823229999993],[-61.577925999999934,-10.235312399999941],[-61.551718499999936,-10.19777629999993],[-61.601874899999984,-10.15437929999996],[-61.508419499999945,-9.888800899999978],[-61.54735599999998,-9.787541499999975],[-61.531501299999945,-9.739911899999981],[-61.57463729999995,-9.717793299999926],[-61.505271999999934,-9.691381899999953],[-61.476807399999984,-9.62872299999998],[-61.50303259999998,-9.615344999999934],[-61.51344249999994,-9.528531399999963],[-61.54956539999995,-9.515217099999973],[-61.52581259999994,-9.501797099999976],[-61.57864289999998,-9.471611999999936],[-61.55270409999997,-9.387421899999936],[-61.62592809999995,-9.363011699999959],[-61.611992499999985,-9.28070159999993],[-61.63334589999994,-9.270584299999939],[-61.52620699999994,-9.245847399999946],[-61.55575499999998,-9.092402599999957],[-61.468504999999936,-8.917367899999931],[-61.52358799999996,-8.818596599999978],[-61.58313479999998,-8.798689099999933],[-58.415877999999964,-8.79284279999996],[-58.326224399999944,-8.72003239999998],[-58.43730059999996,-8.703352499999937],[-58.38951829999996,-8.594792499999926],[-58.41780719999997,-8.489519599999937],[-58.31489309999995,-8.323060099999964],[-58.322464199999956,-8.17003939999995],[-58.28716939999998,-8.128544699999964],[-58.38474169999995,-7.843989099999931],[-58.29405579999997,-7.771540499999958],[-58.28054569999995,-7.706457199999932],[-58.20217059999993,-7.620854299999962],[-58.213059999999984,-7.458534699999973],[-58.13524679999995,-7.349028399999952],[-58.06136159999994,-7.3951911999999425],[-57.97258199999993,-7.534588099999951],[-57.93955829999999,-7.653134799999975],[-57.89674899999994,-7.677884499999948],[-57.828832999999975,-7.972895899999969],[-57.728439899999955,-8.094215799999972],[-57.715138199999956,-8.157947599999943],[-57.64321229999996,-8.212175299999956],[-57.68694399999998,-8.416253599999948],[-57.63413299999996,-8.518905299999972],[-57.64864179999995,-8.576374999999928],[-57.62224569999995,-8.591188399999965],[-57.59293889999998,-8.756476999999961],[-57.427579399999956,-8.783239199999969],[-57.419912599999975,-8.853039299999978],[-57.384382899999935,-8.879557399999953],[-57.19500429999994,-8.927513699999963],[-57.03924159999997,-9.098289999999963],[-57.05716709999996,-9.185927899999967],[-56.99554929999994,-9.233842599999946],[-56.82010879999996,-9.246340399999951],[-56.75738409999997,-9.406176399999936],[-56.67188269999997,-9.36739689999996],[-50.22480639999998,-9.841153499999962],[-50.30264549999998,-10.035411299999964],[-50.392147799999975,-10.134031199999981],[-50.38156449999997,-10.218912899999964],[-50.41828529999998,-10.356281399999943],[-50.47372539999998,-10.404905499999927],[-50.53495979999997,-10.601750899999956],[-50.60289779999994,-10.658233999999936],[-50.570587699999976,-10.752504099999953],[-50.62200659999996,-10.839417799999978],[-50.59940459999996,-10.884463899999957],[-50.63294559999997,-10.935942999999952],[-50.60945739999994,-11.06744569999995],[-50.66103949999996,-11.134717199999955],[-50.65940539999997,-11.254862299999957],[-50.73925959999997,-11.43538499999994],[-50.73893519999996,-11.544511599999964],[-50.65747389999996,-11.592806399999972],[-50.663702099999966,-11.677527299999952],[-50.72204199999993,-11.73969889999995],[-50.68630449999995,-11.85899539999997],[-50.63928819999995,-11.884566499999949],[-50.68365259999996,-11.995585999999946],[-50.68687179999995,-12.202153899999928],[-50.643709799999954,-12.222964999999931],[-50.61825499999998,-12.428992199999982],[-50.653039099999944,-12.46007389999994],[-50.686478499999964,-12.569204199999945],[-50.66798229999995,-12.596009299999935],[-50.70191479999994,-12.59663489999997],[-50.701345799999956,-12.643459899999982],[-50.646929399999976,-12.651121399999965],[-50.622731999999985,-12.819736199999966],[-50.58191619999997,-12.799379299999941],[-50.600543399999935,-12.824427299999968],[-50.518764799999985,-12.837022099999956],[-50.498585599999956,-12.877265099999931],[-50.52550439999993,-12.976021199999934],[-50.59052379999997,-13.00042639999998],[-50.56902139999994,-13.04249569999996],[-50.61004429999997,-13.060369199999968],[-50.58417549999996,-13.217696299999943],[-50.60859569999997,-13.31759539999996],[-50.66532369999993,-13.375565799999947],[-50.66394559999998,-13.434956499999942],[-50.75899979999997,-13.520315299999936],[-50.806225799999936,-13.69381459999994],[-50.873900599999956,-13.73447509999994],[-50.84064429999995,-13.86378869999993],[-50.866332899999975,-13.97964799999994],[-50.83173169999998,-14.08605209999996],[-50.88652719999993,-14.132128299999977],[-50.91796859999994,-14.11609169999997],[-50.91372259999997,-14.168509699999959],[-50.97817329999998,-14.297243599999945],[-50.997830599999986,-14.415674699999954],[-50.962720599999955,-14.523907299999962],[-51.05824489999998,-14.751669999999933],[-51.04482129999997,-14.792838599999982],[-51.08963749999998,-14.840180499999974],[-51.08604989999998,-14.919033099999979],[-51.26760869999998,-15.044412999999963],[-51.329030899999964,-14.969617299999982],[-51.36824189999999,-15.009573099999955],[-51.53085559999994,-15.061675999999977],[-51.59534179999997,-15.155184499999962],[-51.65115799999995,-15.177254799999957],[-51.69940279999997,-15.487912699999981],[-51.73605029999993,-15.509896099999935],[-51.739343599999984,-15.559276799999964],[-51.77726809999996,-15.53498499999995],[-51.75713209999998,-15.633446499999934],[-51.882670099999984,-15.828485299999954],[-51.948454899999945,-15.810098399999958],[-52.014545699999985,-15.887019099999975],[-52.25334329999998,-15.892561899999976],[-52.32993789999995,-16.072175799999968],[-52.516074999999944,-16.133905899999945],[-52.56962039999996,-16.228606199999945],[-52.54661559999994,-16.260879299999942],[-52.68255659999994,-16.301742299999944],[-52.68741199999994,-16.399000499999943],[-52.60474489999996,-16.463454299999967],[-52.63563449999998,-16.55177999999995],[-52.66795749999994,-16.551069199999972],[-52.674356399999965,-16.585284799999954],[-52.70608639999995,-16.571929199999943],[-52.70521619999994,-16.599267099999963],[-52.740084699999954,-16.58995729999998],[-52.71499189999997,-16.63879179999998],[-52.74619179999996,-16.63069889999997],[-52.78666489999995,-16.742728099999965],[-52.93306299999995,-16.80314139999996],[-52.92698879999995,-16.84071709999995],[-52.96347739999993,-16.86709079999997],[-53.01441719999997,-16.86157989999998],[-53.056420499999945,-16.96385669999995],[-53.05541809999994,-17.07059799999996],[-53.11831029999996,-17.113220399999932],[-53.218629799999974,-17.298086699999942],[-53.196798299999955,-17.379796899999974],[-53.23315779999996,-17.440823999999964],[-53.24427989999998,-17.689949499999955],[-53.159907799999985,-17.77346369999998],[-53.12656769999995,-17.915421099999946],[-53.06474939999998,-17.984536599999956],[-53.072277499999984,-18.033975299999952],[-53.17679339999995,-18.04158069999994],[-53.24154439999995,-18.004709799999944],[-53.43901729999993,-17.98392659999996],[-53.48607119999997,-18.04040029999993],[-53.589544699999976,-18.012611599999957],[-53.616130399999975,-17.976188699999966],[-53.69218769999998,-18.013676499999974],[-53.77421719999995,-18.000770099999954],[-53.86005529999994,-17.921159299999943],[-53.94891489999998,-17.923423799999966],[-53.95443709999995,-17.86861629999993],[-53.85590909999996,-17.702717199999938],[-53.70460749999995,-17.663509499999975],[-53.680074899999966,-17.253569699999957],[-53.70514499999996,-17.228153799999973],[-53.82007269999997,-17.29461569999995],[-53.83132329999995,-17.355020399999944],[-53.95224669999993,-17.45933739999998],[-54.03763779999997,-17.48644879999995],[-54.07640969999994,-17.615749299999948],[-54.17883279999995,-17.602851099999953],[-54.30242039999996,-17.66166019999997],[-54.386693099999945,-17.63536229999994],[-54.38294099999996,-17.57153299999993],[-54.46691489999995,-17.529074199999968],[-54.48130919999994,-17.487664799999948],[-54.58166279999995,-17.468006999999943],[-54.74691299999995,-17.519942199999946],[-54.75878089999998,-17.56569639999998],[-54.86086379999995,-17.62385349999994],[-54.94342439999997,-17.609028399999943],[-55.13708749999995,-17.65018779999997],[-55.22149969999998,-17.61709929999995],[-55.29442309999996,-17.541725999999926],[-55.350672799999984,-17.548558399999933],[-55.37711329999996,-17.51504259999996],[-55.52408929999996,-17.481176499999947],[-55.587062799999956,-17.42170669999996],[-55.58560909999994,-17.373617199999956],[-55.64003009999993,-17.339717899999982],[-55.70134679999995,-17.354129499999942],[-55.88653789999995,-17.263899099999946],[-55.94131409999994,-17.27788389999995],[-56.010785399999975,-17.239043299999935],[-56.00551019999995,-17.204196799999977],[-56.04411929999998,-17.171395099999927],[-56.11234409999997,-17.166348599999935],[-56.44233099999997,-17.331282099999953],[-56.50176879999998,-17.286325399999953],[-56.52718039999996,-17.321157599999935],[-56.64743789999994,-17.31698709999995],[-56.64546279999996,-17.339347699999962],[-56.73385419999994,-17.309860199999946],[-56.787862099999984,-17.389544899999976],[-56.82974279999996,-17.391325799999947],[-56.82541249999997,-17.45889169999998],[-56.875967499999945,-17.53297219999996],[-56.98235569999997,-17.580232999999964],[-56.959107899999935,-17.61283889999993],[-57.04491459999997,-17.730321299999957],[-57.115607799999964,-17.78108629999997],[-57.37649779999998,-17.82576359999996],[-57.452468899999985,-17.902643499999954],[-57.477585799999986,-17.85905329999997],[-57.60588379999996,-17.802339399999937],[-57.640303899999935,-17.71735929999994],[-57.68461309999998,-17.71648149999993],[-57.66883769999998,-17.671906499999977],[-57.71408889999998,-17.542434399999934]]]}},{"id":"13","type":"Feature","properties":{"UF":"PA"},"geometry":{"type":"MultiPolygon","coordinates":[[[[-50.22480639999998,-9.841153499999962],[-56.67188269999997,-9.36739689999996],[-56.75738409999997,-9.406176399999936],[-56.82010879999996,-9.246340399999951],[-56.99554929999994,-9.233842599999946],[-57.05716709999996,-9.185927899999967],[-57.03924159999997,-9.098289999999963],[-57.19500429999994,-8.927513699999963],[-57.384382899999935,-8.879557399999953],[-57.419912599999975,-8.853039299999978],[-57.427579399999956,-8.783239199999969],[-57.598023499999954,-8.74837709999997],[-57.62224569999995,-8.591188399999965],[-57.64864179999995,-8.576374999999928],[-57.63413299999996,-8.518905299999972],[-57.68694399999998,-8.416253599999948],[-57.64561089999995,-8.206291499999963],[-57.715138199999956,-8.157947599999943],[-57.728439899999955,-8.094215799999972],[-57.828832999999975,-7.972895899999969],[-57.89895039999993,-7.671890499999961],[-57.93955829999999,-7.653134799999975],[-57.97258199999993,-7.534588099999951],[-58.06136159999994,-7.3951911999999425],[-58.17000989999997,-7.313223199999925],[-58.20952399999999,-7.134262599999943],[-58.434555899999964,-6.908806499999969],[-58.481755599999985,-6.781421699999953],[-58.478471199999944,-6.699613599999964],[-58.32705619999996,-6.500373999999965],[-58.25525589999995,-6.4541174999999384],[-56.40210719999993,-2.4565167999999744],[-56.46559479999996,-2.4231150999999613],[-56.384315699999945,-2.2704753999999525],[-56.18118049999998,-2.1605649999999628],[-56.10241629999996,-2.0480179999999564],[-56.097557999999935,-2.037133199999971],[-56.09374064599996,-1.9984334639999588],[-56.09865049999996,-2.026944599999979],[-56.228377199999954,-2.0562203999999724],[-56.31676129999994,-2.1401259999999525],[-56.375062699999944,-2.1387776999999346],[-56.41388279999995,-2.175949599999967],[-56.52706529999995,-2.1391951999999606],[-56.61291319999998,-2.2101712999999563],[-56.67907279999997,-2.2125641999999743],[-56.76095899999996,-2.1740581999999335],[-56.72138219999994,-2.0591743999999608],[-56.738966999999946,-2.017009499999972],[-56.84995619999995,-2.0201717999999573],[-56.98835089999994,-1.90716029999993],[-57.02841519999998,-1.9180237999999576],[-57.06095849999997,-1.810873499999957],[-57.16423199999997,-1.7685047999999597],[-57.166772899999955,-1.7188333999999372],[-57.20068439999994,-1.735292999999956],[-57.25863679999998,-1.6968544999999722],[-57.26362089999998,-1.7222034999999778],[-57.34458809999995,-1.7150237999999263],[-57.35338359999997,-1.7368070999999645],[-57.39828939999995,-1.7197613999999248],[-57.40559449999995,-1.675119499999937],[-57.43564569999995,-1.6911887999999635],[-57.439652499999966,-1.6650578999999652],[-57.52809589999998,-1.6540681999999265],[-57.52184139999997,-1.6292066999999406],[-57.60070749999994,-1.5721560999999724],[-57.678400899999986,-1.5946736999999302],[-57.71206799999993,-1.5033318999999778],[-57.77998859999997,-1.5100238999999647],[-57.82281769999997,-1.4386819999999716],[-57.95948959999998,-1.401508099999944],[-57.99871499999995,-1.331286499999976],[-57.96578079999995,-1.169317299999932],[-58.017332099999976,-1.1036084999999503],[-58.12361069999997,-1.1641387999999324],[-58.154003999999986,-1.2326796999999488],[-58.255884899999955,-1.1308203999999478],[-58.32126459999995,-1.1456231999999318],[-58.42891149999997,-1.0286155999999664],[-58.410440999999935,-0.9805165999999303],[-58.44904329999997,-0.9354216999999494],[-58.44000349999993,-0.8742030999999315],[-58.70759369999996,-0.6784728999999743],[-58.73784029999996,-0.6178368999999293],[-58.709010699999965,-0.5458642999999483],[-58.72528239999997,-0.43831909999994423],[-58.87480549999998,-0.33663599999994176],[-58.89549809999994,1.2287814000000594],[-58.82133229999994,1.171048800000051],[-58.73966339999998,1.1999497000000474],[-58.69466829999993,1.2973734000000263],[-58.49632719999994,1.2680153000000587],[-58.457973599999946,1.371505300000024],[-58.50521699999996,1.4032192000000236],[-58.50882969999998,1.4630001000000448],[-58.385689799999966,1.4700439000000642],[-58.394825699999956,1.5265678000000662],[-58.32721729999997,1.5952606000000742],[-58.236103399999934,1.5467453000000546],[-58.160743399999944,1.5601738000000296],[-58.12952469999993,1.498953800000038],[-58.06102599999997,1.5254018000000542],[-58.004325999999935,1.5030864000000292],[-57.990191299999935,1.6585015000000567],[-57.85215309999995,1.6678840000000719],[-57.77440309999997,1.729793500000028],[-57.70518549999997,1.730998100000022],[-57.650514999999984,1.6824360000000524],[-57.55332139999996,1.692508000000032],[-57.499855399999944,1.7888720000000262],[-57.43785189999994,1.82688550000006],[-57.43352079999994,1.9060483000000659],[-57.36498869999997,1.9261477000000582],[-57.35182159999994,1.976361900000029],[-57.30440619999996,1.9975416000000337],[-57.23238109999994,1.9368469000000346],[-57.11171509999997,2.0295931000000564],[-57.00079119999998,1.9073698000000263],[-56.91979509999993,1.9304380000000378],[-56.79801549999996,1.8534358000000566],[-56.721040399999936,1.925894000000028],[-56.67004049999997,1.9133097000000703],[-56.62153639999997,1.9459583000000293],[-56.57984309999995,1.905960700000037],[-56.45133999999996,1.956225800000027],[-56.397068599999955,1.9233668000000534],[-56.33501389999998,1.9371836000000258],[-56.24412149999995,1.8781630000000291],[-56.17097729999995,1.9005640000000312],[-56.11769919999995,1.8510557000000745],[-55.98328859999998,1.8356049000000212],[-55.903929999999946,1.8881128000000444],[-55.93642569999997,1.986551400000053],[-55.903178399999945,2.0411645000000362],[-55.96689299999997,2.0885147000000757],[-55.99576149999996,2.1612628000000313],[-56.055124199999966,2.18472840000004],[-56.042958099999964,2.2278718000000595],[-56.13895219999995,2.265833300000054],[-56.09020119999997,2.372367000000054],[-56.02189149999998,2.3425589000000286],[-56.04004319999996,2.3663625000000366],[-55.98709239999994,2.420418100000063],[-56.01158949999996,2.4529113000000393],[-55.97831389999993,2.5274219000000357],[-55.924234299999966,2.530634500000076],[-55.838895099999945,2.4622686000000726],[-55.77700629999998,2.460404100000062],[-55.71795599999996,2.4020985000000223],[-55.499784499999976,2.4433308000000693],[-55.38539869999994,2.4184543000000644],[-55.32025559999994,2.5154633000000217],[-55.23480609999996,2.503475300000048],[-55.12347319999998,2.567720300000076],[-55.10308639999994,2.5257359000000292],[-55.003805899999975,2.5910270000000537],[-54.95430669999996,2.583692400000075],[-54.80755999999997,2.3416749000000436],[-54.81142029999995,2.2663780000000315],[-54.76311089999996,2.202319100000068],[-54.81283199999996,2.0628137000000493],[-54.75444129999994,1.9705986000000735],[-54.74477909999996,1.77580080000007],[-54.57091019999996,1.7844550000000368],[-54.508554799999956,1.7482740000000376],[-54.37772209999997,1.763687100000027],[-54.309304399999974,1.7410503000000404],[-54.19110379999995,1.6249093000000698],[-54.182217899999955,1.6580748000000654],[-54.143663699999934,1.6406120000000328],[-54.101999999999975,1.590630400000066],[-54.117526199999986,1.5581747000000519],[-54.08646609999994,1.4882968000000574],[-54.00904929999996,1.5196647000000212],[-53.99746779999998,1.4757713000000763],[-53.928763499999945,1.4691791000000762],[-53.93830409999998,1.435462800000039],[-53.895998099999986,1.4551258000000757],[-53.88562989999997,1.4024623000000247],[-53.85033949999996,1.3918412000000444],[-53.80705029999996,1.3918028000000504],[-53.80399339999997,1.423524900000075],[-53.73232669999993,1.3862888000000453],[-53.717188299999975,1.43176260000007],[-53.71146109999995,1.3839631000000736],[-53.67055039999997,1.3719895000000406],[-53.64683269999995,1.4076247000000421],[-53.65096659999995,1.3362233000000288],[-53.53854769999998,1.3408611000000406],[-53.56263339999998,1.306581900000026],[-53.52332749999994,1.2613389000000552],[-53.53899289999998,1.212426100000073],[-53.426520799999935,1.2427210000000741],[-53.399878899999976,1.1584090000000629],[-53.45954509999996,1.1275347000000693],[-53.411494199999936,0.9293442000000596],[-53.10629799999998,0.6839820000000714],[-53.150244999999984,0.5910228000000757],[-53.17504779999996,0.3771071000000461],[-52.97729259999994,0.023796300000071824],[-52.932743699999946,-0.14230729999997038],[-52.85154309999996,-0.15016079999998055],[-52.68881899999997,-0.30413639999994757],[-52.67915179999994,-0.42367479999995794],[-52.70268219999997,-0.459232199999974],[-52.640008999999964,-0.5849060999999551],[-52.52501549999994,-0.5853397999999288],[-52.49715219999996,-0.7229461999999671],[-52.543839299999945,-0.8515391999999338],[-52.45551789999996,-0.8302660999999603],[-52.40315799999996,-0.8771482999999307],[-52.43954459999998,-0.9347460999999271],[-52.42704009999994,-1.0507948999999712],[-52.358155599999975,-1.0625843999999347],[-52.33298789999998,-1.1158914999999752],[-52.12026229999998,-1.1461979999999699],[-52.09878719999995,-1.2279258999999456],[-52.054647999999986,-1.2342199999999366],[-52.06398109999998,-1.1859304999999267],[-51.991122099999984,-1.1718159999999784],[-51.98533409999993,-1.1214453999999705],[-51.95587619999998,-1.1696745999999507],[-51.925955999999985,-1.132315799999958],[-51.88728589999994,-1.1663970999999265],[-51.809096299999965,-1.1571010999999771],[-51.704336499999954,-1.0677409999999554],[-51.679204899999945,-0.7852518999999347],[-51.59553619999997,-0.6504377999999633],[-51.457788499999936,-0.5132339999999544],[-51.21636289999998,-0.11861279999993712],[-51.07593069999996,-0.08373249999993959],[-50.946239899999966,0.06270930000005137],[-50.76195609999996,0.12097800000003645],[-50.66819749999996,0.18503450000002886],[-50.55614799999995,0.30671730000005937],[-50.43654689999994,0.6001070000000368],[-50.34723649999995,0.6668437000000722],[-50.22608569999994,0.6962372000000414],[-50.204038399999945,0.6480152000000317],[-50.13348979999995,0.6196196000000214],[-50.083641899999975,0.640194000000065],[-50.02915139999993,0.5780597000000398],[-50.07743439999996,0.4634433000000513],[-50.17273759999995,0.39764300000007324],[-50.167818899999986,0.34029080000004797],[-49.992908899999975,0.3384154000000308],[-49.945910699999956,0.3657748000000538],[-49.91416429999998,0.31969540000005736],[-49.82221419999996,0.3563060000000746],[-49.80778669999995,0.332050400000071],[-49.58192339999994,0.4186740000000668],[-49.503175099999964,0.37167870000007497],[-49.49502949999993,0.3186274000000253],[-49.63328999999993,0.24135230000007368],[-49.69957839999995,0.15050510000003214],[-49.632227599999965,0.0748934000000645],[-49.47895609999995,0.08106330000003936],[-49.37491529999994,0.04439930000006598],[-49.35745269999995,-0.02393319999993082],[-49.438611099999946,-0.1264926999999716],[-49.39417609999998,-0.19094609999996237],[-49.16656949999998,-0.12896659999995563],[-49.155958399999975,-0.1577974999999583],[-49.12969889999994,-0.17102269999998043],[-49.012620399999946,-0.1598833999999556],[-48.997267299999976,-0.18620989999993753],[-48.91839049999993,-0.22955289999993056],[-48.81007839999995,-0.2147656999999299],[-48.71197129999996,-0.25184839999997166],[-48.44023619999996,-0.22540469999995594],[-48.39691039999997,-0.2516340999999329],[-48.37811929999998,-0.32553579999995463],[-48.45131479999998,-0.433931399999949],[-48.512180299999955,-0.7596885999999472],[-48.49163549999997,-0.8484329999999431],[-48.423887899999954,-0.9006478999999672],[-48.29377079999995,-0.91967649999998],[-48.05521779999998,-0.6617694999999344],[-48.01969559999998,-0.686558199999979],[-47.99121949999994,-0.6946859999999333],[-47.97946829999995,-0.6894432999999367],[-47.959378399999935,-0.634445899999946],[-47.91657749999996,-0.6220998999999665],[-47.90709359999994,-0.6005652999999711],[-47.91428589999998,-0.5636078999999654],[-47.846780499999966,-0.5878563999999642],[-47.866407899999956,-0.6672318999999334],[-47.84058269999997,-0.6827756999999792],[-47.820592799999986,-0.6364820999999665],[-47.81929109999993,-0.5623300999999401],[-47.76110109999996,-0.6105359999999678],[-47.77044149999995,-0.5627385999999319],[-47.70387839999995,-0.5345759999999586],[-47.70141789999997,-0.5962186999999517],[-47.669962699999985,-0.5751775999999609],[-47.632730899999956,-0.6021060999999577],[-47.62912479999994,-0.707273799999939],[-47.58681769999998,-0.6390543999999636],[-47.58929109999997,-0.5758005999999796],[-47.53849289999994,-0.604467599999964],[-47.48156609999995,-0.73908339999997],[-47.47655789999993,-0.5935173999999392],[-47.414903899999956,-0.5914928999999347],[-47.43083539999998,-0.6407958999999437],[-47.42650919999994,-0.6574109999999678],[-47.36899479999994,-0.628975999999966],[-47.38425489999997,-0.6024932999999351],[-47.29628739999998,-0.5957480999999802],[-47.29448279999997,-0.6447505999999521],[-47.250680099999954,-0.6452945999999429],[-47.25667219999997,-0.6228098999999361],[-47.20490239999998,-0.6497305999999412],[-47.20822309999994,-0.6967657999999801],[-47.17113399999994,-0.675918299999978],[-47.168043799999964,-0.764928599999962],[-47.12118769999995,-0.6762124999999628],[-47.07538479999994,-0.6939466999999695],[-47.09939029999998,-0.753479499999969],[-47.05598119999996,-0.7972906999999623],[-47.00469349999997,-0.7650152999999591],[-46.99278239999995,-0.7134007999999312],[-46.958117699999946,-0.7107457999999269],[-46.94121149999995,-0.869243499999925],[-46.84959919999994,-0.7393902999999682],[-46.82414539999996,-0.7894388999999364],[-46.84401279999997,-0.8195631999999478],[-46.83105229999995,-0.8430454999999597],[-46.804412199999945,-0.8267796999999746],[-46.80174759999994,-0.8724078999999278],[-46.76064269999995,-0.7986068999999247],[-46.72409499999998,-0.8667534999999589],[-46.69958679999996,-0.8349642999999674],[-46.67078789999994,-0.8509100999999646],[-46.67740299999997,-0.793560399999933],[-46.618975499999976,-0.8054802999999424],[-46.59566169999994,-0.8518371999999772],[-46.63744299999996,-0.8956475999999611],[-46.63640849999996,-0.9690784999999664],[-46.577485199999956,-0.9815031999999633],[-46.55105379999998,-0.9125697999999716],[-46.533317899999986,-0.9544014999999604],[-46.51176839999994,-0.8827852999999664],[-46.42610819999993,-0.8657538999999588],[-46.41025549999995,-0.8876398999999537],[-46.45984589999995,-0.9034517999999707],[-46.48083769999994,-0.9212566999999581],[-46.46261339999995,-0.9390065999999706],[-46.49530919999995,-0.9746217999999658],[-46.46897699999994,-0.9816898999999353],[-46.47605189999996,-1.01639119999993],[-46.43893819999994,-1.0275576999999316],[-46.39893749999993,-0.9965314999999464],[-46.38165989999993,-1.0263707999999383],[-46.32136019999996,-1.0246631999999636],[-46.26769129999997,-0.9651557999999341],[-46.26483069999995,-0.9134145999999532],[-46.20404819999993,-0.8849126999999726],[-46.17587549999996,-0.9454292999999439],[-46.22212489999998,-0.9844989999999711],[-46.20478959999997,-1.0584144999999694],[-46.239476999999965,-1.1012324999999805],[-46.19048019999997,-1.0761928999999668],[-46.175435799999946,-0.9998521999999639],[-46.150254099999984,-1.0436301999999387],[-46.16640659999996,-1.0885729999999398],[-46.09455209999993,-1.0206272999999442],[-46.07181389999994,-1.0319323999999597],[-46.09385469999995,-1.0567344999999477],[-46.061511199999984,-1.1025639999999726],[-46.161577299999976,-1.2818888999999558],[-46.10372259999997,-1.3372858999999266],[-46.176334199999985,-1.4749424999999405],[-46.13362719999998,-1.5786921999999777],[-46.156788699999936,-1.6802876999999512],[-46.22119109999994,-1.7312788999999498],[-46.308461799999975,-1.7308880999999587],[-46.323707199999944,-1.7664443999999548],[-46.31215099999997,-1.8056872999999314],[-46.253636599999936,-1.7958461999999713],[-46.21102739999998,-1.8310592999999358],[-46.244841099999974,-1.8819485999999301],[-46.22270589999994,-1.9102251999999567],[-46.300887899999964,-2.141792099999975],[-46.28329689999998,-2.1543900999999437],[-46.38224599999995,-2.2490181999999663],[-46.43194049999994,-2.237055699999928],[-46.43164729999995,-2.334803099999931],[-46.46736669999996,-2.376350999999943],[-46.40941429999998,-2.371371199999942],[-46.44215299999996,-2.419411099999934],[-46.41933359999996,-2.532425099999955],[-46.49121219999995,-2.53755069999994],[-46.506848599999955,-2.616873999999939],[-46.57887379999994,-2.6315177999999264],[-46.592604499999936,-2.6654905999999414],[-46.62226479999998,-2.644941099999926],[-46.67137289999994,-2.7061981999999603],[-46.63482279999994,-2.7964430999999763],[-46.60252379999997,-2.7892198999999778],[-46.575697599999955,-2.8415385999999785],[-46.614837499999965,-2.8293863999999758],[-46.63941599999998,-2.8835577999999487],[-46.680555399999946,-2.8827177999999662],[-46.64742959999995,-2.9698117999999454],[-46.67650359999993,-3.094142399999953],[-46.74813779999994,-3.121856199999968],[-46.71994339999998,-3.1534723999999414],[-46.773058299999946,-3.1785987999999747],[-46.75527189999997,-3.216214099999945],[-46.80616349999997,-3.2440465999999333],[-46.81388399999997,-3.3100511999999753],[-46.94425249999995,-3.3771975999999313],[-46.94845479999998,-3.4767989999999713],[-47.038846099999944,-3.562103299999933],[-47.08520509999994,-3.8566399999999703],[-47.17314609999994,-3.9238233999999466],[-47.190256199999965,-3.9837046999999757],[-47.31942429999998,-4.047774499999946],[-47.37176809999994,-4.245585799999958],[-47.47473419999994,-4.315043499999945],[-47.61194189999998,-4.557357899999943],[-47.679957299999955,-4.608617399999957],[-47.79256909999998,-4.586410799999953],[-48.755150699999945,-5.349165399999947],[-48.59673339999995,-5.422544399999936],[-48.38474249999996,-5.3942067999999495],[-48.32808869999997,-5.4966320999999425],[-48.15363769999993,-5.5905645999999365],[-48.13456549999995,-5.635444999999947],[-48.17598309999994,-5.71229569999997],[-48.29351159999993,-5.751195399999972],[-48.29196979999995,-5.836837399999979],[-48.23007439999998,-5.938400799999954],[-48.33471629999997,-6.004274799999962],[-48.28687699999995,-6.065768899999966],[-48.297240199999976,-6.110477599999967],[-48.43493879999994,-6.183168299999977],[-48.38267929999995,-6.3796078999999395],[-48.50599479999994,-6.353113999999948],[-48.64399169999996,-6.504273099999978],[-48.676188999999965,-6.673379699999941],[-48.81418949999994,-6.751764799999933],[-49.01888349999996,-6.784210499999972],[-49.20952809999994,-6.9254205999999385],[-49.185284199999955,-7.235171799999932],[-49.37799739999997,-7.496445799999947],[-49.38405199999994,-7.543492199999946],[-49.328078999999946,-7.677794999999946],[-49.14844339999996,-7.807314799999972],[-49.17671859999996,-8.061511199999927],[-49.28332409999996,-8.379557199999965],[-49.377013699999964,-8.45528509999997],[-49.40632949999997,-8.573748299999977],[-49.59241129999998,-8.83949119999994],[-49.684358299999985,-8.856474899999967],[-49.745088099999975,-8.906163599999957],[-49.84258969999996,-9.027325899999937],[-49.90769609999995,-9.173822899999948],[-50.03778489999996,-9.289405399999964],[-50.105337599999984,-9.475410499999953],[-50.089562299999955,-9.545692899999949],[-50.22480639999998,-9.841153499999962]]],[[[-49.449211799999944,0.11429030000005014],[-49.506584499999974,0.12165950000002113],[-49.487630699999954,0.14924290000004703],[-49.449211799999944,0.11429030000005014]]],[[[-49.602707099999975,0.17596880000002102],[-49.653457199999934,0.1450355000000627],[-49.67849659999996,0.16313200000007555],[-49.632858099999964,0.19450000000006185],[-49.602707099999975,0.17596880000002102]]],[[[-49.601900099999966,0.19442560000004505],[-49.56481789999998,0.2060799000000202],[-49.55492929999997,0.20643310000002657],[-49.568349599999976,0.18100550000002613],[-49.601900099999966,0.19442560000004505]]],[[[-49.61383399999994,0.23208390000002055],[-49.557818399999974,0.24386380000004237],[-49.632109499999956,0.20102840000004107],[-49.61383399999994,0.23208390000002055]]],[[[-48.42928349999994,-0.8082412999999633],[-48.42938549999997,-0.8050275999999599],[-48.42744689999995,-0.8054356999999754],[-48.42928349999994,-0.8082412999999633]]],[[[-48.86455529999995,-0.18877709999992476],[-48.92455119999994,-0.21398139999996602],[-48.94753499999996,-0.2068326999999499],[-48.91195779999998,-0.15042649999998048],[-48.86455529999995,-0.18877709999992476]]],[[[-48.976058499999965,-0.1876215999999431],[-48.98547209999998,-0.17090459999997165],[-48.96833329999998,-0.18919149999993579],[-48.976058499999965,-0.1876215999999431]]],[[[-48.94303999999994,-0.18099379999995335],[-48.944626599999935,-0.17105539999994335],[-48.937879899999984,-0.1712457999999515],[-48.94303999999994,-0.18099379999995335]]],[[[-48.74717139999996,-0.1714547999999354],[-48.767686399999945,-0.17140739999996413],[-48.753067499999986,-0.1644780999999398],[-48.74717139999996,-0.1714547999999354]]],[[[-48.733317099999965,-0.17366079999993644],[-48.734492099999954,-0.16766789999996945],[-48.731308799999965,-0.17162469999993846],[-48.733317099999965,-0.17366079999993644]]],[[[-48.97828359999994,-0.17097199999994928],[-48.974956599999985,-0.16682879999996203],[-48.975773699999934,-0.17262559999994664],[-48.97828359999994,-0.17097199999994928]]],[[[-49.13531379999995,-0.16145959999994375],[-49.14603869999996,-0.13521819999994023],[-49.120590799999945,-0.15369959999992489],[-49.13531379999995,-0.16145959999994375]]],[[[-47.99223479999995,-0.6934889999999427],[-47.99642629999994,-0.68155239999993],[-47.99514819999996,-0.6784564999999247],[-47.99223479999995,-0.6934889999999427]]],[[[-48.01584319999995,-0.6676601999999434],[-48.00711979999994,-0.6785003999999617],[-48.01136449999996,-0.6851799999999457],[-48.01584319999995,-0.6676601999999434]]],[[[-47.84163429999995,-0.6715103999999315],[-47.84613069999995,-0.6626388999999335],[-47.841137799999956,-0.6559841999999776],[-47.84163429999995,-0.6715103999999315]]],[[[-47.970807599999944,-0.654968599999961],[-47.98474669999996,-0.6564445999999293],[-47.97505159999997,-0.6486632999999529],[-47.970807599999944,-0.654968599999961]]],[[[-47.837643199999945,-0.66141319999997],[-47.83472759999995,-0.6570371999999338],[-47.83665709999997,-0.6647809999999481],[-47.837643199999945,-0.66141319999997]]],[[[-47.822861999999986,-0.6339829999999438],[-47.827176099999974,-0.6487740999999687],[-47.82762729999996,-0.6309616999999434],[-47.822861999999986,-0.6339829999999438]]],[[[-47.85413099999994,-0.6385327999999504],[-47.851385499999935,-0.635689799999966],[-47.854555199999936,-0.6400562999999693],[-47.85413099999994,-0.6385327999999504]]],[[[-47.91273419999993,-0.6001576999999543],[-47.91831639999998,-0.5894929999999476],[-47.90970749999997,-0.6006859999999392],[-47.91273419999993,-0.6001576999999543]]],[[[-47.918843599999946,-0.583437799999956],[-47.92041629999994,-0.5766228999999612],[-47.913981099999944,-0.5843787999999677],[-47.918843599999946,-0.583437799999956]]],[[[-46.43753839999994,-1.0189207999999326],[-46.43675769999993,-1.0184527999999773],[-46.436757899999975,-1.0190547999999353],[-46.43753839999994,-1.0189207999999326]]],[[[-46.44056219999993,-1.0182142999999542],[-46.438296299999934,-1.0177244999999289],[-46.43750699999998,-1.0178434999999695],[-46.44056219999993,-1.0182142999999542]]],[[[-46.375009999999975,-1.0201131999999689],[-46.38522629999994,-1.005178199999932],[-46.377196099999935,-1.0019711999999572],[-46.375009999999975,-1.0201131999999689]]],[[[-46.43548549999997,-1.0160498999999277],[-46.443614399999944,-1.0100117999999725],[-46.43254579999996,-1.0061109999999758],[-46.43548549999997,-1.0160498999999277]]],[[[-46.43842889999996,-1.005632999999932],[-46.44067669999998,-1.006451899999945],[-46.43663329999998,-1.004276799999957],[-46.43842889999996,-1.005632999999932]]],[[[-46.48145569999997,-0.9711268999999447],[-46.48234409999998,-0.9739697999999635],[-46.486207999999976,-0.972892599999966],[-46.48145569999997,-0.9711268999999447]]],[[[-46.31280839999994,-1.0073332999999707],[-46.339182999999935,-0.9568554999999606],[-46.31609059999994,-0.9345822999999314],[-46.31280839999994,-1.0073332999999707]]],[[[-46.471150499999965,-0.9689004999999611],[-46.47115709999997,-0.9653065999999626],[-46.468677199999945,-0.9639150999999515],[-46.471150499999965,-0.9689004999999611]]],[[[-46.433430499999986,-0.9816428999999403],[-46.416457299999934,-0.9431166999999618],[-46.404898199999934,-0.942544899999973],[-46.40683299999995,-0.9682706999999482],[-46.433430499999986,-0.9816428999999403]]],[[[-46.60638549999993,-0.9551472999999646],[-46.61667939999995,-0.9434753999999543],[-46.60275679999995,-0.9407004999999344],[-46.60638549999993,-0.9551472999999646]]],[[[-46.14967169999994,-0.9540478999999777],[-46.15213389999997,-0.925229599999966],[-46.137234099999944,-0.9268208999999388],[-46.14967169999994,-0.9540478999999777]]],[[[-46.46023409999998,-0.9144242999999506],[-46.46200299999998,-0.9080864999999676],[-46.45642829999997,-0.906813599999964],[-46.46023409999998,-0.9144242999999506]]],[[[-46.72211149999998,-0.7825774999999453],[-46.72373719999996,-0.7900364999999283],[-46.729335599999956,-0.7831117999999719],[-46.72211149999998,-0.7825774999999453]]]]}},{"id":"14","type":"Feature","properties":{"UF":"PB"},"geometry":{"type":"MultiPolygon","coordinates":[[[[-38.145746299999985,-7.7841977999999585],[-38.28570739999998,-7.830922399999963],[-38.31202969999998,-7.7163132999999675],[-38.35749589999995,-7.6771618999999305],[-38.40950779999997,-7.730493299999978],[-38.589957399999946,-7.75568149999998],[-38.71511289999995,-7.621919499999933],[-38.71102499999995,-7.586633999999947],[-38.65532509999997,-7.565542999999934],[-38.646257299999945,-7.462718099999961],[-38.58530079999997,-7.43481509999998],[-38.534586899999965,-7.293792999999937],[-38.55196209999997,-7.243478499999981],[-38.59511299999997,-7.24652889999993],[-38.62480279999994,-7.191320599999926],[-38.68782999999996,-7.190161199999977],[-38.65640589999998,-7.092425799999944],[-38.66984899999994,-7.047704599999975],[-38.764999099999955,-6.993894999999952],[-38.74225039999993,-6.9742784999999685],[-38.76517719999998,-6.910936799999945],[-38.616921299999944,-6.793298899999968],[-38.67315049999996,-6.6972211999999445],[-38.612288199999966,-6.51319129999996],[-38.517909299999985,-6.408731699999976],[-38.602214499999945,-6.390895099999966],[-38.54501319999997,-6.344588699999974],[-38.45838649999996,-6.330213599999979],[-38.48623409999993,-6.398751699999934],[-38.39931939999997,-6.4097924999999805],[-38.28871979999997,-6.505617299999926],[-38.239228899999944,-6.480297299999961],[-38.117057399999965,-6.522668499999952],[-38.049711299999956,-6.4410499999999615],[-38.040644499999985,-6.473043599999926],[-38.012946599999964,-6.468853499999966],[-38.01369569999997,-6.427427299999977],[-37.955395599999974,-6.398208299999965],[-37.92605139999995,-6.42113779999994],[-37.88822469999997,-6.3643694999999525],[-37.841530999999975,-6.3630306999999675],[-37.81212389999996,-6.2927267999999685],[-37.75766249999998,-6.290772199999935],[-37.775616499999956,-6.23134349999998],[-37.74237389999996,-6.188975399999947],[-37.45894739999994,-6.145002199999965],[-37.44569309999997,-6.112201399999947],[-37.23186019999997,-6.02759489999994],[-37.173931299999936,-6.048015899999939],[-37.15692299999995,-6.152488199999937],[-37.27472649999993,-6.281426099999976],[-37.31697559999998,-6.278665499999931],[-37.36652789999994,-6.325582699999927],[-37.39689139999996,-6.514207399999975],[-37.482357399999955,-6.54771089999997],[-37.48469949999998,-6.710037399999976],[-37.28371599999997,-6.693914799999959],[-37.25514389999995,-6.811061499999937],[-37.223237799999936,-6.825389599999937],[-36.999833499999966,-6.707712899999933],[-36.957135499999936,-6.790478199999939],[-36.835029599999984,-6.731070899999963],[-36.77272869999996,-6.787065199999972],[-36.769465099999934,-6.838748099999975],[-36.730517599999985,-6.835439999999949],[-36.76654389999993,-6.935867599999938],[-36.71855389999996,-6.982734799999946],[-36.68721809999994,-6.925962699999957],[-36.60979419999995,-6.936837099999934],[-36.56979519999993,-6.848008299999947],[-36.506937799999946,-6.813005399999952],[-36.50256079999997,-6.757624699999951],[-36.558880399999964,-6.709107499999959],[-36.524542699999984,-6.599653299999943],[-36.43585809999996,-6.625877999999943],[-36.44439029999995,-6.5583195999999475],[-36.525846799999954,-6.501161299999978],[-36.53097159999993,-6.452071599999954],[-36.49984859999995,-6.358164899999963],[-36.43030599999997,-6.362254999999948],[-36.39456139999993,-6.293974799999944],[-36.35757669999998,-6.309987299999932],[-36.30352389999996,-6.283033699999976],[-36.27674749999994,-6.340430499999968],[-36.295969499999956,-6.3932318999999325],[-36.25116289999994,-6.40442349999995],[-36.24977209999997,-6.437359899999933],[-36.077720599999964,-6.405090599999937],[-35.977647299999944,-6.488905799999941],[-35.76335609999995,-6.482191999999941],[-35.66016429999996,-6.44527869999996],[-35.56166809999996,-6.492644799999937],[-35.400749099999985,-6.491603199999929],[-35.33077289999994,-6.544341399999951],[-35.22288059999994,-6.516134399999942],[-35.17029889999998,-6.558392599999934],[-35.09808369999996,-6.497757499999977],[-35.05773209999995,-6.527791199999967],[-34.96775399999996,-6.48876439999998],[-34.94046709999998,-6.753970999999979],[-34.897167199999956,-6.868713799999966],[-34.85393799999997,-6.900614899999937],[-34.87395789999994,-6.986079299999972],[-34.86526299999997,-7.029583099999968],[-34.82882909999995,-6.968817199999933],[-34.84227709999993,-7.057421599999941],[-34.79308659999998,-7.15508449999993],[-34.82659679999995,-7.551004899999953],[-34.96078689999996,-7.538765999999953],[-34.98541869999997,-7.462006699999961],[-35.07052079999994,-7.398760999999979],[-35.26439349999998,-7.379908599999965],[-35.41460539999997,-7.471899599999972],[-35.450369799999976,-7.453411399999936],[-35.494312099999945,-7.482205599999929],[-35.537272299999984,-7.5806433999999285],[-35.51519389999993,-7.5850209999999265],[-35.53281199999998,-7.654817599999944],[-35.609662199999946,-7.653779499999928],[-35.652233799999976,-7.696371599999964],[-35.872118299999954,-7.749538899999948],[-35.90441499999997,-7.792239699999925],[-35.99822059999997,-7.813756199999943],[-36.08093159999993,-7.779055899999946],[-36.200958399999934,-7.789903199999969],[-36.21663429999995,-7.764104199999963],[-36.26133289999996,-7.832076599999937],[-36.30913149999998,-7.806687199999942],[-36.42404759999994,-7.815778199999954],[-36.44410959999993,-7.915283299999942],[-36.56387889999996,-7.900997699999948],[-36.57348229999997,-7.957434299999932],[-36.61187689999997,-7.947896699999944],[-36.62785189999994,-8.055749299999945],[-36.65868229999995,-8.079808999999955],[-36.628612499999974,-8.111050399999954],[-36.99115629999994,-8.302955099999963],[-37.081203399999936,-8.26637349999993],[-37.067417699999964,-8.23010249999993],[-37.100428499999964,-8.233706799999936],[-37.11826009999993,-8.175351899999953],[-37.163615999999934,-8.16576189999995],[-37.15033779999993,-8.015263799999957],[-37.19267559999997,-7.960598199999936],[-37.35736849999995,-7.974955999999963],[-37.30897639999995,-7.934176199999968],[-37.322172499999965,-7.910501999999951],[-37.244647999999984,-7.874899999999968],[-37.22209289999995,-7.842249999999979],[-37.24365609999995,-7.819001799999967],[-37.15195069999993,-7.779844199999957],[-37.140003099999944,-7.741933999999958],[-37.19794619999993,-7.635297899999955],[-37.16356939999997,-7.574714899999947],[-36.984225599999945,-7.482261699999981],[-37.02562339999997,-7.386044199999958],[-37.16534139999993,-7.336595299999942],[-37.23417879999994,-7.2738868999999795],[-37.33058569999997,-7.288283499999977],[-37.38571369999994,-7.3566937999999595],[-37.49603799999994,-7.3648222999999575],[-37.53306689999994,-7.4729531999999494],[-37.70650569999998,-7.55058379999997],[-37.756933199999935,-7.6665232999999375],[-37.78582759999995,-7.625798199999963],[-37.857158899999945,-7.651968899999929],[-37.970599799999945,-7.777576899999929],[-38.03958159999996,-7.74811909999994],[-38.06947829999996,-7.77232429999998],[-38.07706939999997,-7.830579599999965],[-38.145746299999985,-7.7841977999999585]]],[[[-34.797788899999944,-7.36295169999994],[-34.798163699999975,-7.36297959999996],[-34.797995199999946,-7.362775099999965],[-34.797788899999944,-7.36295169999994]]],[[[-34.79883019999994,-7.362534799999935],[-34.798938299999975,-7.362373499999933],[-34.798733099999936,-7.3624827999999525],[-34.79883019999994,-7.362534799999935]]],[[[-34.79875709999993,-7.360555599999941],[-34.798896999999954,-7.360668999999973],[-34.79898389999994,-7.360547599999961],[-34.79875709999993,-7.360555599999941]]],[[[-34.79614319999996,-7.349791599999946],[-34.79549129999998,-7.348562499999957],[-34.796009099999935,-7.350133999999969],[-34.79614319999996,-7.349791599999946]]],[[[-34.797342699999945,-7.348825999999974],[-34.79728269999998,-7.348506199999974],[-34.797130799999934,-7.348581399999944],[-34.797342699999945,-7.348825999999974]]],[[[-34.86795189999998,-6.988036699999952],[-34.84723159999993,-6.988732299999981],[-34.85901949999993,-7.015346399999942],[-34.86795189999998,-6.988036699999952]]]]}},{"id":"15","type":"Feature","properties":{"UF":"PE"},"geometry":{"type":"MultiPolygon","coordinates":[[[[-38.237589999999955,-9.329794499999934],[-38.32129519999995,-9.129902999999956],[-38.29640249999994,-9.022851399999979],[-38.32353999999998,-8.990009199999974],[-38.408458199999984,-9.03850129999995],[-38.48404279999994,-9.001021699999967],[-38.51990729999994,-8.943531299999961],[-38.47329289999993,-8.889545699999928],[-38.480809799999975,-8.849326099999928],[-38.57042859999996,-8.830369099999928],[-38.610276899999974,-8.957328299999972],[-38.653726699999936,-8.983899999999949],[-38.70654349999995,-8.862260599999956],[-38.79698949999994,-8.793464399999948],[-38.951933199999985,-8.80466819999998],[-39.03757719999993,-8.734690899999975],[-39.16871279999998,-8.691504499999951],[-39.228521899999976,-8.710315299999934],[-39.28410589999993,-8.565867899999944],[-39.37979359999997,-8.53282059999998],[-39.606645399999934,-8.655975399999932],[-39.69113169999997,-8.66231289999996],[-39.671713599999975,-8.77758149999994],[-39.69319639999998,-8.798675699999933],[-39.892957699999954,-8.82879399999996],[-39.87345639999995,-8.934038699999974],[-39.958034699999985,-9.048591599999952],[-40.06556309999996,-9.063065199999926],[-40.129894899999954,-9.11030459999995],[-40.25579099999993,-9.06322339999997],[-40.33886549999994,-9.359891799999957],[-40.37141529999997,-9.378716699999927],[-40.423659499999985,-9.353464999999971],[-40.46775509999998,-9.420568099999969],[-40.52911469999998,-9.413901599999974],[-40.55575849999997,-9.457938099999978],[-40.62810059999998,-9.482689799999946],[-40.776750499999935,-9.454451399999925],[-40.74267149999997,-9.400712899999974],[-40.756421899999964,-9.315032299999928],[-40.68598789999993,-9.276368199999979],[-40.66739569999993,-9.159059199999945],[-40.82006699999994,-9.081258699999978],[-40.919237099999975,-8.83717699999994],[-41.02124089999995,-8.843560899999943],[-41.03623449999998,-8.785875899999951],[-41.12456929999996,-8.75267359999998],[-41.112757999999985,-8.703974099999925],[-41.22697849999997,-8.704702099999963],[-41.28153759999998,-8.736100399999941],[-41.35833619999994,-8.707620199999951],[-41.213542899999936,-8.644155499999954],[-41.21228839999998,-8.601820299999929],[-41.095583999999974,-8.518532999999934],[-41.078926999999965,-8.472503199999949],[-41.05109859999993,-8.48047379999997],[-41.000675599999965,-8.400725999999963],[-40.925148999999976,-8.446326099999965],[-40.893472299999985,-8.35731009999995],[-40.83656599999995,-8.380799099999933],[-40.81950919999997,-8.321908899999926],[-40.77987979999995,-8.301932699999952],[-40.78248199999996,-8.253303999999957],[-40.707255799999984,-8.223493599999927],[-40.633951199999956,-8.139448799999968],[-40.589698399999975,-8.138808299999937],[-40.60312319999997,-8.095330399999966],[-40.544222099999956,-7.964597099999935],[-40.53812399999998,-7.85693729999997],[-40.55909349999996,-7.814845999999932],[-40.67207229999997,-7.764828999999963],[-40.62198969999997,-7.651359899999932],[-40.715536499999985,-7.484437299999968],[-40.54846369999996,-7.392691499999955],[-40.52372319999995,-7.318450499999926],[-40.39387809999994,-7.368168399999945],[-40.31856319999997,-7.303340399999968],[-40.262995599999954,-7.301020899999969],[-40.19568469999996,-7.358148699999958],[-40.08745449999998,-7.38309309999994],[-39.857696799999985,-7.325428699999975],[-39.70618889999997,-7.337761199999932],[-39.62890719999996,-7.425628499999959],[-39.57159049999996,-7.4298312999999325],[-39.54842529999996,-7.483133299999963],[-39.460747599999934,-7.471218999999962],[-39.471680799999945,-7.57580059999998],[-39.27032139999994,-7.659897299999955],[-39.25256489999998,-7.704930899999965],[-39.208335199999965,-7.689480299999957],[-39.13564089999994,-7.7233750999999415],[-39.09129779999995,-7.858182499999941],[-39.01637029999995,-7.812180699999942],[-38.96285949999998,-7.8448163999999565],[-38.93957809999995,-7.758772599999929],[-38.881397499999935,-7.747432299999957],[-38.86885169999994,-7.711179799999968],[-38.82810929999994,-7.719614499999977],[-38.81968989999996,-7.6648276999999325],[-38.74280199999998,-7.660321999999951],[-38.71511289999995,-7.621919499999933],[-38.589957399999946,-7.75568149999998],[-38.40950779999997,-7.730493299999978],[-38.35749589999995,-7.6771618999999305],[-38.31202969999998,-7.7163132999999675],[-38.28570739999998,-7.830922399999963],[-38.164218999999946,-7.77990879999993],[-38.07706939999997,-7.830579599999965],[-38.06947829999996,-7.77232429999998],[-38.03958159999996,-7.74811909999994],[-37.970599799999945,-7.777576899999929],[-37.857158899999945,-7.651968899999929],[-37.78582759999995,-7.625798199999963],[-37.750647999999956,-7.662889399999926],[-37.75584769999995,-7.619521799999973],[-37.70650569999998,-7.55058379999997],[-37.53306689999994,-7.4729531999999494],[-37.49603799999994,-7.3648222999999575],[-37.38571369999994,-7.3566937999999595],[-37.33058569999997,-7.288283499999977],[-37.23417879999994,-7.2738868999999795],[-37.16534139999993,-7.336595299999942],[-37.02562339999997,-7.386044199999958],[-36.984225599999945,-7.482261699999981],[-37.16356939999997,-7.574714899999947],[-37.19794619999993,-7.635297899999955],[-37.140003099999944,-7.741933999999958],[-37.15195069999993,-7.779844199999957],[-37.24365609999995,-7.819001799999967],[-37.22209289999995,-7.842249999999979],[-37.244647999999984,-7.874899999999968],[-37.322172499999965,-7.910501999999951],[-37.30897639999995,-7.934176199999968],[-37.35736849999995,-7.974955999999963],[-37.19267559999997,-7.960598199999936],[-37.15033779999993,-8.015263799999957],[-37.163615999999934,-8.16576189999995],[-37.11826009999993,-8.175351899999953],[-37.100428499999964,-8.233706799999936],[-37.067417699999964,-8.23010249999993],[-37.081203399999936,-8.26637349999993],[-36.99115629999994,-8.302955099999963],[-36.628612499999974,-8.111050399999954],[-36.65868229999995,-8.079808999999955],[-36.62785189999994,-8.055749299999945],[-36.61187689999997,-7.947896699999944],[-36.57348229999997,-7.957434299999932],[-36.56387889999996,-7.900997699999948],[-36.44410959999993,-7.915283299999942],[-36.42404759999994,-7.815778199999954],[-36.30913149999998,-7.806687199999942],[-36.26133289999996,-7.832076599999937],[-36.21663429999995,-7.764104199999963],[-36.200958399999934,-7.789903199999969],[-36.08093159999993,-7.779055899999946],[-35.99822059999997,-7.813756199999943],[-35.90441499999997,-7.792239699999925],[-35.872118299999954,-7.749538899999948],[-35.652233799999976,-7.696371599999964],[-35.609662199999946,-7.653779499999928],[-35.53281199999998,-7.654817599999944],[-35.51519389999993,-7.5850209999999265],[-35.537272299999984,-7.5806433999999285],[-35.494312099999945,-7.482205599999929],[-35.450369799999976,-7.453411399999936],[-35.41460539999997,-7.471899599999972],[-35.26439349999998,-7.379908599999965],[-35.07052079999994,-7.398760999999979],[-34.98541869999997,-7.462006699999961],[-34.96078689999996,-7.538765999999953],[-34.83291289999994,-7.550383199999942],[-34.80669069999993,-7.62042839999998],[-34.84820899999994,-7.687789299999963],[-34.82350079999998,-7.73557969999996],[-34.84509879999996,-7.81636199999997],[-34.82339959999996,-7.9464311999999495],[-34.944897899999944,-8.262384599999962],[-34.939651099999935,-8.351672299999962],[-34.98062189999996,-8.381141699999944],[-34.95811729999997,-8.396172699999966],[-35.00680689999996,-8.561994499999969],[-35.090328899999975,-8.694978299999946],[-35.15265139999997,-8.913855999999953],[-35.455818299999976,-8.840958899999976],[-35.47012469999993,-8.813126699999941],[-35.74839899999995,-8.917151699999977],[-35.79507519999993,-8.847685099999978],[-35.84251509999996,-8.872924999999952],[-35.89620059999993,-8.854268299999944],[-36.124260299999946,-8.95358779999998],[-36.111491899999976,-9.017673099999968],[-36.26839089999993,-9.10392429999996],[-36.26244459999998,-9.171277299999929],[-36.30979159999998,-9.172362799999974],[-36.353602499999965,-9.220121699999936],[-36.43700379999996,-9.212100199999952],[-36.571839599999976,-9.292582799999934],[-36.56746909999998,-9.332134799999949],[-36.871261199999935,-9.26808479999994],[-36.91582049999994,-9.299020799999937],[-36.946487599999955,-9.383022399999959],[-37.05758439999994,-9.31754019999994],[-37.09067249999998,-9.246362099999942],[-37.16433569999998,-9.275705499999958],[-37.158946699999944,-9.239101699999935],[-37.19831519999997,-9.21548249999995],[-37.23434149999997,-9.240175399999941],[-37.247081599999945,-9.179018399999961],[-37.410991699999954,-9.009283399999958],[-37.531065799999965,-8.959961699999951],[-37.637666699999954,-9.003777799999966],[-37.69793309999994,-8.991093899999953],[-37.67191669999994,-8.974499999999978],[-37.75536189999997,-8.846363699999927],[-37.82462879999997,-8.885957299999973],[-37.83909859999994,-8.978381199999944],[-37.97935129999996,-9.14836299999996],[-38.09228729999995,-9.172724999999957],[-38.237589999999955,-9.329794499999934]]],[[[-35.02569129999995,-8.61348369999996],[-35.02000309999994,-8.612506399999972],[-35.021394999999984,-8.615855999999951],[-35.02569129999995,-8.61348369999996]]],[[[-34.95724709999996,-8.37605259999998],[-34.96723519999995,-8.385082299999965],[-34.96454699999998,-8.372263399999952],[-34.95724709999996,-8.37605259999998]]],[[[-34.83956369999993,-7.816036599999961],[-34.83932069999997,-7.816697599999941],[-34.840678999999966,-7.816289499999925],[-34.83956369999993,-7.816036599999961]]],[[[-32.43393609999998,-3.8738770999999588],[-32.43585029999997,-3.874665099999959],[-32.43624349999993,-3.8742602999999463],[-32.43393609999998,-3.8738770999999588]]],[[[-32.43849089999998,-3.872096299999953],[-32.43879979999997,-3.8738515999999663],[-32.43929979999996,-3.8736129999999775],[-32.43849089999998,-3.872096299999953]]],[[[-32.41906559999995,-3.870582699999943],[-32.41868349999993,-3.8729309999999373],[-32.42002539999993,-3.87072969999997],[-32.41906559999995,-3.870582699999943]]],[[[-32.422104099999956,-3.87095869999996],[-32.421118099999944,-3.8710589999999456],[-32.42147799999998,-3.871444599999961],[-32.422104099999956,-3.87095869999996]]],[[[-32.41219109999997,-3.8685025999999425],[-32.41248489999998,-3.8688860999999406],[-32.412697899999955,-3.8686129999999253],[-32.41219109999997,-3.8685025999999425]]],[[[-32.414310299999954,-3.867176899999947],[-32.41400859999993,-3.8679612999999335],[-32.41441819999994,-3.8678833999999256],[-32.414310299999954,-3.867176899999947]]],[[[-32.40134819999997,-3.8607975999999553],[-32.40065119999997,-3.859937699999932],[-32.40066899999994,-3.8608056999999576],[-32.40134819999997,-3.8607975999999553]]],[[[-32.476089499999944,-3.8755831999999373],[-32.40368019999994,-3.8364325999999664],[-32.40304349999997,-3.8267794999999296],[-32.394500499999936,-3.826837199999943],[-32.391204399999936,-3.85168189999996],[-32.42562809999998,-3.866670299999953],[-32.42487819999997,-3.8775446999999303],[-32.435244299999965,-3.8699675999999386],[-32.457506199999955,-3.881361199999958],[-32.476089499999944,-3.8755831999999373]]],[[[-32.44114389999993,-3.8489061999999308],[-32.44159309999998,-3.849353599999972],[-32.44151919999996,-3.8487888999999313],[-32.44114389999993,-3.8489061999999308]]],[[[-32.442804199999955,-3.848850499999969],[-32.441718599999945,-3.8485533999999575],[-32.44180319999998,-3.849148699999944],[-32.442804199999955,-3.848850499999969]]],[[[-32.40439489999994,-3.828386999999964],[-32.404097399999955,-3.827517799999953],[-32.40384259999996,-3.8281723999999713],[-32.40439489999994,-3.828386999999964]]],[[[-32.392483099999936,-3.8231505999999627],[-32.39453619999995,-3.825532199999941],[-32.394800799999985,-3.8237942999999746],[-32.392483099999936,-3.8231505999999627]]],[[[-32.39466779999998,-3.818741599999953],[-32.39181789999998,-3.821163599999977],[-32.39505569999994,-3.821514899999954],[-32.39466779999998,-3.818741599999953]]],[[[-32.37886469999995,-3.804622199999926],[-32.38819589999997,-3.8159822999999733],[-32.394794299999944,-3.8123974999999746],[-32.37886469999995,-3.804622199999926]]]]}},{"id":"16","type":"Feature","properties":{"UF":"PI"},"geometry":{"type":"Polygon","coordinates":[[[-45.07323569999994,-10.840422599999954],[-45.24805189999995,-10.821967399999949],[-45.432425999999964,-10.630555199999947],[-45.447256299999935,-10.50742299999996],[-45.395994299999984,-10.445025199999975],[-45.43032249999993,-10.359462999999948],[-45.56252039999998,-10.210851399999967],[-45.59322739999993,-10.110296999999946],[-45.726639199999966,-10.156854799999962],[-45.733851999999956,-10.228595799999937],[-45.79374329999996,-10.26767239999998],[-45.89672849999994,-10.264290199999948],[-45.91093689999997,-10.37108859999995],[-45.971114899999975,-10.358939299999975],[-46.028206799999964,-10.277103299999965],[-46.012423299999966,-10.25069609999997],[-45.946265299999936,-10.258549899999934],[-45.945618999999965,-10.196442499999932],[-45.877344499999936,-10.106586499999935],[-45.84228619999993,-9.941557899999964],[-45.866277699999955,-9.870718999999951],[-45.82142059999995,-9.773127099999954],[-45.841932499999984,-9.56288989999996],[-45.78343529999995,-9.47947709999994],[-45.82469169999996,-9.37457779999994],[-45.89428909999998,-9.341566499999942],[-45.89768859999998,-9.185297799999944],[-45.99508929999996,-8.926991599999951],[-45.93770729999994,-8.781243699999948],[-45.84040689999995,-8.715528999999947],[-45.81599099999994,-8.632752599999947],[-45.76619059999996,-8.609545599999933],[-45.795114199999944,-8.586474199999941],[-45.73925749999995,-8.502496099999973],[-45.73318879999994,-8.412950899999942],[-45.66362639999994,-8.250530799999979],[-45.58372779999996,-8.156936199999961],[-45.57765539999997,-8.028331299999934],[-45.52372989999998,-7.910768899999937],[-45.54075409999996,-7.864056199999936],[-45.47008189999997,-7.689897599999938],[-45.33468039999997,-7.577659499999982],[-45.232326299999954,-7.549071399999946],[-45.21848879999993,-7.568544799999927],[-45.15552799999995,-7.512914499999965],[-44.924816299999975,-7.470529399999975],[-44.81649619999996,-7.360893799999928],[-44.68864099999996,-7.394908799999939],[-44.56419529999994,-7.22770799999995],[-44.386063899999954,-7.120915399999944],[-44.30518479999995,-7.117812199999946],[-44.262294699999984,-7.001302099999975],[-44.20817189999997,-6.969945199999927],[-44.12512389999995,-6.835585199999969],[-44.10440099999994,-6.856546999999978],[-44.11400899999995,-6.803460399999949],[-44.06172879999997,-6.813374899999928],[-44.05337069999996,-6.768308799999943],[-43.96120969999998,-6.741898399999968],[-43.932371599999954,-6.771995699999934],[-43.79506369999996,-6.702071799999942],[-43.714990099999966,-6.698733299999958],[-43.561659099999986,-6.748120899999947],[-43.48118049999994,-6.835409899999945],[-43.419128899999976,-6.844010499999968],[-43.24482649999993,-6.766948299999967],[-43.011062299999935,-6.760009399999944],[-42.91993139999994,-6.671008099999938],[-42.86579509999996,-6.48388099999994],[-42.87793089999997,-6.4184931999999435],[-42.829484599999944,-6.334221399999933],[-42.859780099999966,-6.329947699999934],[-42.86153919999998,-6.239121599999976],[-42.96991109999993,-6.177325099999962],[-42.98638609999995,-6.122967499999959],[-43.04512949999997,-6.106544699999972],[-43.074585199999945,-6.05742239999995],[-43.04756349999997,-5.997336399999938],[-43.099500399999954,-5.904611599999953],[-43.074927199999934,-5.867714699999965],[-43.098009299999944,-5.624772099999973],[-43.033217399999955,-5.592074099999934],[-42.965423999999985,-5.449194899999952],[-42.82530959999997,-5.346363099999962],[-42.829484599999944,-5.23926419999998],[-42.79899359999996,-5.1896780999999805],[-42.85391649999997,-4.937259799999936],[-42.95035729999995,-4.775214099999971],[-42.920664399999964,-4.7382164999999645],[-42.952377499999955,-4.679815399999939],[-42.872973299999956,-4.58168749999993],[-42.85039829999994,-4.484460599999977],[-42.88000969999996,-4.415867799999944],[-42.96288259999994,-4.376112299999932],[-42.985014099999944,-4.216569799999945],[-42.93258709999998,-4.15693239999996],[-42.888490899999965,-4.153543399999933],[-42.90152709999995,-4.118948699999976],[-42.82215499999995,-3.9995995999999536],[-42.72987879999994,-3.9163049999999657],[-42.67145919999996,-3.7916285999999673],[-42.67507509999996,-3.6726538999999434],[-42.565151999999955,-3.567387099999962],[-42.503318999999976,-3.4506070999999565],[-42.461256499999934,-3.4846028999999703],[-42.33142289999995,-3.4335258999999496],[-42.29526559999994,-3.454051399999969],[-42.20173189999997,-3.4313406999999643],[-42.12543439999996,-3.3130857999999535],[-42.09938319999998,-3.315313799999956],[-42.12364759999997,-3.2668047999999317],[-42.01277579999993,-3.248071399999958],[-41.93556119999994,-3.18355379999997],[-41.92335509999998,-3.1100973999999724],[-41.796309399999984,-2.9595641999999316],[-41.86603789999998,-2.869966399999953],[-41.84106859999997,-2.7680623999999625],[-41.79305729999993,-2.750607499999944],[-41.592665299999965,-2.9046999999999343],[-41.32268129999994,-2.921319599999947],[-41.248131299999955,-3.0258914999999433],[-41.255765699999984,-3.0875837999999476],[-41.31882429999996,-3.1448184999999285],[-41.423517999999945,-3.3680064999999786],[-41.39908619999994,-3.3635869999999386],[-41.38699059999993,-3.4092983999999547],[-41.324049299999956,-3.3859240999999543],[-41.30302999999998,-3.4921825999999783],[-41.37131309999995,-3.5726271999999426],[-41.33131549999996,-3.624684299999956],[-41.34174779999995,-3.6807725999999548],[-41.23828049999997,-3.715768599999933],[-41.30081409999997,-3.8262988999999266],[-41.27685629999996,-3.825621099999978],[-41.220239499999934,-3.9415054999999484],[-41.25672689999993,-4.034848599999975],[-41.185523699999976,-4.017218999999955],[-41.11428239999998,-4.040564699999948],[-41.14313989999994,-4.124233699999934],[-41.09088559999998,-4.1703317999999285],[-41.135904799999935,-4.233511299999975],[-41.12017129999998,-4.330566699999963],[-41.19077599999997,-4.515528999999958],[-41.242260399999964,-4.569946699999946],[-41.173852599999975,-4.666942899999981],[-41.250338099999965,-4.756627399999957],[-41.208015399999965,-4.77676839999998],[-41.24957379999995,-4.8696901999999795],[-41.22136659999995,-4.938229799999931],[-41.137522399999966,-4.984967599999948],[-41.132019199999945,-5.048571299999935],[-40.92560739999993,-5.17685339999997],[-40.94223019999998,-5.2404745999999705],[-40.91212489999998,-5.314204099999927],[-40.936103199999934,-5.365967499999954],[-40.911549399999956,-5.407376599999964],[-40.94380339999998,-5.423586299999954],[-40.90105229999995,-5.615909199999976],[-40.93876929999993,-5.67334059999996],[-40.87363439999996,-5.966758099999936],[-40.907547499999964,-6.044661599999927],[-40.872845799999936,-6.056627599999956],[-40.85222419999997,-6.224220499999944],[-40.782863299999974,-6.313374499999952],[-40.79212229999996,-6.512861099999952],[-40.72200259999994,-6.617682799999955],[-40.73146559999998,-6.656967999999949],[-40.476926299999946,-6.732831699999963],[-40.43216659999996,-6.812977599999954],[-40.37050979999998,-6.803070399999967],[-40.43017899999995,-6.867816199999936],[-40.42987019999998,-6.993343099999947],[-40.406249499999944,-7.005326599999933],[-40.48973929999994,-7.118690099999981],[-40.54846369999996,-7.392691499999955],[-40.71514099999996,-7.481414699999959],[-40.62198969999997,-7.651359899999932],[-40.673569499999985,-7.761671899999953],[-40.55909349999996,-7.814845999999932],[-40.53812399999998,-7.85693729999997],[-40.544222099999956,-7.964597099999935],[-40.60312319999997,-8.095330399999966],[-40.589698399999975,-8.138808299999937],[-40.633951199999956,-8.139448799999968],[-40.707255799999984,-8.223493599999927],[-40.78248199999996,-8.253303999999957],[-40.820098299999984,-8.363493499999947],[-40.893472299999985,-8.35731009999995],[-40.925148999999976,-8.446326099999965],[-40.999953199999936,-8.400299599999926],[-41.05109859999993,-8.48047379999997],[-41.078926999999965,-8.472503199999949],[-41.095583999999974,-8.518532999999934],[-41.21228839999998,-8.601820299999929],[-41.213542899999936,-8.644155499999954],[-41.383770099999936,-8.709488799999974],[-41.544520999999975,-8.96054909999998],[-41.60579469999993,-8.957403899999974],[-41.72648289999995,-9.016360899999938],[-41.73518409999997,-9.094699799999944],[-41.80007029999996,-9.14802659999998],[-41.83796579999995,-9.242271999999957],[-41.91793309999997,-9.278466199999968],[-42.02467759999996,-9.24975969999997],[-42.316076599999974,-9.316612299999974],[-42.44058419999993,-9.456171199999972],[-42.48906889999995,-9.46203719999994],[-42.493091799999945,-9.494900399999949],[-42.58863189999994,-9.497350799999936],[-42.621720599999946,-9.54133749999994],[-42.719881199999975,-9.530688399999974],[-42.769957199999965,-9.619182099999932],[-42.82055279999997,-9.619230399999935],[-42.83713869999997,-9.55037189999996],[-42.87330129999998,-9.563867999999957],[-42.94624879999998,-9.518413099999975],[-42.98682969999993,-9.401607199999944],[-43.05694319999998,-9.41913539999996],[-43.11961919999993,-9.37189799999993],[-43.19169899999997,-9.420431299999962],[-43.21429009999997,-9.399648299999967],[-43.27876919999994,-9.424574699999937],[-43.45178219999997,-9.26226289999994],[-43.57282369999996,-9.316245399999957],[-43.67113059999997,-9.408482999999933],[-43.77829049999997,-9.448700899999949],[-43.85135089999994,-9.552129199999968],[-43.78492179999995,-9.762384999999938],[-43.65324499999997,-9.839055299999927],[-43.70903529999998,-9.913219499999968],[-43.669480599999986,-10.03075519999993],[-43.69291489999995,-10.077395399999943],[-43.76603449999993,-10.080057099999976],[-43.779088599999966,-10.180468399999938],[-43.918305799999985,-10.42904029999994],[-44.02776529999994,-10.412473999999975],[-44.07694729999997,-10.586003499999947],[-44.15984229999998,-10.644149999999968],[-44.26401979999997,-10.62466999999998],[-44.336842899999965,-10.548535799999968],[-44.500505199999964,-10.649701899999968],[-44.58490439999997,-10.629350899999963],[-44.66662169999995,-10.682342199999937],[-44.66768469999994,-10.760056599999928],[-44.746086799999944,-10.777580299999954],[-44.844298899999956,-10.900032799999963],[-44.85966259999998,-10.883179299999938],[-44.93121789999998,-10.928756299999975],[-45.07323569999994,-10.840422599999954]]]}},{"id":"17","type":"Feature","properties":{"UF":"PR"},"geometry":{"type":"MultiPolygon","coordinates":[[[[-53.62342309999997,-26.25901589999995],[-53.65031189999996,-26.194736099999943],[-53.74151399999994,-26.116016899999977],[-53.734023699999966,-26.04295959999996],[-53.83603769999996,-25.971887099999947],[-53.81943809999996,-25.898581899999954],[-53.84981749999997,-25.88374149999993],[-53.823294799999985,-25.872132299999976],[-53.84993559999998,-25.839459699999964],[-53.82196189999996,-25.79364149999998],[-53.86649649999998,-25.743965999999944],[-53.87949279999998,-25.707604799999956],[-53.84205509999998,-25.688076099999932],[-53.890341699999965,-25.661024399999974],[-53.890252299999986,-25.62345499999998],[-53.94857349999995,-25.611553199999946],[-53.95569729999994,-25.64648079999995],[-54.010809999999935,-25.566532799999948],[-54.05210789999995,-25.58508329999995],[-54.07789269999995,-25.55790479999996],[-54.10181559999995,-25.618056699999954],[-54.12341859999998,-25.56808849999993],[-54.10366149999999,-25.49441889999997],[-54.20638199999996,-25.54174009999997],[-54.17642719999998,-25.584430899999973],[-54.23047959999997,-25.562808399999938],[-54.25371929999994,-25.596409199999982],[-54.28831779999996,-25.554406599999936],[-54.34988599999997,-25.60696939999997],[-54.387043699999936,-25.598050099999966],[-54.435235199999966,-25.69689859999994],[-54.49260419999996,-25.618372799999975],[-54.59351809999998,-25.592246199999977],[-54.619857499999966,-25.451986699999964],[-54.42685579999994,-25.165454199999942],[-54.46354699999995,-25.05690599999997],[-54.38992779999995,-24.777283199999943],[-54.331109099999935,-24.69050649999997],[-54.326512599999944,-24.465174699999977],[-54.258235199999945,-24.365857999999946],[-54.327966699999934,-24.238050399999963],[-54.34333449999997,-24.13312949999994],[-54.10176499999994,-23.951963499999977],[-53.98659669999995,-23.46479359999995],[-53.741323799999975,-23.335638399999937],[-53.63658869999995,-23.125030799999934],[-53.63412499999998,-22.998495099999957],[-53.54682709999997,-22.890096299999982],[-53.35203549999994,-22.77568059999993],[-53.19352759999998,-22.725346799999954],[-53.10625969999995,-22.622600199999965],[-53.08778689999997,-22.65844489999995],[-52.97242499999999,-22.570484299999976],[-52.70825139999994,-22.628061899999977],[-52.58492279999996,-22.56593319999996],[-52.50267679999996,-22.634555699999964],[-52.437629699999945,-22.606848699999944],[-52.31313639999996,-22.63651239999996],[-52.250413099999946,-22.615426399999933],[-52.22257719999993,-22.675535399999944],[-52.15667799999994,-22.64471889999993],[-52.148761899999954,-22.549253499999963],[-52.10585189999995,-22.516661899999974],[-51.94051259999998,-22.56734279999995],[-51.868624299999965,-22.630445599999973],[-51.73570459999996,-22.624292499999967],[-51.71817359999994,-22.669021099999952],[-51.627878599999974,-22.658240599999942],[-51.55956919999994,-22.69717929999996],[-51.446410199999946,-22.65295229999998],[-51.26519989999997,-22.667697399999952],[-51.149582099999975,-22.755053699999962],[-50.88871889999996,-22.796531199999947],[-50.792951699999946,-22.894353499999966],[-50.80399199999994,-22.945736599999975],[-50.736369999999965,-22.963350999999932],[-50.66158539999998,-22.89547749999997],[-50.608524099999954,-22.92415399999993],[-50.54049349999997,-22.91212889999997],[-50.50607899999994,-22.945377099999973],[-50.43030249999998,-22.94640739999994],[-50.37907459999997,-22.905405599999938],[-50.336158799999964,-22.950396499999954],[-50.27338789999993,-22.931001299999934],[-50.23753759999994,-22.95414619999997],[-50.047852699999964,-22.90196409999993],[-49.99487369999997,-22.929719099999943],[-49.98616489999995,-22.89750479999998],[-49.96933259999997,-22.96447839999996],[-49.89958539999998,-23.00200529999995],[-49.91160219999995,-23.05111859999994],[-49.740239299999985,-23.099168299999974],[-49.73048879999993,-23.14144609999994],[-49.67831989999996,-23.165061699999967],[-49.62646199999995,-23.282916599999965],[-49.63709579999994,-23.351619899999946],[-49.59040249999998,-23.382792499999937],[-49.62101169999994,-23.397419299999967],[-49.566624099999956,-23.426420099999973],[-49.62937029999995,-23.51182749999998],[-49.600206199999946,-23.53562439999996],[-49.61714519999998,-23.63958589999993],[-49.549199199999975,-23.704016399999944],[-49.56089149999997,-23.815914499999963],[-49.61073649999997,-23.851694899999927],[-49.556989699999974,-23.92273069999993],[-49.511604699999964,-23.925899899999933],[-49.51675679999994,-23.970122499999945],[-49.43001069999997,-24.088535999999976],[-49.33656629999996,-24.13758189999993],[-49.35595779999994,-24.214512299999967],[-49.28380889999994,-24.30806289999998],[-49.20121059999997,-24.342700199999967],[-49.253500299999985,-24.405038499999932],[-49.24692269999997,-24.469097999999974],[-49.29646199999996,-24.501895499999932],[-49.28027199999997,-24.53726489999997],[-49.31598939999998,-24.55550889999995],[-49.305397599999935,-24.673649799999964],[-49.214830699999936,-24.702227999999934],[-49.18054449999994,-24.671652999999935],[-49.064404699999955,-24.68602539999995],[-49.04003359999996,-24.636846499999933],[-49.004677699999945,-24.63323889999998],[-49.00942699999996,-24.660369299999957],[-48.95845289999994,-24.685283199999958],[-48.82731439999998,-24.654453299999943],[-48.77865159999993,-24.69673219999993],[-48.678724099999954,-24.670887999999934],[-48.66048729999994,-24.70675689999996],[-48.58203489999994,-24.670701599999973],[-48.499306299999944,-24.738967599999967],[-48.55575399999998,-24.806203799999935],[-48.544785599999955,-24.87896379999995],[-48.60083129999998,-25.010505699999953],[-48.55600789999994,-25.086552599999948],[-48.52858379999998,-25.100789299999974],[-48.47404929999993,-25.012552399999947],[-48.411152699999946,-24.980231699999933],[-48.32414099999994,-25.036748299999942],[-48.33038469999997,-25.06970519999993],[-48.25028109999994,-24.977417799999955],[-48.15688579999994,-25.14465249999995],[-48.19136129999998,-25.19624129999994],[-48.114883599999985,-25.250701999999933],[-48.02353739999995,-25.23093169999993],[-48.21493579999998,-25.474050499999976],[-48.30974189999995,-25.493279299999983],[-48.27691119999997,-25.514051199999983],[-48.29898179999998,-25.567128799999978],[-48.43161449999997,-25.64287459999997],[-48.53489129999997,-25.852832699999965],[-48.564665299999945,-25.85641959999998],[-48.601383399999975,-25.980805999999973],[-48.64436959999995,-25.955841799999973],[-48.682032299999946,-25.98367129999997],[-48.96047839999994,-25.980799799999943],[-49.054100999999946,-26.020934599999975],[-49.174959599999966,-26.000054099999943],[-49.37021519999996,-26.155753299999958],[-49.46093059999998,-26.162296099999935],[-49.496316899999954,-26.22135359999993],[-49.55561869999997,-26.237352999999928],[-49.691236199999935,-26.189305599999955],[-49.71145549999994,-26.15432359999994],[-49.72753299999994,-26.17143599999997],[-49.76830579999995,-26.10431399999993],[-49.84146969999995,-26.07720409999996],[-49.831695399999944,-26.053096299999936],[-49.93506649999995,-26.033141499999942],[-49.94169449999998,-26.00841399999996],[-49.971654599999965,-26.058380399999976],[-49.97745439999994,-26.01368229999997],[-50.01093999999995,-26.013328199999933],[-50.00557379999998,-26.046094299999936],[-50.082697199999984,-26.024088699999936],[-50.11840079999996,-26.063622799999962],[-50.17025079999996,-26.025188499999956],[-50.180281099999945,-26.079042499999957],[-50.25122179999994,-26.03047349999997],[-50.33173379999994,-26.08342099999993],[-50.324260299999935,-26.135279899999944],[-50.443787999999984,-26.034298099999944],[-50.54797739999998,-26.03961049999998],[-50.570230599999945,-26.00195279999997],[-50.59145189999998,-26.041494799999953],[-50.551907599999936,-26.05755819999996],[-50.63099909999994,-26.064621099999954],[-50.64831039999996,-26.130350199999953],[-50.731142999999975,-26.205816899999945],[-50.716404299999965,-26.24500089999998],[-50.780717599999946,-26.225234599999965],[-50.838599199999976,-26.271469099999933],[-50.86856799999998,-26.241364499999975],[-50.901552599999945,-26.289332099999967],[-50.93251289999995,-26.234491799999944],[-50.945280099999934,-26.28266119999995],[-50.998972599999945,-26.23105339999995],[-51.078873199999975,-26.22742379999994],[-51.104313099999956,-26.276121199999977],[-51.24795119999993,-26.329866399999958],[-51.250999099999945,-26.374363999999957],[-51.30049289999994,-26.417871899999966],[-51.253057299999966,-26.46229569999997],[-51.27317439999996,-26.49830419999995],[-51.21539539999998,-26.567439299999933],[-51.22710239999998,-26.61523379999994],[-51.283401099999935,-26.653630299999975],[-51.391129699999965,-26.663247399999932],[-51.411475199999984,-26.71712199999996],[-51.50779499999993,-26.58092419999997],[-51.630993899999964,-26.58781829999998],[-51.66621109999994,-26.563751699999955],[-51.87345049999993,-26.599362499999984],[-52.008767499999976,-26.566560599999946],[-52.186342999999965,-26.44511669999997],[-52.229811799999936,-26.467043099999955],[-52.400037699999984,-26.423144099999945],[-52.45917559999998,-26.44112259999997],[-52.52453639999993,-26.39912529999998],[-52.60265209999994,-26.415420299999937],[-52.73776319999996,-26.34218489999995],[-52.98835719999994,-26.345773899999983],[-53.093227999999954,-26.392022099999963],[-53.26453449999997,-26.289329799999962],[-53.280836599999986,-26.246134299999937],[-53.37607189999994,-26.24161399999997],[-53.498409299999935,-26.303040599999974],[-53.62342309999997,-26.25901589999995]]],[[[-48.407079399999986,-25.842281799999967],[-48.409199599999965,-25.84158229999997],[-48.40929199999994,-25.84116759999995],[-48.407079399999986,-25.842281799999967]]],[[[-48.36476539999995,-25.73749829999997],[-48.36555999999996,-25.734462099999973],[-48.36381959999994,-25.73533619999995],[-48.36476539999995,-25.73749829999997]]],[[[-48.37139169999995,-25.733374599999934],[-48.369974199999945,-25.73538389999993],[-48.37266349999993,-25.733375499999966],[-48.37139169999995,-25.733374599999934]]]]}},{"id":"18","type":"Feature","properties":{"UF":"RJ"},"geometry":{"type":"MultiPolygon","coordinates":[[[[-44.71924029999997,-23.359485199999938],[-44.71928379999997,-23.357277299999964],[-44.71817489999995,-23.357249099999933],[-44.71924029999997,-23.359485199999938]]],[[[-44.671761799999956,-23.35665899999998],[-44.67210479999994,-23.354805899999974],[-44.670506099999955,-23.355006599999967],[-44.671761799999956,-23.35665899999998]]],[[[-44.665858499999956,-23.350842299999954],[-44.665435799999955,-23.351068899999973],[-44.665948199999946,-23.351531699999953],[-44.665858499999956,-23.350842299999954]]],[[[-44.57045039999997,-23.35270529999997],[-44.56881839999994,-23.34771089999998],[-44.56653609999995,-23.347899299999938],[-44.57045039999997,-23.35270529999997]]],[[[-44.66510639999996,-23.35005949999993],[-44.66482339999993,-23.349950399999955],[-44.66491659999997,-23.35022429999998],[-44.66510639999996,-23.35005949999993]]],[[[-44.68074489999998,-23.342196899999976],[-44.67946909999995,-23.342496299999937],[-44.68056749999994,-23.342790399999956],[-44.68074489999998,-23.342196899999976]]],[[[-44.68143759999998,-23.341582999999957],[-44.68093769999996,-23.341835999999944],[-44.68144579999995,-23.34178929999996],[-44.68143759999998,-23.341582999999957]]],[[[-44.63665539999994,-23.27966799999996],[-44.63611499999996,-23.28021099999995],[-44.636596699999984,-23.280123199999935],[-44.63665539999994,-23.27966799999996]]],[[[-44.63040659999996,-23.274427199999934],[-44.631244299999935,-23.272450499999934],[-44.62966039999998,-23.273213599999963],[-44.63040659999996,-23.274427199999934]]],[[[-44.57087039999993,-23.267304099999933],[-44.57095279999993,-23.26538299999993],[-44.568173599999966,-23.264286399999946],[-44.57087039999993,-23.267304099999933]]],[[[-44.670555999999976,-23.24046039999996],[-44.66845749999993,-23.238720499999943],[-44.66791319999993,-23.23969889999995],[-44.670555999999976,-23.24046039999996]]],[[[-44.639584199999945,-23.22916609999993],[-44.64711189999997,-23.22697999999997],[-44.63387669999997,-23.225599199999976],[-44.639584199999945,-23.22916609999993]]],[[[-44.55673249999995,-23.223783099999935],[-44.55663839999994,-23.220779599999958],[-44.55366879999997,-23.220214299999952],[-44.55673249999995,-23.223783099999935]]],[[[-44.690709599999934,-23.217858499999977],[-44.69323499999996,-23.215525999999954],[-44.689637999999945,-23.214877299999955],[-44.690709599999934,-23.217858499999977]]],[[[-44.60201699999993,-23.222097099999928],[-44.594552299999975,-23.201942199999962],[-44.58459229999994,-23.203673799999933],[-44.60201699999993,-23.222097099999928]]],[[[-44.58457889999994,-23.211784299999977],[-44.583338599999934,-23.210035699999935],[-44.58288989999994,-23.21047249999998],[-44.58457889999994,-23.211784299999977]]],[[[-44.68980039999997,-23.20926769999994],[-44.68906479999998,-23.209627299999966],[-44.689740599999936,-23.209978099999944],[-44.68980039999997,-23.20926769999994]]],[[[-44.68934489999998,-23.20759869999995],[-44.688941099999965,-23.20794609999996],[-44.68967809999998,-23.20815689999995],[-44.68934489999998,-23.20759869999995]]],[[[-44.70729529999994,-23.20632009999997],[-44.70681629999996,-23.205408099999943],[-44.707018699999935,-23.206263899999954],[-44.70729529999994,-23.20632009999997]]],[[[-44.68300929999998,-23.205752099999927],[-44.68149109999996,-23.20505689999993],[-44.68298939999994,-23.20588559999993],[-44.68300929999998,-23.205752099999927]]],[[[-44.70909489999997,-23.20527149999998],[-44.71029919999995,-23.204370899999958],[-44.70850909999996,-23.204642999999976],[-44.70909489999997,-23.20527149999998]]],[[[-44.67266349999994,-23.20135209999995],[-44.67241709999996,-23.199854699999946],[-44.67183589999996,-23.200097699999958],[-44.67266349999994,-23.20135209999995]]],[[[-44.57897269999995,-23.199661799999944],[-44.58458109999998,-23.200363599999946],[-44.581390399999975,-23.198016999999936],[-44.57897269999995,-23.199661799999944]]],[[[-44.57337809999996,-23.196557299999938],[-44.57261459999995,-23.195393299999978],[-44.57214069999998,-23.19631119999997],[-44.57337809999996,-23.196557299999938]]],[[[-44.60735959999994,-23.19615209999995],[-44.607777899999974,-23.194393799999943],[-44.60648679999997,-23.195096899999953],[-44.60735959999994,-23.19615209999995]]],[[[-44.62572679999994,-23.19517979999995],[-44.62526699999995,-23.194193299999938],[-44.62470639999998,-23.194254299999955],[-44.62572679999994,-23.19517979999995]]],[[[-44.63542149999995,-23.194240499999978],[-44.636053499999946,-23.192565099999968],[-44.634893199999965,-23.192315699999938],[-44.63542149999995,-23.194240499999978]]],[[[-44.62420419999995,-23.192411599999957],[-44.62299679999995,-23.189747799999964],[-44.62077069999998,-23.189681999999948],[-44.62420419999995,-23.192411599999957]]],[[[-44.57264889999993,-23.187972799999955],[-44.57667909999998,-23.18426519999997],[-44.57353079999996,-23.182912899999963],[-44.57264889999993,-23.187972799999955]]],[[[-44.65652329999995,-23.187304299999937],[-44.65967029999996,-23.18229279999997],[-44.657736099999966,-23.18113999999997],[-44.65652329999995,-23.187304299999937]]],[[[-44.68509349999994,-23.182322599999964],[-44.68565209999997,-23.18103869999993],[-44.685013399999946,-23.182171099999948],[-44.68509349999994,-23.182322599999964]]],[[[-44.678566399999966,-23.180979199999967],[-44.67870369999997,-23.180762399999935],[-44.678426599999966,-23.180766799999958],[-44.678566399999966,-23.180979199999967]]],[[[-44.683226899999966,-23.17903979999994],[-44.683766799999944,-23.176986299999953],[-44.68154479999998,-23.178098099999943],[-44.683226899999966,-23.17903979999994]]],[[[-44.634977799999945,-23.176709199999948],[-44.63468579999994,-23.176056399999936],[-44.63445699999994,-23.17646259999998],[-44.634977799999945,-23.176709199999948]]],[[[-44.67963409999993,-23.174937799999952],[-44.67931469999996,-23.17516729999994],[-44.68006189999994,-23.17554619999993],[-44.67963409999993,-23.174937799999952]]],[[[-44.63453219999997,-23.175438699999972],[-44.634540899999934,-23.174005399999942],[-44.63389629999995,-23.17474169999997],[-44.63453219999997,-23.175438699999972]]],[[[-44.68010389999995,-23.174076799999966],[-44.67946109999997,-23.17293499999994],[-44.679470899999956,-23.174055599999974],[-44.68010389999995,-23.174076799999966]]],[[[-44.67436299999997,-23.170480399999974],[-44.67833829999995,-23.169509199999936],[-44.67437549999994,-23.16947639999995],[-44.67436299999997,-23.170480399999974]]],[[[-44.66412769999994,-23.163464699999963],[-44.66391889999994,-23.15890079999997],[-44.661441399999944,-23.159167899999943],[-44.66412769999994,-23.163464699999963]]],[[[-44.68113059999996,-23.157445499999938],[-44.69491799999997,-23.15616749999998],[-44.683399399999985,-23.15084029999997],[-44.68113059999996,-23.157445499999938]]],[[[-44.69786709999994,-23.23290469999995],[-44.643454599999984,-23.185224799999958],[-44.62511869999997,-23.222368399999937],[-44.66270999999995,-23.214001199999927],[-44.69237059999995,-23.252472999999952],[-44.61340809999996,-23.233570699999973],[-44.657272499999976,-23.292163199999948],[-44.64802949999995,-23.301904599999943],[-44.56025889999995,-23.226378099999977],[-44.583415799999955,-23.26804249999998],[-44.53799319999996,-23.266733399999964],[-44.502669399999945,-23.295239699999968],[-44.55576309999998,-23.303567099999952],[-44.59086899999994,-23.362232999999947],[-44.64008549999994,-23.330999899999938],[-44.71593329999996,-23.345163199999945],[-44.72808089999995,-23.368931999999973],[-44.88595079999993,-23.235790299999962],[-44.87474839999993,-23.184698399999945],[-44.82113829999997,-23.156049499999938],[-44.791898199999935,-22.981875899999977],[-44.49541259999995,-22.84695629999993],[-44.466191599999945,-22.885371299999974],[-44.41819529999998,-22.84811229999997],[-44.272252599999945,-22.83210749999995],[-44.240140699999984,-22.79265799999996],[-44.25710539999994,-22.76628299999993],[-44.16136519999998,-22.678258399999947],[-44.207425899999976,-22.612021699999957],[-44.34499029999995,-22.587848699999938],[-44.35602369999998,-22.614899299999934],[-44.38239779999998,-22.57349419999997],[-44.406619699999965,-22.608848399999943],[-44.484903799999984,-22.60390179999996],[-44.50858839999995,-22.640946999999983],[-44.55027899999993,-22.60376119999995],[-44.58365669999995,-22.62621319999994],[-44.64024859999995,-22.60805789999995],[-44.64442759999997,-22.55559859999994],[-44.677426099999934,-22.561500099999932],[-44.67100719999996,-22.53666469999996],[-44.716220799999974,-22.51423619999997],[-44.733942799999966,-22.432895799999983],[-44.80214939999996,-22.392349499999966],[-44.72544719999996,-22.35892519999993],[-44.660700599999984,-22.380524199999968],[-44.62201859999993,-22.331947799999966],[-44.53257929999995,-22.330704099999934],[-44.433209499999975,-22.25140829999998],[-44.387588999999934,-22.27250479999998],[-44.26350609999997,-22.24343589999995],[-44.23524219999996,-22.266394799999944],[-44.10041949999993,-22.173134799999957],[-44.004371299999946,-22.16263729999997],[-43.765705399999945,-22.062175499999967],[-43.73413729999993,-22.09708699999993],[-43.64642779999997,-22.06485239999995],[-43.61288889999997,-22.08229659999995],[-43.585666199999935,-22.051534199999935],[-43.56114259999998,-22.088435799999957],[-43.44824749999998,-22.06708679999997],[-43.34831029999998,-22.002114699999936],[-43.24546699999996,-22.006574099999966],[-43.20294769999998,-22.037437199999943],[-43.12853569999993,-22.02931179999996],[-43.15473579999997,-22.077542199999982],[-43.13555839999998,-22.109884199999954],[-42.88142749999997,-21.959266199999945],[-42.269428999999946,-21.716983099999936],[-42.27375799999993,-21.67740809999998],[-42.340131499999984,-21.661973899999964],[-42.36911939999993,-21.61945579999997],[-42.25461539999998,-21.48697809999993],[-42.292124899999976,-21.459238099999936],[-42.275311699999975,-21.404179399999975],[-42.23751919999995,-21.402162499999974],[-42.22863679999995,-21.28205989999998],[-42.18972489999993,-21.250505999999973],[-42.20807439999993,-21.17822469999993],[-42.07992029999997,-21.035103099999958],[-42.150949999999966,-20.974028999999973],[-42.09379469999993,-20.935625999999957],[-41.97615229999997,-20.93579239999997],[-41.92873629999997,-20.794327299999964],[-41.87473819999997,-20.76593429999997],[-41.75510329999997,-20.806816099999935],[-41.74126549999994,-20.872914599999945],[-41.71178609999998,-20.86899779999993],[-41.737431699999945,-20.93084149999993],[-41.71001409999997,-20.991033699999946],[-41.73627929999998,-21.10143019999998],[-41.71706519999998,-21.125278999999978],[-41.58674789999998,-21.14947429999995],[-41.56462309999995,-21.183744899999965],[-41.486524299999985,-21.17989289999997],[-41.44617069999998,-21.21548139999993],[-41.37664859999995,-21.195796299999927],[-41.19059909999993,-21.248750799999982],[-41.09201749999994,-21.21819419999997],[-40.95929109999997,-21.302922799999976],[-40.96139869999996,-21.360776699999974],[-41.057330699999966,-21.478893099999937],[-41.07326849999998,-21.516778699999975],[-41.05023259999996,-21.615691599999934],[-41.02689849999996,-21.623397499999953],[-41.01230839999994,-21.620984299999975],[-40.98751409999994,-22.00606319999997],[-41.21145969999998,-22.13571719999993],[-41.674361799999986,-22.291301499999975],[-41.76467859999997,-22.353786299999967],[-41.767936299999974,-22.390861299999983],[-41.786445199999946,-22.397617099999934],[-41.79483369999997,-22.405564999999967],[-41.81259879999993,-22.413533899999948],[-41.831363299999964,-22.426143399999944],[-41.839133799999956,-22.43258839999993],[-41.93251759999998,-22.537534499999936],[-41.96244009999998,-22.53520179999998],[-41.99784049999994,-22.609332799999947],[-41.98795659999996,-22.710437599999977],[-41.92592199999996,-22.770335899999964],[-41.86377299999998,-22.75495129999996],[-41.97081719999994,-22.823398399999974],[-41.979804599999966,-22.87357879999996],[-42.02868619999998,-22.89842459999994],[-42.03368759999995,-22.945180599999958],[-41.994830699999966,-22.961864999999932],[-42.012766899999974,-22.99744519999996],[-42.07391169999994,-22.95552349999997],[-42.36129329999994,-22.935465499999964],[-42.604746499999976,-22.933839599999942],[-43.05171459999997,-22.98181829999993],[-43.051944799999944,-22.96363189999994],[-43.13530089999995,-22.93797509999996],[-43.09862479999998,-22.931574599999976],[-43.13456259999998,-22.881574199999932],[-43.11444679999994,-22.88130949999993],[-43.06507929999998,-22.802931899999976],[-43.06877029999998,-22.769892999999968],[-43.02940229999996,-22.747618199999977],[-43.02623719999997,-22.74348219999996],[-43.032568099999935,-22.69376049999994],[-43.084640899999954,-22.676958599999978],[-43.21300999999994,-22.726562599999966],[-43.278629999999964,-22.78048629999995],[-43.266889799999944,-22.82348419999994],[-43.232437499999946,-22.86920719999995],[-43.22472979999998,-22.875301099999945],[-43.201385699999946,-22.87146089999993],[-43.21597239999994,-22.886343799999963],[-43.21084369999994,-22.897606399999972],[-43.16153779999996,-22.90527789999993],[-43.18037789999994,-22.94793459999994],[-43.15023499999995,-22.95092859999994],[-43.190115599999956,-22.990696399999933],[-43.44559639999994,-23.022918299999958],[-43.53438659999995,-23.050291699999946],[-43.56461409999997,-23.07552869999995],[-43.56237299999998,-23.053156399999978],[-43.56441429999995,-23.05131689999996],[-43.57807449999996,-23.04560809999998],[-43.577171299999975,-23.043649999999957],[-43.57922019999995,-23.040215199999977],[-43.58076849999998,-23.038623299999983],[-43.62291589999995,-23.007870199999957],[-43.79678549999994,-22.91654079999995],[-43.80143659999993,-22.92451159999996],[-43.81022239999993,-22.917568999999958],[-43.849357399999974,-22.93163359999994],[-43.837377499999945,-22.903953799999954],[-43.856765999999936,-22.901869499999975],[-44.00585689999997,-22.942135999999948],[-44.04294029999994,-22.984531299999958],[-44.05377469999996,-22.942293399999983],[-44.11362959999997,-23.02338469999995],[-44.237644399999965,-23.056534599999964],[-44.221187199999974,-23.01402459999997],[-44.249355099999946,-22.997834199999943],[-44.29381559999996,-23.02532919999993],[-44.301293199999975,-23.002188599999954],[-44.358498199999985,-23.023688499999935],[-44.29987129999995,-22.958667099999957],[-44.31894429999994,-22.956469199999958],[-44.333010299999955,-22.96771999999993],[-44.32284839999994,-22.93150099999997],[-44.32943359999996,-22.93256569999994],[-44.33111949999994,-22.92581169999994],[-44.339930899999956,-22.922185999999954],[-44.36437689999997,-22.924102199999936],[-44.35997379999998,-22.93191769999993],[-44.37373999999994,-22.941629499999976],[-44.370312299999966,-22.94840149999993],[-44.34948319999995,-22.945788799999946],[-44.376860499999964,-22.969861599999945],[-44.39583669999996,-22.947743299999956],[-44.41429299999993,-22.954095699999982],[-44.407870499999945,-22.950736099999972],[-44.409287699999936,-22.943351899999982],[-44.412243599999954,-22.940871199999947],[-44.434685599999966,-22.963337799999977],[-44.441359699999964,-23.02659609999995],[-44.477530599999966,-23.005810699999927],[-44.59629899999993,-23.063958699999944],[-44.590578999999934,-23.048696999999947],[-44.61735369999997,-23.044046099999946],[-44.67552649999993,-23.060441599999933],[-44.69856059999995,-23.115534099999934],[-44.698311099999955,-23.17449869999996],[-44.72105019999998,-23.198000999999977],[-44.69786709999994,-23.23290469999995]]],[[[-44.67535359999994,-23.133104699999933],[-44.67477649999995,-23.131718699999965],[-44.674586499999975,-23.13184339999998],[-44.67535359999994,-23.133104699999933]]],[[[-44.66710139999998,-23.131855799999983],[-44.66717849999998,-23.132104699999957],[-44.667299699999944,-23.13203219999997],[-44.66710139999998,-23.131855799999983]]],[[[-44.68557999999996,-23.130709699999954],[-44.68509929999993,-23.12836429999993],[-44.68414309999997,-23.128540199999975],[-44.68557999999996,-23.130709699999954]]],[[[-44.67837789999993,-23.126806699999975],[-44.67842529999996,-23.12486329999996],[-44.677676099999985,-23.12471299999993],[-44.67837789999993,-23.126806699999975]]],[[[-44.66796599999998,-23.123228799999936],[-44.66674539999997,-23.12144829999994],[-44.66631639999997,-23.121000299999935],[-44.66796599999998,-23.123228799999936]]],[[[-44.67647469999997,-23.11445539999994],[-44.67710029999995,-23.11089839999994],[-44.67305219999997,-23.11208689999995],[-44.67647469999997,-23.11445539999994]]],[[[-44.68080649999996,-23.109361399999955],[-44.67951369999997,-23.108102499999973],[-44.67884879999997,-23.10958379999994],[-44.68080649999996,-23.109361399999955]]],[[[-44.68901249999993,-23.109799899999928],[-44.68671789999996,-23.106632099999956],[-44.68546079999993,-23.10645809999994],[-44.68901249999993,-23.109799899999928]]],[[[-44.67387349999996,-23.098520599999972],[-44.66949459999995,-23.096720499999947],[-44.66911939999994,-23.096872599999983],[-44.67387349999996,-23.098520599999972]]],[[[-44.67645749999997,-23.095777599999963],[-44.675969399999985,-23.09558379999993],[-44.67675389999994,-23.095960099999957],[-44.67645749999997,-23.095777599999963]]],[[[-44.65821519999997,-23.093300099999965],[-44.65803589999996,-23.092720699999973],[-44.65791159999998,-23.09315639999994],[-44.65821519999997,-23.093300099999965]]],[[[-44.68473789999996,-23.088689299999942],[-44.683903999999984,-23.086822799999936],[-44.68251689999994,-23.086851399999944],[-44.68473789999996,-23.088689299999942]]],[[[-44.59580049999994,-23.088743999999963],[-44.594784699999934,-23.085310499999935],[-44.59287419999998,-23.08587119999993],[-44.59580049999994,-23.088743999999963]]],[[[-44.55720669999994,-23.076601299999936],[-44.55637139999993,-23.076581399999952],[-44.55691499999995,-23.076999399999977],[-44.55720669999994,-23.076601299999936]]],[[[-44.64128539999996,-23.07439919999996],[-44.64202409999996,-23.06810219999994],[-44.635194499999955,-23.067651599999976],[-44.64128539999996,-23.07439919999996]]],[[[-44.58980889999998,-23.07031919999997],[-44.590326699999935,-23.070652499999937],[-44.58975159999994,-23.070027399999958],[-44.58980889999998,-23.07031919999997]]],[[[-44.62946329999994,-23.070827299999962],[-44.63304229999994,-23.069378399999948],[-44.630849499999954,-23.06780299999997],[-44.62946329999994,-23.070827299999962]]],[[[-44.60184979999997,-23.06796319999995],[-44.60455509999997,-23.06774219999994],[-44.60248599999994,-23.06657169999994],[-44.60184979999997,-23.06796319999995]]],[[[-44.56464619999997,-23.068073399999946],[-44.56359269999996,-23.067259999999976],[-44.56343399999997,-23.067895799999974],[-44.56464619999997,-23.068073399999946]]],[[[-44.63757439999995,-23.067378899999937],[-44.63743059999996,-23.06621279999996],[-44.63675529999995,-23.067011899999954],[-44.63757439999995,-23.067378899999937]]],[[[-44.59642699999995,-23.06712479999993],[-44.595793999999955,-23.065297199999975],[-44.59455819999994,-23.06633439999996],[-44.59642699999995,-23.06712479999993]]],[[[-44.617227999999955,-23.062011499999983],[-44.61620809999994,-23.061436499999957],[-44.616670899999974,-23.06235689999994],[-44.617227999999955,-23.062011499999983]]],[[[-44.627278399999966,-23.062606899999935],[-44.62854409999994,-23.06047179999996],[-44.62604709999994,-23.060836799999947],[-44.627278399999966,-23.062606899999935]]],[[[-44.557024499999955,-23.063060699999937],[-44.55662799999993,-23.055346399999962],[-44.55186279999998,-23.056566799999928],[-44.557024499999955,-23.063060699999937]]],[[[-44.608713999999964,-23.06415419999996],[-44.60776989999994,-23.05987289999996],[-44.60045569999994,-23.055951499999935],[-44.608713999999964,-23.06415419999996]]],[[[-44.660401699999966,-23.05926839999995],[-44.65992099999994,-23.05856259999996],[-44.65961519999996,-23.059417999999937],[-44.660401699999966,-23.05926839999995]]],[[[-44.62327779999998,-23.06016879999993],[-44.62295069999993,-23.05680519999993],[-44.61878479999996,-23.05806039999993],[-44.62327779999998,-23.06016879999993]]],[[[-44.60926479999995,-23.05472979999996],[-44.60954039999996,-23.053885699999967],[-44.60901609999996,-23.053960099999983],[-44.60926479999995,-23.05472979999996]]],[[[-44.560215899999946,-23.053107199999943],[-44.56118059999994,-23.051330699999937],[-44.55923329999996,-23.051724699999966],[-44.560215899999946,-23.053107199999943]]],[[[-44.545525699999985,-23.049677299999928],[-44.545816299999956,-23.048133999999948],[-44.54408609999996,-23.04685139999998],[-44.545525699999985,-23.049677299999928]]],[[[-44.54386299999993,-23.045762999999965],[-44.543209899999965,-23.04537229999994],[-44.54414609999998,-23.046411199999966],[-44.54386299999993,-23.045762999999965]]],[[[-44.518447899999956,-23.035813399999938],[-44.519178599999975,-23.038402599999927],[-44.520689699999934,-23.038517699999943],[-44.518447899999956,-23.035813399999938]]],[[[-44.36046159999995,-23.214824499999963],[-44.35704689999994,-23.21233639999997],[-44.35649139999998,-23.213358099999937],[-44.36046159999995,-23.214824499999963]]],[[[-44.39994709999996,-23.09949919999997],[-44.398473499999966,-23.099091099999953],[-44.39998079999998,-23.099801699999944],[-44.39994709999996,-23.09949919999997]]],[[[-44.39329449999997,-23.07178319999997],[-44.395583999999985,-23.06889179999996],[-44.392052399999955,-23.067923999999948],[-44.39329449999997,-23.07178319999997]]],[[[-44.41158739999997,-23.06270089999998],[-44.40976779999994,-23.06321779999996],[-44.41191459999993,-23.063906199999963],[-44.41158739999997,-23.06270089999998]]],[[[-44.40763909999998,-23.06007119999998],[-44.40666209999995,-23.059890199999927],[-44.40742849999998,-23.06083669999998],[-44.40763909999998,-23.06007119999998]]],[[[-44.406262599999934,-23.05932649999994],[-44.40571589999996,-23.059060699999975],[-44.40599659999998,-23.059684799999957],[-44.406262599999934,-23.05932649999994]]],[[[-44.41808089999995,-23.060995299999945],[-44.41500519999994,-23.05693059999993],[-44.41220489999995,-23.058911399999943],[-44.41808089999995,-23.060995299999945]]],[[[-44.37668419999994,-23.057872799999927],[-44.37630599999994,-23.058525999999972],[-44.37664739999997,-23.058622799999966],[-44.37668419999994,-23.057872799999927]]],[[[-44.37754099999995,-23.05695069999996],[-44.37734029999996,-23.057413099999962],[-44.37759479999994,-23.057512299999928],[-44.37754099999995,-23.05695069999996]]],[[[-44.401397799999984,-23.057221899999945],[-44.40434319999997,-23.054927299999974],[-44.402088299999946,-23.054536999999982],[-44.401397799999984,-23.057221899999945]]],[[[-44.377043699999945,-23.055814899999973],[-44.37643549999996,-23.05619719999993],[-44.377139599999964,-23.056398499999943],[-44.377043699999945,-23.055814899999973]]],[[[-44.41223269999995,-23.05555819999995],[-44.41247599999997,-23.055984299999977],[-44.41267839999995,-23.055779299999983],[-44.41223269999995,-23.05555819999995]]],[[[-44.42092219999995,-23.053254399999958],[-44.420604399999945,-23.05360819999993],[-44.42127359999995,-23.05370039999997],[-44.42092219999995,-23.053254399999958]]],[[[-44.39190649999995,-23.044744399999956],[-44.357087899999954,-23.035181199999954],[-44.34668769999996,-23.039382899999964],[-44.345684699999936,-23.068795199999954],[-44.39190649999995,-23.044744399999956]]],[[[-44.501892399999974,-23.048323899999957],[-44.49149049999994,-23.052389499999947],[-44.50315059999997,-23.055035699999962],[-44.501892399999974,-23.048323899999957]]],[[[-44.399557399999935,-23.04610109999993],[-44.39941299999998,-23.046658999999977],[-44.39974489999997,-23.046591999999976],[-44.399557399999935,-23.04610109999993]]],[[[-44.399545699999976,-23.04566099999994],[-44.399577499999964,-23.045297499999947],[-44.399350399999946,-23.04538759999997],[-44.399545699999976,-23.04566099999994]]],[[[-44.49243819999998,-23.044156399999963],[-44.49307559999994,-23.04386409999995],[-44.49261549999994,-23.04359409999995],[-44.49243819999998,-23.044156399999963]]],[[[-44.39141319999993,-23.04166859999998],[-44.39509409999994,-23.039207399999952],[-44.39122899999995,-23.039842299999975],[-44.39141319999993,-23.04166859999998]]],[[[-44.34281109999995,-23.039805999999942],[-44.34174559999997,-23.03741119999995],[-44.34028569999998,-23.037579299999948],[-44.34281109999995,-23.039805999999942]]],[[[-44.39791649999995,-23.03717269999993],[-44.39775199999997,-23.03721669999993],[-44.39793539999994,-23.03726299999994],[-44.39791649999995,-23.03717269999993]]],[[[-44.39887129999994,-23.03684929999997],[-44.40003399999995,-23.034821799999975],[-44.39702779999993,-23.03516419999994],[-44.39887129999994,-23.03684929999997]]],[[[-44.41125159999996,-23.034586299999944],[-44.41317939999993,-23.03431459999996],[-44.41191519999995,-23.03340689999993],[-44.41125159999996,-23.034586299999944]]],[[[-44.383867399999986,-23.03405589999994],[-44.383593099999985,-23.033955799999944],[-44.383690899999976,-23.03414239999995],[-44.383867399999986,-23.03405589999994]]],[[[-44.44563499999998,-23.031732699999964],[-44.44967939999998,-23.032609099999945],[-44.445202999999935,-23.02828299999993],[-44.44563499999998,-23.031732699999964]]],[[[-44.48191449999996,-23.03021199999995],[-44.48019759999994,-23.030278599999974],[-44.482946099999936,-23.031948899999975],[-44.48191449999996,-23.03021199999995]]],[[[-44.401038599999936,-23.03182339999995],[-44.40289969999998,-23.026575799999932],[-44.399347199999966,-23.02632219999998],[-44.401038599999936,-23.03182339999995]]],[[[-44.43659459999998,-23.02622619999994],[-44.436264499999936,-23.024832699999934],[-44.43548499999997,-23.02591689999997],[-44.43659459999998,-23.02622619999994]]],[[[-44.42647049999994,-23.014817999999934],[-44.42565879999995,-23.014864899999964],[-44.42586819999997,-23.015416699999946],[-44.42647049999994,-23.014817999999934]]],[[[-44.363464299999976,-23.014126199999964],[-44.36308269999995,-23.014210599999956],[-44.36318649999998,-23.01435559999993],[-44.363464299999976,-23.014126199999964]]],[[[-44.36904369999996,-23.01171499999998],[-44.369290999999976,-23.012457599999948],[-44.369694599999946,-23.012039499999958],[-44.36904369999996,-23.01171499999998]]],[[[-44.36974429999998,-23.010402299999953],[-44.36998749999998,-23.010355799999957],[-44.36958899999996,-23.01027739999995],[-44.36974429999998,-23.010402299999953]]],[[[-44.36379479999994,-23.009684899999968],[-44.36399799999998,-23.01042519999993],[-44.36413179999994,-23.010399399999983],[-44.36379479999994,-23.009684899999968]]],[[[-44.383168599999976,-23.00740389999993],[-44.384024099999976,-23.006501399999934],[-44.38262819999994,-23.00687789999995],[-44.383168599999976,-23.00740389999993]]],[[[-44.42255659999995,-23.00378699999993],[-44.422464599999955,-23.003097099999934],[-44.42212969999997,-23.00370819999995],[-44.42255659999995,-23.00378699999993]]],[[[-44.43215429999998,-23.003785299999947],[-44.43103769999993,-23.00177359999998],[-44.430877599999974,-23.00328989999997],[-44.43215429999998,-23.003785299999947]]],[[[-44.42336969999997,-23.00201459999994],[-44.42358329999996,-23.002409499999942],[-44.42371449999996,-23.00230709999994],[-44.42336969999997,-23.00201459999994]]],[[[-44.36587529999997,-22.999397399999964],[-44.366090499999984,-23.000018199999943],[-44.36628969999998,-22.99991229999995],[-44.36587529999997,-22.999397399999964]]],[[[-44.422821399999975,-22.99464999999998],[-44.42196689999997,-22.995262799999978],[-44.423078799999985,-22.995352999999966],[-44.422821399999975,-22.99464999999998]]],[[[-44.405442799999946,-22.99401699999993],[-44.41045189999994,-22.994290999999976],[-44.409411999999975,-22.992515599999933],[-44.405442799999946,-22.99401699999993]]],[[[-44.400320799999974,-22.99389179999997],[-44.400181499999974,-22.993582999999944],[-44.39969179999997,-22.99377009999995],[-44.400320799999974,-22.99389179999997]]],[[[-44.352722599999936,-22.992786199999955],[-44.35211499999997,-22.99353709999997],[-44.353034099999945,-22.993461799999977],[-44.352722599999936,-22.992786199999955]]],[[[-44.40039399999995,-22.990704799999946],[-44.404376999999954,-22.991448599999956],[-44.40260469999998,-22.989837699999953],[-44.40039399999995,-22.990704799999946]]],[[[-44.34576709999993,-22.990592099999958],[-44.344922699999984,-22.990549999999928],[-44.346014099999934,-22.99102629999993],[-44.34576709999993,-22.990592099999958]]],[[[-44.40893809999994,-22.98975319999994],[-44.41673129999998,-22.987918599999944],[-44.414476599999944,-22.985365799999954],[-44.40893809999994,-22.98975319999994]]],[[[-44.36145829999998,-22.987033999999937],[-44.36112229999998,-22.98504779999996],[-44.358962599999984,-22.984199799999942],[-44.36145829999998,-22.987033999999937]]],[[[-44.413652199999945,-22.984502299999974],[-44.41197379999994,-22.983474299999955],[-44.41097999999994,-22.984112799999934],[-44.413652199999945,-22.984502299999974]]],[[[-44.35255779999994,-22.984933999999953],[-44.35181739999996,-22.981064299999957],[-44.34989379999996,-22.981159399999967],[-44.35255779999994,-22.984933999999953]]],[[[-44.39911569999998,-22.98487069999993],[-44.40285289999997,-22.976386299999945],[-44.39517669999998,-22.97932129999998],[-44.39911569999998,-22.98487069999993]]],[[[-44.40817019999997,-22.978095999999937],[-44.407307999999944,-22.978053299999942],[-44.40810759999994,-22.97846839999994],[-44.40817019999997,-22.978095999999937]]],[[[-44.34658609999997,-22.977632099999937],[-44.345917499999985,-22.975246599999934],[-44.34486339999995,-22.975462999999934],[-44.34658609999997,-22.977632099999937]]],[[[-44.37681249999997,-22.97596429999993],[-44.37511239999998,-22.974220199999934],[-44.37480889999995,-22.974101899999937],[-44.375301899999954,-22.975253899999927],[-44.37681249999997,-22.97596429999993]]],[[[-44.39140539999994,-22.97464489999993],[-44.39156619999994,-22.974796699999956],[-44.39163629999996,-22.97467519999998],[-44.39140539999994,-22.97464489999993]]],[[[-44.43169899999998,-22.975400599999944],[-44.431334499999934,-22.973886899999968],[-44.430565799999954,-22.974584499999935],[-44.43169899999998,-22.975400599999944]]],[[[-44.38882229999996,-22.97387029999993],[-44.389306499999975,-22.971547099999952],[-44.38727369999998,-22.97193479999993],[-44.38882229999996,-22.97387029999993]]],[[[-44.42060529999998,-22.973503299999948],[-44.42355569999995,-22.969112699999982],[-44.41433859999995,-22.96844859999993],[-44.42060529999998,-22.973503299999948]]],[[[-44.372416499999986,-22.970133499999974],[-44.36767639999994,-22.967530799999963],[-44.372392099999956,-22.970549499999947],[-44.372416499999986,-22.970133499999974]]],[[[-44.36394539999998,-22.965223899999955],[-44.36369529999996,-22.963570799999957],[-44.36311049999995,-22.963778599999955],[-44.36394539999998,-22.965223899999955]]],[[[-44.40810719999996,-22.963255699999934],[-44.40761799999996,-22.961881999999946],[-44.40607509999995,-22.962630599999954],[-44.40810719999996,-22.963255699999934]]],[[[-44.347711699999934,-22.964225099999965],[-44.34996389999998,-22.96124279999998],[-44.34559509999997,-22.959784599999978],[-44.34518269999995,-22.96215129999996],[-44.347711699999934,-22.964225099999965]]],[[[-44.34398409999994,-22.96186579999994],[-44.34138489999998,-22.960488399999974],[-44.34427789999995,-22.962338199999976],[-44.34398409999994,-22.96186579999994]]],[[[-44.39808549999998,-22.958857299999977],[-44.398454999999956,-22.956488299999933],[-44.39744029999997,-22.956683299999952],[-44.39808549999998,-22.958857299999977]]],[[[-44.35196049999996,-22.954840299999944],[-44.35221569999993,-22.95282279999998],[-44.35118879999993,-22.952890099999934],[-44.35196049999996,-22.954840299999944]]],[[[-44.39898709999994,-22.95116799999994],[-44.400589099999934,-22.95226379999997],[-44.39965079999996,-22.950946699999974],[-44.39898709999994,-22.95116799999994]]],[[[-44.368677599999955,-22.946811999999966],[-44.36850449999997,-22.947120299999938],[-44.36886229999993,-22.94709899999998],[-44.368677599999955,-22.946811999999966]]],[[[-44.36865319999998,-22.94633209999995],[-44.36965589999994,-22.947154699999942],[-44.36877309999994,-22.945531899999935],[-44.36865319999998,-22.94633209999995]]],[[[-44.41056929999996,-22.946190299999955],[-44.41068039999993,-22.946060699999975],[-44.41055079999995,-22.94605729999995],[-44.41056929999996,-22.946190299999955]]],[[[-44.410839599999974,-22.946060699999975],[-44.410713699999974,-22.945655099999954],[-44.410598999999934,-22.94582889999998],[-44.410839599999974,-22.946060699999975]]],[[[-44.40975129999998,-22.94494609999998],[-44.410113999999965,-22.94504829999994],[-44.409766099999956,-22.944908599999962],[-44.40975129999998,-22.94494609999998]]],[[[-44.36924269999997,-22.943732299999965],[-44.36919549999993,-22.944353099999944],[-44.369486999999936,-22.94381889999994],[-44.36924269999997,-22.943732299999965]]],[[[-44.37007799999998,-22.943257199999948],[-44.36841409999994,-22.94369039999998],[-44.36995299999995,-22.94350529999997],[-44.37007799999998,-22.943257199999948]]],[[[-44.36999759999998,-22.94113169999997],[-44.368711099999985,-22.941860299999973],[-44.36982839999996,-22.942351299999928],[-44.36999759999998,-22.94113169999997]]],[[[-44.34866989999995,-22.93243289999998],[-44.34884589999996,-22.93228739999995],[-44.34857309999995,-22.93226679999998],[-44.34866989999995,-22.93243289999998]]],[[[-44.34585709999993,-22.930427399999928],[-44.346955599999944,-22.931681199999957],[-44.347500099999934,-22.931483999999955],[-44.34585709999993,-22.930427399999928]]],[[[-44.148766999999964,-23.223110299999973],[-44.155100699999934,-23.215732799999955],[-44.14938799999993,-23.216525299999944],[-44.148766999999964,-23.223110299999973]]],[[[-44.179731799999956,-23.18398929999995],[-44.18029729999995,-23.183066999999937],[-44.17911719999995,-23.183206799999937],[-44.179731799999956,-23.18398929999995]]],[[[-44.18385509999996,-23.18397959999993],[-44.18256089999994,-23.18305849999996],[-44.18203909999994,-23.183175799999958],[-44.18385509999996,-23.18397959999993]]],[[[-44.35035319999997,-23.214887399999952],[-44.34061429999997,-23.182469699999956],[-44.376842899999986,-23.171356599999967],[-44.29519979999998,-23.113980899999945],[-44.282942299999945,-23.13661909999996],[-44.24990709999997,-23.10999499999997],[-44.23180169999995,-23.075315399999965],[-44.23356009999998,-23.090599599999962],[-44.18997099999996,-23.102623499999936],[-44.21812079999995,-23.10585489999994],[-44.20157949999998,-23.119830099999945],[-44.162760599999956,-23.142167099999938],[-44.12676579999993,-23.119495299999983],[-44.140652699999976,-23.157443299999954],[-44.09083919999995,-23.16697019999998],[-44.184721999999965,-23.179779999999937],[-44.19655199999994,-23.203776699999935],[-44.29896199999996,-23.17732719999998],[-44.35035319999997,-23.214887399999952]]],[[[-44.16750639999998,-23.137450599999966],[-44.16743939999998,-23.137842699999965],[-44.16775269999994,-23.137708199999963],[-44.16750639999998,-23.137450599999966]]],[[[-44.16604849999993,-23.136248199999955],[-44.167289299999936,-23.135091199999977],[-44.166242799999964,-23.13530469999995],[-44.16604849999993,-23.136248199999955]]],[[[-44.15098469999998,-23.12574959999995],[-44.14982149999997,-23.12591539999994],[-44.15131109999993,-23.126292999999976],[-44.15098469999998,-23.12574959999995]]],[[[-44.14048969999993,-23.119249099999934],[-44.140327199999945,-23.11964169999993],[-44.14085719999997,-23.119737099999952],[-44.14048969999993,-23.119249099999934]]],[[[-44.16730599999994,-23.115396399999952],[-44.16567109999994,-23.114410299999975],[-44.164565799999934,-23.114449299999933],[-44.16730599999994,-23.115396399999952]]],[[[-44.141611299999965,-23.10723859999996],[-44.141479699999934,-23.107292299999983],[-44.141589299999964,-23.107312599999943],[-44.141611299999965,-23.10723859999996]]],[[[-44.14022389999997,-23.106141099999945],[-44.14009159999995,-23.106685599999935],[-44.14104189999995,-23.106632899999966],[-44.14022389999997,-23.106141099999945]]],[[[-44.30995699999994,-23.09146439999995],[-44.30928049999994,-23.09056659999993],[-44.309108899999956,-23.091269099999977],[-44.30995699999994,-23.09146439999995]]],[[[-44.24112299999996,-23.08604779999996],[-44.239795999999956,-23.086411099999964],[-44.24136159999995,-23.086775699999976],[-44.24112299999996,-23.08604779999996]]],[[[-44.21573189999998,-23.085764799999936],[-44.21536169999996,-23.086400599999934],[-44.215868599999965,-23.08606089999995],[-44.21573189999998,-23.085764799999936]]],[[[-44.31191579999995,-23.086815899999976],[-44.31198019999994,-23.08499829999994],[-44.31014219999997,-23.085171999999943],[-44.31191579999995,-23.086815899999976]]],[[[-44.32933259999993,-23.086809099999982],[-44.33233979999994,-23.084543699999983],[-44.329274399999974,-23.083239499999934],[-44.32933259999993,-23.086809099999982]]],[[[-44.240413599999954,-23.08507949999995],[-44.24023189999997,-23.085141499999963],[-44.240503899999965,-23.08514809999997],[-44.240413599999954,-23.08507949999995]]],[[[-44.24081049999995,-23.085092499999973],[-44.24410729999994,-23.084146499999974],[-44.23980549999993,-23.084402099999977],[-44.24081049999995,-23.085092499999973]]],[[[-44.240664899999956,-23.08373279999995],[-44.241066899999964,-23.083829099999946],[-44.240620099999944,-23.08364869999997],[-44.240664899999956,-23.08373279999995]]],[[[-44.230128699999966,-23.08368029999997],[-44.22878979999996,-23.08272299999993],[-44.228236899999956,-23.083007099999975],[-44.230128699999966,-23.08368029999997]]],[[[-44.24065539999998,-23.078100699999936],[-44.24070769999997,-23.077242199999944],[-44.23995229999997,-23.077296299999944],[-44.24065539999998,-23.078100699999936]]],[[[-44.228313999999955,-23.07748289999995],[-44.227050099999985,-23.077571599999942],[-44.228256999999985,-23.07787049999996],[-44.228313999999955,-23.07748289999995]]],[[[-44.25252949999998,-23.071882899999935],[-44.25131639999995,-23.069741999999962],[-44.25053729999996,-23.070577399999934],[-44.25252949999998,-23.071882899999935]]],[[[-44.31639769999998,-23.064519899999937],[-44.31535789999998,-23.064556299999936],[-44.316308299999946,-23.06486949999993],[-44.31639769999998,-23.064519899999937]]],[[[-44.338338299999975,-23.061355899999967],[-44.33864029999995,-23.06171459999996],[-44.33875459999996,-23.06148239999993],[-44.338338299999975,-23.061355899999967]]],[[[-44.30997039999994,-23.060878599999967],[-44.31358709999995,-23.05718669999993],[-44.30897739999995,-23.058789099999956],[-44.30997039999994,-23.060878599999967]]],[[[-44.330042599999956,-23.056325499999957],[-44.33050689999993,-23.055368899999962],[-44.329181999999946,-23.05529569999993],[-44.330042599999956,-23.056325499999957]]],[[[-44.32911349999995,-23.05543119999993],[-44.32807509999998,-23.05498309999996],[-44.32888889999998,-23.056038499999943],[-44.32911349999995,-23.05543119999993]]],[[[-44.33350709999996,-23.055494299999964],[-44.33258409999996,-23.054753199999936],[-44.332671199999936,-23.055452499999944],[-44.33350709999996,-23.055494299999964]]],[[[-44.31397339999995,-23.05534289999997],[-44.31723009999996,-23.053702699999974],[-44.312615799999946,-23.053300399999955],[-44.31397339999995,-23.05534289999997]]],[[[-44.26908219999996,-23.05375769999995],[-44.268271099999936,-23.054426999999976],[-44.269074899999964,-23.05457389999998],[-44.26908219999996,-23.05375769999995]]],[[[-44.33358039999996,-23.054636199999948],[-44.33371619999997,-23.05297509999997],[-44.33233249999995,-23.053385499999933],[-44.33358039999996,-23.054636199999948]]],[[[-44.308690499999955,-23.05028429999993],[-44.308320599999945,-23.05114599999996],[-44.309123099999965,-23.05072819999998],[-44.308690499999955,-23.05028429999993]]],[[[-44.139166899999964,-23.04376069999995],[-44.13666569999998,-23.04044639999995],[-44.135955499999966,-23.043339299999957],[-44.139166899999964,-23.04376069999995]]],[[[-44.15811419999994,-23.04093949999998],[-44.162010899999984,-23.039691199999936],[-44.15902619999997,-23.036791199999982],[-44.15811419999994,-23.04093949999998]]],[[[-44.29841189999996,-23.038442699999962],[-44.29845519999998,-23.038962199999958],[-44.29866519999996,-23.03834949999998],[-44.29841189999996,-23.038442699999962]]],[[[-44.29845309999996,-23.037622299999953],[-44.29845719999997,-23.037970899999948],[-44.298644499999966,-23.037721999999974],[-44.29845309999996,-23.037622299999953]]],[[[-44.28000059999994,-23.03593939999996],[-44.27966169999996,-23.03398509999994],[-44.279068999999936,-23.03533429999993],[-44.28000059999994,-23.03593939999996]]],[[[-44.28390049999996,-23.034338399999967],[-44.28405969999994,-23.033254899999974],[-44.283257799999944,-23.033906199999933],[-44.28390049999996,-23.034338399999967]]],[[[-44.29702619999995,-23.03215069999993],[-44.29615099999995,-23.03091809999995],[-44.29706349999998,-23.032412299999976],[-44.29702619999995,-23.03215069999993]]],[[[-44.32721719999995,-23.02957319999996],[-44.32658509999993,-23.028566199999943],[-44.327081299999975,-23.029718799999955],[-44.32721719999995,-23.02957319999996]]],[[[-44.28066009999998,-23.027131699999927],[-44.28103519999996,-23.02693409999995],[-44.28083809999998,-23.026691899999946],[-44.28066009999998,-23.027131699999927]]],[[[-44.33166269999998,-23.028236999999933],[-44.33273019999996,-23.025525199999947],[-44.329277299999944,-23.02755449999995],[-44.33166269999998,-23.028236999999933]]],[[[-44.28721359999997,-23.027783799999952],[-44.28606139999994,-23.025837199999955],[-44.28547979999996,-23.02673189999996],[-44.28721359999997,-23.027783799999952]]],[[[-44.27990539999996,-23.02679439999997],[-44.27823539999997,-23.025314999999978],[-44.27964089999995,-23.027416999999957],[-44.27990539999996,-23.02679439999997]]],[[[-44.285600699999975,-23.026116499999944],[-44.285213899999974,-23.026403199999947],[-44.28562709999994,-23.026222299999972],[-44.285600699999975,-23.026116499999944]]],[[[-44.310112199999935,-23.02726219999994],[-44.31043059999996,-23.02469089999994],[-44.30981389999994,-23.027490899999975],[-44.310112199999935,-23.02726219999994]]],[[[-44.284397499999955,-23.02638109999998],[-44.28515969999995,-23.024693199999945],[-44.28436789999995,-23.024379299999964],[-44.284397499999955,-23.02638109999998]]],[[[-44.269466199999954,-23.024706399999957],[-44.26920649999994,-23.025169999999946],[-44.26948889999994,-23.025162999999964],[-44.269466199999954,-23.024706399999957]]],[[[-44.33208109999998,-23.023605199999963],[-44.33124419999996,-23.02318189999994],[-44.33201889999998,-23.023707899999977],[-44.33208109999998,-23.023605199999963]]],[[[-44.31989359999994,-23.019953099999952],[-44.318574799999965,-23.01872979999996],[-44.31929309999998,-23.020140899999944],[-44.31989359999994,-23.019953099999952]]],[[[-44.27654809999996,-23.018187499999954],[-44.276383099999975,-23.017718899999977],[-44.276265999999964,-23.01806709999994],[-44.27654809999996,-23.018187499999954]]],[[[-44.32143469999994,-23.01738739999996],[-44.32097679999998,-23.01746899999995],[-44.32132389999998,-23.017475799999943],[-44.32143469999994,-23.01738739999996]]],[[[-44.26883669999995,-23.01391549999994],[-44.26780729999996,-23.014595999999983],[-44.26921169999997,-23.01462609999993],[-44.26883669999995,-23.01391549999994]]],[[[-44.302340999999956,-23.010366499999975],[-44.30210169999998,-23.008152999999936],[-44.30150759999998,-23.00888489999994],[-44.302340999999956,-23.010366499999975]]],[[[-44.30884809999998,-23.009774599999957],[-44.30905919999998,-23.00803559999997],[-44.30744809999993,-23.007744199999934],[-44.30884809999998,-23.009774599999957]]],[[[-44.34109119999994,-22.986633499999982],[-44.34172579999995,-22.985335199999952],[-44.34078599999998,-22.985457099999962],[-44.34109119999994,-22.986633499999982]]],[[[-44.334988099999975,-22.981903099999954],[-44.33560079999995,-22.981356799999958],[-44.334988099999975,-22.98136119999998],[-44.334988099999975,-22.981903099999954]]],[[[-44.33037899999994,-22.980558299999927],[-44.32980159999994,-22.978395599999942],[-44.32914929999998,-22.97832569999997],[-44.33037899999994,-22.980558299999927]]],[[[-44.33975819999995,-22.978680999999938],[-44.34147189999993,-22.976423599999976],[-44.340189599999974,-22.975545099999977],[-44.33975819999995,-22.978680999999938]]],[[[-44.32802309999994,-22.972619899999927],[-44.32870219999995,-22.972091499999976],[-44.327664599999935,-22.97210769999998],[-44.32802309999994,-22.972619899999927]]],[[[-44.316376899999966,-22.969545899999957],[-44.31499579999996,-22.96886909999995],[-44.31490969999993,-22.969324299999982],[-44.316376899999966,-22.969545899999957]]],[[[-44.31248909999994,-22.967489499999942],[-44.311901199999966,-22.966416399999957],[-44.31153759999995,-22.96713029999995],[-44.31248909999994,-22.967489499999942]]],[[[-44.318890099999976,-22.967670299999952],[-44.31726409999993,-22.965844199999935],[-44.31669879999998,-22.966392199999973],[-44.318890099999976,-22.967670299999952]]],[[[-44.34210809999996,-22.962722999999983],[-44.34072839999993,-22.96330919999997],[-44.34239199999996,-22.963858999999957],[-44.34210809999996,-22.962722999999983]]],[[[-44.32001709999997,-22.96166359999995],[-44.32174109999994,-22.960246499999982],[-44.32058519999998,-22.95996299999996],[-44.32001709999997,-22.96166359999995]]],[[[-44.33458449999995,-22.953664799999956],[-44.33640449999996,-22.94774599999994],[-44.33425779999993,-22.947766399999978],[-44.33458449999995,-22.953664799999956]]],[[[-44.336375799999985,-22.94663829999996],[-44.33605749999998,-22.947069899999974],[-44.33641629999994,-22.947053899999958],[-44.336375799999985,-22.94663829999996]]],[[[-44.34099549999996,-22.942719799999963],[-44.34016289999994,-22.93477699999994],[-44.33623929999993,-22.936727099999928],[-44.34099549999996,-22.942719799999963]]],[[[-44.33358509999994,-22.92833769999993],[-44.33400329999995,-22.928296399999965],[-44.333710199999985,-22.928070499999933],[-44.33358509999994,-22.92833769999993]]],[[[-44.33162759999993,-22.927867499999934],[-44.33195569999998,-22.928845899999942],[-44.332033199999955,-22.928821099999936],[-44.33162759999993,-22.927867499999934]]],[[[-44.33228409999998,-22.928485199999955],[-44.33287439999998,-22.92633129999996],[-44.33115209999994,-22.926028799999983],[-44.33228409999998,-22.928485199999955]]],[[[-44.094154199999934,-23.175053599999956],[-44.09442169999994,-23.174877399999957],[-44.094321099999945,-23.174827299999947],[-44.094154199999934,-23.175053599999956]]],[[[-44.09167819999993,-23.17427559999993],[-44.091417999999976,-23.172842499999945],[-44.09076289999996,-23.173232999999982],[-44.09167819999993,-23.17427559999993]]],[[[-44.12104509999995,-23.147446299999956],[-44.120488499999965,-23.147853099999963],[-44.12097959999994,-23.148172299999942],[-44.12104509999995,-23.147446299999956]]],[[[-44.108699899999976,-23.143272199999956],[-44.10786839999997,-23.143353799999943],[-44.10814489999996,-23.14372599999996],[-44.108699899999976,-23.143272199999956]]],[[[-44.10900299999997,-23.142491099999972],[-44.108898299999964,-23.138504099999977],[-44.10403429999997,-23.137167399999953],[-44.10900299999997,-23.142491099999972]]],[[[-44.10302849999994,-23.138405199999966],[-44.10345479999995,-23.138433799999973],[-44.10299059999994,-23.138307099999963],[-44.10302849999994,-23.138405199999966]]],[[[-44.12112369999994,-23.10059709999996],[-44.11922809999993,-23.098427899999933],[-44.11838489999997,-23.098991499999954],[-44.12112369999994,-23.10059709999996]]],[[[-44.011315999999965,-23.08704799999998],[-44.010717599999964,-23.085338599999943],[-44.01042179999996,-23.08549729999993],[-44.011315999999965,-23.08704799999998]]],[[[-44.00461809999996,-23.07341329999997],[-43.954433499999936,-23.040926399999933],[-43.88232279999994,-23.06699629999997],[-43.91291769999998,-23.020876099999953],[-43.806341299999985,-23.061330899999973],[-43.61427759999998,-23.03096899999997],[-43.60093959999995,-23.04052619999993],[-43.57695169999994,-23.048135199999933],[-43.56593369999996,-23.057537799999977],[-43.98799749999995,-23.102400399999965],[-44.00461809999996,-23.07341329999997]]],[[[-44.12930839999996,-23.04219949999998],[-44.12904199999997,-23.035988199999963],[-44.123213599999985,-23.03974539999996],[-44.12930839999996,-23.04219949999998]]],[[[-44.11191319999995,-23.037865499999953],[-44.11181269999997,-23.03878009999994],[-44.11233499999997,-23.03812879999998],[-44.11191319999995,-23.037865499999953]]],[[[-44.11304519999993,-23.037018399999965],[-44.112221999999974,-23.037315999999976],[-44.11279539999998,-23.037504299999966],[-44.11304519999993,-23.037018399999965]]],[[[-44.11028729999998,-23.02551669999997],[-44.11047919999993,-23.025967399999956],[-44.110792499999945,-23.02575369999994],[-44.11028729999998,-23.02551669999997]]],[[[-44.11031069999996,-23.024594099999945],[-44.11037879999998,-23.024911799999927],[-44.11057409999995,-23.024773899999957],[-44.11031069999996,-23.024594099999945]]],[[[-43.95294519999993,-23.026161899999977],[-43.953258699999935,-23.022451199999978],[-43.95098789999997,-23.02552289999994],[-43.95294519999993,-23.026161899999977]]],[[[-44.10890729999994,-23.023252299999967],[-44.10881189999998,-23.02352819999993],[-44.109043499999984,-23.023406999999963],[-44.10890729999994,-23.023252299999967]]],[[[-44.110972499999946,-23.02337609999995],[-44.10948969999998,-23.022450999999933],[-44.10988059999994,-23.02387669999996],[-44.110972499999946,-23.02337609999995]]],[[[-43.944954999999936,-23.024226899999974],[-43.946031999999946,-23.020789099999945],[-43.94403089999997,-23.02008049999995],[-43.944954999999936,-23.024226899999974]]],[[[-43.94413419999995,-23.01848229999996],[-43.94320639999995,-23.01893259999997],[-43.94460339999995,-23.019291799999962],[-43.94413419999995,-23.01848229999996]]],[[[-43.94022849999993,-23.015976799999976],[-43.94049089999993,-23.016728199999932],[-43.94074939999996,-23.016641799999945],[-43.94022849999993,-23.015976799999976]]],[[[-43.94034749999997,-23.015192299999967],[-43.94078539999998,-23.01532519999995],[-43.94085229999996,-23.015204799999935],[-43.94034749999997,-23.015192299999967]]],[[[-43.965417499999944,-23.01502359999995],[-43.96558269999997,-23.015418499999953],[-43.966094399999974,-23.015352099999973],[-43.965417499999944,-23.01502359999995]]],[[[-43.96533759999994,-23.012988999999948],[-43.96440839999997,-23.01280879999996],[-43.96529339999995,-23.013663299999962],[-43.96533759999994,-23.012988999999948]]],[[[-43.93054179999996,-23.012015899999938],[-43.929933699999935,-23.012800099999936],[-43.93027099999995,-23.01310179999996],[-43.93054179999996,-23.012015899999938]]],[[[-44.07733319999994,-23.01216789999995],[-44.07697079999997,-23.01172429999997],[-44.076796599999966,-23.01170579999996],[-44.07676419999996,-23.01198409999995],[-44.07733319999994,-23.01216789999995]]],[[[-43.92474069999997,-23.007506199999966],[-43.92523449999993,-23.007761199999948],[-43.925409599999966,-23.007604199999946],[-43.92474069999997,-23.007506199999966]]],[[[-43.95067419999998,-23.00897269999996],[-43.954157399999986,-23.00491119999998],[-43.94915249999997,-23.00592409999996],[-43.95067419999998,-23.00897269999996]]],[[[-43.948688999999945,-23.004577799999936],[-43.94837959999995,-23.00462909999993],[-43.948578199999986,-23.004754399999968],[-43.948688999999945,-23.004577799999936]]],[[[-43.944980999999984,-23.00447809999997],[-43.94476979999996,-23.00378859999995],[-43.94457149999994,-23.00403639999996],[-43.944980999999984,-23.00447809999997]]],[[[-43.947161999999935,-23.003769399999953],[-43.94597969999995,-23.003505599999983],[-43.94730929999997,-23.00467619999995],[-43.947161999999935,-23.003769399999953]]],[[[-44.02988759999994,-23.007670399999938],[-44.052497399999936,-23.003304699999944],[-44.02967979999994,-22.99602479999993],[-44.02988759999994,-23.007670399999938]]],[[[-43.94331979999998,-23.003570799999977],[-43.94350669999994,-23.003999999999962],[-43.943780999999944,-23.004106599999943],[-43.94331979999998,-23.003570799999977]]],[[[-43.94821949999994,-23.003538899999967],[-43.947600799999975,-23.003512099999966],[-43.94764079999993,-23.003910299999973],[-43.94821949999994,-23.003538899999967]]],[[[-43.95310989999996,-23.003521499999977],[-43.954814399999975,-23.00238269999994],[-43.95199719999994,-23.000939099999982],[-43.95310989999996,-23.003521499999977]]],[[[-43.93696169999998,-22.99811999999997],[-43.93045639999997,-23.011789299999975],[-43.935454499999935,-23.015082099999972],[-43.93696169999998,-22.99811999999997]]],[[[-43.91295649999995,-22.996271899999954],[-43.91248029999997,-22.99693949999994],[-43.91320489999998,-22.99703059999996],[-43.91295649999995,-22.996271899999954]]],[[[-43.91676689999997,-22.99531319999994],[-43.91621689999994,-22.994718399999954],[-43.91595619999998,-22.995455899999968],[-43.91676689999997,-22.99531319999994]]],[[[-43.91007129999997,-22.995016199999952],[-43.91199039999998,-22.99196879999994],[-43.90785899999997,-22.98991239999998],[-43.91007129999997,-22.995016199999952]]],[[[-44.041292699999985,-22.990759499999967],[-44.04295239999993,-22.986599699999942],[-44.040260599999954,-22.988382199999933],[-44.041292699999985,-22.990759499999967]]],[[[-43.922586499999966,-22.988271699999927],[-43.919528999999955,-22.984975299999974],[-43.918566399999975,-22.986644199999944],[-43.922586499999966,-22.988271699999927]]],[[[-43.92351229999997,-22.984063599999956],[-43.923429699999986,-22.98230549999994],[-43.92273409999996,-22.982624699999974],[-43.92351229999997,-22.984063599999956]]],[[[-43.93621919999998,-22.982193999999936],[-43.93463799999995,-22.981513099999972],[-43.936150399999974,-22.982382899999948],[-43.93621919999998,-22.982193999999936]]],[[[-43.91316279999995,-22.983905599999957],[-43.90909719999996,-22.979457899999943],[-43.90726779999994,-22.98147759999995],[-43.91316279999995,-22.983905599999957]]],[[[-43.917192299999954,-22.97860419999995],[-43.91606219999994,-22.97855409999994],[-43.91715469999997,-22.97896079999998],[-43.917192299999954,-22.97860419999995]]],[[[-44.00673379999995,-22.964954599999942],[-44.00694099999998,-22.965382999999974],[-44.00705199999993,-22.96538959999998],[-44.00673379999995,-22.964954599999942]]],[[[-44.00624819999996,-22.964306299999976],[-44.00607149999996,-22.96459859999993],[-44.00634919999993,-22.96454549999993],[-44.00624819999996,-22.964306299999976]]],[[[-44.00065779999994,-22.961871199999962],[-43.999734099999955,-22.96232559999993],[-44.001401999999985,-22.96310829999993],[-44.00065779999994,-22.961871199999962]]],[[[-43.91123279999994,-22.962255099999936],[-43.912183099999936,-22.960810299999935],[-43.91093969999997,-22.960313999999983],[-43.91123279999994,-22.962255099999936]]],[[[-43.94700599999993,-22.96109439999998],[-43.951909599999965,-22.95994529999996],[-43.94661629999996,-22.960147999999947],[-43.94700599999993,-22.96109439999998]]],[[[-43.99807019999997,-22.960361599999942],[-43.99836839999995,-22.96003929999995],[-43.99807869999995,-22.96003159999998],[-43.99807019999997,-22.960361599999942]]],[[[-43.875746499999934,-22.95901139999995],[-43.87611529999998,-22.959269499999948],[-43.876351399999976,-22.95924229999997],[-43.875746499999934,-22.95901139999995]]],[[[-43.87287669999995,-22.95846329999995],[-43.87395789999994,-22.958248699999956],[-43.87226309999994,-22.957684299999983],[-43.87287669999995,-22.95846329999995]]],[[[-43.86395999999996,-22.955714599999965],[-43.86387599999995,-22.955458199999953],[-43.86368129999994,-22.955530799999963],[-43.86395999999996,-22.955714599999965]]],[[[-43.92882089999995,-22.94802379999993],[-43.92730199999994,-22.947835899999973],[-43.92901029999996,-22.948885899999937],[-43.92882089999995,-22.94802379999993]]],[[[-44.00931529999997,-22.947575299999983],[-44.00788709999995,-22.947079799999983],[-44.00866199999996,-22.94814359999998],[-44.00931529999997,-22.947575299999983]]],[[[-43.86418649999996,-22.945067799999947],[-43.86633899999998,-22.945888499999967],[-43.866120699999954,-22.944546299999956],[-43.86418649999996,-22.945067799999947]]],[[[-43.923576099999934,-22.944843899999967],[-43.922376199999974,-22.944929199999933],[-43.92369359999998,-22.945668999999953],[-43.923576099999934,-22.944843899999967]]],[[[-43.967165199999954,-22.945581799999957],[-43.967296499999975,-22.943410899999947],[-43.96556599999997,-22.94351439999997],[-43.967165199999954,-22.945581799999957]]],[[[-43.963392899999974,-22.944920999999965],[-43.96178459999993,-22.943002199999967],[-43.96122779999996,-22.943388899999945],[-43.963392899999974,-22.944920999999965]]],[[[-43.92006749999996,-22.944909499999937],[-43.91903609999997,-22.940768099999957],[-43.915205199999946,-22.939432599999975],[-43.92006749999996,-22.944909499999937]]],[[[-43.89689219999997,-22.958607599999937],[-43.90400109999996,-22.930794299999945],[-43.86817119999995,-22.925574599999948],[-43.89689219999997,-22.958607599999937]]],[[[-43.95968829999998,-22.93306599999994],[-43.95970779999993,-22.93347629999994],[-43.959968199999935,-22.93347689999996],[-43.95968829999998,-22.93306599999994]]],[[[-43.96086399999996,-22.93253089999996],[-43.96084989999997,-22.932901499999957],[-43.96104759999997,-22.932842999999934],[-43.96086399999996,-22.93253089999996]]],[[[-43.88752939999995,-22.92797969999998],[-43.88795099999993,-22.926770699999963],[-43.88715119999995,-22.926774499999965],[-43.88752939999995,-22.92797969999998]]],[[[-43.86502829999995,-22.924584099999947],[-43.86351369999994,-22.925346499999932],[-43.86617789999997,-22.925475499999948],[-43.86502829999995,-22.924584099999947]]],[[[-43.87626599999993,-22.924441499999944],[-43.87635119999993,-22.92344899999995],[-43.87583509999996,-22.923497599999962],[-43.87626599999993,-22.924441499999944]]],[[[-43.87664859999995,-22.922802699999977],[-43.87694439999996,-22.92271729999993],[-43.87659169999995,-22.92255629999994],[-43.87664859999995,-22.922802699999977]]],[[[-43.83637369999997,-23.116504299999974],[-43.835429499999975,-23.115039199999956],[-43.83474449999994,-23.115709599999946],[-43.83637369999997,-23.116504299999974]]],[[[-43.56896389999997,-23.08132949999998],[-43.56903139999997,-23.081601499999977],[-43.56916079999996,-23.081357799999978],[-43.56896389999997,-23.08132949999998]]],[[[-43.561375699999985,-23.078737299999943],[-43.561757599999964,-23.08232959999998],[-43.56378629999995,-23.081934099999955],[-43.561375699999985,-23.078737299999943]]],[[[-43.57337329999996,-23.07264799999996],[-43.57409729999995,-23.07337659999996],[-43.57434779999994,-23.07288049999994],[-43.57337329999996,-23.07264799999996]]],[[[-43.51015679999995,-23.065701699999977],[-43.51141229999996,-23.061265299999945],[-43.50789459999993,-23.064538099999936],[-43.51015679999995,-23.065701699999977]]],[[[-43.51134419999994,-23.06067879999995],[-43.51249659999996,-23.06075439999995],[-43.511023799999975,-23.060210799999936],[-43.51134419999994,-23.06067879999995]]],[[[-43.56766259999995,-23.059914999999933],[-43.56741669999997,-23.059775399999978],[-43.56750909999994,-23.060005199999978],[-43.56766259999995,-23.059914999999933]]],[[[-43.56622189999996,-23.058599199999946],[-43.56636189999995,-23.05917549999998],[-43.566543199999956,-23.05891319999995],[-43.56622189999996,-23.058599199999946]]],[[[-43.56599429999994,-23.058232799999928],[-43.56736409999996,-23.058130799999958],[-43.56603389999998,-23.05800039999997],[-43.56599429999994,-23.058232799999928]]],[[[-43.56582079999998,-23.058816499999978],[-43.56570549999998,-23.05875539999994],[-43.56577869999995,-23.05884839999993],[-43.56582079999998,-23.058816499999978]]],[[[-43.56367009999997,-23.057430499999953],[-43.56344769999998,-23.058357599999965],[-43.56377709999998,-23.05909299999996],[-43.56367009999997,-23.057430499999953]]],[[[-43.565851899999984,-23.056955199999948],[-43.565552999999966,-23.05541979999998],[-43.565282199999956,-23.05815039999993],[-43.565851899999984,-23.056955199999948]]],[[[-43.564229599999976,-23.05443109999993],[-43.56363539999995,-23.05379499999998],[-43.56327989999994,-23.054836199999954],[-43.564229599999976,-23.05443109999993]]],[[[-43.50774139999993,-23.05334179999994],[-43.509511499999974,-23.05305889999994],[-43.507938399999944,-23.05266819999997],[-43.50774139999993,-23.05334179999994]]],[[[-43.564644499999986,-23.051538299999947],[-43.56654679999997,-23.052509099999952],[-43.56949139999995,-23.050988599999982],[-43.564644499999986,-23.051538299999947]]],[[[-43.569367399999976,-23.05090329999996],[-43.56940169999996,-23.050707299999942],[-43.569064699999956,-23.050737699999956],[-43.569367399999976,-23.05090329999996]]],[[[-43.56983079999998,-23.049695199999974],[-43.57018279999994,-23.05045199999995],[-43.57078279999996,-23.04967149999993],[-43.56983079999998,-23.049695199999974]]],[[[-43.31054309999996,-23.047161399999936],[-43.31007429999994,-23.046679599999948],[-43.31000309999996,-23.04729969999994],[-43.31054309999996,-23.047161399999936]]],[[[-43.58466079999994,-23.044393899999932],[-43.58287409999997,-23.045191699999975],[-43.58300899999995,-23.045373799999936],[-43.58466079999994,-23.044393899999932]]],[[[-43.30998749999998,-23.044308099999967],[-43.31047019999994,-23.044399599999963],[-43.31022759999996,-23.044073499999968],[-43.30998749999998,-23.044308099999967]]],[[[-43.58810429999994,-23.043068199999936],[-43.58648379999994,-23.04292719999995],[-43.58563399999997,-23.044773299999974],[-43.58810429999994,-23.043068199999936]]],[[[-43.594172699999945,-23.04207329999997],[-43.58934979999998,-23.04168679999998],[-43.588606899999945,-23.042656699999952],[-43.594172699999945,-23.04207329999997]]],[[[-43.592880599999944,-23.04135649999995],[-43.593371099999956,-23.041161899999963],[-43.59277599999996,-23.04107529999993],[-43.592880599999944,-23.04135649999995]]],[[[-43.58064099999996,-23.03905649999996],[-43.581447099999934,-23.039056999999957],[-43.58830489999997,-23.035652699999957],[-43.58064099999996,-23.03905649999996]]],[[[-43.30399179999995,-23.036504599999944],[-43.30259369999993,-23.03843809999995],[-43.307944599999985,-23.03870909999995],[-43.30399179999995,-23.036504599999944]]],[[[-43.316459099999975,-23.037603299999944],[-43.316201099999944,-23.037214499999948],[-43.31569049999996,-23.03757909999996],[-43.316459099999975,-23.037603299999944]]],[[[-43.59360309999994,-23.033854899999938],[-43.578480499999955,-23.04609019999998],[-43.604021699999976,-23.029100299999982],[-43.60261469999995,-23.029007599999943],[-43.59970469999996,-23.027679699999965],[-43.59360309999994,-23.033854899999938]]],[[[-43.47001409999996,-23.033739399999945],[-43.46948239999995,-23.03792859999993],[-43.47220439999995,-23.036291199999937],[-43.47001409999996,-23.033739399999945]]],[[[-43.30554149999995,-23.033728199999928],[-43.30532699999998,-23.03324989999993],[-43.30534359999996,-23.033609399999932],[-43.30554149999995,-23.033728199999928]]],[[[-43.60529279999997,-23.03315589999994],[-43.60760879999998,-23.029631499999937],[-43.604057299999965,-23.031698199999937],[-43.60529279999997,-23.03315589999994]]],[[[-43.60247169999997,-23.026282599999945],[-43.60310849999996,-23.028952799999956],[-43.60457059999993,-23.027386299999932],[-43.60247169999997,-23.026282599999945]]],[[[-43.65276669999997,-23.00296179999998],[-43.65247569999997,-23.003173799999956],[-43.65307319999994,-23.003380799999945],[-43.65276669999997,-23.00296179999998]]],[[[-43.650323699999944,-23.002224499999954],[-43.65037449999994,-23.00260339999994],[-43.65078609999995,-23.00259929999993],[-43.650323699999944,-23.002224499999954]]],[[[-43.66058789999994,-22.999467799999934],[-43.66071679999993,-22.999959899999965],[-43.661013699999955,-22.999810399999944],[-43.66058789999994,-22.999467799999934]]],[[[-43.66123859999993,-22.998401899999976],[-43.660673299999985,-22.998969399999964],[-43.66141109999995,-22.99886379999998],[-43.66123859999993,-22.998401899999976]]],[[[-43.695253399999956,-22.986219999999946],[-43.69614379999996,-22.986707299999978],[-43.696235599999966,-22.986698899999965],[-43.695253399999956,-22.986219999999946]]],[[[-43.703213999999946,-22.98566459999995],[-43.70728809999997,-22.986733199999946],[-43.70287939999997,-22.98522509999998],[-43.703213999999946,-22.98566459999995]]],[[[-43.863675599999965,-22.947669599999983],[-43.857434499999954,-22.954760299999975],[-43.86324479999996,-22.955685899999935],[-43.863675599999965,-22.947669599999983]]],[[[-43.85709319999995,-22.945266699999934],[-43.858514699999944,-22.946193799999946],[-43.859011399999986,-22.946222399999954],[-43.85709319999995,-22.945266699999934]]],[[[-43.85405519999995,-22.941661499999952],[-43.85488349999997,-22.941910099999973],[-43.85393689999995,-22.94116889999998],[-43.85405519999995,-22.941661499999952]]],[[[-43.786887699999966,-22.926431199999968],[-43.78328949999997,-22.92572309999997],[-43.78539669999998,-22.92886539999995],[-43.786887699999966,-22.926431199999968]]],[[[-43.81053369999995,-22.925549199999978],[-43.813055099999985,-22.92431829999998],[-43.809312499999976,-22.922765699999957],[-43.81053369999995,-22.925549199999978]]],[[[-43.814294899999936,-22.92065619999994],[-43.81095799999997,-22.919884699999955],[-43.81418599999995,-22.921062699999936],[-43.814294899999936,-22.92065619999994]]],[[[-43.841211199999975,-22.907633999999973],[-43.841305699999964,-22.907488899999976],[-43.84117969999994,-22.90751309999996],[-43.841211199999975,-22.907633999999973]]],[[[-43.84127419999993,-22.907426099999952],[-43.84113769999993,-22.90732449999996],[-43.841111499999954,-22.907440599999973],[-43.84127419999993,-22.907426099999952]]],[[[-43.840733599999965,-22.907339099999945],[-43.84099599999996,-22.907087699999977],[-43.84057619999993,-22.90730039999994],[-43.840733599999965,-22.907339099999945]]],[[[-43.84243939999993,-22.906488199999956],[-43.84261259999994,-22.90644949999995],[-43.84247089999997,-22.906367299999943],[-43.84243939999993,-22.906488199999956]]],[[[-43.84160859999997,-22.906467599999928],[-43.84198879999997,-22.90613579999996],[-43.84154859999995,-22.90607129999995],[-43.84160859999997,-22.906467599999928]]],[[[-43.840308499999935,-22.90625129999995],[-43.84005659999997,-22.906130399999938],[-43.840292699999964,-22.906401099999982],[-43.840308499999935,-22.90625129999995]]],[[[-43.84077559999997,-22.90664289999995],[-43.84046069999994,-22.90635759999998],[-43.84049739999995,-22.906584899999928],[-43.84077559999997,-22.90664289999995]]],[[[-43.839216799999974,-22.90578229999994],[-43.83925879999998,-22.90605789999995],[-43.83944249999996,-22.905990199999962],[-43.839216799999974,-22.90578229999994]]],[[[-43.839657699999975,-22.905970899999943],[-43.840025099999934,-22.90561789999998],[-43.83990959999994,-22.905516399999954],[-43.839657699999975,-22.905970899999943]]],[[[-43.83956319999993,-22.905912799999953],[-43.83953169999995,-22.905526099999975],[-43.83931649999994,-22.90576299999998],[-43.83956319999993,-22.905912799999953]]],[[[-43.83901739999993,-22.90547769999995],[-43.83864999999997,-22.90573399999994],[-43.83863949999994,-22.90584519999993],[-43.83901739999993,-22.90547769999995]]],[[[-43.83862899999997,-22.90541969999998],[-43.83868149999995,-22.90556959999998],[-43.83874969999994,-22.90540999999996],[-43.83862899999997,-22.90541969999998]]],[[[-43.19964239999996,-23.07301229999996],[-43.199185899999975,-23.074678499999948],[-43.20047619999997,-23.07366339999993],[-43.19964239999996,-23.07301229999996]]],[[[-43.19757249999998,-23.06860169999993],[-43.192784899999936,-23.074102099999948],[-43.19910379999993,-23.071468599999946],[-43.19757249999998,-23.06860169999993]]],[[[-43.20020499999998,-23.03766879999995],[-43.20826789999995,-23.03986599999996],[-43.19677299999995,-23.034721799999943],[-43.20020499999998,-23.03766879999995]]],[[[-43.304804099999956,-23.03395039999998],[-43.304992599999935,-23.03408109999998],[-43.304886299999964,-23.033853299999976],[-43.304804099999956,-23.03395039999998]]],[[[-43.19519509999998,-23.033751499999937],[-43.194915299999934,-23.032478699999956],[-43.19462729999998,-23.03259559999998],[-43.19519509999998,-23.033751499999937]]],[[[-43.30109969999995,-23.031572599999947],[-43.29864999999995,-23.034157999999934],[-43.301322899999946,-23.033284399999957],[-43.30109969999995,-23.031572599999947]]],[[[-43.19348149999996,-23.03141999999997],[-43.19274749999994,-23.03167449999995],[-43.193731499999956,-23.031836399999975],[-43.19348149999996,-23.03141999999997]]],[[[-43.275923399999954,-23.028823099999954],[-43.276667499999974,-23.030736299999944],[-43.27842879999997,-23.030182899999943],[-43.275923399999954,-23.028823099999954]]],[[[-43.192407799999955,-23.029005299999938],[-43.19149949999996,-23.03021279999996],[-43.192636799999946,-23.030115099999932],[-43.192407799999955,-23.029005299999938]]],[[[-43.191903199999956,-23.02533189999997],[-43.19181919999994,-23.02770049999998],[-43.195257099999935,-23.027368399999943],[-43.191903199999956,-23.02533189999997]]],[[[-43.20309699999996,-23.025311599999952],[-43.20209179999995,-23.02744759999996],[-43.206334899999945,-23.025971099999936],[-43.20309699999996,-23.025311599999952]]],[[[-43.18280159999995,-23.021391999999935],[-43.183823099999984,-23.022408999999982],[-43.18367129999996,-23.021597699999973],[-43.18280159999995,-23.021391999999935]]],[[[-43.14987629999996,-22.96227559999994],[-43.14901109999994,-22.965816599999982],[-43.15143009999997,-22.966739299999972],[-43.14987629999996,-22.96227559999994]]],[[[-43.14847849999995,-22.93531029999997],[-43.14789059999998,-22.93509769999997],[-43.148578499999985,-22.935463699999957],[-43.14847849999995,-22.93531029999997]]],[[[-43.16063359999998,-22.912949699999956],[-43.160550299999954,-22.916553999999962],[-43.161366199999975,-22.916422799999964],[-43.16063359999998,-22.912949699999956]]],[[[-43.16603329999998,-22.896626599999934],[-43.16683869999997,-22.89733579999995],[-43.16699489999996,-22.89688209999997],[-43.16603329999998,-22.896626599999934]]],[[[-43.17471779999994,-22.89314799999994],[-43.17134629999998,-22.898660999999947],[-43.175891099999944,-22.895564199999967],[-43.17471779999994,-22.89314799999994]]],[[[-43.211094499999945,-22.887144599999942],[-43.207361799999944,-22.889039499999967],[-43.20910599999996,-22.891952199999935],[-43.211094499999945,-22.887144599999942]]],[[[-43.195519299999944,-22.887090499999942],[-43.197659199999975,-22.88810959999995],[-43.19781839999996,-22.887770899999964],[-43.195519299999944,-22.887090499999942]]],[[[-43.17559849999998,-22.882811599999968],[-43.17360059999993,-22.884149099999945],[-43.17692359999995,-22.884243599999934],[-43.17559849999998,-22.882811599999968]]],[[[-43.208387399999935,-22.858358599999974],[-43.236060899999984,-22.861399199999937],[-43.242476899999986,-22.837045699999976],[-43.208387399999935,-22.858358599999974]]],[[[-43.172983699999975,-22.838418099999956],[-43.17563179999996,-22.837591799999927],[-43.17570439999997,-22.83658989999998],[-43.172983699999975,-22.838418099999956]]],[[[-43.167193199999986,-22.829131899999936],[-43.167386499999964,-22.829345799999942],[-43.16760379999994,-22.82924479999997],[-43.167193199999986,-22.829131899999936]]],[[[-43.25431679999997,-22.825498799999934],[-43.25416629999995,-22.82576339999997],[-43.25453619999996,-22.825463199999945],[-43.25431679999997,-22.825498799999934]]],[[[-43.25992209999998,-22.825091099999952],[-43.257582199999945,-22.82628999999997],[-43.25920359999998,-22.826618999999937],[-43.25992209999998,-22.825091099999952]]],[[[-43.25555259999993,-22.824526499999934],[-43.25457299999994,-22.82476859999997],[-43.25466149999994,-22.825319499999978],[-43.25555259999993,-22.824526499999934]]],[[[-43.16271859999995,-22.819467799999927],[-43.16247869999995,-22.819711299999938],[-43.16276449999998,-22.820055699999955],[-43.162624999999935,-22.82014799999996],[-43.162787099999946,-22.820319299999937],[-43.16271859999995,-22.819467799999927]]],[[[-43.16526289999996,-22.81309179999994],[-43.16069889999994,-22.814594299999953],[-43.16166259999994,-22.815131699999938],[-43.16526289999996,-22.81309179999994]]],[[[-43.265727599999934,-22.812694799999974],[-43.15625399999993,-22.779632899999967],[-43.178352099999984,-22.802061099999946],[-43.17019069999998,-22.83124399999997],[-43.265727599999934,-22.812694799999974]]],[[[-43.16931839999995,-22.80005449999993],[-43.168476399999975,-22.80023929999993],[-43.16928049999996,-22.80068269999998],[-43.16931839999995,-22.80005449999993]]],[[[-43.157717599999955,-22.799863699999946],[-43.15749759999994,-22.800336899999934],[-43.157839499999966,-22.80028859999993],[-43.157717599999955,-22.799863699999946]]],[[[-43.155820999999946,-22.794624599999963],[-43.15579109999993,-22.79472629999998],[-43.15585629999998,-22.794653599999947],[-43.155820999999946,-22.794624599999963]]],[[[-43.15545329999998,-22.79459529999997],[-43.15549949999996,-22.794651199999976],[-43.15553819999997,-22.794619199999943],[-43.15545329999998,-22.79459529999997]]],[[[-43.156005999999934,-22.79437729999995],[-43.15592269999996,-22.79449829999993],[-43.15594549999997,-22.79451249999994],[-43.156005999999934,-22.79437729999995]]],[[[-43.154934999999966,-22.79419809999996],[-43.154889099999934,-22.79417369999993],[-43.154881699999976,-22.794199099999958],[-43.154934999999966,-22.79419809999996]]],[[[-43.154986399999984,-22.794109899999967],[-43.15487639999998,-22.79411559999994],[-43.15494119999994,-22.794169499999953],[-43.154986399999984,-22.794109899999967]]],[[[-43.154849799999965,-22.79409419999996],[-43.154830699999934,-22.79412489999993],[-43.154864799999984,-22.794113299999935],[-43.154849799999965,-22.79409419999996]]],[[[-43.155816899999934,-22.79403119999995],[-43.15579759999997,-22.79404059999996],[-43.15580659999995,-22.79405049999997],[-43.155816899999934,-22.79403119999995]]],[[[-43.15576509999994,-22.79339559999994],[-43.15562169999998,-22.794645499999945],[-43.15576599999997,-22.79458699999998],[-43.15596389999996,-22.794611999999972],[-43.15576109999995,-22.794540599999948],[-43.15576509999994,-22.79339559999994]]],[[[-43.15576139999996,-22.792047199999956],[-43.155750499999954,-22.792094599999928],[-43.15577289999993,-22.79206359999995],[-43.15576139999996,-22.792047199999956]]],[[[-43.15544999999997,-22.792079199999932],[-43.15553259999996,-22.79199909999994],[-43.15542009999996,-22.791986899999927],[-43.15544999999997,-22.792079199999932]]],[[[-43.15555589999997,-22.791915699999947],[-43.15552709999997,-22.791966099999968],[-43.15558519999996,-22.79193799999996],[-43.15555589999997,-22.791915699999947]]],[[[-43.15565179999993,-22.791944199999932],[-43.155692699999975,-22.79187749999994],[-43.15561669999994,-22.791909499999974],[-43.15565179999993,-22.791944199999932]]],[[[-43.15553579999994,-22.791891799999974],[-43.155515899999955,-22.791903699999978],[-43.15553929999993,-22.79190399999993],[-43.15553579999994,-22.791891799999974]]],[[[-43.15558069999997,-22.791836299999943],[-43.15556789999994,-22.791907599999945],[-43.15562749999998,-22.791880799999944],[-43.15558069999997,-22.791836299999943]]],[[[-43.15580389999997,-22.791809299999954],[-43.15578339999996,-22.791855899999973],[-43.15582049999995,-22.791836799999942],[-43.15580389999997,-22.791809299999954]]],[[[-43.15551199999993,-22.791815699999972],[-43.155489699999976,-22.791845199999955],[-43.15552139999994,-22.79182529999997],[-43.15551199999993,-22.791815699999972]]],[[[-43.15538649999996,-22.79173659999998],[-43.15538609999993,-22.791764099999966],[-43.15540839999994,-22.79175749999996],[-43.15538649999996,-22.79173659999998]]],[[[-43.15573359999996,-22.791700799999944],[-43.15570879999996,-22.791778799999975],[-43.15572069999996,-22.791777599999932],[-43.15573359999996,-22.791700799999944]]],[[[-43.152210099999934,-22.790185299999962],[-43.152349699999945,-22.790395199999978],[-43.152338199999974,-22.79030359999996],[-43.152210099999934,-22.790185299999962]]],[[[-43.151662699999974,-22.78939749999995],[-43.15160739999993,-22.790601899999956],[-43.151832799999966,-22.790715399999954],[-43.151662699999974,-22.78939749999995]]],[[[-43.149481299999934,-22.78890629999995],[-43.14858909999998,-22.789455999999973],[-43.14953799999995,-22.78919019999995],[-43.149481299999934,-22.78890629999995]]],[[[-43.15093589999998,-22.78686829999998],[-43.150634699999955,-22.78807379999995],[-43.15164249999998,-22.787384999999972],[-43.15093589999998,-22.78686829999998]]],[[[-43.15984089999995,-22.775494999999978],[-43.152793299999985,-22.771686699999975],[-43.151953599999956,-22.773933799999952],[-43.15984089999995,-22.775494999999978]]],[[[-43.169032399999935,-22.76873379999995],[-43.16895499999998,-22.76875169999994],[-43.16902349999998,-22.768790199999955],[-43.169032399999935,-22.76873379999995]]],[[[-43.167516399999954,-22.768732899999975],[-43.16846659999993,-22.768461599999966],[-43.167816399999936,-22.76784379999998],[-43.167516399999954,-22.768732899999975]]],[[[-43.16861299999994,-22.76814749999994],[-43.16871579999997,-22.768091099999936],[-43.16857719999996,-22.76798009999993],[-43.16861299999994,-22.76814749999994]]],[[[-43.16842749999995,-22.767935399999942],[-43.16836329999995,-22.767802899999936],[-43.16828199999998,-22.767896599999972],[-43.16842749999995,-22.767935399999942]]],[[[-43.16831229999997,-22.76755899999995],[-43.168219499999964,-22.767765699999927],[-43.16831879999995,-22.767674099999965],[-43.16831229999997,-22.76755899999995]]],[[[-43.16909909999998,-22.76757669999995],[-43.16936519999996,-22.76776339999998],[-43.16941159999993,-22.76758959999995],[-43.16909909999998,-22.76757669999995]]],[[[-43.16775249999995,-22.767665699999952],[-43.168064999999956,-22.767645199999947],[-43.16801819999995,-22.767403499999944],[-43.16775249999995,-22.767665699999952]]],[[[-43.168633399999976,-22.76753089999994],[-43.16889599999996,-22.767504199999962],[-43.16874339999998,-22.767387499999927],[-43.168633399999976,-22.76753089999994]]],[[[-43.16855339999995,-22.76750409999994],[-43.16855749999996,-22.767344599999944],[-43.16850549999998,-22.767490599999974],[-43.16855339999995,-22.76750409999994]]],[[[-43.168943799999965,-22.767515499999945],[-43.16914879999996,-22.767157999999938],[-43.168852999999956,-22.767121199999963],[-43.168943799999965,-22.767515499999945]]],[[[-43.168258299999934,-22.767262899999935],[-43.168367099999955,-22.767204799999945],[-43.16825099999994,-22.767205299999944],[-43.168258299999934,-22.767262899999935]]],[[[-43.16911319999997,-22.767043899999976],[-43.16915719999997,-22.76699899999994],[-43.16909419999996,-22.76700349999993],[-43.16911319999997,-22.767043899999976]]],[[[-43.16896299999996,-22.766979899999967],[-43.168872299999975,-22.76706829999995],[-43.16894909999996,-22.767076999999972],[-43.16896299999996,-22.766979899999967]]],[[[-43.16918019999997,-22.76694999999995],[-43.16923019999996,-22.76697649999994],[-43.16921389999993,-22.766943899999944],[-43.16918019999997,-22.76694999999995]]],[[[-43.16916829999997,-22.76690039999994],[-43.169192399999986,-22.76676969999994],[-43.16911939999994,-22.76689719999996],[-43.16916829999997,-22.76690039999994]]],[[[-43.16867119999995,-22.766728399999977],[-43.168751499999985,-22.766791599999976],[-43.16872449999994,-22.76672119999995],[-43.16867119999995,-22.766728399999977]]],[[[-43.16917339999998,-22.766621399999963],[-43.16908969999997,-22.766705999999942],[-43.16917939999996,-22.76669789999994],[-43.16917339999998,-22.766621399999963]]],[[[-43.180811699999936,-22.725984799999935],[-43.18130449999995,-22.726206099999956],[-43.181386499999974,-22.725961299999938],[-43.180811699999936,-22.725984799999935]]],[[[-43.14782189999994,-23.06494429999998],[-43.14285399999994,-23.064102099999957],[-43.14232879999997,-23.06588709999994],[-43.14782189999994,-23.06494429999998]]],[[[-42.92936039999995,-23.024928099999954],[-42.92908269999998,-23.025196799999947],[-42.929314499999975,-23.02522849999997],[-42.92936039999995,-23.024928099999954]]],[[[-42.925382799999966,-23.020666199999937],[-42.92788109999998,-23.02429419999993],[-42.92896289999993,-23.02427899999998],[-42.925382799999966,-23.020666199999937]]],[[[-42.920903099999975,-23.012874099999976],[-42.91956779999998,-23.01664909999994],[-42.92389549999996,-23.018638099999976],[-42.920903099999975,-23.012874099999976]]],[[[-42.907191599999976,-23.00691749999993],[-42.90879629999995,-23.007453399999974],[-42.906903899999975,-23.00557539999994],[-42.907191599999976,-23.00691749999993]]],[[[-42.907712199999935,-23.004688699999974],[-42.90840019999996,-23.006011399999977],[-42.90951229999996,-23.005906599999946],[-42.907712199999935,-23.004688699999974]]],[[[-43.084149699999955,-22.98573289999996],[-43.08568699999995,-22.98965959999998],[-43.088867999999934,-22.98802079999996],[-43.084149699999955,-22.98573289999996]]],[[[-43.06265549999995,-22.981128799999965],[-43.067264199999954,-22.986240599999974],[-43.068503599999985,-22.985875999999962],[-43.06265549999995,-22.981128799999965]]],[[[-43.05519499999997,-22.98070729999995],[-43.052829799999984,-22.979083999999943],[-43.05483019999997,-22.981109599999968],[-43.05519499999997,-22.98070729999995]]],[[[-42.691348199999936,-22.96229399999993],[-42.691569399999935,-22.961761999999965],[-42.69100579999997,-22.962129799999957],[-42.691348199999936,-22.96229399999993]]],[[[-43.10211839999994,-22.95689669999996],[-43.105595999999935,-22.956825599999945],[-43.102093699999955,-22.955314899999962],[-43.10211839999994,-22.95689669999996]]],[[[-43.11500739999997,-22.952033399999948],[-43.11670799999996,-22.952080799999976],[-43.11671819999998,-22.951801099999955],[-43.11500739999997,-22.952033399999948]]],[[[-42.47676619999993,-22.93980929999998],[-42.475712699999974,-22.93943539999998],[-42.476144199999965,-22.940488999999957],[-42.47676619999993,-22.93980929999998]]],[[[-42.475579299999936,-22.938931099999934],[-42.47533299999998,-22.939187499999946],[-42.475536499999976,-22.93923689999997],[-42.475579299999936,-22.938931099999934]]],[[[-42.474658199999965,-22.93849709999995],[-42.47486169999996,-22.938704299999927],[-42.47492599999998,-22.938625399999978],[-42.474658199999965,-22.93849709999995]]],[[[-43.14613699999995,-22.93420219999996],[-43.147241399999984,-22.934986899999956],[-43.14741929999997,-22.934637299999963],[-43.14613699999995,-22.93420219999996]]],[[[-43.10185069999994,-22.93136929999997],[-43.101610999999934,-22.93096239999994],[-43.10144189999994,-22.931112999999982],[-43.10185069999994,-22.93136929999997]]],[[[-43.12576509999997,-22.91003909999995],[-43.12519809999998,-22.90997049999993],[-43.12609279999998,-22.910625099999947],[-43.12576509999997,-22.91003909999995]]],[[[-43.13117999999997,-22.908981799999935],[-43.130871499999955,-22.908887599999957],[-43.13084199999997,-22.908985599999937],[-43.13117999999997,-22.908981799999935]]],[[[-43.12237659999994,-22.874216199999978],[-43.12004039999994,-22.87725759999995],[-43.12505769999996,-22.874598999999932],[-43.12237659999994,-22.874216199999978]]],[[[-43.13839089999993,-22.87563229999995],[-43.13150019999995,-22.87367859999995],[-43.13522249999994,-22.87553909999997],[-43.13736179999995,-22.876081899999974],[-43.13839089999993,-22.87563229999995]]],[[[-43.12896129999996,-22.86624489999997],[-43.128175699999986,-22.86154389999996],[-43.126378699999975,-22.862585999999965],[-43.12896129999996,-22.86624489999997]]],[[[-43.11895169999997,-22.86368159999995],[-43.12428689999996,-22.85935989999996],[-43.116782299999954,-22.858479099999954],[-43.11895169999997,-22.86368159999995]]],[[[-43.11595659999995,-22.85454219999997],[-43.11648399999996,-22.853836599999966],[-43.115783799999974,-22.85373429999993],[-43.11595659999995,-22.85454219999997]]],[[[-43.10400839999994,-22.847771399999942],[-43.105653099999984,-22.846181899999976],[-43.10369959999997,-22.845850999999982],[-43.10400839999994,-22.847771399999942]]],[[[-43.10751259999995,-22.846788499999946],[-43.108410299999946,-22.84707389999994],[-43.10780319999998,-22.846459599999946],[-43.10751259999995,-22.846788499999946]]],[[[-43.111512699999935,-22.830385099999944],[-43.10781259999993,-22.84078569999997],[-43.11554039999993,-22.833559899999955],[-43.111512699999935,-22.830385099999944]]],[[[-43.095203599999934,-22.819226999999955],[-43.10195989999994,-22.829695899999933],[-43.10439199999996,-22.82937519999996],[-43.095203599999934,-22.819226999999955]]],[[[-43.120074699999975,-22.80623399999996],[-43.120631999999944,-22.805749299999945],[-43.12024739999998,-22.805785399999934],[-43.120074699999975,-22.80623399999996]]],[[[-43.12256339999993,-22.804453099999932],[-43.12328859999997,-22.80704549999996],[-43.12376479999995,-22.80711999999994],[-43.12256339999993,-22.804453099999932]]],[[[-43.11790949999994,-22.802439099999958],[-43.11786319999993,-22.804430999999965],[-43.119614199999944,-22.803847299999973],[-43.11790949999994,-22.802439099999958]]],[[[-43.11032299999994,-22.801856199999975],[-43.111665699999946,-22.801668199999938],[-43.108131499999956,-22.800840799999946],[-43.11032299999994,-22.801856199999975]]],[[[-43.12380559999997,-22.79806979999995],[-43.12271529999998,-22.799013499999944],[-43.12373329999997,-22.799298199999953],[-43.12380559999997,-22.79806979999995]]],[[[-43.11167549999993,-22.795700199999942],[-43.11343859999994,-22.797311699999966],[-43.113774399999954,-22.79639499999996],[-43.11167549999993,-22.795700199999942]]],[[[-43.12114139999994,-22.796501399999954],[-43.122752899999966,-22.796356899999978],[-43.121198299999946,-22.795699399999933],[-43.12114139999994,-22.796501399999954]]],[[[-43.105042399999945,-22.791026599999952],[-43.104582499999935,-22.791273899999965],[-43.10463129999994,-22.791984999999954],[-43.105042399999945,-22.791026599999952]]],[[[-43.10485659999995,-22.790281999999934],[-43.10615149999995,-22.791707199999962],[-43.106585199999984,-22.79138469999998],[-43.10485659999995,-22.790281999999934]]],[[[-43.101121999999975,-22.789356599999962],[-43.10119839999993,-22.78984779999996],[-43.10162159999993,-22.789939699999934],[-43.101121999999975,-22.789356599999962]]],[[[-43.09949069999993,-22.788252299999954],[-43.100277699999936,-22.78931719999997],[-43.100576899999965,-22.78896139999995],[-43.09949069999993,-22.788252299999954]]],[[[-43.13784959999998,-22.782632899999953],[-43.13791179999998,-22.783361699999944],[-43.138395199999934,-22.782828999999936],[-43.13784959999998,-22.782632899999953]]],[[[-43.14042839999996,-22.782160999999974],[-43.14056109999996,-22.78209479999998],[-43.14048839999998,-22.781873399999938],[-43.14077119999996,-22.78207919999994],[-43.14088469999996,-22.78187829999996],[-43.14044579999995,-22.78166639999995],[-43.14042839999996,-22.782160999999974]]],[[[-43.106083199999944,-22.776501199999927],[-43.106174099999976,-22.77777149999997],[-43.10699989999995,-22.776927299999954],[-43.106083199999944,-22.776501199999927]]],[[[-43.138666299999954,-22.77647879999995],[-43.13819229999996,-22.77734399999997],[-43.138521899999944,-22.77727059999995],[-43.138666299999954,-22.77647879999995]]],[[[-43.141602399999954,-22.77657849999997],[-43.13958759999997,-22.77605879999993],[-43.139156199999945,-22.776890899999955],[-43.141602399999954,-22.77657849999997]]],[[[-43.07266279999993,-22.77424599999995],[-43.07262769999994,-22.774698399999977],[-43.07286449999998,-22.77456509999996],[-43.07266279999993,-22.77424599999995]]],[[[-43.072769999999934,-22.773787999999968],[-43.07431159999993,-22.77411909999995],[-43.073797499999955,-22.773323699999935],[-43.072769999999934,-22.773787999999968]]],[[[-43.115125699999965,-22.76970529999994],[-43.11441949999994,-22.76967419999994],[-43.11534069999993,-22.770424699999978],[-43.115125699999965,-22.76970529999994]]],[[[-43.11711679999996,-22.769124099999942],[-43.116379999999936,-22.76921969999995],[-43.117100999999934,-22.769470199999944],[-43.11711679999996,-22.769124099999942]]],[[[-43.10230149999995,-22.76284529999998],[-43.101526399999955,-22.76293899999996],[-43.10215059999996,-22.763278199999945],[-43.10230149999995,-22.76284529999998]]],[[[-43.069743899999935,-22.760211899999945],[-43.06959439999997,-22.760643699999946],[-43.069878399999936,-22.760665099999983],[-43.069743899999935,-22.760211899999945]]],[[[-43.10291139999998,-22.765959799999962],[-43.11281349999996,-22.754069899999934],[-43.10554479999996,-22.748676399999965],[-43.10291139999998,-22.765959799999962]]],[[[-43.12090139999998,-22.75648519999993],[-43.114541799999984,-22.756369999999947],[-43.12008199999997,-22.758457799999974],[-43.12090139999998,-22.75648519999993]]],[[[-43.12886069999996,-22.74797049999995],[-43.125642599999935,-22.746582099999955],[-43.124099899999976,-22.748321399999952],[-43.12886069999996,-22.74797049999995]]],[[[-43.03072769999994,-22.740388399999972],[-43.03083689999994,-22.747209299999952],[-43.03273479999996,-22.742387399999927],[-43.03072769999994,-22.740388399999972]]],[[[-43.064314399999944,-22.694650799999977],[-43.06353659999996,-22.694506899999965],[-43.06349759999995,-22.694677299999967],[-43.064314399999944,-22.694650799999977]]],[[[-43.104783199999986,-22.692383099999972],[-43.10535829999998,-22.691966899999954],[-43.10487059999997,-22.691973599999983],[-43.104783199999986,-22.692383099999972]]],[[[-43.061244199999976,-22.69094139999993],[-43.06047629999995,-22.689454799999965],[-43.06032909999993,-22.689575399999967],[-43.061244199999976,-22.69094139999993]]],[[[-42.01304659999994,-22.998889799999972],[-41.978579399999944,-22.997883899999977],[-42.00494469999995,-23.01383969999995],[-42.01304659999994,-22.998889799999972]]],[[[-42.03775029999997,-22.98431309999995],[-42.03697939999995,-22.984267199999977],[-42.03739609999997,-22.98469259999996],[-42.03775029999997,-22.98431309999995]]],[[[-42.037134299999934,-22.981089699999927],[-42.03875029999995,-22.982487499999934],[-42.038138499999945,-22.980569699999933],[-42.037134299999934,-22.981089699999927]]],[[[-41.99315509999997,-22.963397699999973],[-41.985433099999966,-22.963837099999978],[-41.99280799999997,-22.969318899999962],[-41.99315509999997,-22.963397699999973]]],[[[-42.46788289999995,-22.94385099999994],[-42.46945499999998,-22.944415599999957],[-42.46873709999994,-22.94347149999993],[-42.46788289999995,-22.94385099999994]]],[[[-42.029062899999985,-22.941222899999957],[-42.029844699999956,-22.940527999999972],[-42.02876699999996,-22.93986239999998],[-42.029062899999985,-22.941222899999957]]],[[[-42.47470109999995,-22.938240699999938],[-42.47424049999995,-22.938161799999932],[-42.47442259999997,-22.938516899999968],[-42.47470109999995,-22.938240699999938]]],[[[-42.47350159999996,-22.93794479999997],[-42.47345869999998,-22.93854639999995],[-42.47367289999994,-22.937865899999963],[-42.47350159999996,-22.93794479999997]]],[[[-41.98904939999994,-22.892201499999942],[-41.976291999999944,-22.899566999999934],[-41.98082369999997,-22.902640799999972],[-41.98904939999994,-22.892201499999942]]],[[[-41.96104529999997,-22.885287699999935],[-41.96032889999998,-22.88319839999997],[-41.96071729999994,-22.885450799999944],[-41.96104529999997,-22.885287699999935]]],[[[-41.95925059999996,-22.884168299999942],[-41.95913269999994,-22.881812699999955],[-41.958148999999935,-22.882249199999933],[-41.95925059999996,-22.884168299999942]]],[[[-41.93974609999998,-22.876768599999934],[-41.94198989999995,-22.879975999999942],[-41.942960599999935,-22.878491399999973],[-41.93974609999998,-22.876768599999934]]],[[[-41.94960159999994,-22.87051139999994],[-41.95319999999998,-22.87613779999998],[-41.95393569999993,-22.87588009999996],[-41.94960159999994,-22.87051139999994]]],[[[-41.93850839999993,-22.87008499999996],[-41.937962599999935,-22.87000409999996],[-41.93829559999995,-22.870404399999927],[-41.93850839999993,-22.87008499999996]]],[[[-41.94552479999993,-22.863760199999945],[-41.94030509999993,-22.873606699999982],[-41.948017999999934,-22.873978799999975],[-41.94552479999993,-22.863760199999945]]],[[[-41.92033289999995,-22.863394599999936],[-41.92026759999993,-22.86553289999995],[-41.92134749999997,-22.863587699999982],[-41.92033289999995,-22.863394599999936]]],[[[-41.92295349999995,-22.863347499999975],[-41.92316829999993,-22.86484809999996],[-41.92480449999994,-22.864321899999936],[-41.92295349999995,-22.863347499999975]]],[[[-41.90620769999998,-22.852443799999946],[-41.90415759999996,-22.85998529999995],[-41.912620199999935,-22.86236669999994],[-41.90620769999998,-22.852443799999946]]],[[[-41.902937099999974,-22.850381399999947],[-41.90325109999998,-22.85076369999996],[-41.90350349999994,-22.850392399999976],[-41.902937099999974,-22.850381399999947]]],[[[-41.91912369999994,-22.81560399999995],[-41.91816549999993,-22.817029399999967],[-41.91945389999995,-22.816689399999973],[-41.91912369999994,-22.81560399999995]]],[[[-41.91778399999998,-22.816265199999975],[-41.917369399999984,-22.81571649999995],[-41.91743109999993,-22.81621769999998],[-41.91778399999998,-22.816265199999975]]],[[[-41.91967889999995,-22.815750799999932],[-41.919276699999955,-22.815303899999947],[-41.91912019999995,-22.81550219999997],[-41.91967889999995,-22.815750799999932]]],[[[-41.92359699999997,-22.812316599999974],[-41.920861299999956,-22.813476099999946],[-41.920196799999985,-22.814659699999936],[-41.92328679999997,-22.813376799999958],[-41.92359699999997,-22.812316599999974]]],[[[-41.902595099999985,-22.78355769999996],[-41.90239299999996,-22.783519499999954],[-41.90252269999996,-22.783628199999953],[-41.902595099999985,-22.78355769999996]]],[[[-41.90375239999997,-22.755406799999946],[-41.90366299999994,-22.75615149999993],[-41.904052399999955,-22.75588819999996],[-41.90375239999997,-22.755406799999946]]],[[[-41.94142109999996,-22.739385399999946],[-41.94160039999997,-22.739383499999974],[-41.94141349999995,-22.739337699999965],[-41.94142109999996,-22.739385399999946]]],[[[-41.94692029999993,-22.739440999999943],[-41.94427129999997,-22.73900279999998],[-41.941883099999984,-22.739306599999964],[-41.94692029999993,-22.739440999999943]]],[[[-41.946002599999986,-22.73660449999994],[-41.94640309999994,-22.73655489999993],[-41.94597209999995,-22.73652059999995],[-41.946002599999986,-22.73660449999994]]],[[[-41.94078029999997,-22.736032299999977],[-41.940497999999934,-22.736333599999966],[-41.940772599999946,-22.736863899999946],[-41.94078029999997,-22.736032299999977]]],[[[-41.94599909999994,-22.72772649999996],[-41.94584219999996,-22.727881899999943],[-41.94620979999996,-22.72797769999994],[-41.94599909999994,-22.72772649999996]]],[[[-41.924183599999935,-22.72189919999994],[-41.92207179999997,-22.725473199999954],[-41.92653749999994,-22.723721699999942],[-41.924183599999935,-22.72189919999994]]],[[[-41.98320559999996,-22.596894599999928],[-41.98221199999995,-22.59646749999996],[-41.98304779999995,-22.59705139999994],[-41.98320559999996,-22.596894599999928]]],[[[-41.933861099999945,-22.54173819999994],[-41.93469909999993,-22.54150469999996],[-41.93377689999994,-22.54160859999996],[-41.933861099999945,-22.54173819999994]]],[[[-41.941435799999965,-22.541149299999972],[-41.94193039999993,-22.541738599999974],[-41.94209499999994,-22.54114519999996],[-41.941435799999965,-22.541149299999972]]],[[[-41.93526259999993,-22.540761699999962],[-41.93502879999994,-22.54061779999995],[-41.93506049999996,-22.540768499999956],[-41.93526259999993,-22.540761699999962]]],[[[-41.941669099999956,-22.540481299999954],[-41.94150499999995,-22.54044319999997],[-41.94156229999993,-22.54055189999997],[-41.941669099999956,-22.540481299999954]]],[[[-41.93374589999996,-22.54048899999998],[-41.93381459999995,-22.540378399999952],[-41.93366969999994,-22.54033069999997],[-41.93374589999996,-22.54048899999998]]],[[[-41.93411599999996,-22.54040509999993],[-41.93395959999998,-22.540218099999947],[-41.93408169999998,-22.54049279999998],[-41.93411599999996,-22.54040509999993]]],[[[-41.93411219999996,-22.54007699999994],[-41.93433339999996,-22.539949199999967],[-41.934001499999965,-22.539933899999937],[-41.93411219999996,-22.54007699999994]]],[[[-41.943137699999966,-22.539756599999976],[-41.943023299999936,-22.539626899999973],[-41.94292029999997,-22.539823299999966],[-41.943137699999966,-22.539756599999976]]],[[[-41.93587839999998,-22.539426599999956],[-41.93567619999993,-22.539458999999965],[-41.93587069999995,-22.53949719999997],[-41.93587839999998,-22.539426599999956]]],[[[-41.93735829999997,-22.538517499999955],[-41.93775589999996,-22.54004299999997],[-41.93812209999993,-22.539902599999948],[-41.93735829999997,-22.538517499999955]]],[[[-41.90914899999996,-22.536901599999965],[-41.90875579999994,-22.537013299999956],[-41.90919219999995,-22.537101099999973],[-41.90914899999996,-22.536901599999965]]],[[[-41.90948149999997,-22.536430999999936],[-41.90945629999993,-22.536551199999963],[-41.90956129999995,-22.53645039999998],[-41.90948149999997,-22.536430999999936]]],[[[-41.91893129999994,-22.53185579999996],[-41.919701499999974,-22.53367579999997],[-41.91990009999995,-22.532938799999954],[-41.91893129999994,-22.53185579999996]]],[[[-41.91699909999994,-22.532200599999953],[-41.91633609999997,-22.532527899999934],[-41.91709089999995,-22.53247049999993],[-41.91699909999994,-22.532200599999953]]],[[[-41.91852149999994,-22.53150349999993],[-41.91875419999997,-22.531757099999936],[-41.91873129999993,-22.53149959999996],[-41.91852149999994,-22.53150349999993]]],[[[-41.919665899999984,-22.526584399999933],[-41.91974979999998,-22.526925799999958],[-41.919932899999935,-22.526857199999938],[-41.919665899999984,-22.526584399999933]]],[[[-41.890745599999946,-22.843219999999974],[-41.891850699999964,-22.846438999999975],[-41.89363869999994,-22.84564919999997],[-41.890745599999946,-22.843219999999974]]],[[[-41.89643819999998,-22.786216499999966],[-41.896308499999975,-22.78609249999994],[-41.89637339999996,-22.786329099999932],[-41.89643819999998,-22.786216499999966]]],[[[-41.89215989999997,-22.784609699999976],[-41.892124799999976,-22.784771499999977],[-41.89222369999993,-22.78459209999994],[-41.89215989999997,-22.784609699999976]]],[[[-41.82893659999996,-22.784448699999928],[-41.828911999999946,-22.784848199999942],[-41.82917439999994,-22.78475519999995],[-41.82893659999996,-22.784448699999928]]],[[[-41.82951859999997,-22.78404749999993],[-41.829087999999956,-22.78444989999997],[-41.82975589999995,-22.784404799999947],[-41.82951859999997,-22.78404749999993]]],[[[-41.89990199999994,-22.78262879999994],[-41.899783699999944,-22.78264409999997],[-41.89980659999998,-22.782747099999938],[-41.89990199999994,-22.78262879999994]]],[[[-41.89984849999996,-22.78234649999996],[-41.89990199999994,-22.78245899999996],[-41.899989699999935,-22.782321699999954],[-41.89984849999996,-22.78234649999996]]],[[[-41.82428779999998,-22.771325399999967],[-41.825379099999964,-22.77636179999996],[-41.826805699999966,-22.77289319999994],[-41.82428779999998,-22.771325399999967]]],[[[-41.78963739999995,-22.76743129999994],[-41.78490679999993,-22.770837399999948],[-41.79386329999994,-22.77170159999997],[-41.78963739999995,-22.76743129999994]]],[[[-41.87205359999996,-22.766727499999945],[-41.872585999999956,-22.765958599999976],[-41.872195999999974,-22.765763999999933],[-41.87205359999996,-22.766727499999945]]],[[[-41.88754709999995,-22.752898399999935],[-41.88695429999996,-22.75248929999998],[-41.887048999999934,-22.75288349999994],[-41.88754709999995,-22.752898399999935]]],[[[-41.874149099999954,-22.729550399999937],[-41.874965299999985,-22.731312899999978],[-41.87548899999996,-22.730838199999937],[-41.874149099999954,-22.729550399999937]]],[[[-41.88475759999994,-22.489700099999936],[-41.88456309999998,-22.489804999999933],[-41.88495979999993,-22.48976689999995],[-41.88475759999994,-22.489700099999936]]],[[[-41.883866299999966,-22.489473999999973],[-41.88358479999994,-22.489828399999965],[-41.88404319999995,-22.48960859999994],[-41.883866299999966,-22.489473999999973]]],[[[-41.88491399999998,-22.489400599999954],[-41.88487969999994,-22.489583799999934],[-41.885085699999934,-22.489448299999935],[-41.88491399999998,-22.489400599999954]]],[[[-41.884017599999936,-22.48787859999993],[-41.884654599999976,-22.48823909999993],[-41.884761399999945,-22.487886199999934],[-41.884017599999936,-22.48787859999993]]],[[[-41.86454169999996,-22.479234599999927],[-41.865098899999964,-22.47839129999994],[-41.86423579999996,-22.47925159999994],[-41.86454169999996,-22.479234599999927]]],[[[-41.848433299999954,-22.478458299999943],[-41.84850469999998,-22.478965999999957],[-41.84888459999996,-22.478754699999968],[-41.848433299999954,-22.478458299999943]]],[[[-41.84969819999998,-22.47841189999997],[-41.84979379999993,-22.478865999999982],[-41.849991699999975,-22.478795299999945],[-41.84969819999998,-22.47841189999997]]],[[[-41.85096189999996,-22.477810699999964],[-41.85061379999996,-22.47854449999994],[-41.85133099999996,-22.478638199999978],[-41.85096189999996,-22.477810699999964]]],[[[-41.86108889999997,-22.475105699999972],[-41.86181319999997,-22.475130399999955],[-41.861760999999944,-22.47475789999993],[-41.86108889999997,-22.475105699999972]]],[[[-41.85658929999994,-22.474279099999933],[-41.85820659999996,-22.474321799999927],[-41.857599499999935,-22.473394999999982],[-41.85658929999994,-22.474279099999933]]],[[[-41.85771439999996,-22.473370299999942],[-41.858083499999964,-22.472811499999978],[-41.857415199999934,-22.473121499999934],[-41.85771439999996,-22.473370299999942]]],[[[-41.85599369999994,-22.467974899999945],[-41.85684829999997,-22.467205299999932],[-41.85634249999998,-22.46669989999998],[-41.85599369999994,-22.467974899999945]]],[[[-41.851079899999945,-22.46511849999996],[-41.851171499999964,-22.46484659999993],[-41.85093779999994,-22.46510509999996],[-41.851079899999945,-22.46511849999996]]],[[[-41.852201899999955,-22.46409189999997],[-41.85227589999994,-22.463883899999928],[-41.85193859999998,-22.46404899999993],[-41.852201899999955,-22.46409189999997]]],[[[-41.85396919999994,-22.46257019999996],[-41.853426799999966,-22.463720299999977],[-41.85413169999998,-22.463277799999958],[-41.85396919999994,-22.46257019999996]]],[[[-41.85215339999996,-22.462686299999973],[-41.85246999999998,-22.46288469999996],[-41.852599699999985,-22.46256809999994],[-41.85215339999996,-22.462686299999973]]],[[[-41.85493429999997,-22.456943299999978],[-41.854709199999945,-22.457030999999972],[-41.85484279999997,-22.457128299999965],[-41.85493429999997,-22.456943299999978]]],[[[-41.85514409999996,-22.456962399999952],[-41.85494569999997,-22.45669719999995],[-41.855037299999935,-22.45700809999994],[-41.85514409999996,-22.456962399999952]]],[[[-41.854232399999944,-22.454889099999946],[-41.85385469999994,-22.455762599999957],[-41.85429719999996,-22.45527059999995],[-41.854232399999944,-22.454889099999946]]],[[[-41.85434299999997,-22.454759399999944],[-41.85434679999997,-22.45494629999996],[-41.854503199999954,-22.454957699999966],[-41.85434299999997,-22.454759399999944]]],[[[-41.851027199999976,-22.453838299999973],[-41.852008299999966,-22.45508259999997],[-41.852541299999984,-22.45400559999996],[-41.851027199999976,-22.453838299999973]]],[[[-41.82869899999997,-22.42539309999995],[-41.828782399999966,-22.42583369999994],[-41.82902669999993,-22.42572359999997],[-41.82869899999997,-22.42539309999995]]],[[[-41.82811499999997,-22.424418199999934],[-41.828097199999945,-22.424594399999933],[-41.82821629999995,-22.42443469999995],[-41.82811499999997,-22.424418199999934]]],[[[-41.82766809999998,-22.424621999999943],[-41.82779919999996,-22.42443469999995],[-41.82758469999993,-22.424440199999935],[-41.82766809999998,-22.424621999999943]]],[[[-41.82790049999994,-22.424374099999966],[-41.82798989999998,-22.42425839999993],[-41.82781109999996,-22.424341099999936],[-41.82790049999994,-22.424374099999966]]],[[[-41.71643089999998,-22.41658609999996],[-41.71325969999998,-22.422077599999966],[-41.71726929999994,-22.416926899999964],[-41.71643089999998,-22.41658609999996]]],[[[-41.710489999999936,-22.409780299999966],[-41.700310599999966,-22.419834299999934],[-41.70920579999995,-22.417425799999933],[-41.710489999999936,-22.409780299999966]]],[[[-41.800521499999945,-22.409972899999957],[-41.80078849999995,-22.41007589999998],[-41.80062829999997,-22.409726899999953],[-41.800521499999945,-22.409972899999957]]],[[[-41.69119029999996,-22.40315789999994],[-41.690368099999944,-22.402962999999943],[-41.69054349999993,-22.40352669999993],[-41.69119029999996,-22.40315789999994]]],[[[-41.68874599999998,-22.401275899999973],[-41.68849899999998,-22.401982799999928],[-41.68917259999995,-22.401784199999952],[-41.68874599999998,-22.401275899999973]]],[[[-41.69761009999996,-22.399706899999956],[-41.690364099999954,-22.40153339999995],[-41.69518329999994,-22.405412799999965],[-41.69761009999996,-22.399706899999956]]],[[[-41.68603269999994,-22.398976799999957],[-41.68840709999995,-22.40050059999993],[-41.688968699999975,-22.39949189999993],[-41.68603269999994,-22.398976799999957]]],[[[-41.76531739999996,-22.391386999999952],[-41.76658199999997,-22.39194059999994],[-41.766236299999946,-22.390645699999936],[-41.76531739999996,-22.391386999999952]]],[[[-41.76509179999994,-22.390568799999983],[-41.76406959999997,-22.390591899999947],[-41.76482009999995,-22.39102209999993],[-41.76509179999994,-22.390568799999983]]],[[[-41.759667899999954,-22.384516899999937],[-41.758446799999945,-22.382835799999953],[-41.758473299999935,-22.384353999999973],[-41.759667899999954,-22.384516899999937]]],[[[-41.11629039999997,-22.08147239999994],[-41.116637399999945,-22.08147239999994],[-41.11638949999997,-22.081211999999937],[-41.11629039999997,-22.08147239999994]]],[[[-41.02721369999995,-21.621589399999948],[-41.02936129999995,-21.62213689999993],[-41.02978859999996,-21.621419699999933],[-41.02721369999995,-21.621589399999948]]],[[[-41.02305179999996,-21.62064719999995],[-41.02477989999994,-21.622983699999963],[-41.028506799999946,-21.62071969999994],[-41.02305179999996,-21.62064719999995]]],[[[-41.01607859999996,-21.621465499999942],[-41.016864399999974,-21.621061099999963],[-41.01556359999995,-21.620956199999966],[-41.01607859999996,-21.621465499999942]]],[[[-41.01720769999997,-21.61969739999995],[-41.01678429999998,-21.62079979999993],[-41.01756629999994,-21.62056519999993],[-41.01720769999997,-21.61969739999995]]],[[[-41.02032049999997,-21.620343899999966],[-41.01768069999997,-21.619550499999946],[-41.017573899999945,-21.619743099999937],[-41.02032049999997,-21.620343899999966]]],[[[-41.01582679999996,-21.620067399999982],[-41.015590299999985,-21.618854299999953],[-41.01526979999994,-21.619189999999946],[-41.01582679999996,-21.620067399999982]]],[[[-41.012819099999945,-21.61508539999994],[-41.01618259999998,-21.613186799999937],[-41.016002399999934,-21.61071579999998],[-41.012819099999945,-21.61508539999994]]],[[[-41.01879669999994,-21.607316599999933],[-41.04591099999993,-21.616217999999947],[-41.04552619999998,-21.584928399999967],[-41.01879669999994,-21.607316599999933]]],[[[-41.048292999999944,-21.58300319999995],[-41.04762869999996,-21.583620999999937],[-41.048292999999944,-21.583862799999963],[-41.048292999999944,-21.58300319999995]]],[[[-41.03632969999995,-21.46368169999994],[-41.03638889999996,-21.46405059999995],[-41.03649189999993,-21.464044199999933],[-41.03632969999995,-21.46368169999994]]],[[[-41.03584959999995,-21.46271939999997],[-41.03637679999997,-21.46300439999993],[-41.03618199999994,-21.46272259999995],[-41.03584959999995,-21.46271939999997]]]]}},{"id":"19","type":"Feature","properties":{"UF":"RN"},"geometry":{"type":"MultiPolygon","coordinates":[[[[-37.775616499999956,-6.23134349999998],[-37.75766249999998,-6.290772199999935],[-37.81212389999996,-6.2927267999999685],[-37.841530999999975,-6.3630306999999675],[-37.88822469999997,-6.3643694999999525],[-37.88820879999997,-6.399489199999948],[-38.01369569999997,-6.427427299999977],[-38.02947709999995,-6.475837199999944],[-38.049711299999956,-6.4410499999999615],[-38.117057399999965,-6.522668499999952],[-38.239228899999944,-6.480297299999961],[-38.28871979999997,-6.505617299999926],[-38.39931939999997,-6.4097924999999805],[-38.48623409999993,-6.398751699999934],[-38.45838649999996,-6.330213599999979],[-38.505421199999944,-6.356509099999926],[-38.58154229999997,-6.3310460999999805],[-38.57954569999998,-6.279626399999927],[-38.447316599999965,-6.085277699999949],[-38.38297709999995,-6.052334599999938],[-38.366214799999966,-6.0882980999999745],[-38.34678299999996,-6.067277299999944],[-38.303775299999984,-6.086522699999932],[-38.12493729999994,-5.887612099999956],[-38.114360999999974,-5.8222553999999604],[-38.046884199999965,-5.73294199999998],[-38.08823629999995,-5.7300376999999685],[-38.08198539999995,-5.670122699999979],[-37.99003719999996,-5.555797899999959],[-37.90157729999993,-5.499792399999933],[-37.85765739999994,-5.356723699999975],[-37.78310989999994,-5.29481549999997],[-37.76495559999995,-5.139616199999978],[-37.725089399999945,-5.070624299999963],[-37.67762039999997,-5.054085699999973],[-37.64033809999995,-4.926404399999967],[-37.25262459999993,-4.831381399999941],[-37.15314139999998,-4.948106199999927],[-36.96033909999994,-4.918477899999971],[-36.68866219999995,-5.0883009999999445],[-36.54403849999994,-5.088893999999925],[-36.503180499999985,-5.06179869999994],[-36.30876089999998,-5.102401699999973],[-36.16054169999995,-5.096545299999946],[-35.97908159999997,-5.041553599999929],[-35.48817299999996,-5.157937299999958],[-35.39547989999994,-5.245964899999933],[-35.25958429999997,-5.481713799999966],[-35.19220139999993,-5.7005940999999325],[-35.17881239999997,-5.866364199999964],[-35.10622979999994,-6.006917199999975],[-35.09496379999996,-6.182447499999967],[-35.03597909999996,-6.235398099999941],[-35.027202099999954,-6.350990599999932],[-34.99077239999997,-6.371873099999959],[-34.968457899999976,-6.4871998999999505],[-35.05773209999995,-6.527791199999967],[-35.09808369999996,-6.497757499999977],[-35.17029889999998,-6.558392599999934],[-35.22288059999994,-6.516134399999942],[-35.33077289999994,-6.544341399999951],[-35.400749099999985,-6.491603199999929],[-35.56166809999996,-6.492644799999937],[-35.66016429999996,-6.44527869999996],[-35.76335609999995,-6.482191999999941],[-35.977647299999944,-6.488905799999941],[-36.077720599999964,-6.405090599999937],[-36.24977209999997,-6.437359899999933],[-36.25116289999994,-6.40442349999995],[-36.295969499999956,-6.3932318999999325],[-36.27674749999994,-6.340430499999968],[-36.30352389999996,-6.283033699999976],[-36.35757669999998,-6.309987299999932],[-36.39456139999993,-6.293974799999944],[-36.43030599999997,-6.362254999999948],[-36.49984859999995,-6.358164899999963],[-36.53097159999993,-6.452071599999954],[-36.525846799999954,-6.501161299999978],[-36.44439029999995,-6.5583195999999475],[-36.43585809999996,-6.625877999999943],[-36.524542699999984,-6.599653299999943],[-36.558880399999964,-6.709107499999959],[-36.50256079999997,-6.757624699999951],[-36.506937799999946,-6.813005399999952],[-36.56979519999993,-6.848008299999947],[-36.60979419999995,-6.936837099999934],[-36.68721809999994,-6.925962699999957],[-36.71855389999996,-6.982734799999946],[-36.76654389999993,-6.935867599999938],[-36.730517599999985,-6.835439999999949],[-36.769465099999934,-6.838748099999975],[-36.77272869999996,-6.787065199999972],[-36.835029599999984,-6.731070899999963],[-36.957135499999936,-6.790478199999939],[-36.999833499999966,-6.707712899999933],[-37.223237799999936,-6.825389599999937],[-37.25514389999995,-6.811061499999937],[-37.28371599999997,-6.693914799999959],[-37.48469949999998,-6.710037399999976],[-37.482357399999955,-6.54771089999997],[-37.39689139999996,-6.514207399999975],[-37.36652789999994,-6.325582699999927],[-37.31697559999998,-6.278665499999931],[-37.27472649999993,-6.281426099999976],[-37.25152739999993,-6.226458299999933],[-37.16568349999994,-6.17037449999998],[-37.173931299999936,-6.048015899999939],[-37.25379479999998,-6.0265688999999725],[-37.44569309999997,-6.112201399999947],[-37.45894739999994,-6.145002199999965],[-37.732122499999946,-6.184809899999948],[-37.775616499999956,-6.23134349999998]]],[[[-37.04482889999997,-4.816359199999965],[-37.04501259999995,-4.81881379999993],[-37.045752799999946,-4.8166795999999295],[-37.04482889999997,-4.816359199999965]]]]}},{"id":"20","type":"Feature","properties":{"UF":"RO"},"geometry":{"type":"Polygon","coordinates":[[[-63.56493839999996,-12.503090099999952],[-63.786303499999974,-12.427944999999966],[-63.83397069999995,-12.463429499999961],[-63.88730339999995,-12.447250899999972],[-63.900712899999974,-12.506019899999956],[-63.95297249999999,-12.531771099999958],[-64.09219239999999,-12.483976299999938],[-64.12258089999995,-12.505750299999931],[-64.13388049999998,-12.476453799999945],[-64.16460709999996,-12.514368099999956],[-64.17288449999995,-12.46651339999994],[-64.23054879999995,-12.455075099999931],[-64.29397499999993,-12.499972999999954],[-64.29472099999998,-12.457816799999932],[-64.40616759999995,-12.44704809999996],[-64.50896879999993,-12.356546099999946],[-64.50819359999997,-12.225288499999976],[-64.55224329999999,-12.241946599999949],[-64.71005739999998,-12.176712399999928],[-64.70089359999997,-12.092015999999944],[-64.73855449999996,-12.100083599999948],[-64.75652539999999,-12.157801799999959],[-64.76575279999997,-12.096307999999965],[-64.84225669999995,-12.10748719999998],[-64.80947049999997,-12.059092799999974],[-64.83958679999995,-12.010679299999936],[-64.91702569999995,-12.028383099999928],[-64.94838889999994,-11.993426599999964],[-64.97513799999996,-12.018729999999948],[-65.03052669999994,-11.996604899999966],[-65.01524799999999,-11.898239399999966],[-65.07069479999996,-11.869109699999967],[-65.08813919999994,-11.709379699999943],[-65.18297329999996,-11.721703499999933],[-65.18144909999995,-11.756570499999953],[-65.25794769999999,-11.712687899999935],[-65.21791329999996,-11.652088599999956],[-65.23494699999998,-11.574473299999966],[-65.21191679999998,-11.530489099999954],[-65.30913829999997,-11.49363999999997],[-65.33541109999999,-11.35494529999994],[-65.29180819999993,-11.324162399999977],[-65.34691839999994,-11.302868899999964],[-65.36069839999993,-11.22331829999996],[-65.31866599999995,-11.197152999999958],[-65.36388439999996,-11.14201259999993],[-65.28435709999997,-11.089581199999941],[-65.30125059999995,-11.032128799999953],[-65.25055189999995,-10.985632099999975],[-65.28582989999995,-10.927671799999928],[-65.27655129999994,-10.869355299999938],[-65.36696489999997,-10.796256299999982],[-65.34602999999998,-10.681571499999961],[-65.41646889999998,-10.620774499999982],[-65.39719679999996,-10.583344499999953],[-65.42963509999998,-10.482895999999926],[-65.28882909999999,-10.219870799999967],[-65.33354529999997,-9.942511899999943],[-65.28604649999994,-9.845490299999938],[-65.37830439999993,-9.697125399999948],[-65.44607789999998,-9.669054899999935],[-65.50101909999995,-9.729839099999936],[-65.50205089999997,-9.785836699999948],[-65.56432459999996,-9.810254399999963],[-65.55802869999997,-9.84463489999996],[-65.62760529999997,-9.83680309999994],[-65.66888749999998,-9.78114249999993],[-65.71054709999999,-9.807319899999982],[-65.68496939999994,-9.749008099999969],[-65.74424439999996,-9.782082999999943],[-65.77191049999993,-9.734295599999939],[-65.79452569999995,-9.791791799999942],[-65.81693859999996,-9.754664399999967],[-65.86861119999998,-9.79303079999994],[-65.88124249999998,-9.752006699999981],[-65.96716009999994,-9.770650299999943],[-65.98213699999997,-9.808780099999979],[-66.07110989999995,-9.784297199999969],[-66.09352669999998,-9.813994499999978],[-66.10019439999996,-9.784728799999925],[-66.15293909999997,-9.78574599999996],[-66.20366969999998,-9.834622399999944],[-66.23766109999997,-9.814596299999948],[-66.34619299999997,-9.839374299999974],[-66.42624629999995,-9.899628499999949],[-66.43580319999995,-9.866012699999942],[-66.62671969999997,-9.898101199999928],[-66.81025309999995,-9.818045899999959],[-66.77536359999993,-9.753091299999937],[-66.72538969999994,-9.75607249999996],[-66.60944869999997,-9.664898499999936],[-66.50061339999996,-9.633564199999967],[-66.39241429999998,-9.500480099999947],[-66.40885839999999,-9.40694659999997],[-66.30749749999995,-9.436845299999959],[-66.26780399999996,-9.409763399999974],[-66.17363279999995,-9.43441869999998],[-66.12389079999997,-9.408779399999958],[-65.97030059999997,-9.41316009999997],[-65.79152199999999,-9.585644399999978],[-65.72354809999996,-9.559056599999963],[-65.67943519999994,-9.451392899999973],[-65.59677549999998,-9.413865199999975],[-65.49280119999997,-9.47366379999994],[-65.43471579999994,-9.466332999999963],[-65.44701839999993,-9.316376399999967],[-65.38521089999995,-9.338031099999967],[-65.24666139999994,-9.257663599999944],[-65.20802519999995,-9.28563319999995],[-65.18546319999996,-9.42703169999993],[-65.09784999999994,-9.432515799999976],[-64.93607789999999,-9.255811199999926],[-64.91726679999994,-9.043141099999957],[-64.83932419999996,-8.994111399999952],[-64.61107399999997,-9.01645179999997],[-64.32339959999996,-8.92886059999995],[-64.31131849999997,-8.99647079999994],[-64.14343339999994,-8.953532399999972],[-64.14306709999994,-8.743031499999972],[-64.12459479999995,-8.71671379999998],[-64.02786919999994,-8.71566619999993],[-63.98620969999996,-8.585633899999948],[-63.94595389999995,-8.60948529999996],[-63.92456869999995,-8.575525399999947],[-63.97450459999993,-8.487238099999956],[-63.94083839999996,-8.452263999999957],[-63.977895399999966,-8.420132899999942],[-63.944122499999935,-8.33118769999993],[-63.87075939999994,-8.288819599999954],[-63.773508299999946,-8.320732799999973],[-63.72276139999997,-8.249498999999958],[-63.74703439999996,-8.198583199999973],[-63.66989769999998,-8.121743199999969],[-63.62124909999994,-7.976531699999953],[-62.866616599999986,-7.975868299999945],[-62.69228009999995,-8.092908299999976],[-62.68299899999994,-8.180565499999943],[-62.64994599999994,-8.237026199999946],[-62.56191899999993,-8.284006699999964],[-62.52613599999995,-8.383054499999957],[-62.465474599999936,-8.33973999999995],[-62.37054949999998,-8.384659399999975],[-62.36605119999996,-8.49356169999993],[-62.325804699999935,-8.563707399999942],[-62.34108399999997,-8.60282879999994],[-62.28130409999994,-8.638589899999943],[-62.29328289999995,-8.59599099999997],[-62.268888499999946,-8.575758599999972],[-62.18838839999995,-8.590558699999974],[-62.17664249999996,-8.636919699999964],[-62.20053059999998,-8.64429279999996],[-62.124971699999946,-8.801671099999965],[-62.031060999999966,-8.79971009999997],[-61.98522189999994,-8.878606299999944],[-61.91397459999996,-8.877341199999933],[-61.85974859999993,-8.852973299999974],[-61.83650079999995,-8.732722599999931],[-61.77460559999997,-8.748228899999958],[-61.713274199999944,-8.68785269999995],[-61.630554899999936,-8.721958399999949],[-61.606027799999936,-8.794713999999942],[-61.52358799999996,-8.818596599999978],[-61.468504999999936,-8.917367899999931],[-61.55575499999998,-9.092402599999957],[-61.52620699999994,-9.245847399999946],[-61.63334589999994,-9.270584299999939],[-61.611992499999985,-9.28070159999993],[-61.62592809999995,-9.363011699999959],[-61.55270409999997,-9.387421899999936],[-61.57864289999998,-9.471611999999936],[-61.52581259999994,-9.501797099999976],[-61.54956539999995,-9.515217099999973],[-61.51344249999994,-9.528531399999963],[-61.50303259999998,-9.615344999999934],[-61.476807399999984,-9.62872299999998],[-61.505271999999934,-9.691381899999953],[-61.57463729999995,-9.717793299999926],[-61.531501299999945,-9.739911899999981],[-61.54735599999998,-9.787541499999975],[-61.508419499999945,-9.888800899999978],[-61.601874899999984,-10.15437929999996],[-61.551718499999936,-10.19777629999993],[-61.577925999999934,-10.235312399999941],[-61.55279789999997,-10.30823229999993],[-61.461792799999955,-10.419904599999938],[-61.49939349999994,-10.698617599999977],[-61.47239369999994,-10.71497299999993],[-61.473833499999955,-10.79751269999997],[-61.510896499999944,-10.793680699999982],[-61.519520899999975,-10.949698399999932],[-61.55025789999996,-10.986094699999967],[-60.46005009999993,-10.989856199999963],[-60.446596599999964,-11.042153399999961],[-60.34797069999996,-11.109036299999957],[-60.34844039999996,-11.07404269999995],[-60.30124799999999,-11.05715209999994],[-60.27099959999998,-11.09869329999998],[-60.20335769999997,-11.113456399999961],[-59.98390079999996,-11.11627569999996],[-59.98202759999998,-11.233500399999969],[-59.92040849999995,-11.326908299999957],[-59.92063429999996,-11.398007599999971],[-60.114138399999945,-11.58749309999996],[-60.108775599999944,-11.839579199999946],[-60.06052269999998,-11.895001199999967],[-59.98579719999998,-11.912080099999969],[-59.97935839999997,-12.029549799999927],[-59.89980379999997,-12.117222699999957],[-59.892330999999956,-12.245453899999973],[-59.774357399999985,-12.340955899999926],[-59.92943889999998,-12.579617199999973],[-59.97273169999994,-12.60994009999996],[-60.00332049999997,-12.592337199999974],[-60.064963999999975,-12.67082019999998],[-60.08128259999995,-12.889304899999956],[-60.117165299999954,-12.95955559999993],[-60.18927759999997,-12.971142999999927],[-60.282991599999946,-13.080552299999965],[-60.268505199999936,-13.144971099999964],[-60.36497129999998,-13.299942699999974],[-60.38403279999994,-13.449229199999934],[-60.632199199999945,-13.571703699999944],[-60.71753239999998,-13.693700099999944],[-60.87523089999996,-13.621406699999966],[-60.923036699999955,-13.540856399999939],[-61.00562269999995,-13.550280499999928],[-60.988334899999984,-13.500324199999966],[-61.014924399999984,-13.487536199999965],[-61.06037289999995,-13.511850799999934],[-61.094674699999985,-13.492215699999974],[-61.106179399999974,-13.531663399999957],[-61.184068699999955,-13.507896499999958],[-61.19428819999996,-13.536448599999972],[-61.29631109999997,-13.477825399999972],[-61.46992389999997,-13.555250199999932],[-61.57243039999997,-13.518572499999948],[-61.576728199999934,-13.488622599999928],[-61.841094099999964,-13.548913899999945],[-61.89298729999996,-13.430927699999927],[-61.97062289999997,-13.40617489999994],[-62.01368379999997,-13.330460499999958],[-62.113987099999974,-13.260999199999958],[-62.11624139999998,-13.159395099999927],[-62.15001459999996,-13.163224299999968],[-62.17048489999996,-13.113922599999967],[-62.19093389999995,-13.153829599999938],[-62.21478879999995,-13.11134489999995],[-62.27218469999997,-13.15585299999998],[-62.413991299999964,-13.128382099999953],[-62.45401419999996,-13.064791499999956],[-62.50263039999999,-13.083162899999934],[-62.609153799999945,-13.044046599999945],[-62.599992499999985,-13.015660699999955],[-62.62923589999997,-13.016254899999979],[-62.650823199999934,-12.965580599999953],[-62.75971189999996,-13.018251899999939],[-62.80596399999996,-12.940626299999963],[-62.849852099999964,-12.944380599999931],[-62.89371149999994,-12.857436899999982],[-63.00923149999994,-12.83778239999998],[-63.08125809999996,-12.724079699999947],[-63.060853399999985,-12.688579599999969],[-63.098522499999945,-12.681659799999977],[-63.092736499999944,-12.63373809999996],[-63.160158199999955,-12.613222299999961],[-63.165944199999956,-12.64232869999995],[-63.19434389999998,-12.623159999999928],[-63.19862809999995,-12.657566499999973],[-63.24712409999995,-12.661718199999939],[-63.23798139999997,-12.690029599999946],[-63.299396299999955,-12.68175919999993],[-63.383888799999966,-12.653149699999972],[-63.442808199999945,-12.605007099999966],[-63.43715479999997,-12.564372999999932],[-63.50173849999999,-12.567323599999952],[-63.56493839999996,-12.503090099999952]]]}},{"id":"21","type":"Feature","properties":{"UF":"RR"},"geometry":{"type":"Polygon","coordinates":[[[-60.04182819999994,0.2529791000000614],[-60.059082899999964,0.16299690000005285],[-60.133609099999944,0.10347780000006424],[-60.13258289999993,0.027690200000051846],[-60.21188879999994,-0.03939969999993309],[-60.23930139999993,-0.11230439999997088],[-60.221160699999984,-0.14197679999995216],[-60.30344729999996,-0.21033689999995886],[-60.29255059999997,-0.294625999999937],[-60.40557249999995,-0.515435699999955],[-60.38153149999994,-0.5884835999999609],[-60.31527229999995,-0.6364650999999526],[-60.311460899999986,-0.7184526999999434],[-60.42633959999995,-0.7711721999999668],[-60.474861299999986,-0.7615957999999523],[-60.530101799999954,-0.8672285999999758],[-60.58800529999996,-0.8432879999999727],[-60.669119199999955,-0.8879443999999808],[-60.76496539999994,-0.8598020999999676],[-60.77120779999996,-0.7560624999999277],[-60.806194199999936,-0.7400853999999413],[-60.80717149999998,-0.6942547999999533],[-60.91965589999995,-0.6203775999999266],[-60.93363089999997,-0.5478675999999609],[-60.99480829999993,-0.561060199999929],[-61.09751989999995,-0.49900589999992917],[-61.22309979999994,-0.49988539999992554],[-61.234045299999934,-0.5619396999999253],[-61.46517079999995,-0.660199099999943],[-61.535632299999975,-0.7544011999999611],[-61.53836869999998,-0.8482104999999365],[-61.58273699999995,-0.9369362999999566],[-61.57941429999994,-0.9833502999999268],[-61.54266869999998,-0.9927307999999471],[-61.54286419999994,-1.062203899999929],[-61.57785059999998,-1.0799871999999482],[-61.570716499999946,-1.182776399999966],[-61.628849499999944,-1.3014677999999549],[-61.58217519999994,-1.353407299999958],[-61.61912149999995,-1.3947976999999696],[-61.53829409999997,-1.4334041999999272],[-61.516482199999984,-1.5024302999999577],[-61.47329099999996,-1.5278496999999334],[-61.47467759999995,-1.5789672999999311],[-61.624404899999945,-1.438689199999942],[-61.79021239999997,-1.3789672999999425],[-61.89662389999995,-1.3953552999999488],[-62.03162309999993,-1.1264628999999786],[-62.099681499999974,-1.0967432999999573],[-62.12551769999993,-1.0373018999999317],[-62.20385179999994,-0.9828516999999692],[-62.29384719999996,-0.9481296999999245],[-62.39579729999997,-0.8203566999999339],[-62.51023769999995,-0.7589684999999804],[-62.48662729999995,-0.6814672999999516],[-62.40298839999997,-0.722398099999964],[-62.357007599999974,-0.7023655999999505],[-62.36988319999995,-0.6678457999999523],[-62.29287399999998,-0.6477151999999364],[-62.307239899999956,-0.508118599999932],[-62.267367099999944,-0.46922449999993887],[-62.280462599999964,-0.4433274999999526],[-62.20152319999994,-0.3867203999999447],[-62.18691289999998,-0.3255929999999694],[-62.24806279999996,-0.2963392999999428],[-62.24156399999998,-0.1704672999999275],[-62.319794799999954,-0.09634119999992663],[-62.336603999999966,0.021567000000061398],[-62.42177349999997,0.09784320000005664],[-62.46829029999998,0.27575320000005377],[-62.44637129999995,0.37911380000002737],[-62.48524599999996,0.4540804000000662],[-62.51866129999996,0.4437009000000671],[-62.53300859999996,0.5088084000000208],[-62.53331089999995,0.7013007000000471],[-62.45773509999998,0.7851979000000711],[-62.48607089999996,0.8579653000000462],[-62.44273539999995,0.9585339000000204],[-62.47162089999995,1.0862816000000635],[-62.54120539999997,1.1119554000000562],[-62.63550589999994,1.4318199000000504],[-62.80528229999999,1.5913457000000335],[-62.72373179999994,1.7123987000000511],[-62.70602939999998,1.93972320000006],[-62.838571499999944,2.0163864000000444],[-63.05356809999995,2.028889700000036],[-63.14633939999999,2.1732586000000538],[-63.27635139999995,2.1543897000000243],[-63.35979119999996,2.197101600000053],[-63.38100229999998,2.2275262000000566],[-63.355406899999934,2.385934200000065],[-63.414678299999935,2.454231600000071],[-63.46423579999998,2.4014075000000616],[-63.48796159999995,2.436867100000029],[-63.55585069999995,2.4224254000000656],[-63.559095799999966,2.451663500000052],[-63.750448999999946,2.441799200000048],[-63.84577099999996,2.496493100000066],[-63.93655839999997,2.4566708000000403],[-64.02295099999998,2.464751300000046],[-64.06060269999995,2.50081270000004],[-63.986153599999966,2.64866870000003],[-64.00876179999995,2.7051033000000757],[-63.98348869999995,2.727539600000057],[-64.07882149999995,2.8740632000000232],[-64.07314789999998,2.922890000000052],[-64.11888019999998,2.985642900000073],[-64.16089749999998,2.987172800000053],[-64.14810749999998,3.036360900000034],[-64.21868299999994,3.0906095000000278],[-64.22183729999995,3.1490086000000588],[-64.18141139999994,3.1651633000000743],[-64.11481089999995,3.3298350000000596],[-64.19625089999994,3.5788961000000654],[-64.28914039999995,3.6996220000000335],[-64.48886229999994,3.7904543000000217],[-64.58025139999995,3.928294900000026],[-64.67386669999996,4.004621600000064],[-64.73219219999999,4.120175700000061],[-64.81052729999993,4.174616600000036],[-64.81774869999998,4.265173400000037],[-64.78053029999995,4.286564500000054],[-64.69969639999994,4.2501700000000255],[-64.62746929999997,4.138508100000024],[-64.56050439999996,4.101566800000057],[-64.28969579999995,4.143785600000058],[-64.16441479999997,4.126283900000033],[-63.965805099999955,3.868229000000042],[-63.92829939999996,3.9248958000000584],[-63.850247499999966,3.949901200000056],[-63.68274619999994,3.9073982000000456],[-63.68302429999994,4.018506000000059],[-63.59219459999997,3.928226700000039],[-63.591909499999986,3.885452500000042],[-63.554686699999934,3.8910077000000456],[-63.49746719999996,3.8398955000000683],[-63.49136169999997,3.8735081000000378],[-63.43469239999996,3.8648980000000392],[-63.41191199999997,3.9132311000000755],[-63.45219069999996,3.955450600000063],[-63.42885609999996,3.977120100000036],[-63.207745399999965,3.9523967000000653],[-63.22663199999994,3.8354512000000227],[-63.10330209999995,3.7932286000000204],[-63.05913089999996,3.747398500000031],[-63.08135679999998,3.6932321000000456],[-62.96024309999996,3.6076781000000437],[-62.835801499999945,3.7385088000000337],[-62.74385139999998,3.6732302000000345],[-62.72912839999998,3.80461710000003],[-62.78885299999996,3.893234300000074],[-62.74330209999994,3.9721170000000257],[-62.75357889999998,4.031289000000072],[-62.60968539999993,4.044061100000022],[-62.558299199999965,4.016006000000061],[-62.53301779999998,4.0473976000000675],[-62.55273549999998,4.10878230000003],[-62.46412909999998,4.139064400000052],[-62.46412399999997,4.177399000000037],[-62.38968609999995,4.177958700000033],[-62.14606689999994,4.074064800000031],[-62.07190689999999,4.12517930000007],[-62.07690659999997,4.153784600000051],[-61.98135289999993,4.180447700000059],[-61.930793999999935,4.103225700000053],[-61.92302109999997,4.1557205000000295],[-61.824123499999985,4.163507200000026],[-61.774955499999976,4.249620100000072],[-61.558568399999956,4.2529482000000485],[-61.50801339999998,4.319893800000045],[-61.51357219999994,4.405445800000052],[-61.44828949999999,4.43906590000006],[-61.34162089999995,4.419619700000055],[-61.28829239999993,4.45739240000006],[-61.32321099999996,4.534888700000067],[-61.21784109999999,4.533263900000065],[-61.14558309999995,4.480147500000044],[-61.09267579999994,4.523268300000041],[-60.99787969999994,4.51560470000004],[-60.93141499999996,4.584330000000023],[-60.951598899999965,4.643268900000066],[-60.901905599999964,4.716077200000029],[-60.851071099999956,4.7029406000000336],[-60.80741779999994,4.747821900000076],[-60.75093169999997,4.7536892000000535],[-60.58995719999996,4.931012000000067],[-60.657061399999975,5.155975500000068],[-60.734677799999986,5.200172900000041],[-60.723287899999946,5.219893600000034],[-60.43440179999993,5.181287600000076],[-60.41356669999993,5.213503100000025],[-60.319956299999944,5.207675600000073],[-60.21245349999998,5.271841100000074],[-60.17244709999994,5.226558500000067],[-60.13606169999997,5.249062300000048],[-60.09578259999995,5.140726800000039],[-59.97024669999996,5.063080300000024],[-60.03469609999996,4.80126400000006],[-60.02550409999998,4.706200000000024],[-60.07549609999995,4.65536400000002],[-60.07039609999998,4.616964000000053],[-60.15729609999994,4.572664000000032],[-60.161496099999965,4.5177640000000565],[-60.11769609999993,4.501864000000069],[-60.08909609999995,4.533464000000038],[-60.07086919999995,4.493297900000073],[-59.973400099999935,4.48039360000007],[-59.971996099999956,4.50926400000003],[-59.908896099999936,4.46016400000002],[-59.875757299999975,4.486860100000058],[-59.86219609999995,4.45246400000002],[-59.79564419999997,4.465543100000048],[-59.67079609999996,4.37656400000003],[-59.73264939999996,4.285396700000035],[-59.71039549999995,4.267750000000035],[-59.740038399999946,4.234224300000051],[-59.73115279999996,4.181063300000062],[-59.61999609999998,4.132464000000027],[-59.65445509999995,4.069584300000031],[-59.580272899999954,4.00152520000006],[-59.584592199999975,3.9685905000000616],[-59.54506719999995,3.978868400000067],[-59.51590259999995,3.9455893000000515],[-59.59354819999999,3.8848972000000686],[-59.59637369999996,3.794197800000063],[-59.66539389999997,3.7815736000000584],[-59.66875269999997,3.702841200000023],[-59.867196099999944,3.5779640000000654],[-59.803467299999966,3.5045814000000632],[-59.84168169999998,3.427377100000058],[-59.81193259999998,3.4284821000000534],[-59.80480689999996,3.358210500000041],[-59.83403169999997,3.3529578000000697],[-59.87484249999994,3.2246326000000636],[-59.90828129999994,3.211942200000067],[-59.90789849999999,3.113275000000044],[-59.95564589999998,3.082196000000067],[-59.946817599999974,3.000141000000042],[-59.986649599999964,2.9097490000000334],[-59.99191109999998,2.687094400000035],[-59.97212129999997,2.5939855000000307],[-59.92936549999996,2.56966060000002],[-59.89709099999993,2.4814364000000637],[-59.90488009999996,2.376131800000053],[-59.78713189999996,2.2836807000000476],[-59.72328249999998,2.2763382000000547],[-59.74267729999997,2.0688855000000217],[-59.720890699999984,2.0272593000000256],[-59.753556199999935,1.8643573000000515],[-59.67772329999997,1.838521300000025],[-59.663005199999986,1.8704658000000336],[-59.65438759999995,1.8168515000000411],[-59.69022249999995,1.7562986000000365],[-59.61744649999997,1.7151866000000382],[-59.53828039999996,1.7218546000000288],[-59.383279899999934,1.5079626000000417],[-59.32994249999996,1.5137957000000597],[-59.32716199999999,1.4640768000000435],[-59.287168399999985,1.4529684000000316],[-59.25327999999996,1.3882478000000447],[-58.978830699999946,1.3015830000000506],[-58.91854939999996,1.3165785000000483],[-58.886884399999985,1.2601933000000258],[-58.912163299999975,1.2382423000000244],[-58.89546479999996,0.26351030000006403],[-60.04182819999994,0.2529791000000614]]]}},{"id":"22","type":"Feature","properties":{"UF":"RS"},"geometry":{"type":"MultiPolygon","coordinates":[[[[-54.58645859999996,-31.45655299999993],[-54.836455299999955,-31.441938299999947],[-54.88597889999994,-31.377277799999945],[-54.940646699999945,-31.380645799999968],[-55.00717089999995,-31.266873999999973],[-55.07446429999993,-31.332089699999983],[-55.24011879999995,-31.260572999999965],[-55.29092949999995,-31.14226059999993],[-55.34010379999995,-31.13141889999997],[-55.34944599999994,-31.039195199999938],[-55.42370889999995,-31.017753099999936],[-55.44129049999998,-30.959731499999975],[-55.48668989999993,-30.947662699999967],[-55.57861479999997,-30.832902199999978],[-55.657823399999984,-30.863823499999967],[-55.64211789999996,-30.91160089999994],[-55.66618639999996,-30.95397849999995],[-55.72390519999993,-30.942754499999978],[-55.72829129999997,-30.97945249999998],[-55.88244549999996,-31.077273099999957],[-56.011123399999974,-31.081577799999934],[-55.98964499999994,-30.858991599999968],[-56.02298049999996,-30.786143299999935],[-56.12815999999998,-30.739625099999955],[-56.17094439999994,-30.614523899999938],[-56.261838799999964,-30.584646599999928],[-56.29220769999995,-30.52050399999996],[-56.38349509999995,-30.498822399999938],[-56.46078309999996,-30.385639499999968],[-56.491364799999985,-30.398109399999953],[-56.54614399999997,-30.360649399999943],[-56.541563199999985,-30.31314229999998],[-56.57549039999998,-30.28932029999993],[-56.61874349999994,-30.301228999999978],[-56.609497999999974,-30.269437299999936],[-56.66874249999995,-30.218101599999954],[-56.650274199999956,-30.212157799999943],[-56.646532699999966,-30.203847699999983],[-56.77653609999999,-30.163373999999976],[-56.824166899999966,-30.095644499999935],[-56.88482369999997,-30.087123299999973],[-56.90538219999996,-30.11346999999995],[-57.06908079999994,-30.08557499999995],[-57.11598749999996,-30.113843299999928],[-57.16821939999994,-30.197636099999954],[-57.155162099999984,-30.234136199999966],[-57.22026139999997,-30.289285399999983],[-57.26176909999998,-30.267223299999955],[-57.28456449999993,-30.293722099999968],[-57.31432939999996,-30.257747999999935],[-57.39235219999995,-30.304673299999934],[-57.463523399999985,-30.265399899999977],[-57.52540879999998,-30.28547219999996],[-57.56633979999998,-30.25911119999995],[-57.56307289999995,-30.209109499999954],[-57.649742799999956,-30.189320899999984],[-57.46460429999996,-30.110342999999943],[-57.33756759999994,-29.989972499999965],[-57.329687999999976,-29.887635399999965],[-57.282178499999986,-29.817288299999973],[-57.09972209999995,-29.748320099999944],[-56.97114839999995,-29.643406399999947],[-56.90196169999996,-29.53381669999993],[-56.822092399999974,-29.490024799999958],[-56.76840159999995,-29.377998899999966],[-56.699965299999974,-29.35644089999994],[-56.58875339999997,-29.119812799999977],[-56.415997499999946,-29.068960199999935],[-56.40633599999995,-28.972595599999977],[-56.300054099999954,-28.89556079999994],[-56.289112699999976,-28.793721999999946],[-56.18812389999994,-28.77228089999994],[-56.00979259999997,-28.605826399999955],[-56.011224099999936,-28.506893399999967],[-55.88400599999994,-28.479163099999937],[-55.90304949999995,-28.40764429999996],[-55.87873929999995,-28.361847299999965],[-55.75656669999995,-28.36943139999994],[-55.69524749999994,-28.422966299999928],[-55.67042129999999,-28.33439169999997],[-55.77845309999998,-28.247665599999948],[-55.63423089999998,-28.17783819999994],[-55.61073029999994,-28.117455399999983],[-55.55754619999993,-28.16456379999994],[-55.49551859999997,-28.07686209999997],[-55.442556999999965,-28.09431109999997],[-55.36939499999994,-28.027260499999954],[-55.38227559999996,-27.97910379999996],[-55.31925819999998,-27.921947899999964],[-55.26646169999998,-27.92978949999997],[-55.20268269999997,-27.85785919999995],[-55.13312469999994,-27.89610879999998],[-55.113832499999944,-27.848991299999966],[-55.02983279999995,-27.854619699999944],[-55.08022439999996,-27.77827689999998],[-55.01420489999998,-27.797027799999967],[-54.937407399999984,-27.770452199999966],[-54.90248669999994,-27.715568599999983],[-54.906595599999946,-27.641876399999944],[-54.847722199999964,-27.621313099999952],[-54.80978709999994,-27.530047399999944],[-54.77812739999996,-27.583716599999946],[-54.68085629999996,-27.574501399999974],[-54.675475699999936,-27.505781299999967],[-54.626897499999984,-27.544022199999972],[-54.58097099999998,-27.453257399999927],[-54.524923599999966,-27.50617159999996],[-54.44579559999994,-27.47213729999993],[-54.469925099999955,-27.425836799999956],[-54.41140429999996,-27.405285999999933],[-54.35155059999994,-27.467048399999953],[-54.33890489999993,-27.40322079999993],[-54.28295929999996,-27.44777819999996],[-54.263973799999974,-27.399333299999967],[-54.214436199999966,-27.381578099999956],[-54.17418859999998,-27.25491109999996],[-54.154895099999976,-27.296858499999928],[-54.08235989999997,-27.29894399999995],[-54.00801729999995,-27.198394599999972],[-53.96328719999997,-27.197740499999952],[-53.94658449999997,-27.151259299999936],[-53.90170389999997,-27.17386309999995],[-53.87515209999998,-27.125878399999976],[-53.81965489999993,-27.175653599999976],[-53.77032639999993,-27.148667599999953],[-53.74514499999998,-27.192502899999965],[-53.667792299999974,-27.16201949999993],[-53.64211489999997,-27.219805099999974],[-53.56173119999994,-27.172414799999956],[-53.493080599999985,-27.20347849999996],[-53.50436419999994,-27.135641499999963],[-53.45255549999996,-27.15613509999997],[-53.37063939999996,-27.09110309999994],[-53.29425219999996,-27.13555299999996],[-53.313200999999935,-27.219089699999984],[-53.24165919999996,-27.171635699999968],[-53.18467359999994,-27.190909499999975],[-53.16239889999997,-27.140697599999953],[-53.13218309999996,-27.18022869999993],[-53.07747879999994,-27.163115799999957],[-53.07669999999996,-27.107844599999964],[-53.02983409999996,-27.082574299999976],[-53.042606099999944,-27.149851399999932],[-52.99166359999998,-27.14096669999998],[-52.98436629999998,-27.22147229999996],[-52.956692299999986,-27.16325779999994],[-52.92931139999996,-27.204076399999963],[-52.85250479999996,-27.16992709999994],[-52.84258159999996,-27.210215799999958],[-52.76355969999997,-27.211233299999947],[-52.75756129999996,-27.25749179999997],[-52.71623599999998,-27.236045599999954],[-52.69195609999997,-27.284547999999972],[-52.667575599999964,-27.23784949999998],[-52.63321979999995,-27.265480499999967],[-52.54981309999994,-27.238337599999966],[-52.48320759999996,-27.267205299999944],[-52.43762829999997,-27.216232299999945],[-52.43908529999993,-27.26440489999993],[-52.398060499999985,-27.29257599999994],[-52.385771799999986,-27.253515499999935],[-52.37496289999996,-27.305089599999974],[-52.345259399999975,-27.28827769999998],[-52.29649269999993,-27.31809089999996],[-52.30192709999994,-27.25980039999996],[-52.238531499999965,-27.26208369999995],[-52.277719299999944,-27.300224299999968],[-52.21588419999995,-27.332528599999932],[-52.168334399999935,-27.270915099999968],[-52.16800519999998,-27.312270799999965],[-52.11433109999996,-27.305019199999947],[-52.103286999999966,-27.346695599999975],[-52.01500469999996,-27.330895599999963],[-52.01713419999999,-27.36783889999998],[-51.95208669999994,-27.380247099999963],[-52.00779679999994,-27.40389719999996],[-51.93577689999995,-27.428749099999948],[-51.95828149999994,-27.47436289999996],[-51.902496499999984,-27.46110299999998],[-51.89227079999995,-27.519706699999972],[-51.86306929999995,-27.47524039999996],[-51.85148829999997,-27.52461299999993],[-51.79303289999996,-27.53120439999998],[-51.79948919999998,-27.490875399999936],[-51.72036039999995,-27.513506399999983],[-51.69216789999996,-27.47821689999995],[-51.65966339999994,-27.519300899999962],[-51.621615599999984,-27.494644999999934],[-51.62573299999997,-27.545478999999943],[-51.57997119999993,-27.523617599999966],[-51.57033749999994,-27.583400799999936],[-51.48701289999997,-27.560815299999945],[-51.43520429999995,-27.654398699999945],[-51.38275889999994,-27.624571599999967],[-51.373466399999984,-27.668986899999936],[-51.31510599999996,-27.67507009999997],[-51.310035899999946,-27.71808939999994],[-51.24119829999995,-27.778312899999946],[-51.08222989999996,-27.83392639999994],[-51.011206699999946,-27.962953999999968],[-50.98425419999995,-27.94030429999998],[-50.925681399999974,-27.969388799999933],[-50.923238399999946,-28.01198779999993],[-50.87539959999998,-28.040199899999948],[-50.90393629999994,-28.085844399999928],[-50.87196849999998,-28.137419999999963],[-50.83240039999998,-28.117508199999975],[-50.786105099999986,-28.14172469999994],[-50.78882209999995,-28.19833499999993],[-50.764395099999945,-28.189232699999934],[-50.753345199999956,-28.24568439999996],[-50.69659729999995,-28.267841199999964],[-50.62404109999994,-28.39301059999997],[-50.38198209999996,-28.446989299999927],[-50.35999409999994,-28.419839499999966],[-50.345846499999936,-28.46355449999993],[-50.329618299999936,-28.434230499999956],[-50.27291329999997,-28.45707189999996],[-50.24680019999994,-28.42827049999994],[-50.22264869999998,-28.463272099999983],[-50.178007399999956,-28.45225339999996],[-50.15634479999994,-28.497913799999935],[-50.12831129999995,-28.428908099999944],[-50.100995499999954,-28.48633209999997],[-49.97449859999995,-28.439003199999945],[-49.943685699999946,-28.48273999999998],[-49.92851379999996,-28.45122349999997],[-49.85914189999994,-28.442328199999963],[-49.86664979999995,-28.48863229999995],[-49.81182739999997,-28.46794069999993],[-49.78225139999995,-28.49665639999995],[-49.76614949999998,-28.45904829999995],[-49.770831699999974,-28.494329299999947],[-49.72701779999994,-28.516949199999942],[-49.74932839999997,-28.54601669999994],[-49.693665099999976,-28.625553799999977],[-49.79507639999997,-28.614990099999943],[-49.83963199999994,-28.712539499999934],[-49.86937769999997,-28.701015199999972],[-49.88838259999994,-28.746665099999973],[-49.906083999999964,-28.707673299999954],[-49.961332899999945,-28.772180399999968],[-49.969870399999934,-28.876492799999937],[-49.93210809999994,-28.872202899999934],[-49.96872519999994,-28.922052099999974],[-49.92024159999994,-28.97876709999997],[-50.00441299999994,-29.07238159999997],[-49.94213259999998,-29.05821789999993],[-49.962602499999946,-29.11748119999993],[-50.01341849999994,-29.126819599999976],[-50.015158499999984,-29.186739699999976],[-50.06787349999996,-29.195492999999942],[-50.09342269999996,-29.167910199999938],[-50.07832159999998,-29.157646399999976],[-50.06093269999997,-29.16136549999993],[-50.05715509999993,-29.157948999999974],[-50.07982169999997,-29.155364799999973],[-50.09966499999996,-29.159809699999983],[-50.091346199999975,-29.219795499999975],[-50.08397999999994,-29.213836399999934],[-50.05271699999997,-29.213090199999954],[-50.04699789999995,-29.217184199999963],[-50.11269119999997,-29.240006799999946],[-50.09327529999996,-29.212780799999962],[-50.139646899999946,-29.192219799999975],[-50.16154759999995,-29.20394189999996],[-50.13396789999996,-29.207907399999954],[-50.140683199999955,-29.237783399999955],[-50.17750909999995,-29.248521299999936],[-50.04100269999998,-29.355065899999943],[-50.11432419999994,-29.257617799999935],[-49.94983449999995,-29.200723299999936],[-49.712577899999985,-29.326695599999937],[-50.00045389999997,-29.74002539999998],[-50.37397999999996,-30.562891599999944],[-50.87914069999994,-31.227041499999984],[-51.26752179999994,-31.578613399999938],[-51.84767229999994,-31.930777599999942],[-52.08304419999996,-32.160172099999954],[-52.03901419999994,-32.03645359999996],[-52.053962499999955,-31.980751899999973],[-52.00465269999995,-31.944917799999928],[-52.098123699999974,-31.835911299999964],[-52.019146399999954,-31.816011599999968],[-51.85784469999999,-31.869132399999955],[-51.78748989999997,-31.80837729999996],[-51.840705199999945,-31.801987899999972],[-51.65605429999994,-31.764928899999973],[-51.475152599999944,-31.56595559999994],[-51.43501159999994,-31.623624399999983],[-51.44819159999997,-31.527484699999945],[-51.46371579999993,-31.55100189999996],[-51.42309519999998,-31.48834999999997],[-51.36110659999997,-31.532032399999935],[-51.26433509999998,-31.482786199999964],[-51.160604999999975,-31.301713099999972],[-51.16777969999998,-31.06269089999995],[-51.10361549999993,-31.09938049999994],[-50.98055819999996,-31.041051399999958],[-50.95251349999995,-30.98208479999994],[-50.96676359999998,-30.89610749999997],[-50.895123199999944,-30.89973029999993],[-50.74446379999995,-30.812286599999936],[-50.70198739999995,-30.74632719999994],[-50.67954149999997,-30.609172499999943],[-50.718615599999964,-30.353065199999946],[-50.623994599999946,-30.392101999999966],[-50.63792069999994,-30.37893159999993],[-50.63561699999997,-30.341003099999966],[-50.625066499999946,-30.328410099999928],[-50.59309879999995,-30.400342199999955],[-50.650184199999956,-30.413571699999977],[-50.65440709999996,-30.442961799999978],[-50.574419999999975,-30.48147579999994],[-50.537779599999965,-30.27386619999993],[-50.596492299999966,-30.19494409999993],[-50.658888099999956,-30.199923299999966],[-50.67324409999998,-30.296640799999977],[-50.78472829999998,-30.285010899999975],[-50.77349849999996,-30.332203599999957],[-50.79697999999996,-30.338382099999933],[-50.914836099999945,-30.326391299999955],[-50.93920949999995,-30.394132499999955],[-50.91652149999993,-30.440678599999956],[-51.055578099999934,-30.39198049999993],[-51.04129469999998,-30.366374899999983],[-51.06873529999996,-30.355019399999946],[-51.031602299999975,-30.333870599999955],[-51.03076249999998,-30.274475199999983],[-51.08982449999996,-30.24097779999994],[-51.15961759999993,-30.261959799999943],[-51.199083299999984,-30.193611199999964],[-51.248605699999985,-30.18648849999994],[-51.225531599999954,-30.14575199999996],[-51.267673499999944,-30.103662399999962],[-51.23380629999997,-30.049008199999946],[-51.271141299999954,-30.05985309999994],[-51.25943069999994,-30.03392709999997],[-51.29937229999996,-30.00262559999993],[-51.329796399999964,-30.23035269999997],[-51.27335859999994,-30.249436799999955],[-51.29527329999996,-30.302946899999938],[-51.247216899999955,-30.328526599999975],[-51.21072369999996,-30.29791979999993],[-51.17954709999998,-30.386450599999932],[-51.09465679999994,-30.364729599999976],[-51.15259069999996,-30.500266599999975],[-51.13575569999995,-30.43678609999995],[-51.197879299999954,-30.408032099999957],[-51.27915479999996,-30.51040359999996],[-51.303348599999936,-30.588550099999964],[-51.282434799999976,-30.81253899999996],[-51.33120789999998,-30.778481899999974],[-51.293955299999936,-30.770891399999982],[-51.31766419999997,-30.648162199999945],[-51.371644999999944,-30.63609699999995],[-51.40583049999998,-30.756750599999975],[-51.369010199999934,-30.87435449999998],[-51.44882389999998,-30.87218329999996],[-51.500198499999954,-30.927695299999982],[-51.441813999999965,-31.08805289999998],[-51.61799019999995,-31.139558999999963],[-51.64359039999994,-31.211130899999944],[-51.619141199999945,-31.268951799999968],[-51.79458989999995,-31.273965499999974],[-51.85524859999998,-31.336357299999975],[-51.871426499999984,-31.293431299999952],[-51.87882739999998,-31.324452599999972],[-51.91946279999996,-31.31076589999998],[-51.96013069999998,-31.352783099999954],[-51.94782299999997,-31.37468789999997],[-52.00114989999997,-31.440915699999948],[-52.03065299999997,-31.692345299999943],[-52.06961689999997,-31.67712339999997],[-52.19854759999998,-31.726413199999968],[-52.22780689999996,-31.76031459999996],[-52.22318779999995,-31.84293379999997],[-52.25637379999995,-31.848163899999975],[-52.234017499999936,-31.894069499999944],[-52.22106859999997,-31.872092099999975],[-52.13725619999997,-31.919649999999933],[-52.11481109999994,-31.941959399999973],[-52.11244369999997,-31.947010999999975],[-52.11212459999996,-31.949774899999966],[-52.15013609999994,-31.927331299999935],[-52.15068169999995,-31.95003859999997],[-52.21943349999998,-31.959338099999968],[-52.252558799999974,-32.053056899999945],[-52.20232279999993,-32.03894189999994],[-52.18745949999993,-31.98169219999994],[-52.12538209999997,-31.980597399999965],[-52.14036379999993,-31.957803599999977],[-52.09682699999996,-31.998616999999967],[-52.19562179999997,-32.02761549999997],[-52.19465699999995,-32.058730099999934],[-52.239888399999984,-32.07996719999994],[-52.06961689999997,-32.02955089999995],[-52.156563699999936,-32.09616239999997],[-52.14918659999995,-32.11636639999995],[-52.08552879999996,-32.06107829999996],[-52.09720379999993,-32.16166929999997],[-52.225211599999966,-32.251228899999944],[-52.31723499999998,-32.37977769999998],[-52.48791279999995,-32.85106579999996],[-52.62024789999998,-33.098154499999964],[-52.79078329999999,-33.295380199999954],[-53.36991299999994,-33.74383769999997],[-53.431051099999934,-33.739354799999944],[-53.43951599999997,-33.69346139999993],[-53.53234999999995,-33.68880449999995],[-53.535451499999965,-33.64976919999998],[-53.51184049999995,-33.53666629999998],[-53.471978099999944,-33.56338329999994],[-53.43487189999996,-33.50254369999993],[-53.46968179999993,-33.260080899999934],[-53.417612599999984,-33.116943299999946],[-53.40826709999993,-33.161280499999975],[-53.319766399999935,-33.05484119999994],[-53.31854679999998,-33.09190139999998],[-53.260162399999956,-33.107410899999934],[-53.16356749999994,-32.98390949999998],[-53.12390549999998,-32.79383779999995],[-53.07009439999996,-32.83380989999995],[-52.997418299999936,-32.761201899999946],[-52.998756699999944,-32.80185209999996],[-52.88319869999998,-32.90392989999998],[-52.761256999999944,-32.88582799999995],[-52.58626339999995,-32.53160819999994],[-52.69224209999993,-32.30904089999996],[-52.622884899999974,-32.14557119999995],[-52.72519299999993,-32.15509829999996],[-52.697070199999985,-32.16609529999994],[-52.738584999999944,-32.16509019999995],[-52.75110129999996,-32.177368899999976],[-52.72627229999995,-32.187377099999935],[-52.73195629999998,-32.20016769999995],[-52.74920959999997,-32.192200699999944],[-52.768611599999986,-32.202286999999956],[-52.77515999999997,-32.21069189999997],[-52.736987399999975,-32.20216819999996],[-52.72886439999996,-32.21233189999998],[-52.77676319999995,-32.230600599999946],[-52.82099119999998,-32.336758799999984],[-52.776155899999935,-32.35284119999994],[-52.80324249999995,-32.359763699999974],[-52.79011369999995,-32.37882089999994],[-52.77167949999995,-32.35263569999995],[-52.725977099999966,-32.385748699999965],[-52.798923799999955,-32.44559159999994],[-52.96928019999996,-32.49140969999996],[-53.00928739999995,-32.60770209999998],[-53.07002319999998,-32.62221279999994],[-53.08464369999996,-32.65824219999996],[-53.176413199999956,-32.658464599999945],[-53.25490419999994,-32.601963799999965],[-53.288805099999934,-32.62109659999993],[-53.431365899999946,-32.565993799999944],[-53.46435489999993,-32.484729899999934],[-53.55636919999995,-32.47271109999997],[-53.64494879999995,-32.38433709999998],[-53.64286389999995,-32.296299499999975],[-53.73517279999999,-32.15160759999998],[-53.74582639999994,-32.078093699999954],[-53.827589899999964,-32.05940969999995],[-53.849757899999986,-32.00058779999995],[-53.960580499999935,-31.95527999999996],[-53.96979019999998,-31.91770159999993],[-54.03273369999994,-31.895474899999954],[-54.10055089999997,-31.928078599999935],[-54.45622679999997,-31.651700499999947],[-54.452386299999944,-31.59933659999996],[-54.51564419999994,-31.510177399999975],[-54.58645859999996,-31.45655299999993]]],[[[-52.09915689999997,-31.791555899999935],[-52.10621699999996,-31.801760799999954],[-52.11120979999998,-31.793513299999972],[-52.09915689999997,-31.791555899999935]]],[[[-51.193256599999984,-30.24217529999993],[-51.192018099999984,-30.241111299999943],[-51.191826499999934,-30.24144469999993],[-51.193256599999984,-30.24217529999993]]],[[[-51.28709519999995,-30.120046999999943],[-51.287006099999985,-30.12193639999998],[-51.28843329999995,-30.121077499999956],[-51.28709519999995,-30.120046999999943]]],[[[-51.29211809999998,-30.064603699999964],[-51.286060099999986,-30.059061799999938],[-51.286854699999935,-30.063210599999934],[-51.29211809999998,-30.064603699999964]]],[[[-51.162747399999944,-30.265179899999964],[-51.17000419999994,-30.262980099999936],[-51.16231159999995,-30.26212739999994],[-51.162747399999944,-30.265179899999964]]],[[[-49.703918199999976,-29.347736899999973],[-49.70499609999996,-29.345821799999953],[-49.70442019999996,-29.345453599999928],[-49.703918199999976,-29.347736899999973]]]]}},{"id":"23","type":"Feature","properties":{"UF":"SC"},"geometry":{"type":"MultiPolygon","coordinates":[[[[-52.88514059999994,-27.182668099999944],[-52.93110349999995,-27.203822999999943],[-52.956692299999986,-27.16325779999994],[-52.99171899999993,-27.217653299999938],[-52.99166359999998,-27.14096669999998],[-53.043523499999935,-27.14684619999997],[-53.032095099999935,-27.08230199999997],[-53.07669999999996,-27.107844599999964],[-53.07747879999994,-27.163115799999957],[-53.13218309999996,-27.18022869999993],[-53.16239889999997,-27.140697599999953],[-53.18467359999994,-27.190909499999975],[-53.24165919999996,-27.171635699999968],[-53.313200999999935,-27.219089699999984],[-53.29425219999996,-27.13555299999996],[-53.37063939999996,-27.09110309999994],[-53.45255549999996,-27.15613509999997],[-53.50436419999994,-27.135641499999963],[-53.49470609999997,-27.203940299999942],[-53.56173119999994,-27.172414799999956],[-53.64386929999995,-27.219744299999945],[-53.669372899999985,-27.16155669999995],[-53.74365409999996,-27.19244569999995],[-53.77288269999997,-27.147676699999977],[-53.81484659999995,-27.175889799999936],[-53.82505569999995,-27.174255099999982],[-53.82964309999994,-27.172627499999976],[-53.83709619999996,-27.168434099999956],[-53.798144399999956,-27.145032199999946],[-53.81734359999996,-27.100508499999933],[-53.77680219999996,-27.10344939999993],[-53.80243439999998,-27.04002829999996],[-53.76018349999998,-27.06454149999996],[-53.786019599999975,-27.026206699999932],[-53.748192899999935,-27.032772299999976],[-53.764101299999936,-27.008695599999953],[-53.71801889999995,-26.98987399999993],[-53.737543399999936,-26.97444539999998],[-53.70936279999995,-26.933969799999943],[-53.671569199999965,-26.943012799999963],[-53.697179699999936,-26.92903339999998],[-53.67139519999995,-26.89605659999995],[-53.69711639999997,-26.860185299999955],[-53.66068999999993,-26.859055999999953],[-53.69520499999993,-26.84752089999995],[-53.698918599999956,-26.770012299999962],[-53.729188799999974,-26.774139799999944],[-53.74390189999997,-26.764358999999956],[-53.71413929999994,-26.751341799999977],[-53.75838619999996,-26.72078309999995],[-53.73472639999994,-26.71686449999993],[-53.72084399999994,-26.65110539999995],[-53.75991869999996,-26.640311699999984],[-53.708234699999934,-26.56172829999997],[-53.74223219999993,-26.544384099999945],[-53.696436999999946,-26.49046069999997],[-53.71000029999993,-26.38773569999995],[-53.64579719999995,-26.247748099999967],[-53.498409299999935,-26.303040599999974],[-53.37607189999994,-26.24161399999997],[-53.280836599999986,-26.246134299999937],[-53.26453449999997,-26.289329799999962],[-53.093227999999954,-26.392022099999963],[-52.98835719999994,-26.345773899999983],[-52.73776319999996,-26.34218489999995],[-52.60265209999994,-26.415420299999937],[-52.52453639999993,-26.39912529999998],[-52.45917559999998,-26.44112259999997],[-52.400037699999984,-26.423144099999945],[-52.229811799999936,-26.467043099999955],[-52.186342999999965,-26.44511669999997],[-52.008767499999976,-26.566560599999946],[-51.87345049999993,-26.599362499999984],[-51.66621109999994,-26.563751699999955],[-51.630993899999964,-26.58781829999998],[-51.50779499999993,-26.58092419999997],[-51.411475199999984,-26.71712199999996],[-51.391129699999965,-26.663247399999932],[-51.283401099999935,-26.653630299999975],[-51.22710239999998,-26.61523379999994],[-51.21539539999998,-26.567439299999933],[-51.27317439999996,-26.49830419999995],[-51.253057299999966,-26.46229569999997],[-51.30049289999994,-26.417871899999966],[-51.250999099999945,-26.374363999999957],[-51.24795119999993,-26.329866399999958],[-51.104313099999956,-26.276121199999977],[-51.078873199999975,-26.22742379999994],[-50.998972599999945,-26.23105339999995],[-50.945280099999934,-26.28266119999995],[-50.93251289999995,-26.234491799999944],[-50.901552599999945,-26.289332099999967],[-50.86856799999998,-26.241364499999975],[-50.838599199999976,-26.271469099999933],[-50.780717599999946,-26.225234599999965],[-50.716404299999965,-26.24500089999998],[-50.731142999999975,-26.205816899999945],[-50.64831039999996,-26.130350199999953],[-50.63099909999994,-26.064621099999954],[-50.551907599999936,-26.05755819999996],[-50.59145189999998,-26.041494799999953],[-50.570230599999945,-26.00195279999997],[-50.54797739999998,-26.03961049999998],[-50.443787999999984,-26.034298099999944],[-50.324260299999935,-26.135279899999944],[-50.33173379999994,-26.08342099999993],[-50.25122179999994,-26.03047349999997],[-50.180281099999945,-26.079042499999957],[-50.17025079999996,-26.025188499999956],[-50.11840079999996,-26.063622799999962],[-50.082697199999984,-26.024088699999936],[-50.00557379999998,-26.046094299999936],[-50.01093999999995,-26.013328199999933],[-49.97745439999994,-26.01368229999997],[-49.971654599999965,-26.058380399999976],[-49.94169449999998,-26.00841399999996],[-49.93506649999995,-26.033141499999942],[-49.831695399999944,-26.053096299999936],[-49.84146969999995,-26.07720409999996],[-49.76830579999995,-26.10431399999993],[-49.72753299999994,-26.17143599999997],[-49.71145549999994,-26.15432359999994],[-49.691236199999935,-26.189305599999955],[-49.55561869999997,-26.237352999999928],[-49.496316899999954,-26.22135359999993],[-49.46093059999998,-26.162296099999935],[-49.37021519999996,-26.155753299999958],[-49.174959599999966,-26.000054099999943],[-49.054100999999946,-26.020934599999975],[-48.96047839999994,-25.980799799999943],[-48.682032299999946,-25.98367129999997],[-48.64436959999995,-25.955841799999973],[-48.595313199999964,-25.976793199999975],[-48.58857619999998,-26.154994099999954],[-48.52764559999997,-26.163822599999946],[-48.520023099999946,-26.219184499999983],[-48.493002299999944,-26.218393299999946],[-48.65552969999993,-26.556803699999932],[-48.687302099999954,-26.687624099999937],[-48.66765699999996,-26.76807789999998],[-48.58383769999995,-26.78581989999998],[-48.62751529999997,-26.83329599999996],[-48.64365249999997,-26.90494069999994],[-48.628322099999934,-26.993164699999966],[-48.56912239999997,-27.008966399999963],[-48.608696399999985,-27.115295699999933],[-48.564000799999974,-27.15572389999994],[-48.53679759999994,-27.15015449999993],[-48.50777249999993,-27.11032119999993],[-48.50429879999996,-27.143558999999982],[-48.46487319999994,-27.14396439999996],[-48.499049999999954,-27.172945399999946],[-48.477733299999954,-27.206735399999957],[-48.513072299999976,-27.22151729999996],[-48.50205839999995,-27.195186599999943],[-48.542274099999986,-27.182625899999948],[-48.60730479999995,-27.219727999999975],[-48.61543709999995,-27.271860299999958],[-48.58813139999995,-27.31953119999997],[-48.53919849999994,-27.29906989999995],[-48.52627039999993,-27.40826199999998],[-48.416637299999934,-27.380560599999967],[-48.391388699999936,-27.435311599999977],[-48.358633399999974,-27.44021719999995],[-48.505534799999964,-27.724071699999968],[-48.48367579999996,-27.785522899999933],[-48.525139499999966,-27.78507419999994],[-48.600778599999956,-27.858257699999967],[-48.57313329999994,-27.88597299999998],[-48.625364899999965,-27.95524709999995],[-48.62994039999995,-28.00975079999995],[-48.597773899999936,-28.030142599999976],[-48.63185649999997,-28.08503639999998],[-48.662469199999975,-28.179973699999948],[-48.64543489999994,-28.234606699999972],[-48.67402849999996,-28.254907699999933],[-48.69744509999998,-28.29157159999994],[-48.76510179999997,-28.459928599999955],[-48.74696119999993,-28.507207499999936],[-48.81265019999995,-28.605493099999933],[-49.01648559999995,-28.695366699999965],[-49.314693699999964,-28.900781199999983],[-49.71293749999995,-29.325583499999937],[-49.96273419999994,-29.198854599999947],[-50.11432419999994,-29.257617799999935],[-50.05121499999996,-29.32411129999997],[-50.03369709999998,-29.349846499999956],[-50.04100269999998,-29.355065899999943],[-50.17750909999995,-29.248521299999936],[-50.140683199999955,-29.237783399999955],[-50.13396789999996,-29.207907399999954],[-50.16154759999995,-29.20394189999996],[-50.139646899999946,-29.192219799999975],[-50.09327529999996,-29.212780799999962],[-50.11269119999997,-29.240006799999946],[-50.04699789999995,-29.217184199999963],[-50.091346199999975,-29.219795499999975],[-50.09966499999996,-29.159809699999983],[-50.07982169999997,-29.155364799999973],[-50.05715509999993,-29.157948999999974],[-50.09342269999996,-29.167910199999938],[-50.06787349999996,-29.195492999999942],[-50.015158499999984,-29.186739699999976],[-50.01341849999994,-29.126819599999976],[-49.962602499999946,-29.11748119999993],[-49.94213259999998,-29.05821789999993],[-50.00441299999994,-29.07238159999997],[-49.92024159999994,-28.97876709999997],[-49.96872519999994,-28.922052099999974],[-49.93210809999994,-28.872202899999934],[-49.969870399999934,-28.876492799999937],[-49.934677799999974,-28.725676499999963],[-49.904945699999985,-28.707613399999957],[-49.913657299999954,-28.724477199999967],[-49.882554099999936,-28.717387499999973],[-49.89573089999993,-28.73927139999995],[-49.87479309999998,-28.744631999999967],[-49.87180589999997,-28.702986899999928],[-49.813498599999946,-28.687045499999954],[-49.83917669999994,-28.666541799999948],[-49.78382799999997,-28.60990759999993],[-49.69182399999994,-28.62269749999996],[-49.74918059999993,-28.546469999999943],[-49.72656649999993,-28.51830099999995],[-49.770831699999974,-28.494329299999947],[-49.76527949999996,-28.459492299999965],[-49.78225139999995,-28.49665639999995],[-49.81261109999997,-28.467891299999962],[-49.84078939999995,-28.49643839999993],[-49.877749999999935,-28.45515649999993],[-49.85498959999995,-28.44401289999996],[-49.92851379999996,-28.45122349999997],[-49.944392799999946,-28.482741199999964],[-49.975354799999934,-28.43904699999996],[-50.100995499999954,-28.48633209999997],[-50.12831129999995,-28.428908099999944],[-50.15634479999994,-28.497913799999935],[-50.178007399999956,-28.45225339999996],[-50.22264869999998,-28.463272099999983],[-50.24680019999994,-28.42827049999994],[-50.27291329999997,-28.45707189999996],[-50.329618299999936,-28.434230499999956],[-50.345846499999936,-28.46355449999993],[-50.35999409999994,-28.419839499999966],[-50.38115409999995,-28.447027899999966],[-50.45685729999997,-28.41065139999995],[-50.52655389999995,-28.40368099999995],[-50.54320489999998,-28.42802779999994],[-50.59116009999997,-28.382417699999962],[-50.625683599999945,-28.392057499999964],[-50.69659729999995,-28.267841199999964],[-50.753345199999956,-28.24568439999996],[-50.78765499999997,-28.140344699999957],[-50.83240039999998,-28.117508199999975],[-50.87196849999998,-28.137419999999963],[-50.90393629999994,-28.085844399999928],[-50.87539959999998,-28.040199899999948],[-50.923238399999946,-28.01198779999993],[-50.925681399999974,-27.969388799999933],[-50.98425419999995,-27.94030429999998],[-51.011206699999946,-27.962953999999968],[-51.08222989999996,-27.83392639999994],[-51.24119829999995,-27.778312899999946],[-51.310035899999946,-27.71808939999994],[-51.31510599999996,-27.67507009999997],[-51.373466399999984,-27.668986899999936],[-51.38275889999994,-27.624571599999967],[-51.43520429999995,-27.654398699999945],[-51.48701289999997,-27.560815299999945],[-51.57033749999994,-27.583400799999936],[-51.57997119999993,-27.523617599999966],[-51.62573299999997,-27.545478999999943],[-51.621615599999984,-27.494644999999934],[-51.65966339999994,-27.519300899999962],[-51.69216789999996,-27.47821689999995],[-51.72036039999995,-27.513506399999983],[-51.79948919999998,-27.490875399999936],[-51.79303289999996,-27.53120439999998],[-51.85148829999997,-27.52461299999993],[-51.86306929999995,-27.47524039999996],[-51.89227079999995,-27.519706699999972],[-51.902496499999984,-27.46110299999998],[-51.95828149999994,-27.47436289999996],[-51.93577689999995,-27.428749099999948],[-52.00779679999994,-27.40389719999996],[-51.95208669999994,-27.380247099999963],[-52.01713419999999,-27.36783889999998],[-52.01500469999996,-27.330895599999963],[-52.103286999999966,-27.346695599999975],[-52.11433109999996,-27.305019199999947],[-52.16800519999998,-27.312270799999965],[-52.168334399999935,-27.270915099999968],[-52.21588419999995,-27.332528599999932],[-52.277719299999944,-27.300224299999968],[-52.23460709999995,-27.270622299999957],[-52.254543499999954,-27.256358999999975],[-52.304670699999974,-27.262630399999978],[-52.29649269999993,-27.31809089999996],[-52.345259399999975,-27.28827769999998],[-52.37496289999996,-27.305089599999974],[-52.385771799999986,-27.253515499999935],[-52.398060499999985,-27.29257599999994],[-52.43908529999993,-27.26440489999993],[-52.44047759999995,-27.216239599999938],[-52.48320759999996,-27.267205299999944],[-52.54981309999994,-27.238337599999966],[-52.63321979999995,-27.265480499999967],[-52.667575599999964,-27.23784949999998],[-52.69339119999995,-27.284532199999944],[-52.71623599999998,-27.236045599999954],[-52.75350199999997,-27.25952099999995],[-52.76355969999997,-27.211233299999947],[-52.88514059999994,-27.182668099999944]]],[[[-48.82148129999996,-28.610900399999935],[-48.82122039999996,-28.61027239999993],[-48.821246299999984,-28.611021999999934],[-48.82148129999996,-28.610900399999935]]],[[[-48.75631839999994,-28.54073109999996],[-48.756092699999954,-28.54125389999996],[-48.756687899999974,-28.54096549999997],[-48.75631839999994,-28.54073109999996]]],[[[-48.75860819999997,-28.54046519999997],[-48.760229799999934,-28.539136199999973],[-48.75856249999998,-28.53854709999996],[-48.75860819999997,-28.54046519999997]]],[[[-48.708343799999966,-28.445655899999963],[-48.70875539999997,-28.448648299999945],[-48.710594699999945,-28.44743859999994],[-48.708343799999966,-28.445655899999963]]],[[[-48.602175999999986,-28.352536099999952],[-48.601936999999964,-28.35204749999997],[-48.60214569999994,-28.352593399999932],[-48.602175999999986,-28.352536099999952]]],[[[-48.60095919999998,-28.352296499999966],[-48.60071809999994,-28.35142579999996],[-48.600416999999936,-28.35180029999998],[-48.60095919999998,-28.352296499999966]]],[[[-48.60185139999993,-28.35168049999993],[-48.60166439999995,-28.35195649999997],[-48.60184909999998,-28.35191599999996],[-48.60185139999993,-28.35168049999993]]],[[[-48.64961569999997,-28.32569019999994],[-48.64962829999996,-28.32202069999994],[-48.646645999999976,-28.317863099999954],[-48.64961569999997,-28.32569019999994]]],[[[-48.65471519999994,-28.249273199999948],[-48.654218999999955,-28.24677859999997],[-48.652843099999984,-28.248089799999946],[-48.65471519999994,-28.249273199999948]]],[[[-48.65062379999995,-28.242467699999963],[-48.65144419999996,-28.240284299999928],[-48.649949799999945,-28.241266699999983],[-48.65062379999995,-28.242467699999963]]],[[[-48.656529199999966,-28.18892429999994],[-48.656426599999975,-28.189503199999933],[-48.656754999999976,-28.18943079999997],[-48.656529199999966,-28.18892429999994]]],[[[-48.64144689999995,-28.15454079999995],[-48.640882999999974,-28.151318599999968],[-48.64034129999993,-28.152712399999928],[-48.64144689999995,-28.15454079999995]]],[[[-48.62860729999994,-28.102960999999937],[-48.62803349999996,-28.102125599999965],[-48.62790189999998,-28.102063699999974],[-48.62797299999994,-28.10261429999997],[-48.62860729999994,-28.102960999999937]]],[[[-48.625739399999986,-28.102323499999954],[-48.62601189999998,-28.10219529999995],[-48.62577959999993,-28.102176199999974],[-48.625739399999986,-28.102323499999954]]],[[[-48.62718359999997,-28.102138699999955],[-48.62630159999998,-28.10201449999994],[-48.62719279999993,-28.10245889999993],[-48.62718359999997,-28.102138699999955]]],[[[-48.63014889999994,-28.08946519999995],[-48.629797199999985,-28.08969559999997],[-48.63021869999994,-28.08963269999998],[-48.63014889999994,-28.08946519999995]]],[[[-48.63014899999996,-28.088692299999934],[-48.62954259999998,-28.088254699999936],[-48.62948659999995,-28.088951599999973],[-48.63014899999996,-28.088692299999934]]],[[[-48.59979199999998,-28.035212899999976],[-48.59988439999995,-28.03567479999998],[-48.600069099999985,-28.03543929999995],[-48.59979199999998,-28.035212899999976]]],[[[-48.617239799999936,-27.988198099999977],[-48.617147099999954,-27.98611459999995],[-48.61690649999997,-27.986162699999966],[-48.617239799999936,-27.988198099999977]]],[[[-48.57872489999994,-26.99242959999998],[-48.57868389999993,-26.992831899999942],[-48.57902249999995,-26.992539299999976],[-48.57872489999994,-26.99242959999998]]],[[[-48.579237999999975,-26.992136999999957],[-48.57983319999994,-26.992603299999928],[-48.57991529999998,-26.99242959999998],[-48.579237999999975,-26.992136999999957]]],[[[-48.623453799999936,-26.98572009999998],[-48.623425199999986,-26.98690279999994],[-48.62476049999998,-26.98670199999998],[-48.623453799999936,-26.98572009999998]]],[[[-48.639777599999945,-26.912759199999982],[-48.63749869999998,-26.912129799999946],[-48.63597749999997,-26.91299179999993],[-48.639777599999945,-26.912759199999982]]],[[[-48.622082699999964,-26.83220369999998],[-48.62324069999994,-26.831402199999957],[-48.62138569999996,-26.831974499999944],[-48.622082699999964,-26.83220369999998]]],[[[-48.639149499999974,-26.745434299999943],[-48.63555229999997,-26.743960999999956],[-48.63419829999998,-26.74531719999993],[-48.639149499999974,-26.745434299999943]]],[[[-48.61783639999993,-26.71029859999993],[-48.618736199999944,-26.709208099999955],[-48.61839009999994,-26.709053899999958],[-48.61783639999993,-26.71029859999993]]],[[[-48.67447139999996,-26.69553979999995],[-48.67537359999994,-26.69379239999995],[-48.67383959999995,-26.69472719999993],[-48.67447139999996,-26.69553979999995]]],[[[-48.67270339999993,-26.632542899999976],[-48.67068279999995,-26.635565699999972],[-48.671334799999954,-26.635825199999942],[-48.67270339999993,-26.632542899999976]]],[[[-48.58460689999998,-26.49730119999998],[-48.583322599999974,-26.49835939999997],[-48.58466839999994,-26.49800849999997],[-48.58460689999998,-26.49730119999998]]],[[[-48.57900969999997,-26.46846729999993],[-48.58207199999998,-26.468225299999972],[-48.58095489999994,-26.466070199999933],[-48.57900969999997,-26.46846729999993]]],[[[-48.576982199999975,-26.45908449999996],[-48.58336469999995,-26.45993219999997],[-48.57899679999997,-26.45427369999993],[-48.576982199999975,-26.45908449999996]]],[[[-48.590183999999965,-25.97685759999996],[-48.59201379999996,-25.976704299999938],[-48.58977219999997,-25.975923799999975],[-48.590183999999965,-25.97685759999996]]],[[[-48.542436899999984,-27.932222799999977],[-48.54224829999998,-27.941726099999983],[-48.544876099999954,-27.93198119999994],[-48.542436899999984,-27.932222799999977]]],[[[-48.44475219999998,-27.85354499999994],[-48.44396369999998,-27.852925599999935],[-48.444652099999985,-27.85375309999995],[-48.44475219999998,-27.85354499999994]]],[[[-48.42853599999995,-27.845211399999982],[-48.434763299999986,-27.848395099999948],[-48.42880299999996,-27.844036699999947],[-48.42853599999995,-27.845211399999982]]],[[[-48.43036659999996,-27.841770699999984],[-48.429629699999964,-27.843008399999974],[-48.43071439999994,-27.84240159999996],[-48.43036659999996,-27.841770699999984]]],[[[-48.431614399999944,-27.84020099999998],[-48.43056139999993,-27.84025889999998],[-48.43103649999995,-27.840846099999965],[-48.431614399999944,-27.84020099999998]]],[[[-48.51892419999996,-27.83371169999998],[-48.52536729999997,-27.844357799999955],[-48.53031159999995,-27.843579399999953],[-48.51892419999996,-27.83371169999998]]],[[[-48.43109169999997,-27.839253199999973],[-48.43137029999997,-27.839155799999958],[-48.43118459999994,-27.83906339999993],[-48.43109169999997,-27.839253199999973]]],[[[-48.50574659999995,-27.834573499999976],[-48.50203959999993,-27.84053789999996],[-48.50860099999994,-27.838204099999928],[-48.50574659999995,-27.834573499999976]]],[[[-48.51804199999998,-27.834648999999956],[-48.51764719999994,-27.83501599999994],[-48.51796669999993,-27.835095299999978],[-48.51804199999998,-27.834648999999956]]],[[[-48.52767389999997,-27.833297699999946],[-48.52974439999997,-27.830655699999966],[-48.527081899999985,-27.82927609999996],[-48.52767389999997,-27.833297699999946]]],[[[-48.464152799999965,-27.690924799999948],[-48.46550739999998,-27.70268989999994],[-48.468287299999986,-27.704641899999956],[-48.464152799999965,-27.690924799999948]]],[[[-48.38934509999996,-27.61044839999994],[-48.39000569999996,-27.610871799999984],[-48.38987769999994,-27.610237199999972],[-48.38934509999996,-27.61044839999994]]],[[[-48.39173049999994,-27.61017739999994],[-48.391848599999946,-27.61084029999995],[-48.39226049999996,-27.610646499999973],[-48.39173049999994,-27.61017739999994]]],[[[-48.383425999999986,-27.60893619999996],[-48.38783779999994,-27.61072409999997],[-48.38401539999995,-27.607587399999943],[-48.383425999999986,-27.60893619999996]]],[[[-48.36074149999996,-27.487790299999972],[-48.36385579999995,-27.486661099999935],[-48.36068729999994,-27.487084599999946],[-48.36074149999996,-27.487790299999972]]],[[[-48.35915219999998,-27.486097899999947],[-48.35662589999998,-27.488979299999983],[-48.359739899999965,-27.488166599999943],[-48.35915219999998,-27.486097899999947]]],[[[-48.34792969999995,-27.441237599999965],[-48.34793419999994,-27.44405279999995],[-48.34872269999994,-27.441348199999936],[-48.34792969999995,-27.441237599999965]]],[[[-48.349154699999985,-27.439621199999976],[-48.34872589999998,-27.43974019999996],[-48.34888749999993,-27.439986399999952],[-48.349154699999985,-27.439621199999976]]],[[[-48.349590199999966,-27.438883999999973],[-48.349510899999984,-27.43920799999995],[-48.34974989999995,-27.439229199999943],[-48.349590199999966,-27.438883999999973]]],[[[-48.36572389999998,-27.424229599999933],[-48.36595909999994,-27.42618669999996],[-48.36745579999996,-27.422936899999968],[-48.36572389999998,-27.424229599999933]]],[[[-48.35578199999998,-27.418871499999966],[-48.35636649999998,-27.418686399999956],[-48.35608869999993,-27.418502799999942],[-48.35578199999998,-27.418871499999966]]],[[[-48.35514759999995,-27.418622399999947],[-48.35446919999998,-27.418508999999972],[-48.35454539999995,-27.418780999999967],[-48.35514759999995,-27.418622399999947]]],[[[-48.52569699999998,-27.330491499999937],[-48.52681639999997,-27.329781099999934],[-48.52521509999997,-27.329135099999974],[-48.52569699999998,-27.330491499999937]]],[[[-48.524517199999934,-27.32777219999997],[-48.525602499999934,-27.328332199999977],[-48.525550099999975,-27.327862399999958],[-48.524517199999934,-27.32777219999997]]],[[[-48.53257339999993,-27.30426209999996],[-48.528760999999975,-27.30670159999994],[-48.531967899999984,-27.30754989999997],[-48.53257339999993,-27.30426209999996]]],[[[-48.377098099999955,-27.28345989999997],[-48.35947379999993,-27.27335709999994],[-48.356767899999966,-27.29965519999996],[-48.377098099999955,-27.28345989999997]]],[[[-48.327940499999954,-27.268014499999936],[-48.33448379999993,-27.278827099999944],[-48.33316229999997,-27.273746399999936],[-48.327940499999954,-27.268014499999936]]],[[[-48.469831699999986,-27.202683099999945],[-48.463292199999955,-27.20351359999995],[-48.474544299999934,-27.20896639999995],[-48.469831699999986,-27.202683099999945]]],[[[-48.40516319999995,-27.17529159999998],[-48.408312499999965,-27.188104099999975],[-48.410581399999955,-27.18801739999998],[-48.40516319999995,-27.17529159999998]]],[[[-48.40022829999998,-27.180247099999974],[-48.39736759999994,-27.18050889999995],[-48.39805709999996,-27.182000899999935],[-48.40022829999998,-27.180247099999974]]],[[[-48.541161199999976,-27.135704999999973],[-48.54025009999998,-27.14144589999995],[-48.54950009999993,-27.144601799999975],[-48.541161199999976,-27.135704999999973]]],[[[-48.56167979999998,-26.513315199999965],[-48.56151049999994,-26.514647399999944],[-48.562305599999945,-26.51464249999998],[-48.56167979999998,-26.513315199999965]]],[[[-48.566917099999955,-26.458106699999973],[-48.56653339999997,-26.461274299999957],[-48.57053099999996,-26.459900799999957],[-48.566917099999955,-26.458106699999973]]],[[[-48.52424139999994,-26.386802899999964],[-48.525138899999945,-26.38498139999996],[-48.52470089999997,-26.385001699999975],[-48.52424139999994,-26.386802899999964]]],[[[-48.525043299999936,-26.38278669999994],[-48.52278559999996,-26.382113499999946],[-48.52476299999995,-26.38375259999998],[-48.525043299999936,-26.38278669999994]]],[[[-48.522684099999935,-26.374375099999952],[-48.52207989999994,-26.370735899999943],[-48.520384899999954,-26.37034749999998],[-48.522684099999935,-26.374375099999952]]],[[[-48.52238659999995,-26.367668099999946],[-48.52192549999995,-26.36991469999998],[-48.523185799999965,-26.369123599999966],[-48.52238659999995,-26.367668099999946]]],[[[-48.490988399999935,-26.201667699999973],[-48.493196599999976,-26.202777899999944],[-48.49331919999997,-26.202247599999964],[-48.490988399999935,-26.201667699999973]]],[[[-48.487300199999936,-26.18465279999998],[-48.48725919999998,-26.18505799999997],[-48.48761319999994,-26.185108599999978],[-48.487300199999936,-26.18465279999998]]],[[[-48.486425199999985,-26.180770799999948],[-48.48914759999997,-26.181244999999933],[-48.48703169999993,-26.180044799999962],[-48.486425199999985,-26.180770799999948]]],[[[-48.487238599999955,-26.179044699999963],[-48.48707449999995,-26.179417599999965],[-48.48731559999993,-26.179399199999978],[-48.487238599999955,-26.179044699999963]]],[[[-48.485376299999984,-26.174383699999964],[-48.481317399999966,-26.17984219999994],[-48.48396219999995,-26.182717499999967],[-48.485376299999984,-26.174383699999964]]],[[[-48.47610659999998,-26.166856699999983],[-48.47570659999997,-26.16726989999995],[-48.476242499999955,-26.16694469999993],[-48.47610659999998,-26.166856699999983]]],[[[-48.48079789999997,-26.166289199999937],[-48.48225069999995,-26.164998799999978],[-48.480935999999986,-26.164681499999972],[-48.48079789999997,-26.166289199999937]]],[[[-48.484204699999964,-26.163607799999966],[-48.48504299999996,-26.165677699999947],[-48.48605759999998,-26.164193999999952],[-48.484204699999964,-26.163607799999966]]],[[[-48.47805139999997,-26.163249699999938],[-48.478141999999934,-26.163791699999933],[-48.47829299999995,-26.16378489999994],[-48.47805139999997,-26.163249699999938]]]]}},{"id":"24","type":"Feature","properties":{"UF":"SE"},"geometry":{"type":"MultiPolygon","coordinates":[[[[-37.673013699999956,-11.568566699999963],[-37.81228859999993,-11.517019999999945],[-37.86608259999997,-11.427098399999977],[-37.898896399999956,-11.438361399999962],[-37.90543889999998,-11.408144799999945],[-37.94316209999994,-11.424576199999933],[-37.97781729999997,-11.392659699999967],[-38.01476309999998,-11.285723399999938],[-37.986742299999946,-11.272095899999954],[-37.973748599999965,-11.193688799999961],[-38.05720899999994,-11.172051199999942],[-38.101999199999966,-11.015894499999945],[-38.17364409999993,-10.985953299999949],[-38.238883999999985,-10.866876899999966],[-38.20876709999993,-10.711692899999946],[-38.041683999999975,-10.700693999999942],[-37.966259899999955,-10.758100599999977],[-37.80870729999998,-10.687722899999926],[-37.806318999999974,-10.600527399999976],[-37.841231499999935,-10.554793599999925],[-37.812605099999985,-10.50724699999995],[-37.859609199999966,-10.427119799999957],[-37.839047999999934,-10.378820399999938],[-37.743312799999956,-10.338390699999934],[-37.76866199999995,-10.28919609999997],[-37.74709079999997,-10.238072699999975],[-37.802014499999984,-10.112447399999951],[-37.78264439999998,-10.04359839999995],[-37.825967799999944,-10.036583599999972],[-37.907625199999984,-9.910880499999962],[-37.95543239999995,-9.942999899999961],[-38.00350009999994,-9.905513799999937],[-37.99997049999996,-9.81432609999996],[-38.04503829999993,-9.697454899999968],[-38.008961399999976,-9.649058299999979],[-38.05562349999997,-9.632201399999929],[-38.06170969999994,-9.590908699999943],[-38.00328989999997,-9.515029899999945],[-37.89246549999996,-9.539796799999976],[-37.785554099999956,-9.639176199999952],[-37.70947479999995,-9.63029899999998],[-37.57768399999998,-9.736807799999951],[-37.34910329999997,-9.78980839999997],[-37.24258759999998,-9.894456299999945],[-37.16253819999997,-9.893846799999949],[-37.06240479999997,-9.982519699999955],[-36.968208499999946,-9.986915799999963],[-36.91218379999998,-10.138237899999979],[-36.72121139999996,-10.264598599999943],[-36.62263919999998,-10.255251699999974],[-36.571825599999954,-10.316147199999932],[-36.56021909999998,-10.41870709999995],[-36.45985919999998,-10.409475199999974],[-36.39594079999995,-10.496872199999927],[-36.592433899999946,-10.576475399999936],[-36.86750499999994,-10.758052199999952],[-37.260319799999934,-11.289795499999968],[-37.32483659999997,-11.436034499999948],[-37.52006759999995,-11.54930349999995],[-37.65027269999996,-11.516430999999955],[-37.673013699999956,-11.568566699999963]]],[[[-36.91681059999996,-10.843203399999936],[-36.919542399999955,-10.846505699999966],[-36.91672139999997,-10.841980499999977],[-36.91681059999996,-10.843203399999936]]]]}},{"id":"25","type":"Feature","properties":{"UF":"SP"},"geometry":{"type":"MultiPolygon","coordinates":[[[[-50.792951699999946,-22.894353499999966],[-50.89225069999998,-22.79492579999993],[-51.149582099999975,-22.755053699999962],[-51.26519989999997,-22.667697399999952],[-51.446410199999946,-22.65295229999998],[-51.55956919999994,-22.69717929999996],[-51.627878599999974,-22.658240599999942],[-51.71817359999994,-22.669021099999952],[-51.73570459999996,-22.624292499999967],[-51.868624299999965,-22.630445599999973],[-51.94051259999998,-22.56734279999995],[-52.10585189999995,-22.516661899999974],[-52.148761899999954,-22.549253499999963],[-52.15667799999994,-22.64471889999993],[-52.22257719999993,-22.675535399999944],[-52.250413099999946,-22.615426399999933],[-52.31313639999996,-22.63651239999996],[-52.437629699999945,-22.606848699999944],[-52.50267679999996,-22.634555699999964],[-52.58492279999996,-22.56593319999996],[-52.70825139999994,-22.628061899999977],[-52.97242499999999,-22.570484299999976],[-53.08778689999997,-22.65844489999995],[-53.109857799999986,-22.60430109999993],[-52.99857909999997,-22.493181299999947],[-52.857842699999935,-22.441482699999938],[-52.74583499999994,-22.343312999999966],[-52.487714299999936,-22.217205999999976],[-52.37721799999997,-22.106678199999976],[-52.30881189999997,-21.95191959999994],[-52.05582539999995,-21.677158799999972],[-52.09310689999995,-21.53775909999996],[-52.06204169999995,-21.503268499999933],[-51.96790329999993,-21.50176209999995],[-51.86526109999994,-21.348942499999964],[-51.848514499999965,-21.266638399999977],[-51.87586189999996,-21.13614739999997],[-51.789670899999976,-21.102119499999958],[-51.722230399999944,-20.976767999999936],[-51.62358729999994,-20.94443289999998],[-51.63489919999995,-20.754848399999958],[-51.59414819999995,-20.64384769999998],[-51.50022229999996,-20.56821629999996],[-51.34808519999996,-20.35951799999998],[-51.11758299999997,-20.28694459999997],[-51.05893269999996,-20.235160699999938],[-50.96583449999997,-20.033590699999934],[-50.790243499999974,-19.93958509999993],[-50.661324099999945,-19.90900199999993],[-50.577948799999945,-19.816374399999972],[-50.47191819999995,-19.779655799999944],[-50.34566119999994,-19.867563399999938],[-50.097243299999946,-19.875478999999928],[-50.015288399999974,-19.92635779999995],[-49.855573299999946,-19.946824999999933],[-49.551485199999945,-19.905840999999953],[-49.44451959999998,-19.98051179999993],[-49.25950499999993,-19.96384219999993],[-49.24761939999996,-19.99774569999994],[-49.296310999999946,-20.01557379999997],[-49.30853799999994,-20.10389289999995],[-49.24520069999994,-20.282142799999974],[-49.17256169999996,-20.312535099999934],[-49.122411099999965,-20.273544999999956],[-49.067479799999944,-20.154743499999938],[-49.00042629999996,-20.160748099999978],[-48.96178579999997,-20.263301199999944],[-48.970352799999944,-20.389790499999947],[-48.898202399999946,-20.441873099999953],[-48.86723039999998,-20.40246129999997],[-48.886545799999965,-20.27116259999997],[-48.82574319999998,-20.16195749999997],[-48.642128699999944,-20.16649609999996],[-48.57823319999994,-20.13124899999997],[-48.405776799999956,-20.11351099999996],[-48.25468779999994,-20.14381579999997],[-48.21774749999997,-20.125288799999964],[-48.25342509999996,-20.077920699999936],[-48.234826699999985,-20.028275599999972],[-48.10548739999996,-20.14635599999997],[-48.02016299999997,-20.12402899999995],[-47.975969299999974,-20.035372699999982],[-47.89546279999996,-20.125258299999928],[-47.856150199999945,-19.990544799999952],[-47.70840529999998,-19.978701599999965],[-47.63476429999997,-20.049247799999932],[-47.58382459999996,-19.996664599999974],[-47.46829269999995,-19.96142219999996],[-47.42442799999998,-20.01531959999994],[-47.43870839999994,-20.051088799999945],[-47.25704429999996,-20.166203999999937],[-47.231073599999945,-20.21915219999994],[-47.298208099999954,-20.348435699999982],[-47.29276559999994,-20.447733599999935],[-47.15114969999996,-20.52204649999993],[-47.09689579999997,-20.644528299999934],[-47.115300899999966,-20.707204799999943],[-47.16559849999993,-20.701487699999973],[-47.186260699999934,-20.731134399999974],[-47.240044299999965,-20.88528169999995],[-47.147814299999936,-20.972492899999963],[-47.11878789999997,-21.185752099999945],[-47.06220969999998,-21.20916989999995],[-47.07728819999994,-21.240223499999956],[-46.99726849999996,-21.351226399999973],[-47.01150789999997,-21.422272799999973],[-46.92077599999993,-21.427131299999928],[-46.83214909999998,-21.36653819999998],[-46.76470509999996,-21.360063599999933],[-46.705962399999976,-21.404843899999946],[-46.665531199999975,-21.361158199999977],[-46.61525679999994,-21.441468199999974],[-46.576513699999964,-21.426957199999947],[-46.50925209999997,-21.469898899999976],[-46.518227999999965,-21.61282189999997],[-46.564631299999974,-21.678679399999965],[-46.621594699999946,-21.675542999999948],[-46.62603029999997,-21.76622649999996],[-46.690970499999935,-21.836963799999978],[-46.647536499999944,-21.88046079999998],[-46.67377849999997,-21.91105269999997],[-46.61326239999994,-22.014962699999955],[-46.67557489999996,-22.022374699999943],[-46.664785999999935,-22.06886309999993],[-46.72342169999996,-22.076895599999943],[-46.59852999999998,-22.13638949999995],[-46.67383549999994,-22.17561749999993],[-46.723260299999936,-22.306623799999954],[-46.66092349999997,-22.36604099999994],[-46.66183499999994,-22.41881129999996],[-46.554813999999965,-22.446649999999977],[-46.50528989999998,-22.51704719999998],[-46.40695219999998,-22.539932499999964],[-46.43372539999996,-22.574567899999977],[-46.39305889999997,-22.66297409999993],[-46.478890399999955,-22.69827669999995],[-46.33454149999994,-22.760300099999938],[-46.38419239999996,-22.869966099999942],[-46.35631069999994,-22.900303299999962],[-46.145027899999945,-22.857190299999957],[-46.13909369999993,-22.92275529999995],[-46.007953999999984,-22.88949699999995],[-45.911828999999955,-22.816292999999973],[-45.888761999999986,-22.875974999999983],[-45.83724549999994,-22.83207189999996],[-45.78916639999994,-22.85812429999993],[-45.75491729999993,-22.792912199999932],[-45.713580899999954,-22.81478569999996],[-45.71341219999994,-22.756947199999956],[-45.72814029999995,-22.72368359999996],[-45.80145569999996,-22.738617699999963],[-45.81799149999995,-22.71136759999996],[-45.69399269999997,-22.651709899999958],[-45.73742889999994,-22.60853869999994],[-45.71845479999996,-22.577991399999974],[-45.66057369999993,-22.577840799999933],[-45.66618479999994,-22.651201199999946],[-45.57651959999998,-22.601702699999976],[-45.55535539999994,-22.626440999999943],[-45.58436949999998,-22.651688599999943],[-45.53990819999996,-22.652579799999955],[-45.473856599999976,-22.58889419999997],[-45.39787649999994,-22.653423799999928],[-45.27423999999996,-22.61623849999995],[-45.139595499999984,-22.501693099999954],[-45.028403399999945,-22.463197699999967],[-44.96585909999993,-22.475192799999945],[-44.80538699999994,-22.40384789999996],[-44.733942799999966,-22.432895799999983],[-44.716220799999974,-22.51423619999997],[-44.67100719999996,-22.53666469999996],[-44.677426099999934,-22.561500099999932],[-44.64442759999997,-22.55559859999994],[-44.64024859999995,-22.60805789999995],[-44.58365669999995,-22.62621319999994],[-44.55027899999993,-22.60376119999995],[-44.50858839999995,-22.640946999999983],[-44.484903799999984,-22.60390179999996],[-44.406619699999965,-22.608848399999943],[-44.38239779999998,-22.57349419999997],[-44.35602369999998,-22.614899299999934],[-44.34499029999995,-22.587848699999938],[-44.207425899999976,-22.612021699999957],[-44.16136519999998,-22.678258399999947],[-44.25710539999994,-22.76628299999993],[-44.240140699999984,-22.79265799999996],[-44.272252599999945,-22.83210749999995],[-44.41819529999998,-22.84811229999997],[-44.466191599999945,-22.885371299999974],[-44.49541259999995,-22.84695629999993],[-44.791898199999935,-22.981875899999977],[-44.822727199999974,-23.16007689999998],[-44.88932059999996,-23.226594899999952],[-44.723987199999954,-23.368606899999975],[-44.84201059999998,-23.388144799999964],[-44.908010599999955,-23.33407159999996],[-44.977652999999975,-23.400621899999976],[-45.06139639999998,-23.420221599999934],[-45.06004389999998,-23.45631119999996],[-45.01794499999994,-23.46085549999998],[-45.062681199999986,-23.46794639999996],[-45.08175429999994,-23.521542099999976],[-45.08764329999997,-23.493529999999964],[-45.12406679999998,-23.50287949999995],[-45.10753219999998,-23.507906399999968],[-45.11266309999996,-23.526443299999983],[-45.169081699999936,-23.492789199999947],[-45.16201319999993,-23.541894499999955],[-45.19487469999996,-23.52031119999998],[-45.22749349999998,-23.537126299999954],[-45.21096279999995,-23.582734999999957],[-45.26326379999995,-23.596640099999945],[-45.29761399999995,-23.57224139999994],[-45.32807139999994,-23.58481809999995],[-45.36903259999997,-23.630358599999965],[-45.40747289999996,-23.624340399999937],[-45.43051749999995,-23.682659199999932],[-45.39713439999997,-23.723662599999955],[-45.39613449999996,-23.809113799999977],[-45.406529699999965,-23.809592099999975],[-45.42329659999996,-23.82967009999993],[-45.46697689999996,-23.819068199999947],[-45.51432909999994,-23.842159399999957],[-45.56019549999996,-23.79253159999996],[-45.62310679999996,-23.805081299999983],[-45.64311849999996,-23.777726299999983],[-45.76592519999997,-23.76249389999998],[-45.92694979999993,-23.771908699999983],[-46.126602299999945,-23.842700299999933],[-46.17887129999997,-23.92418379999998],[-46.160411099999976,-23.94552429999993],[-46.184704299999964,-23.965379299999938],[-46.18724739999993,-23.977430599999934],[-46.18224289999995,-23.99108629999995],[-46.24739759999994,-23.993858099999954],[-46.26519799999994,-24.00405189999998],[-46.262981199999956,-24.01407699999993],[-46.27921329999998,-24.021309299999928],[-46.28306119999996,-24.04326939999993],[-46.29496549999993,-24.01598679999995],[-46.32436269999994,-24.022252599999945],[-46.31745909999995,-23.979053199999953],[-46.35774379999998,-23.970954399999982],[-46.36888659999994,-23.98188229999994],[-46.37788699999993,-23.969518199999982],[-46.39890539999993,-24.033519099999978],[-46.48425599999996,-24.03487569999993],[-46.82029259999996,-24.20424339999994],[-46.93156309999995,-24.27471349999996],[-46.99573859999998,-24.327413299999932],[-47.01823939999997,-24.378836099999944],[-47.00837319999994,-24.414519299999938],[-47.14084339999994,-24.489543199999957],[-47.22702609999993,-24.57125199999996],[-47.59191499999997,-24.77786199999997],[-47.80026699999996,-24.936752199999944],[-47.90952159999995,-25.05294609999993],[-47.91387249999997,-25.159154099999967],[-48.099474499999985,-25.31232129999995],[-48.02755019999995,-25.220508799999948],[-48.114883599999985,-25.250701999999933],[-48.19136129999998,-25.19624129999994],[-48.15688579999994,-25.14465249999995],[-48.25028109999994,-24.977417799999955],[-48.33367089999996,-25.070573599999932],[-48.32414099999994,-25.036748299999942],[-48.411152699999946,-24.980231699999933],[-48.47404929999993,-25.012552399999947],[-48.52858379999998,-25.100789299999974],[-48.58266169999996,-25.05164609999997],[-48.60002769999994,-25.006110499999977],[-48.544785599999955,-24.87896379999995],[-48.56447209999993,-24.834280699999965],[-48.499306299999944,-24.738967599999967],[-48.58203489999994,-24.670701599999973],[-48.66048729999994,-24.70675689999996],[-48.678724099999954,-24.670887999999934],[-48.77865159999993,-24.69673219999993],[-48.82731439999998,-24.654453299999943],[-48.95845289999994,-24.685283199999958],[-49.00942699999996,-24.660369299999957],[-49.004677699999945,-24.63323889999998],[-49.04003359999996,-24.636846499999933],[-49.064404699999955,-24.68602539999995],[-49.18054449999994,-24.671652999999935],[-49.214830699999936,-24.702227999999934],[-49.305397599999935,-24.673649799999964],[-49.31598939999998,-24.55550889999995],[-49.28027199999997,-24.53726489999997],[-49.29646199999996,-24.501895499999932],[-49.24692269999997,-24.469097999999974],[-49.253500299999985,-24.405038499999932],[-49.20067849999998,-24.34441369999996],[-49.28380889999994,-24.30806289999998],[-49.35595779999994,-24.214512299999967],[-49.33656629999996,-24.13758189999993],[-49.43001069999997,-24.088535999999976],[-49.51675679999994,-23.970122499999945],[-49.511604699999964,-23.925899899999933],[-49.556989699999974,-23.92273069999993],[-49.61012519999997,-23.853191399999957],[-49.56089149999997,-23.815914499999963],[-49.549199199999975,-23.704016399999944],[-49.61714519999998,-23.63958589999993],[-49.600206199999946,-23.53562439999996],[-49.62937029999995,-23.51182749999998],[-49.566624099999956,-23.426420099999973],[-49.62101169999994,-23.397419299999967],[-49.59040249999998,-23.382792499999937],[-49.63817809999995,-23.348776199999975],[-49.62646199999995,-23.282916599999965],[-49.72832699999998,-23.106893299999967],[-49.91160219999995,-23.05111859999994],[-49.90035779999994,-23.000435799999934],[-49.96933259999997,-22.96447839999996],[-49.98948299999995,-22.896739199999956],[-49.99487369999997,-22.929719099999943],[-50.047852699999964,-22.90196409999993],[-50.23753759999994,-22.95414619999997],[-50.27338789999993,-22.931001299999934],[-50.336158799999964,-22.950396499999954],[-50.37907459999997,-22.905405599999938],[-50.43030249999998,-22.94640739999994],[-50.50607899999994,-22.945377099999973],[-50.54049349999997,-22.91212889999997],[-50.608524099999954,-22.92415399999993],[-50.66158539999998,-22.89547749999997],[-50.736369999999965,-22.963350999999932],[-50.80399199999994,-22.945736599999975],[-50.792951699999946,-22.894353499999966]]],[[[-48.037497299999984,-25.35799979999996],[-48.03608619999994,-25.356053199999963],[-48.035499699999946,-25.35703079999996],[-48.037497299999984,-25.35799979999996]]],[[[-47.95283359999996,-25.272735799999964],[-47.955913599999974,-25.27442689999998],[-47.95761219999997,-25.27283719999997],[-47.95283359999996,-25.272735799999964]]],[[[-47.90899449999995,-25.165718599999934],[-47.91477009999994,-25.16631449999994],[-47.911421099999984,-25.162852099999952],[-47.90899449999995,-25.165718599999934]]],[[[-47.862175899999954,-25.132267299999967],[-47.85956079999994,-25.131762099999946],[-47.86067129999998,-25.133557699999983],[-47.862175899999954,-25.132267299999967]]],[[[-47.86529389999998,-25.12194779999993],[-47.84947589999996,-25.120890499999973],[-47.86482719999998,-25.128419599999972],[-47.86529389999998,-25.12194779999993]]],[[[-46.675947399999984,-24.475882499999955],[-46.67138479999994,-24.488663199999962],[-46.67624719999998,-24.49199679999998],[-46.67793659999995,-24.48470549999996],[-46.67743359999997,-24.477973299999974],[-46.675947399999984,-24.475882499999955]]],[[[-47.03119409999994,-24.42841029999994],[-47.03123139999997,-24.42879759999994],[-47.03136239999998,-24.428563199999928],[-47.03119409999994,-24.42841029999994]]],[[[-46.99360779999995,-24.410980199999983],[-46.99438589999994,-24.411410799999942],[-46.99443279999997,-24.41112899999996],[-46.99360779999995,-24.410980199999983]]],[[[-47.00057839999994,-24.40846419999997],[-47.00247919999998,-24.410601199999974],[-47.00340419999998,-24.409643999999957],[-47.00057839999994,-24.40846419999997]]],[[[-46.99964419999998,-24.408134299999972],[-46.999162299999966,-24.408177099999932],[-46.999616499999945,-24.40853859999993],[-46.99964419999998,-24.408134299999972]]],[[[-47.00738699999994,-24.396412599999962],[-47.00767419999994,-24.396171599999946],[-47.007249799999954,-24.396290799999974],[-47.00738699999994,-24.396412599999962]]],[[[-46.98828099999997,-24.38402679999996],[-46.98640569999998,-24.384506399999964],[-46.988525899999956,-24.38531039999998],[-46.98828099999997,-24.38402679999996]]],[[[-46.987162299999966,-24.379613499999948],[-46.98459809999997,-24.382420599999932],[-46.98759359999997,-24.381541999999968],[-46.987162299999966,-24.379613499999948]]],[[[-46.805999199999974,-24.374119699999937],[-46.80781159999998,-24.37611359999994],[-46.80795349999994,-24.374409199999945],[-46.805999199999974,-24.374119699999937]]],[[[-46.80510379999998,-24.37474459999993],[-46.80396069999995,-24.37529859999995],[-46.80489209999996,-24.37536209999996],[-46.80510379999998,-24.37474459999993]]],[[[-47.00479329999996,-24.367866299999946],[-47.00500539999996,-24.367285799999934],[-47.00455139999997,-24.367532599999947],[-47.00479329999996,-24.367866299999946]]],[[[-46.97978139999998,-24.36052849999993],[-46.98068399999994,-24.36280919999996],[-46.98103969999994,-24.36269589999995],[-46.97978139999998,-24.36052849999993]]],[[[-46.99958189999995,-24.34959759999998],[-46.99956559999998,-24.349383699999976],[-46.99946849999998,-24.349436699999956],[-46.99958189999995,-24.34959759999998]]],[[[-46.89087539999997,-24.254388199999937],[-46.89013659999995,-24.25382449999995],[-46.889516699999945,-24.25445519999994],[-46.89087539999997,-24.254388199999937]]],[[[-46.69092619999998,-24.237433899999928],[-46.69040669999998,-24.236644299999966],[-46.69042749999994,-24.237670299999934],[-46.69092619999998,-24.237433899999928]]],[[[-46.79205899999994,-24.194083199999966],[-46.79244679999994,-24.195226699999978],[-46.793302799999935,-24.193725599999937],[-46.79205899999994,-24.194083199999966]]],[[[-46.162653699999964,-24.32921799999997],[-46.16059109999998,-24.32840699999997],[-46.16342179999998,-24.331097599999964],[-46.162653699999964,-24.32921799999997]]],[[[-46.18285649999996,-24.320104699999945],[-46.180349099999944,-24.319773099999964],[-46.18338229999995,-24.321320899999932],[-46.18285649999996,-24.320104699999945]]],[[[-45.69146129999996,-24.09107359999996],[-45.679929699999946,-24.097798099999977],[-45.70627699999994,-24.11317209999993],[-45.69146129999996,-24.09107359999996]]],[[[-45.70228649999996,-24.095587999999964],[-45.70160999999996,-24.095859599999983],[-45.702498799999944,-24.096585499999946],[-45.70228649999996,-24.095587999999964]]],[[[-45.70513689999996,-24.093538799999976],[-45.70437739999994,-24.09395459999996],[-45.705377099999964,-24.093776399999967],[-45.70513689999996,-24.093538799999976]]],[[[-45.65896559999993,-24.088822999999934],[-45.65841109999997,-24.08896459999994],[-45.659118699999965,-24.08922289999998],[-45.65896559999993,-24.088822999999934]]],[[[-45.663589799999954,-24.08307709999997],[-45.66293239999993,-24.08346709999995],[-45.663179799999966,-24.08379789999998],[-45.663589799999954,-24.08307709999997]]],[[[-45.716747399999974,-24.07945559999996],[-45.71614489999996,-24.07995429999994],[-45.71718189999996,-24.080196299999955],[-45.716747399999974,-24.07945559999996]]],[[[-45.71810039999997,-24.076606399999946],[-45.71670289999997,-24.076670599999943],[-45.71814969999997,-24.077524899999958],[-45.71810039999997,-24.076606399999946]]],[[[-45.65605179999994,-24.07692039999995],[-45.65475079999993,-24.07474009999993],[-45.65412729999997,-24.075107199999934],[-45.65605179999994,-24.07692039999995]]],[[[-46.270709299999965,-24.04989749999993],[-46.270597599999974,-24.049513399999967],[-46.270442199999934,-24.049545399999943],[-46.270709299999965,-24.04989749999993]]],[[[-46.26280909999997,-24.045290799999975],[-46.26075179999998,-24.052441199999976],[-46.26736529999994,-24.05015819999994],[-46.26280909999997,-24.045290799999975]]],[[[-46.294721299999935,-24.028422499999976],[-46.29459339999994,-24.02757459999998],[-46.293986899999936,-24.027756499999953],[-46.294721299999935,-24.028422499999976]]],[[[-46.29219559999996,-24.02455679999997],[-46.293109699999945,-24.02610379999993],[-46.29373179999993,-24.025482299999965],[-46.29219559999996,-24.02455679999997]]],[[[-46.21653059999994,-24.00758689999998],[-46.217740499999934,-24.010271399999965],[-46.219515299999955,-24.01054399999998],[-46.21653059999994,-24.00758689999998]]],[[[-46.32492509999997,-24.00803049999996],[-46.324157699999944,-24.009388899999976],[-46.32541149999997,-24.00938919999993],[-46.32492509999997,-24.00803049999996]]],[[[-46.25505439999995,-24.000901899999974],[-46.25372699999997,-24.002680699999928],[-46.25594019999994,-24.001220599999954],[-46.25505439999995,-24.000901899999974]]],[[[-46.36781759999997,-23.98253829999993],[-46.367984699999965,-23.982023699999957],[-46.36763259999998,-23.982195899999965],[-46.36781759999997,-23.98253829999993]]],[[[-46.352752599999974,-23.975097799999958],[-46.352607699999965,-23.97320689999998],[-46.351362999999935,-23.97319269999997],[-46.352752599999974,-23.975097799999958]]],[[[-46.18293619999997,-23.971471699999938],[-46.181356799999946,-23.975337499999966],[-46.18422849999996,-23.975037999999927],[-46.18293619999997,-23.971471699999938]]],[[[-46.17605489999994,-23.970215699999983],[-46.17653619999993,-23.96984079999993],[-46.175931899999966,-23.96968019999997],[-46.17605489999994,-23.970215699999983]]],[[[-46.16782919999997,-23.96635749999996],[-46.16583419999995,-23.96740939999995],[-46.16807719999997,-23.96777359999993],[-46.16782919999997,-23.96635749999996]]],[[[-46.169584199999974,-23.92743349999995],[-46.17053169999997,-23.927754299999947],[-46.16995209999993,-23.927057299999944],[-46.169584199999974,-23.92743349999995]]],[[[-46.16717659999995,-23.914888599999983],[-46.16811069999994,-23.91589799999997],[-46.168292099999974,-23.91472179999994],[-46.16717659999995,-23.914888599999983]]],[[[-46.13591789999998,-23.891852899999947],[-46.136928599999976,-23.89331219999997],[-46.137597599999935,-23.892379499999947],[-46.13591789999998,-23.891852899999947]]],[[[-46.12920239999994,-23.88383669999996],[-46.13015319999994,-23.884830499999964],[-46.13039119999996,-23.884866299999942],[-46.12920239999994,-23.88383669999996]]],[[[-46.133789999999976,-23.87165209999995],[-46.13593609999998,-23.87195029999998],[-46.13389999999998,-23.871262799999954],[-46.133789999999976,-23.87165209999995]]],[[[-45.78465449999993,-23.859699699999965],[-45.77708239999998,-23.86864909999997],[-45.78697619999997,-23.86846719999994],[-45.78465449999993,-23.859699699999965]]],[[[-45.526521799999955,-23.850059599999952],[-45.520529899999985,-23.848666799999933],[-45.52520619999996,-23.85634689999995],[-45.526521799999955,-23.850059599999952]]],[[[-45.54254069999996,-23.82774139999998],[-45.541179899999975,-23.828374999999937],[-45.54268349999995,-23.82886579999996],[-45.54254069999996,-23.82774139999998]]],[[[-46.02509399999997,-23.825594399999943],[-46.02618049999995,-23.826944499999968],[-46.026788099999976,-23.82649589999994],[-46.02509399999997,-23.825594399999943]]],[[[-45.67073499999998,-23.804987799999935],[-45.67014339999997,-23.807017499999972],[-45.67148009999994,-23.807278699999983],[-45.67073499999998,-23.804987799999935]]],[[[-45.72618529999994,-23.802295699999945],[-45.71480719999994,-23.80336509999995],[-45.716305199999965,-23.80627019999997],[-45.72618529999994,-23.802295699999945]]],[[[-45.710937599999966,-23.787104099999965],[-45.71091969999998,-23.78990289999996],[-45.71766259999998,-23.793544899999972],[-45.710937599999966,-23.787104099999965]]],[[[-45.798933799999986,-23.772804599999972],[-45.80040279999997,-23.77375909999995],[-45.800732299999936,-23.773071499999958],[-45.798933799999986,-23.772804599999972]]],[[[-45.74672659999993,-23.771334099999933],[-45.74682339999998,-23.771951499999943],[-45.74725339999998,-23.771880099999976],[-45.74672659999993,-23.771334099999933]]],[[[-45.753763799999945,-23.769448099999977],[-45.75343529999998,-23.76969399999996],[-45.75376139999997,-23.76975529999993],[-45.753763799999945,-23.769448099999977]]],[[[-45.300233799999944,-23.92250189999993],[-45.300920099999985,-23.922645199999977],[-45.30034239999998,-23.922279699999933],[-45.300233799999944,-23.92250189999993]]],[[[-45.29693489999994,-23.919506499999954],[-45.29754219999995,-23.920661999999936],[-45.29824979999995,-23.920633799999962],[-45.29693489999994,-23.919506499999954]]],[[[-45.29649569999998,-23.919351499999948],[-45.29640679999994,-23.918136799999957],[-45.29603649999996,-23.918240499999968],[-45.29649569999998,-23.919351499999948]]],[[[-45.32545699999997,-23.91948979999995],[-45.32315589999996,-23.91463079999994],[-45.32239539999995,-23.91463079999994],[-45.32545699999997,-23.91948979999995]]],[[[-45.26292579999995,-23.887810299999956],[-45.264295999999945,-23.889953899999966],[-45.265087999999935,-23.888765199999966],[-45.26292579999995,-23.887810299999956]]],[[[-45.25894589999996,-23.88914829999993],[-45.25992809999997,-23.88868219999995],[-45.25854569999996,-23.88826599999993],[-45.25894589999996,-23.88914829999993]]],[[[-45.28694569999993,-23.860540199999946],[-45.285538299999985,-23.859740199999976],[-45.28691109999994,-23.86093519999997],[-45.28694569999993,-23.860540199999946]]],[[[-45.41698979999995,-23.853077799999937],[-45.41772559999998,-23.853342599999962],[-45.41791589999997,-23.853106699999955],[-45.41698979999995,-23.853077799999937]]],[[[-45.278984899999955,-23.85095569999993],[-45.277031499999964,-23.850707599999964],[-45.27698639999994,-23.85124869999993],[-45.278984899999955,-23.85095569999993]]],[[[-45.304374999999936,-23.907974999999965],[-45.42806129999997,-23.941180799999927],[-45.46213389999997,-23.888529999999946],[-45.372681599999964,-23.819433299999957],[-45.32924819999994,-23.722319699999957],[-45.22983319999997,-23.776332699999955],[-45.24838609999995,-23.82483019999995],[-45.22680789999998,-23.837110999999936],[-45.27388159999998,-23.838698999999963],[-45.290931099999966,-23.866135699999973],[-45.27286379999998,-23.89232489999995],[-45.22317949999996,-23.90347289999994],[-45.25183979999997,-23.96808219999997],[-45.29110719999994,-23.910588599999983],[-45.304374999999936,-23.907974999999965]]],[[[-45.443228199999965,-23.831222999999966],[-45.44371449999994,-23.832222399999978],[-45.44399119999997,-23.83134789999997],[-45.443228199999965,-23.831222999999966]]],[[[-45.39346479999995,-23.82978739999993],[-45.39241509999994,-23.83008769999998],[-45.393510799999945,-23.83012549999995],[-45.39346479999995,-23.82978739999993]]],[[[-45.41290829999997,-23.827915399999938],[-45.41277069999995,-23.82828489999997],[-45.413382199999944,-23.82833329999994],[-45.41290829999997,-23.827915399999938]]],[[[-45.15447289999997,-23.826288099999942],[-45.153316899999936,-23.828509999999937],[-45.15589199999994,-23.828604999999982],[-45.15447289999997,-23.826288099999942]]],[[[-45.47008099999994,-23.82356139999996],[-45.47002749999996,-23.823920699999974],[-45.470165099999974,-23.823928299999977],[-45.47008099999994,-23.82356139999996]]],[[[-45.40636329999995,-23.816399899999965],[-45.40626899999995,-23.816180799999927],[-45.40614929999998,-23.816310699999974],[-45.40636329999995,-23.816399899999965]]],[[[-45.40714289999994,-23.814687799999945],[-45.40661039999998,-23.81550059999995],[-45.40752759999998,-23.81487379999993],[-45.40714289999994,-23.814687799999945]]],[[[-45.40614419999997,-23.81364579999996],[-45.40580029999995,-23.814247099999932],[-45.406304699999964,-23.813696799999946],[-45.40614419999997,-23.81364579999996]]],[[[-45.22943779999997,-23.812211599999955],[-45.22611529999995,-23.81329039999997],[-45.22832609999995,-23.814444699999967],[-45.22943779999997,-23.812211599999955]]],[[[-45.15644969999994,-23.810453699999982],[-45.11493249999995,-23.80380589999993],[-45.11718799999994,-23.812272899999982],[-45.15644969999994,-23.810453699999982]]],[[[-45.023847899999964,-23.746275799999978],[-45.00702709999996,-23.751696399999958],[-45.01475119999998,-23.76125769999993],[-45.023847899999964,-23.746275799999978]]],[[[-45.02964099999997,-23.737589699999944],[-45.03391119999998,-23.738673699999936],[-45.02972049999994,-23.736495299999945],[-45.02964099999997,-23.737589699999944]]],[[[-45.02013909999994,-23.736608399999966],[-45.025379699999974,-23.73716749999994],[-45.020925199999965,-23.73438239999996],[-45.02013909999994,-23.736608399999966]]],[[[-45.29339089999996,-23.595166999999947],[-45.28272539999995,-23.601107299999967],[-45.295574699999975,-23.601616699999965],[-45.29339089999996,-23.595166999999947]]],[[[-45.30927479999997,-23.58605019999993],[-45.31024469999994,-23.587048099999947],[-45.31040239999993,-23.58598269999993],[-45.30927479999997,-23.58605019999993]]],[[[-45.312366199999985,-23.584118099999955],[-45.31094849999994,-23.581283999999982],[-45.31045059999997,-23.58374569999995],[-45.312366199999985,-23.584118099999955]]],[[[-45.16268029999998,-23.56996289999995],[-45.146385899999984,-23.56726509999993],[-45.144926099999964,-23.571089899999947],[-45.16268029999998,-23.56996289999995]]],[[[-45.07915189999994,-23.56297879999994],[-45.07697849999994,-23.56437459999995],[-45.078771899999936,-23.56470509999997],[-45.07915189999994,-23.56297879999994]]],[[[-45.150772899999936,-23.55822779999994],[-45.151949499999944,-23.559169899999972],[-45.15155329999993,-23.558029399999953],[-45.150772899999936,-23.55822779999994]]],[[[-45.155575699999986,-23.550301799999943],[-45.15523499999995,-23.550760999999966],[-45.15535349999993,-23.550765999999953],[-45.155575699999986,-23.550301799999943]]],[[[-45.02446719999995,-23.550054699999976],[-45.024429199999986,-23.54964979999994],[-45.024293099999966,-23.54992299999998],[-45.02446719999995,-23.550054699999976]]],[[[-45.215979699999934,-23.548563799999954],[-45.21640299999996,-23.55087649999996],[-45.21899819999993,-23.55053849999996],[-45.215979699999934,-23.548563799999954]]],[[[-45.15440449999994,-23.548333999999954],[-45.15585209999995,-23.547230699999943],[-45.154860499999984,-23.546897599999966],[-45.15440449999994,-23.548333999999954]]],[[[-45.02633649999996,-23.54411529999993],[-45.02629079999997,-23.547676799999977],[-45.03298539999997,-23.548219399999937],[-45.02633649999996,-23.54411529999993]]],[[[-45.07833449999998,-23.528261699999973],[-45.05084819999996,-23.527663299999972],[-45.04081069999995,-23.541187099999945],[-45.07770059999996,-23.561239399999977],[-45.07833449999998,-23.528261699999973]]],[[[-45.023005799999964,-23.543294799999956],[-45.02303539999997,-23.54368489999996],[-45.02321809999995,-23.543650299999968],[-45.023005799999964,-23.543294799999956]]],[[[-45.15436589999996,-23.533868199999972],[-45.15408439999993,-23.534045999999933],[-45.154296699999975,-23.534129899999982],[-45.15436589999996,-23.533868199999972]]],[[[-45.21219499999995,-23.531676499999946],[-45.21319799999998,-23.533239899999955],[-45.21429429999995,-23.53188609999995],[-45.21219499999995,-23.531676499999946]]],[[[-45.04187769999993,-23.518722699999955],[-45.041219199999944,-23.516377999999975],[-45.03989749999994,-23.516971199999944],[-45.04187769999993,-23.518722699999955]]],[[[-45.10261899999995,-23.499286199999972],[-45.10195029999994,-23.49902099999997],[-45.10223439999993,-23.49963759999997],[-45.10261899999995,-23.499286199999972]]],[[[-45.052473299999974,-23.46863929999995],[-45.05262689999995,-23.468218399999955],[-45.05217719999996,-23.468082299999935],[-45.052473299999974,-23.46863929999995]]],[[[-45.05813789999996,-23.467866199999946],[-45.05877009999995,-23.46819279999994],[-45.05870129999994,-23.46788859999998],[-45.05813789999996,-23.467866199999946]]],[[[-44.90181329999996,-23.42666429999997],[-44.90582919999997,-23.426571899999942],[-44.90115309999993,-23.42426379999995],[-44.90181329999996,-23.42666429999997]]],[[[-44.85997969999994,-23.421658799999932],[-44.861173099999974,-23.42370159999996],[-44.86186779999997,-23.422882699999946],[-44.85997969999994,-23.421658799999932]]],[[[-44.85246879999994,-23.408688499999982],[-44.84954129999994,-23.42097719999998],[-44.859642099999974,-23.425129899999945],[-44.85246879999994,-23.408688499999982]]],[[[-45.00863529999998,-23.413188099999957],[-45.00805559999998,-23.413416299999938],[-45.00851669999997,-23.413752399999964],[-45.00863529999998,-23.413188099999957]]],[[[-44.93569699999995,-23.412527599999976],[-44.93593099999998,-23.412324799999965],[-44.935540999999944,-23.41228579999995],[-44.93569699999995,-23.412527599999976]]],[[[-44.84985539999997,-23.40514349999995],[-44.85019369999998,-23.403743499999962],[-44.84939159999993,-23.40400169999998],[-44.84985539999997,-23.40514349999995]]],[[[-44.89694819999994,-23.40315529999998],[-44.897834699999976,-23.402726299999983],[-44.897468199999935,-23.402279199999953],[-44.89694819999994,-23.40315529999998]]],[[[-44.856591899999955,-23.39993579999998],[-44.85558889999993,-23.398710499999936],[-44.85473429999996,-23.399118399999963],[-44.856591899999955,-23.39993579999998]]],[[[-44.847188399999936,-23.394527899999957],[-44.85208039999998,-23.403197699999964],[-44.85419639999998,-23.398100299999953],[-44.847188399999936,-23.394527899999957]]],[[[-44.93835789999997,-23.390912799999967],[-44.93871539999998,-23.390790599999946],[-44.93836829999998,-23.390850399999977],[-44.93835789999997,-23.390912799999967]]],[[[-44.88796519999994,-23.389479799999947],[-44.888025899999946,-23.388186299999973],[-44.887024699999984,-23.38885289999996],[-44.88796519999994,-23.389479799999947]]],[[[-44.936202899999955,-23.388209699999948],[-44.938930099999936,-23.38777659999994],[-44.93590469999998,-23.387000799999953],[-44.936202899999955,-23.388209699999948]]],[[[-44.94658149999998,-23.382779899999946],[-44.94207019999993,-23.386464399999966],[-44.950744199999974,-23.38856759999993],[-44.94658149999998,-23.382779899999946]]],[[[-44.93489239999997,-23.384618699999976],[-44.93528489999994,-23.384912499999928],[-44.93522249999995,-23.384639499999935],[-44.93489239999997,-23.384618699999976]]],[[[-44.88882579999995,-23.38371829999994],[-44.88850979999995,-23.38558439999997],[-44.88930559999994,-23.385564299999942],[-44.88882579999995,-23.38371829999994]]],[[[-44.90278909999995,-23.375244099999975],[-44.897657799999934,-23.376200899999958],[-44.90712139999994,-23.380236999999966],[-44.90278909999995,-23.375244099999975]]],[[[-44.89288709999994,-23.353366199999982],[-44.89267619999998,-23.352625699999976],[-44.89241839999994,-23.352937999999938],[-44.89288709999994,-23.353366199999982]]],[[[-44.90361309999997,-23.351078599999937],[-44.903788099999986,-23.353215899999952],[-44.90486489999995,-23.352684299999964],[-44.90361309999997,-23.351078599999937]]],[[[-44.90810389999996,-23.337231299999928],[-44.908938199999966,-23.33640749999995],[-44.90856699999995,-23.336237599999947],[-44.90810389999996,-23.337231299999928]]]]}},{"id":"26","type":"Feature","properties":{"UF":"TO"},"geometry":{"type":"Polygon","coordinates":[[[-49.36831589999997,-13.272301399999947],[-50.07806119999998,-12.905650599999944],[-50.183800599999984,-12.897356699999932],[-50.30768519999998,-12.817417199999966],[-50.299072799999976,-12.68017709999998],[-50.26532469999995,-12.682172199999968],[-50.23752769999993,-12.578735299999948],[-50.19198449999993,-12.562161099999969],[-50.229524399999946,-12.531188999999927],[-50.21760949999998,-12.48735709999994],[-50.141801999999984,-12.395395599999972],[-50.36598429999998,-12.545501099999967],[-50.41236739999994,-12.648293499999966],[-50.42605059999994,-12.641552499999932],[-50.44045029999995,-12.65225369999996],[-50.432713099999944,-12.69152239999994],[-50.47865529999996,-12.711283099999946],[-50.51098109999998,-12.860898299999974],[-50.597846699999934,-12.826774999999941],[-50.58191619999997,-12.799379299999941],[-50.622731999999985,-12.819736199999966],[-50.646929399999976,-12.651121399999965],[-50.701345799999956,-12.643459899999982],[-50.70191479999994,-12.59663489999997],[-50.66798229999995,-12.596009299999935],[-50.686478499999964,-12.569204199999945],[-50.653039099999944,-12.46007389999994],[-50.61825499999998,-12.428992199999982],[-50.643709799999954,-12.222964999999931],[-50.68687179999995,-12.202153899999928],[-50.68365259999996,-11.995585999999946],[-50.63928819999995,-11.884566499999949],[-50.68630449999995,-11.85899539999997],[-50.72204199999993,-11.73969889999995],[-50.663702099999966,-11.677527299999952],[-50.65747389999996,-11.592806399999972],[-50.734677799999986,-11.551458499999967],[-50.74206309999994,-11.45490639999997],[-50.65940539999997,-11.254862299999957],[-50.66103949999996,-11.134717199999955],[-50.60945739999994,-11.06744569999995],[-50.63294559999997,-10.935942999999952],[-50.59940459999996,-10.884463899999957],[-50.62200659999996,-10.839417799999978],[-50.570587699999976,-10.752504099999953],[-50.60339179999994,-10.660006599999974],[-50.53495979999997,-10.601750899999956],[-50.47372539999998,-10.404905499999927],[-50.41828529999998,-10.356281399999943],[-50.38156449999997,-10.218912899999964],[-50.392147799999975,-10.134031199999981],[-50.30264549999998,-10.035411299999964],[-50.107369699999936,-9.594280199999957],[-50.105337599999984,-9.475410499999953],[-50.040979799999945,-9.294419199999936],[-49.90769609999995,-9.173822899999948],[-49.84258969999996,-9.027325899999937],[-49.745088099999975,-8.906163599999957],[-49.684358299999985,-8.856474899999967],[-49.59241129999998,-8.83949119999994],[-49.40632949999997,-8.573748299999977],[-49.377013699999964,-8.45528509999997],[-49.27624389999994,-8.363683799999933],[-49.17671859999996,-8.061511199999927],[-49.14844339999996,-7.807314799999972],[-49.328078999999946,-7.677794999999946],[-49.38405199999994,-7.543492199999946],[-49.37799739999997,-7.496445799999947],[-49.185284199999955,-7.235171799999932],[-49.20952809999994,-6.9254205999999385],[-49.01888349999996,-6.784210499999972],[-48.81418949999994,-6.751764799999933],[-48.670912699999974,-6.669004399999949],[-48.66066489999997,-6.546868399999937],[-48.61315449999995,-6.453728999999953],[-48.50021519999996,-6.350927599999977],[-48.38267929999995,-6.3796078999999395],[-48.43493879999994,-6.183168299999977],[-48.297240199999976,-6.110477599999967],[-48.28687699999995,-6.065768899999966],[-48.33471629999997,-6.004274799999962],[-48.23162929999995,-5.946138899999937],[-48.29763649999995,-5.765123499999959],[-48.27570999999995,-5.726513399999931],[-48.17095939999996,-5.707350799999972],[-48.138151999999934,-5.602690099999961],[-48.30070699999993,-5.523006599999974],[-48.38474249999996,-5.3942067999999495],[-48.59673339999995,-5.422544399999936],[-48.755150699999945,-5.349165399999947],[-48.71212699999995,-5.35301359999994],[-48.67943839999998,-5.3058200999999485],[-48.606131699999935,-5.336500799999953],[-48.53301309999995,-5.198717899999963],[-48.36815649999994,-5.168571899999961],[-48.178544199999976,-5.26077609999993],[-48.079264999999964,-5.275064499999928],[-48.00405889999996,-5.234620199999938],[-47.928104099999985,-5.241235499999959],[-47.87292359999998,-5.272358099999963],[-47.84375939999995,-5.37620869999995],[-47.740926499999944,-5.381448199999966],[-47.618619699999954,-5.459726199999977],[-47.55536939999996,-5.465735299999949],[-47.50012049999998,-5.52560479999994],[-47.47370449999994,-5.661979699999961],[-47.49337449999996,-5.730530699999974],[-47.43106339999997,-5.869210599999974],[-47.430233999999984,-6.130968999999936],[-47.37723579999994,-6.266768299999967],[-47.43420569999995,-6.431188599999928],[-47.41665259999996,-6.485678399999927],[-47.49864409999998,-6.671231599999942],[-47.52995149999998,-6.980105399999957],[-47.644455999999934,-7.143611599999929],[-47.745129099999986,-7.162504799999965],[-47.74365249999994,-7.208329499999934],[-47.644987399999934,-7.305169699999965],[-47.59190309999997,-7.263995299999976],[-47.49978639999995,-7.293858299999954],[-47.48349579999996,-7.365120599999955],[-47.59156969999998,-7.44006829999995],[-47.50152499999996,-7.439794899999981],[-47.475122699999986,-7.5338985999999295],[-47.42510859999993,-7.5285590999999386],[-47.43997499999995,-7.555999799999938],[-47.39908929999996,-7.569127699999967],[-47.38227879999994,-7.65459809999993],[-47.35378499999996,-7.648131199999966],[-47.35812519999996,-7.61602419999997],[-47.31493279999995,-7.660037899999963],[-47.33874939999998,-7.666904099999954],[-47.30298989999994,-7.690246399999978],[-47.31395029999993,-7.730818099999965],[-47.24659289999994,-7.758174399999973],[-47.245505899999955,-7.815957099999935],[-47.17572579999995,-7.855997499999944],[-47.04558559999998,-8.053090699999927],[-46.997433599999965,-8.066583199999968],[-46.87283269999995,-7.95526899999993],[-46.60916609999998,-7.89295919999995],[-46.47638919999997,-8.014616499999931],[-46.51816659999997,-8.290601699999968],[-46.68042729999996,-8.33676289999994],[-46.728098899999964,-8.386384899999939],[-46.782433699999956,-8.368083699999943],[-46.80683499999998,-8.39897069999995],[-46.800509499999976,-8.454093399999977],[-46.85108729999996,-8.476157299999954],[-46.84634079999995,-8.534937599999978],[-46.91628019999996,-8.59478379999996],[-46.88694929999997,-8.686489799999947],[-46.93128139999993,-8.726752399999953],[-46.90423069999997,-8.778559899999948],[-46.914895599999966,-8.853058199999964],[-46.99292189999994,-8.878889399999935],[-46.97028869999997,-8.914491699999928],[-47.06747749999994,-9.010386299999936],[-47.04348339999996,-9.026548999999932],[-47.07055159999993,-9.061954199999946],[-46.92162479999996,-9.066812899999945],[-46.931802699999935,-9.12806569999998],[-46.88992179999997,-9.124364699999944],[-46.822783699999945,-9.199044699999945],[-46.845142399999986,-9.299823999999944],[-46.81106269999998,-9.306748899999945],[-46.76567749999998,-9.406330899999944],[-46.66597569999993,-9.39191859999994],[-46.63278339999994,-9.411588299999949],[-46.64000509999994,-9.457721099999958],[-46.56097589999996,-9.484032999999954],[-46.57568949999995,-9.517548899999952],[-46.53675549999997,-9.55710929999998],[-46.59238809999994,-9.587200499999938],[-46.64741989999993,-9.730350399999963],[-46.57508649999994,-9.758575399999927],[-46.571592399999986,-9.808037199999944],[-46.50944849999996,-9.80136669999996],[-46.45652929999994,-10.049923699999965],[-46.36788949999993,-10.168814099999963],[-46.210868999999946,-10.169734999999946],[-46.16330339999996,-10.213632599999926],[-46.02827819999993,-10.176869599999975],[-46.028206799999964,-10.277103299999965],[-45.971114899999975,-10.358939299999975],[-45.922240099999954,-10.370929799999942],[-45.88717139999994,-10.34046189999998],[-45.91563179999997,-10.312664499999926],[-45.89672849999994,-10.264290199999948],[-45.79374329999996,-10.26767239999998],[-45.733851999999956,-10.228595799999937],[-45.726639199999966,-10.156854799999962],[-45.70197729999995,-10.179350399999976],[-45.699576099999945,-10.259686199999976],[-45.726889599999936,-10.312535699999955],[-45.798184599999956,-10.323247299999935],[-45.82125129999997,-10.458073999999954],[-46.14970489999996,-10.635910799999976],[-46.20619899999997,-10.800466599999936],[-46.22644509999998,-10.78293709999997],[-46.26053699999994,-10.812037399999952],[-46.26726629999996,-10.934802299999944],[-46.34155789999994,-10.939012299999945],[-46.57650959999995,-11.342277299999978],[-46.531921299999965,-11.37487729999998],[-46.524055499999974,-11.463634299999967],[-46.440434599999946,-11.52078899999998],[-46.34814129999995,-11.506600699999979],[-46.08089419999993,-11.624011199999927],[-46.144485799999984,-11.624347399999976],[-46.15721769999993,-11.65149619999994],[-46.22469529999995,-11.639688099999944],[-46.24433669999996,-11.605228199999942],[-46.384870399999954,-11.625204399999973],[-46.39569709999995,-11.642527499999971],[-46.34019449999994,-11.639584299999967],[-46.30773469999997,-11.686440699999935],[-46.33669219999996,-11.739567099999931],[-46.378545299999985,-11.74852089999996],[-46.34367729999997,-11.76008749999994],[-46.36093619999997,-11.77895129999996],[-46.32801009999997,-11.771373499999982],[-46.35056309999993,-11.83737549999995],[-46.38113449999997,-11.837692299999958],[-46.370658299999945,-11.889589899999976],[-46.282231499999966,-11.918201299999964],[-46.180039799999975,-11.907091199999968],[-46.315490299999965,-11.941992999999968],[-46.40023619999994,-12.024812999999938],[-46.479799699999944,-12.047359099999937],[-46.38442229999998,-12.051756299999965],[-46.398591299999964,-12.091443399999946],[-46.37154379999998,-12.123229099999946],[-46.40649049999996,-12.157013899999981],[-46.38109369999995,-12.181075199999952],[-46.410214199999984,-12.198634399999946],[-46.36500559999996,-12.217020299999945],[-46.38484329999994,-12.29671849999994],[-46.344533199999944,-12.302820099999963],[-46.37741579999994,-12.352774999999951],[-46.28988359999994,-12.376652999999976],[-46.34036179999998,-12.414442299999962],[-46.340543699999955,-12.452298499999927],[-46.31554889999995,-12.463430399999936],[-46.282095399999946,-12.415987799999982],[-46.27262449999995,-12.514598399999954],[-46.25086059999995,-12.502216999999973],[-46.19821299999995,-12.503958799999964],[-46.30756739999998,-12.576747799999964],[-46.27578459999995,-12.594430599999953],[-46.31040419999994,-12.642677999999933],[-46.263927199999955,-12.65829309999998],[-46.305715599999985,-12.688526199999956],[-46.30407829999996,-12.714942199999939],[-46.26808049999994,-12.716156799999965],[-46.31207839999996,-12.798209799999938],[-46.27351619999996,-12.831551499999932],[-46.33007629999997,-12.957851699999935],[-46.112964999999974,-12.918010399999957],[-46.36440389999996,-12.99074289999993],[-46.36576429999997,-12.863353999999958],[-46.41798479999994,-12.822436699999969],[-46.454649899999936,-12.971152599999982],[-46.750610999999935,-12.969154999999944],[-46.979015699999934,-13.131767199999956],[-47.13211649999994,-13.177864099999965],[-47.153966399999945,-13.210279499999956],[-47.22961379999998,-13.194738399999949],[-47.28215179999995,-13.265126799999962],[-47.37756669999993,-13.22908659999996],[-47.42612749999995,-13.289979899999935],[-47.454422199999954,-13.250527599999941],[-47.434523799999965,-13.228780099999938],[-47.48641379999998,-13.219733599999927],[-47.478380399999935,-13.184957599999962],[-47.55780119999997,-13.186850299999946],[-47.563795599999935,-13.119050999999956],[-47.633644999999945,-13.101179899999977],[-47.66759969999998,-13.210882699999956],[-47.63966099999993,-13.264292599999976],[-47.65007349999996,-13.34918259999995],[-47.622293199999945,-13.369191999999941],[-47.67974839999994,-13.468174799999929],[-47.82021439999994,-13.312523399999975],[-47.88442769999995,-13.320721399999968],[-47.93630439999998,-13.289855199999977],[-47.96670429999995,-13.315080699999953],[-48.062455899999975,-13.235721199999944],[-48.08246169999995,-13.289545999999973],[-48.16482309999998,-13.306660299999976],[-48.143659199999945,-13.15247249999993],[-48.231622399999935,-13.169156399999963],[-48.30795359999996,-13.23722209999994],[-48.34226259999997,-13.228202599999975],[-48.44190889999993,-13.29234219999995],[-48.47554569999994,-13.234960099999967],[-48.469964699999935,-13.137309799999969],[-48.518103199999985,-13.139521799999955],[-48.55375209999994,-13.203545099999928],[-48.55359249999998,-13.302633399999934],[-48.58608979999997,-13.321600499999931],[-48.57591929999995,-13.124159799999973],[-48.60053469999997,-13.058853499999941],[-48.67070929999994,-12.99499389999994],[-48.72978959999995,-12.989383399999952],[-48.73513419999995,-12.921073899999953],[-48.85687279999996,-12.80435749999998],[-48.97623349999998,-12.957893099999978],[-49.02177419999998,-12.906323699999973],[-49.07920379999996,-12.904008999999974],[-49.064247499999965,-12.846087099999977],[-49.10463069999997,-12.835420299999953],[-49.11887699999994,-12.789519199999972],[-49.23765519999995,-12.883786099999952],[-49.35096699999997,-13.088726399999928],[-49.337244699999985,-13.247281599999951],[-49.36831589999997,-13.272301399999947]]]}}]}